{
  "identifier": "9e82749a-a26a-4923-a943-411a12d03906",
  "chemical_reactions": [
    {
      "identifier": "b016de4c-18a6-4f2c-be6d-8cae46100a37",
      "reactants": [
        {
          "identifier": "7f08298e-f39a-4063-aa86-35151409a1df",
          "smiles": "CC(C)(C)NS(=O)(=O)c1cccc(N)c1",
          "state_of_matter": "SOLID",
          "molecular_weight": 228.31123999999977,
          "density": 1.4,
          "mass": 228.31123999999977,
          "is_produced_by": [],
          "is_consumed_by": [
            "b016de4c-18a6-4f2c-be6d-8cae46100a37"
          ],
          "provenance__density": "dummy estimator based on mw",
          "provenance__is_consumed_by": null,
          "provenance__is_produced_by": null,
          "provenance__mass": null,
          "provenance__molecular_weight": "periodic table",
          "provenance__smiles": null,
          "provenance__state_of_matter": "dummy estimator based on mw"
        },
        {
          "identifier": "2d7208f5-a6fd-465c-b709-5fffa6a89c14",
          "smiles": "Cc1cnc(Cl)nc1Cl",
          "state_of_matter": "LIQUID",
          "molecular_weight": 163.00465999999994,
          "density": 1.0,
          "mass": 163.00465999999994,
          "is_produced_by": [],
          "is_consumed_by": [
            "b016de4c-18a6-4f2c-be6d-8cae46100a37"
          ],
          "provenance__density": "dummy estimator based on mw",
          "provenance__is_consumed_by": null,
          "provenance__is_produced_by": null,
          "provenance__mass": null,
          "provenance__molecular_weight": "periodic table",
          "provenance__smiles": null,
          "provenance__state_of_matter": "dummy estimator based on mw"
        }
      ],
      "reagents": [
        {
          "identifier": "eee1ed03-81b9-417b-934b-fe47e7d2a84b",
          "smiles": "CO",
          "state_of_matter": "LIQUID",
          "molecular_weight": 32.04186000000001,
          "density": 1.0,
          "mass": 32.04186000000001,
          "is_produced_by": [],
          "is_consumed_by": [
            "b016de4c-18a6-4f2c-be6d-8cae46100a37"
          ],
          "provenance__density": "dummy estimator based on mw",
          "provenance__is_consumed_by": null,
          "provenance__is_produced_by": null,
          "provenance__mass": null,
          "provenance__molecular_weight": "periodic table",
          "provenance__smiles": null,
          "provenance__state_of_matter": "dummy estimator based on mw"
        }
      ],
      "products": [
        {
          "identifier": "1cd93d79-af5d-4f02-920e-9f654ebb6084",
          "smiles": "Cc1cnc(Cl)nc1Nc1cccc(S(=O)(=O)NC(C)(C)C)c1",
          "state_of_matter": "SOLID",
          "molecular_weight": 354.8549600000003,
          "density": 1.4,
          "mass": 354.8549600000003,
          "is_produced_by": [
            "b016de4c-18a6-4f2c-be6d-8cae46100a37"
          ],
          "is_consumed_by": [],
          "provenance__density": "dummy estimator based on mw",
          "provenance__is_consumed_by": null,
          "provenance__is_produced_by": null,
          "provenance__mass": null,
          "provenance__molecular_weight": "periodic table",
          "provenance__smiles": null,
          "provenance__state_of_matter": "dummy estimator based on mw"
        }
      ],
      "stoichiometry": {
        "7f08298e-f39a-4063-aa86-35151409a1df": 1.0,
        "2d7208f5-a6fd-465c-b709-5fffa6a89c14": 1.0,
        "1cd93d79-af5d-4f02-920e-9f654ebb6084": -1.0
      },
      "temperature": 324.2890065729618,
      "intended_ratios": {
        "7f08298e-f39a-4063-aa86-35151409a1df": 1.0,
        "2d7208f5-a6fd-465c-b709-5fffa6a89c14": 1.0,
        "eee1ed03-81b9-417b-934b-fe47e7d2a84b": 1.0
      },
      "expected_yields": {
        "1cd93d79-af5d-4f02-920e-9f654ebb6084": 1.0
      },
      "reaction_extent": 1.0
    },
    {
      "identifier": "b4354e64-663c-40c1-9ac7-c494806b7223",
      "reactants": [
        {
          "identifier": "e052760e-f91f-4ec8-9532-b629cc862b76",
          "smiles": "CC(C)n1nccc1-c1ncccc1CCl",
          "state_of_matter": "SOLID",
          "molecular_weight": 236.72059999999982,
          "density": 1.4,
          "mass": 236.72059999999982,
          "is_produced_by": [],
          "is_consumed_by": [
            "b4354e64-663c-40c1-9ac7-c494806b7223"
          ],
          "provenance__density": "dummy estimator based on mw",
          "provenance__is_consumed_by": null,
          "provenance__is_produced_by": null,
          "provenance__mass": null,
          "provenance__molecular_weight": "periodic table",
          "provenance__smiles": null,
          "provenance__state_of_matter": "dummy estimator based on mw"
        },
        {
          "identifier": "65887ae1-d28a-4819-a276-655b7b7662a9",
          "smiles": "O=Cc1c(O)cccc1O",
          "state_of_matter": "LIQUID",
          "molecular_weight": 138.12073999999996,
          "density": 1.0,
          "mass": 138.12073999999996,
          "is_produced_by": [],
          "is_consumed_by": [
            "b4354e64-663c-40c1-9ac7-c494806b7223"
          ],
          "provenance__density": "dummy estimator based on mw",
          "provenance__is_consumed_by": null,
          "provenance__is_produced_by": null,
          "provenance__mass": null,
          "provenance__molecular_weight": "periodic table",
          "provenance__smiles": null,
          "provenance__state_of_matter": "dummy estimator based on mw"
        }
      ],
      "reagents": [
        {
          "identifier": "f439b276-4343-4d4f-971b-f86694c0a0a4",
          "smiles": "CN(C)C=O",
          "state_of_matter": "LIQUID",
          "molecular_weight": 73.09378000000004,
          "density": 1.0,
          "mass": 73.09378000000004,
          "is_produced_by": [],
          "is_consumed_by": [
            "b4354e64-663c-40c1-9ac7-c494806b7223"
          ],
          "provenance__density": "dummy estimator based on mw",
          "provenance__is_consumed_by": null,
          "provenance__is_produced_by": null,
          "provenance__mass": null,
          "provenance__molecular_weight": "periodic table",
          "provenance__smiles": null,
          "provenance__state_of_matter": "dummy estimator based on mw"
        },
        {
          "identifier": "345040bb-daec-41f4-8f98-3dd3bedaadd1",
          "smiles": "Cl",
          "state_of_matter": "LIQUID",
          "molecular_weight": 36.46094,
          "density": 1.0,
          "mass": 36.46094,
          "is_produced_by": [],
          "is_consumed_by": [
            "b4354e64-663c-40c1-9ac7-c494806b7223"
          ],
          "provenance__density": "dummy estimator based on mw",
          "provenance__is_consumed_by": null,
          "provenance__is_produced_by": null,
          "provenance__mass": null,
          "provenance__molecular_weight": "periodic table",
          "provenance__smiles": null,
          "provenance__state_of_matter": "dummy estimator based on mw"
        },
        {
          "identifier": "a9982767-dca3-4a30-a704-7b3b4d4175b0",
          "smiles": "O=C(O[K])O[K]",
          "state_of_matter": "SOLID",
          "molecular_weight": 138.2055,
          "density": 1.4,
          "mass": 138.2055,
          "is_produced_by": [],
          "is_consumed_by": [
            "b4354e64-663c-40c1-9ac7-c494806b7223"
          ],
          "provenance__density": "dummy estimator based on mw",
          "provenance__is_consumed_by": null,
          "provenance__is_produced_by": null,
          "provenance__mass": null,
          "provenance__molecular_weight": "periodic table",
          "provenance__smiles": null,
          "provenance__state_of_matter": "dummy estimator based on mw"
        }
      ],
      "products": [
        {
          "identifier": "22b43012-2665-4a68-9380-5a2ffdd73920",
          "smiles": "CC(C)n1nccc1-c1ncccc1COc1cccc(O)c1C=O",
          "state_of_matter": "SOLID",
          "molecular_weight": 338.38040000000024,
          "density": 1.4,
          "mass": 338.38040000000024,
          "is_produced_by": [
            "b4354e64-663c-40c1-9ac7-c494806b7223"
          ],
          "is_consumed_by": [],
          "provenance__density": "dummy estimator based on mw",
          "provenance__is_consumed_by": null,
          "provenance__is_produced_by": null,
          "provenance__mass": null,
          "provenance__molecular_weight": "periodic table",
          "provenance__smiles": null,
          "provenance__state_of_matter": "dummy estimator based on mw"
        }
      ],
      "stoichiometry": {
        "e052760e-f91f-4ec8-9532-b629cc862b76": 1.0,
        "65887ae1-d28a-4819-a276-655b7b7662a9": 1.0,
        "22b43012-2665-4a68-9380-5a2ffdd73920": -1.0
      },
      "temperature": 305.7333455622196,
      "intended_ratios": {
        "e052760e-f91f-4ec8-9532-b629cc862b76": 1.0,
        "65887ae1-d28a-4819-a276-655b7b7662a9": 1.0,
        "f439b276-4343-4d4f-971b-f86694c0a0a4": 1.0,
        "345040bb-daec-41f4-8f98-3dd3bedaadd1": 1.0,
        "a9982767-dca3-4a30-a704-7b3b4d4175b0": 1.0
      },
      "expected_yields": {
        "22b43012-2665-4a68-9380-5a2ffdd73920": 1.0
      },
      "reaction_extent": 1.0
    },
    {
      "identifier": "ab72abc2-5add-429c-a106-b826115ffd52",
      "reactants": [
        {
          "identifier": "f0f8c707-0aa2-4a9f-8921-b939b43d9cf7",
          "smiles": "CC(C)n1nccc1-c1ncccc1CO",
          "state_of_matter": "SOLID",
          "molecular_weight": 218.27493999999982,
          "density": 1.4,
          "mass": 218.27493999999982,
          "is_produced_by": [],
          "is_consumed_by": [
            "ab72abc2-5add-429c-a106-b826115ffd52"
          ],
          "provenance__density": "dummy estimator based on mw",
          "provenance__is_consumed_by": null,
          "provenance__is_produced_by": null,
          "provenance__mass": null,
          "provenance__molecular_weight": "periodic table",
          "provenance__smiles": null,
          "provenance__state_of_matter": "dummy estimator based on mw"
        }
      ],
      "reagents": [
        {
          "identifier": "1d8beb82-618b-4252-b020-e17d36d78210",
          "smiles": "ClCCl",
          "state_of_matter": "LIQUID",
          "molecular_weight": 84.93258000000002,
          "density": 1.0,
          "mass": 84.93258000000002,
          "is_produced_by": [],
          "is_consumed_by": [
            "ab72abc2-5add-429c-a106-b826115ffd52"
          ],
          "provenance__density": "dummy estimator based on mw",
          "provenance__is_consumed_by": null,
          "provenance__is_produced_by": null,
          "provenance__mass": null,
          "provenance__molecular_weight": "periodic table",
          "provenance__smiles": null,
          "provenance__state_of_matter": "dummy estimator based on mw"
        },
        {
          "identifier": "db893dfd-7480-43b4-a129-ad5478eec6bc",
          "smiles": "CCN(CC)CC",
          "state_of_matter": "LIQUID",
          "molecular_weight": 101.19000000000008,
          "density": 1.0,
          "mass": 101.19000000000008,
          "is_produced_by": [],
          "is_consumed_by": [
            "ab72abc2-5add-429c-a106-b826115ffd52"
          ],
          "provenance__density": "dummy estimator based on mw",
          "provenance__is_consumed_by": null,
          "provenance__is_produced_by": null,
          "provenance__mass": null,
          "provenance__molecular_weight": "periodic table",
          "provenance__smiles": null,
          "provenance__state_of_matter": "dummy estimator based on mw"
        },
        {
          "identifier": "724b182d-fadf-4b21-b5fb-6d13b0357c96",
          "smiles": "CS(=O)(=O)Cl",
          "state_of_matter": "LIQUID",
          "molecular_weight": 114.55132000000002,
          "density": 1.0,
          "mass": 114.55132000000002,
          "is_produced_by": [],
          "is_consumed_by": [
            "ab72abc2-5add-429c-a106-b826115ffd52"
          ],
          "provenance__density": "dummy estimator based on mw",
          "provenance__is_consumed_by": null,
          "provenance__is_produced_by": null,
          "provenance__mass": null,
          "provenance__molecular_weight": "periodic table",
          "provenance__smiles": null,
          "provenance__state_of_matter": "dummy estimator based on mw"
        }
      ],
      "products": [
        {
          "identifier": "beb48c38-b65b-4e7a-9334-67166520be67",
          "smiles": "CC(C)n1nccc1-c1ncccc1CCl",
          "state_of_matter": "SOLID",
          "molecular_weight": 236.72059999999982,
          "density": 1.4,
          "mass": 236.72059999999982,
          "is_produced_by": [
            "ab72abc2-5add-429c-a106-b826115ffd52"
          ],
          "is_consumed_by": [],
          "provenance__density": "dummy estimator based on mw",
          "provenance__is_consumed_by": null,
          "provenance__is_produced_by": null,
          "provenance__mass": null,
          "provenance__molecular_weight": "periodic table",
          "provenance__smiles": null,
          "provenance__state_of_matter": "dummy estimator based on mw"
        }
      ],
      "stoichiometry": {
        "f0f8c707-0aa2-4a9f-8921-b939b43d9cf7": 1.0,
        "beb48c38-b65b-4e7a-9334-67166520be67": -1.0
      },
      "temperature": 283.1918331205845,
      "intended_ratios": {
        "f0f8c707-0aa2-4a9f-8921-b939b43d9cf7": 1.0,
        "1d8beb82-618b-4252-b020-e17d36d78210": 1.0,
        "db893dfd-7480-43b4-a129-ad5478eec6bc": 1.0,
        "724b182d-fadf-4b21-b5fb-6d13b0357c96": 1.0
      },
      "expected_yields": {
        "beb48c38-b65b-4e7a-9334-67166520be67": 1.0
      },
      "reaction_extent": 1.0
    },
    {
      "identifier": "3c739968-c692-4670-9c56-db22f9ad2253",
      "reactants": [
        {
          "identifier": "f6b6dd6b-d232-462a-a88f-41f7b88124df",
          "smiles": "CC(C)n1nccc1B1OC(C)(C)C(C)(C)O1",
          "state_of_matter": "SOLID",
          "molecular_weight": 237.12627999999975,
          "density": 1.4,
          "mass": 237.12627999999975,
          "is_produced_by": [],
          "is_consumed_by": [
            "3c739968-c692-4670-9c56-db22f9ad2253"
          ],
          "provenance__density": "dummy estimator based on mw",
          "provenance__is_consumed_by": null,
          "provenance__is_produced_by": null,
          "provenance__mass": null,
          "provenance__molecular_weight": "periodic table",
          "provenance__smiles": null,
          "provenance__state_of_matter": "dummy estimator based on mw"
        },
        {
          "identifier": "55f8b868-fa10-40b9-ae65-56d65c7a420e",
          "smiles": "OCc1cccnc1Cl",
          "state_of_matter": "LIQUID",
          "molecular_weight": 143.57093999999995,
          "density": 1.0,
          "mass": 143.57093999999995,
          "is_produced_by": [],
          "is_consumed_by": [
            "3c739968-c692-4670-9c56-db22f9ad2253"
          ],
          "provenance__density": "dummy estimator based on mw",
          "provenance__is_consumed_by": null,
          "provenance__is_produced_by": null,
          "provenance__mass": null,
          "provenance__molecular_weight": "periodic table",
          "provenance__smiles": null,
          "provenance__state_of_matter": "dummy estimator based on mw"
        }
      ],
      "reagents": [
        {
          "identifier": "38f76709-d90a-4a84-a76c-77b61be93fad",
          "smiles": "O",
          "state_of_matter": "LIQUID",
          "molecular_weight": 18.01528,
          "density": 1.0,
          "mass": 18.01528,
          "is_produced_by": [],
          "is_consumed_by": [
            "3c739968-c692-4670-9c56-db22f9ad2253"
          ],
          "provenance__density": "dummy estimator based on mw",
          "provenance__is_consumed_by": null,
          "provenance__is_produced_by": null,
          "provenance__mass": null,
          "provenance__molecular_weight": "periodic table",
          "provenance__smiles": null,
          "provenance__state_of_matter": "dummy estimator based on mw"
        },
        {
          "identifier": "219a9277-0df2-42ba-9609-7bc38ef4ce53",
          "smiles": "C1COCCO1",
          "state_of_matter": "LIQUID",
          "molecular_weight": 88.10512000000004,
          "density": 1.0,
          "mass": 88.10512000000004,
          "is_produced_by": [],
          "is_consumed_by": [
            "3c739968-c692-4670-9c56-db22f9ad2253"
          ],
          "provenance__density": "dummy estimator based on mw",
          "provenance__is_consumed_by": null,
          "provenance__is_produced_by": null,
          "provenance__mass": null,
          "provenance__molecular_weight": "periodic table",
          "provenance__smiles": null,
          "provenance__state_of_matter": "dummy estimator based on mw"
        },
        {
          "identifier": "d825e9a8-8cd8-4300-b556-d207e50f6035",
          "smiles": "O=C(O)O[Na]",
          "state_of_matter": "SOLID",
          "molecular_weight": 84.00661000000001,
          "density": 1.4,
          "mass": 84.00661000000001,
          "is_produced_by": [],
          "is_consumed_by": [
            "3c739968-c692-4670-9c56-db22f9ad2253"
          ],
          "provenance__density": "dummy estimator based on mw",
          "provenance__is_consumed_by": null,
          "provenance__is_produced_by": null,
          "provenance__mass": null,
          "provenance__molecular_weight": "periodic table",
          "provenance__smiles": null,
          "provenance__state_of_matter": "dummy estimator based on mw"
        }
      ],
      "products": [
        {
          "identifier": "6a422069-adbf-4cbd-8f99-a6335e2c2c56",
          "smiles": "CC(C)n1nccc1-c1ncccc1CO",
          "state_of_matter": "SOLID",
          "molecular_weight": 218.27493999999982,
          "density": 1.4,
          "mass": 218.27493999999982,
          "is_produced_by": [
            "3c739968-c692-4670-9c56-db22f9ad2253"
          ],
          "is_consumed_by": [],
          "provenance__density": "dummy estimator based on mw",
          "provenance__is_consumed_by": null,
          "provenance__is_produced_by": null,
          "provenance__mass": null,
          "provenance__molecular_weight": "periodic table",
          "provenance__smiles": null,
          "provenance__state_of_matter": "dummy estimator based on mw"
        }
      ],
      "stoichiometry": {
        "f6b6dd6b-d232-462a-a88f-41f7b88124df": 1.0,
        "55f8b868-fa10-40b9-ae65-56d65c7a420e": 1.0,
        "6a422069-adbf-4cbd-8f99-a6335e2c2c56": -1.0
      },
      "temperature": 350.5005188763141,
      "intended_ratios": {
        "f6b6dd6b-d232-462a-a88f-41f7b88124df": 1.0,
        "55f8b868-fa10-40b9-ae65-56d65c7a420e": 1.0,
        "38f76709-d90a-4a84-a76c-77b61be93fad": 1.0,
        "219a9277-0df2-42ba-9609-7bc38ef4ce53": 1.0,
        "d825e9a8-8cd8-4300-b556-d207e50f6035": 1.0
      },
      "expected_yields": {
        "6a422069-adbf-4cbd-8f99-a6335e2c2c56": 1.0
      },
      "reaction_extent": 1.0
    },
    {
      "identifier": "3830ec98-488f-45ce-8a71-dabe86b3d6bc",
      "reactants": [
        {
          "identifier": "508c8ebc-d3fe-42c7-bdb2-49a5e9802444",
          "smiles": "CN",
          "state_of_matter": "LIQUID",
          "molecular_weight": 31.05710000000001,
          "density": 1.0,
          "mass": 31.05710000000001,
          "is_produced_by": [],
          "is_consumed_by": [
            "3830ec98-488f-45ce-8a71-dabe86b3d6bc"
          ],
          "provenance__density": "dummy estimator based on mw",
          "provenance__is_consumed_by": null,
          "provenance__is_produced_by": null,
          "provenance__mass": null,
          "provenance__molecular_weight": "periodic table",
          "provenance__smiles": null,
          "provenance__state_of_matter": "dummy estimator based on mw"
        },
        {
          "identifier": "661507a7-22a7-4c7a-8731-90568ffd783b",
          "smiles": "O=Cc1cc(-c2ccccc2F)n(S(=O)(=O)c2cccnc2)c1",
          "state_of_matter": "SOLID",
          "molecular_weight": 331.3414832000002,
          "density": 1.4,
          "mass": 331.3414832000002,
          "is_produced_by": [],
          "is_consumed_by": [
            "3830ec98-488f-45ce-8a71-dabe86b3d6bc"
          ],
          "provenance__density": "dummy estimator based on mw",
          "provenance__is_consumed_by": null,
          "provenance__is_produced_by": null,
          "provenance__mass": null,
          "provenance__molecular_weight": "periodic table",
          "provenance__smiles": null,
          "provenance__state_of_matter": "dummy estimator based on mw"
        }
      ],
      "reagents": [
        {
          "identifier": "e01e0c80-5fd8-4e6d-acbd-1e37ffba40de",
          "smiles": "CO",
          "state_of_matter": "LIQUID",
          "molecular_weight": 32.04186000000001,
          "density": 1.0,
          "mass": 32.04186000000001,
          "is_produced_by": [],
          "is_consumed_by": [
            "3830ec98-488f-45ce-8a71-dabe86b3d6bc"
          ],
          "provenance__density": "dummy estimator based on mw",
          "provenance__is_consumed_by": null,
          "provenance__is_produced_by": null,
          "provenance__mass": null,
          "provenance__molecular_weight": "periodic table",
          "provenance__smiles": null,
          "provenance__state_of_matter": "dummy estimator based on mw"
        },
        {
          "identifier": "5cb91476-9e88-48ac-84c9-bbc2e79ac64b",
          "smiles": "[BH4][Na]",
          "state_of_matter": "SOLID",
          "molecular_weight": 37.83252999999999,
          "density": 1.4,
          "mass": 37.83252999999999,
          "is_produced_by": [],
          "is_consumed_by": [
            "3830ec98-488f-45ce-8a71-dabe86b3d6bc"
          ],
          "provenance__density": "dummy estimator based on mw",
          "provenance__is_consumed_by": null,
          "provenance__is_produced_by": null,
          "provenance__mass": null,
          "provenance__molecular_weight": "periodic table",
          "provenance__smiles": null,
          "provenance__state_of_matter": "dummy estimator based on mw"
        },
        {
          "identifier": "59d1c73b-42c2-4c08-a6a4-f1d05771ce0d",
          "smiles": "O=C(O)O[Na]",
          "state_of_matter": "SOLID",
          "molecular_weight": 84.00661000000001,
          "density": 1.4,
          "mass": 84.00661000000001,
          "is_produced_by": [],
          "is_consumed_by": [
            "3830ec98-488f-45ce-8a71-dabe86b3d6bc"
          ],
          "provenance__density": "dummy estimator based on mw",
          "provenance__is_consumed_by": null,
          "provenance__is_produced_by": null,
          "provenance__mass": null,
          "provenance__molecular_weight": "periodic table",
          "provenance__smiles": null,
          "provenance__state_of_matter": "dummy estimator based on mw"
        }
      ],
      "products": [
        {
          "identifier": "1ddc36a4-90c2-4ed2-b04a-14973b715534",
          "smiles": "CNCc1cc(-c2ccccc2F)n(S(=O)(=O)c2cccnc2)c1",
          "state_of_matter": "SOLID",
          "molecular_weight": 346.39918320000027,
          "density": 1.4,
          "mass": 346.39918320000027,
          "is_produced_by": [
            "3830ec98-488f-45ce-8a71-dabe86b3d6bc"
          ],
          "is_consumed_by": [],
          "provenance__density": "dummy estimator based on mw",
          "provenance__is_consumed_by": null,
          "provenance__is_produced_by": null,
          "provenance__mass": null,
          "provenance__molecular_weight": "periodic table",
          "provenance__smiles": null,
          "provenance__state_of_matter": "dummy estimator based on mw"
        }
      ],
      "stoichiometry": {
        "508c8ebc-d3fe-42c7-bdb2-49a5e9802444": 1.0,
        "661507a7-22a7-4c7a-8731-90568ffd783b": 1.0,
        "1ddc36a4-90c2-4ed2-b04a-14973b715534": -1.0
      },
      "temperature": 294.2666636824608,
      "intended_ratios": {
        "508c8ebc-d3fe-42c7-bdb2-49a5e9802444": 1.0,
        "661507a7-22a7-4c7a-8731-90568ffd783b": 1.0,
        "e01e0c80-5fd8-4e6d-acbd-1e37ffba40de": 1.0,
        "5cb91476-9e88-48ac-84c9-bbc2e79ac64b": 1.0,
        "59d1c73b-42c2-4c08-a6a4-f1d05771ce0d": 1.0
      },
      "expected_yields": {
        "1ddc36a4-90c2-4ed2-b04a-14973b715534": 1.0
      },
      "reaction_extent": 1.0
    },
    {
      "identifier": "86ee8c1b-6dd5-45f9-ba51-9a0711ebf2c1",
      "reactants": [
        {
          "identifier": "aab471b5-9e2a-402d-a483-94d37add54e2",
          "smiles": "Cc1cnc(Cl)nc1Nc1cccc(S(=O)(=O)NC(C)(C)C)c1",
          "state_of_matter": "SOLID",
          "molecular_weight": 354.8549600000003,
          "density": 1.4,
          "mass": 354.8549600000003,
          "is_produced_by": [],
          "is_consumed_by": [
            "86ee8c1b-6dd5-45f9-ba51-9a0711ebf2c1"
          ],
          "provenance__density": "dummy estimator based on mw",
          "provenance__is_consumed_by": null,
          "provenance__is_produced_by": null,
          "provenance__mass": null,
          "provenance__molecular_weight": "periodic table",
          "provenance__smiles": null,
          "provenance__state_of_matter": "dummy estimator based on mw"
        },
        {
          "identifier": "85067637-9f55-4444-bd6f-c7bfe2814a8d",
          "smiles": "Nc1ccc(OCc2ccccc2)cc1",
          "state_of_matter": "LIQUID",
          "molecular_weight": 199.2484199999998,
          "density": 1.0,
          "mass": 199.2484199999998,
          "is_produced_by": [],
          "is_consumed_by": [
            "86ee8c1b-6dd5-45f9-ba51-9a0711ebf2c1"
          ],
          "provenance__density": "dummy estimator based on mw",
          "provenance__is_consumed_by": null,
          "provenance__is_produced_by": null,
          "provenance__mass": null,
          "provenance__molecular_weight": "periodic table",
          "provenance__smiles": null,
          "provenance__state_of_matter": "dummy estimator based on mw"
        }
      ],
      "reagents": [
        {
          "identifier": "1ee9e78d-6b0d-483b-8c3d-d7637d6709c8",
          "smiles": "Cl",
          "state_of_matter": "LIQUID",
          "molecular_weight": 36.46094,
          "density": 1.0,
          "mass": 36.46094,
          "is_produced_by": [],
          "is_consumed_by": [
            "86ee8c1b-6dd5-45f9-ba51-9a0711ebf2c1"
          ],
          "provenance__density": "dummy estimator based on mw",
          "provenance__is_consumed_by": null,
          "provenance__is_produced_by": null,
          "provenance__mass": null,
          "provenance__molecular_weight": "periodic table",
          "provenance__smiles": null,
          "provenance__state_of_matter": "dummy estimator based on mw"
        },
        {
          "identifier": "4da1fdbf-2c84-4c58-8548-8f61099d20a0",
          "smiles": "C1COCCO1",
          "state_of_matter": "LIQUID",
          "molecular_weight": 88.10512000000004,
          "density": 1.0,
          "mass": 88.10512000000004,
          "is_produced_by": [],
          "is_consumed_by": [
            "86ee8c1b-6dd5-45f9-ba51-9a0711ebf2c1"
          ],
          "provenance__density": "dummy estimator based on mw",
          "provenance__is_consumed_by": null,
          "provenance__is_produced_by": null,
          "provenance__mass": null,
          "provenance__molecular_weight": "periodic table",
          "provenance__smiles": null,
          "provenance__state_of_matter": "dummy estimator based on mw"
        }
      ],
      "products": [
        {
          "identifier": "d7a8be9a-285f-45d9-b968-e29c8e4263b2",
          "smiles": "Cc1cnc(Nc2ccc(OCc3ccccc3)cc2)nc1Nc1cccc(S(=O)(=O)NC(C)(C)C)c1",
          "state_of_matter": "SOLID",
          "molecular_weight": 517.6424400000001,
          "density": 1.4,
          "mass": 517.6424400000001,
          "is_produced_by": [
            "86ee8c1b-6dd5-45f9-ba51-9a0711ebf2c1"
          ],
          "is_consumed_by": [],
          "provenance__density": "dummy estimator based on mw",
          "provenance__is_consumed_by": null,
          "provenance__is_produced_by": null,
          "provenance__mass": null,
          "provenance__molecular_weight": "periodic table",
          "provenance__smiles": null,
          "provenance__state_of_matter": "dummy estimator based on mw"
        }
      ],
      "stoichiometry": {
        "aab471b5-9e2a-402d-a483-94d37add54e2": 1.0,
        "85067637-9f55-4444-bd6f-c7bfe2814a8d": 1.0,
        "d7a8be9a-285f-45d9-b968-e29c8e4263b2": -1.0
      },
      "temperature": 369.8748215675354,
      "intended_ratios": {
        "aab471b5-9e2a-402d-a483-94d37add54e2": 1.0,
        "85067637-9f55-4444-bd6f-c7bfe2814a8d": 1.0,
        "1ee9e78d-6b0d-483b-8c3d-d7637d6709c8": 1.0,
        "4da1fdbf-2c84-4c58-8548-8f61099d20a0": 1.0
      },
      "expected_yields": {
        "d7a8be9a-285f-45d9-b968-e29c8e4263b2": 1.0
      },
      "reaction_extent": 1.0
    },
    {
      "identifier": "c56be68b-302d-4b1b-bd7a-bbffbee93497",
      "reactants": [
        {
          "identifier": "0ce4e1e8-0416-4ee6-bbcb-664feddc7823",
          "smiles": "Cc1cnc(Nc2ccc(O)cc2)nc1Nc1cccc(S(=O)(=O)NC(C)(C)C)c1",
          "state_of_matter": "SOLID",
          "molecular_weight": 427.51990000000035,
          "density": 1.4,
          "mass": 427.51990000000035,
          "is_produced_by": [],
          "is_consumed_by": [
            "c56be68b-302d-4b1b-bd7a-bbffbee93497"
          ],
          "provenance__density": "dummy estimator based on mw",
          "provenance__is_consumed_by": null,
          "provenance__is_produced_by": null,
          "provenance__mass": null,
          "provenance__molecular_weight": "periodic table",
          "provenance__smiles": null,
          "provenance__state_of_matter": "dummy estimator based on mw"
        },
        {
          "identifier": "4152bd6c-85fe-43b6-abdd-cc0497a39b2e",
          "smiles": "ClCCN1CCCC1",
          "state_of_matter": "LIQUID",
          "molecular_weight": 133.61917999999997,
          "density": 1.0,
          "mass": 133.61917999999997,
          "is_produced_by": [],
          "is_consumed_by": [
            "c56be68b-302d-4b1b-bd7a-bbffbee93497"
          ],
          "provenance__density": "dummy estimator based on mw",
          "provenance__is_consumed_by": null,
          "provenance__is_produced_by": null,
          "provenance__mass": null,
          "provenance__molecular_weight": "periodic table",
          "provenance__smiles": null,
          "provenance__state_of_matter": "dummy estimator based on mw"
        }
      ],
      "reagents": [
        {
          "identifier": "07207dee-e7f8-4eca-9774-18528456fd1b",
          "smiles": "O=C(O[K])O[K]",
          "state_of_matter": "SOLID",
          "molecular_weight": 138.2055,
          "density": 1.4,
          "mass": 138.2055,
          "is_produced_by": [],
          "is_consumed_by": [
            "c56be68b-302d-4b1b-bd7a-bbffbee93497"
          ],
          "provenance__density": "dummy estimator based on mw",
          "provenance__is_consumed_by": null,
          "provenance__is_produced_by": null,
          "provenance__mass": null,
          "provenance__molecular_weight": "periodic table",
          "provenance__smiles": null,
          "provenance__state_of_matter": "dummy estimator based on mw"
        },
        {
          "identifier": "1bbfb524-86aa-4c83-bc76-93d82c2f5159",
          "smiles": "CC(C)=O",
          "state_of_matter": "LIQUID",
          "molecular_weight": 58.07913999999999,
          "density": 1.0,
          "mass": 58.07913999999999,
          "is_produced_by": [],
          "is_consumed_by": [
            "c56be68b-302d-4b1b-bd7a-bbffbee93497"
          ],
          "provenance__density": "dummy estimator based on mw",
          "provenance__is_consumed_by": null,
          "provenance__is_produced_by": null,
          "provenance__mass": null,
          "provenance__molecular_weight": "periodic table",
          "provenance__smiles": null,
          "provenance__state_of_matter": "dummy estimator based on mw"
        }
      ],
      "products": [
        {
          "identifier": "6bd33ed3-7c88-47f4-9ab2-535a319e6454",
          "smiles": "Cc1cnc(Nc2ccc(OCCN3CCCC3)cc2)nc1Nc1cccc(S(=O)(=O)NC(C)(C)C)c1",
          "state_of_matter": "SOLID",
          "molecular_weight": 524.6781399999998,
          "density": 1.4,
          "mass": 524.6781399999998,
          "is_produced_by": [
            "c56be68b-302d-4b1b-bd7a-bbffbee93497"
          ],
          "is_consumed_by": [],
          "provenance__density": "dummy estimator based on mw",
          "provenance__is_consumed_by": null,
          "provenance__is_produced_by": null,
          "provenance__mass": null,
          "provenance__molecular_weight": "periodic table",
          "provenance__smiles": null,
          "provenance__state_of_matter": "dummy estimator based on mw"
        }
      ],
      "stoichiometry": {
        "0ce4e1e8-0416-4ee6-bbcb-664feddc7823": 1.0,
        "4152bd6c-85fe-43b6-abdd-cc0497a39b2e": 1.0,
        "6bd33ed3-7c88-47f4-9ab2-535a319e6454": -1.0
      },
      "temperature": 346.08960286974906,
      "intended_ratios": {
        "0ce4e1e8-0416-4ee6-bbcb-664feddc7823": 1.0,
        "4152bd6c-85fe-43b6-abdd-cc0497a39b2e": 1.0,
        "07207dee-e7f8-4eca-9774-18528456fd1b": 1.0,
        "1bbfb524-86aa-4c83-bc76-93d82c2f5159": 1.0
      },
      "expected_yields": {
        "6bd33ed3-7c88-47f4-9ab2-535a319e6454": 1.0
      },
      "reaction_extent": 1.0
    },
    {
      "identifier": "8f6345c1-05da-41a1-9817-76d2a8d10ac7",
      "reactants": [
        {
          "identifier": "f5942899-b985-4cbf-a619-cd4bc2da87b3",
          "smiles": "Cc1cnc(Nc2ccc(OCc3ccccc3)cc2)nc1Nc1cccc(S(=O)(=O)NC(C)(C)C)c1",
          "state_of_matter": "SOLID",
          "molecular_weight": 517.6424400000001,
          "density": 1.4,
          "mass": 517.6424400000001,
          "is_produced_by": [],
          "is_consumed_by": [
            "8f6345c1-05da-41a1-9817-76d2a8d10ac7"
          ],
          "provenance__density": "dummy estimator based on mw",
          "provenance__is_consumed_by": null,
          "provenance__is_produced_by": null,
          "provenance__mass": null,
          "provenance__molecular_weight": "periodic table",
          "provenance__smiles": null,
          "provenance__state_of_matter": "dummy estimator based on mw"
        }
      ],
      "reagents": [
        {
          "identifier": "c598c09d-1365-4881-9b6c-0af65b30d386",
          "smiles": "CO",
          "state_of_matter": "LIQUID",
          "molecular_weight": 32.04186000000001,
          "density": 1.0,
          "mass": 32.04186000000001,
          "is_produced_by": [],
          "is_consumed_by": [
            "8f6345c1-05da-41a1-9817-76d2a8d10ac7"
          ],
          "provenance__density": "dummy estimator based on mw",
          "provenance__is_consumed_by": null,
          "provenance__is_produced_by": null,
          "provenance__mass": null,
          "provenance__molecular_weight": "periodic table",
          "provenance__smiles": null,
          "provenance__state_of_matter": "dummy estimator based on mw"
        },
        {
          "identifier": "ff5d1be8-c1b6-4063-b7bb-bc22f66b4052",
          "smiles": "[Pd]",
          "state_of_matter": "SOLID",
          "molecular_weight": 106.42,
          "density": 1.4,
          "mass": 106.42,
          "is_produced_by": [],
          "is_consumed_by": [
            "8f6345c1-05da-41a1-9817-76d2a8d10ac7"
          ],
          "provenance__density": "dummy estimator based on mw",
          "provenance__is_consumed_by": null,
          "provenance__is_produced_by": null,
          "provenance__mass": null,
          "provenance__molecular_weight": "periodic table",
          "provenance__smiles": null,
          "provenance__state_of_matter": "dummy estimator based on mw"
        }
      ],
      "products": [
        {
          "identifier": "7cb02239-6e19-4cad-9ac0-b4539fc0cf55",
          "smiles": "Cc1cnc(Nc2ccc(O)cc2)nc1Nc1cccc(S(=O)(=O)NC(C)(C)C)c1",
          "state_of_matter": "SOLID",
          "molecular_weight": 427.51990000000035,
          "density": 1.4,
          "mass": 427.51990000000035,
          "is_produced_by": [
            "8f6345c1-05da-41a1-9817-76d2a8d10ac7"
          ],
          "is_consumed_by": [],
          "provenance__density": "dummy estimator based on mw",
          "provenance__is_consumed_by": null,
          "provenance__is_produced_by": null,
          "provenance__mass": null,
          "provenance__molecular_weight": "periodic table",
          "provenance__smiles": null,
          "provenance__state_of_matter": "dummy estimator based on mw"
        }
      ],
      "stoichiometry": {
        "f5942899-b985-4cbf-a619-cd4bc2da87b3": 1.0,
        "7cb02239-6e19-4cad-9ac0-b4539fc0cf55": -1.0
      },
      "temperature": 290.56993040442467,
      "intended_ratios": {
        "f5942899-b985-4cbf-a619-cd4bc2da87b3": 1.0,
        "c598c09d-1365-4881-9b6c-0af65b30d386": 1.0,
        "ff5d1be8-c1b6-4063-b7bb-bc22f66b4052": 1.0
      },
      "expected_yields": {
        "7cb02239-6e19-4cad-9ac0-b4539fc0cf55": 1.0
      },
      "reaction_extent": 1.0
    },
    {
      "identifier": "41e78b17-1fe1-4673-bde3-033008a08a2e",
      "reactants": [
        {
          "identifier": "77f20498-c6a0-4773-8467-b806e36c1ce5",
          "smiles": "NC(=O)OCC(Cc1ccccc1)N1C(=O)c2ccccc2C1=O",
          "state_of_matter": "SOLID",
          "molecular_weight": 324.3306400000002,
          "density": 1.4,
          "mass": 324.3306400000002,
          "is_produced_by": [],
          "is_consumed_by": [
            "41e78b17-1fe1-4673-bde3-033008a08a2e"
          ],
          "provenance__density": "dummy estimator based on mw",
          "provenance__is_consumed_by": null,
          "provenance__is_produced_by": null,
          "provenance__mass": null,
          "provenance__molecular_weight": "periodic table",
          "provenance__smiles": null,
          "provenance__state_of_matter": "dummy estimator based on mw"
        }
      ],
      "reagents": [
        {
          "identifier": "385c9779-5063-4b3a-a0f9-3f3bcca5a0ff",
          "smiles": "CCO",
          "state_of_matter": "LIQUID",
          "molecular_weight": 46.06843999999999,
          "density": 1.0,
          "mass": 46.06843999999999,
          "is_produced_by": [],
          "is_consumed_by": [
            "41e78b17-1fe1-4673-bde3-033008a08a2e"
          ],
          "provenance__density": "dummy estimator based on mw",
          "provenance__is_consumed_by": null,
          "provenance__is_produced_by": null,
          "provenance__mass": null,
          "provenance__molecular_weight": "periodic table",
          "provenance__smiles": null,
          "provenance__state_of_matter": "dummy estimator based on mw"
        },
        {
          "identifier": "0dd45572-2304-4b80-841b-36f001e7fc8e",
          "smiles": "O",
          "state_of_matter": "LIQUID",
          "molecular_weight": 18.01528,
          "density": 1.0,
          "mass": 18.01528,
          "is_produced_by": [],
          "is_consumed_by": [
            "41e78b17-1fe1-4673-bde3-033008a08a2e"
          ],
          "provenance__density": "dummy estimator based on mw",
          "provenance__is_consumed_by": null,
          "provenance__is_produced_by": null,
          "provenance__mass": null,
          "provenance__molecular_weight": "periodic table",
          "provenance__smiles": null,
          "provenance__state_of_matter": "dummy estimator based on mw"
        },
        {
          "identifier": "b2d487ac-4874-45ea-bf9e-31eac23162e9",
          "smiles": "NN",
          "state_of_matter": "LIQUID",
          "molecular_weight": 32.04516,
          "density": 1.0,
          "mass": 32.04516,
          "is_produced_by": [],
          "is_consumed_by": [
            "41e78b17-1fe1-4673-bde3-033008a08a2e"
          ],
          "provenance__density": "dummy estimator based on mw",
          "provenance__is_consumed_by": null,
          "provenance__is_produced_by": null,
          "provenance__mass": null,
          "provenance__molecular_weight": "periodic table",
          "provenance__smiles": null,
          "provenance__state_of_matter": "dummy estimator based on mw"
        }
      ],
      "products": [
        {
          "identifier": "ac1ffcac-a6a7-4aab-a612-7ec791b98159",
          "smiles": "NC(=O)OCC(N)Cc1ccccc1",
          "state_of_matter": "LIQUID",
          "molecular_weight": 194.23035999999985,
          "density": 1.0,
          "mass": 194.23035999999985,
          "is_produced_by": [
            "41e78b17-1fe1-4673-bde3-033008a08a2e"
          ],
          "is_consumed_by": [],
          "provenance__density": "dummy estimator based on mw",
          "provenance__is_consumed_by": null,
          "provenance__is_produced_by": null,
          "provenance__mass": null,
          "provenance__molecular_weight": "periodic table",
          "provenance__smiles": null,
          "provenance__state_of_matter": "dummy estimator based on mw"
        }
      ],
      "stoichiometry": {
        "77f20498-c6a0-4773-8467-b806e36c1ce5": 1.0,
        "ac1ffcac-a6a7-4aab-a612-7ec791b98159": -1.0
      },
      "temperature": 317.4692176401615,
      "intended_ratios": {
        "77f20498-c6a0-4773-8467-b806e36c1ce5": 1.0,
        "385c9779-5063-4b3a-a0f9-3f3bcca5a0ff": 1.0,
        "0dd45572-2304-4b80-841b-36f001e7fc8e": 1.0,
        "b2d487ac-4874-45ea-bf9e-31eac23162e9": 1.0
      },
      "expected_yields": {
        "ac1ffcac-a6a7-4aab-a612-7ec791b98159": 1.0
      },
      "reaction_extent": 1.0
    },
    {
      "identifier": "4ac819e1-b44b-4f53-a77d-818e3d69a389",
      "reactants": [
        {
          "identifier": "bd595ec0-68a5-49db-84ed-ba99c3f501f7",
          "smiles": "O=C(Cl)C(Cc1ccccc1)N1C(=O)c2ccccc2C1=O",
          "state_of_matter": "SOLID",
          "molecular_weight": 313.73508000000015,
          "density": 1.4,
          "mass": 313.73508000000015,
          "is_produced_by": [],
          "is_consumed_by": [
            "4ac819e1-b44b-4f53-a77d-818e3d69a389"
          ],
          "provenance__density": "dummy estimator based on mw",
          "provenance__is_consumed_by": null,
          "provenance__is_produced_by": null,
          "provenance__mass": null,
          "provenance__molecular_weight": "periodic table",
          "provenance__smiles": null,
          "provenance__state_of_matter": "dummy estimator based on mw"
        }
      ],
      "reagents": [
        {
          "identifier": "8fb04ef6-98fb-4032-b762-a8f0cd431611",
          "smiles": "c1ccncc1",
          "state_of_matter": "LIQUID",
          "molecular_weight": 79.09990000000003,
          "density": 1.0,
          "mass": 79.09990000000003,
          "is_produced_by": [],
          "is_consumed_by": [
            "4ac819e1-b44b-4f53-a77d-818e3d69a389"
          ],
          "provenance__density": "dummy estimator based on mw",
          "provenance__is_consumed_by": null,
          "provenance__is_produced_by": null,
          "provenance__mass": null,
          "provenance__molecular_weight": "periodic table",
          "provenance__smiles": null,
          "provenance__state_of_matter": "dummy estimator based on mw"
        }
      ],
      "products": [
        {
          "identifier": "3843ba0f-f043-4b4f-93c1-25e94dcea966",
          "smiles": "O=CC(Cc1ccccc1)N1C(=O)c2ccccc2C1=O",
          "state_of_matter": "SOLID",
          "molecular_weight": 279.2900200000002,
          "density": 1.4,
          "mass": 279.2900200000002,
          "is_produced_by": [
            "4ac819e1-b44b-4f53-a77d-818e3d69a389"
          ],
          "is_consumed_by": [],
          "provenance__density": "dummy estimator based on mw",
          "provenance__is_consumed_by": null,
          "provenance__is_produced_by": null,
          "provenance__mass": null,
          "provenance__molecular_weight": "periodic table",
          "provenance__smiles": null,
          "provenance__state_of_matter": "dummy estimator based on mw"
        }
      ],
      "stoichiometry": {
        "bd595ec0-68a5-49db-84ed-ba99c3f501f7": 1.0,
        "3843ba0f-f043-4b4f-93c1-25e94dcea966": -1.0
      },
      "temperature": 317.42750569581983,
      "intended_ratios": {
        "bd595ec0-68a5-49db-84ed-ba99c3f501f7": 1.0,
        "8fb04ef6-98fb-4032-b762-a8f0cd431611": 1.0
      },
      "expected_yields": {
        "3843ba0f-f043-4b4f-93c1-25e94dcea966": 1.0
      },
      "reaction_extent": 1.0
    },
    {
      "identifier": "9ec4be54-b0cf-42fc-8c37-b99e43c89fe5",
      "reactants": [
        {
          "identifier": "999caaf2-310a-47dd-8157-4be1beadc35a",
          "smiles": "O=C(Cl)Oc1ccccc1",
          "state_of_matter": "LIQUID",
          "molecular_weight": 156.56639999999996,
          "density": 1.0,
          "mass": 156.56639999999996,
          "is_produced_by": [],
          "is_consumed_by": [
            "9ec4be54-b0cf-42fc-8c37-b99e43c89fe5"
          ],
          "provenance__density": "dummy estimator based on mw",
          "provenance__is_consumed_by": null,
          "provenance__is_produced_by": null,
          "provenance__mass": null,
          "provenance__molecular_weight": "periodic table",
          "provenance__smiles": null,
          "provenance__state_of_matter": "dummy estimator based on mw"
        },
        {
          "identifier": "dbaa465b-20ce-454d-97a1-16accf88150b",
          "smiles": "O=C1c2ccccc2C(=O)N1C(CO)Cc1ccccc1",
          "state_of_matter": "SOLID",
          "molecular_weight": 281.30590000000024,
          "density": 1.4,
          "mass": 281.30590000000024,
          "is_produced_by": [],
          "is_consumed_by": [
            "9ec4be54-b0cf-42fc-8c37-b99e43c89fe5"
          ],
          "provenance__density": "dummy estimator based on mw",
          "provenance__is_consumed_by": null,
          "provenance__is_produced_by": null,
          "provenance__mass": null,
          "provenance__molecular_weight": "periodic table",
          "provenance__smiles": null,
          "provenance__state_of_matter": "dummy estimator based on mw"
        }
      ],
      "reagents": [
        {
          "identifier": "75a1b714-2144-4f4a-a99e-52048df9476c",
          "smiles": "ClCCl",
          "state_of_matter": "LIQUID",
          "molecular_weight": 84.93258000000002,
          "density": 1.0,
          "mass": 84.93258000000002,
          "is_produced_by": [],
          "is_consumed_by": [
            "9ec4be54-b0cf-42fc-8c37-b99e43c89fe5"
          ],
          "provenance__density": "dummy estimator based on mw",
          "provenance__is_consumed_by": null,
          "provenance__is_produced_by": null,
          "provenance__mass": null,
          "provenance__molecular_weight": "periodic table",
          "provenance__smiles": null,
          "provenance__state_of_matter": "dummy estimator based on mw"
        },
        {
          "identifier": "bcdafc62-8e81-4b55-8e68-a9d4a85082d2",
          "smiles": "c1ccncc1",
          "state_of_matter": "LIQUID",
          "molecular_weight": 79.09990000000003,
          "density": 1.0,
          "mass": 79.09990000000003,
          "is_produced_by": [],
          "is_consumed_by": [
            "9ec4be54-b0cf-42fc-8c37-b99e43c89fe5"
          ],
          "provenance__density": "dummy estimator based on mw",
          "provenance__is_consumed_by": null,
          "provenance__is_produced_by": null,
          "provenance__mass": null,
          "provenance__molecular_weight": "periodic table",
          "provenance__smiles": null,
          "provenance__state_of_matter": "dummy estimator based on mw"
        }
      ],
      "products": [
        {
          "identifier": "48c33c7f-cc54-403b-81fd-fc77c2ec850e",
          "smiles": "O=C(OCC(Cc1ccccc1)N1C(=O)c2ccccc2C1=O)Oc1ccccc1",
          "state_of_matter": "SOLID",
          "molecular_weight": 401.4113600000002,
          "density": 1.4,
          "mass": 401.4113600000002,
          "is_produced_by": [
            "9ec4be54-b0cf-42fc-8c37-b99e43c89fe5"
          ],
          "is_consumed_by": [],
          "provenance__density": "dummy estimator based on mw",
          "provenance__is_consumed_by": null,
          "provenance__is_produced_by": null,
          "provenance__mass": null,
          "provenance__molecular_weight": "periodic table",
          "provenance__smiles": null,
          "provenance__state_of_matter": "dummy estimator based on mw"
        }
      ],
      "stoichiometry": {
        "999caaf2-310a-47dd-8157-4be1beadc35a": 1.0,
        "dbaa465b-20ce-454d-97a1-16accf88150b": 1.0,
        "48c33c7f-cc54-403b-81fd-fc77c2ec850e": -1.0
      },
      "temperature": 284.061108738184,
      "intended_ratios": {
        "999caaf2-310a-47dd-8157-4be1beadc35a": 1.0,
        "dbaa465b-20ce-454d-97a1-16accf88150b": 1.0,
        "75a1b714-2144-4f4a-a99e-52048df9476c": 1.0,
        "bcdafc62-8e81-4b55-8e68-a9d4a85082d2": 1.0
      },
      "expected_yields": {
        "48c33c7f-cc54-403b-81fd-fc77c2ec850e": 1.0
      },
      "reaction_extent": 1.0
    },
    {
      "identifier": "6db9ebcd-3cbe-49b0-9d47-bbd69362a28e",
      "reactants": [
        {
          "identifier": "8a5c5aa7-4418-4be2-aaff-91999f2be6e6",
          "smiles": "O=C(O)C(Cc1ccccc1)N1C(=O)c2ccccc2C1=O",
          "state_of_matter": "SOLID",
          "molecular_weight": 295.2894200000002,
          "density": 1.4,
          "mass": 295.2894200000002,
          "is_produced_by": [],
          "is_consumed_by": [
            "6db9ebcd-3cbe-49b0-9d47-bbd69362a28e"
          ],
          "provenance__density": "dummy estimator based on mw",
          "provenance__is_consumed_by": null,
          "provenance__is_produced_by": null,
          "provenance__mass": null,
          "provenance__molecular_weight": "periodic table",
          "provenance__smiles": null,
          "provenance__state_of_matter": "dummy estimator based on mw"
        }
      ],
      "reagents": [
        {
          "identifier": "12d7be06-4281-4762-8c5d-6b49cff6b0cc",
          "smiles": "CN(C)C=O",
          "state_of_matter": "LIQUID",
          "molecular_weight": 73.09378000000004,
          "density": 1.0,
          "mass": 73.09378000000004,
          "is_produced_by": [],
          "is_consumed_by": [
            "6db9ebcd-3cbe-49b0-9d47-bbd69362a28e"
          ],
          "provenance__density": "dummy estimator based on mw",
          "provenance__is_consumed_by": null,
          "provenance__is_produced_by": null,
          "provenance__mass": null,
          "provenance__molecular_weight": "periodic table",
          "provenance__smiles": null,
          "provenance__state_of_matter": "dummy estimator based on mw"
        },
        {
          "identifier": "7e1b861b-97a3-4b94-b342-fcd7fe703a2c",
          "smiles": "ClCCl",
          "state_of_matter": "LIQUID",
          "molecular_weight": 84.93258000000002,
          "density": 1.0,
          "mass": 84.93258000000002,
          "is_produced_by": [],
          "is_consumed_by": [
            "6db9ebcd-3cbe-49b0-9d47-bbd69362a28e"
          ],
          "provenance__density": "dummy estimator based on mw",
          "provenance__is_consumed_by": null,
          "provenance__is_produced_by": null,
          "provenance__mass": null,
          "provenance__molecular_weight": "periodic table",
          "provenance__smiles": null,
          "provenance__state_of_matter": "dummy estimator based on mw"
        },
        {
          "identifier": "4aef3434-22fa-414f-9e74-84663f76324d",
          "smiles": "O=C(Cl)C(=O)Cl",
          "state_of_matter": "LIQUID",
          "molecular_weight": 126.92620000000001,
          "density": 1.0,
          "mass": 126.92620000000001,
          "is_produced_by": [],
          "is_consumed_by": [
            "6db9ebcd-3cbe-49b0-9d47-bbd69362a28e"
          ],
          "provenance__density": "dummy estimator based on mw",
          "provenance__is_consumed_by": null,
          "provenance__is_produced_by": null,
          "provenance__mass": null,
          "provenance__molecular_weight": "periodic table",
          "provenance__smiles": null,
          "provenance__state_of_matter": "dummy estimator based on mw"
        }
      ],
      "products": [
        {
          "identifier": "b269b6f0-d994-4bf2-be54-8090d6adbf04",
          "smiles": "O=C(Cl)C(Cc1ccccc1)N1C(=O)c2ccccc2C1=O",
          "state_of_matter": "SOLID",
          "molecular_weight": 313.73508000000015,
          "density": 1.4,
          "mass": 313.73508000000015,
          "is_produced_by": [
            "6db9ebcd-3cbe-49b0-9d47-bbd69362a28e"
          ],
          "is_consumed_by": [],
          "provenance__density": "dummy estimator based on mw",
          "provenance__is_consumed_by": null,
          "provenance__is_produced_by": null,
          "provenance__mass": null,
          "provenance__molecular_weight": "periodic table",
          "provenance__smiles": null,
          "provenance__state_of_matter": "dummy estimator based on mw"
        }
      ],
      "stoichiometry": {
        "8a5c5aa7-4418-4be2-aaff-91999f2be6e6": 1.0,
        "b269b6f0-d994-4bf2-be54-8090d6adbf04": -1.0
      },
      "temperature": 293.7473646283149,
      "intended_ratios": {
        "8a5c5aa7-4418-4be2-aaff-91999f2be6e6": 1.0,
        "12d7be06-4281-4762-8c5d-6b49cff6b0cc": 1.0,
        "7e1b861b-97a3-4b94-b342-fcd7fe703a2c": 1.0,
        "4aef3434-22fa-414f-9e74-84663f76324d": 1.0
      },
      "expected_yields": {
        "b269b6f0-d994-4bf2-be54-8090d6adbf04": 1.0
      },
      "reaction_extent": 1.0
    },
    {
      "identifier": "430b7c20-99bd-4583-96ef-b10500ec86ce",
      "reactants": [
        {
          "identifier": "1d13125d-7724-4e31-829a-14f5eb339d5a",
          "smiles": "O=C(OCC(Cc1ccccc1)N1C(=O)c2ccccc2C1=O)Oc1ccccc1",
          "state_of_matter": "SOLID",
          "molecular_weight": 401.4113600000002,
          "density": 1.4,
          "mass": 401.4113600000002,
          "is_produced_by": [],
          "is_consumed_by": [
            "430b7c20-99bd-4583-96ef-b10500ec86ce"
          ],
          "provenance__density": "dummy estimator based on mw",
          "provenance__is_consumed_by": null,
          "provenance__is_produced_by": null,
          "provenance__mass": null,
          "provenance__molecular_weight": "periodic table",
          "provenance__smiles": null,
          "provenance__state_of_matter": "dummy estimator based on mw"
        }
      ],
      "reagents": [
        {
          "identifier": "38517b14-9f9f-43d7-9004-fef050a5f29c",
          "smiles": "CN",
          "state_of_matter": "LIQUID",
          "molecular_weight": 31.05710000000001,
          "density": 1.0,
          "mass": 31.05710000000001,
          "is_produced_by": [],
          "is_consumed_by": [
            "430b7c20-99bd-4583-96ef-b10500ec86ce"
          ],
          "provenance__density": "dummy estimator based on mw",
          "provenance__is_consumed_by": null,
          "provenance__is_produced_by": null,
          "provenance__mass": null,
          "provenance__molecular_weight": "periodic table",
          "provenance__smiles": null,
          "provenance__state_of_matter": "dummy estimator based on mw"
        }
      ],
      "products": [
        {
          "identifier": "ec0c67bb-a815-42e8-ac0a-08eee0438fdf",
          "smiles": "NC(=O)OCC(Cc1ccccc1)N1C(=O)c2ccccc2C1=O",
          "state_of_matter": "SOLID",
          "molecular_weight": 324.3306400000002,
          "density": 1.4,
          "mass": 324.3306400000002,
          "is_produced_by": [
            "430b7c20-99bd-4583-96ef-b10500ec86ce"
          ],
          "is_consumed_by": [],
          "provenance__density": "dummy estimator based on mw",
          "provenance__is_consumed_by": null,
          "provenance__is_produced_by": null,
          "provenance__mass": null,
          "provenance__molecular_weight": "periodic table",
          "provenance__smiles": null,
          "provenance__state_of_matter": "dummy estimator based on mw"
        }
      ],
      "stoichiometry": {
        "1d13125d-7724-4e31-829a-14f5eb339d5a": 1.0,
        "ec0c67bb-a815-42e8-ac0a-08eee0438fdf": -1.0
      },
      "temperature": 351.4032031238079,
      "intended_ratios": {
        "1d13125d-7724-4e31-829a-14f5eb339d5a": 1.0,
        "38517b14-9f9f-43d7-9004-fef050a5f29c": 1.0
      },
      "expected_yields": {
        "ec0c67bb-a815-42e8-ac0a-08eee0438fdf": 1.0
      },
      "reaction_extent": 1.0
    },
    {
      "identifier": "7ea58998-5ea5-4393-8133-b3d20fc671b7",
      "reactants": [
        {
          "identifier": "2815b774-59e0-4bee-b217-cd28595127c8",
          "smiles": "O=CC(Cc1ccccc1)N1C(=O)c2ccccc2C1=O",
          "state_of_matter": "SOLID",
          "molecular_weight": 279.2900200000002,
          "density": 1.4,
          "mass": 279.2900200000002,
          "is_produced_by": [],
          "is_consumed_by": [
            "7ea58998-5ea5-4393-8133-b3d20fc671b7"
          ],
          "provenance__density": "dummy estimator based on mw",
          "provenance__is_consumed_by": null,
          "provenance__is_produced_by": null,
          "provenance__mass": null,
          "provenance__molecular_weight": "periodic table",
          "provenance__smiles": null,
          "provenance__state_of_matter": "dummy estimator based on mw"
        }
      ],
      "reagents": [
        {
          "identifier": "1a3338ce-caa7-4b15-96d2-fa767133bb87",
          "smiles": "CO",
          "state_of_matter": "LIQUID",
          "molecular_weight": 32.04186000000001,
          "density": 1.0,
          "mass": 32.04186000000001,
          "is_produced_by": [],
          "is_consumed_by": [
            "7ea58998-5ea5-4393-8133-b3d20fc671b7"
          ],
          "provenance__density": "dummy estimator based on mw",
          "provenance__is_consumed_by": null,
          "provenance__is_produced_by": null,
          "provenance__mass": null,
          "provenance__molecular_weight": "periodic table",
          "provenance__smiles": null,
          "provenance__state_of_matter": "dummy estimator based on mw"
        },
        {
          "identifier": "9bc68771-88c0-472e-a477-4ab7b8638cdf",
          "smiles": "[BH4][Na]",
          "state_of_matter": "SOLID",
          "molecular_weight": 37.83252999999999,
          "density": 1.4,
          "mass": 37.83252999999999,
          "is_produced_by": [],
          "is_consumed_by": [
            "7ea58998-5ea5-4393-8133-b3d20fc671b7"
          ],
          "provenance__density": "dummy estimator based on mw",
          "provenance__is_consumed_by": null,
          "provenance__is_produced_by": null,
          "provenance__mass": null,
          "provenance__molecular_weight": "periodic table",
          "provenance__smiles": null,
          "provenance__state_of_matter": "dummy estimator based on mw"
        }
      ],
      "products": [
        {
          "identifier": "64b71946-38b2-4a99-a75f-8df70e31d693",
          "smiles": "O=C1c2ccccc2C(=O)N1C(CO)Cc1ccccc1",
          "state_of_matter": "SOLID",
          "molecular_weight": 281.30590000000024,
          "density": 1.4,
          "mass": 281.30590000000024,
          "is_produced_by": [
            "7ea58998-5ea5-4393-8133-b3d20fc671b7"
          ],
          "is_consumed_by": [],
          "provenance__density": "dummy estimator based on mw",
          "provenance__is_consumed_by": null,
          "provenance__is_produced_by": null,
          "provenance__mass": null,
          "provenance__molecular_weight": "periodic table",
          "provenance__smiles": null,
          "provenance__state_of_matter": "dummy estimator based on mw"
        }
      ],
      "stoichiometry": {
        "2815b774-59e0-4bee-b217-cd28595127c8": 1.0,
        "64b71946-38b2-4a99-a75f-8df70e31d693": -1.0
      },
      "temperature": 286.01925821900363,
      "intended_ratios": {
        "2815b774-59e0-4bee-b217-cd28595127c8": 1.0,
        "1a3338ce-caa7-4b15-96d2-fa767133bb87": 1.0,
        "9bc68771-88c0-472e-a477-4ab7b8638cdf": 1.0
      },
      "expected_yields": {
        "64b71946-38b2-4a99-a75f-8df70e31d693": 1.0
      },
      "reaction_extent": 1.0
    },
    {
      "identifier": "e53fd829-5465-47b6-b4c7-2543d1eb66a6",
      "reactants": [
        {
          "identifier": "e057b2d7-39b4-43a8-85d4-c72cc41582fa",
          "smiles": "O=Cc1c[nH]c(-c2ccccc2F)c1",
          "state_of_matter": "LIQUID",
          "molecular_weight": 189.18572319999987,
          "density": 1.0,
          "mass": 189.18572319999987,
          "is_produced_by": [],
          "is_consumed_by": [
            "e53fd829-5465-47b6-b4c7-2543d1eb66a6"
          ],
          "provenance__density": "dummy estimator based on mw",
          "provenance__is_consumed_by": null,
          "provenance__is_produced_by": null,
          "provenance__mass": null,
          "provenance__molecular_weight": "periodic table",
          "provenance__smiles": null,
          "provenance__state_of_matter": "dummy estimator based on mw"
        },
        {
          "identifier": "b3e31e75-2984-4192-8a7f-39f559883d93",
          "smiles": "O=S(=O)(Cl)c1cccnc1",
          "state_of_matter": "LIQUID",
          "molecular_weight": 177.60875999999996,
          "density": 1.0,
          "mass": 177.60875999999996,
          "is_produced_by": [],
          "is_consumed_by": [
            "e53fd829-5465-47b6-b4c7-2543d1eb66a6"
          ],
          "provenance__density": "dummy estimator based on mw",
          "provenance__is_consumed_by": null,
          "provenance__is_produced_by": null,
          "provenance__mass": null,
          "provenance__molecular_weight": "periodic table",
          "provenance__smiles": null,
          "provenance__state_of_matter": "dummy estimator based on mw"
        }
      ],
      "reagents": [
        {
          "identifier": "0984cbe3-438a-4637-a6e9-c6d813c2c45b",
          "smiles": "C1CCOC1",
          "state_of_matter": "LIQUID",
          "molecular_weight": 72.10572000000005,
          "density": 1.0,
          "mass": 72.10572000000005,
          "is_produced_by": [],
          "is_consumed_by": [
            "e53fd829-5465-47b6-b4c7-2543d1eb66a6"
          ],
          "provenance__density": "dummy estimator based on mw",
          "provenance__is_consumed_by": null,
          "provenance__is_produced_by": null,
          "provenance__mass": null,
          "provenance__molecular_weight": "periodic table",
          "provenance__smiles": null,
          "provenance__state_of_matter": "dummy estimator based on mw"
        },
        {
          "identifier": "90508bf5-f853-400f-b094-eb8e537132a7",
          "smiles": "[Na]Cl",
          "state_of_matter": "SOLID",
          "molecular_weight": 58.44277,
          "density": 1.4,
          "mass": 58.44277,
          "is_produced_by": [],
          "is_consumed_by": [
            "e53fd829-5465-47b6-b4c7-2543d1eb66a6"
          ],
          "provenance__density": "dummy estimator based on mw",
          "provenance__is_consumed_by": null,
          "provenance__is_produced_by": null,
          "provenance__mass": null,
          "provenance__molecular_weight": "periodic table",
          "provenance__smiles": null,
          "provenance__state_of_matter": "dummy estimator based on mw"
        },
        {
          "identifier": "52b0477a-74ba-42da-b2f5-9141a9494acb",
          "smiles": "[NaH]",
          "state_of_matter": "SOLID",
          "molecular_weight": 23.99771,
          "density": 1.4,
          "mass": 23.99771,
          "is_produced_by": [],
          "is_consumed_by": [
            "e53fd829-5465-47b6-b4c7-2543d1eb66a6"
          ],
          "provenance__density": "dummy estimator based on mw",
          "provenance__is_consumed_by": null,
          "provenance__is_produced_by": null,
          "provenance__mass": null,
          "provenance__molecular_weight": "periodic table",
          "provenance__smiles": null,
          "provenance__state_of_matter": "dummy estimator based on mw"
        },
        {
          "identifier": "e9fe368d-a80c-4490-a40a-a0dc401c50a8",
          "smiles": "C1COCCOCCOCCOCCO1",
          "state_of_matter": "SOLID",
          "molecular_weight": 220.26279999999983,
          "density": 1.4,
          "mass": 220.26279999999983,
          "is_produced_by": [],
          "is_consumed_by": [
            "e53fd829-5465-47b6-b4c7-2543d1eb66a6"
          ],
          "provenance__density": "dummy estimator based on mw",
          "provenance__is_consumed_by": null,
          "provenance__is_produced_by": null,
          "provenance__mass": null,
          "provenance__molecular_weight": "periodic table",
          "provenance__smiles": null,
          "provenance__state_of_matter": "dummy estimator based on mw"
        }
      ],
      "products": [
        {
          "identifier": "89c014e8-ea5c-4b52-8994-b4e3b6568c36",
          "smiles": "O=Cc1cc(-c2ccccc2F)n(S(=O)(=O)c2cccnc2)c1",
          "state_of_matter": "SOLID",
          "molecular_weight": 331.3414832000002,
          "density": 1.4,
          "mass": 331.3414832000002,
          "is_produced_by": [
            "e53fd829-5465-47b6-b4c7-2543d1eb66a6"
          ],
          "is_consumed_by": [],
          "provenance__density": "dummy estimator based on mw",
          "provenance__is_consumed_by": null,
          "provenance__is_produced_by": null,
          "provenance__mass": null,
          "provenance__molecular_weight": "periodic table",
          "provenance__smiles": null,
          "provenance__state_of_matter": "dummy estimator based on mw"
        }
      ],
      "stoichiometry": {
        "e057b2d7-39b4-43a8-85d4-c72cc41582fa": 1.0,
        "b3e31e75-2984-4192-8a7f-39f559883d93": 1.0,
        "89c014e8-ea5c-4b52-8994-b4e3b6568c36": -1.0
      },
      "temperature": 289.642726957798,
      "intended_ratios": {
        "e057b2d7-39b4-43a8-85d4-c72cc41582fa": 1.0,
        "b3e31e75-2984-4192-8a7f-39f559883d93": 1.0,
        "0984cbe3-438a-4637-a6e9-c6d813c2c45b": 1.0,
        "90508bf5-f853-400f-b094-eb8e537132a7": 1.0,
        "52b0477a-74ba-42da-b2f5-9141a9494acb": 1.0,
        "e9fe368d-a80c-4490-a40a-a0dc401c50a8": 1.0
      },
      "expected_yields": {
        "89c014e8-ea5c-4b52-8994-b4e3b6568c36": 1.0
      },
      "reaction_extent": 1.0
    }
  ],
  "molecular_nodes": [
    "C1CCOC1",
    "C1COCCO1",
    "C1COCCOCCOCCOCCO1",
    "CC(C)(C)NS(=O)(=O)c1cccc(N)c1",
    "CC(C)=O",
    "CC(C)n1nccc1-c1ncccc1CCl",
    "CC(C)n1nccc1-c1ncccc1CO",
    "CC(C)n1nccc1-c1ncccc1COc1cccc(O)c1C=O",
    "CC(C)n1nccc1B1OC(C)(C)C(C)(C)O1",
    "CCN(CC)CC",
    "CCO",
    "CN",
    "CN(C)C=O",
    "CNCc1cc(-c2ccccc2F)n(S(=O)(=O)c2cccnc2)c1",
    "CO",
    "CS(=O)(=O)Cl",
    "Cc1cnc(Cl)nc1Cl",
    "Cc1cnc(Cl)nc1Nc1cccc(S(=O)(=O)NC(C)(C)C)c1",
    "Cc1cnc(Nc2ccc(O)cc2)nc1Nc1cccc(S(=O)(=O)NC(C)(C)C)c1",
    "Cc1cnc(Nc2ccc(OCCN3CCCC3)cc2)nc1Nc1cccc(S(=O)(=O)NC(C)(C)C)c1",
    "Cc1cnc(Nc2ccc(OCc3ccccc3)cc2)nc1Nc1cccc(S(=O)(=O)NC(C)(C)C)c1",
    "Cl",
    "ClCCN1CCCC1",
    "ClCCl",
    "NC(=O)OCC(Cc1ccccc1)N1C(=O)c2ccccc2C1=O",
    "NC(=O)OCC(N)Cc1ccccc1",
    "NN",
    "Nc1ccc(OCc2ccccc2)cc1",
    "O",
    "O=C(Cl)C(=O)Cl",
    "O=C(Cl)C(Cc1ccccc1)N1C(=O)c2ccccc2C1=O",
    "O=C(Cl)Oc1ccccc1",
    "O=C(O)C(Cc1ccccc1)N1C(=O)c2ccccc2C1=O",
    "O=C(O)O[Na]",
    "O=C(OCC(Cc1ccccc1)N1C(=O)c2ccccc2C1=O)Oc1ccccc1",
    "O=C(O[K])O[K]",
    "O=C1c2ccccc2C(=O)N1C(CO)Cc1ccccc1",
    "O=CC(Cc1ccccc1)N1C(=O)c2ccccc2C1=O",
    "O=Cc1c(O)cccc1O",
    "O=Cc1c[nH]c(-c2ccccc2F)c1",
    "O=Cc1cc(-c2ccccc2F)n(S(=O)(=O)c2cccnc2)c1",
    "O=S(=O)(Cl)c1cccnc1",
    "OCc1cccnc1Cl",
    "[BH4][Na]",
    "[NaH]",
    "[Na]Cl",
    "[Pd]",
    "c1ccncc1"
  ],
  "edges": [
    [
      "3830ec98-488f-45ce-8a71-dabe86b3d6bc",
      "CNCc1cc(-c2ccccc2F)n(S(=O)(=O)c2cccnc2)c1"
    ],
    [
      "3c739968-c692-4670-9c56-db22f9ad2253",
      "CC(C)n1nccc1-c1ncccc1CO"
    ],
    [
      "41e78b17-1fe1-4673-bde3-033008a08a2e",
      "NC(=O)OCC(N)Cc1ccccc1"
    ],
    [
      "430b7c20-99bd-4583-96ef-b10500ec86ce",
      "NC(=O)OCC(Cc1ccccc1)N1C(=O)c2ccccc2C1=O"
    ],
    [
      "4ac819e1-b44b-4f53-a77d-818e3d69a389",
      "O=CC(Cc1ccccc1)N1C(=O)c2ccccc2C1=O"
    ],
    [
      "6db9ebcd-3cbe-49b0-9d47-bbd69362a28e",
      "O=C(Cl)C(Cc1ccccc1)N1C(=O)c2ccccc2C1=O"
    ],
    [
      "7ea58998-5ea5-4393-8133-b3d20fc671b7",
      "O=C1c2ccccc2C(=O)N1C(CO)Cc1ccccc1"
    ],
    [
      "86ee8c1b-6dd5-45f9-ba51-9a0711ebf2c1",
      "Cc1cnc(Nc2ccc(OCc3ccccc3)cc2)nc1Nc1cccc(S(=O)(=O)NC(C)(C)C)c1"
    ],
    [
      "8f6345c1-05da-41a1-9817-76d2a8d10ac7",
      "Cc1cnc(Nc2ccc(O)cc2)nc1Nc1cccc(S(=O)(=O)NC(C)(C)C)c1"
    ],
    [
      "9ec4be54-b0cf-42fc-8c37-b99e43c89fe5",
      "O=C(OCC(Cc1ccccc1)N1C(=O)c2ccccc2C1=O)Oc1ccccc1"
    ],
    [
      "C1CCOC1",
      "e53fd829-5465-47b6-b4c7-2543d1eb66a6"
    ],
    [
      "C1COCCO1",
      "3c739968-c692-4670-9c56-db22f9ad2253"
    ],
    [
      "C1COCCO1",
      "86ee8c1b-6dd5-45f9-ba51-9a0711ebf2c1"
    ],
    [
      "C1COCCOCCOCCOCCO1",
      "e53fd829-5465-47b6-b4c7-2543d1eb66a6"
    ],
    [
      "CC(C)(C)NS(=O)(=O)c1cccc(N)c1",
      "b016de4c-18a6-4f2c-be6d-8cae46100a37"
    ],
    [
      "CC(C)=O",
      "c56be68b-302d-4b1b-bd7a-bbffbee93497"
    ],
    [
      "CC(C)n1nccc1-c1ncccc1CCl",
      "b4354e64-663c-40c1-9ac7-c494806b7223"
    ],
    [
      "CC(C)n1nccc1-c1ncccc1CO",
      "ab72abc2-5add-429c-a106-b826115ffd52"
    ],
    [
      "CC(C)n1nccc1B1OC(C)(C)C(C)(C)O1",
      "3c739968-c692-4670-9c56-db22f9ad2253"
    ],
    [
      "CCN(CC)CC",
      "ab72abc2-5add-429c-a106-b826115ffd52"
    ],
    [
      "CCO",
      "41e78b17-1fe1-4673-bde3-033008a08a2e"
    ],
    [
      "CN",
      "3830ec98-488f-45ce-8a71-dabe86b3d6bc"
    ],
    [
      "CN",
      "430b7c20-99bd-4583-96ef-b10500ec86ce"
    ],
    [
      "CN(C)C=O",
      "6db9ebcd-3cbe-49b0-9d47-bbd69362a28e"
    ],
    [
      "CN(C)C=O",
      "b4354e64-663c-40c1-9ac7-c494806b7223"
    ],
    [
      "CO",
      "3830ec98-488f-45ce-8a71-dabe86b3d6bc"
    ],
    [
      "CO",
      "7ea58998-5ea5-4393-8133-b3d20fc671b7"
    ],
    [
      "CO",
      "8f6345c1-05da-41a1-9817-76d2a8d10ac7"
    ],
    [
      "CO",
      "b016de4c-18a6-4f2c-be6d-8cae46100a37"
    ],
    [
      "CS(=O)(=O)Cl",
      "ab72abc2-5add-429c-a106-b826115ffd52"
    ],
    [
      "Cc1cnc(Cl)nc1Cl",
      "b016de4c-18a6-4f2c-be6d-8cae46100a37"
    ],
    [
      "Cc1cnc(Cl)nc1Nc1cccc(S(=O)(=O)NC(C)(C)C)c1",
      "86ee8c1b-6dd5-45f9-ba51-9a0711ebf2c1"
    ],
    [
      "Cc1cnc(Nc2ccc(O)cc2)nc1Nc1cccc(S(=O)(=O)NC(C)(C)C)c1",
      "c56be68b-302d-4b1b-bd7a-bbffbee93497"
    ],
    [
      "Cc1cnc(Nc2ccc(OCc3ccccc3)cc2)nc1Nc1cccc(S(=O)(=O)NC(C)(C)C)c1",
      "8f6345c1-05da-41a1-9817-76d2a8d10ac7"
    ],
    [
      "Cl",
      "86ee8c1b-6dd5-45f9-ba51-9a0711ebf2c1"
    ],
    [
      "Cl",
      "b4354e64-663c-40c1-9ac7-c494806b7223"
    ],
    [
      "ClCCN1CCCC1",
      "c56be68b-302d-4b1b-bd7a-bbffbee93497"
    ],
    [
      "ClCCl",
      "6db9ebcd-3cbe-49b0-9d47-bbd69362a28e"
    ],
    [
      "ClCCl",
      "9ec4be54-b0cf-42fc-8c37-b99e43c89fe5"
    ],
    [
      "ClCCl",
      "ab72abc2-5add-429c-a106-b826115ffd52"
    ],
    [
      "NC(=O)OCC(Cc1ccccc1)N1C(=O)c2ccccc2C1=O",
      "41e78b17-1fe1-4673-bde3-033008a08a2e"
    ],
    [
      "NN",
      "41e78b17-1fe1-4673-bde3-033008a08a2e"
    ],
    [
      "Nc1ccc(OCc2ccccc2)cc1",
      "86ee8c1b-6dd5-45f9-ba51-9a0711ebf2c1"
    ],
    [
      "O",
      "3c739968-c692-4670-9c56-db22f9ad2253"
    ],
    [
      "O",
      "41e78b17-1fe1-4673-bde3-033008a08a2e"
    ],
    [
      "O=C(Cl)C(=O)Cl",
      "6db9ebcd-3cbe-49b0-9d47-bbd69362a28e"
    ],
    [
      "O=C(Cl)C(Cc1ccccc1)N1C(=O)c2ccccc2C1=O",
      "4ac819e1-b44b-4f53-a77d-818e3d69a389"
    ],
    [
      "O=C(Cl)Oc1ccccc1",
      "9ec4be54-b0cf-42fc-8c37-b99e43c89fe5"
    ],
    [
      "O=C(O)C(Cc1ccccc1)N1C(=O)c2ccccc2C1=O",
      "6db9ebcd-3cbe-49b0-9d47-bbd69362a28e"
    ],
    [
      "O=C(O)O[Na]",
      "3830ec98-488f-45ce-8a71-dabe86b3d6bc"
    ],
    [
      "O=C(O)O[Na]",
      "3c739968-c692-4670-9c56-db22f9ad2253"
    ],
    [
      "O=C(OCC(Cc1ccccc1)N1C(=O)c2ccccc2C1=O)Oc1ccccc1",
      "430b7c20-99bd-4583-96ef-b10500ec86ce"
    ],
    [
      "O=C(O[K])O[K]",
      "b4354e64-663c-40c1-9ac7-c494806b7223"
    ],
    [
      "O=C(O[K])O[K]",
      "c56be68b-302d-4b1b-bd7a-bbffbee93497"
    ],
    [
      "O=C1c2ccccc2C(=O)N1C(CO)Cc1ccccc1",
      "9ec4be54-b0cf-42fc-8c37-b99e43c89fe5"
    ],
    [
      "O=CC(Cc1ccccc1)N1C(=O)c2ccccc2C1=O",
      "7ea58998-5ea5-4393-8133-b3d20fc671b7"
    ],
    [
      "O=Cc1c(O)cccc1O",
      "b4354e64-663c-40c1-9ac7-c494806b7223"
    ],
    [
      "O=Cc1c[nH]c(-c2ccccc2F)c1",
      "e53fd829-5465-47b6-b4c7-2543d1eb66a6"
    ],
    [
      "O=Cc1cc(-c2ccccc2F)n(S(=O)(=O)c2cccnc2)c1",
      "3830ec98-488f-45ce-8a71-dabe86b3d6bc"
    ],
    [
      "O=S(=O)(Cl)c1cccnc1",
      "e53fd829-5465-47b6-b4c7-2543d1eb66a6"
    ],
    [
      "OCc1cccnc1Cl",
      "3c739968-c692-4670-9c56-db22f9ad2253"
    ],
    [
      "[BH4][Na]",
      "3830ec98-488f-45ce-8a71-dabe86b3d6bc"
    ],
    [
      "[BH4][Na]",
      "7ea58998-5ea5-4393-8133-b3d20fc671b7"
    ],
    [
      "[NaH]",
      "e53fd829-5465-47b6-b4c7-2543d1eb66a6"
    ],
    [
      "[Na]Cl",
      "e53fd829-5465-47b6-b4c7-2543d1eb66a6"
    ],
    [
      "[Pd]",
      "8f6345c1-05da-41a1-9817-76d2a8d10ac7"
    ],
    [
      "ab72abc2-5add-429c-a106-b826115ffd52",
      "CC(C)n1nccc1-c1ncccc1CCl"
    ],
    [
      "b016de4c-18a6-4f2c-be6d-8cae46100a37",
      "Cc1cnc(Cl)nc1Nc1cccc(S(=O)(=O)NC(C)(C)C)c1"
    ],
    [
      "b4354e64-663c-40c1-9ac7-c494806b7223",
      "CC(C)n1nccc1-c1ncccc1COc1cccc(O)c1C=O"
    ],
    [
      "c1ccncc1",
      "4ac819e1-b44b-4f53-a77d-818e3d69a389"
    ],
    [
      "c1ccncc1",
      "9ec4be54-b0cf-42fc-8c37-b99e43c89fe5"
    ],
    [
      "c56be68b-302d-4b1b-bd7a-bbffbee93497",
      "Cc1cnc(Nc2ccc(OCCN3CCCC3)cc2)nc1Nc1cccc(S(=O)(=O)NC(C)(C)C)c1"
    ],
    [
      "e53fd829-5465-47b6-b4c7-2543d1eb66a6",
      "O=Cc1cc(-c2ccccc2F)n(S(=O)(=O)c2cccnc2)c1"
    ]
  ]
}