{
  "identifier": "18f9d03f-7078-402f-a783-b338a7428984",
  "operation_graphs": [
    {
      "identifier": "9b111a83-8453-4f78-ad89-bada2a4ac4b9",
      "reaction": {
        "identifier": "21c0a630-56b6-4808-b120-12266f94d4ab",
        "reactants": [
          {
            "identifier": "82eeab75-7e65-4cbf-b012-7bbbffa775b8",
            "smiles": "NCc1cccc(-c2ccsc2)c1",
            "state_of_matter": "LIQUID",
            "molecular_weight": 190.28467999999987,
            "density": 1.0,
            "mass": 1.9028467999999987,
            "is_produced_by": [],
            "is_consumed_by": [
              "21c0a630-56b6-4808-b120-12266f94d4ab"
            ],
            "provenance__density": "dummy estimator based on mw",
            "provenance__is_consumed_by": null,
            "provenance__is_produced_by": null,
            "provenance__mass": null,
            "provenance__molecular_weight": "periodic table",
            "provenance__smiles": null,
            "provenance__state_of_matter": "dummy estimator based on mw"
          },
          {
            "identifier": "667ad579-366d-4f7d-8cc3-a0d73184a376",
            "smiles": "O=C(Nc1ccc(S(=O)(=O)NCC2CC2)cc1)Oc1ccccc1",
            "state_of_matter": "SOLID",
            "molecular_weight": 346.4008200000002,
            "density": 1.4,
            "mass": 3.464008200000002,
            "is_produced_by": [],
            "is_consumed_by": [
              "21c0a630-56b6-4808-b120-12266f94d4ab"
            ],
            "provenance__density": "dummy estimator based on mw",
            "provenance__is_consumed_by": null,
            "provenance__is_produced_by": null,
            "provenance__mass": null,
            "provenance__molecular_weight": "periodic table",
            "provenance__smiles": null,
            "provenance__state_of_matter": "dummy estimator based on mw"
          }
        ],
        "reagents": [
          {
            "identifier": "795b7202-3a46-44ee-adef-1f1c4926fa22",
            "smiles": "CS(C)=O",
            "state_of_matter": "LIQUID",
            "molecular_weight": 78.13344000000002,
            "density": 1.0,
            "mass": 0.7813344000000002,
            "is_produced_by": [],
            "is_consumed_by": [
              "21c0a630-56b6-4808-b120-12266f94d4ab"
            ],
            "provenance__density": "dummy estimator based on mw",
            "provenance__is_consumed_by": null,
            "provenance__is_produced_by": null,
            "provenance__mass": null,
            "provenance__molecular_weight": "periodic table",
            "provenance__smiles": null,
            "provenance__state_of_matter": "dummy estimator based on mw"
          }
        ],
        "products": [
          {
            "identifier": "3729e1a7-b4d9-4dd3-8d76-ec2c2eb7a67f",
            "smiles": "O=C(NCc1cccc(-c2ccsc2)c1)Nc1ccc(S(=O)(=O)NCC2CC2)cc1",
            "state_of_matter": "SOLID",
            "molecular_weight": 442.57426000000027,
            "density": 1.4,
            "mass": 4.425742600000003,
            "is_produced_by": [
              "21c0a630-56b6-4808-b120-12266f94d4ab"
            ],
            "is_consumed_by": [],
            "provenance__density": "dummy estimator based on mw",
            "provenance__is_consumed_by": null,
            "provenance__is_produced_by": null,
            "provenance__mass": null,
            "provenance__molecular_weight": "periodic table",
            "provenance__smiles": null,
            "provenance__state_of_matter": "dummy estimator based on mw"
          }
        ],
        "stoichiometry": {
          "82eeab75-7e65-4cbf-b012-7bbbffa775b8": 1.0,
          "667ad579-366d-4f7d-8cc3-a0d73184a376": 1.0,
          "3729e1a7-b4d9-4dd3-8d76-ec2c2eb7a67f": -1.0
        },
        "temperature": 373.60854529738424,
        "intended_ratios": {
          "82eeab75-7e65-4cbf-b012-7bbbffa775b8": 1.0,
          "667ad579-366d-4f7d-8cc3-a0d73184a376": 1.0,
          "795b7202-3a46-44ee-adef-1f1c4926fa22": 1.0
        },
        "expected_yields": {
          "3729e1a7-b4d9-4dd3-8d76-ec2c2eb7a67f": 1.0
        },
        "reaction_extent": 0.01
      },
      "functional_modules": [],
      "make_solutions": {
        "667ad579-366d-4f7d-8cc3-a0d73184a376": {
          "identifier": "56ac11fc-bd65-4f7a-8da5-ccc799232690",
          "type": "MakeSolution",
          "process_times": {},
          "from_reaction": "21c0a630-56b6-4808-b120-12266f94d4ab",
          "annotations": {
            "solid_chemical": {
              "identifier": "667ad579-366d-4f7d-8cc3-a0d73184a376",
              "smiles": "O=C(Nc1ccc(S(=O)(=O)NCC2CC2)cc1)Oc1ccccc1",
              "state_of_matter": "SOLID",
              "molecular_weight": 346.4008200000002,
              "density": 1.4,
              "mass": 3.464008200000002,
              "is_produced_by": [],
              "is_consumed_by": [
                "21c0a630-56b6-4808-b120-12266f94d4ab"
              ],
              "provenance__density": "dummy estimator based on mw",
              "provenance__is_consumed_by": null,
              "provenance__is_produced_by": null,
              "provenance__mass": null,
              "provenance__molecular_weight": "periodic table",
              "provenance__smiles": null,
              "provenance__state_of_matter": "dummy estimator based on mw"
            },
            "liquid_chemical": {
              "identifier": "78eab81b-f575-4304-ad49-8051bd1d1060",
              "smiles": "NCc1cccc(-c2ccsc2)c1",
              "state_of_matter": "LIQUID",
              "molecular_weight": 190.28467999999987,
              "density": 1.0,
              "mass": 1.9028467999999987,
              "is_produced_by": [],
              "is_consumed_by": [
                "21c0a630-56b6-4808-b120-12266f94d4ab"
              ],
              "provenance__density": "dummy estimator based on mw",
              "provenance__is_consumed_by": null,
              "provenance__is_produced_by": null,
              "provenance__mass": null,
              "provenance__molecular_weight": "periodic table",
              "provenance__smiles": null,
              "provenance__state_of_matter": "dummy estimator based on mw"
            },
            "notes": "making NCc1cccc(-c2ccsc2)c1 solution for O=C(Nc1ccc(S(=O)(=O)NCC2CC2)cc1)Oc1ccccc1"
          },
          "precedents": [
            "6c10bcb2-ce7b-4058-8515-526a671a988a",
            "c7352db7-ee71-4e25-b354-22f30f69daee"
          ]
        }
      },
      "add_solutions": {
        "667ad579-366d-4f7d-8cc3-a0d73184a376": {
          "identifier": "03b3764b-40d9-4725-9e4f-90debfed08ae",
          "type": "TransferLiquid",
          "process_times": {},
          "from_reaction": "21c0a630-56b6-4808-b120-12266f94d4ab",
          "annotations": {
            "chemical": {
              "identifier": "db31cc91-d0ec-4f32-ba9e-9a5df8dc80d9",
              "smiles": "NCc1cccc(-c2ccsc2)c1.O=C(Nc1ccc(S(=O)(=O)NCC2CC2)cc1)Oc1ccccc1",
              "state_of_matter": "LIQUID",
              "molecular_weight": null,
              "density": 1.2261104275413652,
              "mass": 5.366855000000001,
              "is_produced_by": [],
              "is_consumed_by": [
                "21c0a630-56b6-4808-b120-12266f94d4ab"
              ],
              "provenance__density": "dummy estimator based on mw",
              "provenance__is_consumed_by": null,
              "provenance__is_produced_by": null,
              "provenance__mass": null,
              "provenance__molecular_weight": "periodic table",
              "provenance__smiles": null,
              "provenance__state_of_matter": "dummy estimator based on mw"
            },
            "notes": "add solution O=C(Nc1ccc(S(=O)(=O)NCC2CC2)cc1)Oc1ccccc1 in NCc1cccc(-c2ccsc2)c1"
          },
          "precedents": [
            "56ac11fc-bd65-4f7a-8da5-ccc799232690"
          ]
        }
      },
      "add_liquids": {
        "795b7202-3a46-44ee-adef-1f1c4926fa22": {
          "identifier": "97e6e315-e23c-48d9-b0b1-ad99feb5d40e",
          "type": "TransferLiquid",
          "process_times": {},
          "from_reaction": "21c0a630-56b6-4808-b120-12266f94d4ab",
          "annotations": {
            "chemical": {
              "identifier": "795b7202-3a46-44ee-adef-1f1c4926fa22",
              "smiles": "CS(C)=O",
              "state_of_matter": "LIQUID",
              "molecular_weight": 78.13344000000002,
              "density": 1.0,
              "mass": 0.7813344000000002,
              "is_produced_by": [],
              "is_consumed_by": [
                "21c0a630-56b6-4808-b120-12266f94d4ab"
              ],
              "provenance__density": "dummy estimator based on mw",
              "provenance__is_consumed_by": null,
              "provenance__is_produced_by": null,
              "provenance__mass": null,
              "provenance__molecular_weight": "periodic table",
              "provenance__smiles": null,
              "provenance__state_of_matter": "dummy estimator based on mw"
            },
            "notes": "add liquid CS(C)=O"
          },
          "precedents": []
        }
      },
      "heat": {
        "identifier": "10cbfbb8-e562-46e8-a6bb-7c1c1d269b69",
        "type": "Heating",
        "process_times": {},
        "from_reaction": "21c0a630-56b6-4808-b120-12266f94d4ab",
        "annotations": {
          "temperature": 373.60854529738424,
          "notes": "heating the reaction vessel to afford product: O=C(NCc1cccc(-c2ccsc2)c1)Nc1ccc(S(=O)(=O)NCC2CC2)cc1"
        },
        "precedents": [
          "97e6e315-e23c-48d9-b0b1-ad99feb5d40e",
          "03b3764b-40d9-4725-9e4f-90debfed08ae",
          "56ac11fc-bd65-4f7a-8da5-ccc799232690"
        ]
      },
      "concentrate_and_purify": {
        "identifier": "1ae31a82-d3b2-4950-8599-0bacacfaac84",
        "type": "ConcentrationAndPurification",
        "process_times": {},
        "from_reaction": "21c0a630-56b6-4808-b120-12266f94d4ab",
        "annotations": {
          "chemical": {
            "identifier": "3729e1a7-b4d9-4dd3-8d76-ec2c2eb7a67f",
            "smiles": "O=C(NCc1cccc(-c2ccsc2)c1)Nc1ccc(S(=O)(=O)NCC2CC2)cc1",
            "state_of_matter": "SOLID",
            "molecular_weight": 442.57426000000027,
            "density": 1.4,
            "mass": 4.425742600000003,
            "is_produced_by": [
              "21c0a630-56b6-4808-b120-12266f94d4ab"
            ],
            "is_consumed_by": [],
            "provenance__density": "dummy estimator based on mw",
            "provenance__is_consumed_by": null,
            "provenance__is_produced_by": null,
            "provenance__mass": null,
            "provenance__molecular_weight": "periodic table",
            "provenance__smiles": null,
            "provenance__state_of_matter": "dummy estimator based on mw"
          },
          "notes": "purify and concentrate the product: O=C(NCc1cccc(-c2ccsc2)c1)Nc1ccc(S(=O)(=O)NCC2CC2)cc1"
        },
        "precedents": [
          "10cbfbb8-e562-46e8-a6bb-7c1c1d269b69"
        ]
      },
      "lmin": {
        "10cbfbb8-e562-46e8-a6bb-7c1c1d269b69": {
          "1ae31a82-d3b2-4950-8599-0bacacfaac84": 31.708591772689186
        }
      },
      "lmax": {
        "56ac11fc-bd65-4f7a-8da5-ccc799232690": {
          "10cbfbb8-e562-46e8-a6bb-7c1c1d269b69": 66.6532184066281
        }
      }
    },
    {
      "identifier": "9422d64c-2c12-4db8-be16-b726bd42f803",
      "reaction": {
        "identifier": "2add0db0-419d-4c10-b58e-d96170e42345",
        "reactants": [
          {
            "identifier": "5d133146-4cde-4f00-b522-adadc78f41bd",
            "smiles": "NCc1cccc(Br)c1",
            "state_of_matter": "LIQUID",
            "molecular_weight": 186.0491199999999,
            "density": 1.0,
            "mass": 1.8604911999999991,
            "is_produced_by": [],
            "is_consumed_by": [
              "2add0db0-419d-4c10-b58e-d96170e42345"
            ],
            "provenance__density": "dummy estimator based on mw",
            "provenance__is_consumed_by": null,
            "provenance__is_produced_by": null,
            "provenance__mass": null,
            "provenance__molecular_weight": "periodic table",
            "provenance__smiles": null,
            "provenance__state_of_matter": "dummy estimator based on mw"
          },
          {
            "identifier": "1df1be78-907d-4438-9b9c-2b7b2de353bf",
            "smiles": "OB(O)c1ccsc1",
            "state_of_matter": "LIQUID",
            "molecular_weight": 128.96524000000002,
            "density": 1.0,
            "mass": 1.2896524000000003,
            "is_produced_by": [],
            "is_consumed_by": [
              "2add0db0-419d-4c10-b58e-d96170e42345"
            ],
            "provenance__density": "dummy estimator based on mw",
            "provenance__is_consumed_by": null,
            "provenance__is_produced_by": null,
            "provenance__mass": null,
            "provenance__molecular_weight": "periodic table",
            "provenance__smiles": null,
            "provenance__state_of_matter": "dummy estimator based on mw"
          }
        ],
        "reagents": [
          {
            "identifier": "25e6d26a-ea56-4cb5-b73b-6b78f1ec289a",
            "smiles": "O",
            "state_of_matter": "LIQUID",
            "molecular_weight": 18.01528,
            "density": 1.0,
            "mass": 0.1801528,
            "is_produced_by": [],
            "is_consumed_by": [
              "2add0db0-419d-4c10-b58e-d96170e42345"
            ],
            "provenance__density": "dummy estimator based on mw",
            "provenance__is_consumed_by": null,
            "provenance__is_produced_by": null,
            "provenance__mass": null,
            "provenance__molecular_weight": "periodic table",
            "provenance__smiles": null,
            "provenance__state_of_matter": "dummy estimator based on mw"
          },
          {
            "identifier": "a47391e5-ce00-44d9-85b0-63d20c403416",
            "smiles": "O=C(O[K])O[K]",
            "state_of_matter": "SOLID",
            "molecular_weight": 138.2055,
            "density": 1.4,
            "mass": 1.382055,
            "is_produced_by": [],
            "is_consumed_by": [
              "2add0db0-419d-4c10-b58e-d96170e42345"
            ],
            "provenance__density": "dummy estimator based on mw",
            "provenance__is_consumed_by": null,
            "provenance__is_produced_by": null,
            "provenance__mass": null,
            "provenance__molecular_weight": "periodic table",
            "provenance__smiles": null,
            "provenance__state_of_matter": "dummy estimator based on mw"
          },
          {
            "identifier": "e89deeea-64fb-4f92-ab71-eac83415feb3",
            "smiles": "C1COCCO1",
            "state_of_matter": "LIQUID",
            "molecular_weight": 88.10512000000004,
            "density": 1.0,
            "mass": 0.8810512000000005,
            "is_produced_by": [],
            "is_consumed_by": [
              "2add0db0-419d-4c10-b58e-d96170e42345"
            ],
            "provenance__density": "dummy estimator based on mw",
            "provenance__is_consumed_by": null,
            "provenance__is_produced_by": null,
            "provenance__mass": null,
            "provenance__molecular_weight": "periodic table",
            "provenance__smiles": null,
            "provenance__state_of_matter": "dummy estimator based on mw"
          },
          {
            "identifier": "da3b6016-e742-42b3-ab91-f31c7bc5f30c",
            "smiles": "c1ccc([PH](c2ccccc2)(c2ccccc2)[Pd]([PH](c2ccccc2)(c2ccccc2)c2ccccc2)([PH](c2ccccc2)(c2ccccc2)c2ccccc2)[PH](c2ccccc2)(c2ccccc2)c2ccccc2)cc1",
            "state_of_matter": "SOLID",
            "molecular_weight": 1159.593603999999,
            "density": 1.4,
            "mass": 11.595936039999991,
            "is_produced_by": [],
            "is_consumed_by": [
              "2add0db0-419d-4c10-b58e-d96170e42345"
            ],
            "provenance__density": "dummy estimator based on mw",
            "provenance__is_consumed_by": null,
            "provenance__is_produced_by": null,
            "provenance__mass": null,
            "provenance__molecular_weight": "periodic table",
            "provenance__smiles": null,
            "provenance__state_of_matter": "dummy estimator based on mw"
          }
        ],
        "products": [
          {
            "identifier": "d00456ae-6ff8-4bae-988c-154ccdab36b3",
            "smiles": "NCc1cccc(-c2ccsc2)c1",
            "state_of_matter": "LIQUID",
            "molecular_weight": 190.28467999999987,
            "density": 1.0,
            "mass": 1.9028467999999987,
            "is_produced_by": [
              "2add0db0-419d-4c10-b58e-d96170e42345"
            ],
            "is_consumed_by": [],
            "provenance__density": "dummy estimator based on mw",
            "provenance__is_consumed_by": null,
            "provenance__is_produced_by": null,
            "provenance__mass": null,
            "provenance__molecular_weight": "periodic table",
            "provenance__smiles": null,
            "provenance__state_of_matter": "dummy estimator based on mw"
          }
        ],
        "stoichiometry": {
          "5d133146-4cde-4f00-b522-adadc78f41bd": 1.0,
          "1df1be78-907d-4438-9b9c-2b7b2de353bf": 1.0,
          "d00456ae-6ff8-4bae-988c-154ccdab36b3": -1.0
        },
        "temperature": 360.4221981525421,
        "intended_ratios": {
          "5d133146-4cde-4f00-b522-adadc78f41bd": 1.0,
          "1df1be78-907d-4438-9b9c-2b7b2de353bf": 1.0,
          "25e6d26a-ea56-4cb5-b73b-6b78f1ec289a": 1.0,
          "a47391e5-ce00-44d9-85b0-63d20c403416": 1.0,
          "e89deeea-64fb-4f92-ab71-eac83415feb3": 1.0,
          "da3b6016-e742-42b3-ab91-f31c7bc5f30c": 1.0
        },
        "expected_yields": {
          "d00456ae-6ff8-4bae-988c-154ccdab36b3": 1.0
        },
        "reaction_extent": 0.01
      },
      "functional_modules": [],
      "make_solutions": {
        "a47391e5-ce00-44d9-85b0-63d20c403416": {
          "identifier": "0e72a6a6-55b6-4cb3-a6bc-6e20f270740d",
          "type": "MakeSolution",
          "process_times": {},
          "from_reaction": "2add0db0-419d-4c10-b58e-d96170e42345",
          "annotations": {
            "solid_chemical": {
              "identifier": "a47391e5-ce00-44d9-85b0-63d20c403416",
              "smiles": "O=C(O[K])O[K]",
              "state_of_matter": "SOLID",
              "molecular_weight": 138.2055,
              "density": 1.4,
              "mass": 1.382055,
              "is_produced_by": [],
              "is_consumed_by": [
                "2add0db0-419d-4c10-b58e-d96170e42345"
              ],
              "provenance__density": "dummy estimator based on mw",
              "provenance__is_consumed_by": null,
              "provenance__is_produced_by": null,
              "provenance__mass": null,
              "provenance__molecular_weight": "periodic table",
              "provenance__smiles": null,
              "provenance__state_of_matter": "dummy estimator based on mw"
            },
            "liquid_chemical": {
              "identifier": "81333baa-fc96-47f2-8abe-77befcfcaa22",
              "smiles": "NCc1cccc(Br)c1",
              "state_of_matter": "LIQUID",
              "molecular_weight": 186.0491199999999,
              "density": 1.0,
              "mass": 0.1981278271414187,
              "is_produced_by": [],
              "is_consumed_by": [
                "2add0db0-419d-4c10-b58e-d96170e42345"
              ],
              "provenance__density": "dummy estimator based on mw",
              "provenance__is_consumed_by": null,
              "provenance__is_produced_by": null,
              "provenance__mass": null,
              "provenance__molecular_weight": "periodic table",
              "provenance__smiles": null,
              "provenance__state_of_matter": "dummy estimator based on mw"
            },
            "notes": "making NCc1cccc(Br)c1 solution for O=C(O[K])O[K]"
          },
          "precedents": []
        },
        "da3b6016-e742-42b3-ab91-f31c7bc5f30c": {
          "identifier": "05fef8ff-421f-4def-887e-a8bd078af319",
          "type": "MakeSolution",
          "process_times": {},
          "from_reaction": "2add0db0-419d-4c10-b58e-d96170e42345",
          "annotations": {
            "solid_chemical": {
              "identifier": "da3b6016-e742-42b3-ab91-f31c7bc5f30c",
              "smiles": "c1ccc([PH](c2ccccc2)(c2ccccc2)[Pd]([PH](c2ccccc2)(c2ccccc2)c2ccccc2)([PH](c2ccccc2)(c2ccccc2)c2ccccc2)[PH](c2ccccc2)(c2ccccc2)c2ccccc2)cc1",
              "state_of_matter": "SOLID",
              "molecular_weight": 1159.593603999999,
              "density": 1.4,
              "mass": 11.595936039999991,
              "is_produced_by": [],
              "is_consumed_by": [
                "2add0db0-419d-4c10-b58e-d96170e42345"
              ],
              "provenance__density": "dummy estimator based on mw",
              "provenance__is_consumed_by": null,
              "provenance__is_produced_by": null,
              "provenance__mass": null,
              "provenance__molecular_weight": "periodic table",
              "provenance__smiles": null,
              "provenance__state_of_matter": "dummy estimator based on mw"
            },
            "liquid_chemical": {
              "identifier": "0acd92d7-55a1-4a3d-9bbf-62bdcbb064b2",
              "smiles": "NCc1cccc(Br)c1",
              "state_of_matter": "LIQUID",
              "molecular_weight": 186.0491199999999,
              "density": 1.0,
              "mass": 1.6623633728585805,
              "is_produced_by": [],
              "is_consumed_by": [
                "2add0db0-419d-4c10-b58e-d96170e42345"
              ],
              "provenance__density": "dummy estimator based on mw",
              "provenance__is_consumed_by": null,
              "provenance__is_produced_by": null,
              "provenance__mass": null,
              "provenance__molecular_weight": "periodic table",
              "provenance__smiles": null,
              "provenance__state_of_matter": "dummy estimator based on mw"
            },
            "notes": "making NCc1cccc(Br)c1 solution for c1ccc([PH](c2ccccc2)(c2ccccc2)[Pd]([PH](c2ccccc2)(c2ccccc2)c2ccccc2)([PH](c2ccccc2)(c2ccccc2)c2ccccc2)[PH](c2ccccc2)(c2ccccc2)c2ccccc2)cc1"
          },
          "precedents": []
        }
      },
      "add_solutions": {
        "a47391e5-ce00-44d9-85b0-63d20c403416": {
          "identifier": "ec7fae19-a9c7-49ae-8586-9c367da93ecb",
          "type": "TransferLiquid",
          "process_times": {},
          "from_reaction": "2add0db0-419d-4c10-b58e-d96170e42345",
          "annotations": {
            "chemical": {
              "identifier": "a7722df7-920f-4852-9b56-e79283f69dc8",
              "smiles": "NCc1cccc(Br)c1.O=C(O[K])O[K]",
              "state_of_matter": "LIQUID",
              "molecular_weight": null,
              "density": 1.333138897957077,
              "mass": 1.5801828271414187,
              "is_produced_by": [],
              "is_consumed_by": [
                "2add0db0-419d-4c10-b58e-d96170e42345"
              ],
              "provenance__density": "dummy estimator based on mw",
              "provenance__is_consumed_by": null,
              "provenance__is_produced_by": null,
              "provenance__mass": null,
              "provenance__molecular_weight": "periodic table",
              "provenance__smiles": null,
              "provenance__state_of_matter": "dummy estimator based on mw"
            },
            "notes": "add solution O=C(O[K])O[K] in NCc1cccc(Br)c1"
          },
          "precedents": [
            "0e72a6a6-55b6-4cb3-a6bc-6e20f270740d"
          ]
        },
        "da3b6016-e742-42b3-ab91-f31c7bc5f30c": {
          "identifier": "96f849f0-3d4c-4544-a305-81a82dd618bd",
          "type": "TransferLiquid",
          "process_times": {},
          "from_reaction": "2add0db0-419d-4c10-b58e-d96170e42345",
          "annotations": {
            "chemical": {
              "identifier": "67b98584-d556-4a42-85e9-fdb38732213a",
              "smiles": "NCc1cccc(Br)c1.c1ccc([PH](c2ccccc2)(c2ccccc2)[Pd]([PH](c2ccccc2)(c2ccccc2)c2ccccc2)([PH](c2ccccc2)(c2ccccc2)c2ccccc2)[PH](c2ccccc2)(c2ccccc2)c2ccccc2)cc1",
              "state_of_matter": "LIQUID",
              "molecular_weight": null,
              "density": 1.3331388979570773,
              "mass": 13.258299412858571,
              "is_produced_by": [],
              "is_consumed_by": [
                "2add0db0-419d-4c10-b58e-d96170e42345"
              ],
              "provenance__density": "dummy estimator based on mw",
              "provenance__is_consumed_by": null,
              "provenance__is_produced_by": null,
              "provenance__mass": null,
              "provenance__molecular_weight": "periodic table",
              "provenance__smiles": null,
              "provenance__state_of_matter": "dummy estimator based on mw"
            },
            "notes": "add solution c1ccc([PH](c2ccccc2)(c2ccccc2)[Pd]([PH](c2ccccc2)(c2ccccc2)c2ccccc2)([PH](c2ccccc2)(c2ccccc2)c2ccccc2)[PH](c2ccccc2)(c2ccccc2)c2ccccc2)cc1 in NCc1cccc(Br)c1"
          },
          "precedents": [
            "05fef8ff-421f-4def-887e-a8bd078af319"
          ]
        }
      },
      "add_liquids": {
        "25e6d26a-ea56-4cb5-b73b-6b78f1ec289a": {
          "identifier": "3f7c0013-d255-4ea7-8011-cc947b7d7fb3",
          "type": "TransferLiquid",
          "process_times": {},
          "from_reaction": "2add0db0-419d-4c10-b58e-d96170e42345",
          "annotations": {
            "chemical": {
              "identifier": "25e6d26a-ea56-4cb5-b73b-6b78f1ec289a",
              "smiles": "O",
              "state_of_matter": "LIQUID",
              "molecular_weight": 18.01528,
              "density": 1.0,
              "mass": 0.1801528,
              "is_produced_by": [],
              "is_consumed_by": [
                "2add0db0-419d-4c10-b58e-d96170e42345"
              ],
              "provenance__density": "dummy estimator based on mw",
              "provenance__is_consumed_by": null,
              "provenance__is_produced_by": null,
              "provenance__mass": null,
              "provenance__molecular_weight": "periodic table",
              "provenance__smiles": null,
              "provenance__state_of_matter": "dummy estimator based on mw"
            },
            "notes": "add liquid O"
          },
          "precedents": []
        },
        "e89deeea-64fb-4f92-ab71-eac83415feb3": {
          "identifier": "875f04c1-5abf-4f9f-9459-9c735abe875b",
          "type": "TransferLiquid",
          "process_times": {},
          "from_reaction": "2add0db0-419d-4c10-b58e-d96170e42345",
          "annotations": {
            "chemical": {
              "identifier": "e89deeea-64fb-4f92-ab71-eac83415feb3",
              "smiles": "C1COCCO1",
              "state_of_matter": "LIQUID",
              "molecular_weight": 88.10512000000004,
              "density": 1.0,
              "mass": 0.8810512000000005,
              "is_produced_by": [],
              "is_consumed_by": [
                "2add0db0-419d-4c10-b58e-d96170e42345"
              ],
              "provenance__density": "dummy estimator based on mw",
              "provenance__is_consumed_by": null,
              "provenance__is_produced_by": null,
              "provenance__mass": null,
              "provenance__molecular_weight": "periodic table",
              "provenance__smiles": null,
              "provenance__state_of_matter": "dummy estimator based on mw"
            },
            "notes": "add liquid C1COCCO1"
          },
          "precedents": []
        },
        "1df1be78-907d-4438-9b9c-2b7b2de353bf": {
          "identifier": "70e8532f-200e-4721-891a-e2575f0fc86d",
          "type": "TransferLiquid",
          "process_times": {},
          "from_reaction": "2add0db0-419d-4c10-b58e-d96170e42345",
          "annotations": {
            "chemical": {
              "identifier": "1df1be78-907d-4438-9b9c-2b7b2de353bf",
              "smiles": "OB(O)c1ccsc1",
              "state_of_matter": "LIQUID",
              "molecular_weight": 128.96524000000002,
              "density": 1.0,
              "mass": 1.2896524000000003,
              "is_produced_by": [],
              "is_consumed_by": [
                "2add0db0-419d-4c10-b58e-d96170e42345"
              ],
              "provenance__density": "dummy estimator based on mw",
              "provenance__is_consumed_by": null,
              "provenance__is_produced_by": null,
              "provenance__mass": null,
              "provenance__molecular_weight": "periodic table",
              "provenance__smiles": null,
              "provenance__state_of_matter": "dummy estimator based on mw"
            },
            "notes": "add liquid OB(O)c1ccsc1"
          },
          "precedents": []
        }
      },
      "heat": {
        "identifier": "5b06d201-e009-48bb-b725-53ed79c48f46",
        "type": "Heating",
        "process_times": {},
        "from_reaction": "2add0db0-419d-4c10-b58e-d96170e42345",
        "annotations": {
          "temperature": 360.4221981525421,
          "notes": "heating the reaction vessel to afford product: NCc1cccc(-c2ccsc2)c1"
        },
        "precedents": [
          "3f7c0013-d255-4ea7-8011-cc947b7d7fb3",
          "875f04c1-5abf-4f9f-9459-9c735abe875b",
          "70e8532f-200e-4721-891a-e2575f0fc86d",
          "ec7fae19-a9c7-49ae-8586-9c367da93ecb",
          "96f849f0-3d4c-4544-a305-81a82dd618bd",
          "0e72a6a6-55b6-4cb3-a6bc-6e20f270740d",
          "05fef8ff-421f-4def-887e-a8bd078af319"
        ]
      },
      "concentrate_and_purify": {
        "identifier": "c7352db7-ee71-4e25-b354-22f30f69daee",
        "type": "ConcentrationAndPurification",
        "process_times": {},
        "from_reaction": "2add0db0-419d-4c10-b58e-d96170e42345",
        "annotations": {
          "chemical": {
            "identifier": "d00456ae-6ff8-4bae-988c-154ccdab36b3",
            "smiles": "NCc1cccc(-c2ccsc2)c1",
            "state_of_matter": "LIQUID",
            "molecular_weight": 190.28467999999987,
            "density": 1.0,
            "mass": 1.9028467999999987,
            "is_produced_by": [
              "2add0db0-419d-4c10-b58e-d96170e42345"
            ],
            "is_consumed_by": [],
            "provenance__density": "dummy estimator based on mw",
            "provenance__is_consumed_by": null,
            "provenance__is_produced_by": null,
            "provenance__mass": null,
            "provenance__molecular_weight": "periodic table",
            "provenance__smiles": null,
            "provenance__state_of_matter": "dummy estimator based on mw"
          },
          "notes": "purify and concentrate the product: NCc1cccc(-c2ccsc2)c1"
        },
        "precedents": [
          "5b06d201-e009-48bb-b725-53ed79c48f46"
        ]
      },
      "lmin": {
        "5b06d201-e009-48bb-b725-53ed79c48f46": {
          "c7352db7-ee71-4e25-b354-22f30f69daee": 55.65055266189491
        }
      },
      "lmax": {
        "0e72a6a6-55b6-4cb3-a6bc-6e20f270740d": {
          "5b06d201-e009-48bb-b725-53ed79c48f46": 87.99638206624553
        },
        "05fef8ff-421f-4def-887e-a8bd078af319": {
          "5b06d201-e009-48bb-b725-53ed79c48f46": 58.620586593163026
        }
      }
    },
    {
      "identifier": "19123428-7f6a-46d7-a471-53925afb6baf",
      "reaction": {
        "identifier": "39c566cf-1327-4bbf-880f-c47224a2a452",
        "reactants": [
          {
            "identifier": "39f45815-0799-44b2-bb7f-37f2e9f3fd8c",
            "smiles": "NS(=O)(=O)c1ccc([N+](=O)[O-])cc1",
            "state_of_matter": "SOLID",
            "molecular_weight": 202.18783999999994,
            "density": 1.4,
            "mass": 2.0218783999999994,
            "is_produced_by": [],
            "is_consumed_by": [
              "39c566cf-1327-4bbf-880f-c47224a2a452"
            ],
            "provenance__density": "dummy estimator based on mw",
            "provenance__is_consumed_by": null,
            "provenance__is_produced_by": null,
            "provenance__mass": null,
            "provenance__molecular_weight": "periodic table",
            "provenance__smiles": null,
            "provenance__state_of_matter": "dummy estimator based on mw"
          },
          {
            "identifier": "9f30f09d-7787-4961-9bc0-4a83e08de4ad",
            "smiles": "O=C(Cl)C1CC1",
            "state_of_matter": "LIQUID",
            "molecular_weight": 104.53490000000004,
            "density": 1.0,
            "mass": 1.0453490000000003,
            "is_produced_by": [],
            "is_consumed_by": [
              "39c566cf-1327-4bbf-880f-c47224a2a452"
            ],
            "provenance__density": "dummy estimator based on mw",
            "provenance__is_consumed_by": null,
            "provenance__is_produced_by": null,
            "provenance__mass": null,
            "provenance__molecular_weight": "periodic table",
            "provenance__smiles": null,
            "provenance__state_of_matter": "dummy estimator based on mw"
          }
        ],
        "reagents": [
          {
            "identifier": "9951de9b-e4af-4a46-a3be-31bb2cf8997b",
            "smiles": "ClCCl",
            "state_of_matter": "LIQUID",
            "molecular_weight": 84.93258000000002,
            "density": 1.0,
            "mass": 0.8493258000000001,
            "is_produced_by": [],
            "is_consumed_by": [
              "39c566cf-1327-4bbf-880f-c47224a2a452"
            ],
            "provenance__density": "dummy estimator based on mw",
            "provenance__is_consumed_by": null,
            "provenance__is_produced_by": null,
            "provenance__mass": null,
            "provenance__molecular_weight": "periodic table",
            "provenance__smiles": null,
            "provenance__state_of_matter": "dummy estimator based on mw"
          },
          {
            "identifier": "93794edf-5413-4412-891a-eb6e980831d1",
            "smiles": "CCN(CC)CC",
            "state_of_matter": "LIQUID",
            "molecular_weight": 101.19000000000008,
            "density": 1.0,
            "mass": 1.011900000000001,
            "is_produced_by": [],
            "is_consumed_by": [
              "39c566cf-1327-4bbf-880f-c47224a2a452"
            ],
            "provenance__density": "dummy estimator based on mw",
            "provenance__is_consumed_by": null,
            "provenance__is_produced_by": null,
            "provenance__mass": null,
            "provenance__molecular_weight": "periodic table",
            "provenance__smiles": null,
            "provenance__state_of_matter": "dummy estimator based on mw"
          }
        ],
        "products": [
          {
            "identifier": "a8b7df36-27b5-4127-a792-7301a6db2306",
            "smiles": "O=C(NS(=O)(=O)c1ccc([N+](=O)[O-])cc1)C1CC1",
            "state_of_matter": "SOLID",
            "molecular_weight": 270.2618000000001,
            "density": 1.4,
            "mass": 2.702618000000001,
            "is_produced_by": [
              "39c566cf-1327-4bbf-880f-c47224a2a452"
            ],
            "is_consumed_by": [],
            "provenance__density": "dummy estimator based on mw",
            "provenance__is_consumed_by": null,
            "provenance__is_produced_by": null,
            "provenance__mass": null,
            "provenance__molecular_weight": "periodic table",
            "provenance__smiles": null,
            "provenance__state_of_matter": "dummy estimator based on mw"
          }
        ],
        "stoichiometry": {
          "39f45815-0799-44b2-bb7f-37f2e9f3fd8c": 1.0,
          "9f30f09d-7787-4961-9bc0-4a83e08de4ad": 1.0,
          "a8b7df36-27b5-4127-a792-7301a6db2306": -1.0
        },
        "temperature": 277.1629755914211,
        "intended_ratios": {
          "39f45815-0799-44b2-bb7f-37f2e9f3fd8c": 1.0,
          "9f30f09d-7787-4961-9bc0-4a83e08de4ad": 1.0,
          "9951de9b-e4af-4a46-a3be-31bb2cf8997b": 1.0,
          "93794edf-5413-4412-891a-eb6e980831d1": 1.0
        },
        "expected_yields": {
          "a8b7df36-27b5-4127-a792-7301a6db2306": 1.0
        },
        "reaction_extent": 0.01
      },
      "functional_modules": [],
      "make_solutions": {
        "39f45815-0799-44b2-bb7f-37f2e9f3fd8c": {
          "identifier": "d52c7a57-20ab-4769-aad7-8ef963de2431",
          "type": "MakeSolution",
          "process_times": {},
          "from_reaction": "39c566cf-1327-4bbf-880f-c47224a2a452",
          "annotations": {
            "solid_chemical": {
              "identifier": "39f45815-0799-44b2-bb7f-37f2e9f3fd8c",
              "smiles": "NS(=O)(=O)c1ccc([N+](=O)[O-])cc1",
              "state_of_matter": "SOLID",
              "molecular_weight": 202.18783999999994,
              "density": 1.4,
              "mass": 2.0218783999999994,
              "is_produced_by": [],
              "is_consumed_by": [
                "39c566cf-1327-4bbf-880f-c47224a2a452"
              ],
              "provenance__density": "dummy estimator based on mw",
              "provenance__is_consumed_by": null,
              "provenance__is_produced_by": null,
              "provenance__mass": null,
              "provenance__molecular_weight": "periodic table",
              "provenance__smiles": null,
              "provenance__state_of_matter": "dummy estimator based on mw"
            },
            "liquid_chemical": {
              "identifier": "1e88f174-995d-4a8c-bf7f-de67e92c7fe0",
              "smiles": "O=C(Cl)C1CC1",
              "state_of_matter": "LIQUID",
              "molecular_weight": 104.53490000000004,
              "density": 1.0,
              "mass": 1.0453490000000003,
              "is_produced_by": [],
              "is_consumed_by": [
                "39c566cf-1327-4bbf-880f-c47224a2a452"
              ],
              "provenance__density": "dummy estimator based on mw",
              "provenance__is_consumed_by": null,
              "provenance__is_produced_by": null,
              "provenance__mass": null,
              "provenance__molecular_weight": "periodic table",
              "provenance__smiles": null,
              "provenance__state_of_matter": "dummy estimator based on mw"
            },
            "notes": "making O=C(Cl)C1CC1 solution for NS(=O)(=O)c1ccc([N+](=O)[O-])cc1"
          },
          "precedents": []
        }
      },
      "add_solutions": {
        "39f45815-0799-44b2-bb7f-37f2e9f3fd8c": {
          "identifier": "251fe584-940b-49b5-90a8-a4a869b75807",
          "type": "TransferLiquid",
          "process_times": {},
          "from_reaction": "39c566cf-1327-4bbf-880f-c47224a2a452",
          "annotations": {
            "chemical": {
              "identifier": "c89f6ef5-0e8b-47c4-a9e8-ddadb0857085",
              "smiles": "O=C(Cl)C1CC1.NS(=O)(=O)c1ccc([N+](=O)[O-])cc1",
              "state_of_matter": "LIQUID",
              "molecular_weight": null,
              "density": 1.23204195139278,
              "mass": 3.0672273999999997,
              "is_produced_by": [],
              "is_consumed_by": [
                "39c566cf-1327-4bbf-880f-c47224a2a452"
              ],
              "provenance__density": "dummy estimator based on mw",
              "provenance__is_consumed_by": null,
              "provenance__is_produced_by": null,
              "provenance__mass": null,
              "provenance__molecular_weight": "periodic table",
              "provenance__smiles": null,
              "provenance__state_of_matter": "dummy estimator based on mw"
            },
            "notes": "add solution NS(=O)(=O)c1ccc([N+](=O)[O-])cc1 in O=C(Cl)C1CC1"
          },
          "precedents": [
            "d52c7a57-20ab-4769-aad7-8ef963de2431"
          ]
        }
      },
      "add_liquids": {
        "9951de9b-e4af-4a46-a3be-31bb2cf8997b": {
          "identifier": "df47a5bd-2b37-46cc-b6ce-8cd13a3eb391",
          "type": "TransferLiquid",
          "process_times": {},
          "from_reaction": "39c566cf-1327-4bbf-880f-c47224a2a452",
          "annotations": {
            "chemical": {
              "identifier": "9951de9b-e4af-4a46-a3be-31bb2cf8997b",
              "smiles": "ClCCl",
              "state_of_matter": "LIQUID",
              "molecular_weight": 84.93258000000002,
              "density": 1.0,
              "mass": 0.8493258000000001,
              "is_produced_by": [],
              "is_consumed_by": [
                "39c566cf-1327-4bbf-880f-c47224a2a452"
              ],
              "provenance__density": "dummy estimator based on mw",
              "provenance__is_consumed_by": null,
              "provenance__is_produced_by": null,
              "provenance__mass": null,
              "provenance__molecular_weight": "periodic table",
              "provenance__smiles": null,
              "provenance__state_of_matter": "dummy estimator based on mw"
            },
            "notes": "add liquid ClCCl"
          },
          "precedents": []
        },
        "93794edf-5413-4412-891a-eb6e980831d1": {
          "identifier": "d090c836-0f5a-4df7-80a0-46b04bb4889f",
          "type": "TransferLiquid",
          "process_times": {},
          "from_reaction": "39c566cf-1327-4bbf-880f-c47224a2a452",
          "annotations": {
            "chemical": {
              "identifier": "93794edf-5413-4412-891a-eb6e980831d1",
              "smiles": "CCN(CC)CC",
              "state_of_matter": "LIQUID",
              "molecular_weight": 101.19000000000008,
              "density": 1.0,
              "mass": 1.011900000000001,
              "is_produced_by": [],
              "is_consumed_by": [
                "39c566cf-1327-4bbf-880f-c47224a2a452"
              ],
              "provenance__density": "dummy estimator based on mw",
              "provenance__is_consumed_by": null,
              "provenance__is_produced_by": null,
              "provenance__mass": null,
              "provenance__molecular_weight": "periodic table",
              "provenance__smiles": null,
              "provenance__state_of_matter": "dummy estimator based on mw"
            },
            "notes": "add liquid CCN(CC)CC"
          },
          "precedents": []
        }
      },
      "heat": {
        "identifier": "ad94295d-d3ea-4749-a25d-edde4554c1a2",
        "type": "Heating",
        "process_times": {},
        "from_reaction": "39c566cf-1327-4bbf-880f-c47224a2a452",
        "annotations": {
          "temperature": 277.1629755914211,
          "notes": "heating the reaction vessel to afford product: O=C(NS(=O)(=O)c1ccc([N+](=O)[O-])cc1)C1CC1"
        },
        "precedents": [
          "df47a5bd-2b37-46cc-b6ce-8cd13a3eb391",
          "d090c836-0f5a-4df7-80a0-46b04bb4889f",
          "251fe584-940b-49b5-90a8-a4a869b75807",
          "d52c7a57-20ab-4769-aad7-8ef963de2431"
        ]
      },
      "concentrate_and_purify": {
        "identifier": "78889302-352a-4b9a-a4ee-719d219a911f",
        "type": "ConcentrationAndPurification",
        "process_times": {},
        "from_reaction": "39c566cf-1327-4bbf-880f-c47224a2a452",
        "annotations": {
          "chemical": {
            "identifier": "a8b7df36-27b5-4127-a792-7301a6db2306",
            "smiles": "O=C(NS(=O)(=O)c1ccc([N+](=O)[O-])cc1)C1CC1",
            "state_of_matter": "SOLID",
            "molecular_weight": 270.2618000000001,
            "density": 1.4,
            "mass": 2.702618000000001,
            "is_produced_by": [
              "39c566cf-1327-4bbf-880f-c47224a2a452"
            ],
            "is_consumed_by": [],
            "provenance__density": "dummy estimator based on mw",
            "provenance__is_consumed_by": null,
            "provenance__is_produced_by": null,
            "provenance__mass": null,
            "provenance__molecular_weight": "periodic table",
            "provenance__smiles": null,
            "provenance__state_of_matter": "dummy estimator based on mw"
          },
          "notes": "purify and concentrate the product: O=C(NS(=O)(=O)c1ccc([N+](=O)[O-])cc1)C1CC1"
        },
        "precedents": [
          "ad94295d-d3ea-4749-a25d-edde4554c1a2"
        ]
      },
      "lmin": {
        "ad94295d-d3ea-4749-a25d-edde4554c1a2": {
          "78889302-352a-4b9a-a4ee-719d219a911f": 53.265496388582
        }
      },
      "lmax": {
        "d52c7a57-20ab-4769-aad7-8ef963de2431": {
          "ad94295d-d3ea-4749-a25d-edde4554c1a2": 45.62953862351756
        }
      }
    },
    {
      "identifier": "a89be09e-e21e-4365-aea6-c07a14d113fe",
      "reaction": {
        "identifier": "0c2a7897-6ce8-4fa9-8e5a-27d57d858ca4",
        "reactants": [
          {
            "identifier": "af4c435a-7209-45f5-bf92-647614b24b26",
            "smiles": "Nc1ccc(S(=O)(=O)NC(=O)C2CC2)cc1",
            "state_of_matter": "SOLID",
            "molecular_weight": 240.27887999999984,
            "density": 1.4,
            "mass": 2.4027887999999984,
            "is_produced_by": [],
            "is_consumed_by": [
              "0c2a7897-6ce8-4fa9-8e5a-27d57d858ca4"
            ],
            "provenance__density": "dummy estimator based on mw",
            "provenance__is_consumed_by": null,
            "provenance__is_produced_by": null,
            "provenance__mass": null,
            "provenance__molecular_weight": "periodic table",
            "provenance__smiles": null,
            "provenance__state_of_matter": "dummy estimator based on mw"
          }
        ],
        "reagents": [
          {
            "identifier": "0f6dcd21-1abf-4136-9917-75d9312a5478",
            "smiles": "CN(C)C=O",
            "state_of_matter": "LIQUID",
            "molecular_weight": 73.09378000000004,
            "density": 1.0,
            "mass": 0.7309378000000004,
            "is_produced_by": [],
            "is_consumed_by": [
              "0c2a7897-6ce8-4fa9-8e5a-27d57d858ca4"
            ],
            "provenance__density": "dummy estimator based on mw",
            "provenance__is_consumed_by": null,
            "provenance__is_produced_by": null,
            "provenance__mass": null,
            "provenance__molecular_weight": "periodic table",
            "provenance__smiles": null,
            "provenance__state_of_matter": "dummy estimator based on mw"
          },
          {
            "identifier": "3f11743b-cb18-42ef-8665-e4bc521b6bf1",
            "smiles": "[NaH]",
            "state_of_matter": "SOLID",
            "molecular_weight": 23.99771,
            "density": 1.4,
            "mass": 0.23997710000000003,
            "is_produced_by": [],
            "is_consumed_by": [
              "0c2a7897-6ce8-4fa9-8e5a-27d57d858ca4"
            ],
            "provenance__density": "dummy estimator based on mw",
            "provenance__is_consumed_by": null,
            "provenance__is_produced_by": null,
            "provenance__mass": null,
            "provenance__molecular_weight": "periodic table",
            "provenance__smiles": null,
            "provenance__state_of_matter": "dummy estimator based on mw"
          }
        ],
        "products": [
          {
            "identifier": "ba219fd8-6463-4af9-81a3-713e9212516f",
            "smiles": "Nc1ccc(S(=O)(=O)NCC2CC2)cc1",
            "state_of_matter": "SOLID",
            "molecular_weight": 226.2953599999998,
            "density": 1.4,
            "mass": 2.262953599999998,
            "is_produced_by": [
              "0c2a7897-6ce8-4fa9-8e5a-27d57d858ca4"
            ],
            "is_consumed_by": [],
            "provenance__density": "dummy estimator based on mw",
            "provenance__is_consumed_by": null,
            "provenance__is_produced_by": null,
            "provenance__mass": null,
            "provenance__molecular_weight": "periodic table",
            "provenance__smiles": null,
            "provenance__state_of_matter": "dummy estimator based on mw"
          }
        ],
        "stoichiometry": {
          "af4c435a-7209-45f5-bf92-647614b24b26": 1.0,
          "ba219fd8-6463-4af9-81a3-713e9212516f": -1.0
        },
        "temperature": 313.43748632669445,
        "intended_ratios": {
          "af4c435a-7209-45f5-bf92-647614b24b26": 1.0,
          "0f6dcd21-1abf-4136-9917-75d9312a5478": 1.0,
          "3f11743b-cb18-42ef-8665-e4bc521b6bf1": 1.0
        },
        "expected_yields": {
          "ba219fd8-6463-4af9-81a3-713e9212516f": 1.0
        },
        "reaction_extent": 0.01
      },
      "functional_modules": [],
      "make_solutions": {
        "3f11743b-cb18-42ef-8665-e4bc521b6bf1": {
          "identifier": "cac9fde8-6ac1-43c1-ad2b-e3f8e32ae673",
          "type": "MakeSolution",
          "process_times": {},
          "from_reaction": "0c2a7897-6ce8-4fa9-8e5a-27d57d858ca4",
          "annotations": {
            "solid_chemical": {
              "identifier": "3f11743b-cb18-42ef-8665-e4bc521b6bf1",
              "smiles": "[NaH]",
              "state_of_matter": "SOLID",
              "molecular_weight": 23.99771,
              "density": 1.4,
              "mass": 0.23997710000000003,
              "is_produced_by": [],
              "is_consumed_by": [
                "0c2a7897-6ce8-4fa9-8e5a-27d57d858ca4"
              ],
              "provenance__density": "dummy estimator based on mw",
              "provenance__is_consumed_by": null,
              "provenance__is_produced_by": null,
              "provenance__mass": null,
              "provenance__molecular_weight": "periodic table",
              "provenance__smiles": null,
              "provenance__state_of_matter": "dummy estimator based on mw"
            },
            "liquid_chemical": {
              "identifier": "4c1065b6-011d-4363-ac06-58433d7cf6ef",
              "smiles": "CN(C)C=O",
              "state_of_matter": "LIQUID",
              "molecular_weight": 73.09378000000004,
              "density": 1.0,
              "mass": 0.06637301227641094,
              "is_produced_by": [],
              "is_consumed_by": [
                "0c2a7897-6ce8-4fa9-8e5a-27d57d858ca4"
              ],
              "provenance__density": "dummy estimator based on mw",
              "provenance__is_consumed_by": null,
              "provenance__is_produced_by": null,
              "provenance__mass": null,
              "provenance__molecular_weight": "periodic table",
              "provenance__smiles": null,
              "provenance__state_of_matter": "dummy estimator based on mw"
            },
            "notes": "making CN(C)C=O solution for [NaH]"
          },
          "precedents": []
        },
        "af4c435a-7209-45f5-bf92-647614b24b26": {
          "identifier": "d8b0c792-87d4-4762-ab53-b42590b67be4",
          "type": "MakeSolution",
          "process_times": {},
          "from_reaction": "0c2a7897-6ce8-4fa9-8e5a-27d57d858ca4",
          "annotations": {
            "solid_chemical": {
              "identifier": "af4c435a-7209-45f5-bf92-647614b24b26",
              "smiles": "Nc1ccc(S(=O)(=O)NC(=O)C2CC2)cc1",
              "state_of_matter": "SOLID",
              "molecular_weight": 240.27887999999984,
              "density": 1.4,
              "mass": 2.4027887999999984,
              "is_produced_by": [],
              "is_consumed_by": [
                "0c2a7897-6ce8-4fa9-8e5a-27d57d858ca4"
              ],
              "provenance__density": "dummy estimator based on mw",
              "provenance__is_consumed_by": null,
              "provenance__is_produced_by": null,
              "provenance__mass": null,
              "provenance__molecular_weight": "periodic table",
              "provenance__smiles": null,
              "provenance__state_of_matter": "dummy estimator based on mw"
            },
            "liquid_chemical": {
              "identifier": "ba3bad48-8b24-45ae-88e4-384d5447609d",
              "smiles": "CN(C)C=O",
              "state_of_matter": "LIQUID",
              "molecular_weight": 73.09378000000004,
              "density": 1.0,
              "mass": 0.6645647877235895,
              "is_produced_by": [],
              "is_consumed_by": [
                "0c2a7897-6ce8-4fa9-8e5a-27d57d858ca4"
              ],
              "provenance__density": "dummy estimator based on mw",
              "provenance__is_consumed_by": null,
              "provenance__is_produced_by": null,
              "provenance__mass": null,
              "provenance__molecular_weight": "periodic table",
              "provenance__smiles": null,
              "provenance__state_of_matter": "dummy estimator based on mw"
            },
            "notes": "making CN(C)C=O solution for Nc1ccc(S(=O)(=O)NC(=O)C2CC2)cc1"
          },
          "precedents": [
            "6cf2c225-9021-45d1-a6c3-2bd3d1c311b5"
          ]
        }
      },
      "add_solutions": {
        "3f11743b-cb18-42ef-8665-e4bc521b6bf1": {
          "identifier": "d643037c-19bd-4829-b2fa-39a772c525b8",
          "type": "TransferLiquid",
          "process_times": {},
          "from_reaction": "0c2a7897-6ce8-4fa9-8e5a-27d57d858ca4",
          "annotations": {
            "chemical": {
              "identifier": "a4cf94d9-67ce-45bd-8b42-9eb7c207fc20",
              "smiles": "CN(C)C=O.[NaH]",
              "state_of_matter": "LIQUID",
              "molecular_weight": null,
              "density": 1.288347963015154,
              "mass": 0.30635011227641096,
              "is_produced_by": [],
              "is_consumed_by": [
                "0c2a7897-6ce8-4fa9-8e5a-27d57d858ca4"
              ],
              "provenance__density": "dummy estimator based on mw",
              "provenance__is_consumed_by": null,
              "provenance__is_produced_by": null,
              "provenance__mass": null,
              "provenance__molecular_weight": "periodic table",
              "provenance__smiles": null,
              "provenance__state_of_matter": "dummy estimator based on mw"
            },
            "notes": "add solution [NaH] in CN(C)C=O"
          },
          "precedents": [
            "cac9fde8-6ac1-43c1-ad2b-e3f8e32ae673"
          ]
        },
        "af4c435a-7209-45f5-bf92-647614b24b26": {
          "identifier": "c54b6597-b40e-4ee5-b714-9b6735187974",
          "type": "TransferLiquid",
          "process_times": {},
          "from_reaction": "0c2a7897-6ce8-4fa9-8e5a-27d57d858ca4",
          "annotations": {
            "chemical": {
              "identifier": "3001c04a-b74c-4227-a99f-446b687ee3f6",
              "smiles": "CN(C)C=O.Nc1ccc(S(=O)(=O)NC(=O)C2CC2)cc1",
              "state_of_matter": "LIQUID",
              "molecular_weight": null,
              "density": 1.288347963015154,
              "mass": 3.067353587723588,
              "is_produced_by": [],
              "is_consumed_by": [
                "0c2a7897-6ce8-4fa9-8e5a-27d57d858ca4"
              ],
              "provenance__density": "dummy estimator based on mw",
              "provenance__is_consumed_by": null,
              "provenance__is_produced_by": null,
              "provenance__mass": null,
              "provenance__molecular_weight": "periodic table",
              "provenance__smiles": null,
              "provenance__state_of_matter": "dummy estimator based on mw"
            },
            "notes": "add solution Nc1ccc(S(=O)(=O)NC(=O)C2CC2)cc1 in CN(C)C=O"
          },
          "precedents": [
            "d8b0c792-87d4-4762-ab53-b42590b67be4"
          ]
        }
      },
      "add_liquids": {},
      "heat": {
        "identifier": "8f23bd77-c117-42a1-a627-d59b780fbf7d",
        "type": "Heating",
        "process_times": {},
        "from_reaction": "0c2a7897-6ce8-4fa9-8e5a-27d57d858ca4",
        "annotations": {
          "temperature": 313.43748632669445,
          "notes": "heating the reaction vessel to afford product: Nc1ccc(S(=O)(=O)NCC2CC2)cc1"
        },
        "precedents": [
          "d643037c-19bd-4829-b2fa-39a772c525b8",
          "c54b6597-b40e-4ee5-b714-9b6735187974",
          "cac9fde8-6ac1-43c1-ad2b-e3f8e32ae673",
          "d8b0c792-87d4-4762-ab53-b42590b67be4"
        ]
      },
      "concentrate_and_purify": {
        "identifier": "7e2ae88b-85c9-4436-8df0-584ea27eef45",
        "type": "ConcentrationAndPurification",
        "process_times": {},
        "from_reaction": "0c2a7897-6ce8-4fa9-8e5a-27d57d858ca4",
        "annotations": {
          "chemical": {
            "identifier": "ba219fd8-6463-4af9-81a3-713e9212516f",
            "smiles": "Nc1ccc(S(=O)(=O)NCC2CC2)cc1",
            "state_of_matter": "SOLID",
            "molecular_weight": 226.2953599999998,
            "density": 1.4,
            "mass": 2.262953599999998,
            "is_produced_by": [
              "0c2a7897-6ce8-4fa9-8e5a-27d57d858ca4"
            ],
            "is_consumed_by": [],
            "provenance__density": "dummy estimator based on mw",
            "provenance__is_consumed_by": null,
            "provenance__is_produced_by": null,
            "provenance__mass": null,
            "provenance__molecular_weight": "periodic table",
            "provenance__smiles": null,
            "provenance__state_of_matter": "dummy estimator based on mw"
          },
          "notes": "purify and concentrate the product: Nc1ccc(S(=O)(=O)NCC2CC2)cc1"
        },
        "precedents": [
          "8f23bd77-c117-42a1-a627-d59b780fbf7d"
        ]
      },
      "lmin": {
        "8f23bd77-c117-42a1-a627-d59b780fbf7d": {
          "7e2ae88b-85c9-4436-8df0-584ea27eef45": 50.25139135065112
        }
      },
      "lmax": {
        "cac9fde8-6ac1-43c1-ad2b-e3f8e32ae673": {
          "8f23bd77-c117-42a1-a627-d59b780fbf7d": 62.92195823013536
        },
        "d8b0c792-87d4-4762-ab53-b42590b67be4": {
          "8f23bd77-c117-42a1-a627-d59b780fbf7d": 30.842502009841137
        }
      }
    },
    {
      "identifier": "87bd8188-acc3-4cf4-911a-7bee41dd93e2",
      "reaction": {
        "identifier": "7d11ec75-4936-419a-976e-8108e62ad494",
        "reactants": [
          {
            "identifier": "faf9e280-635e-4a90-8bc5-54f19bfc53c3",
            "smiles": "Nc1ccc(S(=O)(=O)NCC2CC2)cc1",
            "state_of_matter": "SOLID",
            "molecular_weight": 226.2953599999998,
            "density": 1.4,
            "mass": 2.262953599999998,
            "is_produced_by": [],
            "is_consumed_by": [
              "7d11ec75-4936-419a-976e-8108e62ad494"
            ],
            "provenance__density": "dummy estimator based on mw",
            "provenance__is_consumed_by": null,
            "provenance__is_produced_by": null,
            "provenance__mass": null,
            "provenance__molecular_weight": "periodic table",
            "provenance__smiles": null,
            "provenance__state_of_matter": "dummy estimator based on mw"
          },
          {
            "identifier": "d2882b76-1027-477e-9e5c-7a17290d623b",
            "smiles": "O=C(Cl)Oc1ccccc1",
            "state_of_matter": "LIQUID",
            "molecular_weight": 156.56639999999996,
            "density": 1.0,
            "mass": 1.5656639999999997,
            "is_produced_by": [],
            "is_consumed_by": [
              "7d11ec75-4936-419a-976e-8108e62ad494"
            ],
            "provenance__density": "dummy estimator based on mw",
            "provenance__is_consumed_by": null,
            "provenance__is_produced_by": null,
            "provenance__mass": null,
            "provenance__molecular_weight": "periodic table",
            "provenance__smiles": null,
            "provenance__state_of_matter": "dummy estimator based on mw"
          }
        ],
        "reagents": [
          {
            "identifier": "366bb674-81fd-44a0-b061-bc817fa77c09",
            "smiles": "CC#N",
            "state_of_matter": "LIQUID",
            "molecular_weight": 41.051919999999996,
            "density": 1.0,
            "mass": 0.4105192,
            "is_produced_by": [],
            "is_consumed_by": [
              "7d11ec75-4936-419a-976e-8108e62ad494"
            ],
            "provenance__density": "dummy estimator based on mw",
            "provenance__is_consumed_by": null,
            "provenance__is_produced_by": null,
            "provenance__mass": null,
            "provenance__molecular_weight": "periodic table",
            "provenance__smiles": null,
            "provenance__state_of_matter": "dummy estimator based on mw"
          },
          {
            "identifier": "3ac06813-9374-4695-8212-19b8650685c0",
            "smiles": "c1ccncc1",
            "state_of_matter": "LIQUID",
            "molecular_weight": 79.09990000000003,
            "density": 1.0,
            "mass": 0.7909990000000003,
            "is_produced_by": [],
            "is_consumed_by": [
              "7d11ec75-4936-419a-976e-8108e62ad494"
            ],
            "provenance__density": "dummy estimator based on mw",
            "provenance__is_consumed_by": null,
            "provenance__is_produced_by": null,
            "provenance__mass": null,
            "provenance__molecular_weight": "periodic table",
            "provenance__smiles": null,
            "provenance__state_of_matter": "dummy estimator based on mw"
          }
        ],
        "products": [
          {
            "identifier": "65eca3b7-c67a-4a5e-afc0-12ca8b5e7bed",
            "smiles": "O=C(Nc1ccc(S(=O)(=O)NCC2CC2)cc1)Oc1ccccc1",
            "state_of_matter": "SOLID",
            "molecular_weight": 346.4008200000002,
            "density": 1.4,
            "mass": 3.464008200000002,
            "is_produced_by": [
              "7d11ec75-4936-419a-976e-8108e62ad494"
            ],
            "is_consumed_by": [],
            "provenance__density": "dummy estimator based on mw",
            "provenance__is_consumed_by": null,
            "provenance__is_produced_by": null,
            "provenance__mass": null,
            "provenance__molecular_weight": "periodic table",
            "provenance__smiles": null,
            "provenance__state_of_matter": "dummy estimator based on mw"
          }
        ],
        "stoichiometry": {
          "faf9e280-635e-4a90-8bc5-54f19bfc53c3": 1.0,
          "d2882b76-1027-477e-9e5c-7a17290d623b": 1.0,
          "65eca3b7-c67a-4a5e-afc0-12ca8b5e7bed": -1.0
        },
        "temperature": 285.7597063779831,
        "intended_ratios": {
          "faf9e280-635e-4a90-8bc5-54f19bfc53c3": 1.0,
          "d2882b76-1027-477e-9e5c-7a17290d623b": 1.0,
          "366bb674-81fd-44a0-b061-bc817fa77c09": 1.0,
          "3ac06813-9374-4695-8212-19b8650685c0": 1.0
        },
        "expected_yields": {
          "65eca3b7-c67a-4a5e-afc0-12ca8b5e7bed": 1.0
        },
        "reaction_extent": 0.01
      },
      "functional_modules": [],
      "make_solutions": {
        "faf9e280-635e-4a90-8bc5-54f19bfc53c3": {
          "identifier": "053194ec-a0e4-42f1-89e3-2c36885799e2",
          "type": "MakeSolution",
          "process_times": {},
          "from_reaction": "7d11ec75-4936-419a-976e-8108e62ad494",
          "annotations": {
            "solid_chemical": {
              "identifier": "faf9e280-635e-4a90-8bc5-54f19bfc53c3",
              "smiles": "Nc1ccc(S(=O)(=O)NCC2CC2)cc1",
              "state_of_matter": "SOLID",
              "molecular_weight": 226.2953599999998,
              "density": 1.4,
              "mass": 2.262953599999998,
              "is_produced_by": [],
              "is_consumed_by": [
                "7d11ec75-4936-419a-976e-8108e62ad494"
              ],
              "provenance__density": "dummy estimator based on mw",
              "provenance__is_consumed_by": null,
              "provenance__is_produced_by": null,
              "provenance__mass": null,
              "provenance__molecular_weight": "periodic table",
              "provenance__smiles": null,
              "provenance__state_of_matter": "dummy estimator based on mw"
            },
            "liquid_chemical": {
              "identifier": "f653c0ed-0ca1-4cfb-9e22-4f6b011d22b6",
              "smiles": "O=C(Cl)Oc1ccccc1",
              "state_of_matter": "LIQUID",
              "molecular_weight": 156.56639999999996,
              "density": 1.0,
              "mass": 1.5656639999999997,
              "is_produced_by": [],
              "is_consumed_by": [
                "7d11ec75-4936-419a-976e-8108e62ad494"
              ],
              "provenance__density": "dummy estimator based on mw",
              "provenance__is_consumed_by": null,
              "provenance__is_produced_by": null,
              "provenance__mass": null,
              "provenance__molecular_weight": "periodic table",
              "provenance__smiles": null,
              "provenance__state_of_matter": "dummy estimator based on mw"
            },
            "notes": "making O=C(Cl)Oc1ccccc1 solution for Nc1ccc(S(=O)(=O)NCC2CC2)cc1"
          },
          "precedents": [
            "7e2ae88b-85c9-4436-8df0-584ea27eef45"
          ]
        }
      },
      "add_solutions": {
        "faf9e280-635e-4a90-8bc5-54f19bfc53c3": {
          "identifier": "6f0871f6-3aae-48e0-86e8-2c6cd1d4edd9",
          "type": "TransferLiquid",
          "process_times": {},
          "from_reaction": "7d11ec75-4936-419a-976e-8108e62ad494",
          "annotations": {
            "chemical": {
              "identifier": "83d78322-06d9-48cd-877e-bfb9df13985e",
              "smiles": "O=C(Cl)Oc1ccccc1.Nc1ccc(S(=O)(=O)NCC2CC2)cc1",
              "state_of_matter": "LIQUID",
              "molecular_weight": null,
              "density": 1.2031885908927982,
              "mass": 3.8286175999999976,
              "is_produced_by": [],
              "is_consumed_by": [
                "7d11ec75-4936-419a-976e-8108e62ad494"
              ],
              "provenance__density": "dummy estimator based on mw",
              "provenance__is_consumed_by": null,
              "provenance__is_produced_by": null,
              "provenance__mass": null,
              "provenance__molecular_weight": "periodic table",
              "provenance__smiles": null,
              "provenance__state_of_matter": "dummy estimator based on mw"
            },
            "notes": "add solution Nc1ccc(S(=O)(=O)NCC2CC2)cc1 in O=C(Cl)Oc1ccccc1"
          },
          "precedents": [
            "053194ec-a0e4-42f1-89e3-2c36885799e2"
          ]
        }
      },
      "add_liquids": {
        "366bb674-81fd-44a0-b061-bc817fa77c09": {
          "identifier": "036bd9f0-1f15-4b92-b57a-a1b9129192a3",
          "type": "TransferLiquid",
          "process_times": {},
          "from_reaction": "7d11ec75-4936-419a-976e-8108e62ad494",
          "annotations": {
            "chemical": {
              "identifier": "366bb674-81fd-44a0-b061-bc817fa77c09",
              "smiles": "CC#N",
              "state_of_matter": "LIQUID",
              "molecular_weight": 41.051919999999996,
              "density": 1.0,
              "mass": 0.4105192,
              "is_produced_by": [],
              "is_consumed_by": [
                "7d11ec75-4936-419a-976e-8108e62ad494"
              ],
              "provenance__density": "dummy estimator based on mw",
              "provenance__is_consumed_by": null,
              "provenance__is_produced_by": null,
              "provenance__mass": null,
              "provenance__molecular_weight": "periodic table",
              "provenance__smiles": null,
              "provenance__state_of_matter": "dummy estimator based on mw"
            },
            "notes": "add liquid CC#N"
          },
          "precedents": []
        },
        "3ac06813-9374-4695-8212-19b8650685c0": {
          "identifier": "624429cc-21dd-4627-a561-5f8d13ada005",
          "type": "TransferLiquid",
          "process_times": {},
          "from_reaction": "7d11ec75-4936-419a-976e-8108e62ad494",
          "annotations": {
            "chemical": {
              "identifier": "3ac06813-9374-4695-8212-19b8650685c0",
              "smiles": "c1ccncc1",
              "state_of_matter": "LIQUID",
              "molecular_weight": 79.09990000000003,
              "density": 1.0,
              "mass": 0.7909990000000003,
              "is_produced_by": [],
              "is_consumed_by": [
                "7d11ec75-4936-419a-976e-8108e62ad494"
              ],
              "provenance__density": "dummy estimator based on mw",
              "provenance__is_consumed_by": null,
              "provenance__is_produced_by": null,
              "provenance__mass": null,
              "provenance__molecular_weight": "periodic table",
              "provenance__smiles": null,
              "provenance__state_of_matter": "dummy estimator based on mw"
            },
            "notes": "add liquid c1ccncc1"
          },
          "precedents": []
        }
      },
      "heat": {
        "identifier": "eb967389-a3b8-4e18-bd3c-6694d84c21bc",
        "type": "Heating",
        "process_times": {},
        "from_reaction": "7d11ec75-4936-419a-976e-8108e62ad494",
        "annotations": {
          "temperature": 285.7597063779831,
          "notes": "heating the reaction vessel to afford product: O=C(Nc1ccc(S(=O)(=O)NCC2CC2)cc1)Oc1ccccc1"
        },
        "precedents": [
          "036bd9f0-1f15-4b92-b57a-a1b9129192a3",
          "624429cc-21dd-4627-a561-5f8d13ada005",
          "6f0871f6-3aae-48e0-86e8-2c6cd1d4edd9",
          "053194ec-a0e4-42f1-89e3-2c36885799e2"
        ]
      },
      "concentrate_and_purify": {
        "identifier": "6c10bcb2-ce7b-4058-8515-526a671a988a",
        "type": "ConcentrationAndPurification",
        "process_times": {},
        "from_reaction": "7d11ec75-4936-419a-976e-8108e62ad494",
        "annotations": {
          "chemical": {
            "identifier": "65eca3b7-c67a-4a5e-afc0-12ca8b5e7bed",
            "smiles": "O=C(Nc1ccc(S(=O)(=O)NCC2CC2)cc1)Oc1ccccc1",
            "state_of_matter": "SOLID",
            "molecular_weight": 346.4008200000002,
            "density": 1.4,
            "mass": 3.464008200000002,
            "is_produced_by": [
              "7d11ec75-4936-419a-976e-8108e62ad494"
            ],
            "is_consumed_by": [],
            "provenance__density": "dummy estimator based on mw",
            "provenance__is_consumed_by": null,
            "provenance__is_produced_by": null,
            "provenance__mass": null,
            "provenance__molecular_weight": "periodic table",
            "provenance__smiles": null,
            "provenance__state_of_matter": "dummy estimator based on mw"
          },
          "notes": "purify and concentrate the product: O=C(Nc1ccc(S(=O)(=O)NCC2CC2)cc1)Oc1ccccc1"
        },
        "precedents": [
          "eb967389-a3b8-4e18-bd3c-6694d84c21bc"
        ]
      },
      "lmin": {
        "eb967389-a3b8-4e18-bd3c-6694d84c21bc": {
          "6c10bcb2-ce7b-4058-8515-526a671a988a": 45.985234320197705
        }
      },
      "lmax": {
        "053194ec-a0e4-42f1-89e3-2c36885799e2": {
          "eb967389-a3b8-4e18-bd3c-6694d84c21bc": 53.92941253345612
        }
      }
    },
    {
      "identifier": "c9f79b03-b7e0-4736-bcf6-953645b2ebb5",
      "reaction": {
        "identifier": "ac3c7ab3-1ce5-4fff-b098-6662d917ae41",
        "reactants": [
          {
            "identifier": "f6f2b068-4ca6-4715-9d76-f608f3192efc",
            "smiles": "O=C(NS(=O)(=O)c1ccc([N+](=O)[O-])cc1)C1CC1",
            "state_of_matter": "SOLID",
            "molecular_weight": 270.2618000000001,
            "density": 1.4,
            "mass": 2.702618000000001,
            "is_produced_by": [],
            "is_consumed_by": [
              "ac3c7ab3-1ce5-4fff-b098-6662d917ae41"
            ],
            "provenance__density": "dummy estimator based on mw",
            "provenance__is_consumed_by": null,
            "provenance__is_produced_by": null,
            "provenance__mass": null,
            "provenance__molecular_weight": "periodic table",
            "provenance__smiles": null,
            "provenance__state_of_matter": "dummy estimator based on mw"
          }
        ],
        "reagents": [
          {
            "identifier": "7e34273d-3f33-4360-9e0b-125eee82f189",
            "smiles": "CCO",
            "state_of_matter": "LIQUID",
            "molecular_weight": 46.06843999999999,
            "density": 1.0,
            "mass": 0.4606843999999999,
            "is_produced_by": [],
            "is_consumed_by": [
              "ac3c7ab3-1ce5-4fff-b098-6662d917ae41"
            ],
            "provenance__density": "dummy estimator based on mw",
            "provenance__is_consumed_by": null,
            "provenance__is_produced_by": null,
            "provenance__mass": null,
            "provenance__molecular_weight": "periodic table",
            "provenance__smiles": null,
            "provenance__state_of_matter": "dummy estimator based on mw"
          },
          {
            "identifier": "d9da1709-1b9a-4adf-aeb6-cfb6a02c63d6",
            "smiles": "[Pd]",
            "state_of_matter": "SOLID",
            "molecular_weight": 106.42,
            "density": 1.4,
            "mass": 1.0642,
            "is_produced_by": [],
            "is_consumed_by": [
              "ac3c7ab3-1ce5-4fff-b098-6662d917ae41"
            ],
            "provenance__density": "dummy estimator based on mw",
            "provenance__is_consumed_by": null,
            "provenance__is_produced_by": null,
            "provenance__mass": null,
            "provenance__molecular_weight": "periodic table",
            "provenance__smiles": null,
            "provenance__state_of_matter": "dummy estimator based on mw"
          }
        ],
        "products": [
          {
            "identifier": "e034c421-c4e3-49cd-95a6-092b82281263",
            "smiles": "Nc1ccc(S(=O)(=O)NC(=O)C2CC2)cc1",
            "state_of_matter": "SOLID",
            "molecular_weight": 240.27887999999984,
            "density": 1.4,
            "mass": 2.4027887999999984,
            "is_produced_by": [
              "ac3c7ab3-1ce5-4fff-b098-6662d917ae41"
            ],
            "is_consumed_by": [],
            "provenance__density": "dummy estimator based on mw",
            "provenance__is_consumed_by": null,
            "provenance__is_produced_by": null,
            "provenance__mass": null,
            "provenance__molecular_weight": "periodic table",
            "provenance__smiles": null,
            "provenance__state_of_matter": "dummy estimator based on mw"
          }
        ],
        "stoichiometry": {
          "f6f2b068-4ca6-4715-9d76-f608f3192efc": 1.0,
          "e034c421-c4e3-49cd-95a6-092b82281263": -1.0
        },
        "temperature": 293.9627623736858,
        "intended_ratios": {
          "f6f2b068-4ca6-4715-9d76-f608f3192efc": 1.0,
          "7e34273d-3f33-4360-9e0b-125eee82f189": 1.0,
          "d9da1709-1b9a-4adf-aeb6-cfb6a02c63d6": 1.0
        },
        "expected_yields": {
          "e034c421-c4e3-49cd-95a6-092b82281263": 1.0
        },
        "reaction_extent": 0.01
      },
      "functional_modules": [],
      "make_solutions": {
        "d9da1709-1b9a-4adf-aeb6-cfb6a02c63d6": {
          "identifier": "21e35b71-639b-4af7-b2e4-fc8d972fde5b",
          "type": "MakeSolution",
          "process_times": {},
          "from_reaction": "ac3c7ab3-1ce5-4fff-b098-6662d917ae41",
          "annotations": {
            "solid_chemical": {
              "identifier": "d9da1709-1b9a-4adf-aeb6-cfb6a02c63d6",
              "smiles": "[Pd]",
              "state_of_matter": "SOLID",
              "molecular_weight": 106.42,
              "density": 1.4,
              "mass": 1.0642,
              "is_produced_by": [],
              "is_consumed_by": [
                "ac3c7ab3-1ce5-4fff-b098-6662d917ae41"
              ],
              "provenance__density": "dummy estimator based on mw",
              "provenance__is_consumed_by": null,
              "provenance__is_produced_by": null,
              "provenance__mass": null,
              "provenance__molecular_weight": "periodic table",
              "provenance__smiles": null,
              "provenance__state_of_matter": "dummy estimator based on mw"
            },
            "liquid_chemical": {
              "identifier": "2c579e44-7505-40ea-8f9f-86975998967d",
              "smiles": "CCO",
              "state_of_matter": "LIQUID",
              "molecular_weight": 46.06843999999999,
              "density": 1.0,
              "mass": 0.13015238285470646,
              "is_produced_by": [],
              "is_consumed_by": [
                "ac3c7ab3-1ce5-4fff-b098-6662d917ae41"
              ],
              "provenance__density": "dummy estimator based on mw",
              "provenance__is_consumed_by": null,
              "provenance__is_produced_by": null,
              "provenance__mass": null,
              "provenance__molecular_weight": "periodic table",
              "provenance__smiles": null,
              "provenance__state_of_matter": "dummy estimator based on mw"
            },
            "notes": "making CCO solution for [Pd]"
          },
          "precedents": []
        },
        "f6f2b068-4ca6-4715-9d76-f608f3192efc": {
          "identifier": "cca9b81d-c878-46c9-a8af-628be2fa64f0",
          "type": "MakeSolution",
          "process_times": {},
          "from_reaction": "ac3c7ab3-1ce5-4fff-b098-6662d917ae41",
          "annotations": {
            "solid_chemical": {
              "identifier": "f6f2b068-4ca6-4715-9d76-f608f3192efc",
              "smiles": "O=C(NS(=O)(=O)c1ccc([N+](=O)[O-])cc1)C1CC1",
              "state_of_matter": "SOLID",
              "molecular_weight": 270.2618000000001,
              "density": 1.4,
              "mass": 2.702618000000001,
              "is_produced_by": [],
              "is_consumed_by": [
                "ac3c7ab3-1ce5-4fff-b098-6662d917ae41"
              ],
              "provenance__density": "dummy estimator based on mw",
              "provenance__is_consumed_by": null,
              "provenance__is_produced_by": null,
              "provenance__mass": null,
              "provenance__molecular_weight": "periodic table",
              "provenance__smiles": null,
              "provenance__state_of_matter": "dummy estimator based on mw"
            },
            "liquid_chemical": {
              "identifier": "78b11d83-1c08-4e4c-9aec-c8071828b952",
              "smiles": "CCO",
              "state_of_matter": "LIQUID",
              "molecular_weight": 46.06843999999999,
              "density": 1.0,
              "mass": 0.3305320171452934,
              "is_produced_by": [],
              "is_consumed_by": [
                "ac3c7ab3-1ce5-4fff-b098-6662d917ae41"
              ],
              "provenance__density": "dummy estimator based on mw",
              "provenance__is_consumed_by": null,
              "provenance__is_produced_by": null,
              "provenance__mass": null,
              "provenance__molecular_weight": "periodic table",
              "provenance__smiles": null,
              "provenance__state_of_matter": "dummy estimator based on mw"
            },
            "notes": "making CCO solution for O=C(NS(=O)(=O)c1ccc([N+](=O)[O-])cc1)C1CC1"
          },
          "precedents": [
            "78889302-352a-4b9a-a4ee-719d219a911f"
          ]
        }
      },
      "add_solutions": {
        "d9da1709-1b9a-4adf-aeb6-cfb6a02c63d6": {
          "identifier": "a2cd7914-957b-429a-b529-6a3362468bfe",
          "type": "TransferLiquid",
          "process_times": {},
          "from_reaction": "ac3c7ab3-1ce5-4fff-b098-6662d917ae41",
          "annotations": {
            "chemical": {
              "identifier": "d4df266d-9829-4405-ac7e-b2f11da21d02",
              "smiles": "CCO.[Pd]",
              "state_of_matter": "LIQUID",
              "molecular_weight": null,
              "density": 1.341523945312765,
              "mass": 1.1943523828547065,
              "is_produced_by": [],
              "is_consumed_by": [
                "ac3c7ab3-1ce5-4fff-b098-6662d917ae41"
              ],
              "provenance__density": "dummy estimator based on mw",
              "provenance__is_consumed_by": null,
              "provenance__is_produced_by": null,
              "provenance__mass": null,
              "provenance__molecular_weight": "periodic table",
              "provenance__smiles": null,
              "provenance__state_of_matter": "dummy estimator based on mw"
            },
            "notes": "add solution [Pd] in CCO"
          },
          "precedents": [
            "21e35b71-639b-4af7-b2e4-fc8d972fde5b"
          ]
        },
        "f6f2b068-4ca6-4715-9d76-f608f3192efc": {
          "identifier": "88dae8bb-e9f6-41f2-9eb2-d598c95c6c33",
          "type": "TransferLiquid",
          "process_times": {},
          "from_reaction": "ac3c7ab3-1ce5-4fff-b098-6662d917ae41",
          "annotations": {
            "chemical": {
              "identifier": "396e9f03-14e6-4676-8c5d-ca9ad56c2546",
              "smiles": "CCO.O=C(NS(=O)(=O)c1ccc([N+](=O)[O-])cc1)C1CC1",
              "state_of_matter": "LIQUID",
              "molecular_weight": null,
              "density": 1.3415239453127648,
              "mass": 3.0331500171452945,
              "is_produced_by": [],
              "is_consumed_by": [
                "ac3c7ab3-1ce5-4fff-b098-6662d917ae41"
              ],
              "provenance__density": "dummy estimator based on mw",
              "provenance__is_consumed_by": null,
              "provenance__is_produced_by": null,
              "provenance__mass": null,
              "provenance__molecular_weight": "periodic table",
              "provenance__smiles": null,
              "provenance__state_of_matter": "dummy estimator based on mw"
            },
            "notes": "add solution O=C(NS(=O)(=O)c1ccc([N+](=O)[O-])cc1)C1CC1 in CCO"
          },
          "precedents": [
            "cca9b81d-c878-46c9-a8af-628be2fa64f0"
          ]
        }
      },
      "add_liquids": {},
      "heat": {
        "identifier": "f0ef6fba-0e37-4cbc-b7b5-3a02072f9138",
        "type": "Heating",
        "process_times": {},
        "from_reaction": "ac3c7ab3-1ce5-4fff-b098-6662d917ae41",
        "annotations": {
          "temperature": 293.9627623736858,
          "notes": "heating the reaction vessel to afford product: Nc1ccc(S(=O)(=O)NC(=O)C2CC2)cc1"
        },
        "precedents": [
          "a2cd7914-957b-429a-b529-6a3362468bfe",
          "88dae8bb-e9f6-41f2-9eb2-d598c95c6c33",
          "21e35b71-639b-4af7-b2e4-fc8d972fde5b",
          "cca9b81d-c878-46c9-a8af-628be2fa64f0"
        ]
      },
      "concentrate_and_purify": {
        "identifier": "6cf2c225-9021-45d1-a6c3-2bd3d1c311b5",
        "type": "ConcentrationAndPurification",
        "process_times": {},
        "from_reaction": "ac3c7ab3-1ce5-4fff-b098-6662d917ae41",
        "annotations": {
          "chemical": {
            "identifier": "e034c421-c4e3-49cd-95a6-092b82281263",
            "smiles": "Nc1ccc(S(=O)(=O)NC(=O)C2CC2)cc1",
            "state_of_matter": "SOLID",
            "molecular_weight": 240.27887999999984,
            "density": 1.4,
            "mass": 2.4027887999999984,
            "is_produced_by": [
              "ac3c7ab3-1ce5-4fff-b098-6662d917ae41"
            ],
            "is_consumed_by": [],
            "provenance__density": "dummy estimator based on mw",
            "provenance__is_consumed_by": null,
            "provenance__is_produced_by": null,
            "provenance__mass": null,
            "provenance__molecular_weight": "periodic table",
            "provenance__smiles": null,
            "provenance__state_of_matter": "dummy estimator based on mw"
          },
          "notes": "purify and concentrate the product: Nc1ccc(S(=O)(=O)NC(=O)C2CC2)cc1"
        },
        "precedents": [
          "f0ef6fba-0e37-4cbc-b7b5-3a02072f9138"
        ]
      },
      "lmin": {
        "f0ef6fba-0e37-4cbc-b7b5-3a02072f9138": {
          "6cf2c225-9021-45d1-a6c3-2bd3d1c311b5": 51.24224885741165
        }
      },
      "lmax": {
        "21e35b71-639b-4af7-b2e4-fc8d972fde5b": {
          "f0ef6fba-0e37-4cbc-b7b5-3a02072f9138": 70.08919207391105
        },
        "cca9b81d-c878-46c9-a8af-628be2fa64f0": {
          "f0ef6fba-0e37-4cbc-b7b5-3a02072f9138": 30.068569158865696
        }
      }
    }
  ],
  "adjacency_data": {
    "directed": true,
    "multigraph": false,
    "graph": [],
    "nodes": [
      {
        "id": "6c10bcb2-ce7b-4058-8515-526a671a988a"
      },
      {
        "id": "56ac11fc-bd65-4f7a-8da5-ccc799232690"
      },
      {
        "id": "c7352db7-ee71-4e25-b354-22f30f69daee"
      },
      {
        "id": "03b3764b-40d9-4725-9e4f-90debfed08ae"
      },
      {
        "id": "97e6e315-e23c-48d9-b0b1-ad99feb5d40e"
      },
      {
        "id": "10cbfbb8-e562-46e8-a6bb-7c1c1d269b69"
      },
      {
        "id": "1ae31a82-d3b2-4950-8599-0bacacfaac84"
      },
      {
        "id": "0e72a6a6-55b6-4cb3-a6bc-6e20f270740d"
      },
      {
        "id": "ec7fae19-a9c7-49ae-8586-9c367da93ecb"
      },
      {
        "id": "05fef8ff-421f-4def-887e-a8bd078af319"
      },
      {
        "id": "96f849f0-3d4c-4544-a305-81a82dd618bd"
      },
      {
        "id": "3f7c0013-d255-4ea7-8011-cc947b7d7fb3"
      },
      {
        "id": "5b06d201-e009-48bb-b725-53ed79c48f46"
      },
      {
        "id": "875f04c1-5abf-4f9f-9459-9c735abe875b"
      },
      {
        "id": "70e8532f-200e-4721-891a-e2575f0fc86d"
      },
      {
        "id": "d52c7a57-20ab-4769-aad7-8ef963de2431"
      },
      {
        "id": "251fe584-940b-49b5-90a8-a4a869b75807"
      },
      {
        "id": "df47a5bd-2b37-46cc-b6ce-8cd13a3eb391"
      },
      {
        "id": "ad94295d-d3ea-4749-a25d-edde4554c1a2"
      },
      {
        "id": "d090c836-0f5a-4df7-80a0-46b04bb4889f"
      },
      {
        "id": "78889302-352a-4b9a-a4ee-719d219a911f"
      },
      {
        "id": "6cf2c225-9021-45d1-a6c3-2bd3d1c311b5"
      },
      {
        "id": "d8b0c792-87d4-4762-ab53-b42590b67be4"
      },
      {
        "id": "cac9fde8-6ac1-43c1-ad2b-e3f8e32ae673"
      },
      {
        "id": "d643037c-19bd-4829-b2fa-39a772c525b8"
      },
      {
        "id": "c54b6597-b40e-4ee5-b714-9b6735187974"
      },
      {
        "id": "8f23bd77-c117-42a1-a627-d59b780fbf7d"
      },
      {
        "id": "7e2ae88b-85c9-4436-8df0-584ea27eef45"
      },
      {
        "id": "053194ec-a0e4-42f1-89e3-2c36885799e2"
      },
      {
        "id": "6f0871f6-3aae-48e0-86e8-2c6cd1d4edd9"
      },
      {
        "id": "036bd9f0-1f15-4b92-b57a-a1b9129192a3"
      },
      {
        "id": "eb967389-a3b8-4e18-bd3c-6694d84c21bc"
      },
      {
        "id": "624429cc-21dd-4627-a561-5f8d13ada005"
      },
      {
        "id": "cca9b81d-c878-46c9-a8af-628be2fa64f0"
      },
      {
        "id": "21e35b71-639b-4af7-b2e4-fc8d972fde5b"
      },
      {
        "id": "a2cd7914-957b-429a-b529-6a3362468bfe"
      },
      {
        "id": "88dae8bb-e9f6-41f2-9eb2-d598c95c6c33"
      },
      {
        "id": "f0ef6fba-0e37-4cbc-b7b5-3a02072f9138"
      }
    ],
    "adjacency": [
      [
        {
          "lmin": 0,
          "lmax": Infinity,
          "id": "56ac11fc-bd65-4f7a-8da5-ccc799232690"
        }
      ],
      [
        {
          "lmin": 0,
          "lmax": Infinity,
          "id": "03b3764b-40d9-4725-9e4f-90debfed08ae"
        },
        {
          "lmin": 0,
          "lmax": 66.6532184066281,
          "id": "10cbfbb8-e562-46e8-a6bb-7c1c1d269b69"
        }
      ],
      [
        {
          "lmin": 0,
          "lmax": Infinity,
          "id": "56ac11fc-bd65-4f7a-8da5-ccc799232690"
        }
      ],
      [
        {
          "lmin": 0,
          "lmax": Infinity,
          "id": "10cbfbb8-e562-46e8-a6bb-7c1c1d269b69"
        }
      ],
      [
        {
          "lmin": 0,
          "lmax": Infinity,
          "id": "10cbfbb8-e562-46e8-a6bb-7c1c1d269b69"
        }
      ],
      [
        {
          "lmin": 31.708591772689186,
          "lmax": Infinity,
          "id": "1ae31a82-d3b2-4950-8599-0bacacfaac84"
        }
      ],
      [],
      [
        {
          "lmin": 0,
          "lmax": Infinity,
          "id": "ec7fae19-a9c7-49ae-8586-9c367da93ecb"
        },
        {
          "lmin": 0,
          "lmax": 87.99638206624553,
          "id": "5b06d201-e009-48bb-b725-53ed79c48f46"
        }
      ],
      [
        {
          "lmin": 0,
          "lmax": Infinity,
          "id": "5b06d201-e009-48bb-b725-53ed79c48f46"
        }
      ],
      [
        {
          "lmin": 0,
          "lmax": Infinity,
          "id": "96f849f0-3d4c-4544-a305-81a82dd618bd"
        },
        {
          "lmin": 0,
          "lmax": 58.620586593163026,
          "id": "5b06d201-e009-48bb-b725-53ed79c48f46"
        }
      ],
      [
        {
          "lmin": 0,
          "lmax": Infinity,
          "id": "5b06d201-e009-48bb-b725-53ed79c48f46"
        }
      ],
      [
        {
          "lmin": 0,
          "lmax": Infinity,
          "id": "5b06d201-e009-48bb-b725-53ed79c48f46"
        }
      ],
      [
        {
          "lmin": 55.65055266189491,
          "lmax": Infinity,
          "id": "c7352db7-ee71-4e25-b354-22f30f69daee"
        }
      ],
      [
        {
          "lmin": 0,
          "lmax": Infinity,
          "id": "5b06d201-e009-48bb-b725-53ed79c48f46"
        }
      ],
      [
        {
          "lmin": 0,
          "lmax": Infinity,
          "id": "5b06d201-e009-48bb-b725-53ed79c48f46"
        }
      ],
      [
        {
          "lmin": 0,
          "lmax": Infinity,
          "id": "251fe584-940b-49b5-90a8-a4a869b75807"
        },
        {
          "lmin": 0,
          "lmax": 45.62953862351756,
          "id": "ad94295d-d3ea-4749-a25d-edde4554c1a2"
        }
      ],
      [
        {
          "lmin": 0,
          "lmax": Infinity,
          "id": "ad94295d-d3ea-4749-a25d-edde4554c1a2"
        }
      ],
      [
        {
          "lmin": 0,
          "lmax": Infinity,
          "id": "ad94295d-d3ea-4749-a25d-edde4554c1a2"
        }
      ],
      [
        {
          "lmin": 53.265496388582,
          "lmax": Infinity,
          "id": "78889302-352a-4b9a-a4ee-719d219a911f"
        }
      ],
      [
        {
          "lmin": 0,
          "lmax": Infinity,
          "id": "ad94295d-d3ea-4749-a25d-edde4554c1a2"
        }
      ],
      [
        {
          "lmin": 0,
          "lmax": Infinity,
          "id": "cca9b81d-c878-46c9-a8af-628be2fa64f0"
        }
      ],
      [
        {
          "lmin": 0,
          "lmax": Infinity,
          "id": "d8b0c792-87d4-4762-ab53-b42590b67be4"
        }
      ],
      [
        {
          "lmin": 0,
          "lmax": Infinity,
          "id": "c54b6597-b40e-4ee5-b714-9b6735187974"
        },
        {
          "lmin": 0,
          "lmax": 30.842502009841137,
          "id": "8f23bd77-c117-42a1-a627-d59b780fbf7d"
        }
      ],
      [
        {
          "lmin": 0,
          "lmax": Infinity,
          "id": "d643037c-19bd-4829-b2fa-39a772c525b8"
        },
        {
          "lmin": 0,
          "lmax": 62.92195823013536,
          "id": "8f23bd77-c117-42a1-a627-d59b780fbf7d"
        }
      ],
      [
        {
          "lmin": 0,
          "lmax": Infinity,
          "id": "8f23bd77-c117-42a1-a627-d59b780fbf7d"
        }
      ],
      [
        {
          "lmin": 0,
          "lmax": Infinity,
          "id": "8f23bd77-c117-42a1-a627-d59b780fbf7d"
        }
      ],
      [
        {
          "lmin": 50.25139135065112,
          "lmax": Infinity,
          "id": "7e2ae88b-85c9-4436-8df0-584ea27eef45"
        }
      ],
      [
        {
          "lmin": 0,
          "lmax": Infinity,
          "id": "053194ec-a0e4-42f1-89e3-2c36885799e2"
        }
      ],
      [
        {
          "lmin": 0,
          "lmax": Infinity,
          "id": "6f0871f6-3aae-48e0-86e8-2c6cd1d4edd9"
        },
        {
          "lmin": 0,
          "lmax": 53.92941253345612,
          "id": "eb967389-a3b8-4e18-bd3c-6694d84c21bc"
        }
      ],
      [
        {
          "lmin": 0,
          "lmax": Infinity,
          "id": "eb967389-a3b8-4e18-bd3c-6694d84c21bc"
        }
      ],
      [
        {
          "lmin": 0,
          "lmax": Infinity,
          "id": "eb967389-a3b8-4e18-bd3c-6694d84c21bc"
        }
      ],
      [
        {
          "lmin": 45.985234320197705,
          "lmax": Infinity,
          "id": "6c10bcb2-ce7b-4058-8515-526a671a988a"
        }
      ],
      [
        {
          "lmin": 0,
          "lmax": Infinity,
          "id": "eb967389-a3b8-4e18-bd3c-6694d84c21bc"
        }
      ],
      [
        {
          "lmin": 0,
          "lmax": Infinity,
          "id": "88dae8bb-e9f6-41f2-9eb2-d598c95c6c33"
        },
        {
          "lmin": 0,
          "lmax": 30.068569158865696,
          "id": "f0ef6fba-0e37-4cbc-b7b5-3a02072f9138"
        }
      ],
      [
        {
          "lmin": 0,
          "lmax": Infinity,
          "id": "a2cd7914-957b-429a-b529-6a3362468bfe"
        },
        {
          "lmin": 0,
          "lmax": 70.08919207391105,
          "id": "f0ef6fba-0e37-4cbc-b7b5-3a02072f9138"
        }
      ],
      [
        {
          "lmin": 0,
          "lmax": Infinity,
          "id": "f0ef6fba-0e37-4cbc-b7b5-3a02072f9138"
        }
      ],
      [
        {
          "lmin": 0,
          "lmax": Infinity,
          "id": "f0ef6fba-0e37-4cbc-b7b5-3a02072f9138"
        }
      ],
      [
        {
          "lmin": 51.24224885741165,
          "lmax": Infinity,
          "id": "6cf2c225-9021-45d1-a6c3-2bd3d1c311b5"
        }
      ]
    ]
  }
}