{
  "identifier": "42100570-bdb3-4bc0-9009-529f3a50ca0f",
  "chemical_reactions": [
    {
      "identifier": "21c0a630-56b6-4808-b120-12266f94d4ab",
      "reactants": [
        {
          "identifier": "82eeab75-7e65-4cbf-b012-7bbbffa775b8",
          "smiles": "NCc1cccc(-c2ccsc2)c1",
          "state_of_matter": "LIQUID",
          "molecular_weight": 190.28467999999987,
          "density": 1.0,
          "mass": 1.9028467999999987,
          "is_produced_by": [],
          "is_consumed_by": [
            "21c0a630-56b6-4808-b120-12266f94d4ab"
          ],
          "provenance__density": "dummy estimator based on mw",
          "provenance__is_consumed_by": null,
          "provenance__is_produced_by": null,
          "provenance__mass": null,
          "provenance__molecular_weight": "periodic table",
          "provenance__smiles": null,
          "provenance__state_of_matter": "dummy estimator based on mw"
        },
        {
          "identifier": "667ad579-366d-4f7d-8cc3-a0d73184a376",
          "smiles": "O=C(Nc1ccc(S(=O)(=O)NCC2CC2)cc1)Oc1ccccc1",
          "state_of_matter": "SOLID",
          "molecular_weight": 346.4008200000002,
          "density": 1.4,
          "mass": 3.464008200000002,
          "is_produced_by": [],
          "is_consumed_by": [
            "21c0a630-56b6-4808-b120-12266f94d4ab"
          ],
          "provenance__density": "dummy estimator based on mw",
          "provenance__is_consumed_by": null,
          "provenance__is_produced_by": null,
          "provenance__mass": null,
          "provenance__molecular_weight": "periodic table",
          "provenance__smiles": null,
          "provenance__state_of_matter": "dummy estimator based on mw"
        }
      ],
      "reagents": [
        {
          "identifier": "795b7202-3a46-44ee-adef-1f1c4926fa22",
          "smiles": "CS(C)=O",
          "state_of_matter": "LIQUID",
          "molecular_weight": 78.13344000000002,
          "density": 1.0,
          "mass": 0.7813344000000002,
          "is_produced_by": [],
          "is_consumed_by": [
            "21c0a630-56b6-4808-b120-12266f94d4ab"
          ],
          "provenance__density": "dummy estimator based on mw",
          "provenance__is_consumed_by": null,
          "provenance__is_produced_by": null,
          "provenance__mass": null,
          "provenance__molecular_weight": "periodic table",
          "provenance__smiles": null,
          "provenance__state_of_matter": "dummy estimator based on mw"
        }
      ],
      "products": [
        {
          "identifier": "3729e1a7-b4d9-4dd3-8d76-ec2c2eb7a67f",
          "smiles": "O=C(NCc1cccc(-c2ccsc2)c1)Nc1ccc(S(=O)(=O)NCC2CC2)cc1",
          "state_of_matter": "SOLID",
          "molecular_weight": 442.57426000000027,
          "density": 1.4,
          "mass": 4.425742600000003,
          "is_produced_by": [
            "21c0a630-56b6-4808-b120-12266f94d4ab"
          ],
          "is_consumed_by": [],
          "provenance__density": "dummy estimator based on mw",
          "provenance__is_consumed_by": null,
          "provenance__is_produced_by": null,
          "provenance__mass": null,
          "provenance__molecular_weight": "periodic table",
          "provenance__smiles": null,
          "provenance__state_of_matter": "dummy estimator based on mw"
        }
      ],
      "stoichiometry": {
        "82eeab75-7e65-4cbf-b012-7bbbffa775b8": 1.0,
        "667ad579-366d-4f7d-8cc3-a0d73184a376": 1.0,
        "3729e1a7-b4d9-4dd3-8d76-ec2c2eb7a67f": -1.0
      },
      "temperature": 373.60854529738424,
      "intended_ratios": {
        "82eeab75-7e65-4cbf-b012-7bbbffa775b8": 1.0,
        "667ad579-366d-4f7d-8cc3-a0d73184a376": 1.0,
        "795b7202-3a46-44ee-adef-1f1c4926fa22": 1.0
      },
      "expected_yields": {
        "3729e1a7-b4d9-4dd3-8d76-ec2c2eb7a67f": 1.0
      },
      "reaction_extent": 0.01
    },
    {
      "identifier": "2add0db0-419d-4c10-b58e-d96170e42345",
      "reactants": [
        {
          "identifier": "5d133146-4cde-4f00-b522-adadc78f41bd",
          "smiles": "NCc1cccc(Br)c1",
          "state_of_matter": "LIQUID",
          "molecular_weight": 186.0491199999999,
          "density": 1.0,
          "mass": 1.8604911999999991,
          "is_produced_by": [],
          "is_consumed_by": [
            "2add0db0-419d-4c10-b58e-d96170e42345"
          ],
          "provenance__density": "dummy estimator based on mw",
          "provenance__is_consumed_by": null,
          "provenance__is_produced_by": null,
          "provenance__mass": null,
          "provenance__molecular_weight": "periodic table",
          "provenance__smiles": null,
          "provenance__state_of_matter": "dummy estimator based on mw"
        },
        {
          "identifier": "1df1be78-907d-4438-9b9c-2b7b2de353bf",
          "smiles": "OB(O)c1ccsc1",
          "state_of_matter": "LIQUID",
          "molecular_weight": 128.96524000000002,
          "density": 1.0,
          "mass": 1.2896524000000003,
          "is_produced_by": [],
          "is_consumed_by": [
            "2add0db0-419d-4c10-b58e-d96170e42345"
          ],
          "provenance__density": "dummy estimator based on mw",
          "provenance__is_consumed_by": null,
          "provenance__is_produced_by": null,
          "provenance__mass": null,
          "provenance__molecular_weight": "periodic table",
          "provenance__smiles": null,
          "provenance__state_of_matter": "dummy estimator based on mw"
        }
      ],
      "reagents": [
        {
          "identifier": "25e6d26a-ea56-4cb5-b73b-6b78f1ec289a",
          "smiles": "O",
          "state_of_matter": "LIQUID",
          "molecular_weight": 18.01528,
          "density": 1.0,
          "mass": 0.1801528,
          "is_produced_by": [],
          "is_consumed_by": [
            "2add0db0-419d-4c10-b58e-d96170e42345"
          ],
          "provenance__density": "dummy estimator based on mw",
          "provenance__is_consumed_by": null,
          "provenance__is_produced_by": null,
          "provenance__mass": null,
          "provenance__molecular_weight": "periodic table",
          "provenance__smiles": null,
          "provenance__state_of_matter": "dummy estimator based on mw"
        },
        {
          "identifier": "a47391e5-ce00-44d9-85b0-63d20c403416",
          "smiles": "O=C(O[K])O[K]",
          "state_of_matter": "SOLID",
          "molecular_weight": 138.2055,
          "density": 1.4,
          "mass": 1.382055,
          "is_produced_by": [],
          "is_consumed_by": [
            "2add0db0-419d-4c10-b58e-d96170e42345"
          ],
          "provenance__density": "dummy estimator based on mw",
          "provenance__is_consumed_by": null,
          "provenance__is_produced_by": null,
          "provenance__mass": null,
          "provenance__molecular_weight": "periodic table",
          "provenance__smiles": null,
          "provenance__state_of_matter": "dummy estimator based on mw"
        },
        {
          "identifier": "e89deeea-64fb-4f92-ab71-eac83415feb3",
          "smiles": "C1COCCO1",
          "state_of_matter": "LIQUID",
          "molecular_weight": 88.10512000000004,
          "density": 1.0,
          "mass": 0.8810512000000005,
          "is_produced_by": [],
          "is_consumed_by": [
            "2add0db0-419d-4c10-b58e-d96170e42345"
          ],
          "provenance__density": "dummy estimator based on mw",
          "provenance__is_consumed_by": null,
          "provenance__is_produced_by": null,
          "provenance__mass": null,
          "provenance__molecular_weight": "periodic table",
          "provenance__smiles": null,
          "provenance__state_of_matter": "dummy estimator based on mw"
        },
        {
          "identifier": "da3b6016-e742-42b3-ab91-f31c7bc5f30c",
          "smiles": "c1ccc([PH](c2ccccc2)(c2ccccc2)[Pd]([PH](c2ccccc2)(c2ccccc2)c2ccccc2)([PH](c2ccccc2)(c2ccccc2)c2ccccc2)[PH](c2ccccc2)(c2ccccc2)c2ccccc2)cc1",
          "state_of_matter": "SOLID",
          "molecular_weight": 1159.593603999999,
          "density": 1.4,
          "mass": 11.595936039999991,
          "is_produced_by": [],
          "is_consumed_by": [
            "2add0db0-419d-4c10-b58e-d96170e42345"
          ],
          "provenance__density": "dummy estimator based on mw",
          "provenance__is_consumed_by": null,
          "provenance__is_produced_by": null,
          "provenance__mass": null,
          "provenance__molecular_weight": "periodic table",
          "provenance__smiles": null,
          "provenance__state_of_matter": "dummy estimator based on mw"
        }
      ],
      "products": [
        {
          "identifier": "d00456ae-6ff8-4bae-988c-154ccdab36b3",
          "smiles": "NCc1cccc(-c2ccsc2)c1",
          "state_of_matter": "LIQUID",
          "molecular_weight": 190.28467999999987,
          "density": 1.0,
          "mass": 1.9028467999999987,
          "is_produced_by": [
            "2add0db0-419d-4c10-b58e-d96170e42345"
          ],
          "is_consumed_by": [],
          "provenance__density": "dummy estimator based on mw",
          "provenance__is_consumed_by": null,
          "provenance__is_produced_by": null,
          "provenance__mass": null,
          "provenance__molecular_weight": "periodic table",
          "provenance__smiles": null,
          "provenance__state_of_matter": "dummy estimator based on mw"
        }
      ],
      "stoichiometry": {
        "5d133146-4cde-4f00-b522-adadc78f41bd": 1.0,
        "1df1be78-907d-4438-9b9c-2b7b2de353bf": 1.0,
        "d00456ae-6ff8-4bae-988c-154ccdab36b3": -1.0
      },
      "temperature": 360.4221981525421,
      "intended_ratios": {
        "5d133146-4cde-4f00-b522-adadc78f41bd": 1.0,
        "1df1be78-907d-4438-9b9c-2b7b2de353bf": 1.0,
        "25e6d26a-ea56-4cb5-b73b-6b78f1ec289a": 1.0,
        "a47391e5-ce00-44d9-85b0-63d20c403416": 1.0,
        "e89deeea-64fb-4f92-ab71-eac83415feb3": 1.0,
        "da3b6016-e742-42b3-ab91-f31c7bc5f30c": 1.0
      },
      "expected_yields": {
        "d00456ae-6ff8-4bae-988c-154ccdab36b3": 1.0
      },
      "reaction_extent": 0.01
    },
    {
      "identifier": "39c566cf-1327-4bbf-880f-c47224a2a452",
      "reactants": [
        {
          "identifier": "39f45815-0799-44b2-bb7f-37f2e9f3fd8c",
          "smiles": "NS(=O)(=O)c1ccc([N+](=O)[O-])cc1",
          "state_of_matter": "SOLID",
          "molecular_weight": 202.18783999999994,
          "density": 1.4,
          "mass": 2.0218783999999994,
          "is_produced_by": [],
          "is_consumed_by": [
            "39c566cf-1327-4bbf-880f-c47224a2a452"
          ],
          "provenance__density": "dummy estimator based on mw",
          "provenance__is_consumed_by": null,
          "provenance__is_produced_by": null,
          "provenance__mass": null,
          "provenance__molecular_weight": "periodic table",
          "provenance__smiles": null,
          "provenance__state_of_matter": "dummy estimator based on mw"
        },
        {
          "identifier": "9f30f09d-7787-4961-9bc0-4a83e08de4ad",
          "smiles": "O=C(Cl)C1CC1",
          "state_of_matter": "LIQUID",
          "molecular_weight": 104.53490000000004,
          "density": 1.0,
          "mass": 1.0453490000000003,
          "is_produced_by": [],
          "is_consumed_by": [
            "39c566cf-1327-4bbf-880f-c47224a2a452"
          ],
          "provenance__density": "dummy estimator based on mw",
          "provenance__is_consumed_by": null,
          "provenance__is_produced_by": null,
          "provenance__mass": null,
          "provenance__molecular_weight": "periodic table",
          "provenance__smiles": null,
          "provenance__state_of_matter": "dummy estimator based on mw"
        }
      ],
      "reagents": [
        {
          "identifier": "9951de9b-e4af-4a46-a3be-31bb2cf8997b",
          "smiles": "ClCCl",
          "state_of_matter": "LIQUID",
          "molecular_weight": 84.93258000000002,
          "density": 1.0,
          "mass": 0.8493258000000001,
          "is_produced_by": [],
          "is_consumed_by": [
            "39c566cf-1327-4bbf-880f-c47224a2a452"
          ],
          "provenance__density": "dummy estimator based on mw",
          "provenance__is_consumed_by": null,
          "provenance__is_produced_by": null,
          "provenance__mass": null,
          "provenance__molecular_weight": "periodic table",
          "provenance__smiles": null,
          "provenance__state_of_matter": "dummy estimator based on mw"
        },
        {
          "identifier": "93794edf-5413-4412-891a-eb6e980831d1",
          "smiles": "CCN(CC)CC",
          "state_of_matter": "LIQUID",
          "molecular_weight": 101.19000000000008,
          "density": 1.0,
          "mass": 1.011900000000001,
          "is_produced_by": [],
          "is_consumed_by": [
            "39c566cf-1327-4bbf-880f-c47224a2a452"
          ],
          "provenance__density": "dummy estimator based on mw",
          "provenance__is_consumed_by": null,
          "provenance__is_produced_by": null,
          "provenance__mass": null,
          "provenance__molecular_weight": "periodic table",
          "provenance__smiles": null,
          "provenance__state_of_matter": "dummy estimator based on mw"
        }
      ],
      "products": [
        {
          "identifier": "a8b7df36-27b5-4127-a792-7301a6db2306",
          "smiles": "O=C(NS(=O)(=O)c1ccc([N+](=O)[O-])cc1)C1CC1",
          "state_of_matter": "SOLID",
          "molecular_weight": 270.2618000000001,
          "density": 1.4,
          "mass": 2.702618000000001,
          "is_produced_by": [
            "39c566cf-1327-4bbf-880f-c47224a2a452"
          ],
          "is_consumed_by": [],
          "provenance__density": "dummy estimator based on mw",
          "provenance__is_consumed_by": null,
          "provenance__is_produced_by": null,
          "provenance__mass": null,
          "provenance__molecular_weight": "periodic table",
          "provenance__smiles": null,
          "provenance__state_of_matter": "dummy estimator based on mw"
        }
      ],
      "stoichiometry": {
        "39f45815-0799-44b2-bb7f-37f2e9f3fd8c": 1.0,
        "9f30f09d-7787-4961-9bc0-4a83e08de4ad": 1.0,
        "a8b7df36-27b5-4127-a792-7301a6db2306": -1.0
      },
      "temperature": 277.1629755914211,
      "intended_ratios": {
        "39f45815-0799-44b2-bb7f-37f2e9f3fd8c": 1.0,
        "9f30f09d-7787-4961-9bc0-4a83e08de4ad": 1.0,
        "9951de9b-e4af-4a46-a3be-31bb2cf8997b": 1.0,
        "93794edf-5413-4412-891a-eb6e980831d1": 1.0
      },
      "expected_yields": {
        "a8b7df36-27b5-4127-a792-7301a6db2306": 1.0
      },
      "reaction_extent": 0.01
    },
    {
      "identifier": "0c2a7897-6ce8-4fa9-8e5a-27d57d858ca4",
      "reactants": [
        {
          "identifier": "af4c435a-7209-45f5-bf92-647614b24b26",
          "smiles": "Nc1ccc(S(=O)(=O)NC(=O)C2CC2)cc1",
          "state_of_matter": "SOLID",
          "molecular_weight": 240.27887999999984,
          "density": 1.4,
          "mass": 2.4027887999999984,
          "is_produced_by": [],
          "is_consumed_by": [
            "0c2a7897-6ce8-4fa9-8e5a-27d57d858ca4"
          ],
          "provenance__density": "dummy estimator based on mw",
          "provenance__is_consumed_by": null,
          "provenance__is_produced_by": null,
          "provenance__mass": null,
          "provenance__molecular_weight": "periodic table",
          "provenance__smiles": null,
          "provenance__state_of_matter": "dummy estimator based on mw"
        }
      ],
      "reagents": [
        {
          "identifier": "0f6dcd21-1abf-4136-9917-75d9312a5478",
          "smiles": "CN(C)C=O",
          "state_of_matter": "LIQUID",
          "molecular_weight": 73.09378000000004,
          "density": 1.0,
          "mass": 0.7309378000000004,
          "is_produced_by": [],
          "is_consumed_by": [
            "0c2a7897-6ce8-4fa9-8e5a-27d57d858ca4"
          ],
          "provenance__density": "dummy estimator based on mw",
          "provenance__is_consumed_by": null,
          "provenance__is_produced_by": null,
          "provenance__mass": null,
          "provenance__molecular_weight": "periodic table",
          "provenance__smiles": null,
          "provenance__state_of_matter": "dummy estimator based on mw"
        },
        {
          "identifier": "3f11743b-cb18-42ef-8665-e4bc521b6bf1",
          "smiles": "[NaH]",
          "state_of_matter": "SOLID",
          "molecular_weight": 23.99771,
          "density": 1.4,
          "mass": 0.23997710000000003,
          "is_produced_by": [],
          "is_consumed_by": [
            "0c2a7897-6ce8-4fa9-8e5a-27d57d858ca4"
          ],
          "provenance__density": "dummy estimator based on mw",
          "provenance__is_consumed_by": null,
          "provenance__is_produced_by": null,
          "provenance__mass": null,
          "provenance__molecular_weight": "periodic table",
          "provenance__smiles": null,
          "provenance__state_of_matter": "dummy estimator based on mw"
        }
      ],
      "products": [
        {
          "identifier": "ba219fd8-6463-4af9-81a3-713e9212516f",
          "smiles": "Nc1ccc(S(=O)(=O)NCC2CC2)cc1",
          "state_of_matter": "SOLID",
          "molecular_weight": 226.2953599999998,
          "density": 1.4,
          "mass": 2.262953599999998,
          "is_produced_by": [
            "0c2a7897-6ce8-4fa9-8e5a-27d57d858ca4"
          ],
          "is_consumed_by": [],
          "provenance__density": "dummy estimator based on mw",
          "provenance__is_consumed_by": null,
          "provenance__is_produced_by": null,
          "provenance__mass": null,
          "provenance__molecular_weight": "periodic table",
          "provenance__smiles": null,
          "provenance__state_of_matter": "dummy estimator based on mw"
        }
      ],
      "stoichiometry": {
        "af4c435a-7209-45f5-bf92-647614b24b26": 1.0,
        "ba219fd8-6463-4af9-81a3-713e9212516f": -1.0
      },
      "temperature": 313.43748632669445,
      "intended_ratios": {
        "af4c435a-7209-45f5-bf92-647614b24b26": 1.0,
        "0f6dcd21-1abf-4136-9917-75d9312a5478": 1.0,
        "3f11743b-cb18-42ef-8665-e4bc521b6bf1": 1.0
      },
      "expected_yields": {
        "ba219fd8-6463-4af9-81a3-713e9212516f": 1.0
      },
      "reaction_extent": 0.01
    },
    {
      "identifier": "7d11ec75-4936-419a-976e-8108e62ad494",
      "reactants": [
        {
          "identifier": "faf9e280-635e-4a90-8bc5-54f19bfc53c3",
          "smiles": "Nc1ccc(S(=O)(=O)NCC2CC2)cc1",
          "state_of_matter": "SOLID",
          "molecular_weight": 226.2953599999998,
          "density": 1.4,
          "mass": 2.262953599999998,
          "is_produced_by": [],
          "is_consumed_by": [
            "7d11ec75-4936-419a-976e-8108e62ad494"
          ],
          "provenance__density": "dummy estimator based on mw",
          "provenance__is_consumed_by": null,
          "provenance__is_produced_by": null,
          "provenance__mass": null,
          "provenance__molecular_weight": "periodic table",
          "provenance__smiles": null,
          "provenance__state_of_matter": "dummy estimator based on mw"
        },
        {
          "identifier": "d2882b76-1027-477e-9e5c-7a17290d623b",
          "smiles": "O=C(Cl)Oc1ccccc1",
          "state_of_matter": "LIQUID",
          "molecular_weight": 156.56639999999996,
          "density": 1.0,
          "mass": 1.5656639999999997,
          "is_produced_by": [],
          "is_consumed_by": [
            "7d11ec75-4936-419a-976e-8108e62ad494"
          ],
          "provenance__density": "dummy estimator based on mw",
          "provenance__is_consumed_by": null,
          "provenance__is_produced_by": null,
          "provenance__mass": null,
          "provenance__molecular_weight": "periodic table",
          "provenance__smiles": null,
          "provenance__state_of_matter": "dummy estimator based on mw"
        }
      ],
      "reagents": [
        {
          "identifier": "366bb674-81fd-44a0-b061-bc817fa77c09",
          "smiles": "CC#N",
          "state_of_matter": "LIQUID",
          "molecular_weight": 41.051919999999996,
          "density": 1.0,
          "mass": 0.4105192,
          "is_produced_by": [],
          "is_consumed_by": [
            "7d11ec75-4936-419a-976e-8108e62ad494"
          ],
          "provenance__density": "dummy estimator based on mw",
          "provenance__is_consumed_by": null,
          "provenance__is_produced_by": null,
          "provenance__mass": null,
          "provenance__molecular_weight": "periodic table",
          "provenance__smiles": null,
          "provenance__state_of_matter": "dummy estimator based on mw"
        },
        {
          "identifier": "3ac06813-9374-4695-8212-19b8650685c0",
          "smiles": "c1ccncc1",
          "state_of_matter": "LIQUID",
          "molecular_weight": 79.09990000000003,
          "density": 1.0,
          "mass": 0.7909990000000003,
          "is_produced_by": [],
          "is_consumed_by": [
            "7d11ec75-4936-419a-976e-8108e62ad494"
          ],
          "provenance__density": "dummy estimator based on mw",
          "provenance__is_consumed_by": null,
          "provenance__is_produced_by": null,
          "provenance__mass": null,
          "provenance__molecular_weight": "periodic table",
          "provenance__smiles": null,
          "provenance__state_of_matter": "dummy estimator based on mw"
        }
      ],
      "products": [
        {
          "identifier": "65eca3b7-c67a-4a5e-afc0-12ca8b5e7bed",
          "smiles": "O=C(Nc1ccc(S(=O)(=O)NCC2CC2)cc1)Oc1ccccc1",
          "state_of_matter": "SOLID",
          "molecular_weight": 346.4008200000002,
          "density": 1.4,
          "mass": 3.464008200000002,
          "is_produced_by": [
            "7d11ec75-4936-419a-976e-8108e62ad494"
          ],
          "is_consumed_by": [],
          "provenance__density": "dummy estimator based on mw",
          "provenance__is_consumed_by": null,
          "provenance__is_produced_by": null,
          "provenance__mass": null,
          "provenance__molecular_weight": "periodic table",
          "provenance__smiles": null,
          "provenance__state_of_matter": "dummy estimator based on mw"
        }
      ],
      "stoichiometry": {
        "faf9e280-635e-4a90-8bc5-54f19bfc53c3": 1.0,
        "d2882b76-1027-477e-9e5c-7a17290d623b": 1.0,
        "65eca3b7-c67a-4a5e-afc0-12ca8b5e7bed": -1.0
      },
      "temperature": 285.7597063779831,
      "intended_ratios": {
        "faf9e280-635e-4a90-8bc5-54f19bfc53c3": 1.0,
        "d2882b76-1027-477e-9e5c-7a17290d623b": 1.0,
        "366bb674-81fd-44a0-b061-bc817fa77c09": 1.0,
        "3ac06813-9374-4695-8212-19b8650685c0": 1.0
      },
      "expected_yields": {
        "65eca3b7-c67a-4a5e-afc0-12ca8b5e7bed": 1.0
      },
      "reaction_extent": 0.01
    },
    {
      "identifier": "ac3c7ab3-1ce5-4fff-b098-6662d917ae41",
      "reactants": [
        {
          "identifier": "f6f2b068-4ca6-4715-9d76-f608f3192efc",
          "smiles": "O=C(NS(=O)(=O)c1ccc([N+](=O)[O-])cc1)C1CC1",
          "state_of_matter": "SOLID",
          "molecular_weight": 270.2618000000001,
          "density": 1.4,
          "mass": 2.702618000000001,
          "is_produced_by": [],
          "is_consumed_by": [
            "ac3c7ab3-1ce5-4fff-b098-6662d917ae41"
          ],
          "provenance__density": "dummy estimator based on mw",
          "provenance__is_consumed_by": null,
          "provenance__is_produced_by": null,
          "provenance__mass": null,
          "provenance__molecular_weight": "periodic table",
          "provenance__smiles": null,
          "provenance__state_of_matter": "dummy estimator based on mw"
        }
      ],
      "reagents": [
        {
          "identifier": "7e34273d-3f33-4360-9e0b-125eee82f189",
          "smiles": "CCO",
          "state_of_matter": "LIQUID",
          "molecular_weight": 46.06843999999999,
          "density": 1.0,
          "mass": 0.4606843999999999,
          "is_produced_by": [],
          "is_consumed_by": [
            "ac3c7ab3-1ce5-4fff-b098-6662d917ae41"
          ],
          "provenance__density": "dummy estimator based on mw",
          "provenance__is_consumed_by": null,
          "provenance__is_produced_by": null,
          "provenance__mass": null,
          "provenance__molecular_weight": "periodic table",
          "provenance__smiles": null,
          "provenance__state_of_matter": "dummy estimator based on mw"
        },
        {
          "identifier": "d9da1709-1b9a-4adf-aeb6-cfb6a02c63d6",
          "smiles": "[Pd]",
          "state_of_matter": "SOLID",
          "molecular_weight": 106.42,
          "density": 1.4,
          "mass": 1.0642,
          "is_produced_by": [],
          "is_consumed_by": [
            "ac3c7ab3-1ce5-4fff-b098-6662d917ae41"
          ],
          "provenance__density": "dummy estimator based on mw",
          "provenance__is_consumed_by": null,
          "provenance__is_produced_by": null,
          "provenance__mass": null,
          "provenance__molecular_weight": "periodic table",
          "provenance__smiles": null,
          "provenance__state_of_matter": "dummy estimator based on mw"
        }
      ],
      "products": [
        {
          "identifier": "e034c421-c4e3-49cd-95a6-092b82281263",
          "smiles": "Nc1ccc(S(=O)(=O)NC(=O)C2CC2)cc1",
          "state_of_matter": "SOLID",
          "molecular_weight": 240.27887999999984,
          "density": 1.4,
          "mass": 2.4027887999999984,
          "is_produced_by": [
            "ac3c7ab3-1ce5-4fff-b098-6662d917ae41"
          ],
          "is_consumed_by": [],
          "provenance__density": "dummy estimator based on mw",
          "provenance__is_consumed_by": null,
          "provenance__is_produced_by": null,
          "provenance__mass": null,
          "provenance__molecular_weight": "periodic table",
          "provenance__smiles": null,
          "provenance__state_of_matter": "dummy estimator based on mw"
        }
      ],
      "stoichiometry": {
        "f6f2b068-4ca6-4715-9d76-f608f3192efc": 1.0,
        "e034c421-c4e3-49cd-95a6-092b82281263": -1.0
      },
      "temperature": 293.9627623736858,
      "intended_ratios": {
        "f6f2b068-4ca6-4715-9d76-f608f3192efc": 1.0,
        "7e34273d-3f33-4360-9e0b-125eee82f189": 1.0,
        "d9da1709-1b9a-4adf-aeb6-cfb6a02c63d6": 1.0
      },
      "expected_yields": {
        "e034c421-c4e3-49cd-95a6-092b82281263": 1.0
      },
      "reaction_extent": 0.01
    }
  ],
  "molecular_nodes": [
    "C1COCCO1",
    "CC#N",
    "CCN(CC)CC",
    "CCO",
    "CN(C)C=O",
    "CS(C)=O",
    "ClCCl",
    "NCc1cccc(-c2ccsc2)c1",
    "NCc1cccc(Br)c1",
    "NS(=O)(=O)c1ccc([N+](=O)[O-])cc1",
    "Nc1ccc(S(=O)(=O)NC(=O)C2CC2)cc1",
    "Nc1ccc(S(=O)(=O)NCC2CC2)cc1",
    "O",
    "O=C(Cl)C1CC1",
    "O=C(Cl)Oc1ccccc1",
    "O=C(NCc1cccc(-c2ccsc2)c1)Nc1ccc(S(=O)(=O)NCC2CC2)cc1",
    "O=C(NS(=O)(=O)c1ccc([N+](=O)[O-])cc1)C1CC1",
    "O=C(Nc1ccc(S(=O)(=O)NCC2CC2)cc1)Oc1ccccc1",
    "O=C(O[K])O[K]",
    "OB(O)c1ccsc1",
    "[NaH]",
    "[Pd]",
    "c1ccc([PH](c2ccccc2)(c2ccccc2)[Pd]([PH](c2ccccc2)(c2ccccc2)c2ccccc2)([PH](c2ccccc2)(c2ccccc2)c2ccccc2)[PH](c2ccccc2)(c2ccccc2)c2ccccc2)cc1",
    "c1ccncc1"
  ],
  "edges": [
    [
      "0c2a7897-6ce8-4fa9-8e5a-27d57d858ca4",
      "Nc1ccc(S(=O)(=O)NCC2CC2)cc1"
    ],
    [
      "21c0a630-56b6-4808-b120-12266f94d4ab",
      "O=C(NCc1cccc(-c2ccsc2)c1)Nc1ccc(S(=O)(=O)NCC2CC2)cc1"
    ],
    [
      "2add0db0-419d-4c10-b58e-d96170e42345",
      "NCc1cccc(-c2ccsc2)c1"
    ],
    [
      "39c566cf-1327-4bbf-880f-c47224a2a452",
      "O=C(NS(=O)(=O)c1ccc([N+](=O)[O-])cc1)C1CC1"
    ],
    [
      "7d11ec75-4936-419a-976e-8108e62ad494",
      "O=C(Nc1ccc(S(=O)(=O)NCC2CC2)cc1)Oc1ccccc1"
    ],
    [
      "C1COCCO1",
      "2add0db0-419d-4c10-b58e-d96170e42345"
    ],
    [
      "CC#N",
      "7d11ec75-4936-419a-976e-8108e62ad494"
    ],
    [
      "CCN(CC)CC",
      "39c566cf-1327-4bbf-880f-c47224a2a452"
    ],
    [
      "CCO",
      "ac3c7ab3-1ce5-4fff-b098-6662d917ae41"
    ],
    [
      "CN(C)C=O",
      "0c2a7897-6ce8-4fa9-8e5a-27d57d858ca4"
    ],
    [
      "CS(C)=O",
      "21c0a630-56b6-4808-b120-12266f94d4ab"
    ],
    [
      "ClCCl",
      "39c566cf-1327-4bbf-880f-c47224a2a452"
    ],
    [
      "NCc1cccc(-c2ccsc2)c1",
      "21c0a630-56b6-4808-b120-12266f94d4ab"
    ],
    [
      "NCc1cccc(Br)c1",
      "2add0db0-419d-4c10-b58e-d96170e42345"
    ],
    [
      "NS(=O)(=O)c1ccc([N+](=O)[O-])cc1",
      "39c566cf-1327-4bbf-880f-c47224a2a452"
    ],
    [
      "Nc1ccc(S(=O)(=O)NC(=O)C2CC2)cc1",
      "0c2a7897-6ce8-4fa9-8e5a-27d57d858ca4"
    ],
    [
      "Nc1ccc(S(=O)(=O)NCC2CC2)cc1",
      "7d11ec75-4936-419a-976e-8108e62ad494"
    ],
    [
      "O",
      "2add0db0-419d-4c10-b58e-d96170e42345"
    ],
    [
      "O=C(Cl)C1CC1",
      "39c566cf-1327-4bbf-880f-c47224a2a452"
    ],
    [
      "O=C(Cl)Oc1ccccc1",
      "7d11ec75-4936-419a-976e-8108e62ad494"
    ],
    [
      "O=C(NS(=O)(=O)c1ccc([N+](=O)[O-])cc1)C1CC1",
      "ac3c7ab3-1ce5-4fff-b098-6662d917ae41"
    ],
    [
      "O=C(Nc1ccc(S(=O)(=O)NCC2CC2)cc1)Oc1ccccc1",
      "21c0a630-56b6-4808-b120-12266f94d4ab"
    ],
    [
      "O=C(O[K])O[K]",
      "2add0db0-419d-4c10-b58e-d96170e42345"
    ],
    [
      "OB(O)c1ccsc1",
      "2add0db0-419d-4c10-b58e-d96170e42345"
    ],
    [
      "[NaH]",
      "0c2a7897-6ce8-4fa9-8e5a-27d57d858ca4"
    ],
    [
      "[Pd]",
      "ac3c7ab3-1ce5-4fff-b098-6662d917ae41"
    ],
    [
      "ac3c7ab3-1ce5-4fff-b098-6662d917ae41",
      "Nc1ccc(S(=O)(=O)NC(=O)C2CC2)cc1"
    ],
    [
      "c1ccc([PH](c2ccccc2)(c2ccccc2)[Pd]([PH](c2ccccc2)(c2ccccc2)c2ccccc2)([PH](c2ccccc2)(c2ccccc2)c2ccccc2)[PH](c2ccccc2)(c2ccccc2)c2ccccc2)cc1",
      "2add0db0-419d-4c10-b58e-d96170e42345"
    ],
    [
      "c1ccncc1",
      "7d11ec75-4936-419a-976e-8108e62ad494"
    ]
  ]
}