{
  "identifier": "ec065fd2-5af0-4b48-a35d-b38d28f63d27",
  "chemical_reactions": [
    {
      "identifier": "5c9ec48c-0c03-4205-8d13-7687d3bd380c",
      "reactants": [
        {
          "identifier": "07106b7c-a447-4661-acbe-4c897578b7fe",
          "smiles": "CC(C)(C)NS(=O)(=O)c1cccc(N)c1",
          "state_of_matter": "SOLID",
          "molecular_weight": 228.31123999999977,
          "density": 1.4,
          "mass": 228.31123999999977,
          "is_produced_by": [],
          "is_consumed_by": [
            "5c9ec48c-0c03-4205-8d13-7687d3bd380c"
          ],
          "provenance__density": "dummy estimator based on mw",
          "provenance__is_consumed_by": null,
          "provenance__is_produced_by": null,
          "provenance__mass": null,
          "provenance__molecular_weight": "periodic table",
          "provenance__smiles": null,
          "provenance__state_of_matter": "dummy estimator based on mw"
        },
        {
          "identifier": "c674e599-2ff4-4e0e-a147-bb9360f96dfb",
          "smiles": "Cc1cnc(Cl)nc1Cl",
          "state_of_matter": "LIQUID",
          "molecular_weight": 163.00465999999994,
          "density": 1.0,
          "mass": 163.00465999999994,
          "is_produced_by": [],
          "is_consumed_by": [
            "5c9ec48c-0c03-4205-8d13-7687d3bd380c"
          ],
          "provenance__density": "dummy estimator based on mw",
          "provenance__is_consumed_by": null,
          "provenance__is_produced_by": null,
          "provenance__mass": null,
          "provenance__molecular_weight": "periodic table",
          "provenance__smiles": null,
          "provenance__state_of_matter": "dummy estimator based on mw"
        }
      ],
      "reagents": [
        {
          "identifier": "e4e4824b-11be-4c60-938f-2479b18092ea",
          "smiles": "CO",
          "state_of_matter": "LIQUID",
          "molecular_weight": 32.04186000000001,
          "density": 1.0,
          "mass": 32.04186000000001,
          "is_produced_by": [],
          "is_consumed_by": [
            "5c9ec48c-0c03-4205-8d13-7687d3bd380c"
          ],
          "provenance__density": "dummy estimator based on mw",
          "provenance__is_consumed_by": null,
          "provenance__is_produced_by": null,
          "provenance__mass": null,
          "provenance__molecular_weight": "periodic table",
          "provenance__smiles": null,
          "provenance__state_of_matter": "dummy estimator based on mw"
        }
      ],
      "products": [
        {
          "identifier": "89350c11-e6b1-4d51-9f2c-f907139164eb",
          "smiles": "Cc1cnc(Cl)nc1Nc1cccc(S(=O)(=O)NC(C)(C)C)c1",
          "state_of_matter": "SOLID",
          "molecular_weight": 354.8549600000003,
          "density": 1.4,
          "mass": 354.8549600000003,
          "is_produced_by": [
            "5c9ec48c-0c03-4205-8d13-7687d3bd380c"
          ],
          "is_consumed_by": [],
          "provenance__density": "dummy estimator based on mw",
          "provenance__is_consumed_by": null,
          "provenance__is_produced_by": null,
          "provenance__mass": null,
          "provenance__molecular_weight": "periodic table",
          "provenance__smiles": null,
          "provenance__state_of_matter": "dummy estimator based on mw"
        }
      ],
      "stoichiometry": {
        "07106b7c-a447-4661-acbe-4c897578b7fe": 1.0,
        "c674e599-2ff4-4e0e-a147-bb9360f96dfb": 1.0,
        "89350c11-e6b1-4d51-9f2c-f907139164eb": -1.0
      },
      "temperature": 324.2890065729618,
      "intended_ratios": {
        "07106b7c-a447-4661-acbe-4c897578b7fe": 1.0,
        "c674e599-2ff4-4e0e-a147-bb9360f96dfb": 1.0,
        "e4e4824b-11be-4c60-938f-2479b18092ea": 1.0
      },
      "expected_yields": {
        "89350c11-e6b1-4d51-9f2c-f907139164eb": 1.0
      },
      "reaction_extent": 1.0
    },
    {
      "identifier": "b8e8adab-4cff-43c5-ad99-9f8e035b986e",
      "reactants": [
        {
          "identifier": "d3b8cb5f-ea19-4135-857f-0402df506e2f",
          "smiles": "Cc1cnc(Cl)nc1Nc1cccc(S(=O)(=O)NC(C)(C)C)c1",
          "state_of_matter": "SOLID",
          "molecular_weight": 354.8549600000003,
          "density": 1.4,
          "mass": 354.8549600000003,
          "is_produced_by": [],
          "is_consumed_by": [
            "b8e8adab-4cff-43c5-ad99-9f8e035b986e"
          ],
          "provenance__density": "dummy estimator based on mw",
          "provenance__is_consumed_by": null,
          "provenance__is_produced_by": null,
          "provenance__mass": null,
          "provenance__molecular_weight": "periodic table",
          "provenance__smiles": null,
          "provenance__state_of_matter": "dummy estimator based on mw"
        },
        {
          "identifier": "5c2ec0df-5053-48cb-8395-ae19aa5f2c17",
          "smiles": "Nc1ccc(OCc2ccccc2)cc1",
          "state_of_matter": "LIQUID",
          "molecular_weight": 199.2484199999998,
          "density": 1.0,
          "mass": 199.2484199999998,
          "is_produced_by": [],
          "is_consumed_by": [
            "b8e8adab-4cff-43c5-ad99-9f8e035b986e"
          ],
          "provenance__density": "dummy estimator based on mw",
          "provenance__is_consumed_by": null,
          "provenance__is_produced_by": null,
          "provenance__mass": null,
          "provenance__molecular_weight": "periodic table",
          "provenance__smiles": null,
          "provenance__state_of_matter": "dummy estimator based on mw"
        }
      ],
      "reagents": [
        {
          "identifier": "89c8b325-2f2c-457f-b8f4-22e859959dcf",
          "smiles": "Cl",
          "state_of_matter": "LIQUID",
          "molecular_weight": 36.46094,
          "density": 1.0,
          "mass": 36.46094,
          "is_produced_by": [],
          "is_consumed_by": [
            "b8e8adab-4cff-43c5-ad99-9f8e035b986e"
          ],
          "provenance__density": "dummy estimator based on mw",
          "provenance__is_consumed_by": null,
          "provenance__is_produced_by": null,
          "provenance__mass": null,
          "provenance__molecular_weight": "periodic table",
          "provenance__smiles": null,
          "provenance__state_of_matter": "dummy estimator based on mw"
        },
        {
          "identifier": "b0d44d15-049e-445b-92aa-f8b275cdaba7",
          "smiles": "C1COCCO1",
          "state_of_matter": "LIQUID",
          "molecular_weight": 88.10512000000004,
          "density": 1.0,
          "mass": 88.10512000000004,
          "is_produced_by": [],
          "is_consumed_by": [
            "b8e8adab-4cff-43c5-ad99-9f8e035b986e"
          ],
          "provenance__density": "dummy estimator based on mw",
          "provenance__is_consumed_by": null,
          "provenance__is_produced_by": null,
          "provenance__mass": null,
          "provenance__molecular_weight": "periodic table",
          "provenance__smiles": null,
          "provenance__state_of_matter": "dummy estimator based on mw"
        }
      ],
      "products": [
        {
          "identifier": "87e720d1-9ca4-429a-a8b3-00500887830d",
          "smiles": "Cc1cnc(Nc2ccc(OCc3ccccc3)cc2)nc1Nc1cccc(S(=O)(=O)NC(C)(C)C)c1",
          "state_of_matter": "SOLID",
          "molecular_weight": 517.6424400000001,
          "density": 1.4,
          "mass": 517.6424400000001,
          "is_produced_by": [
            "b8e8adab-4cff-43c5-ad99-9f8e035b986e"
          ],
          "is_consumed_by": [],
          "provenance__density": "dummy estimator based on mw",
          "provenance__is_consumed_by": null,
          "provenance__is_produced_by": null,
          "provenance__mass": null,
          "provenance__molecular_weight": "periodic table",
          "provenance__smiles": null,
          "provenance__state_of_matter": "dummy estimator based on mw"
        }
      ],
      "stoichiometry": {
        "d3b8cb5f-ea19-4135-857f-0402df506e2f": 1.0,
        "5c2ec0df-5053-48cb-8395-ae19aa5f2c17": 1.0,
        "87e720d1-9ca4-429a-a8b3-00500887830d": -1.0
      },
      "temperature": 369.8748215675354,
      "intended_ratios": {
        "d3b8cb5f-ea19-4135-857f-0402df506e2f": 1.0,
        "5c2ec0df-5053-48cb-8395-ae19aa5f2c17": 1.0,
        "89c8b325-2f2c-457f-b8f4-22e859959dcf": 1.0,
        "b0d44d15-049e-445b-92aa-f8b275cdaba7": 1.0
      },
      "expected_yields": {
        "87e720d1-9ca4-429a-a8b3-00500887830d": 1.0
      },
      "reaction_extent": 1.0
    },
    {
      "identifier": "b6d870a3-9523-4d0c-8658-909a2cd700d7",
      "reactants": [
        {
          "identifier": "90221804-2b35-4fa5-986a-c66a9a5e0e9e",
          "smiles": "Cc1cnc(Nc2ccc(O)cc2)nc1Nc1cccc(S(=O)(=O)NC(C)(C)C)c1",
          "state_of_matter": "SOLID",
          "molecular_weight": 427.51990000000035,
          "density": 1.4,
          "mass": 427.51990000000035,
          "is_produced_by": [],
          "is_consumed_by": [
            "b6d870a3-9523-4d0c-8658-909a2cd700d7"
          ],
          "provenance__density": "dummy estimator based on mw",
          "provenance__is_consumed_by": null,
          "provenance__is_produced_by": null,
          "provenance__mass": null,
          "provenance__molecular_weight": "periodic table",
          "provenance__smiles": null,
          "provenance__state_of_matter": "dummy estimator based on mw"
        },
        {
          "identifier": "7af1d78f-16b4-4605-943a-47fed322fc21",
          "smiles": "ClCCN1CCCC1",
          "state_of_matter": "LIQUID",
          "molecular_weight": 133.61917999999997,
          "density": 1.0,
          "mass": 133.61917999999997,
          "is_produced_by": [],
          "is_consumed_by": [
            "b6d870a3-9523-4d0c-8658-909a2cd700d7"
          ],
          "provenance__density": "dummy estimator based on mw",
          "provenance__is_consumed_by": null,
          "provenance__is_produced_by": null,
          "provenance__mass": null,
          "provenance__molecular_weight": "periodic table",
          "provenance__smiles": null,
          "provenance__state_of_matter": "dummy estimator based on mw"
        }
      ],
      "reagents": [
        {
          "identifier": "2f17c6dd-3d42-4012-83a6-4138ff6ea604",
          "smiles": "O=C(O[K])O[K]",
          "state_of_matter": "SOLID",
          "molecular_weight": 138.2055,
          "density": 1.4,
          "mass": 138.2055,
          "is_produced_by": [],
          "is_consumed_by": [
            "b6d870a3-9523-4d0c-8658-909a2cd700d7"
          ],
          "provenance__density": "dummy estimator based on mw",
          "provenance__is_consumed_by": null,
          "provenance__is_produced_by": null,
          "provenance__mass": null,
          "provenance__molecular_weight": "periodic table",
          "provenance__smiles": null,
          "provenance__state_of_matter": "dummy estimator based on mw"
        },
        {
          "identifier": "fc63a626-36e6-4f5e-b265-a5a6d69e67c7",
          "smiles": "CC(C)=O",
          "state_of_matter": "LIQUID",
          "molecular_weight": 58.07913999999999,
          "density": 1.0,
          "mass": 58.07913999999999,
          "is_produced_by": [],
          "is_consumed_by": [
            "b6d870a3-9523-4d0c-8658-909a2cd700d7"
          ],
          "provenance__density": "dummy estimator based on mw",
          "provenance__is_consumed_by": null,
          "provenance__is_produced_by": null,
          "provenance__mass": null,
          "provenance__molecular_weight": "periodic table",
          "provenance__smiles": null,
          "provenance__state_of_matter": "dummy estimator based on mw"
        }
      ],
      "products": [
        {
          "identifier": "ee4ffb0d-971f-4614-ae54-6c643a3e140f",
          "smiles": "Cc1cnc(Nc2ccc(OCCN3CCCC3)cc2)nc1Nc1cccc(S(=O)(=O)NC(C)(C)C)c1",
          "state_of_matter": "SOLID",
          "molecular_weight": 524.6781399999998,
          "density": 1.4,
          "mass": 524.6781399999998,
          "is_produced_by": [
            "b6d870a3-9523-4d0c-8658-909a2cd700d7"
          ],
          "is_consumed_by": [],
          "provenance__density": "dummy estimator based on mw",
          "provenance__is_consumed_by": null,
          "provenance__is_produced_by": null,
          "provenance__mass": null,
          "provenance__molecular_weight": "periodic table",
          "provenance__smiles": null,
          "provenance__state_of_matter": "dummy estimator based on mw"
        }
      ],
      "stoichiometry": {
        "90221804-2b35-4fa5-986a-c66a9a5e0e9e": 1.0,
        "7af1d78f-16b4-4605-943a-47fed322fc21": 1.0,
        "ee4ffb0d-971f-4614-ae54-6c643a3e140f": -1.0
      },
      "temperature": 346.08960286974906,
      "intended_ratios": {
        "90221804-2b35-4fa5-986a-c66a9a5e0e9e": 1.0,
        "7af1d78f-16b4-4605-943a-47fed322fc21": 1.0,
        "2f17c6dd-3d42-4012-83a6-4138ff6ea604": 1.0,
        "fc63a626-36e6-4f5e-b265-a5a6d69e67c7": 1.0
      },
      "expected_yields": {
        "ee4ffb0d-971f-4614-ae54-6c643a3e140f": 1.0
      },
      "reaction_extent": 1.0
    },
    {
      "identifier": "caa4c2c5-852c-4a47-b7ea-c5dcb8e72406",
      "reactants": [
        {
          "identifier": "0b4a894d-99b7-4031-89a7-40da972a6460",
          "smiles": "Cc1cnc(Nc2ccc(OCc3ccccc3)cc2)nc1Nc1cccc(S(=O)(=O)NC(C)(C)C)c1",
          "state_of_matter": "SOLID",
          "molecular_weight": 517.6424400000001,
          "density": 1.4,
          "mass": 517.6424400000001,
          "is_produced_by": [],
          "is_consumed_by": [
            "caa4c2c5-852c-4a47-b7ea-c5dcb8e72406"
          ],
          "provenance__density": "dummy estimator based on mw",
          "provenance__is_consumed_by": null,
          "provenance__is_produced_by": null,
          "provenance__mass": null,
          "provenance__molecular_weight": "periodic table",
          "provenance__smiles": null,
          "provenance__state_of_matter": "dummy estimator based on mw"
        }
      ],
      "reagents": [
        {
          "identifier": "49bdb848-73ae-4e95-ba46-30c89e681060",
          "smiles": "CO",
          "state_of_matter": "LIQUID",
          "molecular_weight": 32.04186000000001,
          "density": 1.0,
          "mass": 32.04186000000001,
          "is_produced_by": [],
          "is_consumed_by": [
            "caa4c2c5-852c-4a47-b7ea-c5dcb8e72406"
          ],
          "provenance__density": "dummy estimator based on mw",
          "provenance__is_consumed_by": null,
          "provenance__is_produced_by": null,
          "provenance__mass": null,
          "provenance__molecular_weight": "periodic table",
          "provenance__smiles": null,
          "provenance__state_of_matter": "dummy estimator based on mw"
        },
        {
          "identifier": "822716fb-5e69-4a46-a0cd-09ac00d0ad92",
          "smiles": "[Pd]",
          "state_of_matter": "SOLID",
          "molecular_weight": 106.42,
          "density": 1.4,
          "mass": 106.42,
          "is_produced_by": [],
          "is_consumed_by": [
            "caa4c2c5-852c-4a47-b7ea-c5dcb8e72406"
          ],
          "provenance__density": "dummy estimator based on mw",
          "provenance__is_consumed_by": null,
          "provenance__is_produced_by": null,
          "provenance__mass": null,
          "provenance__molecular_weight": "periodic table",
          "provenance__smiles": null,
          "provenance__state_of_matter": "dummy estimator based on mw"
        }
      ],
      "products": [
        {
          "identifier": "e753ac3c-0a60-46c5-b254-967f379d3c0d",
          "smiles": "Cc1cnc(Nc2ccc(O)cc2)nc1Nc1cccc(S(=O)(=O)NC(C)(C)C)c1",
          "state_of_matter": "SOLID",
          "molecular_weight": 427.51990000000035,
          "density": 1.4,
          "mass": 427.51990000000035,
          "is_produced_by": [
            "caa4c2c5-852c-4a47-b7ea-c5dcb8e72406"
          ],
          "is_consumed_by": [],
          "provenance__density": "dummy estimator based on mw",
          "provenance__is_consumed_by": null,
          "provenance__is_produced_by": null,
          "provenance__mass": null,
          "provenance__molecular_weight": "periodic table",
          "provenance__smiles": null,
          "provenance__state_of_matter": "dummy estimator based on mw"
        }
      ],
      "stoichiometry": {
        "0b4a894d-99b7-4031-89a7-40da972a6460": 1.0,
        "e753ac3c-0a60-46c5-b254-967f379d3c0d": -1.0
      },
      "temperature": 290.56993040442467,
      "intended_ratios": {
        "0b4a894d-99b7-4031-89a7-40da972a6460": 1.0,
        "49bdb848-73ae-4e95-ba46-30c89e681060": 1.0,
        "822716fb-5e69-4a46-a0cd-09ac00d0ad92": 1.0
      },
      "expected_yields": {
        "e753ac3c-0a60-46c5-b254-967f379d3c0d": 1.0
      },
      "reaction_extent": 1.0
    }
  ],
  "molecular_nodes": [
    "C1COCCO1",
    "CC(C)(C)NS(=O)(=O)c1cccc(N)c1",
    "CC(C)=O",
    "CO",
    "Cc1cnc(Cl)nc1Cl",
    "Cc1cnc(Cl)nc1Nc1cccc(S(=O)(=O)NC(C)(C)C)c1",
    "Cc1cnc(Nc2ccc(O)cc2)nc1Nc1cccc(S(=O)(=O)NC(C)(C)C)c1",
    "Cc1cnc(Nc2ccc(OCCN3CCCC3)cc2)nc1Nc1cccc(S(=O)(=O)NC(C)(C)C)c1",
    "Cc1cnc(Nc2ccc(OCc3ccccc3)cc2)nc1Nc1cccc(S(=O)(=O)NC(C)(C)C)c1",
    "Cl",
    "ClCCN1CCCC1",
    "Nc1ccc(OCc2ccccc2)cc1",
    "O=C(O[K])O[K]",
    "[Pd]"
  ],
  "edges": [
    [
      "5c9ec48c-0c03-4205-8d13-7687d3bd380c",
      "Cc1cnc(Cl)nc1Nc1cccc(S(=O)(=O)NC(C)(C)C)c1"
    ],
    [
      "C1COCCO1",
      "b8e8adab-4cff-43c5-ad99-9f8e035b986e"
    ],
    [
      "CC(C)(C)NS(=O)(=O)c1cccc(N)c1",
      "5c9ec48c-0c03-4205-8d13-7687d3bd380c"
    ],
    [
      "CC(C)=O",
      "b6d870a3-9523-4d0c-8658-909a2cd700d7"
    ],
    [
      "CO",
      "5c9ec48c-0c03-4205-8d13-7687d3bd380c"
    ],
    [
      "CO",
      "caa4c2c5-852c-4a47-b7ea-c5dcb8e72406"
    ],
    [
      "Cc1cnc(Cl)nc1Cl",
      "5c9ec48c-0c03-4205-8d13-7687d3bd380c"
    ],
    [
      "Cc1cnc(Cl)nc1Nc1cccc(S(=O)(=O)NC(C)(C)C)c1",
      "b8e8adab-4cff-43c5-ad99-9f8e035b986e"
    ],
    [
      "Cc1cnc(Nc2ccc(O)cc2)nc1Nc1cccc(S(=O)(=O)NC(C)(C)C)c1",
      "b6d870a3-9523-4d0c-8658-909a2cd700d7"
    ],
    [
      "Cc1cnc(Nc2ccc(OCc3ccccc3)cc2)nc1Nc1cccc(S(=O)(=O)NC(C)(C)C)c1",
      "caa4c2c5-852c-4a47-b7ea-c5dcb8e72406"
    ],
    [
      "Cl",
      "b8e8adab-4cff-43c5-ad99-9f8e035b986e"
    ],
    [
      "ClCCN1CCCC1",
      "b6d870a3-9523-4d0c-8658-909a2cd700d7"
    ],
    [
      "Nc1ccc(OCc2ccccc2)cc1",
      "b8e8adab-4cff-43c5-ad99-9f8e035b986e"
    ],
    [
      "O=C(O[K])O[K]",
      "b6d870a3-9523-4d0c-8658-909a2cd700d7"
    ],
    [
      "[Pd]",
      "caa4c2c5-852c-4a47-b7ea-c5dcb8e72406"
    ],
    [
      "b6d870a3-9523-4d0c-8658-909a2cd700d7",
      "Cc1cnc(Nc2ccc(OCCN3CCCC3)cc2)nc1Nc1cccc(S(=O)(=O)NC(C)(C)C)c1"
    ],
    [
      "b8e8adab-4cff-43c5-ad99-9f8e035b986e",
      "Cc1cnc(Nc2ccc(OCc3ccccc3)cc2)nc1Nc1cccc(S(=O)(=O)NC(C)(C)C)c1"
    ],
    [
      "caa4c2c5-852c-4a47-b7ea-c5dcb8e72406",
      "Cc1cnc(Nc2ccc(O)cc2)nc1Nc1cccc(S(=O)(=O)NC(C)(C)C)c1"
    ]
  ]
}