{
  "identifier": "49cf1c4a-d35c-45ad-871e-555a56500e16",
  "chemical_reactions": [
    {
      "identifier": "53f2481b-cda4-4281-bb43-c916d7afe227",
      "reactants": [
        {
          "identifier": "9677fef8-f8c9-4a3e-9b96-5bfa211b4c51",
          "smiles": "Brc1ccc(I)cn1",
          "state_of_matter": "SOLID",
          "molecular_weight": 283.89249000000007,
          "density": 1.4,
          "mass": 2.8389249000000008,
          "is_produced_by": [],
          "is_consumed_by": [
            "53f2481b-cda4-4281-bb43-c916d7afe227"
          ],
          "provenance__density": "dummy estimator based on mw",
          "provenance__is_consumed_by": null,
          "provenance__is_produced_by": null,
          "provenance__mass": null,
          "provenance__molecular_weight": "periodic table",
          "provenance__smiles": null,
          "provenance__state_of_matter": "dummy estimator based on mw"
        },
        {
          "identifier": "138153bb-e07f-47d9-9c77-dd62dae4c2df",
          "smiles": "CCOC(=O)CC(=O)OCC",
          "state_of_matter": "LIQUID",
          "molecular_weight": 160.16777999999988,
          "density": 1.0,
          "mass": 1.601677799999999,
          "is_produced_by": [],
          "is_consumed_by": [
            "53f2481b-cda4-4281-bb43-c916d7afe227"
          ],
          "provenance__density": "dummy estimator based on mw",
          "provenance__is_consumed_by": null,
          "provenance__is_produced_by": null,
          "provenance__mass": null,
          "provenance__molecular_weight": "periodic table",
          "provenance__smiles": null,
          "provenance__state_of_matter": "dummy estimator based on mw"
        }
      ],
      "reagents": [
        {
          "identifier": "ed607469-608c-4a15-ad02-0d957cef0eba",
          "smiles": "C1COCCO1",
          "state_of_matter": "LIQUID",
          "molecular_weight": 88.10512000000004,
          "density": 1.0,
          "mass": 0.8810512000000005,
          "is_produced_by": [],
          "is_consumed_by": [
            "53f2481b-cda4-4281-bb43-c916d7afe227"
          ],
          "provenance__density": "dummy estimator based on mw",
          "provenance__is_consumed_by": null,
          "provenance__is_produced_by": null,
          "provenance__mass": null,
          "provenance__molecular_weight": "periodic table",
          "provenance__smiles": null,
          "provenance__state_of_matter": "dummy estimator based on mw"
        },
        {
          "identifier": "40ad3b57-dbad-453f-81cb-2dc1e34166c5",
          "smiles": "[Cu]I",
          "state_of_matter": "LIQUID",
          "molecular_weight": 190.45047,
          "density": 1.0,
          "mass": 1.9045047,
          "is_produced_by": [],
          "is_consumed_by": [
            "53f2481b-cda4-4281-bb43-c916d7afe227"
          ],
          "provenance__density": "dummy estimator based on mw",
          "provenance__is_consumed_by": null,
          "provenance__is_produced_by": null,
          "provenance__mass": null,
          "provenance__molecular_weight": "periodic table",
          "provenance__smiles": null,
          "provenance__state_of_matter": "dummy estimator based on mw"
        }
      ],
      "products": [
        {
          "identifier": "f8e1a56b-a725-40ae-b3f0-b7ef81216b3e",
          "smiles": "CCOC(=O)C(C(=O)OCC)c1ccc(I)cn1",
          "state_of_matter": "SOLID",
          "molecular_weight": 363.1483300000002,
          "density": 1.4,
          "mass": 3.6314833000000024,
          "is_produced_by": [
            "53f2481b-cda4-4281-bb43-c916d7afe227"
          ],
          "is_consumed_by": [],
          "provenance__density": "dummy estimator based on mw",
          "provenance__is_consumed_by": null,
          "provenance__is_produced_by": null,
          "provenance__mass": null,
          "provenance__molecular_weight": "periodic table",
          "provenance__smiles": null,
          "provenance__state_of_matter": "dummy estimator based on mw"
        }
      ],
      "stoichiometry": {
        "9677fef8-f8c9-4a3e-9b96-5bfa211b4c51": 1.0,
        "138153bb-e07f-47d9-9c77-dd62dae4c2df": 1.0,
        "f8e1a56b-a725-40ae-b3f0-b7ef81216b3e": -1.0
      },
      "temperature": 337.2797211170196,
      "intended_ratios": {
        "9677fef8-f8c9-4a3e-9b96-5bfa211b4c51": 1.0,
        "138153bb-e07f-47d9-9c77-dd62dae4c2df": 1.0,
        "ed607469-608c-4a15-ad02-0d957cef0eba": 1.0,
        "40ad3b57-dbad-453f-81cb-2dc1e34166c5": 1.0
      },
      "expected_yields": {
        "f8e1a56b-a725-40ae-b3f0-b7ef81216b3e": 1.0
      },
      "reaction_extent": 0.01
    },
    {
      "identifier": "29f3e098-2292-4248-929a-623fd0afff3f",
      "reactants": [
        {
          "identifier": "fcd9ec09-3de1-498b-9947-ac2b530561b7",
          "smiles": "Brc1ccc(OCc2ccccc2)cc1",
          "state_of_matter": "SOLID",
          "molecular_weight": 263.12984,
          "density": 1.4,
          "mass": 2.6312984,
          "is_produced_by": [],
          "is_consumed_by": [
            "29f3e098-2292-4248-929a-623fd0afff3f"
          ],
          "provenance__density": "dummy estimator based on mw",
          "provenance__is_consumed_by": null,
          "provenance__is_produced_by": null,
          "provenance__mass": null,
          "provenance__molecular_weight": "periodic table",
          "provenance__smiles": null,
          "provenance__state_of_matter": "dummy estimator based on mw"
        },
        {
          "identifier": "3eee17e0-3f1e-45c3-a71f-47393b57e805",
          "smiles": "CCOC(=O)Cc1ccc(B2OC(C)(C)C(C)(C)O2)cn1",
          "state_of_matter": "SOLID",
          "molecular_weight": 291.1504800000004,
          "density": 1.4,
          "mass": 2.9115048000000043,
          "is_produced_by": [],
          "is_consumed_by": [
            "29f3e098-2292-4248-929a-623fd0afff3f"
          ],
          "provenance__density": "dummy estimator based on mw",
          "provenance__is_consumed_by": null,
          "provenance__is_produced_by": null,
          "provenance__mass": null,
          "provenance__molecular_weight": "periodic table",
          "provenance__smiles": null,
          "provenance__state_of_matter": "dummy estimator based on mw"
        }
      ],
      "reagents": [
        {
          "identifier": "1666e9d9-bbf1-4aff-97d6-77db66bd3f04",
          "smiles": "O",
          "state_of_matter": "LIQUID",
          "molecular_weight": 18.01528,
          "density": 1.0,
          "mass": 0.1801528,
          "is_produced_by": [],
          "is_consumed_by": [
            "29f3e098-2292-4248-929a-623fd0afff3f"
          ],
          "provenance__density": "dummy estimator based on mw",
          "provenance__is_consumed_by": null,
          "provenance__is_produced_by": null,
          "provenance__mass": null,
          "provenance__molecular_weight": "periodic table",
          "provenance__smiles": null,
          "provenance__state_of_matter": "dummy estimator based on mw"
        },
        {
          "identifier": "572a72e6-92bf-4a8b-9162-d03eb7a76e27",
          "smiles": "O=C(O[K])O[K]",
          "state_of_matter": "SOLID",
          "molecular_weight": 138.2055,
          "density": 1.4,
          "mass": 1.382055,
          "is_produced_by": [],
          "is_consumed_by": [
            "29f3e098-2292-4248-929a-623fd0afff3f"
          ],
          "provenance__density": "dummy estimator based on mw",
          "provenance__is_consumed_by": null,
          "provenance__is_produced_by": null,
          "provenance__mass": null,
          "provenance__molecular_weight": "periodic table",
          "provenance__smiles": null,
          "provenance__state_of_matter": "dummy estimator based on mw"
        },
        {
          "identifier": "2c4cbb0b-4d69-4c64-bed8-ed9f60302c86",
          "smiles": "C1COCCO1",
          "state_of_matter": "LIQUID",
          "molecular_weight": 88.10512000000004,
          "density": 1.0,
          "mass": 0.8810512000000005,
          "is_produced_by": [],
          "is_consumed_by": [
            "29f3e098-2292-4248-929a-623fd0afff3f"
          ],
          "provenance__density": "dummy estimator based on mw",
          "provenance__is_consumed_by": null,
          "provenance__is_produced_by": null,
          "provenance__mass": null,
          "provenance__molecular_weight": "periodic table",
          "provenance__smiles": null,
          "provenance__state_of_matter": "dummy estimator based on mw"
        }
      ],
      "products": [
        {
          "identifier": "9e1b0ff0-2788-401a-8ae7-25d7b6c2055a",
          "smiles": "CCOC(=O)Cc1ccc(-c2ccc(OCc3ccccc3)cc2)cn1",
          "state_of_matter": "SOLID",
          "molecular_weight": 347.4070400000003,
          "density": 1.4,
          "mass": 3.4740704000000027,
          "is_produced_by": [
            "29f3e098-2292-4248-929a-623fd0afff3f"
          ],
          "is_consumed_by": [],
          "provenance__density": "dummy estimator based on mw",
          "provenance__is_consumed_by": null,
          "provenance__is_produced_by": null,
          "provenance__mass": null,
          "provenance__molecular_weight": "periodic table",
          "provenance__smiles": null,
          "provenance__state_of_matter": "dummy estimator based on mw"
        }
      ],
      "stoichiometry": {
        "fcd9ec09-3de1-498b-9947-ac2b530561b7": 1.0,
        "3eee17e0-3f1e-45c3-a71f-47393b57e805": 1.0,
        "9e1b0ff0-2788-401a-8ae7-25d7b6c2055a": -1.0
      },
      "temperature": 337.04306037425994,
      "intended_ratios": {
        "fcd9ec09-3de1-498b-9947-ac2b530561b7": 1.0,
        "3eee17e0-3f1e-45c3-a71f-47393b57e805": 1.0,
        "1666e9d9-bbf1-4aff-97d6-77db66bd3f04": 1.0,
        "572a72e6-92bf-4a8b-9162-d03eb7a76e27": 1.0,
        "2c4cbb0b-4d69-4c64-bed8-ed9f60302c86": 1.0
      },
      "expected_yields": {
        "9e1b0ff0-2788-401a-8ae7-25d7b6c2055a": 1.0
      },
      "reaction_extent": 0.01
    },
    {
      "identifier": "e6629c99-eb36-4ff8-bab2-17197ec38bbd",
      "reactants": [
        {
          "identifier": "a7ac3a54-4070-472c-a3ec-e1e309e9e368",
          "smiles": "CC1(C)OB(B2OC(C)(C)C(C)(C)O2)OC1(C)C",
          "state_of_matter": "SOLID",
          "molecular_weight": 253.9385599999997,
          "density": 1.4,
          "mass": 2.539385599999997,
          "is_produced_by": [],
          "is_consumed_by": [
            "e6629c99-eb36-4ff8-bab2-17197ec38bbd"
          ],
          "provenance__density": "dummy estimator based on mw",
          "provenance__is_consumed_by": null,
          "provenance__is_produced_by": null,
          "provenance__mass": null,
          "provenance__molecular_weight": "periodic table",
          "provenance__smiles": null,
          "provenance__state_of_matter": "dummy estimator based on mw"
        },
        {
          "identifier": "ff30a307-ef9e-4069-9af1-d4dc87369751",
          "smiles": "CCOC(=O)Cc1ccc(I)cn1",
          "state_of_matter": "SOLID",
          "molecular_weight": 291.0856700000002,
          "density": 1.4,
          "mass": 2.9108567000000023,
          "is_produced_by": [],
          "is_consumed_by": [
            "e6629c99-eb36-4ff8-bab2-17197ec38bbd"
          ],
          "provenance__density": "dummy estimator based on mw",
          "provenance__is_consumed_by": null,
          "provenance__is_produced_by": null,
          "provenance__mass": null,
          "provenance__molecular_weight": "periodic table",
          "provenance__smiles": null,
          "provenance__state_of_matter": "dummy estimator based on mw"
        }
      ],
      "reagents": [
        {
          "identifier": "24a20bbc-5a6f-4443-9e00-5fedfe19a362",
          "smiles": "C1COCCO1",
          "state_of_matter": "LIQUID",
          "molecular_weight": 88.10512000000004,
          "density": 1.0,
          "mass": 0.8810512000000005,
          "is_produced_by": [],
          "is_consumed_by": [
            "e6629c99-eb36-4ff8-bab2-17197ec38bbd"
          ],
          "provenance__density": "dummy estimator based on mw",
          "provenance__is_consumed_by": null,
          "provenance__is_produced_by": null,
          "provenance__mass": null,
          "provenance__molecular_weight": "periodic table",
          "provenance__smiles": null,
          "provenance__state_of_matter": "dummy estimator based on mw"
        },
        {
          "identifier": "220549d1-04ac-4145-9ef3-0264e1aab073",
          "smiles": "C1=C[C-](P(c2ccccc2)c2ccccc2)C=C1.C1=C[C-](P(c2ccccc2)c2ccccc2)C=C1.[Fe+2]",
          "state_of_matter": "SOLID",
          "molecular_weight": 554.3786419999986,
          "density": 1.4,
          "mass": 5.543786419999987,
          "is_produced_by": [],
          "is_consumed_by": [
            "e6629c99-eb36-4ff8-bab2-17197ec38bbd"
          ],
          "provenance__density": "dummy estimator based on mw",
          "provenance__is_consumed_by": null,
          "provenance__is_produced_by": null,
          "provenance__mass": null,
          "provenance__molecular_weight": "periodic table",
          "provenance__smiles": null,
          "provenance__state_of_matter": "dummy estimator based on mw"
        },
        {
          "identifier": "17fe970a-b711-4808-8329-3aa2dcc49e66",
          "smiles": "Cl[Pd]Cl",
          "state_of_matter": "SOLID",
          "molecular_weight": 177.326,
          "density": 1.4,
          "mass": 1.77326,
          "is_produced_by": [],
          "is_consumed_by": [
            "e6629c99-eb36-4ff8-bab2-17197ec38bbd"
          ],
          "provenance__density": "dummy estimator based on mw",
          "provenance__is_consumed_by": null,
          "provenance__is_produced_by": null,
          "provenance__mass": null,
          "provenance__molecular_weight": "periodic table",
          "provenance__smiles": null,
          "provenance__state_of_matter": "dummy estimator based on mw"
        },
        {
          "identifier": "75e7d43e-c664-4af1-82fc-5774e7f11e42",
          "smiles": "CC(=O)O[K]",
          "state_of_matter": "SOLID",
          "molecular_weight": 98.14232000000003,
          "density": 1.4,
          "mass": 0.9814232000000003,
          "is_produced_by": [],
          "is_consumed_by": [
            "e6629c99-eb36-4ff8-bab2-17197ec38bbd"
          ],
          "provenance__density": "dummy estimator based on mw",
          "provenance__is_consumed_by": null,
          "provenance__is_produced_by": null,
          "provenance__mass": null,
          "provenance__molecular_weight": "periodic table",
          "provenance__smiles": null,
          "provenance__state_of_matter": "dummy estimator based on mw"
        }
      ],
      "products": [
        {
          "identifier": "535e30d5-6250-48af-8743-cb52d7700b28",
          "smiles": "CCOC(=O)Cc1ccc(B2OC(C)(C)C(C)(C)O2)cn1",
          "state_of_matter": "SOLID",
          "molecular_weight": 291.1504800000004,
          "density": 1.4,
          "mass": 2.9115048000000043,
          "is_produced_by": [
            "e6629c99-eb36-4ff8-bab2-17197ec38bbd"
          ],
          "is_consumed_by": [],
          "provenance__density": "dummy estimator based on mw",
          "provenance__is_consumed_by": null,
          "provenance__is_produced_by": null,
          "provenance__mass": null,
          "provenance__molecular_weight": "periodic table",
          "provenance__smiles": null,
          "provenance__state_of_matter": "dummy estimator based on mw"
        }
      ],
      "stoichiometry": {
        "a7ac3a54-4070-472c-a3ec-e1e309e9e368": 1.0,
        "ff30a307-ef9e-4069-9af1-d4dc87369751": 1.0,
        "535e30d5-6250-48af-8743-cb52d7700b28": -1.0
      },
      "temperature": 346.47419285774225,
      "intended_ratios": {
        "a7ac3a54-4070-472c-a3ec-e1e309e9e368": 1.0,
        "ff30a307-ef9e-4069-9af1-d4dc87369751": 1.0,
        "24a20bbc-5a6f-4443-9e00-5fedfe19a362": 1.0,
        "220549d1-04ac-4145-9ef3-0264e1aab073": 1.0,
        "17fe970a-b711-4808-8329-3aa2dcc49e66": 1.0,
        "75e7d43e-c664-4af1-82fc-5774e7f11e42": 1.0
      },
      "expected_yields": {
        "535e30d5-6250-48af-8743-cb52d7700b28": 1.0
      },
      "reaction_extent": 0.01
    },
    {
      "identifier": "32e65e92-2574-4327-8a57-f8257062fafa",
      "reactants": [
        {
          "identifier": "28ac9823-5247-4428-af96-3be6ab11968d",
          "smiles": "CCOC(=O)C(C(=O)OCC)c1ccc(I)cn1",
          "state_of_matter": "SOLID",
          "molecular_weight": 363.1483300000002,
          "density": 1.4,
          "mass": 3.6314833000000024,
          "is_produced_by": [],
          "is_consumed_by": [
            "32e65e92-2574-4327-8a57-f8257062fafa"
          ],
          "provenance__density": "dummy estimator based on mw",
          "provenance__is_consumed_by": null,
          "provenance__is_produced_by": null,
          "provenance__mass": null,
          "provenance__molecular_weight": "periodic table",
          "provenance__smiles": null,
          "provenance__state_of_matter": "dummy estimator based on mw"
        }
      ],
      "reagents": [
        {
          "identifier": "40002251-e8b0-464d-883b-da17fa8c9c18",
          "smiles": "CS(C)=O",
          "state_of_matter": "LIQUID",
          "molecular_weight": 78.13344000000002,
          "density": 1.0,
          "mass": 0.7813344000000002,
          "is_produced_by": [],
          "is_consumed_by": [
            "32e65e92-2574-4327-8a57-f8257062fafa"
          ],
          "provenance__density": "dummy estimator based on mw",
          "provenance__is_consumed_by": null,
          "provenance__is_produced_by": null,
          "provenance__mass": null,
          "provenance__molecular_weight": "periodic table",
          "provenance__smiles": null,
          "provenance__state_of_matter": "dummy estimator based on mw"
        },
        {
          "identifier": "002ed45a-cb44-413c-8992-36c3e7e9da49",
          "smiles": "[Li]Cl",
          "state_of_matter": "SOLID",
          "molecular_weight": 42.394000000000005,
          "density": 1.4,
          "mass": 0.42394000000000004,
          "is_produced_by": [],
          "is_consumed_by": [
            "32e65e92-2574-4327-8a57-f8257062fafa"
          ],
          "provenance__density": "dummy estimator based on mw",
          "provenance__is_consumed_by": null,
          "provenance__is_produced_by": null,
          "provenance__mass": null,
          "provenance__molecular_weight": "periodic table",
          "provenance__smiles": null,
          "provenance__state_of_matter": "dummy estimator based on mw"
        }
      ],
      "products": [
        {
          "identifier": "d79f9474-be6a-4f6f-871b-68aab274d0d0",
          "smiles": "CCOC(=O)Cc1ccc(I)cn1",
          "state_of_matter": "SOLID",
          "molecular_weight": 291.0856700000002,
          "density": 1.4,
          "mass": 2.9108567000000023,
          "is_produced_by": [
            "32e65e92-2574-4327-8a57-f8257062fafa"
          ],
          "is_consumed_by": [],
          "provenance__density": "dummy estimator based on mw",
          "provenance__is_consumed_by": null,
          "provenance__is_produced_by": null,
          "provenance__mass": null,
          "provenance__molecular_weight": "periodic table",
          "provenance__smiles": null,
          "provenance__state_of_matter": "dummy estimator based on mw"
        }
      ],
      "stoichiometry": {
        "28ac9823-5247-4428-af96-3be6ab11968d": 1.0,
        "d79f9474-be6a-4f6f-871b-68aab274d0d0": -1.0
      },
      "temperature": 415.52208108901976,
      "intended_ratios": {
        "28ac9823-5247-4428-af96-3be6ab11968d": 1.0,
        "40002251-e8b0-464d-883b-da17fa8c9c18": 1.0,
        "002ed45a-cb44-413c-8992-36c3e7e9da49": 1.0
      },
      "expected_yields": {
        "d79f9474-be6a-4f6f-871b-68aab274d0d0": 1.0
      },
      "reaction_extent": 0.01
    },
    {
      "identifier": "8b23f02f-188a-4169-baaa-a736a1477793",
      "reactants": [
        {
          "identifier": "8a5ab612-4466-4537-a928-db088c069c99",
          "smiles": "CCOC(=O)Cc1ccc(-c2ccc(OCc3ccccc3)cc2)cn1",
          "state_of_matter": "SOLID",
          "molecular_weight": 347.4070400000003,
          "density": 1.4,
          "mass": 3.4740704000000027,
          "is_produced_by": [],
          "is_consumed_by": [
            "8b23f02f-188a-4169-baaa-a736a1477793"
          ],
          "provenance__density": "dummy estimator based on mw",
          "provenance__is_consumed_by": null,
          "provenance__is_produced_by": null,
          "provenance__mass": null,
          "provenance__molecular_weight": "periodic table",
          "provenance__smiles": null,
          "provenance__state_of_matter": "dummy estimator based on mw"
        }
      ],
      "reagents": [
        {
          "identifier": "6a333a5b-2e6f-4fdf-afa0-326135ff0bbf",
          "smiles": "CO",
          "state_of_matter": "LIQUID",
          "molecular_weight": 32.04186000000001,
          "density": 1.0,
          "mass": 0.32041860000000005,
          "is_produced_by": [],
          "is_consumed_by": [
            "8b23f02f-188a-4169-baaa-a736a1477793"
          ],
          "provenance__density": "dummy estimator based on mw",
          "provenance__is_consumed_by": null,
          "provenance__is_produced_by": null,
          "provenance__mass": null,
          "provenance__molecular_weight": "periodic table",
          "provenance__smiles": null,
          "provenance__state_of_matter": "dummy estimator based on mw"
        },
        {
          "identifier": "cecbcc82-5f3b-4756-bce8-551cc4f5d5d6",
          "smiles": "O",
          "state_of_matter": "LIQUID",
          "molecular_weight": 18.01528,
          "density": 1.0,
          "mass": 0.1801528,
          "is_produced_by": [],
          "is_consumed_by": [
            "8b23f02f-188a-4169-baaa-a736a1477793"
          ],
          "provenance__density": "dummy estimator based on mw",
          "provenance__is_consumed_by": null,
          "provenance__is_produced_by": null,
          "provenance__mass": null,
          "provenance__molecular_weight": "periodic table",
          "provenance__smiles": null,
          "provenance__state_of_matter": "dummy estimator based on mw"
        },
        {
          "identifier": "629152eb-2f54-4eb6-bd16-fdb372dcc9cd",
          "smiles": "C1CCOC1",
          "state_of_matter": "LIQUID",
          "molecular_weight": 72.10572000000005,
          "density": 1.0,
          "mass": 0.7210572000000005,
          "is_produced_by": [],
          "is_consumed_by": [
            "8b23f02f-188a-4169-baaa-a736a1477793"
          ],
          "provenance__density": "dummy estimator based on mw",
          "provenance__is_consumed_by": null,
          "provenance__is_produced_by": null,
          "provenance__mass": null,
          "provenance__molecular_weight": "periodic table",
          "provenance__smiles": null,
          "provenance__state_of_matter": "dummy estimator based on mw"
        },
        {
          "identifier": "dce8a4fc-c105-40f7-bc92-d00f8cd7c739",
          "smiles": "[Li]O",
          "state_of_matter": "SOLID",
          "molecular_weight": 23.94834,
          "density": 1.4,
          "mass": 0.2394834,
          "is_produced_by": [],
          "is_consumed_by": [
            "8b23f02f-188a-4169-baaa-a736a1477793"
          ],
          "provenance__density": "dummy estimator based on mw",
          "provenance__is_consumed_by": null,
          "provenance__is_produced_by": null,
          "provenance__mass": null,
          "provenance__molecular_weight": "periodic table",
          "provenance__smiles": null,
          "provenance__state_of_matter": "dummy estimator based on mw"
        }
      ],
      "products": [
        {
          "identifier": "0980559a-f794-4513-bbca-783c654a9266",
          "smiles": "O=C(O)Cc1ccc(-c2ccc(OCc3ccccc3)cc2)cn1",
          "state_of_matter": "SOLID",
          "molecular_weight": 319.35388000000023,
          "density": 1.4,
          "mass": 3.1935388000000025,
          "is_produced_by": [
            "8b23f02f-188a-4169-baaa-a736a1477793"
          ],
          "is_consumed_by": [],
          "provenance__density": "dummy estimator based on mw",
          "provenance__is_consumed_by": null,
          "provenance__is_produced_by": null,
          "provenance__mass": null,
          "provenance__molecular_weight": "periodic table",
          "provenance__smiles": null,
          "provenance__state_of_matter": "dummy estimator based on mw"
        }
      ],
      "stoichiometry": {
        "8a5ab612-4466-4537-a928-db088c069c99": 1.0,
        "0980559a-f794-4513-bbca-783c654a9266": -1.0
      },
      "temperature": 301.1360120058059,
      "intended_ratios": {
        "8a5ab612-4466-4537-a928-db088c069c99": 1.0,
        "6a333a5b-2e6f-4fdf-afa0-326135ff0bbf": 1.0,
        "cecbcc82-5f3b-4756-bce8-551cc4f5d5d6": 1.0,
        "629152eb-2f54-4eb6-bd16-fdb372dcc9cd": 1.0,
        "dce8a4fc-c105-40f7-bc92-d00f8cd7c739": 1.0
      },
      "expected_yields": {
        "0980559a-f794-4513-bbca-783c654a9266": 1.0
      },
      "reaction_extent": 0.01
    },
    {
      "identifier": "6686a732-ef66-44a7-9e3c-f94b0b44e233",
      "reactants": [
        {
          "identifier": "be5eb42a-be06-4a4a-afb7-eb3533e4c949",
          "smiles": "ClCCN1CCOCC1",
          "state_of_matter": "LIQUID",
          "molecular_weight": 149.6185799999999,
          "density": 1.0,
          "mass": 1.496185799999999,
          "is_produced_by": [],
          "is_consumed_by": [
            "6686a732-ef66-44a7-9e3c-f94b0b44e233"
          ],
          "provenance__density": "dummy estimator based on mw",
          "provenance__is_consumed_by": null,
          "provenance__is_produced_by": null,
          "provenance__mass": null,
          "provenance__molecular_weight": "periodic table",
          "provenance__smiles": null,
          "provenance__state_of_matter": "dummy estimator based on mw"
        },
        {
          "identifier": "69d6b8c0-6c3d-445b-a350-f13fed459706",
          "smiles": "O=C(O)Cc1ccc(-c2ccc(O)cc2)cn1",
          "state_of_matter": "SOLID",
          "molecular_weight": 229.23133999999988,
          "density": 1.4,
          "mass": 2.292313399999999,
          "is_produced_by": [],
          "is_consumed_by": [
            "6686a732-ef66-44a7-9e3c-f94b0b44e233"
          ],
          "provenance__density": "dummy estimator based on mw",
          "provenance__is_consumed_by": null,
          "provenance__is_produced_by": null,
          "provenance__mass": null,
          "provenance__molecular_weight": "periodic table",
          "provenance__smiles": null,
          "provenance__state_of_matter": "dummy estimator based on mw"
        }
      ],
      "reagents": [
        {
          "identifier": "e209e76b-8763-43e6-aa46-e43b32b029a4",
          "smiles": "CN(C)C=O",
          "state_of_matter": "LIQUID",
          "molecular_weight": 73.09378000000004,
          "density": 1.0,
          "mass": 0.7309378000000004,
          "is_produced_by": [],
          "is_consumed_by": [
            "6686a732-ef66-44a7-9e3c-f94b0b44e233"
          ],
          "provenance__density": "dummy estimator based on mw",
          "provenance__is_consumed_by": null,
          "provenance__is_produced_by": null,
          "provenance__mass": null,
          "provenance__molecular_weight": "periodic table",
          "provenance__smiles": null,
          "provenance__state_of_matter": "dummy estimator based on mw"
        },
        {
          "identifier": "d7b04501-64b4-49aa-8dcb-f4819cd92dfe",
          "smiles": "Cl",
          "state_of_matter": "LIQUID",
          "molecular_weight": 36.46094,
          "density": 1.0,
          "mass": 0.36460940000000003,
          "is_produced_by": [],
          "is_consumed_by": [
            "6686a732-ef66-44a7-9e3c-f94b0b44e233"
          ],
          "provenance__density": "dummy estimator based on mw",
          "provenance__is_consumed_by": null,
          "provenance__is_produced_by": null,
          "provenance__mass": null,
          "provenance__molecular_weight": "periodic table",
          "provenance__smiles": null,
          "provenance__state_of_matter": "dummy estimator based on mw"
        },
        {
          "identifier": "04276665-e2cc-4ea3-ba8f-c931ca6cebd3",
          "smiles": "O=C(O[K])O[K]",
          "state_of_matter": "SOLID",
          "molecular_weight": 138.2055,
          "density": 1.4,
          "mass": 1.382055,
          "is_produced_by": [],
          "is_consumed_by": [
            "6686a732-ef66-44a7-9e3c-f94b0b44e233"
          ],
          "provenance__density": "dummy estimator based on mw",
          "provenance__is_consumed_by": null,
          "provenance__is_produced_by": null,
          "provenance__mass": null,
          "provenance__molecular_weight": "periodic table",
          "provenance__smiles": null,
          "provenance__state_of_matter": "dummy estimator based on mw"
        }
      ],
      "products": [
        {
          "identifier": "c4fbf0a3-871e-4310-94ea-ca88446dae44",
          "smiles": "O=C(O)Cc1ccc(-c2ccc(OCCN3CCOCC3)cc2)cn1",
          "state_of_matter": "SOLID",
          "molecular_weight": 342.3889800000004,
          "density": 1.4,
          "mass": 3.423889800000004,
          "is_produced_by": [
            "6686a732-ef66-44a7-9e3c-f94b0b44e233"
          ],
          "is_consumed_by": [],
          "provenance__density": "dummy estimator based on mw",
          "provenance__is_consumed_by": null,
          "provenance__is_produced_by": null,
          "provenance__mass": null,
          "provenance__molecular_weight": "periodic table",
          "provenance__smiles": null,
          "provenance__state_of_matter": "dummy estimator based on mw"
        }
      ],
      "stoichiometry": {
        "be5eb42a-be06-4a4a-afb7-eb3533e4c949": 1.0,
        "69d6b8c0-6c3d-445b-a350-f13fed459706": 1.0,
        "c4fbf0a3-871e-4310-94ea-ca88446dae44": -1.0
      },
      "temperature": 328.3086573779583,
      "intended_ratios": {
        "be5eb42a-be06-4a4a-afb7-eb3533e4c949": 1.0,
        "69d6b8c0-6c3d-445b-a350-f13fed459706": 1.0,
        "e209e76b-8763-43e6-aa46-e43b32b029a4": 1.0,
        "d7b04501-64b4-49aa-8dcb-f4819cd92dfe": 1.0,
        "04276665-e2cc-4ea3-ba8f-c931ca6cebd3": 1.0
      },
      "expected_yields": {
        "c4fbf0a3-871e-4310-94ea-ca88446dae44": 1.0
      },
      "reaction_extent": 0.01
    },
    {
      "identifier": "1f0a74e2-8957-425b-adc0-8ce9a4e0899e",
      "reactants": [
        {
          "identifier": "a5586302-bcff-4b9f-a024-9f8fe769d820",
          "smiles": "NCc1ccccc1",
          "state_of_matter": "LIQUID",
          "molecular_weight": 107.15306000000005,
          "density": 1.0,
          "mass": 1.0715306000000007,
          "is_produced_by": [],
          "is_consumed_by": [
            "1f0a74e2-8957-425b-adc0-8ce9a4e0899e"
          ],
          "provenance__density": "dummy estimator based on mw",
          "provenance__is_consumed_by": null,
          "provenance__is_produced_by": null,
          "provenance__mass": null,
          "provenance__molecular_weight": "periodic table",
          "provenance__smiles": null,
          "provenance__state_of_matter": "dummy estimator based on mw"
        },
        {
          "identifier": "5b1155ed-bda4-4251-ba08-03ba7b2afbdf",
          "smiles": "O=C(O)Cc1ccc(-c2ccc(OCCN3CCOCC3)cc2)cn1",
          "state_of_matter": "SOLID",
          "molecular_weight": 342.3889800000004,
          "density": 1.4,
          "mass": 3.423889800000004,
          "is_produced_by": [],
          "is_consumed_by": [
            "1f0a74e2-8957-425b-adc0-8ce9a4e0899e"
          ],
          "provenance__density": "dummy estimator based on mw",
          "provenance__is_consumed_by": null,
          "provenance__is_produced_by": null,
          "provenance__mass": null,
          "provenance__molecular_weight": "periodic table",
          "provenance__smiles": null,
          "provenance__state_of_matter": "dummy estimator based on mw"
        }
      ],
      "reagents": [
        {
          "identifier": "1905b2ba-f486-45be-b698-ac546597d6a5",
          "smiles": "CN(C)C=O",
          "state_of_matter": "LIQUID",
          "molecular_weight": 73.09378000000004,
          "density": 1.0,
          "mass": 0.7309378000000004,
          "is_produced_by": [],
          "is_consumed_by": [
            "1f0a74e2-8957-425b-adc0-8ce9a4e0899e"
          ],
          "provenance__density": "dummy estimator based on mw",
          "provenance__is_consumed_by": null,
          "provenance__is_produced_by": null,
          "provenance__mass": null,
          "provenance__molecular_weight": "periodic table",
          "provenance__smiles": null,
          "provenance__state_of_matter": "dummy estimator based on mw"
        },
        {
          "identifier": "e7483e04-4731-4309-b7ac-816275d2c350",
          "smiles": "On1nnc2ccccc21",
          "state_of_matter": "LIQUID",
          "molecular_weight": 136.13133999999997,
          "density": 1.0,
          "mass": 1.3613133999999998,
          "is_produced_by": [],
          "is_consumed_by": [
            "1f0a74e2-8957-425b-adc0-8ce9a4e0899e"
          ],
          "provenance__density": "dummy estimator based on mw",
          "provenance__is_consumed_by": null,
          "provenance__is_produced_by": null,
          "provenance__mass": null,
          "provenance__molecular_weight": "periodic table",
          "provenance__smiles": null,
          "provenance__state_of_matter": "dummy estimator based on mw"
        },
        {
          "identifier": "63f326e1-0756-4ad6-a57d-4a73bcc52443",
          "smiles": "C(=NC1CCCCC1)=NC1CCCCC1",
          "state_of_matter": "SOLID",
          "molecular_weight": 206.32717999999977,
          "density": 1.4,
          "mass": 2.0632717999999977,
          "is_produced_by": [],
          "is_consumed_by": [
            "1f0a74e2-8957-425b-adc0-8ce9a4e0899e"
          ],
          "provenance__density": "dummy estimator based on mw",
          "provenance__is_consumed_by": null,
          "provenance__is_produced_by": null,
          "provenance__mass": null,
          "provenance__molecular_weight": "periodic table",
          "provenance__smiles": null,
          "provenance__state_of_matter": "dummy estimator based on mw"
        }
      ],
      "products": [
        {
          "identifier": "9e9e3362-3b4f-4b35-af6d-787175d2a2e0",
          "smiles": "O=C(Cc1ccc(-c2ccc(OCCN3CCOCC3)cc2)cn1)NCc1ccccc1",
          "state_of_matter": "SOLID",
          "molecular_weight": 431.5267600000005,
          "density": 1.4,
          "mass": 4.315267600000005,
          "is_produced_by": [
            "1f0a74e2-8957-425b-adc0-8ce9a4e0899e"
          ],
          "is_consumed_by": [],
          "provenance__density": "dummy estimator based on mw",
          "provenance__is_consumed_by": null,
          "provenance__is_produced_by": null,
          "provenance__mass": null,
          "provenance__molecular_weight": "periodic table",
          "provenance__smiles": null,
          "provenance__state_of_matter": "dummy estimator based on mw"
        }
      ],
      "stoichiometry": {
        "a5586302-bcff-4b9f-a024-9f8fe769d820": 1.0,
        "5b1155ed-bda4-4251-ba08-03ba7b2afbdf": 1.0,
        "9e9e3362-3b4f-4b35-af6d-787175d2a2e0": -1.0
      },
      "temperature": 313.59554235935207,
      "intended_ratios": {
        "a5586302-bcff-4b9f-a024-9f8fe769d820": 1.0,
        "5b1155ed-bda4-4251-ba08-03ba7b2afbdf": 1.0,
        "1905b2ba-f486-45be-b698-ac546597d6a5": 1.0,
        "e7483e04-4731-4309-b7ac-816275d2c350": 1.0,
        "63f326e1-0756-4ad6-a57d-4a73bcc52443": 1.0
      },
      "expected_yields": {
        "9e9e3362-3b4f-4b35-af6d-787175d2a2e0": 1.0
      },
      "reaction_extent": 0.01
    },
    {
      "identifier": "7f749cc8-39ae-4d9a-9698-e14ecd0fc95b",
      "reactants": [
        {
          "identifier": "524d4e7f-27d5-4669-81fc-c4efe62b8002",
          "smiles": "O=C(O)Cc1ccc(-c2ccc(OCc3ccccc3)cc2)cn1",
          "state_of_matter": "SOLID",
          "molecular_weight": 319.35388000000023,
          "density": 1.4,
          "mass": 3.1935388000000025,
          "is_produced_by": [],
          "is_consumed_by": [
            "7f749cc8-39ae-4d9a-9698-e14ecd0fc95b"
          ],
          "provenance__density": "dummy estimator based on mw",
          "provenance__is_consumed_by": null,
          "provenance__is_produced_by": null,
          "provenance__mass": null,
          "provenance__molecular_weight": "periodic table",
          "provenance__smiles": null,
          "provenance__state_of_matter": "dummy estimator based on mw"
        }
      ],
      "reagents": [
        {
          "identifier": "da5a007b-7266-4800-a14c-2ad3c01bd5f8",
          "smiles": "CCO",
          "state_of_matter": "LIQUID",
          "molecular_weight": 46.06843999999999,
          "density": 1.0,
          "mass": 0.4606843999999999,
          "is_produced_by": [],
          "is_consumed_by": [
            "7f749cc8-39ae-4d9a-9698-e14ecd0fc95b"
          ],
          "provenance__density": "dummy estimator based on mw",
          "provenance__is_consumed_by": null,
          "provenance__is_produced_by": null,
          "provenance__mass": null,
          "provenance__molecular_weight": "periodic table",
          "provenance__smiles": null,
          "provenance__state_of_matter": "dummy estimator based on mw"
        },
        {
          "identifier": "477d832b-59bc-4c53-b8bf-fd35beb4675e",
          "smiles": "C1CCOC1",
          "state_of_matter": "LIQUID",
          "molecular_weight": 72.10572000000005,
          "density": 1.0,
          "mass": 0.7210572000000005,
          "is_produced_by": [],
          "is_consumed_by": [
            "7f749cc8-39ae-4d9a-9698-e14ecd0fc95b"
          ],
          "provenance__density": "dummy estimator based on mw",
          "provenance__is_consumed_by": null,
          "provenance__is_produced_by": null,
          "provenance__mass": null,
          "provenance__molecular_weight": "periodic table",
          "provenance__smiles": null,
          "provenance__state_of_matter": "dummy estimator based on mw"
        },
        {
          "identifier": "125bf2a2-291f-4ff6-a750-90d3fed1b970",
          "smiles": "[Pd]",
          "state_of_matter": "SOLID",
          "molecular_weight": 106.42,
          "density": 1.4,
          "mass": 1.0642,
          "is_produced_by": [],
          "is_consumed_by": [
            "7f749cc8-39ae-4d9a-9698-e14ecd0fc95b"
          ],
          "provenance__density": "dummy estimator based on mw",
          "provenance__is_consumed_by": null,
          "provenance__is_produced_by": null,
          "provenance__mass": null,
          "provenance__molecular_weight": "periodic table",
          "provenance__smiles": null,
          "provenance__state_of_matter": "dummy estimator based on mw"
        }
      ],
      "products": [
        {
          "identifier": "04fe2cff-96b9-4df3-9ac1-6006af36be40",
          "smiles": "O=C(O)Cc1ccc(-c2ccc(O)cc2)cn1",
          "state_of_matter": "SOLID",
          "molecular_weight": 229.23133999999988,
          "density": 1.4,
          "mass": 2.292313399999999,
          "is_produced_by": [
            "7f749cc8-39ae-4d9a-9698-e14ecd0fc95b"
          ],
          "is_consumed_by": [],
          "provenance__density": "dummy estimator based on mw",
          "provenance__is_consumed_by": null,
          "provenance__is_produced_by": null,
          "provenance__mass": null,
          "provenance__molecular_weight": "periodic table",
          "provenance__smiles": null,
          "provenance__state_of_matter": "dummy estimator based on mw"
        }
      ],
      "stoichiometry": {
        "524d4e7f-27d5-4669-81fc-c4efe62b8002": 1.0,
        "04fe2cff-96b9-4df3-9ac1-6006af36be40": -1.0
      },
      "temperature": 290.4403661370277,
      "intended_ratios": {
        "524d4e7f-27d5-4669-81fc-c4efe62b8002": 1.0,
        "da5a007b-7266-4800-a14c-2ad3c01bd5f8": 1.0,
        "477d832b-59bc-4c53-b8bf-fd35beb4675e": 1.0,
        "125bf2a2-291f-4ff6-a750-90d3fed1b970": 1.0
      },
      "expected_yields": {
        "04fe2cff-96b9-4df3-9ac1-6006af36be40": 1.0
      },
      "reaction_extent": 0.01
    }
  ],
  "molecular_nodes": [
    "Brc1ccc(I)cn1",
    "Brc1ccc(OCc2ccccc2)cc1",
    "C(=NC1CCCCC1)=NC1CCCCC1",
    "C1=C[C-](P(c2ccccc2)c2ccccc2)C=C1.C1=C[C-](P(c2ccccc2)c2ccccc2)C=C1.[Fe+2]",
    "C1CCOC1",
    "C1COCCO1",
    "CC(=O)O[K]",
    "CC1(C)OB(B2OC(C)(C)C(C)(C)O2)OC1(C)C",
    "CCO",
    "CCOC(=O)C(C(=O)OCC)c1ccc(I)cn1",
    "CCOC(=O)CC(=O)OCC",
    "CCOC(=O)Cc1ccc(-c2ccc(OCc3ccccc3)cc2)cn1",
    "CCOC(=O)Cc1ccc(B2OC(C)(C)C(C)(C)O2)cn1",
    "CCOC(=O)Cc1ccc(I)cn1",
    "CN(C)C=O",
    "CO",
    "CS(C)=O",
    "Cl",
    "ClCCN1CCOCC1",
    "Cl[Pd]Cl",
    "NCc1ccccc1",
    "O",
    "O=C(Cc1ccc(-c2ccc(OCCN3CCOCC3)cc2)cn1)NCc1ccccc1",
    "O=C(O)Cc1ccc(-c2ccc(O)cc2)cn1",
    "O=C(O)Cc1ccc(-c2ccc(OCCN3CCOCC3)cc2)cn1",
    "O=C(O)Cc1ccc(-c2ccc(OCc3ccccc3)cc2)cn1",
    "O=C(O[K])O[K]",
    "On1nnc2ccccc21",
    "[Cu]I",
    "[Li]Cl",
    "[Li]O",
    "[Pd]"
  ],
  "edges": [
    [
      "1f0a74e2-8957-425b-adc0-8ce9a4e0899e",
      "O=C(Cc1ccc(-c2ccc(OCCN3CCOCC3)cc2)cn1)NCc1ccccc1"
    ],
    [
      "29f3e098-2292-4248-929a-623fd0afff3f",
      "CCOC(=O)Cc1ccc(-c2ccc(OCc3ccccc3)cc2)cn1"
    ],
    [
      "32e65e92-2574-4327-8a57-f8257062fafa",
      "CCOC(=O)Cc1ccc(I)cn1"
    ],
    [
      "53f2481b-cda4-4281-bb43-c916d7afe227",
      "CCOC(=O)C(C(=O)OCC)c1ccc(I)cn1"
    ],
    [
      "6686a732-ef66-44a7-9e3c-f94b0b44e233",
      "O=C(O)Cc1ccc(-c2ccc(OCCN3CCOCC3)cc2)cn1"
    ],
    [
      "7f749cc8-39ae-4d9a-9698-e14ecd0fc95b",
      "O=C(O)Cc1ccc(-c2ccc(O)cc2)cn1"
    ],
    [
      "8b23f02f-188a-4169-baaa-a736a1477793",
      "O=C(O)Cc1ccc(-c2ccc(OCc3ccccc3)cc2)cn1"
    ],
    [
      "Brc1ccc(I)cn1",
      "53f2481b-cda4-4281-bb43-c916d7afe227"
    ],
    [
      "Brc1ccc(OCc2ccccc2)cc1",
      "29f3e098-2292-4248-929a-623fd0afff3f"
    ],
    [
      "C(=NC1CCCCC1)=NC1CCCCC1",
      "1f0a74e2-8957-425b-adc0-8ce9a4e0899e"
    ],
    [
      "C1=C[C-](P(c2ccccc2)c2ccccc2)C=C1.C1=C[C-](P(c2ccccc2)c2ccccc2)C=C1.[Fe+2]",
      "e6629c99-eb36-4ff8-bab2-17197ec38bbd"
    ],
    [
      "C1CCOC1",
      "7f749cc8-39ae-4d9a-9698-e14ecd0fc95b"
    ],
    [
      "C1CCOC1",
      "8b23f02f-188a-4169-baaa-a736a1477793"
    ],
    [
      "C1COCCO1",
      "29f3e098-2292-4248-929a-623fd0afff3f"
    ],
    [
      "C1COCCO1",
      "53f2481b-cda4-4281-bb43-c916d7afe227"
    ],
    [
      "C1COCCO1",
      "e6629c99-eb36-4ff8-bab2-17197ec38bbd"
    ],
    [
      "CC(=O)O[K]",
      "e6629c99-eb36-4ff8-bab2-17197ec38bbd"
    ],
    [
      "CC1(C)OB(B2OC(C)(C)C(C)(C)O2)OC1(C)C",
      "e6629c99-eb36-4ff8-bab2-17197ec38bbd"
    ],
    [
      "CCO",
      "7f749cc8-39ae-4d9a-9698-e14ecd0fc95b"
    ],
    [
      "CCOC(=O)C(C(=O)OCC)c1ccc(I)cn1",
      "32e65e92-2574-4327-8a57-f8257062fafa"
    ],
    [
      "CCOC(=O)CC(=O)OCC",
      "53f2481b-cda4-4281-bb43-c916d7afe227"
    ],
    [
      "CCOC(=O)Cc1ccc(-c2ccc(OCc3ccccc3)cc2)cn1",
      "8b23f02f-188a-4169-baaa-a736a1477793"
    ],
    [
      "CCOC(=O)Cc1ccc(B2OC(C)(C)C(C)(C)O2)cn1",
      "29f3e098-2292-4248-929a-623fd0afff3f"
    ],
    [
      "CCOC(=O)Cc1ccc(I)cn1",
      "e6629c99-eb36-4ff8-bab2-17197ec38bbd"
    ],
    [
      "CN(C)C=O",
      "1f0a74e2-8957-425b-adc0-8ce9a4e0899e"
    ],
    [
      "CN(C)C=O",
      "6686a732-ef66-44a7-9e3c-f94b0b44e233"
    ],
    [
      "CO",
      "8b23f02f-188a-4169-baaa-a736a1477793"
    ],
    [
      "CS(C)=O",
      "32e65e92-2574-4327-8a57-f8257062fafa"
    ],
    [
      "Cl",
      "6686a732-ef66-44a7-9e3c-f94b0b44e233"
    ],
    [
      "ClCCN1CCOCC1",
      "6686a732-ef66-44a7-9e3c-f94b0b44e233"
    ],
    [
      "Cl[Pd]Cl",
      "e6629c99-eb36-4ff8-bab2-17197ec38bbd"
    ],
    [
      "NCc1ccccc1",
      "1f0a74e2-8957-425b-adc0-8ce9a4e0899e"
    ],
    [
      "O",
      "29f3e098-2292-4248-929a-623fd0afff3f"
    ],
    [
      "O",
      "8b23f02f-188a-4169-baaa-a736a1477793"
    ],
    [
      "O=C(O)Cc1ccc(-c2ccc(O)cc2)cn1",
      "6686a732-ef66-44a7-9e3c-f94b0b44e233"
    ],
    [
      "O=C(O)Cc1ccc(-c2ccc(OCCN3CCOCC3)cc2)cn1",
      "1f0a74e2-8957-425b-adc0-8ce9a4e0899e"
    ],
    [
      "O=C(O)Cc1ccc(-c2ccc(OCc3ccccc3)cc2)cn1",
      "7f749cc8-39ae-4d9a-9698-e14ecd0fc95b"
    ],
    [
      "O=C(O[K])O[K]",
      "29f3e098-2292-4248-929a-623fd0afff3f"
    ],
    [
      "O=C(O[K])O[K]",
      "6686a732-ef66-44a7-9e3c-f94b0b44e233"
    ],
    [
      "On1nnc2ccccc21",
      "1f0a74e2-8957-425b-adc0-8ce9a4e0899e"
    ],
    [
      "[Cu]I",
      "53f2481b-cda4-4281-bb43-c916d7afe227"
    ],
    [
      "[Li]Cl",
      "32e65e92-2574-4327-8a57-f8257062fafa"
    ],
    [
      "[Li]O",
      "8b23f02f-188a-4169-baaa-a736a1477793"
    ],
    [
      "[Pd]",
      "7f749cc8-39ae-4d9a-9698-e14ecd0fc95b"
    ],
    [
      "e6629c99-eb36-4ff8-bab2-17197ec38bbd",
      "CCOC(=O)Cc1ccc(B2OC(C)(C)C(C)(C)O2)cn1"
    ]
  ]
}