{
  "identifier": "46322bb2-b980-4a33-9b47-bf4358380463",
  "chemical_reactions": [
    {
      "identifier": "9e43c903-2351-4869-9757-abe6ac6e1203",
      "reactants": [
        {
          "identifier": "29af3fd1-2e91-4e05-90e8-c23f1892bfeb",
          "smiles": "CC(C)(C)OC(=O)N1CCC(=C2c3ccc(Cl)cc3CCc3cccnc32)CC1",
          "state_of_matter": "SOLID",
          "molecular_weight": 410.9363800000003,
          "density": 1.4,
          "mass": 410.9363800000003,
          "is_produced_by": [],
          "is_consumed_by": [
            "9e43c903-2351-4869-9757-abe6ac6e1203"
          ],
          "provenance__density": "dummy estimator based on mw",
          "provenance__is_consumed_by": null,
          "provenance__is_produced_by": null,
          "provenance__mass": null,
          "provenance__molecular_weight": "periodic table",
          "provenance__smiles": null,
          "provenance__state_of_matter": "dummy estimator based on mw"
        }
      ],
      "reagents": [
        {
          "identifier": "70bdf483-a5c3-47d7-818f-7dd2d1b174a4",
          "smiles": "CC(=O)O",
          "state_of_matter": "LIQUID",
          "molecular_weight": 60.051959999999994,
          "density": 1.0,
          "mass": 60.051959999999994,
          "is_produced_by": [],
          "is_consumed_by": [
            "9e43c903-2351-4869-9757-abe6ac6e1203"
          ],
          "provenance__density": "dummy estimator based on mw",
          "provenance__is_consumed_by": null,
          "provenance__is_produced_by": null,
          "provenance__mass": null,
          "provenance__molecular_weight": "periodic table",
          "provenance__smiles": null,
          "provenance__state_of_matter": "dummy estimator based on mw"
        },
        {
          "identifier": "4e1f0fee-8cb7-4119-9e9d-42fd7ae064f9",
          "smiles": "BrBr",
          "state_of_matter": "LIQUID",
          "molecular_weight": 159.808,
          "density": 1.0,
          "mass": 159.808,
          "is_produced_by": [],
          "is_consumed_by": [
            "9e43c903-2351-4869-9757-abe6ac6e1203"
          ],
          "provenance__density": "dummy estimator based on mw",
          "provenance__is_consumed_by": null,
          "provenance__is_produced_by": null,
          "provenance__mass": null,
          "provenance__molecular_weight": "periodic table",
          "provenance__smiles": null,
          "provenance__state_of_matter": "dummy estimator based on mw"
        }
      ],
      "products": [
        {
          "identifier": "a3c16ed5-c2bc-4cc2-b1c3-4c07abb75d83",
          "smiles": "CC(C)(C)OC(=O)N1CCC(=C2c3ncccc3CCc3cc(Cl)cc(Br)c32)CC1",
          "state_of_matter": "SOLID",
          "molecular_weight": 489.8324400000003,
          "density": 1.4,
          "mass": 489.8324400000003,
          "is_produced_by": [
            "9e43c903-2351-4869-9757-abe6ac6e1203"
          ],
          "is_consumed_by": [],
          "provenance__density": "dummy estimator based on mw",
          "provenance__is_consumed_by": null,
          "provenance__is_produced_by": null,
          "provenance__mass": null,
          "provenance__molecular_weight": "periodic table",
          "provenance__smiles": null,
          "provenance__state_of_matter": "dummy estimator based on mw"
        }
      ],
      "stoichiometry": {
        "29af3fd1-2e91-4e05-90e8-c23f1892bfeb": 1.0,
        "a3c16ed5-c2bc-4cc2-b1c3-4c07abb75d83": -1.0
      },
      "temperature": 296.42936775684353,
      "intended_ratios": {
        "29af3fd1-2e91-4e05-90e8-c23f1892bfeb": 1.0,
        "70bdf483-a5c3-47d7-818f-7dd2d1b174a4": 1.0,
        "4e1f0fee-8cb7-4119-9e9d-42fd7ae064f9": 1.0
      },
      "expected_yields": {
        "a3c16ed5-c2bc-4cc2-b1c3-4c07abb75d83": 1.0
      },
      "reaction_extent": 1.0
    },
    {
      "identifier": "cf6bbb84-b978-4e8e-97dc-c44a17827cf0",
      "reactants": [
        {
          "identifier": "2f982fea-58a2-4b47-a666-401fe9a51bb4",
          "smiles": "CC(C)(C)OC(=O)N1CCC(=C2c3ncc(Br)cc3CCc3cc(Cl)cc(Br)c32)CC1",
          "state_of_matter": "SOLID",
          "molecular_weight": 568.728499999999,
          "density": 1.4,
          "mass": 568.728499999999,
          "is_produced_by": [],
          "is_consumed_by": [
            "cf6bbb84-b978-4e8e-97dc-c44a17827cf0"
          ],
          "provenance__density": "dummy estimator based on mw",
          "provenance__is_consumed_by": null,
          "provenance__is_produced_by": null,
          "provenance__mass": null,
          "provenance__molecular_weight": "periodic table",
          "provenance__smiles": null,
          "provenance__state_of_matter": "dummy estimator based on mw"
        }
      ],
      "reagents": [
        {
          "identifier": "8cd0f73d-f074-4185-8a2f-33c019097efb",
          "smiles": "ClCCl",
          "state_of_matter": "LIQUID",
          "molecular_weight": 84.93258000000002,
          "density": 1.0,
          "mass": 84.93258000000002,
          "is_produced_by": [],
          "is_consumed_by": [
            "cf6bbb84-b978-4e8e-97dc-c44a17827cf0"
          ],
          "provenance__density": "dummy estimator based on mw",
          "provenance__is_consumed_by": null,
          "provenance__is_produced_by": null,
          "provenance__mass": null,
          "provenance__molecular_weight": "periodic table",
          "provenance__smiles": null,
          "provenance__state_of_matter": "dummy estimator based on mw"
        },
        {
          "identifier": "edc2d7a4-81de-48cc-87bb-9077c2f47a4a",
          "smiles": "O=C(O)C(F)(F)F",
          "state_of_matter": "LIQUID",
          "molecular_weight": 114.0233496,
          "density": 1.0,
          "mass": 114.0233496,
          "is_produced_by": [],
          "is_consumed_by": [
            "cf6bbb84-b978-4e8e-97dc-c44a17827cf0"
          ],
          "provenance__density": "dummy estimator based on mw",
          "provenance__is_consumed_by": null,
          "provenance__is_produced_by": null,
          "provenance__mass": null,
          "provenance__molecular_weight": "periodic table",
          "provenance__smiles": null,
          "provenance__state_of_matter": "dummy estimator based on mw"
        }
      ],
      "products": [
        {
          "identifier": "4b4ba860-20df-4949-aff7-7f8240c9d1b0",
          "smiles": "Clc1cc(Br)c2c(c1)CCc1cc(Br)cnc1C2=C1CCNCC1",
          "state_of_matter": "SOLID",
          "molecular_weight": 468.6126800000001,
          "density": 1.4,
          "mass": 468.6126800000001,
          "is_produced_by": [
            "cf6bbb84-b978-4e8e-97dc-c44a17827cf0"
          ],
          "is_consumed_by": [],
          "provenance__density": "dummy estimator based on mw",
          "provenance__is_consumed_by": null,
          "provenance__is_produced_by": null,
          "provenance__mass": null,
          "provenance__molecular_weight": "periodic table",
          "provenance__smiles": null,
          "provenance__state_of_matter": "dummy estimator based on mw"
        }
      ],
      "stoichiometry": {
        "2f982fea-58a2-4b47-a666-401fe9a51bb4": 1.0,
        "4b4ba860-20df-4949-aff7-7f8240c9d1b0": -1.0
      },
      "temperature": 293.481430631876,
      "intended_ratios": {
        "2f982fea-58a2-4b47-a666-401fe9a51bb4": 1.0,
        "8cd0f73d-f074-4185-8a2f-33c019097efb": 1.0,
        "edc2d7a4-81de-48cc-87bb-9077c2f47a4a": 1.0
      },
      "expected_yields": {
        "4b4ba860-20df-4949-aff7-7f8240c9d1b0": 1.0
      },
      "reaction_extent": 1.0
    },
    {
      "identifier": "0f747e34-696e-4d78-a0fa-fa93d931ea8c",
      "reactants": [
        {
          "identifier": "75d59e9b-0915-4edc-92b7-8dc64d582062",
          "smiles": "CC(C)(C)OC(=O)N1CCC(=C2c3ncccc3CCc3cc(Cl)cc(Br)c32)CC1",
          "state_of_matter": "SOLID",
          "molecular_weight": 489.8324400000003,
          "density": 1.4,
          "mass": 489.8324400000003,
          "is_produced_by": [],
          "is_consumed_by": [
            "0f747e34-696e-4d78-a0fa-fa93d931ea8c"
          ],
          "provenance__density": "dummy estimator based on mw",
          "provenance__is_consumed_by": null,
          "provenance__is_produced_by": null,
          "provenance__mass": null,
          "provenance__molecular_weight": "periodic table",
          "provenance__smiles": null,
          "provenance__state_of_matter": "dummy estimator based on mw"
        }
      ],
      "reagents": [
        {
          "identifier": "61914c2d-5be9-47bb-bd00-f26164bd9152",
          "smiles": "CN(C)C=O",
          "state_of_matter": "LIQUID",
          "molecular_weight": 73.09378000000004,
          "density": 1.0,
          "mass": 73.09378000000004,
          "is_produced_by": [],
          "is_consumed_by": [
            "0f747e34-696e-4d78-a0fa-fa93d931ea8c"
          ],
          "provenance__density": "dummy estimator based on mw",
          "provenance__is_consumed_by": null,
          "provenance__is_produced_by": null,
          "provenance__mass": null,
          "provenance__molecular_weight": "periodic table",
          "provenance__smiles": null,
          "provenance__state_of_matter": "dummy estimator based on mw"
        },
        {
          "identifier": "b2083758-1967-453b-9cf8-9d2ef35cf244",
          "smiles": "[NaH]",
          "state_of_matter": "SOLID",
          "molecular_weight": 23.99771,
          "density": 1.4,
          "mass": 23.99771,
          "is_produced_by": [],
          "is_consumed_by": [
            "0f747e34-696e-4d78-a0fa-fa93d931ea8c"
          ],
          "provenance__density": "dummy estimator based on mw",
          "provenance__is_consumed_by": null,
          "provenance__is_produced_by": null,
          "provenance__mass": null,
          "provenance__molecular_weight": "periodic table",
          "provenance__smiles": null,
          "provenance__state_of_matter": "dummy estimator based on mw"
        }
      ],
      "products": [
        {
          "identifier": "49dfb229-b785-465f-b403-e2c1c97eb1d0",
          "smiles": "CC(C)(C)OC(=O)N1CCC(=C2c3ncc(Br)cc3CCc3cc(Cl)cc(Br)c32)CC1",
          "state_of_matter": "SOLID",
          "molecular_weight": 568.728499999999,
          "density": 1.4,
          "mass": 568.728499999999,
          "is_produced_by": [
            "0f747e34-696e-4d78-a0fa-fa93d931ea8c"
          ],
          "is_consumed_by": [],
          "provenance__density": "dummy estimator based on mw",
          "provenance__is_consumed_by": null,
          "provenance__is_produced_by": null,
          "provenance__mass": null,
          "provenance__molecular_weight": "periodic table",
          "provenance__smiles": null,
          "provenance__state_of_matter": "dummy estimator based on mw"
        }
      ],
      "stoichiometry": {
        "75d59e9b-0915-4edc-92b7-8dc64d582062": 1.0,
        "49dfb229-b785-465f-b403-e2c1c97eb1d0": -1.0
      },
      "temperature": 297.4380413711071,
      "intended_ratios": {
        "75d59e9b-0915-4edc-92b7-8dc64d582062": 1.0,
        "61914c2d-5be9-47bb-bd00-f26164bd9152": 1.0,
        "b2083758-1967-453b-9cf8-9d2ef35cf244": 1.0
      },
      "expected_yields": {
        "49dfb229-b785-465f-b403-e2c1c97eb1d0": 1.0
      },
      "reaction_extent": 1.0
    },
    {
      "identifier": "dc870bf9-b122-4aa9-9e47-f3c45fd9f66b",
      "reactants": [
        {
          "identifier": "f629a327-0b53-4687-ad53-5365af4355fa",
          "smiles": "CC(C)(C)OC(=O)OC(=O)OC(C)(C)C",
          "state_of_matter": "SOLID",
          "molecular_weight": 218.24691999999976,
          "density": 1.4,
          "mass": 218.24691999999976,
          "is_produced_by": [],
          "is_consumed_by": [
            "dc870bf9-b122-4aa9-9e47-f3c45fd9f66b"
          ],
          "provenance__density": "dummy estimator based on mw",
          "provenance__is_consumed_by": null,
          "provenance__is_produced_by": null,
          "provenance__mass": null,
          "provenance__molecular_weight": "periodic table",
          "provenance__smiles": null,
          "provenance__state_of_matter": "dummy estimator based on mw"
        },
        {
          "identifier": "8ad25251-3a11-4920-9cec-09880fd8c0e6",
          "smiles": "Clc1ccc2c(c1)CCc1cccnc1C2=C1CCNCC1",
          "state_of_matter": "SOLID",
          "molecular_weight": 310.8205600000003,
          "density": 1.4,
          "mass": 310.8205600000003,
          "is_produced_by": [],
          "is_consumed_by": [
            "dc870bf9-b122-4aa9-9e47-f3c45fd9f66b"
          ],
          "provenance__density": "dummy estimator based on mw",
          "provenance__is_consumed_by": null,
          "provenance__is_produced_by": null,
          "provenance__mass": null,
          "provenance__molecular_weight": "periodic table",
          "provenance__smiles": null,
          "provenance__state_of_matter": "dummy estimator based on mw"
        }
      ],
      "reagents": [
        {
          "identifier": "0667c811-a30d-4297-bb3e-f4d47e0a875e",
          "smiles": "ClCCl",
          "state_of_matter": "LIQUID",
          "molecular_weight": 84.93258000000002,
          "density": 1.0,
          "mass": 84.93258000000002,
          "is_produced_by": [],
          "is_consumed_by": [
            "dc870bf9-b122-4aa9-9e47-f3c45fd9f66b"
          ],
          "provenance__density": "dummy estimator based on mw",
          "provenance__is_consumed_by": null,
          "provenance__is_produced_by": null,
          "provenance__mass": null,
          "provenance__molecular_weight": "periodic table",
          "provenance__smiles": null,
          "provenance__state_of_matter": "dummy estimator based on mw"
        },
        {
          "identifier": "c8c6c64d-152c-4f3c-a9be-39f78a636718",
          "smiles": "CCN(CC)CC",
          "state_of_matter": "LIQUID",
          "molecular_weight": 101.19000000000008,
          "density": 1.0,
          "mass": 101.19000000000008,
          "is_produced_by": [],
          "is_consumed_by": [
            "dc870bf9-b122-4aa9-9e47-f3c45fd9f66b"
          ],
          "provenance__density": "dummy estimator based on mw",
          "provenance__is_consumed_by": null,
          "provenance__is_produced_by": null,
          "provenance__mass": null,
          "provenance__molecular_weight": "periodic table",
          "provenance__smiles": null,
          "provenance__state_of_matter": "dummy estimator based on mw"
        }
      ],
      "products": [
        {
          "identifier": "9364b9fe-7501-47f1-a79e-a476c94ebd7c",
          "smiles": "CC(C)(C)OC(=O)N1CCC(=C2c3ccc(Cl)cc3CCc3cccnc32)CC1",
          "state_of_matter": "SOLID",
          "molecular_weight": 410.9363800000003,
          "density": 1.4,
          "mass": 410.9363800000003,
          "is_produced_by": [
            "dc870bf9-b122-4aa9-9e47-f3c45fd9f66b"
          ],
          "is_consumed_by": [],
          "provenance__density": "dummy estimator based on mw",
          "provenance__is_consumed_by": null,
          "provenance__is_produced_by": null,
          "provenance__mass": null,
          "provenance__molecular_weight": "periodic table",
          "provenance__smiles": null,
          "provenance__state_of_matter": "dummy estimator based on mw"
        }
      ],
      "stoichiometry": {
        "f629a327-0b53-4687-ad53-5365af4355fa": 1.0,
        "8ad25251-3a11-4920-9cec-09880fd8c0e6": 1.0,
        "9364b9fe-7501-47f1-a79e-a476c94ebd7c": -1.0
      },
      "temperature": 274.6511415660381,
      "intended_ratios": {
        "f629a327-0b53-4687-ad53-5365af4355fa": 1.0,
        "8ad25251-3a11-4920-9cec-09880fd8c0e6": 1.0,
        "0667c811-a30d-4297-bb3e-f4d47e0a875e": 1.0,
        "c8c6c64d-152c-4f3c-a9be-39f78a636718": 1.0
      },
      "expected_yields": {
        "9364b9fe-7501-47f1-a79e-a476c94ebd7c": 1.0
      },
      "reaction_extent": 1.0
    },
    {
      "identifier": "b93c1f29-5b07-4114-b8e8-3202c5c891bc",
      "reactants": [
        {
          "identifier": "46be9084-85da-4735-80e0-8a492737908b",
          "smiles": "C[Si](C)(C)N=C=O",
          "state_of_matter": "LIQUID",
          "molecular_weight": 115.20586000000003,
          "density": 1.0,
          "mass": 115.20586000000003,
          "is_produced_by": [],
          "is_consumed_by": [
            "b93c1f29-5b07-4114-b8e8-3202c5c891bc"
          ],
          "provenance__density": "dummy estimator based on mw",
          "provenance__is_consumed_by": null,
          "provenance__is_produced_by": null,
          "provenance__mass": null,
          "provenance__molecular_weight": "periodic table",
          "provenance__smiles": null,
          "provenance__state_of_matter": "dummy estimator based on mw"
        },
        {
          "identifier": "60a686c6-55a7-4fcb-a0b8-97549e642589",
          "smiles": "O=C(CC1CCNCC1)N1CCC(C2c3ncc(Br)cc3CCc3cc(Cl)cc(Br)c32)CC1",
          "state_of_matter": "SOLID",
          "molecular_weight": 595.7968999999988,
          "density": 1.4,
          "mass": 595.7968999999988,
          "is_produced_by": [],
          "is_consumed_by": [
            "b93c1f29-5b07-4114-b8e8-3202c5c891bc"
          ],
          "provenance__density": "dummy estimator based on mw",
          "provenance__is_consumed_by": null,
          "provenance__is_produced_by": null,
          "provenance__mass": null,
          "provenance__molecular_weight": "periodic table",
          "provenance__smiles": null,
          "provenance__state_of_matter": "dummy estimator based on mw"
        }
      ],
      "reagents": [
        {
          "identifier": "ebb62686-1e73-455a-8bc3-7877b7f0a1cf",
          "smiles": "ClCCl",
          "state_of_matter": "LIQUID",
          "molecular_weight": 84.93258000000002,
          "density": 1.0,
          "mass": 84.93258000000002,
          "is_produced_by": [],
          "is_consumed_by": [
            "b93c1f29-5b07-4114-b8e8-3202c5c891bc"
          ],
          "provenance__density": "dummy estimator based on mw",
          "provenance__is_consumed_by": null,
          "provenance__is_produced_by": null,
          "provenance__mass": null,
          "provenance__molecular_weight": "periodic table",
          "provenance__smiles": null,
          "provenance__state_of_matter": "dummy estimator based on mw"
        }
      ],
      "products": [
        {
          "identifier": "a9e8d5d1-be73-499f-af8a-e94120dd47c1",
          "smiles": "NC(=O)N1CCC(CC(=O)N2CCC(C3c4ncc(Br)cc4CCc4cc(Cl)cc(Br)c43)CC2)CC1",
          "state_of_matter": "SOLID",
          "molecular_weight": 638.8216399999989,
          "density": 1.4,
          "mass": 638.8216399999989,
          "is_produced_by": [
            "b93c1f29-5b07-4114-b8e8-3202c5c891bc"
          ],
          "is_consumed_by": [],
          "provenance__density": "dummy estimator based on mw",
          "provenance__is_consumed_by": null,
          "provenance__is_produced_by": null,
          "provenance__mass": null,
          "provenance__molecular_weight": "periodic table",
          "provenance__smiles": null,
          "provenance__state_of_matter": "dummy estimator based on mw"
        }
      ],
      "stoichiometry": {
        "46be9084-85da-4735-80e0-8a492737908b": 1.0,
        "60a686c6-55a7-4fcb-a0b8-97549e642589": 1.0,
        "a9e8d5d1-be73-499f-af8a-e94120dd47c1": -1.0
      },
      "temperature": 286.6168689250946,
      "intended_ratios": {
        "46be9084-85da-4735-80e0-8a492737908b": 1.0,
        "60a686c6-55a7-4fcb-a0b8-97549e642589": 1.0,
        "ebb62686-1e73-455a-8bc3-7877b7f0a1cf": 1.0
      },
      "expected_yields": {
        "a9e8d5d1-be73-499f-af8a-e94120dd47c1": 1.0
      },
      "reaction_extent": 1.0
    },
    {
      "identifier": "aa168a47-4290-4584-9589-d4f4561e5932",
      "reactants": [
        {
          "identifier": "b496f016-381c-4718-8fbe-e8078715dacf",
          "smiles": "Clc1cc(Br)c2c(c1)CCc1cc(Br)cnc1C2=C1CCNCC1",
          "state_of_matter": "SOLID",
          "molecular_weight": 468.6126800000001,
          "density": 1.4,
          "mass": 468.6126800000001,
          "is_produced_by": [],
          "is_consumed_by": [
            "aa168a47-4290-4584-9589-d4f4561e5932"
          ],
          "provenance__density": "dummy estimator based on mw",
          "provenance__is_consumed_by": null,
          "provenance__is_produced_by": null,
          "provenance__mass": null,
          "provenance__molecular_weight": "periodic table",
          "provenance__smiles": null,
          "provenance__state_of_matter": "dummy estimator based on mw"
        }
      ],
      "reagents": [
        {
          "identifier": "30611db2-4041-41ac-82d4-46b2965a8ec9",
          "smiles": "ClCCl",
          "state_of_matter": "LIQUID",
          "molecular_weight": 84.93258000000002,
          "density": 1.0,
          "mass": 84.93258000000002,
          "is_produced_by": [],
          "is_consumed_by": [
            "aa168a47-4290-4584-9589-d4f4561e5932"
          ],
          "provenance__density": "dummy estimator based on mw",
          "provenance__is_consumed_by": null,
          "provenance__is_produced_by": null,
          "provenance__mass": null,
          "provenance__molecular_weight": "periodic table",
          "provenance__smiles": null,
          "provenance__state_of_matter": "dummy estimator based on mw"
        },
        {
          "identifier": "656ac976-f222-4120-be4f-122d0ccdac4d",
          "smiles": "O=C(O)C(F)(F)F",
          "state_of_matter": "LIQUID",
          "molecular_weight": 114.0233496,
          "density": 1.0,
          "mass": 114.0233496,
          "is_produced_by": [],
          "is_consumed_by": [
            "aa168a47-4290-4584-9589-d4f4561e5932"
          ],
          "provenance__density": "dummy estimator based on mw",
          "provenance__is_consumed_by": null,
          "provenance__is_produced_by": null,
          "provenance__mass": null,
          "provenance__molecular_weight": "periodic table",
          "provenance__smiles": null,
          "provenance__state_of_matter": "dummy estimator based on mw"
        }
      ],
      "products": [
        {
          "identifier": "08f05f5f-79ab-4a0d-83b9-907411fef619",
          "smiles": "Clc1cc(Br)c2c(c1)CCc1cc(Br)cnc1C2C1CCNCC1",
          "state_of_matter": "SOLID",
          "molecular_weight": 470.62856000000016,
          "density": 1.4,
          "mass": 470.62856000000016,
          "is_produced_by": [
            "aa168a47-4290-4584-9589-d4f4561e5932"
          ],
          "is_consumed_by": [],
          "provenance__density": "dummy estimator based on mw",
          "provenance__is_consumed_by": null,
          "provenance__is_produced_by": null,
          "provenance__mass": null,
          "provenance__molecular_weight": "periodic table",
          "provenance__smiles": null,
          "provenance__state_of_matter": "dummy estimator based on mw"
        }
      ],
      "stoichiometry": {
        "b496f016-381c-4718-8fbe-e8078715dacf": 1.0,
        "08f05f5f-79ab-4a0d-83b9-907411fef619": -1.0
      },
      "temperature": 283.66671758294103,
      "intended_ratios": {
        "b496f016-381c-4718-8fbe-e8078715dacf": 1.0,
        "30611db2-4041-41ac-82d4-46b2965a8ec9": 1.0,
        "656ac976-f222-4120-be4f-122d0ccdac4d": 1.0
      },
      "expected_yields": {
        "08f05f5f-79ab-4a0d-83b9-907411fef619": 1.0
      },
      "reaction_extent": 1.0
    },
    {
      "identifier": "ecf41245-d6d2-4753-aa8f-6e99f583bfa1",
      "reactants": [
        {
          "identifier": "3867b414-0247-4b12-aef3-7eadc88b6378",
          "smiles": "Clc1cc(Br)c2c(c1)CCc1cc(Br)cnc1C2C1CCNCC1",
          "state_of_matter": "SOLID",
          "molecular_weight": 470.62856000000016,
          "density": 1.4,
          "mass": 470.62856000000016,
          "is_produced_by": [],
          "is_consumed_by": [
            "ecf41245-d6d2-4753-aa8f-6e99f583bfa1"
          ],
          "provenance__density": "dummy estimator based on mw",
          "provenance__is_consumed_by": null,
          "provenance__is_produced_by": null,
          "provenance__mass": null,
          "provenance__molecular_weight": "periodic table",
          "provenance__smiles": null,
          "provenance__state_of_matter": "dummy estimator based on mw"
        },
        {
          "identifier": "d2753cee-457e-411a-92fa-12f609148b58",
          "smiles": "O=C(O)CC1CCNCC1",
          "state_of_matter": "LIQUID",
          "molecular_weight": 143.18361999999988,
          "density": 1.0,
          "mass": 143.18361999999988,
          "is_produced_by": [],
          "is_consumed_by": [
            "ecf41245-d6d2-4753-aa8f-6e99f583bfa1"
          ],
          "provenance__density": "dummy estimator based on mw",
          "provenance__is_consumed_by": null,
          "provenance__is_produced_by": null,
          "provenance__mass": null,
          "provenance__molecular_weight": "periodic table",
          "provenance__smiles": null,
          "provenance__state_of_matter": "dummy estimator based on mw"
        }
      ],
      "reagents": [
        {
          "identifier": "430f8579-8fb3-49e1-a17f-30d4db9d5a7c",
          "smiles": "CN(C)C=O",
          "state_of_matter": "LIQUID",
          "molecular_weight": 73.09378000000004,
          "density": 1.0,
          "mass": 73.09378000000004,
          "is_produced_by": [],
          "is_consumed_by": [
            "ecf41245-d6d2-4753-aa8f-6e99f583bfa1"
          ],
          "provenance__density": "dummy estimator based on mw",
          "provenance__is_consumed_by": null,
          "provenance__is_produced_by": null,
          "provenance__mass": null,
          "provenance__molecular_weight": "periodic table",
          "provenance__smiles": null,
          "provenance__state_of_matter": "dummy estimator based on mw"
        },
        {
          "identifier": "5b9cd671-fe75-4540-a745-def224420d03",
          "smiles": "CN(C)C(On1nnc2cccnc21)=[N+](C)C.F[P-](F)(F)(F)(F)F",
          "state_of_matter": "SOLID",
          "molecular_weight": 381.2378202000002,
          "density": 1.4,
          "mass": 381.2378202000002,
          "is_produced_by": [],
          "is_consumed_by": [
            "ecf41245-d6d2-4753-aa8f-6e99f583bfa1"
          ],
          "provenance__density": "dummy estimator based on mw",
          "provenance__is_consumed_by": null,
          "provenance__is_produced_by": null,
          "provenance__mass": null,
          "provenance__molecular_weight": "periodic table",
          "provenance__smiles": null,
          "provenance__state_of_matter": "dummy estimator based on mw"
        },
        {
          "identifier": "9b26d551-ea45-4583-9dc4-c42f863315b5",
          "smiles": "CCN(C(C)C)C(C)C",
          "state_of_matter": "LIQUID",
          "molecular_weight": 129.24316000000007,
          "density": 1.0,
          "mass": 129.24316000000007,
          "is_produced_by": [],
          "is_consumed_by": [
            "ecf41245-d6d2-4753-aa8f-6e99f583bfa1"
          ],
          "provenance__density": "dummy estimator based on mw",
          "provenance__is_consumed_by": null,
          "provenance__is_produced_by": null,
          "provenance__mass": null,
          "provenance__molecular_weight": "periodic table",
          "provenance__smiles": null,
          "provenance__state_of_matter": "dummy estimator based on mw"
        }
      ],
      "products": [
        {
          "identifier": "5acbe7c2-513d-42f0-8fad-1ddc011dd79a",
          "smiles": "O=C(CC1CCNCC1)N1CCC(C2c3ncc(Br)cc3CCc3cc(Cl)cc(Br)c32)CC1",
          "state_of_matter": "SOLID",
          "molecular_weight": 595.7968999999988,
          "density": 1.4,
          "mass": 595.7968999999988,
          "is_produced_by": [
            "ecf41245-d6d2-4753-aa8f-6e99f583bfa1"
          ],
          "is_consumed_by": [],
          "provenance__density": "dummy estimator based on mw",
          "provenance__is_consumed_by": null,
          "provenance__is_produced_by": null,
          "provenance__mass": null,
          "provenance__molecular_weight": "periodic table",
          "provenance__smiles": null,
          "provenance__state_of_matter": "dummy estimator based on mw"
        }
      ],
      "stoichiometry": {
        "3867b414-0247-4b12-aef3-7eadc88b6378": 1.0,
        "d2753cee-457e-411a-92fa-12f609148b58": 1.0,
        "5acbe7c2-513d-42f0-8fad-1ddc011dd79a": -1.0
      },
      "temperature": 280.4004216134548,
      "intended_ratios": {
        "3867b414-0247-4b12-aef3-7eadc88b6378": 1.0,
        "d2753cee-457e-411a-92fa-12f609148b58": 1.0,
        "430f8579-8fb3-49e1-a17f-30d4db9d5a7c": 1.0,
        "5b9cd671-fe75-4540-a745-def224420d03": 1.0,
        "9b26d551-ea45-4583-9dc4-c42f863315b5": 1.0
      },
      "expected_yields": {
        "5acbe7c2-513d-42f0-8fad-1ddc011dd79a": 1.0
      },
      "reaction_extent": 1.0
    }
  ],
  "molecular_nodes": [
    "BrBr",
    "CC(=O)O",
    "CC(C)(C)OC(=O)N1CCC(=C2c3ccc(Cl)cc3CCc3cccnc32)CC1",
    "CC(C)(C)OC(=O)N1CCC(=C2c3ncc(Br)cc3CCc3cc(Cl)cc(Br)c32)CC1",
    "CC(C)(C)OC(=O)N1CCC(=C2c3ncccc3CCc3cc(Cl)cc(Br)c32)CC1",
    "CC(C)(C)OC(=O)OC(=O)OC(C)(C)C",
    "CCN(C(C)C)C(C)C",
    "CCN(CC)CC",
    "CN(C)C(On1nnc2cccnc21)=[N+](C)C.F[P-](F)(F)(F)(F)F",
    "CN(C)C=O",
    "C[Si](C)(C)N=C=O",
    "ClCCl",
    "Clc1cc(Br)c2c(c1)CCc1cc(Br)cnc1C2=C1CCNCC1",
    "Clc1cc(Br)c2c(c1)CCc1cc(Br)cnc1C2C1CCNCC1",
    "Clc1ccc2c(c1)CCc1cccnc1C2=C1CCNCC1",
    "NC(=O)N1CCC(CC(=O)N2CCC(C3c4ncc(Br)cc4CCc4cc(Cl)cc(Br)c43)CC2)CC1",
    "O=C(CC1CCNCC1)N1CCC(C2c3ncc(Br)cc3CCc3cc(Cl)cc(Br)c32)CC1",
    "O=C(O)C(F)(F)F",
    "O=C(O)CC1CCNCC1",
    "[NaH]"
  ],
  "edges": [
    [
      "0f747e34-696e-4d78-a0fa-fa93d931ea8c",
      "CC(C)(C)OC(=O)N1CCC(=C2c3ncc(Br)cc3CCc3cc(Cl)cc(Br)c32)CC1"
    ],
    [
      "9e43c903-2351-4869-9757-abe6ac6e1203",
      "CC(C)(C)OC(=O)N1CCC(=C2c3ncccc3CCc3cc(Cl)cc(Br)c32)CC1"
    ],
    [
      "BrBr",
      "9e43c903-2351-4869-9757-abe6ac6e1203"
    ],
    [
      "CC(=O)O",
      "9e43c903-2351-4869-9757-abe6ac6e1203"
    ],
    [
      "CC(C)(C)OC(=O)N1CCC(=C2c3ccc(Cl)cc3CCc3cccnc32)CC1",
      "9e43c903-2351-4869-9757-abe6ac6e1203"
    ],
    [
      "CC(C)(C)OC(=O)N1CCC(=C2c3ncc(Br)cc3CCc3cc(Cl)cc(Br)c32)CC1",
      "cf6bbb84-b978-4e8e-97dc-c44a17827cf0"
    ],
    [
      "CC(C)(C)OC(=O)N1CCC(=C2c3ncccc3CCc3cc(Cl)cc(Br)c32)CC1",
      "0f747e34-696e-4d78-a0fa-fa93d931ea8c"
    ],
    [
      "CC(C)(C)OC(=O)OC(=O)OC(C)(C)C",
      "dc870bf9-b122-4aa9-9e47-f3c45fd9f66b"
    ],
    [
      "CCN(C(C)C)C(C)C",
      "ecf41245-d6d2-4753-aa8f-6e99f583bfa1"
    ],
    [
      "CCN(CC)CC",
      "dc870bf9-b122-4aa9-9e47-f3c45fd9f66b"
    ],
    [
      "CN(C)C(On1nnc2cccnc21)=[N+](C)C.F[P-](F)(F)(F)(F)F",
      "ecf41245-d6d2-4753-aa8f-6e99f583bfa1"
    ],
    [
      "CN(C)C=O",
      "0f747e34-696e-4d78-a0fa-fa93d931ea8c"
    ],
    [
      "CN(C)C=O",
      "ecf41245-d6d2-4753-aa8f-6e99f583bfa1"
    ],
    [
      "C[Si](C)(C)N=C=O",
      "b93c1f29-5b07-4114-b8e8-3202c5c891bc"
    ],
    [
      "ClCCl",
      "aa168a47-4290-4584-9589-d4f4561e5932"
    ],
    [
      "ClCCl",
      "b93c1f29-5b07-4114-b8e8-3202c5c891bc"
    ],
    [
      "ClCCl",
      "cf6bbb84-b978-4e8e-97dc-c44a17827cf0"
    ],
    [
      "ClCCl",
      "dc870bf9-b122-4aa9-9e47-f3c45fd9f66b"
    ],
    [
      "Clc1cc(Br)c2c(c1)CCc1cc(Br)cnc1C2=C1CCNCC1",
      "aa168a47-4290-4584-9589-d4f4561e5932"
    ],
    [
      "Clc1cc(Br)c2c(c1)CCc1cc(Br)cnc1C2C1CCNCC1",
      "ecf41245-d6d2-4753-aa8f-6e99f583bfa1"
    ],
    [
      "Clc1ccc2c(c1)CCc1cccnc1C2=C1CCNCC1",
      "dc870bf9-b122-4aa9-9e47-f3c45fd9f66b"
    ],
    [
      "O=C(CC1CCNCC1)N1CCC(C2c3ncc(Br)cc3CCc3cc(Cl)cc(Br)c32)CC1",
      "b93c1f29-5b07-4114-b8e8-3202c5c891bc"
    ],
    [
      "O=C(O)C(F)(F)F",
      "aa168a47-4290-4584-9589-d4f4561e5932"
    ],
    [
      "O=C(O)C(F)(F)F",
      "cf6bbb84-b978-4e8e-97dc-c44a17827cf0"
    ],
    [
      "O=C(O)CC1CCNCC1",
      "ecf41245-d6d2-4753-aa8f-6e99f583bfa1"
    ],
    [
      "[NaH]",
      "0f747e34-696e-4d78-a0fa-fa93d931ea8c"
    ],
    [
      "aa168a47-4290-4584-9589-d4f4561e5932",
      "Clc1cc(Br)c2c(c1)CCc1cc(Br)cnc1C2C1CCNCC1"
    ],
    [
      "b93c1f29-5b07-4114-b8e8-3202c5c891bc",
      "NC(=O)N1CCC(CC(=O)N2CCC(C3c4ncc(Br)cc4CCc4cc(Cl)cc(Br)c43)CC2)CC1"
    ],
    [
      "cf6bbb84-b978-4e8e-97dc-c44a17827cf0",
      "Clc1cc(Br)c2c(c1)CCc1cc(Br)cnc1C2=C1CCNCC1"
    ],
    [
      "dc870bf9-b122-4aa9-9e47-f3c45fd9f66b",
      "CC(C)(C)OC(=O)N1CCC(=C2c3ccc(Cl)cc3CCc3cccnc32)CC1"
    ],
    [
      "ecf41245-d6d2-4753-aa8f-6e99f583bfa1",
      "O=C(CC1CCNCC1)N1CCC(C2c3ncc(Br)cc3CCc3cc(Cl)cc(Br)c32)CC1"
    ]
  ]
}