{
  "identifier": "3462330c-874b-4adf-9063-5e17317d1aa5",
  "chemical_reactions": [
    {
      "identifier": "b9a2af2e-6dda-4869-a331-b4e4feafd1d5",
      "reactants": [
        {
          "identifier": "e1eebf6d-a95f-4a33-ae11-52740819e9af",
          "smiles": "Cc1ccc(S(=O)(=O)Cl)cc1",
          "state_of_matter": "LIQUID",
          "molecular_weight": 190.64727999999988,
          "density": 1.0,
          "mass": 190.64727999999988,
          "is_produced_by": [],
          "is_consumed_by": [
            "b9a2af2e-6dda-4869-a331-b4e4feafd1d5"
          ],
          "provenance__density": "dummy estimator based on mw",
          "provenance__is_consumed_by": null,
          "provenance__is_produced_by": null,
          "provenance__mass": null,
          "provenance__molecular_weight": "periodic table",
          "provenance__smiles": null,
          "provenance__state_of_matter": "dummy estimator based on mw"
        },
        {
          "identifier": "df2e58f6-6a42-48a3-87ec-3681f6257ce7",
          "smiles": "Clc1cnc2[nH]cc(Cc3ccc(Cl)nc3)c2c1",
          "state_of_matter": "SOLID",
          "molecular_weight": 278.13666000000006,
          "density": 1.4,
          "mass": 278.13666000000006,
          "is_produced_by": [],
          "is_consumed_by": [
            "b9a2af2e-6dda-4869-a331-b4e4feafd1d5"
          ],
          "provenance__density": "dummy estimator based on mw",
          "provenance__is_consumed_by": null,
          "provenance__is_produced_by": null,
          "provenance__mass": null,
          "provenance__molecular_weight": "periodic table",
          "provenance__smiles": null,
          "provenance__state_of_matter": "dummy estimator based on mw"
        }
      ],
      "reagents": [
        {
          "identifier": "92a42200-0895-4cf6-9dc5-8c79b79ff639",
          "smiles": "CN(C)C=O",
          "state_of_matter": "LIQUID",
          "molecular_weight": 73.09378000000004,
          "density": 1.0,
          "mass": 73.09378000000004,
          "is_produced_by": [],
          "is_consumed_by": [
            "b9a2af2e-6dda-4869-a331-b4e4feafd1d5"
          ],
          "provenance__density": "dummy estimator based on mw",
          "provenance__is_consumed_by": null,
          "provenance__is_produced_by": null,
          "provenance__mass": null,
          "provenance__molecular_weight": "periodic table",
          "provenance__smiles": null,
          "provenance__state_of_matter": "dummy estimator based on mw"
        },
        {
          "identifier": "70e12de5-a43c-46b2-88d1-5c36b26bfe91",
          "smiles": "O",
          "state_of_matter": "LIQUID",
          "molecular_weight": 18.01528,
          "density": 1.0,
          "mass": 18.01528,
          "is_produced_by": [],
          "is_consumed_by": [
            "b9a2af2e-6dda-4869-a331-b4e4feafd1d5"
          ],
          "provenance__density": "dummy estimator based on mw",
          "provenance__is_consumed_by": null,
          "provenance__is_produced_by": null,
          "provenance__mass": null,
          "provenance__molecular_weight": "periodic table",
          "provenance__smiles": null,
          "provenance__state_of_matter": "dummy estimator based on mw"
        },
        {
          "identifier": "fec9a9bb-d8d1-44b7-861f-adb686dec963",
          "smiles": "[NaH]",
          "state_of_matter": "SOLID",
          "molecular_weight": 23.99771,
          "density": 1.4,
          "mass": 23.99771,
          "is_produced_by": [],
          "is_consumed_by": [
            "b9a2af2e-6dda-4869-a331-b4e4feafd1d5"
          ],
          "provenance__density": "dummy estimator based on mw",
          "provenance__is_consumed_by": null,
          "provenance__is_produced_by": null,
          "provenance__mass": null,
          "provenance__molecular_weight": "periodic table",
          "provenance__smiles": null,
          "provenance__state_of_matter": "dummy estimator based on mw"
        }
      ],
      "products": [
        {
          "identifier": "33bd0a97-e41c-41c1-9af5-8c33af4a5d40",
          "smiles": "Cc1ccc(S(=O)(=O)n2cc(Cc3ccc(Cl)nc3)c3cc(Cl)cnc32)cc1",
          "state_of_matter": "SOLID",
          "molecular_weight": 433.33094000000017,
          "density": 1.4,
          "mass": 433.33094000000017,
          "is_produced_by": [
            "b9a2af2e-6dda-4869-a331-b4e4feafd1d5"
          ],
          "is_consumed_by": [],
          "provenance__density": "dummy estimator based on mw",
          "provenance__is_consumed_by": null,
          "provenance__is_produced_by": null,
          "provenance__mass": null,
          "provenance__molecular_weight": "periodic table",
          "provenance__smiles": null,
          "provenance__state_of_matter": "dummy estimator based on mw"
        }
      ],
      "stoichiometry": {
        "e1eebf6d-a95f-4a33-ae11-52740819e9af": 1.0,
        "df2e58f6-6a42-48a3-87ec-3681f6257ce7": 1.0,
        "33bd0a97-e41c-41c1-9af5-8c33af4a5d40": -1.0
      },
      "temperature": 294.0366781532764,
      "intended_ratios": {
        "e1eebf6d-a95f-4a33-ae11-52740819e9af": 1.0,
        "df2e58f6-6a42-48a3-87ec-3681f6257ce7": 1.0,
        "92a42200-0895-4cf6-9dc5-8c79b79ff639": 1.0,
        "70e12de5-a43c-46b2-88d1-5c36b26bfe91": 1.0,
        "fec9a9bb-d8d1-44b7-861f-adb686dec963": 1.0
      },
      "expected_yields": {
        "33bd0a97-e41c-41c1-9af5-8c33af4a5d40": 1.0
      },
      "reaction_extent": 1.0
    },
    {
      "identifier": "ed0e7bdb-1cf6-4fa2-941e-f18f12c8ab34",
      "reactants": [
        {
          "identifier": "43226670-2b5c-423a-9cb4-4ac1aa200fc3",
          "smiles": "Cc1ccc(S(=O)(=O)n2cc(Cc3ccc(Cl)nc3)c3cc(Cl)cnc32)cc1",
          "state_of_matter": "SOLID",
          "molecular_weight": 433.33094000000017,
          "density": 1.4,
          "mass": 433.33094000000017,
          "is_produced_by": [],
          "is_consumed_by": [
            "ed0e7bdb-1cf6-4fa2-941e-f18f12c8ab34"
          ],
          "provenance__density": "dummy estimator based on mw",
          "provenance__is_consumed_by": null,
          "provenance__is_produced_by": null,
          "provenance__mass": null,
          "provenance__molecular_weight": "periodic table",
          "provenance__smiles": null,
          "provenance__state_of_matter": "dummy estimator based on mw"
        }
      ],
      "reagents": [
        {
          "identifier": "8eef081c-dc25-42af-a161-4ea67cbafc6d",
          "smiles": "O=C(O)C(F)(F)F",
          "state_of_matter": "LIQUID",
          "molecular_weight": 114.0233496,
          "density": 1.0,
          "mass": 114.0233496,
          "is_produced_by": [],
          "is_consumed_by": [
            "ed0e7bdb-1cf6-4fa2-941e-f18f12c8ab34"
          ],
          "provenance__density": "dummy estimator based on mw",
          "provenance__is_consumed_by": null,
          "provenance__is_produced_by": null,
          "provenance__mass": null,
          "provenance__molecular_weight": "periodic table",
          "provenance__smiles": null,
          "provenance__state_of_matter": "dummy estimator based on mw"
        }
      ],
      "products": [
        {
          "identifier": "692b9272-ce59-4bc5-b77b-d04f597d081a",
          "smiles": "Cc1ccc(S(=O)(=O)n2cc(Cc3ccc(N)nc3)c3cc(Cl)cnc32)cc1",
          "state_of_matter": "SOLID",
          "molecular_weight": 413.90052000000014,
          "density": 1.4,
          "mass": 413.90052000000014,
          "is_produced_by": [
            "ed0e7bdb-1cf6-4fa2-941e-f18f12c8ab34"
          ],
          "is_consumed_by": [],
          "provenance__density": "dummy estimator based on mw",
          "provenance__is_consumed_by": null,
          "provenance__is_produced_by": null,
          "provenance__mass": null,
          "provenance__molecular_weight": "periodic table",
          "provenance__smiles": null,
          "provenance__state_of_matter": "dummy estimator based on mw"
        }
      ],
      "stoichiometry": {
        "43226670-2b5c-423a-9cb4-4ac1aa200fc3": 1.0,
        "692b9272-ce59-4bc5-b77b-d04f597d081a": -1.0
      },
      "temperature": 354.8695926904678,
      "intended_ratios": {
        "43226670-2b5c-423a-9cb4-4ac1aa200fc3": 1.0,
        "8eef081c-dc25-42af-a161-4ea67cbafc6d": 1.0
      },
      "expected_yields": {
        "692b9272-ce59-4bc5-b77b-d04f597d081a": 1.0
      },
      "reaction_extent": 1.0
    },
    {
      "identifier": "4a79138e-1335-437a-a0b1-5edd27dd0191",
      "reactants": [
        {
          "identifier": "e46c27f6-8162-49db-9055-6f0f8a4b488f",
          "smiles": "Cc1ccc(S(=O)(=O)n2cc(Cc3ccc(N)nc3)c3cc(Cl)cnc32)cc1",
          "state_of_matter": "SOLID",
          "molecular_weight": 413.90052000000014,
          "density": 1.4,
          "mass": 413.90052000000014,
          "is_produced_by": [],
          "is_consumed_by": [
            "4a79138e-1335-437a-a0b1-5edd27dd0191"
          ],
          "provenance__density": "dummy estimator based on mw",
          "provenance__is_consumed_by": null,
          "provenance__is_produced_by": null,
          "provenance__mass": null,
          "provenance__molecular_weight": "periodic table",
          "provenance__smiles": null,
          "provenance__state_of_matter": "dummy estimator based on mw"
        },
        {
          "identifier": "eedf16b1-b64a-439e-986c-7a482aa7e923",
          "smiles": "O=C(O)c1ccc(C(F)(F)F)nc1",
          "state_of_matter": "LIQUID",
          "molecular_weight": 191.10736959999997,
          "density": 1.0,
          "mass": 191.10736959999997,
          "is_produced_by": [],
          "is_consumed_by": [
            "4a79138e-1335-437a-a0b1-5edd27dd0191"
          ],
          "provenance__density": "dummy estimator based on mw",
          "provenance__is_consumed_by": null,
          "provenance__is_produced_by": null,
          "provenance__mass": null,
          "provenance__molecular_weight": "periodic table",
          "provenance__smiles": null,
          "provenance__state_of_matter": "dummy estimator based on mw"
        }
      ],
      "reagents": [
        {
          "identifier": "14497c5b-15d7-4f0d-8bfc-31cab3a28e21",
          "smiles": "c1ccncc1",
          "state_of_matter": "LIQUID",
          "molecular_weight": 79.09990000000003,
          "density": 1.0,
          "mass": 79.09990000000003,
          "is_produced_by": [],
          "is_consumed_by": [
            "4a79138e-1335-437a-a0b1-5edd27dd0191"
          ],
          "provenance__density": "dummy estimator based on mw",
          "provenance__is_consumed_by": null,
          "provenance__is_produced_by": null,
          "provenance__mass": null,
          "provenance__molecular_weight": "periodic table",
          "provenance__smiles": null,
          "provenance__state_of_matter": "dummy estimator based on mw"
        },
        {
          "identifier": "b83849f1-371b-4690-837c-be73bc2dac77",
          "smiles": "O=S(Cl)Cl",
          "state_of_matter": "LIQUID",
          "molecular_weight": 118.97040000000001,
          "density": 1.0,
          "mass": 118.97040000000001,
          "is_produced_by": [],
          "is_consumed_by": [
            "4a79138e-1335-437a-a0b1-5edd27dd0191"
          ],
          "provenance__density": "dummy estimator based on mw",
          "provenance__is_consumed_by": null,
          "provenance__is_produced_by": null,
          "provenance__mass": null,
          "provenance__molecular_weight": "periodic table",
          "provenance__smiles": null,
          "provenance__state_of_matter": "dummy estimator based on mw"
        }
      ],
      "products": [
        {
          "identifier": "eeedced1-1323-48c6-aab2-f3b58d9de39e",
          "smiles": "Cc1ccc(S(=O)(=O)n2cc(Cc3ccc(NC(=O)c4ccc(C(F)(F)F)nc4)nc3)c3cc(Cl)cnc32)cc1",
          "state_of_matter": "SOLID",
          "molecular_weight": 586.9926095999992,
          "density": 1.4,
          "mass": 586.9926095999992,
          "is_produced_by": [
            "4a79138e-1335-437a-a0b1-5edd27dd0191"
          ],
          "is_consumed_by": [],
          "provenance__density": "dummy estimator based on mw",
          "provenance__is_consumed_by": null,
          "provenance__is_produced_by": null,
          "provenance__mass": null,
          "provenance__molecular_weight": "periodic table",
          "provenance__smiles": null,
          "provenance__state_of_matter": "dummy estimator based on mw"
        }
      ],
      "stoichiometry": {
        "e46c27f6-8162-49db-9055-6f0f8a4b488f": 1.0,
        "eedf16b1-b64a-439e-986c-7a482aa7e923": 1.0,
        "eeedced1-1323-48c6-aab2-f3b58d9de39e": -1.0
      },
      "temperature": 328.6723099887371,
      "intended_ratios": {
        "e46c27f6-8162-49db-9055-6f0f8a4b488f": 1.0,
        "eedf16b1-b64a-439e-986c-7a482aa7e923": 1.0,
        "14497c5b-15d7-4f0d-8bfc-31cab3a28e21": 1.0,
        "b83849f1-371b-4690-837c-be73bc2dac77": 1.0
      },
      "expected_yields": {
        "eeedced1-1323-48c6-aab2-f3b58d9de39e": 1.0
      },
      "reaction_extent": 1.0
    },
    {
      "identifier": "5bd8bd48-98c4-44c4-8669-01a634f79c26",
      "reactants": [
        {
          "identifier": "dd856a50-0e29-41d7-b12a-864690099112",
          "smiles": "Cc1ccc(S(=O)(=O)n2cc(Cc3ccc(NC(=O)c4ccc(C(F)(F)F)nc4)nc3)c3cc(Cl)cnc32)cc1",
          "state_of_matter": "SOLID",
          "molecular_weight": 586.9926095999992,
          "density": 1.4,
          "mass": 586.9926095999992,
          "is_produced_by": [],
          "is_consumed_by": [
            "5bd8bd48-98c4-44c4-8669-01a634f79c26"
          ],
          "provenance__density": "dummy estimator based on mw",
          "provenance__is_consumed_by": null,
          "provenance__is_produced_by": null,
          "provenance__mass": null,
          "provenance__molecular_weight": "periodic table",
          "provenance__smiles": null,
          "provenance__state_of_matter": "dummy estimator based on mw"
        }
      ],
      "reagents": [
        {
          "identifier": "8bac0f68-1bdb-4c02-a4e2-0c20f3c6a1da",
          "smiles": "O",
          "state_of_matter": "LIQUID",
          "molecular_weight": 18.01528,
          "density": 1.0,
          "mass": 18.01528,
          "is_produced_by": [],
          "is_consumed_by": [
            "5bd8bd48-98c4-44c4-8669-01a634f79c26"
          ],
          "provenance__density": "dummy estimator based on mw",
          "provenance__is_consumed_by": null,
          "provenance__is_produced_by": null,
          "provenance__mass": null,
          "provenance__molecular_weight": "periodic table",
          "provenance__smiles": null,
          "provenance__state_of_matter": "dummy estimator based on mw"
        },
        {
          "identifier": "f9ac2531-f21a-4fe9-958c-a5090a651cf0",
          "smiles": "C1CCOC1",
          "state_of_matter": "LIQUID",
          "molecular_weight": 72.10572000000005,
          "density": 1.0,
          "mass": 72.10572000000005,
          "is_produced_by": [],
          "is_consumed_by": [
            "5bd8bd48-98c4-44c4-8669-01a634f79c26"
          ],
          "provenance__density": "dummy estimator based on mw",
          "provenance__is_consumed_by": null,
          "provenance__is_produced_by": null,
          "provenance__mass": null,
          "provenance__molecular_weight": "periodic table",
          "provenance__smiles": null,
          "provenance__state_of_matter": "dummy estimator based on mw"
        },
        {
          "identifier": "be71cf66-2320-4e99-97d8-7a6e28ed4760",
          "smiles": "CCCC[N+](CCCC)(CCCC)CCCC.[F-]",
          "state_of_matter": "SOLID",
          "molecular_weight": 261.46214319999973,
          "density": 1.4,
          "mass": 261.46214319999973,
          "is_produced_by": [],
          "is_consumed_by": [
            "5bd8bd48-98c4-44c4-8669-01a634f79c26"
          ],
          "provenance__density": "dummy estimator based on mw",
          "provenance__is_consumed_by": null,
          "provenance__is_produced_by": null,
          "provenance__mass": null,
          "provenance__molecular_weight": "periodic table",
          "provenance__smiles": null,
          "provenance__state_of_matter": "dummy estimator based on mw"
        }
      ],
      "products": [
        {
          "identifier": "36f827ef-1ed9-43b9-9913-cd2bcdb94478",
          "smiles": "O=C(Nc1ccc(Cc2c[nH]c3ncc(Cl)cc23)cn1)c1ccc(C(F)(F)F)nc1",
          "state_of_matter": "SOLID",
          "molecular_weight": 431.79832960000016,
          "density": 1.4,
          "mass": 431.79832960000016,
          "is_produced_by": [
            "5bd8bd48-98c4-44c4-8669-01a634f79c26"
          ],
          "is_consumed_by": [],
          "provenance__density": "dummy estimator based on mw",
          "provenance__is_consumed_by": null,
          "provenance__is_produced_by": null,
          "provenance__mass": null,
          "provenance__molecular_weight": "periodic table",
          "provenance__smiles": null,
          "provenance__state_of_matter": "dummy estimator based on mw"
        }
      ],
      "stoichiometry": {
        "dd856a50-0e29-41d7-b12a-864690099112": 1.0,
        "36f827ef-1ed9-43b9-9913-cd2bcdb94478": -1.0
      },
      "temperature": 316.97248406410216,
      "intended_ratios": {
        "dd856a50-0e29-41d7-b12a-864690099112": 1.0,
        "8bac0f68-1bdb-4c02-a4e2-0c20f3c6a1da": 1.0,
        "f9ac2531-f21a-4fe9-958c-a5090a651cf0": 1.0,
        "be71cf66-2320-4e99-97d8-7a6e28ed4760": 1.0
      },
      "expected_yields": {
        "36f827ef-1ed9-43b9-9913-cd2bcdb94478": 1.0
      },
      "reaction_extent": 1.0
    },
    {
      "identifier": "d52a9207-d5dc-4160-aa50-7f321534d44d",
      "reactants": [
        {
          "identifier": "bfb859f5-b04f-48d8-818c-455973df56f2",
          "smiles": "Clc1cnc2[nH]ccc2c1",
          "state_of_matter": "LIQUID",
          "molecular_weight": 152.58099999999993,
          "density": 1.0,
          "mass": 152.58099999999993,
          "is_produced_by": [],
          "is_consumed_by": [
            "d52a9207-d5dc-4160-aa50-7f321534d44d"
          ],
          "provenance__density": "dummy estimator based on mw",
          "provenance__is_consumed_by": null,
          "provenance__is_produced_by": null,
          "provenance__mass": null,
          "provenance__molecular_weight": "periodic table",
          "provenance__smiles": null,
          "provenance__state_of_matter": "dummy estimator based on mw"
        },
        {
          "identifier": "52755e6d-4305-4950-bc51-4bfe28a28ce7",
          "smiles": "O=Cc1ccc(Cl)nc1",
          "state_of_matter": "LIQUID",
          "molecular_weight": 141.55505999999997,
          "density": 1.0,
          "mass": 141.55505999999997,
          "is_produced_by": [],
          "is_consumed_by": [
            "d52a9207-d5dc-4160-aa50-7f321534d44d"
          ],
          "provenance__density": "dummy estimator based on mw",
          "provenance__is_consumed_by": null,
          "provenance__is_produced_by": null,
          "provenance__mass": null,
          "provenance__molecular_weight": "periodic table",
          "provenance__smiles": null,
          "provenance__state_of_matter": "dummy estimator based on mw"
        }
      ],
      "reagents": [
        {
          "identifier": "40d60ba2-838d-4b32-a695-5e7525fbbf41",
          "smiles": "CO",
          "state_of_matter": "LIQUID",
          "molecular_weight": 32.04186000000001,
          "density": 1.0,
          "mass": 32.04186000000001,
          "is_produced_by": [],
          "is_consumed_by": [
            "d52a9207-d5dc-4160-aa50-7f321534d44d"
          ],
          "provenance__density": "dummy estimator based on mw",
          "provenance__is_consumed_by": null,
          "provenance__is_produced_by": null,
          "provenance__mass": null,
          "provenance__molecular_weight": "periodic table",
          "provenance__smiles": null,
          "provenance__state_of_matter": "dummy estimator based on mw"
        },
        {
          "identifier": "76ec2cd2-5512-4822-888b-d73b986c2410",
          "smiles": "O",
          "state_of_matter": "LIQUID",
          "molecular_weight": 18.01528,
          "density": 1.0,
          "mass": 18.01528,
          "is_produced_by": [],
          "is_consumed_by": [
            "d52a9207-d5dc-4160-aa50-7f321534d44d"
          ],
          "provenance__density": "dummy estimator based on mw",
          "provenance__is_consumed_by": null,
          "provenance__is_produced_by": null,
          "provenance__mass": null,
          "provenance__molecular_weight": "periodic table",
          "provenance__smiles": null,
          "provenance__state_of_matter": "dummy estimator based on mw"
        },
        {
          "identifier": "253836c5-935f-4749-b32f-a24bdba00411",
          "smiles": "O[K]",
          "state_of_matter": "SOLID",
          "molecular_weight": 56.10564,
          "density": 1.4,
          "mass": 56.10564,
          "is_produced_by": [],
          "is_consumed_by": [
            "d52a9207-d5dc-4160-aa50-7f321534d44d"
          ],
          "provenance__density": "dummy estimator based on mw",
          "provenance__is_consumed_by": null,
          "provenance__is_produced_by": null,
          "provenance__mass": null,
          "provenance__molecular_weight": "periodic table",
          "provenance__smiles": null,
          "provenance__state_of_matter": "dummy estimator based on mw"
        }
      ],
      "products": [
        {
          "identifier": "69fbd6ee-99e9-4354-a2fb-f5f4e0534950",
          "smiles": "OC(c1ccc(Cl)nc1)c1c[nH]c2ncc(Cl)cc12",
          "state_of_matter": "SOLID",
          "molecular_weight": 294.1360600000001,
          "density": 1.4,
          "mass": 294.1360600000001,
          "is_produced_by": [
            "d52a9207-d5dc-4160-aa50-7f321534d44d"
          ],
          "is_consumed_by": [],
          "provenance__density": "dummy estimator based on mw",
          "provenance__is_consumed_by": null,
          "provenance__is_produced_by": null,
          "provenance__mass": null,
          "provenance__molecular_weight": "periodic table",
          "provenance__smiles": null,
          "provenance__state_of_matter": "dummy estimator based on mw"
        }
      ],
      "stoichiometry": {
        "bfb859f5-b04f-48d8-818c-455973df56f2": 1.0,
        "52755e6d-4305-4950-bc51-4bfe28a28ce7": 1.0,
        "69fbd6ee-99e9-4354-a2fb-f5f4e0534950": -1.0
      },
      "temperature": 281.2925557672977,
      "intended_ratios": {
        "bfb859f5-b04f-48d8-818c-455973df56f2": 1.0,
        "52755e6d-4305-4950-bc51-4bfe28a28ce7": 1.0,
        "40d60ba2-838d-4b32-a695-5e7525fbbf41": 1.0,
        "76ec2cd2-5512-4822-888b-d73b986c2410": 1.0,
        "253836c5-935f-4749-b32f-a24bdba00411": 1.0
      },
      "expected_yields": {
        "69fbd6ee-99e9-4354-a2fb-f5f4e0534950": 1.0
      },
      "reaction_extent": 1.0
    },
    {
      "identifier": "644c0618-3d91-4ef6-92c2-c44e200cf980",
      "reactants": [
        {
          "identifier": "6a66e22b-9b52-4582-9023-26966e9719f0",
          "smiles": "O=C(Nc1ccc(Cc2c[nH]c3ncc(Cl)cc23)cn1)c1ccc(C(F)(F)F)nc1",
          "state_of_matter": "SOLID",
          "molecular_weight": 431.79832960000016,
          "density": 1.4,
          "mass": 431.79832960000016,
          "is_produced_by": [],
          "is_consumed_by": [
            "644c0618-3d91-4ef6-92c2-c44e200cf980"
          ],
          "provenance__density": "dummy estimator based on mw",
          "provenance__is_consumed_by": null,
          "provenance__is_produced_by": null,
          "provenance__mass": null,
          "provenance__molecular_weight": "periodic table",
          "provenance__smiles": null,
          "provenance__state_of_matter": "dummy estimator based on mw"
        }
      ],
      "reagents": [
        {
          "identifier": "25f9fc43-eae3-44e4-8923-dcc1ce5c5f1d",
          "smiles": "CC#N",
          "state_of_matter": "LIQUID",
          "molecular_weight": 41.051919999999996,
          "density": 1.0,
          "mass": 41.051919999999996,
          "is_produced_by": [],
          "is_consumed_by": [
            "644c0618-3d91-4ef6-92c2-c44e200cf980"
          ],
          "provenance__density": "dummy estimator based on mw",
          "provenance__is_consumed_by": null,
          "provenance__is_produced_by": null,
          "provenance__mass": null,
          "provenance__molecular_weight": "periodic table",
          "provenance__smiles": null,
          "provenance__state_of_matter": "dummy estimator based on mw"
        },
        {
          "identifier": "8354f1b0-aa00-499f-b514-1ff997567c71",
          "smiles": "O=C(O)C(F)(F)F",
          "state_of_matter": "LIQUID",
          "molecular_weight": 114.0233496,
          "density": 1.0,
          "mass": 114.0233496,
          "is_produced_by": [],
          "is_consumed_by": [
            "644c0618-3d91-4ef6-92c2-c44e200cf980"
          ],
          "provenance__density": "dummy estimator based on mw",
          "provenance__is_consumed_by": null,
          "provenance__is_produced_by": null,
          "provenance__mass": null,
          "provenance__molecular_weight": "periodic table",
          "provenance__smiles": null,
          "provenance__state_of_matter": "dummy estimator based on mw"
        },
        {
          "identifier": "ca02aef5-1166-4f3a-826d-9fb6328add42",
          "smiles": "CC[SiH](CC)CC",
          "state_of_matter": "LIQUID",
          "molecular_weight": 116.27674000000007,
          "density": 1.0,
          "mass": 116.27674000000007,
          "is_produced_by": [],
          "is_consumed_by": [
            "644c0618-3d91-4ef6-92c2-c44e200cf980"
          ],
          "provenance__density": "dummy estimator based on mw",
          "provenance__is_consumed_by": null,
          "provenance__is_produced_by": null,
          "provenance__mass": null,
          "provenance__molecular_weight": "periodic table",
          "provenance__smiles": null,
          "provenance__state_of_matter": "dummy estimator based on mw"
        }
      ],
      "products": [
        {
          "identifier": "22b0d1df-d802-44fd-9937-3f8277eeab3c",
          "smiles": "FC(F)(F)c1ccc(CNc2ccc(Cc3c[nH]c4ncc(Cl)cc34)cn2)cn1",
          "state_of_matter": "SOLID",
          "molecular_weight": 417.81480960000016,
          "density": 1.4,
          "mass": 417.81480960000016,
          "is_produced_by": [
            "644c0618-3d91-4ef6-92c2-c44e200cf980"
          ],
          "is_consumed_by": [],
          "provenance__density": "dummy estimator based on mw",
          "provenance__is_consumed_by": null,
          "provenance__is_produced_by": null,
          "provenance__mass": null,
          "provenance__molecular_weight": "periodic table",
          "provenance__smiles": null,
          "provenance__state_of_matter": "dummy estimator based on mw"
        }
      ],
      "stoichiometry": {
        "6a66e22b-9b52-4582-9023-26966e9719f0": 1.0,
        "22b0d1df-d802-44fd-9937-3f8277eeab3c": -1.0
      },
      "temperature": 327.5941164672374,
      "intended_ratios": {
        "6a66e22b-9b52-4582-9023-26966e9719f0": 1.0,
        "25f9fc43-eae3-44e4-8923-dcc1ce5c5f1d": 1.0,
        "8354f1b0-aa00-499f-b514-1ff997567c71": 1.0,
        "ca02aef5-1166-4f3a-826d-9fb6328add42": 1.0
      },
      "expected_yields": {
        "22b0d1df-d802-44fd-9937-3f8277eeab3c": 1.0
      },
      "reaction_extent": 1.0
    },
    {
      "identifier": "4343701a-b09c-40a4-aedd-e3162710b2d6",
      "reactants": [
        {
          "identifier": "a49a5cdc-b620-4424-81ba-6016c7669695",
          "smiles": "OC(c1ccc(Cl)nc1)c1c[nH]c2ncc(Cl)cc12",
          "state_of_matter": "SOLID",
          "molecular_weight": 294.1360600000001,
          "density": 1.4,
          "mass": 294.1360600000001,
          "is_produced_by": [],
          "is_consumed_by": [
            "4343701a-b09c-40a4-aedd-e3162710b2d6"
          ],
          "provenance__density": "dummy estimator based on mw",
          "provenance__is_consumed_by": null,
          "provenance__is_produced_by": null,
          "provenance__mass": null,
          "provenance__molecular_weight": "periodic table",
          "provenance__smiles": null,
          "provenance__state_of_matter": "dummy estimator based on mw"
        }
      ],
      "reagents": [
        {
          "identifier": "645a9e60-52d2-47d0-b349-314918158d91",
          "smiles": "CC#N",
          "state_of_matter": "LIQUID",
          "molecular_weight": 41.051919999999996,
          "density": 1.0,
          "mass": 41.051919999999996,
          "is_produced_by": [],
          "is_consumed_by": [
            "4343701a-b09c-40a4-aedd-e3162710b2d6"
          ],
          "provenance__density": "dummy estimator based on mw",
          "provenance__is_consumed_by": null,
          "provenance__is_produced_by": null,
          "provenance__mass": null,
          "provenance__molecular_weight": "periodic table",
          "provenance__smiles": null,
          "provenance__state_of_matter": "dummy estimator based on mw"
        },
        {
          "identifier": "d901ea29-eeea-414e-bdc4-2c6727b577d5",
          "smiles": "O=C(O)C(F)(F)F",
          "state_of_matter": "LIQUID",
          "molecular_weight": 114.0233496,
          "density": 1.0,
          "mass": 114.0233496,
          "is_produced_by": [],
          "is_consumed_by": [
            "4343701a-b09c-40a4-aedd-e3162710b2d6"
          ],
          "provenance__density": "dummy estimator based on mw",
          "provenance__is_consumed_by": null,
          "provenance__is_produced_by": null,
          "provenance__mass": null,
          "provenance__molecular_weight": "periodic table",
          "provenance__smiles": null,
          "provenance__state_of_matter": "dummy estimator based on mw"
        },
        {
          "identifier": "48b59c66-9191-4968-b5a2-fa843a1439f0",
          "smiles": "CC[SiH](CC)CC",
          "state_of_matter": "LIQUID",
          "molecular_weight": 116.27674000000007,
          "density": 1.0,
          "mass": 116.27674000000007,
          "is_produced_by": [],
          "is_consumed_by": [
            "4343701a-b09c-40a4-aedd-e3162710b2d6"
          ],
          "provenance__density": "dummy estimator based on mw",
          "provenance__is_consumed_by": null,
          "provenance__is_produced_by": null,
          "provenance__mass": null,
          "provenance__molecular_weight": "periodic table",
          "provenance__smiles": null,
          "provenance__state_of_matter": "dummy estimator based on mw"
        }
      ],
      "products": [
        {
          "identifier": "7d693609-5abb-4734-b6ea-38cfd3a7d94b",
          "smiles": "Clc1cnc2[nH]cc(Cc3ccc(Cl)nc3)c2c1",
          "state_of_matter": "SOLID",
          "molecular_weight": 278.13666000000006,
          "density": 1.4,
          "mass": 278.13666000000006,
          "is_produced_by": [
            "4343701a-b09c-40a4-aedd-e3162710b2d6"
          ],
          "is_consumed_by": [],
          "provenance__density": "dummy estimator based on mw",
          "provenance__is_consumed_by": null,
          "provenance__is_produced_by": null,
          "provenance__mass": null,
          "provenance__molecular_weight": "periodic table",
          "provenance__smiles": null,
          "provenance__state_of_matter": "dummy estimator based on mw"
        }
      ],
      "stoichiometry": {
        "a49a5cdc-b620-4424-81ba-6016c7669695": 1.0,
        "7d693609-5abb-4734-b6ea-38cfd3a7d94b": -1.0
      },
      "temperature": 307.97120277285575,
      "intended_ratios": {
        "a49a5cdc-b620-4424-81ba-6016c7669695": 1.0,
        "645a9e60-52d2-47d0-b349-314918158d91": 1.0,
        "d901ea29-eeea-414e-bdc4-2c6727b577d5": 1.0,
        "48b59c66-9191-4968-b5a2-fa843a1439f0": 1.0
      },
      "expected_yields": {
        "7d693609-5abb-4734-b6ea-38cfd3a7d94b": 1.0
      },
      "reaction_extent": 1.0
    }
  ],
  "molecular_nodes": [
    "C1CCOC1",
    "CC#N",
    "CCCC[N+](CCCC)(CCCC)CCCC.[F-]",
    "CC[SiH](CC)CC",
    "CN(C)C=O",
    "CO",
    "Cc1ccc(S(=O)(=O)Cl)cc1",
    "Cc1ccc(S(=O)(=O)n2cc(Cc3ccc(Cl)nc3)c3cc(Cl)cnc32)cc1",
    "Cc1ccc(S(=O)(=O)n2cc(Cc3ccc(N)nc3)c3cc(Cl)cnc32)cc1",
    "Cc1ccc(S(=O)(=O)n2cc(Cc3ccc(NC(=O)c4ccc(C(F)(F)F)nc4)nc3)c3cc(Cl)cnc32)cc1",
    "Clc1cnc2[nH]cc(Cc3ccc(Cl)nc3)c2c1",
    "Clc1cnc2[nH]ccc2c1",
    "FC(F)(F)c1ccc(CNc2ccc(Cc3c[nH]c4ncc(Cl)cc34)cn2)cn1",
    "O",
    "O=C(Nc1ccc(Cc2c[nH]c3ncc(Cl)cc23)cn1)c1ccc(C(F)(F)F)nc1",
    "O=C(O)C(F)(F)F",
    "O=C(O)c1ccc(C(F)(F)F)nc1",
    "O=Cc1ccc(Cl)nc1",
    "O=S(Cl)Cl",
    "OC(c1ccc(Cl)nc1)c1c[nH]c2ncc(Cl)cc12",
    "O[K]",
    "[NaH]",
    "c1ccncc1"
  ],
  "edges": [
    [
      "4343701a-b09c-40a4-aedd-e3162710b2d6",
      "Clc1cnc2[nH]cc(Cc3ccc(Cl)nc3)c2c1"
    ],
    [
      "4a79138e-1335-437a-a0b1-5edd27dd0191",
      "Cc1ccc(S(=O)(=O)n2cc(Cc3ccc(NC(=O)c4ccc(C(F)(F)F)nc4)nc3)c3cc(Cl)cnc32)cc1"
    ],
    [
      "5bd8bd48-98c4-44c4-8669-01a634f79c26",
      "O=C(Nc1ccc(Cc2c[nH]c3ncc(Cl)cc23)cn1)c1ccc(C(F)(F)F)nc1"
    ],
    [
      "644c0618-3d91-4ef6-92c2-c44e200cf980",
      "FC(F)(F)c1ccc(CNc2ccc(Cc3c[nH]c4ncc(Cl)cc34)cn2)cn1"
    ],
    [
      "C1CCOC1",
      "5bd8bd48-98c4-44c4-8669-01a634f79c26"
    ],
    [
      "CC#N",
      "4343701a-b09c-40a4-aedd-e3162710b2d6"
    ],
    [
      "CC#N",
      "644c0618-3d91-4ef6-92c2-c44e200cf980"
    ],
    [
      "CCCC[N+](CCCC)(CCCC)CCCC.[F-]",
      "5bd8bd48-98c4-44c4-8669-01a634f79c26"
    ],
    [
      "CC[SiH](CC)CC",
      "4343701a-b09c-40a4-aedd-e3162710b2d6"
    ],
    [
      "CC[SiH](CC)CC",
      "644c0618-3d91-4ef6-92c2-c44e200cf980"
    ],
    [
      "CN(C)C=O",
      "b9a2af2e-6dda-4869-a331-b4e4feafd1d5"
    ],
    [
      "CO",
      "d52a9207-d5dc-4160-aa50-7f321534d44d"
    ],
    [
      "Cc1ccc(S(=O)(=O)Cl)cc1",
      "b9a2af2e-6dda-4869-a331-b4e4feafd1d5"
    ],
    [
      "Cc1ccc(S(=O)(=O)n2cc(Cc3ccc(Cl)nc3)c3cc(Cl)cnc32)cc1",
      "ed0e7bdb-1cf6-4fa2-941e-f18f12c8ab34"
    ],
    [
      "Cc1ccc(S(=O)(=O)n2cc(Cc3ccc(N)nc3)c3cc(Cl)cnc32)cc1",
      "4a79138e-1335-437a-a0b1-5edd27dd0191"
    ],
    [
      "Cc1ccc(S(=O)(=O)n2cc(Cc3ccc(NC(=O)c4ccc(C(F)(F)F)nc4)nc3)c3cc(Cl)cnc32)cc1",
      "5bd8bd48-98c4-44c4-8669-01a634f79c26"
    ],
    [
      "Clc1cnc2[nH]cc(Cc3ccc(Cl)nc3)c2c1",
      "b9a2af2e-6dda-4869-a331-b4e4feafd1d5"
    ],
    [
      "Clc1cnc2[nH]ccc2c1",
      "d52a9207-d5dc-4160-aa50-7f321534d44d"
    ],
    [
      "O",
      "5bd8bd48-98c4-44c4-8669-01a634f79c26"
    ],
    [
      "O",
      "b9a2af2e-6dda-4869-a331-b4e4feafd1d5"
    ],
    [
      "O",
      "d52a9207-d5dc-4160-aa50-7f321534d44d"
    ],
    [
      "O=C(Nc1ccc(Cc2c[nH]c3ncc(Cl)cc23)cn1)c1ccc(C(F)(F)F)nc1",
      "644c0618-3d91-4ef6-92c2-c44e200cf980"
    ],
    [
      "O=C(O)C(F)(F)F",
      "4343701a-b09c-40a4-aedd-e3162710b2d6"
    ],
    [
      "O=C(O)C(F)(F)F",
      "644c0618-3d91-4ef6-92c2-c44e200cf980"
    ],
    [
      "O=C(O)C(F)(F)F",
      "ed0e7bdb-1cf6-4fa2-941e-f18f12c8ab34"
    ],
    [
      "O=C(O)c1ccc(C(F)(F)F)nc1",
      "4a79138e-1335-437a-a0b1-5edd27dd0191"
    ],
    [
      "O=Cc1ccc(Cl)nc1",
      "d52a9207-d5dc-4160-aa50-7f321534d44d"
    ],
    [
      "O=S(Cl)Cl",
      "4a79138e-1335-437a-a0b1-5edd27dd0191"
    ],
    [
      "OC(c1ccc(Cl)nc1)c1c[nH]c2ncc(Cl)cc12",
      "4343701a-b09c-40a4-aedd-e3162710b2d6"
    ],
    [
      "O[K]",
      "d52a9207-d5dc-4160-aa50-7f321534d44d"
    ],
    [
      "[NaH]",
      "b9a2af2e-6dda-4869-a331-b4e4feafd1d5"
    ],
    [
      "b9a2af2e-6dda-4869-a331-b4e4feafd1d5",
      "Cc1ccc(S(=O)(=O)n2cc(Cc3ccc(Cl)nc3)c3cc(Cl)cnc32)cc1"
    ],
    [
      "c1ccncc1",
      "4a79138e-1335-437a-a0b1-5edd27dd0191"
    ],
    [
      "d52a9207-d5dc-4160-aa50-7f321534d44d",
      "OC(c1ccc(Cl)nc1)c1c[nH]c2ncc(Cl)cc12"
    ],
    [
      "ed0e7bdb-1cf6-4fa2-941e-f18f12c8ab34",
      "Cc1ccc(S(=O)(=O)n2cc(Cc3ccc(N)nc3)c3cc(Cl)cnc32)cc1"
    ]
  ]
}