{
  "identifier": "ff89c14c-bda7-42e1-85fc-e5d016e2af84",
  "chemical_reactions": [
    {
      "identifier": "a7419095-ebd8-4672-be4c-05c9601b6b3e",
      "reactants": [
        {
          "identifier": "cf26ebb6-bec3-464b-978e-423d1fa7e84f",
          "smiles": "Brc1ccc2c(c1)[nH]c1ccncc12",
          "state_of_matter": "SOLID",
          "molecular_weight": 247.09067999999988,
          "density": 1.4,
          "mass": 247.09067999999988,
          "is_produced_by": [],
          "is_consumed_by": [
            "a7419095-ebd8-4672-be4c-05c9601b6b3e"
          ],
          "provenance__density": "dummy estimator based on mw",
          "provenance__is_consumed_by": null,
          "provenance__is_produced_by": null,
          "provenance__mass": null,
          "provenance__molecular_weight": "periodic table",
          "provenance__smiles": null,
          "provenance__state_of_matter": "dummy estimator based on mw"
        },
        {
          "identifier": "d56a25e4-a93a-4618-a2fc-04df3f62e59f",
          "smiles": "CC(C)(C)OC(=O)OC(=O)OC(C)(C)C",
          "state_of_matter": "SOLID",
          "molecular_weight": 218.24691999999976,
          "density": 1.4,
          "mass": 218.24691999999976,
          "is_produced_by": [],
          "is_consumed_by": [
            "a7419095-ebd8-4672-be4c-05c9601b6b3e"
          ],
          "provenance__density": "dummy estimator based on mw",
          "provenance__is_consumed_by": null,
          "provenance__is_produced_by": null,
          "provenance__mass": null,
          "provenance__molecular_weight": "periodic table",
          "provenance__smiles": null,
          "provenance__state_of_matter": "dummy estimator based on mw"
        }
      ],
      "reagents": [
        {
          "identifier": "a499358e-91a1-4636-ba05-2f5346702732",
          "smiles": "C1CCOC1",
          "state_of_matter": "LIQUID",
          "molecular_weight": 72.10572000000005,
          "density": 1.0,
          "mass": 72.10572000000005,
          "is_produced_by": [],
          "is_consumed_by": [
            "a7419095-ebd8-4672-be4c-05c9601b6b3e"
          ],
          "provenance__density": "dummy estimator based on mw",
          "provenance__is_consumed_by": null,
          "provenance__is_produced_by": null,
          "provenance__mass": null,
          "provenance__molecular_weight": "periodic table",
          "provenance__smiles": null,
          "provenance__state_of_matter": "dummy estimator based on mw"
        },
        {
          "identifier": "8115fffe-f830-4930-b52a-7856ebcf2f3a",
          "smiles": "CN(C)c1ccncc1",
          "state_of_matter": "LIQUID",
          "molecular_weight": 122.16770000000005,
          "density": 1.0,
          "mass": 122.16770000000005,
          "is_produced_by": [],
          "is_consumed_by": [
            "a7419095-ebd8-4672-be4c-05c9601b6b3e"
          ],
          "provenance__density": "dummy estimator based on mw",
          "provenance__is_consumed_by": null,
          "provenance__is_produced_by": null,
          "provenance__mass": null,
          "provenance__molecular_weight": "periodic table",
          "provenance__smiles": null,
          "provenance__state_of_matter": "dummy estimator based on mw"
        }
      ],
      "products": [
        {
          "identifier": "2e351518-eeac-45e4-8fbe-7ffdb4ead650",
          "smiles": "CC(C)(C)OC(=O)n1c2ccncc2c2ccc(Br)cc21",
          "state_of_matter": "SOLID",
          "molecular_weight": 348.2144400000002,
          "density": 1.4,
          "mass": 348.2144400000002,
          "is_produced_by": [
            "a7419095-ebd8-4672-be4c-05c9601b6b3e"
          ],
          "is_consumed_by": [],
          "provenance__density": "dummy estimator based on mw",
          "provenance__is_consumed_by": null,
          "provenance__is_produced_by": null,
          "provenance__mass": null,
          "provenance__molecular_weight": "periodic table",
          "provenance__smiles": null,
          "provenance__state_of_matter": "dummy estimator based on mw"
        }
      ],
      "stoichiometry": {
        "cf26ebb6-bec3-464b-978e-423d1fa7e84f": 1.0,
        "d56a25e4-a93a-4618-a2fc-04df3f62e59f": 1.0,
        "2e351518-eeac-45e4-8fbe-7ffdb4ead650": -1.0
      },
      "temperature": 295.06918716430664,
      "intended_ratios": {
        "cf26ebb6-bec3-464b-978e-423d1fa7e84f": 1.0,
        "d56a25e4-a93a-4618-a2fc-04df3f62e59f": 1.0,
        "a499358e-91a1-4636-ba05-2f5346702732": 1.0,
        "8115fffe-f830-4930-b52a-7856ebcf2f3a": 1.0
      },
      "expected_yields": {
        "2e351518-eeac-45e4-8fbe-7ffdb4ead650": 1.0
      },
      "reaction_extent": 1.0
    },
    {
      "identifier": "5420a995-608a-4169-be7c-e52ccd845495",
      "reactants": [
        {
          "identifier": "f751808b-5efc-4307-8160-3da5538f61a8",
          "smiles": "Brc1ccc2c3c([nH]c2c1)CCNC3",
          "state_of_matter": "SOLID",
          "molecular_weight": 251.12243999999984,
          "density": 1.4,
          "mass": 251.12243999999984,
          "is_produced_by": [],
          "is_consumed_by": [
            "5420a995-608a-4169-be7c-e52ccd845495"
          ],
          "provenance__density": "dummy estimator based on mw",
          "provenance__is_consumed_by": null,
          "provenance__is_produced_by": null,
          "provenance__mass": null,
          "provenance__molecular_weight": "periodic table",
          "provenance__smiles": null,
          "provenance__state_of_matter": "dummy estimator based on mw"
        }
      ],
      "reagents": [
        {
          "identifier": "2f4baa27-5d2a-4baa-9a54-2eb75a3ca427",
          "smiles": "ClC(Cl)Cl",
          "state_of_matter": "LIQUID",
          "molecular_weight": 119.37764000000001,
          "density": 1.0,
          "mass": 119.37764000000001,
          "is_produced_by": [],
          "is_consumed_by": [
            "5420a995-608a-4169-be7c-e52ccd845495"
          ],
          "provenance__density": "dummy estimator based on mw",
          "provenance__is_consumed_by": null,
          "provenance__is_produced_by": null,
          "provenance__mass": null,
          "provenance__molecular_weight": "periodic table",
          "provenance__smiles": null,
          "provenance__state_of_matter": "dummy estimator based on mw"
        },
        {
          "identifier": "1b4063de-aa2b-40d4-bdac-bed7d7116bbd",
          "smiles": "O=[Mn]=O",
          "state_of_matter": "LIQUID",
          "molecular_weight": 86.936849,
          "density": 1.0,
          "mass": 86.936849,
          "is_produced_by": [],
          "is_consumed_by": [
            "5420a995-608a-4169-be7c-e52ccd845495"
          ],
          "provenance__density": "dummy estimator based on mw",
          "provenance__is_consumed_by": null,
          "provenance__is_produced_by": null,
          "provenance__mass": null,
          "provenance__molecular_weight": "periodic table",
          "provenance__smiles": null,
          "provenance__state_of_matter": "dummy estimator based on mw"
        }
      ],
      "products": [
        {
          "identifier": "e50e91c1-8a14-43cf-b9af-19d95b4d5870",
          "smiles": "Brc1ccc2c(c1)[nH]c1ccncc12",
          "state_of_matter": "SOLID",
          "molecular_weight": 247.09067999999988,
          "density": 1.4,
          "mass": 247.09067999999988,
          "is_produced_by": [
            "5420a995-608a-4169-be7c-e52ccd845495"
          ],
          "is_consumed_by": [],
          "provenance__density": "dummy estimator based on mw",
          "provenance__is_consumed_by": null,
          "provenance__is_produced_by": null,
          "provenance__mass": null,
          "provenance__molecular_weight": "periodic table",
          "provenance__smiles": null,
          "provenance__state_of_matter": "dummy estimator based on mw"
        }
      ],
      "stoichiometry": {
        "f751808b-5efc-4307-8160-3da5538f61a8": 1.0,
        "e50e91c1-8a14-43cf-b9af-19d95b4d5870": -1.0
      },
      "temperature": 317.3802256464958,
      "intended_ratios": {
        "f751808b-5efc-4307-8160-3da5538f61a8": 1.0,
        "2f4baa27-5d2a-4baa-9a54-2eb75a3ca427": 1.0,
        "1b4063de-aa2b-40d4-bdac-bed7d7116bbd": 1.0
      },
      "expected_yields": {
        "e50e91c1-8a14-43cf-b9af-19d95b4d5870": 1.0
      },
      "reaction_extent": 1.0
    },
    {
      "identifier": "8add7c47-63a4-4ef8-8c68-1a4b6e752772",
      "reactants": [
        {
          "identifier": "6215ae8c-13d1-4943-84a0-d67edf620bb7",
          "smiles": "CC(C)(C)OC(=O)n1c2ccncc2c2ccc(-c3ccc(F)nc3)cc21",
          "state_of_matter": "SOLID",
          "molecular_weight": 364.3928632000002,
          "density": 1.4,
          "mass": 364.3928632000002,
          "is_produced_by": [],
          "is_consumed_by": [
            "8add7c47-63a4-4ef8-8c68-1a4b6e752772"
          ],
          "provenance__density": "dummy estimator based on mw",
          "provenance__is_consumed_by": null,
          "provenance__is_produced_by": null,
          "provenance__mass": null,
          "provenance__molecular_weight": "periodic table",
          "provenance__smiles": null,
          "provenance__state_of_matter": "dummy estimator based on mw"
        }
      ],
      "reagents": [
        {
          "identifier": "dc4a680d-944c-44d7-a6bc-249594f28512",
          "smiles": "ClCCl",
          "state_of_matter": "LIQUID",
          "molecular_weight": 84.93258000000002,
          "density": 1.0,
          "mass": 84.93258000000002,
          "is_produced_by": [],
          "is_consumed_by": [
            "8add7c47-63a4-4ef8-8c68-1a4b6e752772"
          ],
          "provenance__density": "dummy estimator based on mw",
          "provenance__is_consumed_by": null,
          "provenance__is_produced_by": null,
          "provenance__mass": null,
          "provenance__molecular_weight": "periodic table",
          "provenance__smiles": null,
          "provenance__state_of_matter": "dummy estimator based on mw"
        },
        {
          "identifier": "c2c2dc9c-c4d8-48b9-8d92-23c2ffc8cc97",
          "smiles": "O=C(O)C(F)(F)F",
          "state_of_matter": "LIQUID",
          "molecular_weight": 114.0233496,
          "density": 1.0,
          "mass": 114.0233496,
          "is_produced_by": [],
          "is_consumed_by": [
            "8add7c47-63a4-4ef8-8c68-1a4b6e752772"
          ],
          "provenance__density": "dummy estimator based on mw",
          "provenance__is_consumed_by": null,
          "provenance__is_produced_by": null,
          "provenance__mass": null,
          "provenance__molecular_weight": "periodic table",
          "provenance__smiles": null,
          "provenance__state_of_matter": "dummy estimator based on mw"
        }
      ],
      "products": [
        {
          "identifier": "3cafea3d-925a-4d3c-8b91-73c3404f9cce",
          "smiles": "Fc1ccc(-c2ccc3c(c2)[nH]c2ccncc23)cn1",
          "state_of_matter": "SOLID",
          "molecular_weight": 263.2691032000001,
          "density": 1.4,
          "mass": 263.2691032000001,
          "is_produced_by": [
            "8add7c47-63a4-4ef8-8c68-1a4b6e752772"
          ],
          "is_consumed_by": [],
          "provenance__density": "dummy estimator based on mw",
          "provenance__is_consumed_by": null,
          "provenance__is_produced_by": null,
          "provenance__mass": null,
          "provenance__molecular_weight": "periodic table",
          "provenance__smiles": null,
          "provenance__state_of_matter": "dummy estimator based on mw"
        }
      ],
      "stoichiometry": {
        "6215ae8c-13d1-4943-84a0-d67edf620bb7": 1.0,
        "3cafea3d-925a-4d3c-8b91-73c3404f9cce": -1.0
      },
      "temperature": 299.5983032941818,
      "intended_ratios": {
        "6215ae8c-13d1-4943-84a0-d67edf620bb7": 1.0,
        "dc4a680d-944c-44d7-a6bc-249594f28512": 1.0,
        "c2c2dc9c-c4d8-48b9-8d92-23c2ffc8cc97": 1.0
      },
      "expected_yields": {
        "3cafea3d-925a-4d3c-8b91-73c3404f9cce": 1.0
      },
      "reaction_extent": 1.0
    },
    {
      "identifier": "90985e27-62a5-4f98-86db-c328384c258e",
      "reactants": [
        {
          "identifier": "c9ab89f2-c517-4c33-a751-08505eebdde3",
          "smiles": "CC(C)(C)OC(=O)n1c2ccncc2c2ccc(Br)cc21",
          "state_of_matter": "SOLID",
          "molecular_weight": 348.2144400000002,
          "density": 1.4,
          "mass": 348.2144400000002,
          "is_produced_by": [],
          "is_consumed_by": [
            "90985e27-62a5-4f98-86db-c328384c258e"
          ],
          "provenance__density": "dummy estimator based on mw",
          "provenance__is_consumed_by": null,
          "provenance__is_produced_by": null,
          "provenance__mass": null,
          "provenance__molecular_weight": "periodic table",
          "provenance__smiles": null,
          "provenance__state_of_matter": "dummy estimator based on mw"
        },
        {
          "identifier": "66bc6f55-a85b-4348-9705-9bfcde0069f9",
          "smiles": "OB(O)c1ccc(F)nc1",
          "state_of_matter": "LIQUID",
          "molecular_weight": 140.90810319999994,
          "density": 1.0,
          "mass": 140.90810319999994,
          "is_produced_by": [],
          "is_consumed_by": [
            "90985e27-62a5-4f98-86db-c328384c258e"
          ],
          "provenance__density": "dummy estimator based on mw",
          "provenance__is_consumed_by": null,
          "provenance__is_produced_by": null,
          "provenance__mass": null,
          "provenance__molecular_weight": "periodic table",
          "provenance__smiles": null,
          "provenance__state_of_matter": "dummy estimator based on mw"
        }
      ],
      "reagents": [
        {
          "identifier": "a187647f-b763-4472-b35e-88c19f711c02",
          "smiles": "O=C(O[K])O[K]",
          "state_of_matter": "SOLID",
          "molecular_weight": 138.2055,
          "density": 1.4,
          "mass": 138.2055,
          "is_produced_by": [],
          "is_consumed_by": [
            "90985e27-62a5-4f98-86db-c328384c258e"
          ],
          "provenance__density": "dummy estimator based on mw",
          "provenance__is_consumed_by": null,
          "provenance__is_produced_by": null,
          "provenance__mass": null,
          "provenance__molecular_weight": "periodic table",
          "provenance__smiles": null,
          "provenance__state_of_matter": "dummy estimator based on mw"
        },
        {
          "identifier": "e58e9e2a-9d86-4253-8616-b9df5adcedb2",
          "smiles": "C1COCCO1",
          "state_of_matter": "LIQUID",
          "molecular_weight": 88.10512000000004,
          "density": 1.0,
          "mass": 88.10512000000004,
          "is_produced_by": [],
          "is_consumed_by": [
            "90985e27-62a5-4f98-86db-c328384c258e"
          ],
          "provenance__density": "dummy estimator based on mw",
          "provenance__is_consumed_by": null,
          "provenance__is_produced_by": null,
          "provenance__mass": null,
          "provenance__molecular_weight": "periodic table",
          "provenance__smiles": null,
          "provenance__state_of_matter": "dummy estimator based on mw"
        },
        {
          "identifier": "5c1f241d-4da3-4deb-8374-a0eae13fd860",
          "smiles": "C1=C[C-](P(c2ccccc2)c2ccccc2)C=C1.C1=C[C-](P(c2ccccc2)c2ccccc2)C=C1.[Fe+2]",
          "state_of_matter": "SOLID",
          "molecular_weight": 554.3786419999986,
          "density": 1.4,
          "mass": 554.3786419999986,
          "is_produced_by": [],
          "is_consumed_by": [
            "90985e27-62a5-4f98-86db-c328384c258e"
          ],
          "provenance__density": "dummy estimator based on mw",
          "provenance__is_consumed_by": null,
          "provenance__is_produced_by": null,
          "provenance__mass": null,
          "provenance__molecular_weight": "periodic table",
          "provenance__smiles": null,
          "provenance__state_of_matter": "dummy estimator based on mw"
        },
        {
          "identifier": "11725040-e2ec-4632-97f6-db5492e52633",
          "smiles": "Cl[Pd]Cl",
          "state_of_matter": "SOLID",
          "molecular_weight": 177.326,
          "density": 1.4,
          "mass": 177.326,
          "is_produced_by": [],
          "is_consumed_by": [
            "90985e27-62a5-4f98-86db-c328384c258e"
          ],
          "provenance__density": "dummy estimator based on mw",
          "provenance__is_consumed_by": null,
          "provenance__is_produced_by": null,
          "provenance__mass": null,
          "provenance__molecular_weight": "periodic table",
          "provenance__smiles": null,
          "provenance__state_of_matter": "dummy estimator based on mw"
        }
      ],
      "products": [
        {
          "identifier": "a07c5144-2d9f-4e3b-b1c7-dd1ad5f0f148",
          "smiles": "CC(C)(C)OC(=O)n1c2ccncc2c2ccc(-c3ccc(F)nc3)cc21",
          "state_of_matter": "SOLID",
          "molecular_weight": 364.3928632000002,
          "density": 1.4,
          "mass": 364.3928632000002,
          "is_produced_by": [
            "90985e27-62a5-4f98-86db-c328384c258e"
          ],
          "is_consumed_by": [],
          "provenance__density": "dummy estimator based on mw",
          "provenance__is_consumed_by": null,
          "provenance__is_produced_by": null,
          "provenance__mass": null,
          "provenance__molecular_weight": "periodic table",
          "provenance__smiles": null,
          "provenance__state_of_matter": "dummy estimator based on mw"
        }
      ],
      "stoichiometry": {
        "c9ab89f2-c517-4c33-a751-08505eebdde3": 1.0,
        "66bc6f55-a85b-4348-9705-9bfcde0069f9": 1.0,
        "a07c5144-2d9f-4e3b-b1c7-dd1ad5f0f148": -1.0
      },
      "temperature": 339.4547661960125,
      "intended_ratios": {
        "c9ab89f2-c517-4c33-a751-08505eebdde3": 1.0,
        "66bc6f55-a85b-4348-9705-9bfcde0069f9": 1.0,
        "a187647f-b763-4472-b35e-88c19f711c02": 1.0,
        "e58e9e2a-9d86-4253-8616-b9df5adcedb2": 1.0,
        "5c1f241d-4da3-4deb-8374-a0eae13fd860": 1.0,
        "11725040-e2ec-4632-97f6-db5492e52633": 1.0
      },
      "expected_yields": {
        "a07c5144-2d9f-4e3b-b1c7-dd1ad5f0f148": 1.0
      },
      "reaction_extent": 1.0
    },
    {
      "identifier": "35aa226b-0fca-4fc3-bed8-d560e49da9ab",
      "reactants": [
        {
          "identifier": "1ac855d6-c487-40a3-be6c-4675dd4d658b",
          "smiles": "NNc1cccc(Br)c1",
          "state_of_matter": "LIQUID",
          "molecular_weight": 187.03717999999995,
          "density": 1.0,
          "mass": 187.03717999999995,
          "is_produced_by": [],
          "is_consumed_by": [
            "35aa226b-0fca-4fc3-bed8-d560e49da9ab"
          ],
          "provenance__density": "dummy estimator based on mw",
          "provenance__is_consumed_by": null,
          "provenance__is_produced_by": null,
          "provenance__mass": null,
          "provenance__molecular_weight": "periodic table",
          "provenance__smiles": null,
          "provenance__state_of_matter": "dummy estimator based on mw"
        },
        {
          "identifier": "a26e6959-0b34-478b-aa18-61f77a109f1a",
          "smiles": "O=C1CCNCC1",
          "state_of_matter": "LIQUID",
          "molecular_weight": 99.13106000000005,
          "density": 1.0,
          "mass": 99.13106000000005,
          "is_produced_by": [],
          "is_consumed_by": [
            "35aa226b-0fca-4fc3-bed8-d560e49da9ab"
          ],
          "provenance__density": "dummy estimator based on mw",
          "provenance__is_consumed_by": null,
          "provenance__is_produced_by": null,
          "provenance__mass": null,
          "provenance__molecular_weight": "periodic table",
          "provenance__smiles": null,
          "provenance__state_of_matter": "dummy estimator based on mw"
        }
      ],
      "reagents": [
        {
          "identifier": "9cc9a55e-82c4-409d-8b79-ab1d8719a853",
          "smiles": "CCO",
          "state_of_matter": "LIQUID",
          "molecular_weight": 46.06843999999999,
          "density": 1.0,
          "mass": 46.06843999999999,
          "is_produced_by": [],
          "is_consumed_by": [
            "35aa226b-0fca-4fc3-bed8-d560e49da9ab"
          ],
          "provenance__density": "dummy estimator based on mw",
          "provenance__is_consumed_by": null,
          "provenance__is_produced_by": null,
          "provenance__mass": null,
          "provenance__molecular_weight": "periodic table",
          "provenance__smiles": null,
          "provenance__state_of_matter": "dummy estimator based on mw"
        },
        {
          "identifier": "7e99c4d5-011e-4af2-bb18-b7a754e9adf1",
          "smiles": "Cl",
          "state_of_matter": "LIQUID",
          "molecular_weight": 36.46094,
          "density": 1.0,
          "mass": 36.46094,
          "is_produced_by": [],
          "is_consumed_by": [
            "35aa226b-0fca-4fc3-bed8-d560e49da9ab"
          ],
          "provenance__density": "dummy estimator based on mw",
          "provenance__is_consumed_by": null,
          "provenance__is_produced_by": null,
          "provenance__mass": null,
          "provenance__molecular_weight": "periodic table",
          "provenance__smiles": null,
          "provenance__state_of_matter": "dummy estimator based on mw"
        }
      ],
      "products": [
        {
          "identifier": "2d1bc513-d79c-485a-95d0-fb11a0e52af2",
          "smiles": "Brc1ccc2c3c([nH]c2c1)CCNC3",
          "state_of_matter": "SOLID",
          "molecular_weight": 251.12243999999984,
          "density": 1.4,
          "mass": 251.12243999999984,
          "is_produced_by": [
            "35aa226b-0fca-4fc3-bed8-d560e49da9ab"
          ],
          "is_consumed_by": [],
          "provenance__density": "dummy estimator based on mw",
          "provenance__is_consumed_by": null,
          "provenance__is_produced_by": null,
          "provenance__mass": null,
          "provenance__molecular_weight": "periodic table",
          "provenance__smiles": null,
          "provenance__state_of_matter": "dummy estimator based on mw"
        }
      ],
      "stoichiometry": {
        "1ac855d6-c487-40a3-be6c-4675dd4d658b": 1.0,
        "a26e6959-0b34-478b-aa18-61f77a109f1a": 1.0,
        "2d1bc513-d79c-485a-95d0-fb11a0e52af2": -1.0
      },
      "temperature": 323.0150502026081,
      "intended_ratios": {
        "1ac855d6-c487-40a3-be6c-4675dd4d658b": 1.0,
        "a26e6959-0b34-478b-aa18-61f77a109f1a": 1.0,
        "9cc9a55e-82c4-409d-8b79-ab1d8719a853": 1.0,
        "7e99c4d5-011e-4af2-bb18-b7a754e9adf1": 1.0
      },
      "expected_yields": {
        "2d1bc513-d79c-485a-95d0-fb11a0e52af2": 1.0
      },
      "reaction_extent": 1.0
    }
  ],
  "molecular_nodes": [
    "Brc1ccc2c(c1)[nH]c1ccncc12",
    "Brc1ccc2c3c([nH]c2c1)CCNC3",
    "C1=C[C-](P(c2ccccc2)c2ccccc2)C=C1.C1=C[C-](P(c2ccccc2)c2ccccc2)C=C1.[Fe+2]",
    "C1CCOC1",
    "C1COCCO1",
    "CC(C)(C)OC(=O)OC(=O)OC(C)(C)C",
    "CC(C)(C)OC(=O)n1c2ccncc2c2ccc(-c3ccc(F)nc3)cc21",
    "CC(C)(C)OC(=O)n1c2ccncc2c2ccc(Br)cc21",
    "CCO",
    "CN(C)c1ccncc1",
    "Cl",
    "ClC(Cl)Cl",
    "ClCCl",
    "Cl[Pd]Cl",
    "Fc1ccc(-c2ccc3c(c2)[nH]c2ccncc23)cn1",
    "NNc1cccc(Br)c1",
    "O=C(O)C(F)(F)F",
    "O=C(O[K])O[K]",
    "O=C1CCNCC1",
    "O=[Mn]=O",
    "OB(O)c1ccc(F)nc1"
  ],
  "edges": [
    [
      "35aa226b-0fca-4fc3-bed8-d560e49da9ab",
      "Brc1ccc2c3c([nH]c2c1)CCNC3"
    ],
    [
      "5420a995-608a-4169-be7c-e52ccd845495",
      "Brc1ccc2c(c1)[nH]c1ccncc12"
    ],
    [
      "8add7c47-63a4-4ef8-8c68-1a4b6e752772",
      "Fc1ccc(-c2ccc3c(c2)[nH]c2ccncc23)cn1"
    ],
    [
      "90985e27-62a5-4f98-86db-c328384c258e",
      "CC(C)(C)OC(=O)n1c2ccncc2c2ccc(-c3ccc(F)nc3)cc21"
    ],
    [
      "Brc1ccc2c(c1)[nH]c1ccncc12",
      "a7419095-ebd8-4672-be4c-05c9601b6b3e"
    ],
    [
      "Brc1ccc2c3c([nH]c2c1)CCNC3",
      "5420a995-608a-4169-be7c-e52ccd845495"
    ],
    [
      "C1=C[C-](P(c2ccccc2)c2ccccc2)C=C1.C1=C[C-](P(c2ccccc2)c2ccccc2)C=C1.[Fe+2]",
      "90985e27-62a5-4f98-86db-c328384c258e"
    ],
    [
      "C1CCOC1",
      "a7419095-ebd8-4672-be4c-05c9601b6b3e"
    ],
    [
      "C1COCCO1",
      "90985e27-62a5-4f98-86db-c328384c258e"
    ],
    [
      "CC(C)(C)OC(=O)OC(=O)OC(C)(C)C",
      "a7419095-ebd8-4672-be4c-05c9601b6b3e"
    ],
    [
      "CC(C)(C)OC(=O)n1c2ccncc2c2ccc(-c3ccc(F)nc3)cc21",
      "8add7c47-63a4-4ef8-8c68-1a4b6e752772"
    ],
    [
      "CC(C)(C)OC(=O)n1c2ccncc2c2ccc(Br)cc21",
      "90985e27-62a5-4f98-86db-c328384c258e"
    ],
    [
      "CCO",
      "35aa226b-0fca-4fc3-bed8-d560e49da9ab"
    ],
    [
      "CN(C)c1ccncc1",
      "a7419095-ebd8-4672-be4c-05c9601b6b3e"
    ],
    [
      "Cl",
      "35aa226b-0fca-4fc3-bed8-d560e49da9ab"
    ],
    [
      "ClC(Cl)Cl",
      "5420a995-608a-4169-be7c-e52ccd845495"
    ],
    [
      "ClCCl",
      "8add7c47-63a4-4ef8-8c68-1a4b6e752772"
    ],
    [
      "Cl[Pd]Cl",
      "90985e27-62a5-4f98-86db-c328384c258e"
    ],
    [
      "NNc1cccc(Br)c1",
      "35aa226b-0fca-4fc3-bed8-d560e49da9ab"
    ],
    [
      "O=C(O)C(F)(F)F",
      "8add7c47-63a4-4ef8-8c68-1a4b6e752772"
    ],
    [
      "O=C(O[K])O[K]",
      "90985e27-62a5-4f98-86db-c328384c258e"
    ],
    [
      "O=C1CCNCC1",
      "35aa226b-0fca-4fc3-bed8-d560e49da9ab"
    ],
    [
      "O=[Mn]=O",
      "5420a995-608a-4169-be7c-e52ccd845495"
    ],
    [
      "OB(O)c1ccc(F)nc1",
      "90985e27-62a5-4f98-86db-c328384c258e"
    ],
    [
      "a7419095-ebd8-4672-be4c-05c9601b6b3e",
      "CC(C)(C)OC(=O)n1c2ccncc2c2ccc(Br)cc21"
    ]
  ]
}