{
  "identifier": "56d47501-97c4-41de-b938-3eb030d47e46",
  "chemical_reactions": [
    {
      "identifier": "99eb23ac-fa46-4f0a-96f6-cb93bc881e53",
      "reactants": [
        {
          "identifier": "ead562c0-2338-4645-be11-dc0a57248338",
          "smiles": "CC(C)(C)NS(=O)(=O)c1cccc(N)c1",
          "state_of_matter": "SOLID",
          "molecular_weight": 228.31123999999977,
          "density": 1.4,
          "mass": 228.31123999999977,
          "is_produced_by": [],
          "is_consumed_by": [
            "99eb23ac-fa46-4f0a-96f6-cb93bc881e53"
          ],
          "provenance__density": "dummy estimator based on mw",
          "provenance__is_consumed_by": null,
          "provenance__is_produced_by": null,
          "provenance__mass": null,
          "provenance__molecular_weight": "periodic table",
          "provenance__smiles": null,
          "provenance__state_of_matter": "dummy estimator based on mw"
        },
        {
          "identifier": "5b4d334f-d7dd-4299-830c-33863ae67cb0",
          "smiles": "Cc1cnc(Cl)nc1Cl",
          "state_of_matter": "LIQUID",
          "molecular_weight": 163.00465999999994,
          "density": 1.0,
          "mass": 163.00465999999994,
          "is_produced_by": [],
          "is_consumed_by": [
            "99eb23ac-fa46-4f0a-96f6-cb93bc881e53"
          ],
          "provenance__density": "dummy estimator based on mw",
          "provenance__is_consumed_by": null,
          "provenance__is_produced_by": null,
          "provenance__mass": null,
          "provenance__molecular_weight": "periodic table",
          "provenance__smiles": null,
          "provenance__state_of_matter": "dummy estimator based on mw"
        }
      ],
      "reagents": [
        {
          "identifier": "fb8240c8-53ff-4344-913a-0fc5a777798b",
          "smiles": "CO",
          "state_of_matter": "LIQUID",
          "molecular_weight": 32.04186000000001,
          "density": 1.0,
          "mass": 32.04186000000001,
          "is_produced_by": [],
          "is_consumed_by": [
            "99eb23ac-fa46-4f0a-96f6-cb93bc881e53"
          ],
          "provenance__density": "dummy estimator based on mw",
          "provenance__is_consumed_by": null,
          "provenance__is_produced_by": null,
          "provenance__mass": null,
          "provenance__molecular_weight": "periodic table",
          "provenance__smiles": null,
          "provenance__state_of_matter": "dummy estimator based on mw"
        }
      ],
      "products": [
        {
          "identifier": "a9c27948-4754-4935-b6e2-9439541662c6",
          "smiles": "Cc1cnc(Cl)nc1Nc1cccc(S(=O)(=O)NC(C)(C)C)c1",
          "state_of_matter": "SOLID",
          "molecular_weight": 354.8549600000003,
          "density": 1.4,
          "mass": 354.8549600000003,
          "is_produced_by": [
            "99eb23ac-fa46-4f0a-96f6-cb93bc881e53"
          ],
          "is_consumed_by": [],
          "provenance__density": "dummy estimator based on mw",
          "provenance__is_consumed_by": null,
          "provenance__is_produced_by": null,
          "provenance__mass": null,
          "provenance__molecular_weight": "periodic table",
          "provenance__smiles": null,
          "provenance__state_of_matter": "dummy estimator based on mw"
        }
      ],
      "stoichiometry": {
        "ead562c0-2338-4645-be11-dc0a57248338": 1.0,
        "5b4d334f-d7dd-4299-830c-33863ae67cb0": 1.0,
        "a9c27948-4754-4935-b6e2-9439541662c6": -1.0
      },
      "temperature": 324.2890065729618,
      "intended_ratios": {
        "ead562c0-2338-4645-be11-dc0a57248338": 1.0,
        "5b4d334f-d7dd-4299-830c-33863ae67cb0": 1.0,
        "fb8240c8-53ff-4344-913a-0fc5a777798b": 1.0
      },
      "expected_yields": {
        "a9c27948-4754-4935-b6e2-9439541662c6": 1.0
      },
      "reaction_extent": 1.0
    },
    {
      "identifier": "04f4bc0c-71cc-4a5a-82d9-ecfa44b54ebf",
      "reactants": [
        {
          "identifier": "f5a1754a-e29a-41d9-b5e6-f7d34abdc8c7",
          "smiles": "CC(C)(C)OC(=O)NCCN(CCO)CC1CC1",
          "state_of_matter": "SOLID",
          "molecular_weight": 258.3571399999998,
          "density": 1.4,
          "mass": 258.3571399999998,
          "is_produced_by": [],
          "is_consumed_by": [
            "04f4bc0c-71cc-4a5a-82d9-ecfa44b54ebf"
          ],
          "provenance__density": "dummy estimator based on mw",
          "provenance__is_consumed_by": null,
          "provenance__is_produced_by": null,
          "provenance__mass": null,
          "provenance__molecular_weight": "periodic table",
          "provenance__smiles": null,
          "provenance__state_of_matter": "dummy estimator based on mw"
        }
      ],
      "reagents": [
        {
          "identifier": "57ffd296-00d0-4948-81d6-a34bf86e4c5f",
          "smiles": "Cl",
          "state_of_matter": "LIQUID",
          "molecular_weight": 36.46094,
          "density": 1.0,
          "mass": 36.46094,
          "is_produced_by": [],
          "is_consumed_by": [
            "04f4bc0c-71cc-4a5a-82d9-ecfa44b54ebf"
          ],
          "provenance__density": "dummy estimator based on mw",
          "provenance__is_consumed_by": null,
          "provenance__is_produced_by": null,
          "provenance__mass": null,
          "provenance__molecular_weight": "periodic table",
          "provenance__smiles": null,
          "provenance__state_of_matter": "dummy estimator based on mw"
        },
        {
          "identifier": "8e6e0055-5d5b-486f-b13a-5f1dab0086b2",
          "smiles": "C1COCCO1",
          "state_of_matter": "LIQUID",
          "molecular_weight": 88.10512000000004,
          "density": 1.0,
          "mass": 88.10512000000004,
          "is_produced_by": [],
          "is_consumed_by": [
            "04f4bc0c-71cc-4a5a-82d9-ecfa44b54ebf"
          ],
          "provenance__density": "dummy estimator based on mw",
          "provenance__is_consumed_by": null,
          "provenance__is_produced_by": null,
          "provenance__mass": null,
          "provenance__molecular_weight": "periodic table",
          "provenance__smiles": null,
          "provenance__state_of_matter": "dummy estimator based on mw"
        }
      ],
      "products": [
        {
          "identifier": "e69b5ec2-af0c-45ce-ab3c-20920382054a",
          "smiles": "NCCN(CCO)CC1CC1",
          "state_of_matter": "LIQUID",
          "molecular_weight": 158.2413199999998,
          "density": 1.0,
          "mass": 158.2413199999998,
          "is_produced_by": [
            "04f4bc0c-71cc-4a5a-82d9-ecfa44b54ebf"
          ],
          "is_consumed_by": [],
          "provenance__density": "dummy estimator based on mw",
          "provenance__is_consumed_by": null,
          "provenance__is_produced_by": null,
          "provenance__mass": null,
          "provenance__molecular_weight": "periodic table",
          "provenance__smiles": null,
          "provenance__state_of_matter": "dummy estimator based on mw"
        }
      ],
      "stoichiometry": {
        "f5a1754a-e29a-41d9-b5e6-f7d34abdc8c7": 1.0,
        "e69b5ec2-af0c-45ce-ab3c-20920382054a": -1.0
      },
      "temperature": 295.06736369132994,
      "intended_ratios": {
        "f5a1754a-e29a-41d9-b5e6-f7d34abdc8c7": 1.0,
        "57ffd296-00d0-4948-81d6-a34bf86e4c5f": 1.0,
        "8e6e0055-5d5b-486f-b13a-5f1dab0086b2": 1.0
      },
      "expected_yields": {
        "e69b5ec2-af0c-45ce-ab3c-20920382054a": 1.0
      },
      "reaction_extent": 1.0
    },
    {
      "identifier": "31a6fff7-25b2-4616-bd04-58b41a3c4045",
      "reactants": [
        {
          "identifier": "2fcda88f-b188-4fef-9804-64edb5864185",
          "smiles": "CC(C)(C)OC(=O)NCCN",
          "state_of_matter": "LIQUID",
          "molecular_weight": 160.21413999999984,
          "density": 1.0,
          "mass": 160.21413999999984,
          "is_produced_by": [],
          "is_consumed_by": [
            "31a6fff7-25b2-4616-bd04-58b41a3c4045"
          ],
          "provenance__density": "dummy estimator based on mw",
          "provenance__is_consumed_by": null,
          "provenance__is_produced_by": null,
          "provenance__mass": null,
          "provenance__molecular_weight": "periodic table",
          "provenance__smiles": null,
          "provenance__state_of_matter": "dummy estimator based on mw"
        },
        {
          "identifier": "9d4b56f4-3a8d-47b0-aa65-99b2c61e0aea",
          "smiles": "O=CC1CC1",
          "state_of_matter": "LIQUID",
          "molecular_weight": 70.08984000000004,
          "density": 1.0,
          "mass": 70.08984000000004,
          "is_produced_by": [],
          "is_consumed_by": [
            "31a6fff7-25b2-4616-bd04-58b41a3c4045"
          ],
          "provenance__density": "dummy estimator based on mw",
          "provenance__is_consumed_by": null,
          "provenance__is_produced_by": null,
          "provenance__mass": null,
          "provenance__molecular_weight": "periodic table",
          "provenance__smiles": null,
          "provenance__state_of_matter": "dummy estimator based on mw"
        }
      ],
      "reagents": [
        {
          "identifier": "5483c70e-c2b4-48fe-b8cf-1bfbecc8d289",
          "smiles": "O[Na]",
          "state_of_matter": "SOLID",
          "molecular_weight": 39.99711,
          "density": 1.4,
          "mass": 39.99711,
          "is_produced_by": [],
          "is_consumed_by": [
            "31a6fff7-25b2-4616-bd04-58b41a3c4045"
          ],
          "provenance__density": "dummy estimator based on mw",
          "provenance__is_consumed_by": null,
          "provenance__is_produced_by": null,
          "provenance__mass": null,
          "provenance__molecular_weight": "periodic table",
          "provenance__smiles": null,
          "provenance__state_of_matter": "dummy estimator based on mw"
        },
        {
          "identifier": "1ef9d108-b8cf-4f3a-935f-983a328ff135",
          "smiles": "ClCCCl",
          "state_of_matter": "LIQUID",
          "molecular_weight": 98.95916000000003,
          "density": 1.0,
          "mass": 98.95916000000003,
          "is_produced_by": [],
          "is_consumed_by": [
            "31a6fff7-25b2-4616-bd04-58b41a3c4045"
          ],
          "provenance__density": "dummy estimator based on mw",
          "provenance__is_consumed_by": null,
          "provenance__is_produced_by": null,
          "provenance__mass": null,
          "provenance__molecular_weight": "periodic table",
          "provenance__smiles": null,
          "provenance__state_of_matter": "dummy estimator based on mw"
        },
        {
          "identifier": "449725c1-ab96-415a-a9e4-f70ba159b5c0",
          "smiles": "CC(=O)O[BH-](OC(C)=O)OC(C)=O.[Na+]",
          "state_of_matter": "SOLID",
          "molecular_weight": 211.94076999999987,
          "density": 1.4,
          "mass": 211.94076999999987,
          "is_produced_by": [],
          "is_consumed_by": [
            "31a6fff7-25b2-4616-bd04-58b41a3c4045"
          ],
          "provenance__density": "dummy estimator based on mw",
          "provenance__is_consumed_by": null,
          "provenance__is_produced_by": null,
          "provenance__mass": null,
          "provenance__molecular_weight": "periodic table",
          "provenance__smiles": null,
          "provenance__state_of_matter": "dummy estimator based on mw"
        }
      ],
      "products": [
        {
          "identifier": "549b085f-8b62-40df-ba07-1fdc0d0e0487",
          "smiles": "CC(C)(C)OC(=O)NCCNCC1CC1",
          "state_of_matter": "SOLID",
          "molecular_weight": 214.30457999999976,
          "density": 1.4,
          "mass": 214.30457999999976,
          "is_produced_by": [
            "31a6fff7-25b2-4616-bd04-58b41a3c4045"
          ],
          "is_consumed_by": [],
          "provenance__density": "dummy estimator based on mw",
          "provenance__is_consumed_by": null,
          "provenance__is_produced_by": null,
          "provenance__mass": null,
          "provenance__molecular_weight": "periodic table",
          "provenance__smiles": null,
          "provenance__state_of_matter": "dummy estimator based on mw"
        }
      ],
      "stoichiometry": {
        "2fcda88f-b188-4fef-9804-64edb5864185": 1.0,
        "9d4b56f4-3a8d-47b0-aa65-99b2c61e0aea": 1.0,
        "549b085f-8b62-40df-ba07-1fdc0d0e0487": -1.0
      },
      "temperature": 317.3727363824844,
      "intended_ratios": {
        "2fcda88f-b188-4fef-9804-64edb5864185": 1.0,
        "9d4b56f4-3a8d-47b0-aa65-99b2c61e0aea": 1.0,
        "5483c70e-c2b4-48fe-b8cf-1bfbecc8d289": 1.0,
        "1ef9d108-b8cf-4f3a-935f-983a328ff135": 1.0,
        "449725c1-ab96-415a-a9e4-f70ba159b5c0": 1.0
      },
      "expected_yields": {
        "549b085f-8b62-40df-ba07-1fdc0d0e0487": 1.0
      },
      "reaction_extent": 1.0
    },
    {
      "identifier": "afd1a9f8-650e-45a7-a444-ff3ef1b62fa7",
      "reactants": [
        {
          "identifier": "e08e65e4-7779-440e-ae31-6e721c4e5bab",
          "smiles": "CC(C)(C)OC(=O)NCCNCC1CC1",
          "state_of_matter": "SOLID",
          "molecular_weight": 214.30457999999976,
          "density": 1.4,
          "mass": 214.30457999999976,
          "is_produced_by": [],
          "is_consumed_by": [
            "afd1a9f8-650e-45a7-a444-ff3ef1b62fa7"
          ],
          "provenance__density": "dummy estimator based on mw",
          "provenance__is_consumed_by": null,
          "provenance__is_produced_by": null,
          "provenance__mass": null,
          "provenance__molecular_weight": "periodic table",
          "provenance__smiles": null,
          "provenance__state_of_matter": "dummy estimator based on mw"
        },
        {
          "identifier": "9bffa25a-ef71-4eab-89f9-e4f27e8b0b08",
          "smiles": "OCCBr",
          "state_of_matter": "LIQUID",
          "molecular_weight": 124.96450000000003,
          "density": 1.0,
          "mass": 124.96450000000003,
          "is_produced_by": [],
          "is_consumed_by": [
            "afd1a9f8-650e-45a7-a444-ff3ef1b62fa7"
          ],
          "provenance__density": "dummy estimator based on mw",
          "provenance__is_consumed_by": null,
          "provenance__is_produced_by": null,
          "provenance__mass": null,
          "provenance__molecular_weight": "periodic table",
          "provenance__smiles": null,
          "provenance__state_of_matter": "dummy estimator based on mw"
        }
      ],
      "reagents": [
        {
          "identifier": "c9a42449-bc5f-40a5-b1af-f8a242ef09b3",
          "smiles": "CC#N",
          "state_of_matter": "LIQUID",
          "molecular_weight": 41.051919999999996,
          "density": 1.0,
          "mass": 41.051919999999996,
          "is_produced_by": [],
          "is_consumed_by": [
            "afd1a9f8-650e-45a7-a444-ff3ef1b62fa7"
          ],
          "provenance__density": "dummy estimator based on mw",
          "provenance__is_consumed_by": null,
          "provenance__is_produced_by": null,
          "provenance__mass": null,
          "provenance__molecular_weight": "periodic table",
          "provenance__smiles": null,
          "provenance__state_of_matter": "dummy estimator based on mw"
        },
        {
          "identifier": "cd889dfa-1852-4b98-9341-aba0faba9109",
          "smiles": "O=C(O[K])O[K]",
          "state_of_matter": "SOLID",
          "molecular_weight": 138.2055,
          "density": 1.4,
          "mass": 138.2055,
          "is_produced_by": [],
          "is_consumed_by": [
            "afd1a9f8-650e-45a7-a444-ff3ef1b62fa7"
          ],
          "provenance__density": "dummy estimator based on mw",
          "provenance__is_consumed_by": null,
          "provenance__is_produced_by": null,
          "provenance__mass": null,
          "provenance__molecular_weight": "periodic table",
          "provenance__smiles": null,
          "provenance__state_of_matter": "dummy estimator based on mw"
        }
      ],
      "products": [
        {
          "identifier": "ff31c8df-7873-4242-9398-7350dba65776",
          "smiles": "CC(C)(C)OC(=O)NCCN(CCO)CC1CC1",
          "state_of_matter": "SOLID",
          "molecular_weight": 258.3571399999998,
          "density": 1.4,
          "mass": 258.3571399999998,
          "is_produced_by": [
            "afd1a9f8-650e-45a7-a444-ff3ef1b62fa7"
          ],
          "is_consumed_by": [],
          "provenance__density": "dummy estimator based on mw",
          "provenance__is_consumed_by": null,
          "provenance__is_produced_by": null,
          "provenance__mass": null,
          "provenance__molecular_weight": "periodic table",
          "provenance__smiles": null,
          "provenance__state_of_matter": "dummy estimator based on mw"
        }
      ],
      "stoichiometry": {
        "e08e65e4-7779-440e-ae31-6e721c4e5bab": 1.0,
        "9bffa25a-ef71-4eab-89f9-e4f27e8b0b08": 1.0,
        "ff31c8df-7873-4242-9398-7350dba65776": -1.0
      },
      "temperature": 294.64868127107616,
      "intended_ratios": {
        "e08e65e4-7779-440e-ae31-6e721c4e5bab": 1.0,
        "9bffa25a-ef71-4eab-89f9-e4f27e8b0b08": 1.0,
        "c9a42449-bc5f-40a5-b1af-f8a242ef09b3": 1.0,
        "cd889dfa-1852-4b98-9341-aba0faba9109": 1.0
      },
      "expected_yields": {
        "ff31c8df-7873-4242-9398-7350dba65776": 1.0
      },
      "reaction_extent": 1.0
    },
    {
      "identifier": "fe5ff4ef-4a51-4cdd-a6a9-0be297857aea",
      "reactants": [
        {
          "identifier": "242f9f96-4741-4663-b4cc-d9f106c58ef3",
          "smiles": "CC(C)n1nccc1-c1ncccc1CCl",
          "state_of_matter": "SOLID",
          "molecular_weight": 236.72059999999982,
          "density": 1.4,
          "mass": 236.72059999999982,
          "is_produced_by": [],
          "is_consumed_by": [
            "fe5ff4ef-4a51-4cdd-a6a9-0be297857aea"
          ],
          "provenance__density": "dummy estimator based on mw",
          "provenance__is_consumed_by": null,
          "provenance__is_produced_by": null,
          "provenance__mass": null,
          "provenance__molecular_weight": "periodic table",
          "provenance__smiles": null,
          "provenance__state_of_matter": "dummy estimator based on mw"
        },
        {
          "identifier": "cf1b0ad5-35dd-4ac1-8ebc-a82a119e522a",
          "smiles": "O=Cc1c(O)cccc1O",
          "state_of_matter": "LIQUID",
          "molecular_weight": 138.12073999999996,
          "density": 1.0,
          "mass": 138.12073999999996,
          "is_produced_by": [],
          "is_consumed_by": [
            "fe5ff4ef-4a51-4cdd-a6a9-0be297857aea"
          ],
          "provenance__density": "dummy estimator based on mw",
          "provenance__is_consumed_by": null,
          "provenance__is_produced_by": null,
          "provenance__mass": null,
          "provenance__molecular_weight": "periodic table",
          "provenance__smiles": null,
          "provenance__state_of_matter": "dummy estimator based on mw"
        }
      ],
      "reagents": [
        {
          "identifier": "584fb2a8-cb57-4882-ab7c-f5a9b91cf356",
          "smiles": "CN(C)C=O",
          "state_of_matter": "LIQUID",
          "molecular_weight": 73.09378000000004,
          "density": 1.0,
          "mass": 73.09378000000004,
          "is_produced_by": [],
          "is_consumed_by": [
            "fe5ff4ef-4a51-4cdd-a6a9-0be297857aea"
          ],
          "provenance__density": "dummy estimator based on mw",
          "provenance__is_consumed_by": null,
          "provenance__is_produced_by": null,
          "provenance__mass": null,
          "provenance__molecular_weight": "periodic table",
          "provenance__smiles": null,
          "provenance__state_of_matter": "dummy estimator based on mw"
        },
        {
          "identifier": "1cbb654e-8baf-4b07-96cf-f566a1151f74",
          "smiles": "Cl",
          "state_of_matter": "LIQUID",
          "molecular_weight": 36.46094,
          "density": 1.0,
          "mass": 36.46094,
          "is_produced_by": [],
          "is_consumed_by": [
            "fe5ff4ef-4a51-4cdd-a6a9-0be297857aea"
          ],
          "provenance__density": "dummy estimator based on mw",
          "provenance__is_consumed_by": null,
          "provenance__is_produced_by": null,
          "provenance__mass": null,
          "provenance__molecular_weight": "periodic table",
          "provenance__smiles": null,
          "provenance__state_of_matter": "dummy estimator based on mw"
        },
        {
          "identifier": "b11fc7dd-5189-4152-a5f3-9058af84c023",
          "smiles": "O=C(O[K])O[K]",
          "state_of_matter": "SOLID",
          "molecular_weight": 138.2055,
          "density": 1.4,
          "mass": 138.2055,
          "is_produced_by": [],
          "is_consumed_by": [
            "fe5ff4ef-4a51-4cdd-a6a9-0be297857aea"
          ],
          "provenance__density": "dummy estimator based on mw",
          "provenance__is_consumed_by": null,
          "provenance__is_produced_by": null,
          "provenance__mass": null,
          "provenance__molecular_weight": "periodic table",
          "provenance__smiles": null,
          "provenance__state_of_matter": "dummy estimator based on mw"
        }
      ],
      "products": [
        {
          "identifier": "120d8752-4803-47bc-bc0f-824c4192a17e",
          "smiles": "CC(C)n1nccc1-c1ncccc1COc1cccc(O)c1C=O",
          "state_of_matter": "SOLID",
          "molecular_weight": 338.38040000000024,
          "density": 1.4,
          "mass": 338.38040000000024,
          "is_produced_by": [
            "fe5ff4ef-4a51-4cdd-a6a9-0be297857aea"
          ],
          "is_consumed_by": [],
          "provenance__density": "dummy estimator based on mw",
          "provenance__is_consumed_by": null,
          "provenance__is_produced_by": null,
          "provenance__mass": null,
          "provenance__molecular_weight": "periodic table",
          "provenance__smiles": null,
          "provenance__state_of_matter": "dummy estimator based on mw"
        }
      ],
      "stoichiometry": {
        "242f9f96-4741-4663-b4cc-d9f106c58ef3": 1.0,
        "cf1b0ad5-35dd-4ac1-8ebc-a82a119e522a": 1.0,
        "120d8752-4803-47bc-bc0f-824c4192a17e": -1.0
      },
      "temperature": 305.7333455622196,
      "intended_ratios": {
        "242f9f96-4741-4663-b4cc-d9f106c58ef3": 1.0,
        "cf1b0ad5-35dd-4ac1-8ebc-a82a119e522a": 1.0,
        "584fb2a8-cb57-4882-ab7c-f5a9b91cf356": 1.0,
        "1cbb654e-8baf-4b07-96cf-f566a1151f74": 1.0,
        "b11fc7dd-5189-4152-a5f3-9058af84c023": 1.0
      },
      "expected_yields": {
        "120d8752-4803-47bc-bc0f-824c4192a17e": 1.0
      },
      "reaction_extent": 1.0
    },
    {
      "identifier": "a48f8efa-2150-477c-bd49-202826ed2fd3",
      "reactants": [
        {
          "identifier": "91ebbd08-22b1-4b11-8bf8-3bef7c908d5c",
          "smiles": "CC(C)n1nccc1-c1ncccc1CO",
          "state_of_matter": "SOLID",
          "molecular_weight": 218.27493999999982,
          "density": 1.4,
          "mass": 218.27493999999982,
          "is_produced_by": [],
          "is_consumed_by": [
            "a48f8efa-2150-477c-bd49-202826ed2fd3"
          ],
          "provenance__density": "dummy estimator based on mw",
          "provenance__is_consumed_by": null,
          "provenance__is_produced_by": null,
          "provenance__mass": null,
          "provenance__molecular_weight": "periodic table",
          "provenance__smiles": null,
          "provenance__state_of_matter": "dummy estimator based on mw"
        }
      ],
      "reagents": [
        {
          "identifier": "17dcf1cd-1e40-4303-b6a7-a48ed9acb4fc",
          "smiles": "ClCCl",
          "state_of_matter": "LIQUID",
          "molecular_weight": 84.93258000000002,
          "density": 1.0,
          "mass": 84.93258000000002,
          "is_produced_by": [],
          "is_consumed_by": [
            "a48f8efa-2150-477c-bd49-202826ed2fd3"
          ],
          "provenance__density": "dummy estimator based on mw",
          "provenance__is_consumed_by": null,
          "provenance__is_produced_by": null,
          "provenance__mass": null,
          "provenance__molecular_weight": "periodic table",
          "provenance__smiles": null,
          "provenance__state_of_matter": "dummy estimator based on mw"
        },
        {
          "identifier": "463e594a-6939-49b1-8834-85a593337aa6",
          "smiles": "CCN(CC)CC",
          "state_of_matter": "LIQUID",
          "molecular_weight": 101.19000000000008,
          "density": 1.0,
          "mass": 101.19000000000008,
          "is_produced_by": [],
          "is_consumed_by": [
            "a48f8efa-2150-477c-bd49-202826ed2fd3"
          ],
          "provenance__density": "dummy estimator based on mw",
          "provenance__is_consumed_by": null,
          "provenance__is_produced_by": null,
          "provenance__mass": null,
          "provenance__molecular_weight": "periodic table",
          "provenance__smiles": null,
          "provenance__state_of_matter": "dummy estimator based on mw"
        },
        {
          "identifier": "c21102e1-bd76-439e-a164-067bb88589a8",
          "smiles": "CS(=O)(=O)Cl",
          "state_of_matter": "LIQUID",
          "molecular_weight": 114.55132000000002,
          "density": 1.0,
          "mass": 114.55132000000002,
          "is_produced_by": [],
          "is_consumed_by": [
            "a48f8efa-2150-477c-bd49-202826ed2fd3"
          ],
          "provenance__density": "dummy estimator based on mw",
          "provenance__is_consumed_by": null,
          "provenance__is_produced_by": null,
          "provenance__mass": null,
          "provenance__molecular_weight": "periodic table",
          "provenance__smiles": null,
          "provenance__state_of_matter": "dummy estimator based on mw"
        }
      ],
      "products": [
        {
          "identifier": "a74f19ba-adf9-4d57-98d9-8b09b77a118b",
          "smiles": "CC(C)n1nccc1-c1ncccc1CCl",
          "state_of_matter": "SOLID",
          "molecular_weight": 236.72059999999982,
          "density": 1.4,
          "mass": 236.72059999999982,
          "is_produced_by": [
            "a48f8efa-2150-477c-bd49-202826ed2fd3"
          ],
          "is_consumed_by": [],
          "provenance__density": "dummy estimator based on mw",
          "provenance__is_consumed_by": null,
          "provenance__is_produced_by": null,
          "provenance__mass": null,
          "provenance__molecular_weight": "periodic table",
          "provenance__smiles": null,
          "provenance__state_of_matter": "dummy estimator based on mw"
        }
      ],
      "stoichiometry": {
        "91ebbd08-22b1-4b11-8bf8-3bef7c908d5c": 1.0,
        "a74f19ba-adf9-4d57-98d9-8b09b77a118b": -1.0
      },
      "temperature": 283.1918331205845,
      "intended_ratios": {
        "91ebbd08-22b1-4b11-8bf8-3bef7c908d5c": 1.0,
        "17dcf1cd-1e40-4303-b6a7-a48ed9acb4fc": 1.0,
        "463e594a-6939-49b1-8834-85a593337aa6": 1.0,
        "c21102e1-bd76-439e-a164-067bb88589a8": 1.0
      },
      "expected_yields": {
        "a74f19ba-adf9-4d57-98d9-8b09b77a118b": 1.0
      },
      "reaction_extent": 1.0
    },
    {
      "identifier": "2204caaa-b4cd-4b5d-945d-de3b187b89b0",
      "reactants": [
        {
          "identifier": "51054b8a-8c25-4cb9-918a-966fd4d7b569",
          "smiles": "CC(C)n1nccc1B1OC(C)(C)C(C)(C)O1",
          "state_of_matter": "SOLID",
          "molecular_weight": 237.12627999999975,
          "density": 1.4,
          "mass": 237.12627999999975,
          "is_produced_by": [],
          "is_consumed_by": [
            "2204caaa-b4cd-4b5d-945d-de3b187b89b0"
          ],
          "provenance__density": "dummy estimator based on mw",
          "provenance__is_consumed_by": null,
          "provenance__is_produced_by": null,
          "provenance__mass": null,
          "provenance__molecular_weight": "periodic table",
          "provenance__smiles": null,
          "provenance__state_of_matter": "dummy estimator based on mw"
        },
        {
          "identifier": "a3277ffd-7ac6-4d52-877b-69990bc082e4",
          "smiles": "OCc1cccnc1Cl",
          "state_of_matter": "LIQUID",
          "molecular_weight": 143.57093999999995,
          "density": 1.0,
          "mass": 143.57093999999995,
          "is_produced_by": [],
          "is_consumed_by": [
            "2204caaa-b4cd-4b5d-945d-de3b187b89b0"
          ],
          "provenance__density": "dummy estimator based on mw",
          "provenance__is_consumed_by": null,
          "provenance__is_produced_by": null,
          "provenance__mass": null,
          "provenance__molecular_weight": "periodic table",
          "provenance__smiles": null,
          "provenance__state_of_matter": "dummy estimator based on mw"
        }
      ],
      "reagents": [
        {
          "identifier": "9ad9148a-2e64-484d-9f40-9fa09e4d87d6",
          "smiles": "O",
          "state_of_matter": "LIQUID",
          "molecular_weight": 18.01528,
          "density": 1.0,
          "mass": 18.01528,
          "is_produced_by": [],
          "is_consumed_by": [
            "2204caaa-b4cd-4b5d-945d-de3b187b89b0"
          ],
          "provenance__density": "dummy estimator based on mw",
          "provenance__is_consumed_by": null,
          "provenance__is_produced_by": null,
          "provenance__mass": null,
          "provenance__molecular_weight": "periodic table",
          "provenance__smiles": null,
          "provenance__state_of_matter": "dummy estimator based on mw"
        },
        {
          "identifier": "a3b39386-69cb-40c4-b395-cb5f7ad03c30",
          "smiles": "C1COCCO1",
          "state_of_matter": "LIQUID",
          "molecular_weight": 88.10512000000004,
          "density": 1.0,
          "mass": 88.10512000000004,
          "is_produced_by": [],
          "is_consumed_by": [
            "2204caaa-b4cd-4b5d-945d-de3b187b89b0"
          ],
          "provenance__density": "dummy estimator based on mw",
          "provenance__is_consumed_by": null,
          "provenance__is_produced_by": null,
          "provenance__mass": null,
          "provenance__molecular_weight": "periodic table",
          "provenance__smiles": null,
          "provenance__state_of_matter": "dummy estimator based on mw"
        },
        {
          "identifier": "5a530f59-3d83-41bc-86d4-50ceb5ae2aba",
          "smiles": "O=C(O)O[Na]",
          "state_of_matter": "SOLID",
          "molecular_weight": 84.00661000000001,
          "density": 1.4,
          "mass": 84.00661000000001,
          "is_produced_by": [],
          "is_consumed_by": [
            "2204caaa-b4cd-4b5d-945d-de3b187b89b0"
          ],
          "provenance__density": "dummy estimator based on mw",
          "provenance__is_consumed_by": null,
          "provenance__is_produced_by": null,
          "provenance__mass": null,
          "provenance__molecular_weight": "periodic table",
          "provenance__smiles": null,
          "provenance__state_of_matter": "dummy estimator based on mw"
        }
      ],
      "products": [
        {
          "identifier": "91b8fd99-8df2-49a4-90c9-70acbb5c466c",
          "smiles": "CC(C)n1nccc1-c1ncccc1CO",
          "state_of_matter": "SOLID",
          "molecular_weight": 218.27493999999982,
          "density": 1.4,
          "mass": 218.27493999999982,
          "is_produced_by": [
            "2204caaa-b4cd-4b5d-945d-de3b187b89b0"
          ],
          "is_consumed_by": [],
          "provenance__density": "dummy estimator based on mw",
          "provenance__is_consumed_by": null,
          "provenance__is_produced_by": null,
          "provenance__mass": null,
          "provenance__molecular_weight": "periodic table",
          "provenance__smiles": null,
          "provenance__state_of_matter": "dummy estimator based on mw"
        }
      ],
      "stoichiometry": {
        "51054b8a-8c25-4cb9-918a-966fd4d7b569": 1.0,
        "a3277ffd-7ac6-4d52-877b-69990bc082e4": 1.0,
        "91b8fd99-8df2-49a4-90c9-70acbb5c466c": -1.0
      },
      "temperature": 350.5005188763141,
      "intended_ratios": {
        "51054b8a-8c25-4cb9-918a-966fd4d7b569": 1.0,
        "a3277ffd-7ac6-4d52-877b-69990bc082e4": 1.0,
        "9ad9148a-2e64-484d-9f40-9fa09e4d87d6": 1.0,
        "a3b39386-69cb-40c4-b395-cb5f7ad03c30": 1.0,
        "5a530f59-3d83-41bc-86d4-50ceb5ae2aba": 1.0
      },
      "expected_yields": {
        "91b8fd99-8df2-49a4-90c9-70acbb5c466c": 1.0
      },
      "reaction_extent": 1.0
    },
    {
      "identifier": "e3195f6e-0513-4bb5-ad17-bc628ba89bbe",
      "reactants": [
        {
          "identifier": "617693b9-4ec1-414c-8404-603bb4ff351e",
          "smiles": "COC(=O)c1ccc(N)cc1",
          "state_of_matter": "LIQUID",
          "molecular_weight": 151.1625599999999,
          "density": 1.0,
          "mass": 151.1625599999999,
          "is_produced_by": [],
          "is_consumed_by": [
            "e3195f6e-0513-4bb5-ad17-bc628ba89bbe"
          ],
          "provenance__density": "dummy estimator based on mw",
          "provenance__is_consumed_by": null,
          "provenance__is_produced_by": null,
          "provenance__mass": null,
          "provenance__molecular_weight": "periodic table",
          "provenance__smiles": null,
          "provenance__state_of_matter": "dummy estimator based on mw"
        },
        {
          "identifier": "6305a33b-1f83-421a-b272-cdfca2b1d083",
          "smiles": "O=S(=O)(Cl)c1cccc2cccnc12",
          "state_of_matter": "SOLID",
          "molecular_weight": 227.66743999999989,
          "density": 1.4,
          "mass": 227.66743999999989,
          "is_produced_by": [],
          "is_consumed_by": [
            "e3195f6e-0513-4bb5-ad17-bc628ba89bbe"
          ],
          "provenance__density": "dummy estimator based on mw",
          "provenance__is_consumed_by": null,
          "provenance__is_produced_by": null,
          "provenance__mass": null,
          "provenance__molecular_weight": "periodic table",
          "provenance__smiles": null,
          "provenance__state_of_matter": "dummy estimator based on mw"
        }
      ],
      "reagents": [
        {
          "identifier": "50d08075-bfa4-4f55-baf0-08db91db2441",
          "smiles": "c1ccncc1",
          "state_of_matter": "LIQUID",
          "molecular_weight": 79.09990000000003,
          "density": 1.0,
          "mass": 79.09990000000003,
          "is_produced_by": [],
          "is_consumed_by": [
            "e3195f6e-0513-4bb5-ad17-bc628ba89bbe"
          ],
          "provenance__density": "dummy estimator based on mw",
          "provenance__is_consumed_by": null,
          "provenance__is_produced_by": null,
          "provenance__mass": null,
          "provenance__molecular_weight": "periodic table",
          "provenance__smiles": null,
          "provenance__state_of_matter": "dummy estimator based on mw"
        }
      ],
      "products": [
        {
          "identifier": "6f88b5a5-6b30-4ced-a318-782d5a72ef44",
          "smiles": "COC(=O)c1ccc(NS(=O)(=O)c2cccc3cccnc23)cc1",
          "state_of_matter": "SOLID",
          "molecular_weight": 342.36906000000016,
          "density": 1.4,
          "mass": 342.36906000000016,
          "is_produced_by": [
            "e3195f6e-0513-4bb5-ad17-bc628ba89bbe"
          ],
          "is_consumed_by": [],
          "provenance__density": "dummy estimator based on mw",
          "provenance__is_consumed_by": null,
          "provenance__is_produced_by": null,
          "provenance__mass": null,
          "provenance__molecular_weight": "periodic table",
          "provenance__smiles": null,
          "provenance__state_of_matter": "dummy estimator based on mw"
        }
      ],
      "stoichiometry": {
        "617693b9-4ec1-414c-8404-603bb4ff351e": 1.0,
        "6305a33b-1f83-421a-b272-cdfca2b1d083": 1.0,
        "6f88b5a5-6b30-4ced-a318-782d5a72ef44": -1.0
      },
      "temperature": 313.1208207070827,
      "intended_ratios": {
        "617693b9-4ec1-414c-8404-603bb4ff351e": 1.0,
        "6305a33b-1f83-421a-b272-cdfca2b1d083": 1.0,
        "50d08075-bfa4-4f55-baf0-08db91db2441": 1.0
      },
      "expected_yields": {
        "6f88b5a5-6b30-4ced-a318-782d5a72ef44": 1.0
      },
      "reaction_extent": 1.0
    },
    {
      "identifier": "f19bc28f-aae5-4f6c-9b33-605b3b796c53",
      "reactants": [
        {
          "identifier": "578feb93-40d9-499e-b61e-610d763ed9ec",
          "smiles": "COC(=O)c1ccc(NS(=O)(=O)c2cccc3cccnc23)cc1",
          "state_of_matter": "SOLID",
          "molecular_weight": 342.36906000000016,
          "density": 1.4,
          "mass": 342.36906000000016,
          "is_produced_by": [],
          "is_consumed_by": [
            "f19bc28f-aae5-4f6c-9b33-605b3b796c53"
          ],
          "provenance__density": "dummy estimator based on mw",
          "provenance__is_consumed_by": null,
          "provenance__is_produced_by": null,
          "provenance__mass": null,
          "provenance__molecular_weight": "periodic table",
          "provenance__smiles": null,
          "provenance__state_of_matter": "dummy estimator based on mw"
        },
        {
          "identifier": "a5a22b90-759c-49a2-ad3c-90f9f613bc65",
          "smiles": "NCCN(CCO)CC1CC1",
          "state_of_matter": "LIQUID",
          "molecular_weight": 158.2413199999998,
          "density": 1.0,
          "mass": 158.2413199999998,
          "is_produced_by": [],
          "is_consumed_by": [
            "f19bc28f-aae5-4f6c-9b33-605b3b796c53"
          ],
          "provenance__density": "dummy estimator based on mw",
          "provenance__is_consumed_by": null,
          "provenance__is_produced_by": null,
          "provenance__mass": null,
          "provenance__molecular_weight": "periodic table",
          "provenance__smiles": null,
          "provenance__state_of_matter": "dummy estimator based on mw"
        }
      ],
      "reagents": [
        {
          "identifier": "95fa35a0-6dcf-4225-9585-42cc70dc69a9",
          "smiles": "Cc1ccccc1",
          "state_of_matter": "LIQUID",
          "molecular_weight": 92.13842000000004,
          "density": 1.0,
          "mass": 92.13842000000004,
          "is_produced_by": [],
          "is_consumed_by": [
            "f19bc28f-aae5-4f6c-9b33-605b3b796c53"
          ],
          "provenance__density": "dummy estimator based on mw",
          "provenance__is_consumed_by": null,
          "provenance__is_produced_by": null,
          "provenance__mass": null,
          "provenance__molecular_weight": "periodic table",
          "provenance__smiles": null,
          "provenance__state_of_matter": "dummy estimator based on mw"
        },
        {
          "identifier": "995b0ab5-15c5-4fde-aa35-c08165385509",
          "smiles": "C[Al](C)C",
          "state_of_matter": "LIQUID",
          "molecular_weight": 72.08509800000004,
          "density": 1.0,
          "mass": 72.08509800000004,
          "is_produced_by": [],
          "is_consumed_by": [
            "f19bc28f-aae5-4f6c-9b33-605b3b796c53"
          ],
          "provenance__density": "dummy estimator based on mw",
          "provenance__is_consumed_by": null,
          "provenance__is_produced_by": null,
          "provenance__mass": null,
          "provenance__molecular_weight": "periodic table",
          "provenance__smiles": null,
          "provenance__state_of_matter": "dummy estimator based on mw"
        }
      ],
      "products": [
        {
          "identifier": "af065420-ecde-4a1e-be8e-f7debae0da81",
          "smiles": "O=C(NCCN(CCO)CC1CC1)c1ccc(NS(=O)(=O)c2cccc3cccnc23)cc1",
          "state_of_matter": "SOLID",
          "molecular_weight": 468.5685200000002,
          "density": 1.4,
          "mass": 468.5685200000002,
          "is_produced_by": [
            "f19bc28f-aae5-4f6c-9b33-605b3b796c53"
          ],
          "is_consumed_by": [],
          "provenance__density": "dummy estimator based on mw",
          "provenance__is_consumed_by": null,
          "provenance__is_produced_by": null,
          "provenance__mass": null,
          "provenance__molecular_weight": "periodic table",
          "provenance__smiles": null,
          "provenance__state_of_matter": "dummy estimator based on mw"
        }
      ],
      "stoichiometry": {
        "578feb93-40d9-499e-b61e-610d763ed9ec": 1.0,
        "a5a22b90-759c-49a2-ad3c-90f9f613bc65": 1.0,
        "af065420-ecde-4a1e-be8e-f7debae0da81": -1.0
      },
      "temperature": 324.87014089822765,
      "intended_ratios": {
        "578feb93-40d9-499e-b61e-610d763ed9ec": 1.0,
        "a5a22b90-759c-49a2-ad3c-90f9f613bc65": 1.0,
        "95fa35a0-6dcf-4225-9585-42cc70dc69a9": 1.0,
        "995b0ab5-15c5-4fde-aa35-c08165385509": 1.0
      },
      "expected_yields": {
        "af065420-ecde-4a1e-be8e-f7debae0da81": 1.0
      },
      "reaction_extent": 1.0
    },
    {
      "identifier": "d37b89f1-2c77-4b5d-9b24-e6eb1e7570de",
      "reactants": [
        {
          "identifier": "0add4707-1680-46f0-8dc0-c65284dc9898",
          "smiles": "Cc1cnc(Cl)nc1Nc1cccc(S(=O)(=O)NC(C)(C)C)c1",
          "state_of_matter": "SOLID",
          "molecular_weight": 354.8549600000003,
          "density": 1.4,
          "mass": 354.8549600000003,
          "is_produced_by": [],
          "is_consumed_by": [
            "d37b89f1-2c77-4b5d-9b24-e6eb1e7570de"
          ],
          "provenance__density": "dummy estimator based on mw",
          "provenance__is_consumed_by": null,
          "provenance__is_produced_by": null,
          "provenance__mass": null,
          "provenance__molecular_weight": "periodic table",
          "provenance__smiles": null,
          "provenance__state_of_matter": "dummy estimator based on mw"
        },
        {
          "identifier": "957cd816-05b9-46c5-aed5-cd9f182b9a66",
          "smiles": "Nc1ccc(OCc2ccccc2)cc1",
          "state_of_matter": "LIQUID",
          "molecular_weight": 199.2484199999998,
          "density": 1.0,
          "mass": 199.2484199999998,
          "is_produced_by": [],
          "is_consumed_by": [
            "d37b89f1-2c77-4b5d-9b24-e6eb1e7570de"
          ],
          "provenance__density": "dummy estimator based on mw",
          "provenance__is_consumed_by": null,
          "provenance__is_produced_by": null,
          "provenance__mass": null,
          "provenance__molecular_weight": "periodic table",
          "provenance__smiles": null,
          "provenance__state_of_matter": "dummy estimator based on mw"
        }
      ],
      "reagents": [
        {
          "identifier": "b7d8c9c1-26b8-4950-9848-6f8502d353a3",
          "smiles": "Cl",
          "state_of_matter": "LIQUID",
          "molecular_weight": 36.46094,
          "density": 1.0,
          "mass": 36.46094,
          "is_produced_by": [],
          "is_consumed_by": [
            "d37b89f1-2c77-4b5d-9b24-e6eb1e7570de"
          ],
          "provenance__density": "dummy estimator based on mw",
          "provenance__is_consumed_by": null,
          "provenance__is_produced_by": null,
          "provenance__mass": null,
          "provenance__molecular_weight": "periodic table",
          "provenance__smiles": null,
          "provenance__state_of_matter": "dummy estimator based on mw"
        },
        {
          "identifier": "9d01e607-7354-4c8a-a782-5ce33469e8e6",
          "smiles": "C1COCCO1",
          "state_of_matter": "LIQUID",
          "molecular_weight": 88.10512000000004,
          "density": 1.0,
          "mass": 88.10512000000004,
          "is_produced_by": [],
          "is_consumed_by": [
            "d37b89f1-2c77-4b5d-9b24-e6eb1e7570de"
          ],
          "provenance__density": "dummy estimator based on mw",
          "provenance__is_consumed_by": null,
          "provenance__is_produced_by": null,
          "provenance__mass": null,
          "provenance__molecular_weight": "periodic table",
          "provenance__smiles": null,
          "provenance__state_of_matter": "dummy estimator based on mw"
        }
      ],
      "products": [
        {
          "identifier": "4c0212dd-f27d-4396-bf2a-30cbe4e1bb2b",
          "smiles": "Cc1cnc(Nc2ccc(OCc3ccccc3)cc2)nc1Nc1cccc(S(=O)(=O)NC(C)(C)C)c1",
          "state_of_matter": "SOLID",
          "molecular_weight": 517.6424400000001,
          "density": 1.4,
          "mass": 517.6424400000001,
          "is_produced_by": [
            "d37b89f1-2c77-4b5d-9b24-e6eb1e7570de"
          ],
          "is_consumed_by": [],
          "provenance__density": "dummy estimator based on mw",
          "provenance__is_consumed_by": null,
          "provenance__is_produced_by": null,
          "provenance__mass": null,
          "provenance__molecular_weight": "periodic table",
          "provenance__smiles": null,
          "provenance__state_of_matter": "dummy estimator based on mw"
        }
      ],
      "stoichiometry": {
        "0add4707-1680-46f0-8dc0-c65284dc9898": 1.0,
        "957cd816-05b9-46c5-aed5-cd9f182b9a66": 1.0,
        "4c0212dd-f27d-4396-bf2a-30cbe4e1bb2b": -1.0
      },
      "temperature": 369.8748215675354,
      "intended_ratios": {
        "0add4707-1680-46f0-8dc0-c65284dc9898": 1.0,
        "957cd816-05b9-46c5-aed5-cd9f182b9a66": 1.0,
        "b7d8c9c1-26b8-4950-9848-6f8502d353a3": 1.0,
        "9d01e607-7354-4c8a-a782-5ce33469e8e6": 1.0
      },
      "expected_yields": {
        "4c0212dd-f27d-4396-bf2a-30cbe4e1bb2b": 1.0
      },
      "reaction_extent": 1.0
    },
    {
      "identifier": "e61fce44-d2b0-4d3b-9b01-103aeb856cee",
      "reactants": [
        {
          "identifier": "5d570008-575f-4a95-8b96-06243253012c",
          "smiles": "Cc1cnc(Nc2ccc(O)cc2)nc1Nc1cccc(S(=O)(=O)NC(C)(C)C)c1",
          "state_of_matter": "SOLID",
          "molecular_weight": 427.51990000000035,
          "density": 1.4,
          "mass": 427.51990000000035,
          "is_produced_by": [],
          "is_consumed_by": [
            "e61fce44-d2b0-4d3b-9b01-103aeb856cee"
          ],
          "provenance__density": "dummy estimator based on mw",
          "provenance__is_consumed_by": null,
          "provenance__is_produced_by": null,
          "provenance__mass": null,
          "provenance__molecular_weight": "periodic table",
          "provenance__smiles": null,
          "provenance__state_of_matter": "dummy estimator based on mw"
        },
        {
          "identifier": "e8e0a7d1-f17e-4d4a-9f61-b5eb9c199db8",
          "smiles": "ClCCN1CCCC1",
          "state_of_matter": "LIQUID",
          "molecular_weight": 133.61917999999997,
          "density": 1.0,
          "mass": 133.61917999999997,
          "is_produced_by": [],
          "is_consumed_by": [
            "e61fce44-d2b0-4d3b-9b01-103aeb856cee"
          ],
          "provenance__density": "dummy estimator based on mw",
          "provenance__is_consumed_by": null,
          "provenance__is_produced_by": null,
          "provenance__mass": null,
          "provenance__molecular_weight": "periodic table",
          "provenance__smiles": null,
          "provenance__state_of_matter": "dummy estimator based on mw"
        }
      ],
      "reagents": [
        {
          "identifier": "8376d295-e456-4e95-af00-0c703b71b8b8",
          "smiles": "O=C(O[K])O[K]",
          "state_of_matter": "SOLID",
          "molecular_weight": 138.2055,
          "density": 1.4,
          "mass": 138.2055,
          "is_produced_by": [],
          "is_consumed_by": [
            "e61fce44-d2b0-4d3b-9b01-103aeb856cee"
          ],
          "provenance__density": "dummy estimator based on mw",
          "provenance__is_consumed_by": null,
          "provenance__is_produced_by": null,
          "provenance__mass": null,
          "provenance__molecular_weight": "periodic table",
          "provenance__smiles": null,
          "provenance__state_of_matter": "dummy estimator based on mw"
        },
        {
          "identifier": "a9bd2abc-51d6-49bc-a4de-f6ff18ea78f4",
          "smiles": "CC(C)=O",
          "state_of_matter": "LIQUID",
          "molecular_weight": 58.07913999999999,
          "density": 1.0,
          "mass": 58.07913999999999,
          "is_produced_by": [],
          "is_consumed_by": [
            "e61fce44-d2b0-4d3b-9b01-103aeb856cee"
          ],
          "provenance__density": "dummy estimator based on mw",
          "provenance__is_consumed_by": null,
          "provenance__is_produced_by": null,
          "provenance__mass": null,
          "provenance__molecular_weight": "periodic table",
          "provenance__smiles": null,
          "provenance__state_of_matter": "dummy estimator based on mw"
        }
      ],
      "products": [
        {
          "identifier": "183226e5-b47d-4179-b97f-6839672bf9a2",
          "smiles": "Cc1cnc(Nc2ccc(OCCN3CCCC3)cc2)nc1Nc1cccc(S(=O)(=O)NC(C)(C)C)c1",
          "state_of_matter": "SOLID",
          "molecular_weight": 524.6781399999998,
          "density": 1.4,
          "mass": 524.6781399999998,
          "is_produced_by": [
            "e61fce44-d2b0-4d3b-9b01-103aeb856cee"
          ],
          "is_consumed_by": [],
          "provenance__density": "dummy estimator based on mw",
          "provenance__is_consumed_by": null,
          "provenance__is_produced_by": null,
          "provenance__mass": null,
          "provenance__molecular_weight": "periodic table",
          "provenance__smiles": null,
          "provenance__state_of_matter": "dummy estimator based on mw"
        }
      ],
      "stoichiometry": {
        "5d570008-575f-4a95-8b96-06243253012c": 1.0,
        "e8e0a7d1-f17e-4d4a-9f61-b5eb9c199db8": 1.0,
        "183226e5-b47d-4179-b97f-6839672bf9a2": -1.0
      },
      "temperature": 346.08960286974906,
      "intended_ratios": {
        "5d570008-575f-4a95-8b96-06243253012c": 1.0,
        "e8e0a7d1-f17e-4d4a-9f61-b5eb9c199db8": 1.0,
        "8376d295-e456-4e95-af00-0c703b71b8b8": 1.0,
        "a9bd2abc-51d6-49bc-a4de-f6ff18ea78f4": 1.0
      },
      "expected_yields": {
        "183226e5-b47d-4179-b97f-6839672bf9a2": 1.0
      },
      "reaction_extent": 1.0
    },
    {
      "identifier": "c1fc1c38-1047-43d2-9247-1132bcb76f9b",
      "reactants": [
        {
          "identifier": "13e0bf0b-e245-4f04-a819-107bed88056d",
          "smiles": "Cc1cnc(Nc2ccc(OCc3ccccc3)cc2)nc1Nc1cccc(S(=O)(=O)NC(C)(C)C)c1",
          "state_of_matter": "SOLID",
          "molecular_weight": 517.6424400000001,
          "density": 1.4,
          "mass": 517.6424400000001,
          "is_produced_by": [],
          "is_consumed_by": [
            "c1fc1c38-1047-43d2-9247-1132bcb76f9b"
          ],
          "provenance__density": "dummy estimator based on mw",
          "provenance__is_consumed_by": null,
          "provenance__is_produced_by": null,
          "provenance__mass": null,
          "provenance__molecular_weight": "periodic table",
          "provenance__smiles": null,
          "provenance__state_of_matter": "dummy estimator based on mw"
        }
      ],
      "reagents": [
        {
          "identifier": "7877e3e0-6729-4415-b99d-827e5dc1eb06",
          "smiles": "CO",
          "state_of_matter": "LIQUID",
          "molecular_weight": 32.04186000000001,
          "density": 1.0,
          "mass": 32.04186000000001,
          "is_produced_by": [],
          "is_consumed_by": [
            "c1fc1c38-1047-43d2-9247-1132bcb76f9b"
          ],
          "provenance__density": "dummy estimator based on mw",
          "provenance__is_consumed_by": null,
          "provenance__is_produced_by": null,
          "provenance__mass": null,
          "provenance__molecular_weight": "periodic table",
          "provenance__smiles": null,
          "provenance__state_of_matter": "dummy estimator based on mw"
        },
        {
          "identifier": "b4da30ef-ef8a-4738-97fd-3b220d693af1",
          "smiles": "[Pd]",
          "state_of_matter": "SOLID",
          "molecular_weight": 106.42,
          "density": 1.4,
          "mass": 106.42,
          "is_produced_by": [],
          "is_consumed_by": [
            "c1fc1c38-1047-43d2-9247-1132bcb76f9b"
          ],
          "provenance__density": "dummy estimator based on mw",
          "provenance__is_consumed_by": null,
          "provenance__is_produced_by": null,
          "provenance__mass": null,
          "provenance__molecular_weight": "periodic table",
          "provenance__smiles": null,
          "provenance__state_of_matter": "dummy estimator based on mw"
        }
      ],
      "products": [
        {
          "identifier": "5c8dcd4f-483e-49bd-a736-bc4fcb85d326",
          "smiles": "Cc1cnc(Nc2ccc(O)cc2)nc1Nc1cccc(S(=O)(=O)NC(C)(C)C)c1",
          "state_of_matter": "SOLID",
          "molecular_weight": 427.51990000000035,
          "density": 1.4,
          "mass": 427.51990000000035,
          "is_produced_by": [
            "c1fc1c38-1047-43d2-9247-1132bcb76f9b"
          ],
          "is_consumed_by": [],
          "provenance__density": "dummy estimator based on mw",
          "provenance__is_consumed_by": null,
          "provenance__is_produced_by": null,
          "provenance__mass": null,
          "provenance__molecular_weight": "periodic table",
          "provenance__smiles": null,
          "provenance__state_of_matter": "dummy estimator based on mw"
        }
      ],
      "stoichiometry": {
        "13e0bf0b-e245-4f04-a819-107bed88056d": 1.0,
        "5c8dcd4f-483e-49bd-a736-bc4fcb85d326": -1.0
      },
      "temperature": 290.56993040442467,
      "intended_ratios": {
        "13e0bf0b-e245-4f04-a819-107bed88056d": 1.0,
        "7877e3e0-6729-4415-b99d-827e5dc1eb06": 1.0,
        "b4da30ef-ef8a-4738-97fd-3b220d693af1": 1.0
      },
      "expected_yields": {
        "5c8dcd4f-483e-49bd-a736-bc4fcb85d326": 1.0
      },
      "reaction_extent": 1.0
    },
    {
      "identifier": "d7050865-e55d-49a9-8501-3f2583e192a4",
      "reactants": [
        {
          "identifier": "9971eb32-9729-4425-8530-90cb96b80efb",
          "smiles": "O=C(NCCN(CCO)CC1CC1)c1ccc(NS(=O)(=O)c2cccc3cccnc23)cc1",
          "state_of_matter": "SOLID",
          "molecular_weight": 468.5685200000002,
          "density": 1.4,
          "mass": 468.5685200000002,
          "is_produced_by": [],
          "is_consumed_by": [
            "d7050865-e55d-49a9-8501-3f2583e192a4"
          ],
          "provenance__density": "dummy estimator based on mw",
          "provenance__is_consumed_by": null,
          "provenance__is_produced_by": null,
          "provenance__mass": null,
          "provenance__molecular_weight": "periodic table",
          "provenance__smiles": null,
          "provenance__state_of_matter": "dummy estimator based on mw"
        }
      ],
      "reagents": [
        {
          "identifier": "d4d4a8bf-09b1-4902-a869-8d26772a61b5",
          "smiles": "ClCCl",
          "state_of_matter": "LIQUID",
          "molecular_weight": 84.93258000000002,
          "density": 1.0,
          "mass": 84.93258000000002,
          "is_produced_by": [],
          "is_consumed_by": [
            "d7050865-e55d-49a9-8501-3f2583e192a4"
          ],
          "provenance__density": "dummy estimator based on mw",
          "provenance__is_consumed_by": null,
          "provenance__is_produced_by": null,
          "provenance__mass": null,
          "provenance__molecular_weight": "periodic table",
          "provenance__smiles": null,
          "provenance__state_of_matter": "dummy estimator based on mw"
        },
        {
          "identifier": "5513d1d2-841f-404d-99a1-aa194753e855",
          "smiles": "O=C(O)O[Na]",
          "state_of_matter": "SOLID",
          "molecular_weight": 84.00661000000001,
          "density": 1.4,
          "mass": 84.00661000000001,
          "is_produced_by": [],
          "is_consumed_by": [
            "d7050865-e55d-49a9-8501-3f2583e192a4"
          ],
          "provenance__density": "dummy estimator based on mw",
          "provenance__is_consumed_by": null,
          "provenance__is_produced_by": null,
          "provenance__mass": null,
          "provenance__molecular_weight": "periodic table",
          "provenance__smiles": null,
          "provenance__state_of_matter": "dummy estimator based on mw"
        },
        {
          "identifier": "085da5ce-aff5-4c04-8b9e-5da1dda8754b",
          "smiles": "CC(=O)OI1(OC(C)=O)(OC(C)=O)OC(=O)c2ccccc21",
          "state_of_matter": "SOLID",
          "molecular_weight": 424.1419900000001,
          "density": 1.4,
          "mass": 424.1419900000001,
          "is_produced_by": [],
          "is_consumed_by": [
            "d7050865-e55d-49a9-8501-3f2583e192a4"
          ],
          "provenance__density": "dummy estimator based on mw",
          "provenance__is_consumed_by": null,
          "provenance__is_produced_by": null,
          "provenance__mass": null,
          "provenance__molecular_weight": "periodic table",
          "provenance__smiles": null,
          "provenance__state_of_matter": "dummy estimator based on mw"
        }
      ],
      "products": [
        {
          "identifier": "6f9f9cbe-c9b8-4418-b9e6-c2d1752b5490",
          "smiles": "O=CCN(CCNC(=O)c1ccc(NS(=O)(=O)c2cccc3cccnc23)cc1)CC1CC1",
          "state_of_matter": "SOLID",
          "molecular_weight": 466.5526400000003,
          "density": 1.4,
          "mass": 466.5526400000003,
          "is_produced_by": [
            "d7050865-e55d-49a9-8501-3f2583e192a4"
          ],
          "is_consumed_by": [],
          "provenance__density": "dummy estimator based on mw",
          "provenance__is_consumed_by": null,
          "provenance__is_produced_by": null,
          "provenance__mass": null,
          "provenance__molecular_weight": "periodic table",
          "provenance__smiles": null,
          "provenance__state_of_matter": "dummy estimator based on mw"
        }
      ],
      "stoichiometry": {
        "9971eb32-9729-4425-8530-90cb96b80efb": 1.0,
        "6f9f9cbe-c9b8-4418-b9e6-c2d1752b5490": -1.0
      },
      "temperature": 299.559163749218,
      "intended_ratios": {
        "9971eb32-9729-4425-8530-90cb96b80efb": 1.0,
        "d4d4a8bf-09b1-4902-a869-8d26772a61b5": 1.0,
        "5513d1d2-841f-404d-99a1-aa194753e855": 1.0,
        "085da5ce-aff5-4c04-8b9e-5da1dda8754b": 1.0
      },
      "expected_yields": {
        "6f9f9cbe-c9b8-4418-b9e6-c2d1752b5490": 1.0
      },
      "reaction_extent": 1.0
    }
  ],
  "molecular_nodes": [
    "C1COCCO1",
    "CC#N",
    "CC(=O)OI1(OC(C)=O)(OC(C)=O)OC(=O)c2ccccc21",
    "CC(=O)O[BH-](OC(C)=O)OC(C)=O.[Na+]",
    "CC(C)(C)NS(=O)(=O)c1cccc(N)c1",
    "CC(C)(C)OC(=O)NCCN",
    "CC(C)(C)OC(=O)NCCN(CCO)CC1CC1",
    "CC(C)(C)OC(=O)NCCNCC1CC1",
    "CC(C)=O",
    "CC(C)n1nccc1-c1ncccc1CCl",
    "CC(C)n1nccc1-c1ncccc1CO",
    "CC(C)n1nccc1-c1ncccc1COc1cccc(O)c1C=O",
    "CC(C)n1nccc1B1OC(C)(C)C(C)(C)O1",
    "CCN(CC)CC",
    "CN(C)C=O",
    "CO",
    "COC(=O)c1ccc(N)cc1",
    "COC(=O)c1ccc(NS(=O)(=O)c2cccc3cccnc23)cc1",
    "CS(=O)(=O)Cl",
    "C[Al](C)C",
    "Cc1ccccc1",
    "Cc1cnc(Cl)nc1Cl",
    "Cc1cnc(Cl)nc1Nc1cccc(S(=O)(=O)NC(C)(C)C)c1",
    "Cc1cnc(Nc2ccc(O)cc2)nc1Nc1cccc(S(=O)(=O)NC(C)(C)C)c1",
    "Cc1cnc(Nc2ccc(OCCN3CCCC3)cc2)nc1Nc1cccc(S(=O)(=O)NC(C)(C)C)c1",
    "Cc1cnc(Nc2ccc(OCc3ccccc3)cc2)nc1Nc1cccc(S(=O)(=O)NC(C)(C)C)c1",
    "Cl",
    "ClCCCl",
    "ClCCN1CCCC1",
    "ClCCl",
    "NCCN(CCO)CC1CC1",
    "Nc1ccc(OCc2ccccc2)cc1",
    "O",
    "O=C(NCCN(CCO)CC1CC1)c1ccc(NS(=O)(=O)c2cccc3cccnc23)cc1",
    "O=C(O)O[Na]",
    "O=C(O[K])O[K]",
    "O=CC1CC1",
    "O=CCN(CCNC(=O)c1ccc(NS(=O)(=O)c2cccc3cccnc23)cc1)CC1CC1",
    "O=Cc1c(O)cccc1O",
    "O=S(=O)(Cl)c1cccc2cccnc12",
    "OCCBr",
    "OCc1cccnc1Cl",
    "O[Na]",
    "[Pd]",
    "c1ccncc1"
  ],
  "edges": [
    [
      "04f4bc0c-71cc-4a5a-82d9-ecfa44b54ebf",
      "NCCN(CCO)CC1CC1"
    ],
    [
      "2204caaa-b4cd-4b5d-945d-de3b187b89b0",
      "CC(C)n1nccc1-c1ncccc1CO"
    ],
    [
      "31a6fff7-25b2-4616-bd04-58b41a3c4045",
      "CC(C)(C)OC(=O)NCCNCC1CC1"
    ],
    [
      "99eb23ac-fa46-4f0a-96f6-cb93bc881e53",
      "Cc1cnc(Cl)nc1Nc1cccc(S(=O)(=O)NC(C)(C)C)c1"
    ],
    [
      "C1COCCO1",
      "04f4bc0c-71cc-4a5a-82d9-ecfa44b54ebf"
    ],
    [
      "C1COCCO1",
      "2204caaa-b4cd-4b5d-945d-de3b187b89b0"
    ],
    [
      "C1COCCO1",
      "d37b89f1-2c77-4b5d-9b24-e6eb1e7570de"
    ],
    [
      "CC#N",
      "afd1a9f8-650e-45a7-a444-ff3ef1b62fa7"
    ],
    [
      "CC(=O)OI1(OC(C)=O)(OC(C)=O)OC(=O)c2ccccc21",
      "d7050865-e55d-49a9-8501-3f2583e192a4"
    ],
    [
      "CC(=O)O[BH-](OC(C)=O)OC(C)=O.[Na+]",
      "31a6fff7-25b2-4616-bd04-58b41a3c4045"
    ],
    [
      "CC(C)(C)NS(=O)(=O)c1cccc(N)c1",
      "99eb23ac-fa46-4f0a-96f6-cb93bc881e53"
    ],
    [
      "CC(C)(C)OC(=O)NCCN",
      "31a6fff7-25b2-4616-bd04-58b41a3c4045"
    ],
    [
      "CC(C)(C)OC(=O)NCCN(CCO)CC1CC1",
      "04f4bc0c-71cc-4a5a-82d9-ecfa44b54ebf"
    ],
    [
      "CC(C)(C)OC(=O)NCCNCC1CC1",
      "afd1a9f8-650e-45a7-a444-ff3ef1b62fa7"
    ],
    [
      "CC(C)=O",
      "e61fce44-d2b0-4d3b-9b01-103aeb856cee"
    ],
    [
      "CC(C)n1nccc1-c1ncccc1CCl",
      "fe5ff4ef-4a51-4cdd-a6a9-0be297857aea"
    ],
    [
      "CC(C)n1nccc1-c1ncccc1CO",
      "a48f8efa-2150-477c-bd49-202826ed2fd3"
    ],
    [
      "CC(C)n1nccc1B1OC(C)(C)C(C)(C)O1",
      "2204caaa-b4cd-4b5d-945d-de3b187b89b0"
    ],
    [
      "CCN(CC)CC",
      "a48f8efa-2150-477c-bd49-202826ed2fd3"
    ],
    [
      "CN(C)C=O",
      "fe5ff4ef-4a51-4cdd-a6a9-0be297857aea"
    ],
    [
      "CO",
      "99eb23ac-fa46-4f0a-96f6-cb93bc881e53"
    ],
    [
      "CO",
      "c1fc1c38-1047-43d2-9247-1132bcb76f9b"
    ],
    [
      "COC(=O)c1ccc(N)cc1",
      "e3195f6e-0513-4bb5-ad17-bc628ba89bbe"
    ],
    [
      "COC(=O)c1ccc(NS(=O)(=O)c2cccc3cccnc23)cc1",
      "f19bc28f-aae5-4f6c-9b33-605b3b796c53"
    ],
    [
      "CS(=O)(=O)Cl",
      "a48f8efa-2150-477c-bd49-202826ed2fd3"
    ],
    [
      "C[Al](C)C",
      "f19bc28f-aae5-4f6c-9b33-605b3b796c53"
    ],
    [
      "Cc1ccccc1",
      "f19bc28f-aae5-4f6c-9b33-605b3b796c53"
    ],
    [
      "Cc1cnc(Cl)nc1Cl",
      "99eb23ac-fa46-4f0a-96f6-cb93bc881e53"
    ],
    [
      "Cc1cnc(Cl)nc1Nc1cccc(S(=O)(=O)NC(C)(C)C)c1",
      "d37b89f1-2c77-4b5d-9b24-e6eb1e7570de"
    ],
    [
      "Cc1cnc(Nc2ccc(O)cc2)nc1Nc1cccc(S(=O)(=O)NC(C)(C)C)c1",
      "e61fce44-d2b0-4d3b-9b01-103aeb856cee"
    ],
    [
      "Cc1cnc(Nc2ccc(OCc3ccccc3)cc2)nc1Nc1cccc(S(=O)(=O)NC(C)(C)C)c1",
      "c1fc1c38-1047-43d2-9247-1132bcb76f9b"
    ],
    [
      "Cl",
      "04f4bc0c-71cc-4a5a-82d9-ecfa44b54ebf"
    ],
    [
      "Cl",
      "d37b89f1-2c77-4b5d-9b24-e6eb1e7570de"
    ],
    [
      "Cl",
      "fe5ff4ef-4a51-4cdd-a6a9-0be297857aea"
    ],
    [
      "ClCCCl",
      "31a6fff7-25b2-4616-bd04-58b41a3c4045"
    ],
    [
      "ClCCN1CCCC1",
      "e61fce44-d2b0-4d3b-9b01-103aeb856cee"
    ],
    [
      "ClCCl",
      "a48f8efa-2150-477c-bd49-202826ed2fd3"
    ],
    [
      "ClCCl",
      "d7050865-e55d-49a9-8501-3f2583e192a4"
    ],
    [
      "NCCN(CCO)CC1CC1",
      "f19bc28f-aae5-4f6c-9b33-605b3b796c53"
    ],
    [
      "Nc1ccc(OCc2ccccc2)cc1",
      "d37b89f1-2c77-4b5d-9b24-e6eb1e7570de"
    ],
    [
      "O",
      "2204caaa-b4cd-4b5d-945d-de3b187b89b0"
    ],
    [
      "O=C(NCCN(CCO)CC1CC1)c1ccc(NS(=O)(=O)c2cccc3cccnc23)cc1",
      "d7050865-e55d-49a9-8501-3f2583e192a4"
    ],
    [
      "O=C(O)O[Na]",
      "2204caaa-b4cd-4b5d-945d-de3b187b89b0"
    ],
    [
      "O=C(O)O[Na]",
      "d7050865-e55d-49a9-8501-3f2583e192a4"
    ],
    [
      "O=C(O[K])O[K]",
      "afd1a9f8-650e-45a7-a444-ff3ef1b62fa7"
    ],
    [
      "O=C(O[K])O[K]",
      "e61fce44-d2b0-4d3b-9b01-103aeb856cee"
    ],
    [
      "O=C(O[K])O[K]",
      "fe5ff4ef-4a51-4cdd-a6a9-0be297857aea"
    ],
    [
      "O=CC1CC1",
      "31a6fff7-25b2-4616-bd04-58b41a3c4045"
    ],
    [
      "O=Cc1c(O)cccc1O",
      "fe5ff4ef-4a51-4cdd-a6a9-0be297857aea"
    ],
    [
      "O=S(=O)(Cl)c1cccc2cccnc12",
      "e3195f6e-0513-4bb5-ad17-bc628ba89bbe"
    ],
    [
      "OCCBr",
      "afd1a9f8-650e-45a7-a444-ff3ef1b62fa7"
    ],
    [
      "OCc1cccnc1Cl",
      "2204caaa-b4cd-4b5d-945d-de3b187b89b0"
    ],
    [
      "O[Na]",
      "31a6fff7-25b2-4616-bd04-58b41a3c4045"
    ],
    [
      "[Pd]",
      "c1fc1c38-1047-43d2-9247-1132bcb76f9b"
    ],
    [
      "a48f8efa-2150-477c-bd49-202826ed2fd3",
      "CC(C)n1nccc1-c1ncccc1CCl"
    ],
    [
      "afd1a9f8-650e-45a7-a444-ff3ef1b62fa7",
      "CC(C)(C)OC(=O)NCCN(CCO)CC1CC1"
    ],
    [
      "c1ccncc1",
      "e3195f6e-0513-4bb5-ad17-bc628ba89bbe"
    ],
    [
      "c1fc1c38-1047-43d2-9247-1132bcb76f9b",
      "Cc1cnc(Nc2ccc(O)cc2)nc1Nc1cccc(S(=O)(=O)NC(C)(C)C)c1"
    ],
    [
      "d37b89f1-2c77-4b5d-9b24-e6eb1e7570de",
      "Cc1cnc(Nc2ccc(OCc3ccccc3)cc2)nc1Nc1cccc(S(=O)(=O)NC(C)(C)C)c1"
    ],
    [
      "d7050865-e55d-49a9-8501-3f2583e192a4",
      "O=CCN(CCNC(=O)c1ccc(NS(=O)(=O)c2cccc3cccnc23)cc1)CC1CC1"
    ],
    [
      "e3195f6e-0513-4bb5-ad17-bc628ba89bbe",
      "COC(=O)c1ccc(NS(=O)(=O)c2cccc3cccnc23)cc1"
    ],
    [
      "e61fce44-d2b0-4d3b-9b01-103aeb856cee",
      "Cc1cnc(Nc2ccc(OCCN3CCCC3)cc2)nc1Nc1cccc(S(=O)(=O)NC(C)(C)C)c1"
    ],
    [
      "f19bc28f-aae5-4f6c-9b33-605b3b796c53",
      "O=C(NCCN(CCO)CC1CC1)c1ccc(NS(=O)(=O)c2cccc3cccnc23)cc1"
    ],
    [
      "fe5ff4ef-4a51-4cdd-a6a9-0be297857aea",
      "CC(C)n1nccc1-c1ncccc1COc1cccc(O)c1C=O"
    ]
  ]
}