{
  "identifier": "a1767654-ac13-4272-a0b9-6d755d0375c2",
  "chemical_reactions": [
    {
      "identifier": "45cabfd0-c588-4fae-8937-72d1b435d2c1",
      "reactants": [
        {
          "identifier": "3e523f76-6b9d-4536-a658-dc3553236129",
          "smiles": "CC(C)(C)NS(=O)(=O)c1cccc(N)c1",
          "state_of_matter": "SOLID",
          "molecular_weight": 228.31123999999977,
          "density": 1.4,
          "mass": 2.2831123999999976,
          "is_produced_by": [],
          "is_consumed_by": [
            "45cabfd0-c588-4fae-8937-72d1b435d2c1"
          ],
          "provenance__density": "dummy estimator based on mw",
          "provenance__is_consumed_by": null,
          "provenance__is_produced_by": null,
          "provenance__mass": null,
          "provenance__molecular_weight": "periodic table",
          "provenance__smiles": null,
          "provenance__state_of_matter": "dummy estimator based on mw"
        },
        {
          "identifier": "7ee160a7-0389-4627-8217-3eb50fb165ef",
          "smiles": "Cc1cnc(Cl)nc1Cl",
          "state_of_matter": "LIQUID",
          "molecular_weight": 163.00465999999994,
          "density": 1.0,
          "mass": 1.6300465999999996,
          "is_produced_by": [],
          "is_consumed_by": [
            "45cabfd0-c588-4fae-8937-72d1b435d2c1"
          ],
          "provenance__density": "dummy estimator based on mw",
          "provenance__is_consumed_by": null,
          "provenance__is_produced_by": null,
          "provenance__mass": null,
          "provenance__molecular_weight": "periodic table",
          "provenance__smiles": null,
          "provenance__state_of_matter": "dummy estimator based on mw"
        }
      ],
      "reagents": [
        {
          "identifier": "6e32bf69-863a-45be-a231-947e46e7bf30",
          "smiles": "CO",
          "state_of_matter": "LIQUID",
          "molecular_weight": 32.04186000000001,
          "density": 1.0,
          "mass": 0.32041860000000005,
          "is_produced_by": [],
          "is_consumed_by": [
            "45cabfd0-c588-4fae-8937-72d1b435d2c1"
          ],
          "provenance__density": "dummy estimator based on mw",
          "provenance__is_consumed_by": null,
          "provenance__is_produced_by": null,
          "provenance__mass": null,
          "provenance__molecular_weight": "periodic table",
          "provenance__smiles": null,
          "provenance__state_of_matter": "dummy estimator based on mw"
        }
      ],
      "products": [
        {
          "identifier": "b2b0685a-4704-4c0c-b9c3-ca8654db78d1",
          "smiles": "Cc1cnc(Cl)nc1Nc1cccc(S(=O)(=O)NC(C)(C)C)c1",
          "state_of_matter": "SOLID",
          "molecular_weight": 354.8549600000003,
          "density": 1.4,
          "mass": 3.548549600000003,
          "is_produced_by": [
            "45cabfd0-c588-4fae-8937-72d1b435d2c1"
          ],
          "is_consumed_by": [],
          "provenance__density": "dummy estimator based on mw",
          "provenance__is_consumed_by": null,
          "provenance__is_produced_by": null,
          "provenance__mass": null,
          "provenance__molecular_weight": "periodic table",
          "provenance__smiles": null,
          "provenance__state_of_matter": "dummy estimator based on mw"
        }
      ],
      "stoichiometry": {
        "3e523f76-6b9d-4536-a658-dc3553236129": 1.0,
        "7ee160a7-0389-4627-8217-3eb50fb165ef": 1.0,
        "b2b0685a-4704-4c0c-b9c3-ca8654db78d1": -1.0
      },
      "temperature": 324.2890065729618,
      "intended_ratios": {
        "3e523f76-6b9d-4536-a658-dc3553236129": 1.0,
        "7ee160a7-0389-4627-8217-3eb50fb165ef": 1.0,
        "6e32bf69-863a-45be-a231-947e46e7bf30": 1.0
      },
      "expected_yields": {
        "b2b0685a-4704-4c0c-b9c3-ca8654db78d1": 1.0
      },
      "reaction_extent": 0.01
    },
    {
      "identifier": "751deb66-b62b-404d-b4e9-4a83ae2fb0c2",
      "reactants": [
        {
          "identifier": "18e47d58-b256-40e0-8f51-e195d7b35f87",
          "smiles": "CC(C)n1nccc1-c1ncccc1CCl",
          "state_of_matter": "SOLID",
          "molecular_weight": 236.72059999999982,
          "density": 1.4,
          "mass": 2.367205999999998,
          "is_produced_by": [],
          "is_consumed_by": [
            "751deb66-b62b-404d-b4e9-4a83ae2fb0c2"
          ],
          "provenance__density": "dummy estimator based on mw",
          "provenance__is_consumed_by": null,
          "provenance__is_produced_by": null,
          "provenance__mass": null,
          "provenance__molecular_weight": "periodic table",
          "provenance__smiles": null,
          "provenance__state_of_matter": "dummy estimator based on mw"
        },
        {
          "identifier": "ee7443d1-4f4b-42eb-9754-71387f70ece5",
          "smiles": "O=Cc1c(O)cccc1O",
          "state_of_matter": "LIQUID",
          "molecular_weight": 138.12073999999996,
          "density": 1.0,
          "mass": 1.3812073999999996,
          "is_produced_by": [],
          "is_consumed_by": [
            "751deb66-b62b-404d-b4e9-4a83ae2fb0c2"
          ],
          "provenance__density": "dummy estimator based on mw",
          "provenance__is_consumed_by": null,
          "provenance__is_produced_by": null,
          "provenance__mass": null,
          "provenance__molecular_weight": "periodic table",
          "provenance__smiles": null,
          "provenance__state_of_matter": "dummy estimator based on mw"
        }
      ],
      "reagents": [
        {
          "identifier": "17fb0806-dfc8-4da4-a0a0-2f21d0e2db6b",
          "smiles": "CN(C)C=O",
          "state_of_matter": "LIQUID",
          "molecular_weight": 73.09378000000004,
          "density": 1.0,
          "mass": 0.7309378000000004,
          "is_produced_by": [],
          "is_consumed_by": [
            "751deb66-b62b-404d-b4e9-4a83ae2fb0c2"
          ],
          "provenance__density": "dummy estimator based on mw",
          "provenance__is_consumed_by": null,
          "provenance__is_produced_by": null,
          "provenance__mass": null,
          "provenance__molecular_weight": "periodic table",
          "provenance__smiles": null,
          "provenance__state_of_matter": "dummy estimator based on mw"
        },
        {
          "identifier": "e82cc85a-981a-44d3-abeb-96d49782c8de",
          "smiles": "Cl",
          "state_of_matter": "LIQUID",
          "molecular_weight": 36.46094,
          "density": 1.0,
          "mass": 0.36460940000000003,
          "is_produced_by": [],
          "is_consumed_by": [
            "751deb66-b62b-404d-b4e9-4a83ae2fb0c2"
          ],
          "provenance__density": "dummy estimator based on mw",
          "provenance__is_consumed_by": null,
          "provenance__is_produced_by": null,
          "provenance__mass": null,
          "provenance__molecular_weight": "periodic table",
          "provenance__smiles": null,
          "provenance__state_of_matter": "dummy estimator based on mw"
        },
        {
          "identifier": "a523ae04-4746-4857-aefb-1d788f76cc63",
          "smiles": "O=C(O[K])O[K]",
          "state_of_matter": "SOLID",
          "molecular_weight": 138.2055,
          "density": 1.4,
          "mass": 1.382055,
          "is_produced_by": [],
          "is_consumed_by": [
            "751deb66-b62b-404d-b4e9-4a83ae2fb0c2"
          ],
          "provenance__density": "dummy estimator based on mw",
          "provenance__is_consumed_by": null,
          "provenance__is_produced_by": null,
          "provenance__mass": null,
          "provenance__molecular_weight": "periodic table",
          "provenance__smiles": null,
          "provenance__state_of_matter": "dummy estimator based on mw"
        }
      ],
      "products": [
        {
          "identifier": "a9828945-df06-47c9-999a-b535053b166b",
          "smiles": "CC(C)n1nccc1-c1ncccc1COc1cccc(O)c1C=O",
          "state_of_matter": "SOLID",
          "molecular_weight": 338.38040000000024,
          "density": 1.4,
          "mass": 3.3838040000000023,
          "is_produced_by": [
            "751deb66-b62b-404d-b4e9-4a83ae2fb0c2"
          ],
          "is_consumed_by": [],
          "provenance__density": "dummy estimator based on mw",
          "provenance__is_consumed_by": null,
          "provenance__is_produced_by": null,
          "provenance__mass": null,
          "provenance__molecular_weight": "periodic table",
          "provenance__smiles": null,
          "provenance__state_of_matter": "dummy estimator based on mw"
        }
      ],
      "stoichiometry": {
        "18e47d58-b256-40e0-8f51-e195d7b35f87": 1.0,
        "ee7443d1-4f4b-42eb-9754-71387f70ece5": 1.0,
        "a9828945-df06-47c9-999a-b535053b166b": -1.0
      },
      "temperature": 305.7333455622196,
      "intended_ratios": {
        "18e47d58-b256-40e0-8f51-e195d7b35f87": 1.0,
        "ee7443d1-4f4b-42eb-9754-71387f70ece5": 1.0,
        "17fb0806-dfc8-4da4-a0a0-2f21d0e2db6b": 1.0,
        "e82cc85a-981a-44d3-abeb-96d49782c8de": 1.0,
        "a523ae04-4746-4857-aefb-1d788f76cc63": 1.0
      },
      "expected_yields": {
        "a9828945-df06-47c9-999a-b535053b166b": 1.0
      },
      "reaction_extent": 0.01
    },
    {
      "identifier": "ba90eeb3-fae4-4dcf-abf2-d4d38a1a0ebd",
      "reactants": [
        {
          "identifier": "789d5630-b1ea-4b97-8ff2-a7f569f8ade8",
          "smiles": "CC(C)n1nccc1-c1ncccc1CO",
          "state_of_matter": "SOLID",
          "molecular_weight": 218.27493999999982,
          "density": 1.4,
          "mass": 2.1827493999999983,
          "is_produced_by": [],
          "is_consumed_by": [
            "ba90eeb3-fae4-4dcf-abf2-d4d38a1a0ebd"
          ],
          "provenance__density": "dummy estimator based on mw",
          "provenance__is_consumed_by": null,
          "provenance__is_produced_by": null,
          "provenance__mass": null,
          "provenance__molecular_weight": "periodic table",
          "provenance__smiles": null,
          "provenance__state_of_matter": "dummy estimator based on mw"
        }
      ],
      "reagents": [
        {
          "identifier": "19b536c9-3d03-44ae-a3c6-4b1f36be56ee",
          "smiles": "ClCCl",
          "state_of_matter": "LIQUID",
          "molecular_weight": 84.93258000000002,
          "density": 1.0,
          "mass": 0.8493258000000001,
          "is_produced_by": [],
          "is_consumed_by": [
            "ba90eeb3-fae4-4dcf-abf2-d4d38a1a0ebd"
          ],
          "provenance__density": "dummy estimator based on mw",
          "provenance__is_consumed_by": null,
          "provenance__is_produced_by": null,
          "provenance__mass": null,
          "provenance__molecular_weight": "periodic table",
          "provenance__smiles": null,
          "provenance__state_of_matter": "dummy estimator based on mw"
        },
        {
          "identifier": "e63fa6d9-511f-4759-b315-62c571825800",
          "smiles": "CCN(CC)CC",
          "state_of_matter": "LIQUID",
          "molecular_weight": 101.19000000000008,
          "density": 1.0,
          "mass": 1.011900000000001,
          "is_produced_by": [],
          "is_consumed_by": [
            "ba90eeb3-fae4-4dcf-abf2-d4d38a1a0ebd"
          ],
          "provenance__density": "dummy estimator based on mw",
          "provenance__is_consumed_by": null,
          "provenance__is_produced_by": null,
          "provenance__mass": null,
          "provenance__molecular_weight": "periodic table",
          "provenance__smiles": null,
          "provenance__state_of_matter": "dummy estimator based on mw"
        },
        {
          "identifier": "4687a914-7368-41ec-af63-2c48c55ff0b1",
          "smiles": "CS(=O)(=O)Cl",
          "state_of_matter": "LIQUID",
          "molecular_weight": 114.55132000000002,
          "density": 1.0,
          "mass": 1.1455132000000001,
          "is_produced_by": [],
          "is_consumed_by": [
            "ba90eeb3-fae4-4dcf-abf2-d4d38a1a0ebd"
          ],
          "provenance__density": "dummy estimator based on mw",
          "provenance__is_consumed_by": null,
          "provenance__is_produced_by": null,
          "provenance__mass": null,
          "provenance__molecular_weight": "periodic table",
          "provenance__smiles": null,
          "provenance__state_of_matter": "dummy estimator based on mw"
        }
      ],
      "products": [
        {
          "identifier": "9c3a3b27-c54d-48a0-a988-8516bbe4e050",
          "smiles": "CC(C)n1nccc1-c1ncccc1CCl",
          "state_of_matter": "SOLID",
          "molecular_weight": 236.72059999999982,
          "density": 1.4,
          "mass": 2.367205999999998,
          "is_produced_by": [
            "ba90eeb3-fae4-4dcf-abf2-d4d38a1a0ebd"
          ],
          "is_consumed_by": [],
          "provenance__density": "dummy estimator based on mw",
          "provenance__is_consumed_by": null,
          "provenance__is_produced_by": null,
          "provenance__mass": null,
          "provenance__molecular_weight": "periodic table",
          "provenance__smiles": null,
          "provenance__state_of_matter": "dummy estimator based on mw"
        }
      ],
      "stoichiometry": {
        "789d5630-b1ea-4b97-8ff2-a7f569f8ade8": 1.0,
        "9c3a3b27-c54d-48a0-a988-8516bbe4e050": -1.0
      },
      "temperature": 283.1918331205845,
      "intended_ratios": {
        "789d5630-b1ea-4b97-8ff2-a7f569f8ade8": 1.0,
        "19b536c9-3d03-44ae-a3c6-4b1f36be56ee": 1.0,
        "e63fa6d9-511f-4759-b315-62c571825800": 1.0,
        "4687a914-7368-41ec-af63-2c48c55ff0b1": 1.0
      },
      "expected_yields": {
        "9c3a3b27-c54d-48a0-a988-8516bbe4e050": 1.0
      },
      "reaction_extent": 0.01
    },
    {
      "identifier": "9e30b589-4b83-4797-aa93-051a259b4643",
      "reactants": [
        {
          "identifier": "386c77a8-49e9-484b-a54c-6d2b80744516",
          "smiles": "CC(C)n1nccc1B1OC(C)(C)C(C)(C)O1",
          "state_of_matter": "SOLID",
          "molecular_weight": 237.12627999999975,
          "density": 1.4,
          "mass": 2.3712627999999976,
          "is_produced_by": [],
          "is_consumed_by": [
            "9e30b589-4b83-4797-aa93-051a259b4643"
          ],
          "provenance__density": "dummy estimator based on mw",
          "provenance__is_consumed_by": null,
          "provenance__is_produced_by": null,
          "provenance__mass": null,
          "provenance__molecular_weight": "periodic table",
          "provenance__smiles": null,
          "provenance__state_of_matter": "dummy estimator based on mw"
        },
        {
          "identifier": "e658a53b-9c9b-4a6d-ae65-341666dfcf16",
          "smiles": "OCc1cccnc1Cl",
          "state_of_matter": "LIQUID",
          "molecular_weight": 143.57093999999995,
          "density": 1.0,
          "mass": 1.4357093999999995,
          "is_produced_by": [],
          "is_consumed_by": [
            "9e30b589-4b83-4797-aa93-051a259b4643"
          ],
          "provenance__density": "dummy estimator based on mw",
          "provenance__is_consumed_by": null,
          "provenance__is_produced_by": null,
          "provenance__mass": null,
          "provenance__molecular_weight": "periodic table",
          "provenance__smiles": null,
          "provenance__state_of_matter": "dummy estimator based on mw"
        }
      ],
      "reagents": [
        {
          "identifier": "caac805d-4b36-48bc-bb27-4586f16def85",
          "smiles": "O",
          "state_of_matter": "LIQUID",
          "molecular_weight": 18.01528,
          "density": 1.0,
          "mass": 0.1801528,
          "is_produced_by": [],
          "is_consumed_by": [
            "9e30b589-4b83-4797-aa93-051a259b4643"
          ],
          "provenance__density": "dummy estimator based on mw",
          "provenance__is_consumed_by": null,
          "provenance__is_produced_by": null,
          "provenance__mass": null,
          "provenance__molecular_weight": "periodic table",
          "provenance__smiles": null,
          "provenance__state_of_matter": "dummy estimator based on mw"
        },
        {
          "identifier": "56ddae06-3f05-4eb3-9291-89f2e1d116ee",
          "smiles": "C1COCCO1",
          "state_of_matter": "LIQUID",
          "molecular_weight": 88.10512000000004,
          "density": 1.0,
          "mass": 0.8810512000000005,
          "is_produced_by": [],
          "is_consumed_by": [
            "9e30b589-4b83-4797-aa93-051a259b4643"
          ],
          "provenance__density": "dummy estimator based on mw",
          "provenance__is_consumed_by": null,
          "provenance__is_produced_by": null,
          "provenance__mass": null,
          "provenance__molecular_weight": "periodic table",
          "provenance__smiles": null,
          "provenance__state_of_matter": "dummy estimator based on mw"
        },
        {
          "identifier": "1b6a5a00-1d88-4934-8b7d-4be9e8796ee4",
          "smiles": "O=C(O)O[Na]",
          "state_of_matter": "SOLID",
          "molecular_weight": 84.00661000000001,
          "density": 1.4,
          "mass": 0.8400661000000001,
          "is_produced_by": [],
          "is_consumed_by": [
            "9e30b589-4b83-4797-aa93-051a259b4643"
          ],
          "provenance__density": "dummy estimator based on mw",
          "provenance__is_consumed_by": null,
          "provenance__is_produced_by": null,
          "provenance__mass": null,
          "provenance__molecular_weight": "periodic table",
          "provenance__smiles": null,
          "provenance__state_of_matter": "dummy estimator based on mw"
        }
      ],
      "products": [
        {
          "identifier": "b5fd9c3e-4352-438d-b20c-5dcb6f3bb491",
          "smiles": "CC(C)n1nccc1-c1ncccc1CO",
          "state_of_matter": "SOLID",
          "molecular_weight": 218.27493999999982,
          "density": 1.4,
          "mass": 2.1827493999999983,
          "is_produced_by": [
            "9e30b589-4b83-4797-aa93-051a259b4643"
          ],
          "is_consumed_by": [],
          "provenance__density": "dummy estimator based on mw",
          "provenance__is_consumed_by": null,
          "provenance__is_produced_by": null,
          "provenance__mass": null,
          "provenance__molecular_weight": "periodic table",
          "provenance__smiles": null,
          "provenance__state_of_matter": "dummy estimator based on mw"
        }
      ],
      "stoichiometry": {
        "386c77a8-49e9-484b-a54c-6d2b80744516": 1.0,
        "e658a53b-9c9b-4a6d-ae65-341666dfcf16": 1.0,
        "b5fd9c3e-4352-438d-b20c-5dcb6f3bb491": -1.0
      },
      "temperature": 350.5005188763141,
      "intended_ratios": {
        "386c77a8-49e9-484b-a54c-6d2b80744516": 1.0,
        "e658a53b-9c9b-4a6d-ae65-341666dfcf16": 1.0,
        "caac805d-4b36-48bc-bb27-4586f16def85": 1.0,
        "56ddae06-3f05-4eb3-9291-89f2e1d116ee": 1.0,
        "1b6a5a00-1d88-4934-8b7d-4be9e8796ee4": 1.0
      },
      "expected_yields": {
        "b5fd9c3e-4352-438d-b20c-5dcb6f3bb491": 1.0
      },
      "reaction_extent": 0.01
    },
    {
      "identifier": "fc62a766-6160-4b94-a2ad-c914f7e9044c",
      "reactants": [
        {
          "identifier": "f8aae2bd-f804-4352-9829-818ebe83e2db",
          "smiles": "Cc1cnc(Cl)nc1Nc1cccc(S(=O)(=O)NC(C)(C)C)c1",
          "state_of_matter": "SOLID",
          "molecular_weight": 354.8549600000003,
          "density": 1.4,
          "mass": 3.548549600000003,
          "is_produced_by": [],
          "is_consumed_by": [
            "fc62a766-6160-4b94-a2ad-c914f7e9044c"
          ],
          "provenance__density": "dummy estimator based on mw",
          "provenance__is_consumed_by": null,
          "provenance__is_produced_by": null,
          "provenance__mass": null,
          "provenance__molecular_weight": "periodic table",
          "provenance__smiles": null,
          "provenance__state_of_matter": "dummy estimator based on mw"
        },
        {
          "identifier": "d5d7de50-c624-4d0a-97fd-666b9eedcc3a",
          "smiles": "Nc1ccc(OCc2ccccc2)cc1",
          "state_of_matter": "LIQUID",
          "molecular_weight": 199.2484199999998,
          "density": 1.0,
          "mass": 1.9924841999999983,
          "is_produced_by": [],
          "is_consumed_by": [
            "fc62a766-6160-4b94-a2ad-c914f7e9044c"
          ],
          "provenance__density": "dummy estimator based on mw",
          "provenance__is_consumed_by": null,
          "provenance__is_produced_by": null,
          "provenance__mass": null,
          "provenance__molecular_weight": "periodic table",
          "provenance__smiles": null,
          "provenance__state_of_matter": "dummy estimator based on mw"
        }
      ],
      "reagents": [
        {
          "identifier": "8b3df0f4-0c0c-4bc0-aa6a-1367aa9e7357",
          "smiles": "Cl",
          "state_of_matter": "LIQUID",
          "molecular_weight": 36.46094,
          "density": 1.0,
          "mass": 0.36460940000000003,
          "is_produced_by": [],
          "is_consumed_by": [
            "fc62a766-6160-4b94-a2ad-c914f7e9044c"
          ],
          "provenance__density": "dummy estimator based on mw",
          "provenance__is_consumed_by": null,
          "provenance__is_produced_by": null,
          "provenance__mass": null,
          "provenance__molecular_weight": "periodic table",
          "provenance__smiles": null,
          "provenance__state_of_matter": "dummy estimator based on mw"
        },
        {
          "identifier": "d0c638e6-101a-41ca-b25e-222e2b201c98",
          "smiles": "C1COCCO1",
          "state_of_matter": "LIQUID",
          "molecular_weight": 88.10512000000004,
          "density": 1.0,
          "mass": 0.8810512000000005,
          "is_produced_by": [],
          "is_consumed_by": [
            "fc62a766-6160-4b94-a2ad-c914f7e9044c"
          ],
          "provenance__density": "dummy estimator based on mw",
          "provenance__is_consumed_by": null,
          "provenance__is_produced_by": null,
          "provenance__mass": null,
          "provenance__molecular_weight": "periodic table",
          "provenance__smiles": null,
          "provenance__state_of_matter": "dummy estimator based on mw"
        }
      ],
      "products": [
        {
          "identifier": "069e6fac-3f54-42b7-b885-67e28e7ad854",
          "smiles": "Cc1cnc(Nc2ccc(OCc3ccccc3)cc2)nc1Nc1cccc(S(=O)(=O)NC(C)(C)C)c1",
          "state_of_matter": "SOLID",
          "molecular_weight": 517.6424400000001,
          "density": 1.4,
          "mass": 5.176424400000001,
          "is_produced_by": [
            "fc62a766-6160-4b94-a2ad-c914f7e9044c"
          ],
          "is_consumed_by": [],
          "provenance__density": "dummy estimator based on mw",
          "provenance__is_consumed_by": null,
          "provenance__is_produced_by": null,
          "provenance__mass": null,
          "provenance__molecular_weight": "periodic table",
          "provenance__smiles": null,
          "provenance__state_of_matter": "dummy estimator based on mw"
        }
      ],
      "stoichiometry": {
        "f8aae2bd-f804-4352-9829-818ebe83e2db": 1.0,
        "d5d7de50-c624-4d0a-97fd-666b9eedcc3a": 1.0,
        "069e6fac-3f54-42b7-b885-67e28e7ad854": -1.0
      },
      "temperature": 369.8748215675354,
      "intended_ratios": {
        "f8aae2bd-f804-4352-9829-818ebe83e2db": 1.0,
        "d5d7de50-c624-4d0a-97fd-666b9eedcc3a": 1.0,
        "8b3df0f4-0c0c-4bc0-aa6a-1367aa9e7357": 1.0,
        "d0c638e6-101a-41ca-b25e-222e2b201c98": 1.0
      },
      "expected_yields": {
        "069e6fac-3f54-42b7-b885-67e28e7ad854": 1.0
      },
      "reaction_extent": 0.01
    },
    {
      "identifier": "d665a25c-a1ba-406a-bf4e-987e5525f877",
      "reactants": [
        {
          "identifier": "987b37dd-8f9e-4048-8c5a-83985fa46149",
          "smiles": "Cc1cnc(Nc2ccc(O)cc2)nc1Nc1cccc(S(=O)(=O)NC(C)(C)C)c1",
          "state_of_matter": "SOLID",
          "molecular_weight": 427.51990000000035,
          "density": 1.4,
          "mass": 4.275199000000003,
          "is_produced_by": [],
          "is_consumed_by": [
            "d665a25c-a1ba-406a-bf4e-987e5525f877"
          ],
          "provenance__density": "dummy estimator based on mw",
          "provenance__is_consumed_by": null,
          "provenance__is_produced_by": null,
          "provenance__mass": null,
          "provenance__molecular_weight": "periodic table",
          "provenance__smiles": null,
          "provenance__state_of_matter": "dummy estimator based on mw"
        },
        {
          "identifier": "f9967d7c-66cd-4727-932c-3bbcc9a33c30",
          "smiles": "ClCCN1CCCC1",
          "state_of_matter": "LIQUID",
          "molecular_weight": 133.61917999999997,
          "density": 1.0,
          "mass": 1.3361917999999997,
          "is_produced_by": [],
          "is_consumed_by": [
            "d665a25c-a1ba-406a-bf4e-987e5525f877"
          ],
          "provenance__density": "dummy estimator based on mw",
          "provenance__is_consumed_by": null,
          "provenance__is_produced_by": null,
          "provenance__mass": null,
          "provenance__molecular_weight": "periodic table",
          "provenance__smiles": null,
          "provenance__state_of_matter": "dummy estimator based on mw"
        }
      ],
      "reagents": [
        {
          "identifier": "f49f2098-7a81-4106-a274-75cb20f0b92c",
          "smiles": "O=C(O[K])O[K]",
          "state_of_matter": "SOLID",
          "molecular_weight": 138.2055,
          "density": 1.4,
          "mass": 1.382055,
          "is_produced_by": [],
          "is_consumed_by": [
            "d665a25c-a1ba-406a-bf4e-987e5525f877"
          ],
          "provenance__density": "dummy estimator based on mw",
          "provenance__is_consumed_by": null,
          "provenance__is_produced_by": null,
          "provenance__mass": null,
          "provenance__molecular_weight": "periodic table",
          "provenance__smiles": null,
          "provenance__state_of_matter": "dummy estimator based on mw"
        },
        {
          "identifier": "90f8a11b-e978-4946-a607-48d36de82836",
          "smiles": "CC(C)=O",
          "state_of_matter": "LIQUID",
          "molecular_weight": 58.07913999999999,
          "density": 1.0,
          "mass": 0.5807913999999998,
          "is_produced_by": [],
          "is_consumed_by": [
            "d665a25c-a1ba-406a-bf4e-987e5525f877"
          ],
          "provenance__density": "dummy estimator based on mw",
          "provenance__is_consumed_by": null,
          "provenance__is_produced_by": null,
          "provenance__mass": null,
          "provenance__molecular_weight": "periodic table",
          "provenance__smiles": null,
          "provenance__state_of_matter": "dummy estimator based on mw"
        }
      ],
      "products": [
        {
          "identifier": "c9f135ee-0d3a-4564-a3b3-07f775c166e5",
          "smiles": "Cc1cnc(Nc2ccc(OCCN3CCCC3)cc2)nc1Nc1cccc(S(=O)(=O)NC(C)(C)C)c1",
          "state_of_matter": "SOLID",
          "molecular_weight": 524.6781399999998,
          "density": 1.4,
          "mass": 5.246781399999998,
          "is_produced_by": [
            "d665a25c-a1ba-406a-bf4e-987e5525f877"
          ],
          "is_consumed_by": [],
          "provenance__density": "dummy estimator based on mw",
          "provenance__is_consumed_by": null,
          "provenance__is_produced_by": null,
          "provenance__mass": null,
          "provenance__molecular_weight": "periodic table",
          "provenance__smiles": null,
          "provenance__state_of_matter": "dummy estimator based on mw"
        }
      ],
      "stoichiometry": {
        "987b37dd-8f9e-4048-8c5a-83985fa46149": 1.0,
        "f9967d7c-66cd-4727-932c-3bbcc9a33c30": 1.0,
        "c9f135ee-0d3a-4564-a3b3-07f775c166e5": -1.0
      },
      "temperature": 346.08960286974906,
      "intended_ratios": {
        "987b37dd-8f9e-4048-8c5a-83985fa46149": 1.0,
        "f9967d7c-66cd-4727-932c-3bbcc9a33c30": 1.0,
        "f49f2098-7a81-4106-a274-75cb20f0b92c": 1.0,
        "90f8a11b-e978-4946-a607-48d36de82836": 1.0
      },
      "expected_yields": {
        "c9f135ee-0d3a-4564-a3b3-07f775c166e5": 1.0
      },
      "reaction_extent": 0.01
    },
    {
      "identifier": "bc197aea-2a05-42ae-aa95-f8a963c5834d",
      "reactants": [
        {
          "identifier": "891abfde-39ad-4f6f-bd58-e1190f79e4c3",
          "smiles": "Cc1cnc(Nc2ccc(OCc3ccccc3)cc2)nc1Nc1cccc(S(=O)(=O)NC(C)(C)C)c1",
          "state_of_matter": "SOLID",
          "molecular_weight": 517.6424400000001,
          "density": 1.4,
          "mass": 5.176424400000001,
          "is_produced_by": [],
          "is_consumed_by": [
            "bc197aea-2a05-42ae-aa95-f8a963c5834d"
          ],
          "provenance__density": "dummy estimator based on mw",
          "provenance__is_consumed_by": null,
          "provenance__is_produced_by": null,
          "provenance__mass": null,
          "provenance__molecular_weight": "periodic table",
          "provenance__smiles": null,
          "provenance__state_of_matter": "dummy estimator based on mw"
        }
      ],
      "reagents": [
        {
          "identifier": "e39df369-0bc8-451d-b2b0-236a73c87c74",
          "smiles": "CO",
          "state_of_matter": "LIQUID",
          "molecular_weight": 32.04186000000001,
          "density": 1.0,
          "mass": 0.32041860000000005,
          "is_produced_by": [],
          "is_consumed_by": [
            "bc197aea-2a05-42ae-aa95-f8a963c5834d"
          ],
          "provenance__density": "dummy estimator based on mw",
          "provenance__is_consumed_by": null,
          "provenance__is_produced_by": null,
          "provenance__mass": null,
          "provenance__molecular_weight": "periodic table",
          "provenance__smiles": null,
          "provenance__state_of_matter": "dummy estimator based on mw"
        },
        {
          "identifier": "2fab065f-ac73-4f15-96e7-30bc57e60664",
          "smiles": "[Pd]",
          "state_of_matter": "SOLID",
          "molecular_weight": 106.42,
          "density": 1.4,
          "mass": 1.0642,
          "is_produced_by": [],
          "is_consumed_by": [
            "bc197aea-2a05-42ae-aa95-f8a963c5834d"
          ],
          "provenance__density": "dummy estimator based on mw",
          "provenance__is_consumed_by": null,
          "provenance__is_produced_by": null,
          "provenance__mass": null,
          "provenance__molecular_weight": "periodic table",
          "provenance__smiles": null,
          "provenance__state_of_matter": "dummy estimator based on mw"
        }
      ],
      "products": [
        {
          "identifier": "ae9fc7c0-3805-40ad-9faf-036bb3de4be6",
          "smiles": "Cc1cnc(Nc2ccc(O)cc2)nc1Nc1cccc(S(=O)(=O)NC(C)(C)C)c1",
          "state_of_matter": "SOLID",
          "molecular_weight": 427.51990000000035,
          "density": 1.4,
          "mass": 4.275199000000003,
          "is_produced_by": [
            "bc197aea-2a05-42ae-aa95-f8a963c5834d"
          ],
          "is_consumed_by": [],
          "provenance__density": "dummy estimator based on mw",
          "provenance__is_consumed_by": null,
          "provenance__is_produced_by": null,
          "provenance__mass": null,
          "provenance__molecular_weight": "periodic table",
          "provenance__smiles": null,
          "provenance__state_of_matter": "dummy estimator based on mw"
        }
      ],
      "stoichiometry": {
        "891abfde-39ad-4f6f-bd58-e1190f79e4c3": 1.0,
        "ae9fc7c0-3805-40ad-9faf-036bb3de4be6": -1.0
      },
      "temperature": 290.56993040442467,
      "intended_ratios": {
        "891abfde-39ad-4f6f-bd58-e1190f79e4c3": 1.0,
        "e39df369-0bc8-451d-b2b0-236a73c87c74": 1.0,
        "2fab065f-ac73-4f15-96e7-30bc57e60664": 1.0
      },
      "expected_yields": {
        "ae9fc7c0-3805-40ad-9faf-036bb3de4be6": 1.0
      },
      "reaction_extent": 0.01
    }
  ],
  "molecular_nodes": [
    "C1COCCO1",
    "CC(C)(C)NS(=O)(=O)c1cccc(N)c1",
    "CC(C)=O",
    "CC(C)n1nccc1-c1ncccc1CCl",
    "CC(C)n1nccc1-c1ncccc1CO",
    "CC(C)n1nccc1-c1ncccc1COc1cccc(O)c1C=O",
    "CC(C)n1nccc1B1OC(C)(C)C(C)(C)O1",
    "CCN(CC)CC",
    "CN(C)C=O",
    "CO",
    "CS(=O)(=O)Cl",
    "Cc1cnc(Cl)nc1Cl",
    "Cc1cnc(Cl)nc1Nc1cccc(S(=O)(=O)NC(C)(C)C)c1",
    "Cc1cnc(Nc2ccc(O)cc2)nc1Nc1cccc(S(=O)(=O)NC(C)(C)C)c1",
    "Cc1cnc(Nc2ccc(OCCN3CCCC3)cc2)nc1Nc1cccc(S(=O)(=O)NC(C)(C)C)c1",
    "Cc1cnc(Nc2ccc(OCc3ccccc3)cc2)nc1Nc1cccc(S(=O)(=O)NC(C)(C)C)c1",
    "Cl",
    "ClCCN1CCCC1",
    "ClCCl",
    "Nc1ccc(OCc2ccccc2)cc1",
    "O",
    "O=C(O)O[Na]",
    "O=C(O[K])O[K]",
    "O=Cc1c(O)cccc1O",
    "OCc1cccnc1Cl",
    "[Pd]"
  ],
  "edges": [
    [
      "45cabfd0-c588-4fae-8937-72d1b435d2c1",
      "Cc1cnc(Cl)nc1Nc1cccc(S(=O)(=O)NC(C)(C)C)c1"
    ],
    [
      "751deb66-b62b-404d-b4e9-4a83ae2fb0c2",
      "CC(C)n1nccc1-c1ncccc1COc1cccc(O)c1C=O"
    ],
    [
      "9e30b589-4b83-4797-aa93-051a259b4643",
      "CC(C)n1nccc1-c1ncccc1CO"
    ],
    [
      "C1COCCO1",
      "9e30b589-4b83-4797-aa93-051a259b4643"
    ],
    [
      "C1COCCO1",
      "fc62a766-6160-4b94-a2ad-c914f7e9044c"
    ],
    [
      "CC(C)(C)NS(=O)(=O)c1cccc(N)c1",
      "45cabfd0-c588-4fae-8937-72d1b435d2c1"
    ],
    [
      "CC(C)=O",
      "d665a25c-a1ba-406a-bf4e-987e5525f877"
    ],
    [
      "CC(C)n1nccc1-c1ncccc1CCl",
      "751deb66-b62b-404d-b4e9-4a83ae2fb0c2"
    ],
    [
      "CC(C)n1nccc1-c1ncccc1CO",
      "ba90eeb3-fae4-4dcf-abf2-d4d38a1a0ebd"
    ],
    [
      "CC(C)n1nccc1B1OC(C)(C)C(C)(C)O1",
      "9e30b589-4b83-4797-aa93-051a259b4643"
    ],
    [
      "CCN(CC)CC",
      "ba90eeb3-fae4-4dcf-abf2-d4d38a1a0ebd"
    ],
    [
      "CN(C)C=O",
      "751deb66-b62b-404d-b4e9-4a83ae2fb0c2"
    ],
    [
      "CO",
      "45cabfd0-c588-4fae-8937-72d1b435d2c1"
    ],
    [
      "CO",
      "bc197aea-2a05-42ae-aa95-f8a963c5834d"
    ],
    [
      "CS(=O)(=O)Cl",
      "ba90eeb3-fae4-4dcf-abf2-d4d38a1a0ebd"
    ],
    [
      "Cc1cnc(Cl)nc1Cl",
      "45cabfd0-c588-4fae-8937-72d1b435d2c1"
    ],
    [
      "Cc1cnc(Cl)nc1Nc1cccc(S(=O)(=O)NC(C)(C)C)c1",
      "fc62a766-6160-4b94-a2ad-c914f7e9044c"
    ],
    [
      "Cc1cnc(Nc2ccc(O)cc2)nc1Nc1cccc(S(=O)(=O)NC(C)(C)C)c1",
      "d665a25c-a1ba-406a-bf4e-987e5525f877"
    ],
    [
      "Cc1cnc(Nc2ccc(OCc3ccccc3)cc2)nc1Nc1cccc(S(=O)(=O)NC(C)(C)C)c1",
      "bc197aea-2a05-42ae-aa95-f8a963c5834d"
    ],
    [
      "Cl",
      "751deb66-b62b-404d-b4e9-4a83ae2fb0c2"
    ],
    [
      "Cl",
      "fc62a766-6160-4b94-a2ad-c914f7e9044c"
    ],
    [
      "ClCCN1CCCC1",
      "d665a25c-a1ba-406a-bf4e-987e5525f877"
    ],
    [
      "ClCCl",
      "ba90eeb3-fae4-4dcf-abf2-d4d38a1a0ebd"
    ],
    [
      "Nc1ccc(OCc2ccccc2)cc1",
      "fc62a766-6160-4b94-a2ad-c914f7e9044c"
    ],
    [
      "O",
      "9e30b589-4b83-4797-aa93-051a259b4643"
    ],
    [
      "O=C(O)O[Na]",
      "9e30b589-4b83-4797-aa93-051a259b4643"
    ],
    [
      "O=C(O[K])O[K]",
      "751deb66-b62b-404d-b4e9-4a83ae2fb0c2"
    ],
    [
      "O=C(O[K])O[K]",
      "d665a25c-a1ba-406a-bf4e-987e5525f877"
    ],
    [
      "O=Cc1c(O)cccc1O",
      "751deb66-b62b-404d-b4e9-4a83ae2fb0c2"
    ],
    [
      "OCc1cccnc1Cl",
      "9e30b589-4b83-4797-aa93-051a259b4643"
    ],
    [
      "[Pd]",
      "bc197aea-2a05-42ae-aa95-f8a963c5834d"
    ],
    [
      "ba90eeb3-fae4-4dcf-abf2-d4d38a1a0ebd",
      "CC(C)n1nccc1-c1ncccc1CCl"
    ],
    [
      "bc197aea-2a05-42ae-aa95-f8a963c5834d",
      "Cc1cnc(Nc2ccc(O)cc2)nc1Nc1cccc(S(=O)(=O)NC(C)(C)C)c1"
    ],
    [
      "d665a25c-a1ba-406a-bf4e-987e5525f877",
      "Cc1cnc(Nc2ccc(OCCN3CCCC3)cc2)nc1Nc1cccc(S(=O)(=O)NC(C)(C)C)c1"
    ],
    [
      "fc62a766-6160-4b94-a2ad-c914f7e9044c",
      "Cc1cnc(Nc2ccc(OCc3ccccc3)cc2)nc1Nc1cccc(S(=O)(=O)NC(C)(C)C)c1"
    ]
  ]
}