{
  "identifier": "e32c0b4b-4d16-4aae-b7e4-55cd2daeca6c",
  "chemical_reactions": [
    {
      "identifier": "f6b56a14-5e11-449b-9894-023595a58501",
      "reactants": [
        {
          "identifier": "fb96d153-2cab-4fee-99a7-2d2c6b730688",
          "smiles": "CC(=O)C1CCC2C3CCC4CC(=O)CCC4(C)C3CCC12C",
          "state_of_matter": "SOLID",
          "molecular_weight": 316.4775800000005,
          "density": 1.4,
          "mass": 316.4775800000005,
          "is_produced_by": [],
          "is_consumed_by": [
            "f6b56a14-5e11-449b-9894-023595a58501"
          ],
          "provenance__density": "dummy estimator based on mw",
          "provenance__is_consumed_by": null,
          "provenance__is_produced_by": null,
          "provenance__mass": null,
          "provenance__molecular_weight": "periodic table",
          "provenance__smiles": null,
          "provenance__state_of_matter": "dummy estimator based on mw"
        }
      ],
      "reagents": [
        {
          "identifier": "fee98822-fbb9-493f-bb86-9502552369f5",
          "smiles": "CCO",
          "state_of_matter": "LIQUID",
          "molecular_weight": 46.06843999999999,
          "density": 1.0,
          "mass": 46.06843999999999,
          "is_produced_by": [],
          "is_consumed_by": [
            "f6b56a14-5e11-449b-9894-023595a58501"
          ],
          "provenance__density": "dummy estimator based on mw",
          "provenance__is_consumed_by": null,
          "provenance__is_produced_by": null,
          "provenance__mass": null,
          "provenance__molecular_weight": "periodic table",
          "provenance__smiles": null,
          "provenance__state_of_matter": "dummy estimator based on mw"
        },
        {
          "identifier": "82043c1c-b81d-4df3-94f7-fc9e46a8b3db",
          "smiles": "[Na]",
          "state_of_matter": "SOLID",
          "molecular_weight": 22.98977,
          "density": 1.4,
          "mass": 22.98977,
          "is_produced_by": [],
          "is_consumed_by": [
            "f6b56a14-5e11-449b-9894-023595a58501"
          ],
          "provenance__density": "dummy estimator based on mw",
          "provenance__is_consumed_by": null,
          "provenance__is_produced_by": null,
          "provenance__mass": null,
          "provenance__molecular_weight": "periodic table",
          "provenance__smiles": null,
          "provenance__state_of_matter": "dummy estimator based on mw"
        }
      ],
      "products": [
        {
          "identifier": "111308e4-c2f2-487f-878c-5d744b69a6c2",
          "smiles": "CC(=O)C1CCC2C3CCC4CC(O)CCC4(C)C3CCC12C",
          "state_of_matter": "SOLID",
          "molecular_weight": 318.49346000000054,
          "density": 1.4,
          "mass": 318.49346000000054,
          "is_produced_by": [
            "f6b56a14-5e11-449b-9894-023595a58501"
          ],
          "is_consumed_by": [],
          "provenance__density": "dummy estimator based on mw",
          "provenance__is_consumed_by": null,
          "provenance__is_produced_by": null,
          "provenance__mass": null,
          "provenance__molecular_weight": "periodic table",
          "provenance__smiles": null,
          "provenance__state_of_matter": "dummy estimator based on mw"
        }
      ],
      "stoichiometry": {
        "fb96d153-2cab-4fee-99a7-2d2c6b730688": 1.0,
        "111308e4-c2f2-487f-878c-5d744b69a6c2": -1.0
      },
      "temperature": 288.2519380688667,
      "intended_ratios": {
        "fb96d153-2cab-4fee-99a7-2d2c6b730688": 1.0,
        "fee98822-fbb9-493f-bb86-9502552369f5": 1.0,
        "82043c1c-b81d-4df3-94f7-fc9e46a8b3db": 1.0
      },
      "expected_yields": {
        "111308e4-c2f2-487f-878c-5d744b69a6c2": 1.0
      },
      "reaction_extent": 1.0
    },
    {
      "identifier": "316aa7dc-cda0-4c2b-adad-aa3b87486f4f",
      "reactants": [
        {
          "identifier": "8fa2f1e2-bb42-4494-a597-feea5d2fb364",
          "smiles": "CC(C)(C)NS(=O)(=O)c1cccc(N)c1",
          "state_of_matter": "SOLID",
          "molecular_weight": 228.31123999999977,
          "density": 1.4,
          "mass": 228.31123999999977,
          "is_produced_by": [],
          "is_consumed_by": [
            "316aa7dc-cda0-4c2b-adad-aa3b87486f4f"
          ],
          "provenance__density": "dummy estimator based on mw",
          "provenance__is_consumed_by": null,
          "provenance__is_produced_by": null,
          "provenance__mass": null,
          "provenance__molecular_weight": "periodic table",
          "provenance__smiles": null,
          "provenance__state_of_matter": "dummy estimator based on mw"
        },
        {
          "identifier": "990febf4-a2fa-43cf-973f-d6aa26e211d5",
          "smiles": "Cc1cnc(Cl)nc1Cl",
          "state_of_matter": "LIQUID",
          "molecular_weight": 163.00465999999994,
          "density": 1.0,
          "mass": 163.00465999999994,
          "is_produced_by": [],
          "is_consumed_by": [
            "316aa7dc-cda0-4c2b-adad-aa3b87486f4f"
          ],
          "provenance__density": "dummy estimator based on mw",
          "provenance__is_consumed_by": null,
          "provenance__is_produced_by": null,
          "provenance__mass": null,
          "provenance__molecular_weight": "periodic table",
          "provenance__smiles": null,
          "provenance__state_of_matter": "dummy estimator based on mw"
        }
      ],
      "reagents": [
        {
          "identifier": "1f1c0c07-165a-4a74-973a-0ff3d5647452",
          "smiles": "CO",
          "state_of_matter": "LIQUID",
          "molecular_weight": 32.04186000000001,
          "density": 1.0,
          "mass": 32.04186000000001,
          "is_produced_by": [],
          "is_consumed_by": [
            "316aa7dc-cda0-4c2b-adad-aa3b87486f4f"
          ],
          "provenance__density": "dummy estimator based on mw",
          "provenance__is_consumed_by": null,
          "provenance__is_produced_by": null,
          "provenance__mass": null,
          "provenance__molecular_weight": "periodic table",
          "provenance__smiles": null,
          "provenance__state_of_matter": "dummy estimator based on mw"
        }
      ],
      "products": [
        {
          "identifier": "d170730f-1ef8-490e-b499-b34cf410e27c",
          "smiles": "Cc1cnc(Cl)nc1Nc1cccc(S(=O)(=O)NC(C)(C)C)c1",
          "state_of_matter": "SOLID",
          "molecular_weight": 354.8549600000003,
          "density": 1.4,
          "mass": 354.8549600000003,
          "is_produced_by": [
            "316aa7dc-cda0-4c2b-adad-aa3b87486f4f"
          ],
          "is_consumed_by": [],
          "provenance__density": "dummy estimator based on mw",
          "provenance__is_consumed_by": null,
          "provenance__is_produced_by": null,
          "provenance__mass": null,
          "provenance__molecular_weight": "periodic table",
          "provenance__smiles": null,
          "provenance__state_of_matter": "dummy estimator based on mw"
        }
      ],
      "stoichiometry": {
        "8fa2f1e2-bb42-4494-a597-feea5d2fb364": 1.0,
        "990febf4-a2fa-43cf-973f-d6aa26e211d5": 1.0,
        "d170730f-1ef8-490e-b499-b34cf410e27c": -1.0
      },
      "temperature": 324.2890065729618,
      "intended_ratios": {
        "8fa2f1e2-bb42-4494-a597-feea5d2fb364": 1.0,
        "990febf4-a2fa-43cf-973f-d6aa26e211d5": 1.0,
        "1f1c0c07-165a-4a74-973a-0ff3d5647452": 1.0
      },
      "expected_yields": {
        "d170730f-1ef8-490e-b499-b34cf410e27c": 1.0
      },
      "reaction_extent": 1.0
    },
    {
      "identifier": "985b33fd-06bc-4576-ab2a-20037cab6f61",
      "reactants": [
        {
          "identifier": "32a2b21c-3f27-4d46-8ea1-91c0d50e993f",
          "smiles": "Cc1ccc(S(=O)(=O)Cl)cc1",
          "state_of_matter": "LIQUID",
          "molecular_weight": 190.64727999999988,
          "density": 1.0,
          "mass": 190.64727999999988,
          "is_produced_by": [],
          "is_consumed_by": [
            "985b33fd-06bc-4576-ab2a-20037cab6f61"
          ],
          "provenance__density": "dummy estimator based on mw",
          "provenance__is_consumed_by": null,
          "provenance__is_produced_by": null,
          "provenance__mass": null,
          "provenance__molecular_weight": "periodic table",
          "provenance__smiles": null,
          "provenance__state_of_matter": "dummy estimator based on mw"
        },
        {
          "identifier": "1ae3e1a4-15ae-413e-b316-4b676e077b9c",
          "smiles": "Clc1cnc2[nH]cc(Cc3ccc(Cl)nc3)c2c1",
          "state_of_matter": "SOLID",
          "molecular_weight": 278.13666000000006,
          "density": 1.4,
          "mass": 278.13666000000006,
          "is_produced_by": [],
          "is_consumed_by": [
            "985b33fd-06bc-4576-ab2a-20037cab6f61"
          ],
          "provenance__density": "dummy estimator based on mw",
          "provenance__is_consumed_by": null,
          "provenance__is_produced_by": null,
          "provenance__mass": null,
          "provenance__molecular_weight": "periodic table",
          "provenance__smiles": null,
          "provenance__state_of_matter": "dummy estimator based on mw"
        }
      ],
      "reagents": [
        {
          "identifier": "c8e41882-10fd-4fea-9e60-9eafb7576726",
          "smiles": "CN(C)C=O",
          "state_of_matter": "LIQUID",
          "molecular_weight": 73.09378000000004,
          "density": 1.0,
          "mass": 73.09378000000004,
          "is_produced_by": [],
          "is_consumed_by": [
            "985b33fd-06bc-4576-ab2a-20037cab6f61"
          ],
          "provenance__density": "dummy estimator based on mw",
          "provenance__is_consumed_by": null,
          "provenance__is_produced_by": null,
          "provenance__mass": null,
          "provenance__molecular_weight": "periodic table",
          "provenance__smiles": null,
          "provenance__state_of_matter": "dummy estimator based on mw"
        },
        {
          "identifier": "61cb2e78-40d5-4741-9a42-48d81461c0a6",
          "smiles": "O",
          "state_of_matter": "LIQUID",
          "molecular_weight": 18.01528,
          "density": 1.0,
          "mass": 18.01528,
          "is_produced_by": [],
          "is_consumed_by": [
            "985b33fd-06bc-4576-ab2a-20037cab6f61"
          ],
          "provenance__density": "dummy estimator based on mw",
          "provenance__is_consumed_by": null,
          "provenance__is_produced_by": null,
          "provenance__mass": null,
          "provenance__molecular_weight": "periodic table",
          "provenance__smiles": null,
          "provenance__state_of_matter": "dummy estimator based on mw"
        },
        {
          "identifier": "b43ae39b-2231-4bec-af6e-deee407a16c3",
          "smiles": "[NaH]",
          "state_of_matter": "SOLID",
          "molecular_weight": 23.99771,
          "density": 1.4,
          "mass": 23.99771,
          "is_produced_by": [],
          "is_consumed_by": [
            "985b33fd-06bc-4576-ab2a-20037cab6f61"
          ],
          "provenance__density": "dummy estimator based on mw",
          "provenance__is_consumed_by": null,
          "provenance__is_produced_by": null,
          "provenance__mass": null,
          "provenance__molecular_weight": "periodic table",
          "provenance__smiles": null,
          "provenance__state_of_matter": "dummy estimator based on mw"
        }
      ],
      "products": [
        {
          "identifier": "7ef31d4a-9215-4b50-b4bf-5cb94f5775b0",
          "smiles": "Cc1ccc(S(=O)(=O)n2cc(Cc3ccc(Cl)nc3)c3cc(Cl)cnc32)cc1",
          "state_of_matter": "SOLID",
          "molecular_weight": 433.33094000000017,
          "density": 1.4,
          "mass": 433.33094000000017,
          "is_produced_by": [
            "985b33fd-06bc-4576-ab2a-20037cab6f61"
          ],
          "is_consumed_by": [],
          "provenance__density": "dummy estimator based on mw",
          "provenance__is_consumed_by": null,
          "provenance__is_produced_by": null,
          "provenance__mass": null,
          "provenance__molecular_weight": "periodic table",
          "provenance__smiles": null,
          "provenance__state_of_matter": "dummy estimator based on mw"
        }
      ],
      "stoichiometry": {
        "32a2b21c-3f27-4d46-8ea1-91c0d50e993f": 1.0,
        "1ae3e1a4-15ae-413e-b316-4b676e077b9c": 1.0,
        "7ef31d4a-9215-4b50-b4bf-5cb94f5775b0": -1.0
      },
      "temperature": 294.0366781532764,
      "intended_ratios": {
        "32a2b21c-3f27-4d46-8ea1-91c0d50e993f": 1.0,
        "1ae3e1a4-15ae-413e-b316-4b676e077b9c": 1.0,
        "c8e41882-10fd-4fea-9e60-9eafb7576726": 1.0,
        "61cb2e78-40d5-4741-9a42-48d81461c0a6": 1.0,
        "b43ae39b-2231-4bec-af6e-deee407a16c3": 1.0
      },
      "expected_yields": {
        "7ef31d4a-9215-4b50-b4bf-5cb94f5775b0": 1.0
      },
      "reaction_extent": 1.0
    },
    {
      "identifier": "48267b09-2b9f-4685-b1fb-0633337afcdc",
      "reactants": [
        {
          "identifier": "b31b9d8b-11fb-4a22-856c-26c63d07cf8a",
          "smiles": "Cc1ccc(S(=O)(=O)n2cc(Cc3ccc(Cl)nc3)c3cc(Cl)cnc32)cc1",
          "state_of_matter": "SOLID",
          "molecular_weight": 433.33094000000017,
          "density": 1.4,
          "mass": 433.33094000000017,
          "is_produced_by": [],
          "is_consumed_by": [
            "48267b09-2b9f-4685-b1fb-0633337afcdc"
          ],
          "provenance__density": "dummy estimator based on mw",
          "provenance__is_consumed_by": null,
          "provenance__is_produced_by": null,
          "provenance__mass": null,
          "provenance__molecular_weight": "periodic table",
          "provenance__smiles": null,
          "provenance__state_of_matter": "dummy estimator based on mw"
        }
      ],
      "reagents": [
        {
          "identifier": "f25c72a0-c899-494f-9c95-06cf34c34ca3",
          "smiles": "O=C(O)C(F)(F)F",
          "state_of_matter": "LIQUID",
          "molecular_weight": 114.0233496,
          "density": 1.0,
          "mass": 114.0233496,
          "is_produced_by": [],
          "is_consumed_by": [
            "48267b09-2b9f-4685-b1fb-0633337afcdc"
          ],
          "provenance__density": "dummy estimator based on mw",
          "provenance__is_consumed_by": null,
          "provenance__is_produced_by": null,
          "provenance__mass": null,
          "provenance__molecular_weight": "periodic table",
          "provenance__smiles": null,
          "provenance__state_of_matter": "dummy estimator based on mw"
        }
      ],
      "products": [
        {
          "identifier": "882b634d-e867-43d1-acb5-0e35d9d07b50",
          "smiles": "Cc1ccc(S(=O)(=O)n2cc(Cc3ccc(N)nc3)c3cc(Cl)cnc32)cc1",
          "state_of_matter": "SOLID",
          "molecular_weight": 413.90052000000014,
          "density": 1.4,
          "mass": 413.90052000000014,
          "is_produced_by": [
            "48267b09-2b9f-4685-b1fb-0633337afcdc"
          ],
          "is_consumed_by": [],
          "provenance__density": "dummy estimator based on mw",
          "provenance__is_consumed_by": null,
          "provenance__is_produced_by": null,
          "provenance__mass": null,
          "provenance__molecular_weight": "periodic table",
          "provenance__smiles": null,
          "provenance__state_of_matter": "dummy estimator based on mw"
        }
      ],
      "stoichiometry": {
        "b31b9d8b-11fb-4a22-856c-26c63d07cf8a": 1.0,
        "882b634d-e867-43d1-acb5-0e35d9d07b50": -1.0
      },
      "temperature": 354.8695926904678,
      "intended_ratios": {
        "b31b9d8b-11fb-4a22-856c-26c63d07cf8a": 1.0,
        "f25c72a0-c899-494f-9c95-06cf34c34ca3": 1.0
      },
      "expected_yields": {
        "882b634d-e867-43d1-acb5-0e35d9d07b50": 1.0
      },
      "reaction_extent": 1.0
    },
    {
      "identifier": "943b3eca-b8a6-4666-9fe8-db9fec538f32",
      "reactants": [
        {
          "identifier": "ce51fa44-3ef9-4c80-a4a9-89e42c52abd3",
          "smiles": "Cc1ccc(S(=O)(=O)n2cc(Cc3ccc(N)nc3)c3cc(Cl)cnc32)cc1",
          "state_of_matter": "SOLID",
          "molecular_weight": 413.90052000000014,
          "density": 1.4,
          "mass": 413.90052000000014,
          "is_produced_by": [],
          "is_consumed_by": [
            "943b3eca-b8a6-4666-9fe8-db9fec538f32"
          ],
          "provenance__density": "dummy estimator based on mw",
          "provenance__is_consumed_by": null,
          "provenance__is_produced_by": null,
          "provenance__mass": null,
          "provenance__molecular_weight": "periodic table",
          "provenance__smiles": null,
          "provenance__state_of_matter": "dummy estimator based on mw"
        },
        {
          "identifier": "4e3399fb-008d-4362-a736-194de11f5582",
          "smiles": "O=C(O)c1ccc(C(F)(F)F)nc1",
          "state_of_matter": "LIQUID",
          "molecular_weight": 191.10736959999997,
          "density": 1.0,
          "mass": 191.10736959999997,
          "is_produced_by": [],
          "is_consumed_by": [
            "943b3eca-b8a6-4666-9fe8-db9fec538f32"
          ],
          "provenance__density": "dummy estimator based on mw",
          "provenance__is_consumed_by": null,
          "provenance__is_produced_by": null,
          "provenance__mass": null,
          "provenance__molecular_weight": "periodic table",
          "provenance__smiles": null,
          "provenance__state_of_matter": "dummy estimator based on mw"
        }
      ],
      "reagents": [
        {
          "identifier": "2f3f687f-aedc-40b9-befa-32a427251ac3",
          "smiles": "c1ccncc1",
          "state_of_matter": "LIQUID",
          "molecular_weight": 79.09990000000003,
          "density": 1.0,
          "mass": 79.09990000000003,
          "is_produced_by": [],
          "is_consumed_by": [
            "943b3eca-b8a6-4666-9fe8-db9fec538f32"
          ],
          "provenance__density": "dummy estimator based on mw",
          "provenance__is_consumed_by": null,
          "provenance__is_produced_by": null,
          "provenance__mass": null,
          "provenance__molecular_weight": "periodic table",
          "provenance__smiles": null,
          "provenance__state_of_matter": "dummy estimator based on mw"
        },
        {
          "identifier": "bde5fe68-6c64-479d-b159-ea111aa2aa34",
          "smiles": "O=S(Cl)Cl",
          "state_of_matter": "LIQUID",
          "molecular_weight": 118.97040000000001,
          "density": 1.0,
          "mass": 118.97040000000001,
          "is_produced_by": [],
          "is_consumed_by": [
            "943b3eca-b8a6-4666-9fe8-db9fec538f32"
          ],
          "provenance__density": "dummy estimator based on mw",
          "provenance__is_consumed_by": null,
          "provenance__is_produced_by": null,
          "provenance__mass": null,
          "provenance__molecular_weight": "periodic table",
          "provenance__smiles": null,
          "provenance__state_of_matter": "dummy estimator based on mw"
        }
      ],
      "products": [
        {
          "identifier": "b59a1139-59d2-46ac-91e7-6801a21aba48",
          "smiles": "Cc1ccc(S(=O)(=O)n2cc(Cc3ccc(NC(=O)c4ccc(C(F)(F)F)nc4)nc3)c3cc(Cl)cnc32)cc1",
          "state_of_matter": "SOLID",
          "molecular_weight": 586.9926095999992,
          "density": 1.4,
          "mass": 586.9926095999992,
          "is_produced_by": [
            "943b3eca-b8a6-4666-9fe8-db9fec538f32"
          ],
          "is_consumed_by": [],
          "provenance__density": "dummy estimator based on mw",
          "provenance__is_consumed_by": null,
          "provenance__is_produced_by": null,
          "provenance__mass": null,
          "provenance__molecular_weight": "periodic table",
          "provenance__smiles": null,
          "provenance__state_of_matter": "dummy estimator based on mw"
        }
      ],
      "stoichiometry": {
        "ce51fa44-3ef9-4c80-a4a9-89e42c52abd3": 1.0,
        "4e3399fb-008d-4362-a736-194de11f5582": 1.0,
        "b59a1139-59d2-46ac-91e7-6801a21aba48": -1.0
      },
      "temperature": 328.6723099887371,
      "intended_ratios": {
        "ce51fa44-3ef9-4c80-a4a9-89e42c52abd3": 1.0,
        "4e3399fb-008d-4362-a736-194de11f5582": 1.0,
        "2f3f687f-aedc-40b9-befa-32a427251ac3": 1.0,
        "bde5fe68-6c64-479d-b159-ea111aa2aa34": 1.0
      },
      "expected_yields": {
        "b59a1139-59d2-46ac-91e7-6801a21aba48": 1.0
      },
      "reaction_extent": 1.0
    },
    {
      "identifier": "6ea6e71f-bdd3-45bc-88a7-2ede923711fb",
      "reactants": [
        {
          "identifier": "c5beb74c-6a1b-49f2-85fd-7475f824da70",
          "smiles": "Cc1ccc(S(=O)(=O)n2cc(Cc3ccc(NC(=O)c4ccc(C(F)(F)F)nc4)nc3)c3cc(Cl)cnc32)cc1",
          "state_of_matter": "SOLID",
          "molecular_weight": 586.9926095999992,
          "density": 1.4,
          "mass": 586.9926095999992,
          "is_produced_by": [],
          "is_consumed_by": [
            "6ea6e71f-bdd3-45bc-88a7-2ede923711fb"
          ],
          "provenance__density": "dummy estimator based on mw",
          "provenance__is_consumed_by": null,
          "provenance__is_produced_by": null,
          "provenance__mass": null,
          "provenance__molecular_weight": "periodic table",
          "provenance__smiles": null,
          "provenance__state_of_matter": "dummy estimator based on mw"
        }
      ],
      "reagents": [
        {
          "identifier": "42b40590-5494-4b21-b8e8-9eb85940f215",
          "smiles": "O",
          "state_of_matter": "LIQUID",
          "molecular_weight": 18.01528,
          "density": 1.0,
          "mass": 18.01528,
          "is_produced_by": [],
          "is_consumed_by": [
            "6ea6e71f-bdd3-45bc-88a7-2ede923711fb"
          ],
          "provenance__density": "dummy estimator based on mw",
          "provenance__is_consumed_by": null,
          "provenance__is_produced_by": null,
          "provenance__mass": null,
          "provenance__molecular_weight": "periodic table",
          "provenance__smiles": null,
          "provenance__state_of_matter": "dummy estimator based on mw"
        },
        {
          "identifier": "ede780dd-d436-4df7-ac5a-5d54d178a0d8",
          "smiles": "C1CCOC1",
          "state_of_matter": "LIQUID",
          "molecular_weight": 72.10572000000005,
          "density": 1.0,
          "mass": 72.10572000000005,
          "is_produced_by": [],
          "is_consumed_by": [
            "6ea6e71f-bdd3-45bc-88a7-2ede923711fb"
          ],
          "provenance__density": "dummy estimator based on mw",
          "provenance__is_consumed_by": null,
          "provenance__is_produced_by": null,
          "provenance__mass": null,
          "provenance__molecular_weight": "periodic table",
          "provenance__smiles": null,
          "provenance__state_of_matter": "dummy estimator based on mw"
        },
        {
          "identifier": "0106dbcf-36b8-42f0-95f7-bbb8d6c6c400",
          "smiles": "CCCC[N+](CCCC)(CCCC)CCCC.[F-]",
          "state_of_matter": "SOLID",
          "molecular_weight": 261.46214319999973,
          "density": 1.4,
          "mass": 261.46214319999973,
          "is_produced_by": [],
          "is_consumed_by": [
            "6ea6e71f-bdd3-45bc-88a7-2ede923711fb"
          ],
          "provenance__density": "dummy estimator based on mw",
          "provenance__is_consumed_by": null,
          "provenance__is_produced_by": null,
          "provenance__mass": null,
          "provenance__molecular_weight": "periodic table",
          "provenance__smiles": null,
          "provenance__state_of_matter": "dummy estimator based on mw"
        }
      ],
      "products": [
        {
          "identifier": "1029aab2-09f2-44a6-9d17-f5e68f61e458",
          "smiles": "O=C(Nc1ccc(Cc2c[nH]c3ncc(Cl)cc23)cn1)c1ccc(C(F)(F)F)nc1",
          "state_of_matter": "SOLID",
          "molecular_weight": 431.79832960000016,
          "density": 1.4,
          "mass": 431.79832960000016,
          "is_produced_by": [
            "6ea6e71f-bdd3-45bc-88a7-2ede923711fb"
          ],
          "is_consumed_by": [],
          "provenance__density": "dummy estimator based on mw",
          "provenance__is_consumed_by": null,
          "provenance__is_produced_by": null,
          "provenance__mass": null,
          "provenance__molecular_weight": "periodic table",
          "provenance__smiles": null,
          "provenance__state_of_matter": "dummy estimator based on mw"
        }
      ],
      "stoichiometry": {
        "c5beb74c-6a1b-49f2-85fd-7475f824da70": 1.0,
        "1029aab2-09f2-44a6-9d17-f5e68f61e458": -1.0
      },
      "temperature": 316.97248406410216,
      "intended_ratios": {
        "c5beb74c-6a1b-49f2-85fd-7475f824da70": 1.0,
        "42b40590-5494-4b21-b8e8-9eb85940f215": 1.0,
        "ede780dd-d436-4df7-ac5a-5d54d178a0d8": 1.0,
        "0106dbcf-36b8-42f0-95f7-bbb8d6c6c400": 1.0
      },
      "expected_yields": {
        "1029aab2-09f2-44a6-9d17-f5e68f61e458": 1.0
      },
      "reaction_extent": 1.0
    },
    {
      "identifier": "a833f0bf-dc7f-46ff-9cde-b2baf08fb409",
      "reactants": [
        {
          "identifier": "349c97e7-ecda-49b7-bc65-53a04cc50e44",
          "smiles": "Cc1cnc(Cl)nc1Nc1cccc(S(=O)(=O)NC(C)(C)C)c1",
          "state_of_matter": "SOLID",
          "molecular_weight": 354.8549600000003,
          "density": 1.4,
          "mass": 354.8549600000003,
          "is_produced_by": [],
          "is_consumed_by": [
            "a833f0bf-dc7f-46ff-9cde-b2baf08fb409"
          ],
          "provenance__density": "dummy estimator based on mw",
          "provenance__is_consumed_by": null,
          "provenance__is_produced_by": null,
          "provenance__mass": null,
          "provenance__molecular_weight": "periodic table",
          "provenance__smiles": null,
          "provenance__state_of_matter": "dummy estimator based on mw"
        },
        {
          "identifier": "dc45dc7d-d5c5-4213-a169-ae962f599b45",
          "smiles": "Nc1ccc(OCc2ccccc2)cc1",
          "state_of_matter": "LIQUID",
          "molecular_weight": 199.2484199999998,
          "density": 1.0,
          "mass": 199.2484199999998,
          "is_produced_by": [],
          "is_consumed_by": [
            "a833f0bf-dc7f-46ff-9cde-b2baf08fb409"
          ],
          "provenance__density": "dummy estimator based on mw",
          "provenance__is_consumed_by": null,
          "provenance__is_produced_by": null,
          "provenance__mass": null,
          "provenance__molecular_weight": "periodic table",
          "provenance__smiles": null,
          "provenance__state_of_matter": "dummy estimator based on mw"
        }
      ],
      "reagents": [
        {
          "identifier": "cfc41b02-d139-4a00-a7d7-c52511bd2dba",
          "smiles": "Cl",
          "state_of_matter": "LIQUID",
          "molecular_weight": 36.46094,
          "density": 1.0,
          "mass": 36.46094,
          "is_produced_by": [],
          "is_consumed_by": [
            "a833f0bf-dc7f-46ff-9cde-b2baf08fb409"
          ],
          "provenance__density": "dummy estimator based on mw",
          "provenance__is_consumed_by": null,
          "provenance__is_produced_by": null,
          "provenance__mass": null,
          "provenance__molecular_weight": "periodic table",
          "provenance__smiles": null,
          "provenance__state_of_matter": "dummy estimator based on mw"
        },
        {
          "identifier": "05f61997-31e3-4e8f-a660-0ba913c49d2f",
          "smiles": "C1COCCO1",
          "state_of_matter": "LIQUID",
          "molecular_weight": 88.10512000000004,
          "density": 1.0,
          "mass": 88.10512000000004,
          "is_produced_by": [],
          "is_consumed_by": [
            "a833f0bf-dc7f-46ff-9cde-b2baf08fb409"
          ],
          "provenance__density": "dummy estimator based on mw",
          "provenance__is_consumed_by": null,
          "provenance__is_produced_by": null,
          "provenance__mass": null,
          "provenance__molecular_weight": "periodic table",
          "provenance__smiles": null,
          "provenance__state_of_matter": "dummy estimator based on mw"
        }
      ],
      "products": [
        {
          "identifier": "bb79deaf-14d7-489c-b73e-bdb169e72574",
          "smiles": "Cc1cnc(Nc2ccc(OCc3ccccc3)cc2)nc1Nc1cccc(S(=O)(=O)NC(C)(C)C)c1",
          "state_of_matter": "SOLID",
          "molecular_weight": 517.6424400000001,
          "density": 1.4,
          "mass": 517.6424400000001,
          "is_produced_by": [
            "a833f0bf-dc7f-46ff-9cde-b2baf08fb409"
          ],
          "is_consumed_by": [],
          "provenance__density": "dummy estimator based on mw",
          "provenance__is_consumed_by": null,
          "provenance__is_produced_by": null,
          "provenance__mass": null,
          "provenance__molecular_weight": "periodic table",
          "provenance__smiles": null,
          "provenance__state_of_matter": "dummy estimator based on mw"
        }
      ],
      "stoichiometry": {
        "349c97e7-ecda-49b7-bc65-53a04cc50e44": 1.0,
        "dc45dc7d-d5c5-4213-a169-ae962f599b45": 1.0,
        "bb79deaf-14d7-489c-b73e-bdb169e72574": -1.0
      },
      "temperature": 369.8748215675354,
      "intended_ratios": {
        "349c97e7-ecda-49b7-bc65-53a04cc50e44": 1.0,
        "dc45dc7d-d5c5-4213-a169-ae962f599b45": 1.0,
        "cfc41b02-d139-4a00-a7d7-c52511bd2dba": 1.0,
        "05f61997-31e3-4e8f-a660-0ba913c49d2f": 1.0
      },
      "expected_yields": {
        "bb79deaf-14d7-489c-b73e-bdb169e72574": 1.0
      },
      "reaction_extent": 1.0
    },
    {
      "identifier": "6d20b445-3d35-41ad-870d-c278e0ad2843",
      "reactants": [
        {
          "identifier": "e59ace0c-f2ba-45cc-a3ff-ec239f3e8ab0",
          "smiles": "Cc1cnc(Nc2ccc(O)cc2)nc1Nc1cccc(S(=O)(=O)NC(C)(C)C)c1",
          "state_of_matter": "SOLID",
          "molecular_weight": 427.51990000000035,
          "density": 1.4,
          "mass": 427.51990000000035,
          "is_produced_by": [],
          "is_consumed_by": [
            "6d20b445-3d35-41ad-870d-c278e0ad2843"
          ],
          "provenance__density": "dummy estimator based on mw",
          "provenance__is_consumed_by": null,
          "provenance__is_produced_by": null,
          "provenance__mass": null,
          "provenance__molecular_weight": "periodic table",
          "provenance__smiles": null,
          "provenance__state_of_matter": "dummy estimator based on mw"
        },
        {
          "identifier": "701028f0-962d-459d-9d28-e19dadb88f22",
          "smiles": "ClCCN1CCCC1",
          "state_of_matter": "LIQUID",
          "molecular_weight": 133.61917999999997,
          "density": 1.0,
          "mass": 133.61917999999997,
          "is_produced_by": [],
          "is_consumed_by": [
            "6d20b445-3d35-41ad-870d-c278e0ad2843"
          ],
          "provenance__density": "dummy estimator based on mw",
          "provenance__is_consumed_by": null,
          "provenance__is_produced_by": null,
          "provenance__mass": null,
          "provenance__molecular_weight": "periodic table",
          "provenance__smiles": null,
          "provenance__state_of_matter": "dummy estimator based on mw"
        }
      ],
      "reagents": [
        {
          "identifier": "9ebac651-5cbc-487b-8457-26ab4d3f878e",
          "smiles": "O=C(O[K])O[K]",
          "state_of_matter": "SOLID",
          "molecular_weight": 138.2055,
          "density": 1.4,
          "mass": 138.2055,
          "is_produced_by": [],
          "is_consumed_by": [
            "6d20b445-3d35-41ad-870d-c278e0ad2843"
          ],
          "provenance__density": "dummy estimator based on mw",
          "provenance__is_consumed_by": null,
          "provenance__is_produced_by": null,
          "provenance__mass": null,
          "provenance__molecular_weight": "periodic table",
          "provenance__smiles": null,
          "provenance__state_of_matter": "dummy estimator based on mw"
        },
        {
          "identifier": "d3e6beaf-8fc4-4f67-b24d-81d86d7e437f",
          "smiles": "CC(C)=O",
          "state_of_matter": "LIQUID",
          "molecular_weight": 58.07913999999999,
          "density": 1.0,
          "mass": 58.07913999999999,
          "is_produced_by": [],
          "is_consumed_by": [
            "6d20b445-3d35-41ad-870d-c278e0ad2843"
          ],
          "provenance__density": "dummy estimator based on mw",
          "provenance__is_consumed_by": null,
          "provenance__is_produced_by": null,
          "provenance__mass": null,
          "provenance__molecular_weight": "periodic table",
          "provenance__smiles": null,
          "provenance__state_of_matter": "dummy estimator based on mw"
        }
      ],
      "products": [
        {
          "identifier": "2e8f4a70-2a22-452a-848d-c2fc672579fe",
          "smiles": "Cc1cnc(Nc2ccc(OCCN3CCCC3)cc2)nc1Nc1cccc(S(=O)(=O)NC(C)(C)C)c1",
          "state_of_matter": "SOLID",
          "molecular_weight": 524.6781399999998,
          "density": 1.4,
          "mass": 524.6781399999998,
          "is_produced_by": [
            "6d20b445-3d35-41ad-870d-c278e0ad2843"
          ],
          "is_consumed_by": [],
          "provenance__density": "dummy estimator based on mw",
          "provenance__is_consumed_by": null,
          "provenance__is_produced_by": null,
          "provenance__mass": null,
          "provenance__molecular_weight": "periodic table",
          "provenance__smiles": null,
          "provenance__state_of_matter": "dummy estimator based on mw"
        }
      ],
      "stoichiometry": {
        "e59ace0c-f2ba-45cc-a3ff-ec239f3e8ab0": 1.0,
        "701028f0-962d-459d-9d28-e19dadb88f22": 1.0,
        "2e8f4a70-2a22-452a-848d-c2fc672579fe": -1.0
      },
      "temperature": 346.08960286974906,
      "intended_ratios": {
        "e59ace0c-f2ba-45cc-a3ff-ec239f3e8ab0": 1.0,
        "701028f0-962d-459d-9d28-e19dadb88f22": 1.0,
        "9ebac651-5cbc-487b-8457-26ab4d3f878e": 1.0,
        "d3e6beaf-8fc4-4f67-b24d-81d86d7e437f": 1.0
      },
      "expected_yields": {
        "2e8f4a70-2a22-452a-848d-c2fc672579fe": 1.0
      },
      "reaction_extent": 1.0
    },
    {
      "identifier": "6e4b371c-fd0c-4088-aa47-792ea0db0963",
      "reactants": [
        {
          "identifier": "ecea7c4f-c628-4825-8d8e-5465ffa57a17",
          "smiles": "Cc1cnc(Nc2ccc(OCc3ccccc3)cc2)nc1Nc1cccc(S(=O)(=O)NC(C)(C)C)c1",
          "state_of_matter": "SOLID",
          "molecular_weight": 517.6424400000001,
          "density": 1.4,
          "mass": 517.6424400000001,
          "is_produced_by": [],
          "is_consumed_by": [
            "6e4b371c-fd0c-4088-aa47-792ea0db0963"
          ],
          "provenance__density": "dummy estimator based on mw",
          "provenance__is_consumed_by": null,
          "provenance__is_produced_by": null,
          "provenance__mass": null,
          "provenance__molecular_weight": "periodic table",
          "provenance__smiles": null,
          "provenance__state_of_matter": "dummy estimator based on mw"
        }
      ],
      "reagents": [
        {
          "identifier": "ae04e5c4-83a3-454c-9e01-57d5678e0e47",
          "smiles": "CO",
          "state_of_matter": "LIQUID",
          "molecular_weight": 32.04186000000001,
          "density": 1.0,
          "mass": 32.04186000000001,
          "is_produced_by": [],
          "is_consumed_by": [
            "6e4b371c-fd0c-4088-aa47-792ea0db0963"
          ],
          "provenance__density": "dummy estimator based on mw",
          "provenance__is_consumed_by": null,
          "provenance__is_produced_by": null,
          "provenance__mass": null,
          "provenance__molecular_weight": "periodic table",
          "provenance__smiles": null,
          "provenance__state_of_matter": "dummy estimator based on mw"
        },
        {
          "identifier": "9bf971cb-0744-49f5-ae85-4d6c3ad655ed",
          "smiles": "[Pd]",
          "state_of_matter": "SOLID",
          "molecular_weight": 106.42,
          "density": 1.4,
          "mass": 106.42,
          "is_produced_by": [],
          "is_consumed_by": [
            "6e4b371c-fd0c-4088-aa47-792ea0db0963"
          ],
          "provenance__density": "dummy estimator based on mw",
          "provenance__is_consumed_by": null,
          "provenance__is_produced_by": null,
          "provenance__mass": null,
          "provenance__molecular_weight": "periodic table",
          "provenance__smiles": null,
          "provenance__state_of_matter": "dummy estimator based on mw"
        }
      ],
      "products": [
        {
          "identifier": "af136955-1c6a-43e6-a143-cc156c09df6e",
          "smiles": "Cc1cnc(Nc2ccc(O)cc2)nc1Nc1cccc(S(=O)(=O)NC(C)(C)C)c1",
          "state_of_matter": "SOLID",
          "molecular_weight": 427.51990000000035,
          "density": 1.4,
          "mass": 427.51990000000035,
          "is_produced_by": [
            "6e4b371c-fd0c-4088-aa47-792ea0db0963"
          ],
          "is_consumed_by": [],
          "provenance__density": "dummy estimator based on mw",
          "provenance__is_consumed_by": null,
          "provenance__is_produced_by": null,
          "provenance__mass": null,
          "provenance__molecular_weight": "periodic table",
          "provenance__smiles": null,
          "provenance__state_of_matter": "dummy estimator based on mw"
        }
      ],
      "stoichiometry": {
        "ecea7c4f-c628-4825-8d8e-5465ffa57a17": 1.0,
        "af136955-1c6a-43e6-a143-cc156c09df6e": -1.0
      },
      "temperature": 290.56993040442467,
      "intended_ratios": {
        "ecea7c4f-c628-4825-8d8e-5465ffa57a17": 1.0,
        "ae04e5c4-83a3-454c-9e01-57d5678e0e47": 1.0,
        "9bf971cb-0744-49f5-ae85-4d6c3ad655ed": 1.0
      },
      "expected_yields": {
        "af136955-1c6a-43e6-a143-cc156c09df6e": 1.0
      },
      "reaction_extent": 1.0
    },
    {
      "identifier": "88febc90-73d8-4e11-a7c6-76bc58781f56",
      "reactants": [
        {
          "identifier": "466313c5-1a8e-4687-9a40-6b443c539e54",
          "smiles": "Clc1cnc2[nH]ccc2c1",
          "state_of_matter": "LIQUID",
          "molecular_weight": 152.58099999999993,
          "density": 1.0,
          "mass": 152.58099999999993,
          "is_produced_by": [],
          "is_consumed_by": [
            "88febc90-73d8-4e11-a7c6-76bc58781f56"
          ],
          "provenance__density": "dummy estimator based on mw",
          "provenance__is_consumed_by": null,
          "provenance__is_produced_by": null,
          "provenance__mass": null,
          "provenance__molecular_weight": "periodic table",
          "provenance__smiles": null,
          "provenance__state_of_matter": "dummy estimator based on mw"
        },
        {
          "identifier": "4b5d9ed7-6997-446a-89c9-28443474a8d7",
          "smiles": "O=Cc1ccc(Cl)nc1",
          "state_of_matter": "LIQUID",
          "molecular_weight": 141.55505999999997,
          "density": 1.0,
          "mass": 141.55505999999997,
          "is_produced_by": [],
          "is_consumed_by": [
            "88febc90-73d8-4e11-a7c6-76bc58781f56"
          ],
          "provenance__density": "dummy estimator based on mw",
          "provenance__is_consumed_by": null,
          "provenance__is_produced_by": null,
          "provenance__mass": null,
          "provenance__molecular_weight": "periodic table",
          "provenance__smiles": null,
          "provenance__state_of_matter": "dummy estimator based on mw"
        }
      ],
      "reagents": [
        {
          "identifier": "0e4ae401-3922-4c13-8bdb-cdaca10e9fb7",
          "smiles": "CO",
          "state_of_matter": "LIQUID",
          "molecular_weight": 32.04186000000001,
          "density": 1.0,
          "mass": 32.04186000000001,
          "is_produced_by": [],
          "is_consumed_by": [
            "88febc90-73d8-4e11-a7c6-76bc58781f56"
          ],
          "provenance__density": "dummy estimator based on mw",
          "provenance__is_consumed_by": null,
          "provenance__is_produced_by": null,
          "provenance__mass": null,
          "provenance__molecular_weight": "periodic table",
          "provenance__smiles": null,
          "provenance__state_of_matter": "dummy estimator based on mw"
        },
        {
          "identifier": "1fefbfdf-3222-4a61-956d-02c2f0d99fc9",
          "smiles": "O",
          "state_of_matter": "LIQUID",
          "molecular_weight": 18.01528,
          "density": 1.0,
          "mass": 18.01528,
          "is_produced_by": [],
          "is_consumed_by": [
            "88febc90-73d8-4e11-a7c6-76bc58781f56"
          ],
          "provenance__density": "dummy estimator based on mw",
          "provenance__is_consumed_by": null,
          "provenance__is_produced_by": null,
          "provenance__mass": null,
          "provenance__molecular_weight": "periodic table",
          "provenance__smiles": null,
          "provenance__state_of_matter": "dummy estimator based on mw"
        },
        {
          "identifier": "cb64c3a3-080b-47bf-a946-65d60eda27f0",
          "smiles": "O[K]",
          "state_of_matter": "SOLID",
          "molecular_weight": 56.10564,
          "density": 1.4,
          "mass": 56.10564,
          "is_produced_by": [],
          "is_consumed_by": [
            "88febc90-73d8-4e11-a7c6-76bc58781f56"
          ],
          "provenance__density": "dummy estimator based on mw",
          "provenance__is_consumed_by": null,
          "provenance__is_produced_by": null,
          "provenance__mass": null,
          "provenance__molecular_weight": "periodic table",
          "provenance__smiles": null,
          "provenance__state_of_matter": "dummy estimator based on mw"
        }
      ],
      "products": [
        {
          "identifier": "4c87f129-c59a-47f1-910a-9060bad85a7d",
          "smiles": "OC(c1ccc(Cl)nc1)c1c[nH]c2ncc(Cl)cc12",
          "state_of_matter": "SOLID",
          "molecular_weight": 294.1360600000001,
          "density": 1.4,
          "mass": 294.1360600000001,
          "is_produced_by": [
            "88febc90-73d8-4e11-a7c6-76bc58781f56"
          ],
          "is_consumed_by": [],
          "provenance__density": "dummy estimator based on mw",
          "provenance__is_consumed_by": null,
          "provenance__is_produced_by": null,
          "provenance__mass": null,
          "provenance__molecular_weight": "periodic table",
          "provenance__smiles": null,
          "provenance__state_of_matter": "dummy estimator based on mw"
        }
      ],
      "stoichiometry": {
        "466313c5-1a8e-4687-9a40-6b443c539e54": 1.0,
        "4b5d9ed7-6997-446a-89c9-28443474a8d7": 1.0,
        "4c87f129-c59a-47f1-910a-9060bad85a7d": -1.0
      },
      "temperature": 281.2925557672977,
      "intended_ratios": {
        "466313c5-1a8e-4687-9a40-6b443c539e54": 1.0,
        "4b5d9ed7-6997-446a-89c9-28443474a8d7": 1.0,
        "0e4ae401-3922-4c13-8bdb-cdaca10e9fb7": 1.0,
        "1fefbfdf-3222-4a61-956d-02c2f0d99fc9": 1.0,
        "cb64c3a3-080b-47bf-a946-65d60eda27f0": 1.0
      },
      "expected_yields": {
        "4c87f129-c59a-47f1-910a-9060bad85a7d": 1.0
      },
      "reaction_extent": 1.0
    },
    {
      "identifier": "a0dacd6d-0107-4271-b16d-ce07ccf371d3",
      "reactants": [
        {
          "identifier": "7f61919c-e4c3-4355-8511-d334996dd492",
          "smiles": "O=C(Nc1ccc(Cc2c[nH]c3ncc(Cl)cc23)cn1)c1ccc(C(F)(F)F)nc1",
          "state_of_matter": "SOLID",
          "molecular_weight": 431.79832960000016,
          "density": 1.4,
          "mass": 431.79832960000016,
          "is_produced_by": [],
          "is_consumed_by": [
            "a0dacd6d-0107-4271-b16d-ce07ccf371d3"
          ],
          "provenance__density": "dummy estimator based on mw",
          "provenance__is_consumed_by": null,
          "provenance__is_produced_by": null,
          "provenance__mass": null,
          "provenance__molecular_weight": "periodic table",
          "provenance__smiles": null,
          "provenance__state_of_matter": "dummy estimator based on mw"
        }
      ],
      "reagents": [
        {
          "identifier": "57d2463b-3ced-409a-b99e-217b149bdf01",
          "smiles": "CC#N",
          "state_of_matter": "LIQUID",
          "molecular_weight": 41.051919999999996,
          "density": 1.0,
          "mass": 41.051919999999996,
          "is_produced_by": [],
          "is_consumed_by": [
            "a0dacd6d-0107-4271-b16d-ce07ccf371d3"
          ],
          "provenance__density": "dummy estimator based on mw",
          "provenance__is_consumed_by": null,
          "provenance__is_produced_by": null,
          "provenance__mass": null,
          "provenance__molecular_weight": "periodic table",
          "provenance__smiles": null,
          "provenance__state_of_matter": "dummy estimator based on mw"
        },
        {
          "identifier": "cccae3d1-36e5-4188-967a-1fee67607b47",
          "smiles": "O=C(O)C(F)(F)F",
          "state_of_matter": "LIQUID",
          "molecular_weight": 114.0233496,
          "density": 1.0,
          "mass": 114.0233496,
          "is_produced_by": [],
          "is_consumed_by": [
            "a0dacd6d-0107-4271-b16d-ce07ccf371d3"
          ],
          "provenance__density": "dummy estimator based on mw",
          "provenance__is_consumed_by": null,
          "provenance__is_produced_by": null,
          "provenance__mass": null,
          "provenance__molecular_weight": "periodic table",
          "provenance__smiles": null,
          "provenance__state_of_matter": "dummy estimator based on mw"
        },
        {
          "identifier": "57a297ad-8813-4c30-83e5-87d6220c9499",
          "smiles": "CC[SiH](CC)CC",
          "state_of_matter": "LIQUID",
          "molecular_weight": 116.27674000000007,
          "density": 1.0,
          "mass": 116.27674000000007,
          "is_produced_by": [],
          "is_consumed_by": [
            "a0dacd6d-0107-4271-b16d-ce07ccf371d3"
          ],
          "provenance__density": "dummy estimator based on mw",
          "provenance__is_consumed_by": null,
          "provenance__is_produced_by": null,
          "provenance__mass": null,
          "provenance__molecular_weight": "periodic table",
          "provenance__smiles": null,
          "provenance__state_of_matter": "dummy estimator based on mw"
        }
      ],
      "products": [
        {
          "identifier": "3b626c7e-f8e0-4da7-8d2c-9d7635ead2f0",
          "smiles": "FC(F)(F)c1ccc(CNc2ccc(Cc3c[nH]c4ncc(Cl)cc34)cn2)cn1",
          "state_of_matter": "SOLID",
          "molecular_weight": 417.81480960000016,
          "density": 1.4,
          "mass": 417.81480960000016,
          "is_produced_by": [
            "a0dacd6d-0107-4271-b16d-ce07ccf371d3"
          ],
          "is_consumed_by": [],
          "provenance__density": "dummy estimator based on mw",
          "provenance__is_consumed_by": null,
          "provenance__is_produced_by": null,
          "provenance__mass": null,
          "provenance__molecular_weight": "periodic table",
          "provenance__smiles": null,
          "provenance__state_of_matter": "dummy estimator based on mw"
        }
      ],
      "stoichiometry": {
        "7f61919c-e4c3-4355-8511-d334996dd492": 1.0,
        "3b626c7e-f8e0-4da7-8d2c-9d7635ead2f0": -1.0
      },
      "temperature": 327.5941164672374,
      "intended_ratios": {
        "7f61919c-e4c3-4355-8511-d334996dd492": 1.0,
        "57d2463b-3ced-409a-b99e-217b149bdf01": 1.0,
        "cccae3d1-36e5-4188-967a-1fee67607b47": 1.0,
        "57a297ad-8813-4c30-83e5-87d6220c9499": 1.0
      },
      "expected_yields": {
        "3b626c7e-f8e0-4da7-8d2c-9d7635ead2f0": 1.0
      },
      "reaction_extent": 1.0
    },
    {
      "identifier": "97667d04-523f-4c44-abea-71f353816171",
      "reactants": [
        {
          "identifier": "ccfd28dc-891d-4b24-a6bb-cb5a0c441afb",
          "smiles": "OC(c1ccc(Cl)nc1)c1c[nH]c2ncc(Cl)cc12",
          "state_of_matter": "SOLID",
          "molecular_weight": 294.1360600000001,
          "density": 1.4,
          "mass": 294.1360600000001,
          "is_produced_by": [],
          "is_consumed_by": [
            "97667d04-523f-4c44-abea-71f353816171"
          ],
          "provenance__density": "dummy estimator based on mw",
          "provenance__is_consumed_by": null,
          "provenance__is_produced_by": null,
          "provenance__mass": null,
          "provenance__molecular_weight": "periodic table",
          "provenance__smiles": null,
          "provenance__state_of_matter": "dummy estimator based on mw"
        }
      ],
      "reagents": [
        {
          "identifier": "014473dc-6fa8-4242-8624-a6668e561aef",
          "smiles": "CC#N",
          "state_of_matter": "LIQUID",
          "molecular_weight": 41.051919999999996,
          "density": 1.0,
          "mass": 41.051919999999996,
          "is_produced_by": [],
          "is_consumed_by": [
            "97667d04-523f-4c44-abea-71f353816171"
          ],
          "provenance__density": "dummy estimator based on mw",
          "provenance__is_consumed_by": null,
          "provenance__is_produced_by": null,
          "provenance__mass": null,
          "provenance__molecular_weight": "periodic table",
          "provenance__smiles": null,
          "provenance__state_of_matter": "dummy estimator based on mw"
        },
        {
          "identifier": "f6aa6406-beda-4be7-a944-c42278516978",
          "smiles": "O=C(O)C(F)(F)F",
          "state_of_matter": "LIQUID",
          "molecular_weight": 114.0233496,
          "density": 1.0,
          "mass": 114.0233496,
          "is_produced_by": [],
          "is_consumed_by": [
            "97667d04-523f-4c44-abea-71f353816171"
          ],
          "provenance__density": "dummy estimator based on mw",
          "provenance__is_consumed_by": null,
          "provenance__is_produced_by": null,
          "provenance__mass": null,
          "provenance__molecular_weight": "periodic table",
          "provenance__smiles": null,
          "provenance__state_of_matter": "dummy estimator based on mw"
        },
        {
          "identifier": "0048d4d0-a9d8-4efd-a228-0c7f286898f4",
          "smiles": "CC[SiH](CC)CC",
          "state_of_matter": "LIQUID",
          "molecular_weight": 116.27674000000007,
          "density": 1.0,
          "mass": 116.27674000000007,
          "is_produced_by": [],
          "is_consumed_by": [
            "97667d04-523f-4c44-abea-71f353816171"
          ],
          "provenance__density": "dummy estimator based on mw",
          "provenance__is_consumed_by": null,
          "provenance__is_produced_by": null,
          "provenance__mass": null,
          "provenance__molecular_weight": "periodic table",
          "provenance__smiles": null,
          "provenance__state_of_matter": "dummy estimator based on mw"
        }
      ],
      "products": [
        {
          "identifier": "526b9a8a-9fec-4c28-a7a0-5603aa7bd7b1",
          "smiles": "Clc1cnc2[nH]cc(Cc3ccc(Cl)nc3)c2c1",
          "state_of_matter": "SOLID",
          "molecular_weight": 278.13666000000006,
          "density": 1.4,
          "mass": 278.13666000000006,
          "is_produced_by": [
            "97667d04-523f-4c44-abea-71f353816171"
          ],
          "is_consumed_by": [],
          "provenance__density": "dummy estimator based on mw",
          "provenance__is_consumed_by": null,
          "provenance__is_produced_by": null,
          "provenance__mass": null,
          "provenance__molecular_weight": "periodic table",
          "provenance__smiles": null,
          "provenance__state_of_matter": "dummy estimator based on mw"
        }
      ],
      "stoichiometry": {
        "ccfd28dc-891d-4b24-a6bb-cb5a0c441afb": 1.0,
        "526b9a8a-9fec-4c28-a7a0-5603aa7bd7b1": -1.0
      },
      "temperature": 307.97120277285575,
      "intended_ratios": {
        "ccfd28dc-891d-4b24-a6bb-cb5a0c441afb": 1.0,
        "014473dc-6fa8-4242-8624-a6668e561aef": 1.0,
        "f6aa6406-beda-4be7-a944-c42278516978": 1.0,
        "0048d4d0-a9d8-4efd-a228-0c7f286898f4": 1.0
      },
      "expected_yields": {
        "526b9a8a-9fec-4c28-a7a0-5603aa7bd7b1": 1.0
      },
      "reaction_extent": 1.0
    }
  ],
  "molecular_nodes": [
    "C1CCOC1",
    "C1COCCO1",
    "CC#N",
    "CC(=O)C1CCC2C3CCC4CC(=O)CCC4(C)C3CCC12C",
    "CC(=O)C1CCC2C3CCC4CC(O)CCC4(C)C3CCC12C",
    "CC(C)(C)NS(=O)(=O)c1cccc(N)c1",
    "CC(C)=O",
    "CCCC[N+](CCCC)(CCCC)CCCC.[F-]",
    "CCO",
    "CC[SiH](CC)CC",
    "CN(C)C=O",
    "CO",
    "Cc1ccc(S(=O)(=O)Cl)cc1",
    "Cc1ccc(S(=O)(=O)n2cc(Cc3ccc(Cl)nc3)c3cc(Cl)cnc32)cc1",
    "Cc1ccc(S(=O)(=O)n2cc(Cc3ccc(N)nc3)c3cc(Cl)cnc32)cc1",
    "Cc1ccc(S(=O)(=O)n2cc(Cc3ccc(NC(=O)c4ccc(C(F)(F)F)nc4)nc3)c3cc(Cl)cnc32)cc1",
    "Cc1cnc(Cl)nc1Cl",
    "Cc1cnc(Cl)nc1Nc1cccc(S(=O)(=O)NC(C)(C)C)c1",
    "Cc1cnc(Nc2ccc(O)cc2)nc1Nc1cccc(S(=O)(=O)NC(C)(C)C)c1",
    "Cc1cnc(Nc2ccc(OCCN3CCCC3)cc2)nc1Nc1cccc(S(=O)(=O)NC(C)(C)C)c1",
    "Cc1cnc(Nc2ccc(OCc3ccccc3)cc2)nc1Nc1cccc(S(=O)(=O)NC(C)(C)C)c1",
    "Cl",
    "ClCCN1CCCC1",
    "Clc1cnc2[nH]cc(Cc3ccc(Cl)nc3)c2c1",
    "Clc1cnc2[nH]ccc2c1",
    "FC(F)(F)c1ccc(CNc2ccc(Cc3c[nH]c4ncc(Cl)cc34)cn2)cn1",
    "Nc1ccc(OCc2ccccc2)cc1",
    "O",
    "O=C(Nc1ccc(Cc2c[nH]c3ncc(Cl)cc23)cn1)c1ccc(C(F)(F)F)nc1",
    "O=C(O)C(F)(F)F",
    "O=C(O)c1ccc(C(F)(F)F)nc1",
    "O=C(O[K])O[K]",
    "O=Cc1ccc(Cl)nc1",
    "O=S(Cl)Cl",
    "OC(c1ccc(Cl)nc1)c1c[nH]c2ncc(Cl)cc12",
    "O[K]",
    "[NaH]",
    "[Na]",
    "[Pd]",
    "c1ccncc1"
  ],
  "edges": [
    [
      "316aa7dc-cda0-4c2b-adad-aa3b87486f4f",
      "Cc1cnc(Cl)nc1Nc1cccc(S(=O)(=O)NC(C)(C)C)c1"
    ],
    [
      "48267b09-2b9f-4685-b1fb-0633337afcdc",
      "Cc1ccc(S(=O)(=O)n2cc(Cc3ccc(N)nc3)c3cc(Cl)cnc32)cc1"
    ],
    [
      "6d20b445-3d35-41ad-870d-c278e0ad2843",
      "Cc1cnc(Nc2ccc(OCCN3CCCC3)cc2)nc1Nc1cccc(S(=O)(=O)NC(C)(C)C)c1"
    ],
    [
      "6e4b371c-fd0c-4088-aa47-792ea0db0963",
      "Cc1cnc(Nc2ccc(O)cc2)nc1Nc1cccc(S(=O)(=O)NC(C)(C)C)c1"
    ],
    [
      "6ea6e71f-bdd3-45bc-88a7-2ede923711fb",
      "O=C(Nc1ccc(Cc2c[nH]c3ncc(Cl)cc23)cn1)c1ccc(C(F)(F)F)nc1"
    ],
    [
      "88febc90-73d8-4e11-a7c6-76bc58781f56",
      "OC(c1ccc(Cl)nc1)c1c[nH]c2ncc(Cl)cc12"
    ],
    [
      "943b3eca-b8a6-4666-9fe8-db9fec538f32",
      "Cc1ccc(S(=O)(=O)n2cc(Cc3ccc(NC(=O)c4ccc(C(F)(F)F)nc4)nc3)c3cc(Cl)cnc32)cc1"
    ],
    [
      "97667d04-523f-4c44-abea-71f353816171",
      "Clc1cnc2[nH]cc(Cc3ccc(Cl)nc3)c2c1"
    ],
    [
      "985b33fd-06bc-4576-ab2a-20037cab6f61",
      "Cc1ccc(S(=O)(=O)n2cc(Cc3ccc(Cl)nc3)c3cc(Cl)cnc32)cc1"
    ],
    [
      "C1CCOC1",
      "6ea6e71f-bdd3-45bc-88a7-2ede923711fb"
    ],
    [
      "C1COCCO1",
      "a833f0bf-dc7f-46ff-9cde-b2baf08fb409"
    ],
    [
      "CC#N",
      "97667d04-523f-4c44-abea-71f353816171"
    ],
    [
      "CC#N",
      "a0dacd6d-0107-4271-b16d-ce07ccf371d3"
    ],
    [
      "CC(=O)C1CCC2C3CCC4CC(=O)CCC4(C)C3CCC12C",
      "f6b56a14-5e11-449b-9894-023595a58501"
    ],
    [
      "CC(C)(C)NS(=O)(=O)c1cccc(N)c1",
      "316aa7dc-cda0-4c2b-adad-aa3b87486f4f"
    ],
    [
      "CC(C)=O",
      "6d20b445-3d35-41ad-870d-c278e0ad2843"
    ],
    [
      "CCCC[N+](CCCC)(CCCC)CCCC.[F-]",
      "6ea6e71f-bdd3-45bc-88a7-2ede923711fb"
    ],
    [
      "CCO",
      "f6b56a14-5e11-449b-9894-023595a58501"
    ],
    [
      "CC[SiH](CC)CC",
      "97667d04-523f-4c44-abea-71f353816171"
    ],
    [
      "CC[SiH](CC)CC",
      "a0dacd6d-0107-4271-b16d-ce07ccf371d3"
    ],
    [
      "CN(C)C=O",
      "985b33fd-06bc-4576-ab2a-20037cab6f61"
    ],
    [
      "CO",
      "316aa7dc-cda0-4c2b-adad-aa3b87486f4f"
    ],
    [
      "CO",
      "6e4b371c-fd0c-4088-aa47-792ea0db0963"
    ],
    [
      "CO",
      "88febc90-73d8-4e11-a7c6-76bc58781f56"
    ],
    [
      "Cc1ccc(S(=O)(=O)Cl)cc1",
      "985b33fd-06bc-4576-ab2a-20037cab6f61"
    ],
    [
      "Cc1ccc(S(=O)(=O)n2cc(Cc3ccc(Cl)nc3)c3cc(Cl)cnc32)cc1",
      "48267b09-2b9f-4685-b1fb-0633337afcdc"
    ],
    [
      "Cc1ccc(S(=O)(=O)n2cc(Cc3ccc(N)nc3)c3cc(Cl)cnc32)cc1",
      "943b3eca-b8a6-4666-9fe8-db9fec538f32"
    ],
    [
      "Cc1ccc(S(=O)(=O)n2cc(Cc3ccc(NC(=O)c4ccc(C(F)(F)F)nc4)nc3)c3cc(Cl)cnc32)cc1",
      "6ea6e71f-bdd3-45bc-88a7-2ede923711fb"
    ],
    [
      "Cc1cnc(Cl)nc1Cl",
      "316aa7dc-cda0-4c2b-adad-aa3b87486f4f"
    ],
    [
      "Cc1cnc(Cl)nc1Nc1cccc(S(=O)(=O)NC(C)(C)C)c1",
      "a833f0bf-dc7f-46ff-9cde-b2baf08fb409"
    ],
    [
      "Cc1cnc(Nc2ccc(O)cc2)nc1Nc1cccc(S(=O)(=O)NC(C)(C)C)c1",
      "6d20b445-3d35-41ad-870d-c278e0ad2843"
    ],
    [
      "Cc1cnc(Nc2ccc(OCc3ccccc3)cc2)nc1Nc1cccc(S(=O)(=O)NC(C)(C)C)c1",
      "6e4b371c-fd0c-4088-aa47-792ea0db0963"
    ],
    [
      "Cl",
      "a833f0bf-dc7f-46ff-9cde-b2baf08fb409"
    ],
    [
      "ClCCN1CCCC1",
      "6d20b445-3d35-41ad-870d-c278e0ad2843"
    ],
    [
      "Clc1cnc2[nH]cc(Cc3ccc(Cl)nc3)c2c1",
      "985b33fd-06bc-4576-ab2a-20037cab6f61"
    ],
    [
      "Clc1cnc2[nH]ccc2c1",
      "88febc90-73d8-4e11-a7c6-76bc58781f56"
    ],
    [
      "Nc1ccc(OCc2ccccc2)cc1",
      "a833f0bf-dc7f-46ff-9cde-b2baf08fb409"
    ],
    [
      "O",
      "6ea6e71f-bdd3-45bc-88a7-2ede923711fb"
    ],
    [
      "O",
      "88febc90-73d8-4e11-a7c6-76bc58781f56"
    ],
    [
      "O",
      "985b33fd-06bc-4576-ab2a-20037cab6f61"
    ],
    [
      "O=C(Nc1ccc(Cc2c[nH]c3ncc(Cl)cc23)cn1)c1ccc(C(F)(F)F)nc1",
      "a0dacd6d-0107-4271-b16d-ce07ccf371d3"
    ],
    [
      "O=C(O)C(F)(F)F",
      "48267b09-2b9f-4685-b1fb-0633337afcdc"
    ],
    [
      "O=C(O)C(F)(F)F",
      "97667d04-523f-4c44-abea-71f353816171"
    ],
    [
      "O=C(O)C(F)(F)F",
      "a0dacd6d-0107-4271-b16d-ce07ccf371d3"
    ],
    [
      "O=C(O)c1ccc(C(F)(F)F)nc1",
      "943b3eca-b8a6-4666-9fe8-db9fec538f32"
    ],
    [
      "O=C(O[K])O[K]",
      "6d20b445-3d35-41ad-870d-c278e0ad2843"
    ],
    [
      "O=Cc1ccc(Cl)nc1",
      "88febc90-73d8-4e11-a7c6-76bc58781f56"
    ],
    [
      "O=S(Cl)Cl",
      "943b3eca-b8a6-4666-9fe8-db9fec538f32"
    ],
    [
      "OC(c1ccc(Cl)nc1)c1c[nH]c2ncc(Cl)cc12",
      "97667d04-523f-4c44-abea-71f353816171"
    ],
    [
      "O[K]",
      "88febc90-73d8-4e11-a7c6-76bc58781f56"
    ],
    [
      "[NaH]",
      "985b33fd-06bc-4576-ab2a-20037cab6f61"
    ],
    [
      "[Na]",
      "f6b56a14-5e11-449b-9894-023595a58501"
    ],
    [
      "[Pd]",
      "6e4b371c-fd0c-4088-aa47-792ea0db0963"
    ],
    [
      "a0dacd6d-0107-4271-b16d-ce07ccf371d3",
      "FC(F)(F)c1ccc(CNc2ccc(Cc3c[nH]c4ncc(Cl)cc34)cn2)cn1"
    ],
    [
      "a833f0bf-dc7f-46ff-9cde-b2baf08fb409",
      "Cc1cnc(Nc2ccc(OCc3ccccc3)cc2)nc1Nc1cccc(S(=O)(=O)NC(C)(C)C)c1"
    ],
    [
      "c1ccncc1",
      "943b3eca-b8a6-4666-9fe8-db9fec538f32"
    ],
    [
      "f6b56a14-5e11-449b-9894-023595a58501",
      "CC(=O)C1CCC2C3CCC4CC(O)CCC4(C)C3CCC12C"
    ]
  ]
}