{
  "identifier": "d04d69e1-2a16-4a9e-b9ac-2689750a1a3b",
  "chemical_reactions": [
    {
      "identifier": "89e4c684-deae-4905-9d9f-a6043729b946",
      "reactants": [
        {
          "identifier": "9ed23ae3-a8f5-41ce-9674-810167b8b190",
          "smiles": "Brc1ccc(I)cn1",
          "state_of_matter": "SOLID",
          "molecular_weight": 283.89249000000007,
          "density": 1.4,
          "mass": 283.89249000000007,
          "is_produced_by": [],
          "is_consumed_by": [
            "89e4c684-deae-4905-9d9f-a6043729b946"
          ],
          "provenance__density": "dummy estimator based on mw",
          "provenance__is_consumed_by": null,
          "provenance__is_produced_by": null,
          "provenance__mass": null,
          "provenance__molecular_weight": "periodic table",
          "provenance__smiles": null,
          "provenance__state_of_matter": "dummy estimator based on mw"
        },
        {
          "identifier": "ddef6ccb-e5ee-45bc-9879-9de1a07f2b13",
          "smiles": "CCOC(=O)CC(=O)OCC",
          "state_of_matter": "LIQUID",
          "molecular_weight": 160.16777999999988,
          "density": 1.0,
          "mass": 160.16777999999988,
          "is_produced_by": [],
          "is_consumed_by": [
            "89e4c684-deae-4905-9d9f-a6043729b946"
          ],
          "provenance__density": "dummy estimator based on mw",
          "provenance__is_consumed_by": null,
          "provenance__is_produced_by": null,
          "provenance__mass": null,
          "provenance__molecular_weight": "periodic table",
          "provenance__smiles": null,
          "provenance__state_of_matter": "dummy estimator based on mw"
        }
      ],
      "reagents": [
        {
          "identifier": "c71b99a3-39bf-4006-809d-5304b0ad0cbb",
          "smiles": "C1COCCO1",
          "state_of_matter": "LIQUID",
          "molecular_weight": 88.10512000000004,
          "density": 1.0,
          "mass": 88.10512000000004,
          "is_produced_by": [],
          "is_consumed_by": [
            "89e4c684-deae-4905-9d9f-a6043729b946"
          ],
          "provenance__density": "dummy estimator based on mw",
          "provenance__is_consumed_by": null,
          "provenance__is_produced_by": null,
          "provenance__mass": null,
          "provenance__molecular_weight": "periodic table",
          "provenance__smiles": null,
          "provenance__state_of_matter": "dummy estimator based on mw"
        },
        {
          "identifier": "b40c06f5-6cbd-42fc-93b1-6fd5c7ce39fb",
          "smiles": "[Cu]I",
          "state_of_matter": "LIQUID",
          "molecular_weight": 190.45047,
          "density": 1.0,
          "mass": 190.45047,
          "is_produced_by": [],
          "is_consumed_by": [
            "89e4c684-deae-4905-9d9f-a6043729b946"
          ],
          "provenance__density": "dummy estimator based on mw",
          "provenance__is_consumed_by": null,
          "provenance__is_produced_by": null,
          "provenance__mass": null,
          "provenance__molecular_weight": "periodic table",
          "provenance__smiles": null,
          "provenance__state_of_matter": "dummy estimator based on mw"
        }
      ],
      "products": [
        {
          "identifier": "294e3179-b33c-4126-9dbd-de541cc4824e",
          "smiles": "CCOC(=O)C(C(=O)OCC)c1ccc(I)cn1",
          "state_of_matter": "SOLID",
          "molecular_weight": 363.1483300000002,
          "density": 1.4,
          "mass": 363.1483300000002,
          "is_produced_by": [
            "89e4c684-deae-4905-9d9f-a6043729b946"
          ],
          "is_consumed_by": [],
          "provenance__density": "dummy estimator based on mw",
          "provenance__is_consumed_by": null,
          "provenance__is_produced_by": null,
          "provenance__mass": null,
          "provenance__molecular_weight": "periodic table",
          "provenance__smiles": null,
          "provenance__state_of_matter": "dummy estimator based on mw"
        }
      ],
      "stoichiometry": {
        "9ed23ae3-a8f5-41ce-9674-810167b8b190": 1.0,
        "ddef6ccb-e5ee-45bc-9879-9de1a07f2b13": 1.0,
        "294e3179-b33c-4126-9dbd-de541cc4824e": -1.0
      },
      "temperature": 337.2797211170196,
      "intended_ratios": {
        "9ed23ae3-a8f5-41ce-9674-810167b8b190": 1.0,
        "ddef6ccb-e5ee-45bc-9879-9de1a07f2b13": 1.0,
        "c71b99a3-39bf-4006-809d-5304b0ad0cbb": 1.0,
        "b40c06f5-6cbd-42fc-93b1-6fd5c7ce39fb": 1.0
      },
      "expected_yields": {
        "294e3179-b33c-4126-9dbd-de541cc4824e": 1.0
      },
      "reaction_extent": 1.0
    },
    {
      "identifier": "4f8d5a46-9deb-4263-bf5e-1f4a45209197",
      "reactants": [
        {
          "identifier": "071f9f47-6fbf-498f-b51f-11c34a270011",
          "smiles": "Brc1ccc(OCc2ccccc2)cc1",
          "state_of_matter": "SOLID",
          "molecular_weight": 263.12984,
          "density": 1.4,
          "mass": 263.12984,
          "is_produced_by": [],
          "is_consumed_by": [
            "4f8d5a46-9deb-4263-bf5e-1f4a45209197"
          ],
          "provenance__density": "dummy estimator based on mw",
          "provenance__is_consumed_by": null,
          "provenance__is_produced_by": null,
          "provenance__mass": null,
          "provenance__molecular_weight": "periodic table",
          "provenance__smiles": null,
          "provenance__state_of_matter": "dummy estimator based on mw"
        },
        {
          "identifier": "8ae6d940-7b5c-40f2-aa31-8b45bfbf6026",
          "smiles": "CCOC(=O)Cc1ccc(B2OC(C)(C)C(C)(C)O2)cn1",
          "state_of_matter": "SOLID",
          "molecular_weight": 291.1504800000004,
          "density": 1.4,
          "mass": 291.1504800000004,
          "is_produced_by": [],
          "is_consumed_by": [
            "4f8d5a46-9deb-4263-bf5e-1f4a45209197"
          ],
          "provenance__density": "dummy estimator based on mw",
          "provenance__is_consumed_by": null,
          "provenance__is_produced_by": null,
          "provenance__mass": null,
          "provenance__molecular_weight": "periodic table",
          "provenance__smiles": null,
          "provenance__state_of_matter": "dummy estimator based on mw"
        }
      ],
      "reagents": [
        {
          "identifier": "203dbd65-1d43-4a31-be81-c1c9271e8378",
          "smiles": "O",
          "state_of_matter": "LIQUID",
          "molecular_weight": 18.01528,
          "density": 1.0,
          "mass": 18.01528,
          "is_produced_by": [],
          "is_consumed_by": [
            "4f8d5a46-9deb-4263-bf5e-1f4a45209197"
          ],
          "provenance__density": "dummy estimator based on mw",
          "provenance__is_consumed_by": null,
          "provenance__is_produced_by": null,
          "provenance__mass": null,
          "provenance__molecular_weight": "periodic table",
          "provenance__smiles": null,
          "provenance__state_of_matter": "dummy estimator based on mw"
        },
        {
          "identifier": "3b885c31-a6d6-4817-9c0b-aa1332595f6e",
          "smiles": "O=C(O[K])O[K]",
          "state_of_matter": "SOLID",
          "molecular_weight": 138.2055,
          "density": 1.4,
          "mass": 138.2055,
          "is_produced_by": [],
          "is_consumed_by": [
            "4f8d5a46-9deb-4263-bf5e-1f4a45209197"
          ],
          "provenance__density": "dummy estimator based on mw",
          "provenance__is_consumed_by": null,
          "provenance__is_produced_by": null,
          "provenance__mass": null,
          "provenance__molecular_weight": "periodic table",
          "provenance__smiles": null,
          "provenance__state_of_matter": "dummy estimator based on mw"
        },
        {
          "identifier": "0012186b-a687-495d-bb44-6c7a8ee50948",
          "smiles": "C1COCCO1",
          "state_of_matter": "LIQUID",
          "molecular_weight": 88.10512000000004,
          "density": 1.0,
          "mass": 88.10512000000004,
          "is_produced_by": [],
          "is_consumed_by": [
            "4f8d5a46-9deb-4263-bf5e-1f4a45209197"
          ],
          "provenance__density": "dummy estimator based on mw",
          "provenance__is_consumed_by": null,
          "provenance__is_produced_by": null,
          "provenance__mass": null,
          "provenance__molecular_weight": "periodic table",
          "provenance__smiles": null,
          "provenance__state_of_matter": "dummy estimator based on mw"
        }
      ],
      "products": [
        {
          "identifier": "212e31f5-cddb-40d5-aba7-6129dabd76f4",
          "smiles": "CCOC(=O)Cc1ccc(-c2ccc(OCc3ccccc3)cc2)cn1",
          "state_of_matter": "SOLID",
          "molecular_weight": 347.4070400000003,
          "density": 1.4,
          "mass": 347.4070400000003,
          "is_produced_by": [
            "4f8d5a46-9deb-4263-bf5e-1f4a45209197"
          ],
          "is_consumed_by": [],
          "provenance__density": "dummy estimator based on mw",
          "provenance__is_consumed_by": null,
          "provenance__is_produced_by": null,
          "provenance__mass": null,
          "provenance__molecular_weight": "periodic table",
          "provenance__smiles": null,
          "provenance__state_of_matter": "dummy estimator based on mw"
        }
      ],
      "stoichiometry": {
        "071f9f47-6fbf-498f-b51f-11c34a270011": 1.0,
        "8ae6d940-7b5c-40f2-aa31-8b45bfbf6026": 1.0,
        "212e31f5-cddb-40d5-aba7-6129dabd76f4": -1.0
      },
      "temperature": 337.04306037425994,
      "intended_ratios": {
        "071f9f47-6fbf-498f-b51f-11c34a270011": 1.0,
        "8ae6d940-7b5c-40f2-aa31-8b45bfbf6026": 1.0,
        "203dbd65-1d43-4a31-be81-c1c9271e8378": 1.0,
        "3b885c31-a6d6-4817-9c0b-aa1332595f6e": 1.0,
        "0012186b-a687-495d-bb44-6c7a8ee50948": 1.0
      },
      "expected_yields": {
        "212e31f5-cddb-40d5-aba7-6129dabd76f4": 1.0
      },
      "reaction_extent": 1.0
    },
    {
      "identifier": "051170ab-8714-40d7-914e-d6aad7d8922d",
      "reactants": [
        {
          "identifier": "b9a3daef-397a-4b32-a9ef-47b7f92082c3",
          "smiles": "CC1(C)OB(B2OC(C)(C)C(C)(C)O2)OC1(C)C",
          "state_of_matter": "SOLID",
          "molecular_weight": 253.9385599999997,
          "density": 1.4,
          "mass": 253.9385599999997,
          "is_produced_by": [],
          "is_consumed_by": [
            "051170ab-8714-40d7-914e-d6aad7d8922d"
          ],
          "provenance__density": "dummy estimator based on mw",
          "provenance__is_consumed_by": null,
          "provenance__is_produced_by": null,
          "provenance__mass": null,
          "provenance__molecular_weight": "periodic table",
          "provenance__smiles": null,
          "provenance__state_of_matter": "dummy estimator based on mw"
        },
        {
          "identifier": "6e39a6b4-28c2-41fe-8251-08b7de886d2a",
          "smiles": "CCOC(=O)Cc1ccc(I)cn1",
          "state_of_matter": "SOLID",
          "molecular_weight": 291.0856700000002,
          "density": 1.4,
          "mass": 291.0856700000002,
          "is_produced_by": [],
          "is_consumed_by": [
            "051170ab-8714-40d7-914e-d6aad7d8922d"
          ],
          "provenance__density": "dummy estimator based on mw",
          "provenance__is_consumed_by": null,
          "provenance__is_produced_by": null,
          "provenance__mass": null,
          "provenance__molecular_weight": "periodic table",
          "provenance__smiles": null,
          "provenance__state_of_matter": "dummy estimator based on mw"
        }
      ],
      "reagents": [
        {
          "identifier": "e92582b7-b406-49d9-b660-8b788c65c3cb",
          "smiles": "C1COCCO1",
          "state_of_matter": "LIQUID",
          "molecular_weight": 88.10512000000004,
          "density": 1.0,
          "mass": 88.10512000000004,
          "is_produced_by": [],
          "is_consumed_by": [
            "051170ab-8714-40d7-914e-d6aad7d8922d"
          ],
          "provenance__density": "dummy estimator based on mw",
          "provenance__is_consumed_by": null,
          "provenance__is_produced_by": null,
          "provenance__mass": null,
          "provenance__molecular_weight": "periodic table",
          "provenance__smiles": null,
          "provenance__state_of_matter": "dummy estimator based on mw"
        },
        {
          "identifier": "a235fa8c-984d-4e10-903f-8a243397ae10",
          "smiles": "C1=C[C-](P(c2ccccc2)c2ccccc2)C=C1.C1=C[C-](P(c2ccccc2)c2ccccc2)C=C1.[Fe+2]",
          "state_of_matter": "SOLID",
          "molecular_weight": 554.3786419999986,
          "density": 1.4,
          "mass": 554.3786419999986,
          "is_produced_by": [],
          "is_consumed_by": [
            "051170ab-8714-40d7-914e-d6aad7d8922d"
          ],
          "provenance__density": "dummy estimator based on mw",
          "provenance__is_consumed_by": null,
          "provenance__is_produced_by": null,
          "provenance__mass": null,
          "provenance__molecular_weight": "periodic table",
          "provenance__smiles": null,
          "provenance__state_of_matter": "dummy estimator based on mw"
        },
        {
          "identifier": "9d184aac-109e-466a-b050-fa323a33a741",
          "smiles": "Cl[Pd]Cl",
          "state_of_matter": "SOLID",
          "molecular_weight": 177.326,
          "density": 1.4,
          "mass": 177.326,
          "is_produced_by": [],
          "is_consumed_by": [
            "051170ab-8714-40d7-914e-d6aad7d8922d"
          ],
          "provenance__density": "dummy estimator based on mw",
          "provenance__is_consumed_by": null,
          "provenance__is_produced_by": null,
          "provenance__mass": null,
          "provenance__molecular_weight": "periodic table",
          "provenance__smiles": null,
          "provenance__state_of_matter": "dummy estimator based on mw"
        },
        {
          "identifier": "c4595634-8515-48b2-8e69-8e1fdcd0aa10",
          "smiles": "CC(=O)O[K]",
          "state_of_matter": "SOLID",
          "molecular_weight": 98.14232000000003,
          "density": 1.4,
          "mass": 98.14232000000003,
          "is_produced_by": [],
          "is_consumed_by": [
            "051170ab-8714-40d7-914e-d6aad7d8922d"
          ],
          "provenance__density": "dummy estimator based on mw",
          "provenance__is_consumed_by": null,
          "provenance__is_produced_by": null,
          "provenance__mass": null,
          "provenance__molecular_weight": "periodic table",
          "provenance__smiles": null,
          "provenance__state_of_matter": "dummy estimator based on mw"
        }
      ],
      "products": [
        {
          "identifier": "95c90e92-7c58-44b5-96dc-60e869b2ee5f",
          "smiles": "CCOC(=O)Cc1ccc(B2OC(C)(C)C(C)(C)O2)cn1",
          "state_of_matter": "SOLID",
          "molecular_weight": 291.1504800000004,
          "density": 1.4,
          "mass": 291.1504800000004,
          "is_produced_by": [
            "051170ab-8714-40d7-914e-d6aad7d8922d"
          ],
          "is_consumed_by": [],
          "provenance__density": "dummy estimator based on mw",
          "provenance__is_consumed_by": null,
          "provenance__is_produced_by": null,
          "provenance__mass": null,
          "provenance__molecular_weight": "periodic table",
          "provenance__smiles": null,
          "provenance__state_of_matter": "dummy estimator based on mw"
        }
      ],
      "stoichiometry": {
        "b9a3daef-397a-4b32-a9ef-47b7f92082c3": 1.0,
        "6e39a6b4-28c2-41fe-8251-08b7de886d2a": 1.0,
        "95c90e92-7c58-44b5-96dc-60e869b2ee5f": -1.0
      },
      "temperature": 346.47419285774225,
      "intended_ratios": {
        "b9a3daef-397a-4b32-a9ef-47b7f92082c3": 1.0,
        "6e39a6b4-28c2-41fe-8251-08b7de886d2a": 1.0,
        "e92582b7-b406-49d9-b660-8b788c65c3cb": 1.0,
        "a235fa8c-984d-4e10-903f-8a243397ae10": 1.0,
        "9d184aac-109e-466a-b050-fa323a33a741": 1.0,
        "c4595634-8515-48b2-8e69-8e1fdcd0aa10": 1.0
      },
      "expected_yields": {
        "95c90e92-7c58-44b5-96dc-60e869b2ee5f": 1.0
      },
      "reaction_extent": 1.0
    },
    {
      "identifier": "51182b7b-76e2-4db2-9624-3faccc7f7c4a",
      "reactants": [
        {
          "identifier": "e1477116-b7da-4c16-b94d-6724f2f1759d",
          "smiles": "CCOC(=O)C(C(=O)OCC)c1ccc(I)cn1",
          "state_of_matter": "SOLID",
          "molecular_weight": 363.1483300000002,
          "density": 1.4,
          "mass": 363.1483300000002,
          "is_produced_by": [],
          "is_consumed_by": [
            "51182b7b-76e2-4db2-9624-3faccc7f7c4a"
          ],
          "provenance__density": "dummy estimator based on mw",
          "provenance__is_consumed_by": null,
          "provenance__is_produced_by": null,
          "provenance__mass": null,
          "provenance__molecular_weight": "periodic table",
          "provenance__smiles": null,
          "provenance__state_of_matter": "dummy estimator based on mw"
        }
      ],
      "reagents": [
        {
          "identifier": "80d0ab19-327b-4116-b8a8-f8108f0e51b8",
          "smiles": "CS(C)=O",
          "state_of_matter": "LIQUID",
          "molecular_weight": 78.13344000000002,
          "density": 1.0,
          "mass": 78.13344000000002,
          "is_produced_by": [],
          "is_consumed_by": [
            "51182b7b-76e2-4db2-9624-3faccc7f7c4a"
          ],
          "provenance__density": "dummy estimator based on mw",
          "provenance__is_consumed_by": null,
          "provenance__is_produced_by": null,
          "provenance__mass": null,
          "provenance__molecular_weight": "periodic table",
          "provenance__smiles": null,
          "provenance__state_of_matter": "dummy estimator based on mw"
        },
        {
          "identifier": "0db0236d-480e-4135-b1f3-71bde70f01fa",
          "smiles": "[Li]Cl",
          "state_of_matter": "SOLID",
          "molecular_weight": 42.394000000000005,
          "density": 1.4,
          "mass": 42.394000000000005,
          "is_produced_by": [],
          "is_consumed_by": [
            "51182b7b-76e2-4db2-9624-3faccc7f7c4a"
          ],
          "provenance__density": "dummy estimator based on mw",
          "provenance__is_consumed_by": null,
          "provenance__is_produced_by": null,
          "provenance__mass": null,
          "provenance__molecular_weight": "periodic table",
          "provenance__smiles": null,
          "provenance__state_of_matter": "dummy estimator based on mw"
        }
      ],
      "products": [
        {
          "identifier": "bb6497b8-b783-4c49-a899-5cb6dfbea93c",
          "smiles": "CCOC(=O)Cc1ccc(I)cn1",
          "state_of_matter": "SOLID",
          "molecular_weight": 291.0856700000002,
          "density": 1.4,
          "mass": 291.0856700000002,
          "is_produced_by": [
            "51182b7b-76e2-4db2-9624-3faccc7f7c4a"
          ],
          "is_consumed_by": [],
          "provenance__density": "dummy estimator based on mw",
          "provenance__is_consumed_by": null,
          "provenance__is_produced_by": null,
          "provenance__mass": null,
          "provenance__molecular_weight": "periodic table",
          "provenance__smiles": null,
          "provenance__state_of_matter": "dummy estimator based on mw"
        }
      ],
      "stoichiometry": {
        "e1477116-b7da-4c16-b94d-6724f2f1759d": 1.0,
        "bb6497b8-b783-4c49-a899-5cb6dfbea93c": -1.0
      },
      "temperature": 415.52208108901976,
      "intended_ratios": {
        "e1477116-b7da-4c16-b94d-6724f2f1759d": 1.0,
        "80d0ab19-327b-4116-b8a8-f8108f0e51b8": 1.0,
        "0db0236d-480e-4135-b1f3-71bde70f01fa": 1.0
      },
      "expected_yields": {
        "bb6497b8-b783-4c49-a899-5cb6dfbea93c": 1.0
      },
      "reaction_extent": 1.0
    },
    {
      "identifier": "7a2d7d26-f280-4f87-888e-6cea06135805",
      "reactants": [
        {
          "identifier": "91529842-fc3e-442a-a7ec-53bf5efeb616",
          "smiles": "CCOC(=O)Cc1ccc(-c2ccc(OCc3ccccc3)cc2)cn1",
          "state_of_matter": "SOLID",
          "molecular_weight": 347.4070400000003,
          "density": 1.4,
          "mass": 347.4070400000003,
          "is_produced_by": [],
          "is_consumed_by": [
            "7a2d7d26-f280-4f87-888e-6cea06135805"
          ],
          "provenance__density": "dummy estimator based on mw",
          "provenance__is_consumed_by": null,
          "provenance__is_produced_by": null,
          "provenance__mass": null,
          "provenance__molecular_weight": "periodic table",
          "provenance__smiles": null,
          "provenance__state_of_matter": "dummy estimator based on mw"
        }
      ],
      "reagents": [
        {
          "identifier": "ef0209af-6136-4492-8c48-51d483feb479",
          "smiles": "CO",
          "state_of_matter": "LIQUID",
          "molecular_weight": 32.04186000000001,
          "density": 1.0,
          "mass": 32.04186000000001,
          "is_produced_by": [],
          "is_consumed_by": [
            "7a2d7d26-f280-4f87-888e-6cea06135805"
          ],
          "provenance__density": "dummy estimator based on mw",
          "provenance__is_consumed_by": null,
          "provenance__is_produced_by": null,
          "provenance__mass": null,
          "provenance__molecular_weight": "periodic table",
          "provenance__smiles": null,
          "provenance__state_of_matter": "dummy estimator based on mw"
        },
        {
          "identifier": "333db4a3-baf5-4e1f-a3d8-208bca911ea7",
          "smiles": "O",
          "state_of_matter": "LIQUID",
          "molecular_weight": 18.01528,
          "density": 1.0,
          "mass": 18.01528,
          "is_produced_by": [],
          "is_consumed_by": [
            "7a2d7d26-f280-4f87-888e-6cea06135805"
          ],
          "provenance__density": "dummy estimator based on mw",
          "provenance__is_consumed_by": null,
          "provenance__is_produced_by": null,
          "provenance__mass": null,
          "provenance__molecular_weight": "periodic table",
          "provenance__smiles": null,
          "provenance__state_of_matter": "dummy estimator based on mw"
        },
        {
          "identifier": "c701264e-92bc-4a60-aa5c-017a61633f4e",
          "smiles": "C1CCOC1",
          "state_of_matter": "LIQUID",
          "molecular_weight": 72.10572000000005,
          "density": 1.0,
          "mass": 72.10572000000005,
          "is_produced_by": [],
          "is_consumed_by": [
            "7a2d7d26-f280-4f87-888e-6cea06135805"
          ],
          "provenance__density": "dummy estimator based on mw",
          "provenance__is_consumed_by": null,
          "provenance__is_produced_by": null,
          "provenance__mass": null,
          "provenance__molecular_weight": "periodic table",
          "provenance__smiles": null,
          "provenance__state_of_matter": "dummy estimator based on mw"
        },
        {
          "identifier": "55fb72b9-0c22-4d80-bb7c-1a7421f7691b",
          "smiles": "[Li]O",
          "state_of_matter": "SOLID",
          "molecular_weight": 23.94834,
          "density": 1.4,
          "mass": 23.94834,
          "is_produced_by": [],
          "is_consumed_by": [
            "7a2d7d26-f280-4f87-888e-6cea06135805"
          ],
          "provenance__density": "dummy estimator based on mw",
          "provenance__is_consumed_by": null,
          "provenance__is_produced_by": null,
          "provenance__mass": null,
          "provenance__molecular_weight": "periodic table",
          "provenance__smiles": null,
          "provenance__state_of_matter": "dummy estimator based on mw"
        }
      ],
      "products": [
        {
          "identifier": "a328a2e5-61ca-486a-80c1-473c9f654055",
          "smiles": "O=C(O)Cc1ccc(-c2ccc(OCc3ccccc3)cc2)cn1",
          "state_of_matter": "SOLID",
          "molecular_weight": 319.35388000000023,
          "density": 1.4,
          "mass": 319.35388000000023,
          "is_produced_by": [
            "7a2d7d26-f280-4f87-888e-6cea06135805"
          ],
          "is_consumed_by": [],
          "provenance__density": "dummy estimator based on mw",
          "provenance__is_consumed_by": null,
          "provenance__is_produced_by": null,
          "provenance__mass": null,
          "provenance__molecular_weight": "periodic table",
          "provenance__smiles": null,
          "provenance__state_of_matter": "dummy estimator based on mw"
        }
      ],
      "stoichiometry": {
        "91529842-fc3e-442a-a7ec-53bf5efeb616": 1.0,
        "a328a2e5-61ca-486a-80c1-473c9f654055": -1.0
      },
      "temperature": 301.1360120058059,
      "intended_ratios": {
        "91529842-fc3e-442a-a7ec-53bf5efeb616": 1.0,
        "ef0209af-6136-4492-8c48-51d483feb479": 1.0,
        "333db4a3-baf5-4e1f-a3d8-208bca911ea7": 1.0,
        "c701264e-92bc-4a60-aa5c-017a61633f4e": 1.0,
        "55fb72b9-0c22-4d80-bb7c-1a7421f7691b": 1.0
      },
      "expected_yields": {
        "a328a2e5-61ca-486a-80c1-473c9f654055": 1.0
      },
      "reaction_extent": 1.0
    },
    {
      "identifier": "9d94ef79-df3d-403e-9cf2-8d9ff496b632",
      "reactants": [
        {
          "identifier": "580d23b7-da01-4e76-af18-6dacddbf7b95",
          "smiles": "ClCCN1CCOCC1",
          "state_of_matter": "LIQUID",
          "molecular_weight": 149.6185799999999,
          "density": 1.0,
          "mass": 149.6185799999999,
          "is_produced_by": [],
          "is_consumed_by": [
            "9d94ef79-df3d-403e-9cf2-8d9ff496b632"
          ],
          "provenance__density": "dummy estimator based on mw",
          "provenance__is_consumed_by": null,
          "provenance__is_produced_by": null,
          "provenance__mass": null,
          "provenance__molecular_weight": "periodic table",
          "provenance__smiles": null,
          "provenance__state_of_matter": "dummy estimator based on mw"
        },
        {
          "identifier": "ea5234e5-c3c5-45ae-b925-72f264ace122",
          "smiles": "O=C(O)Cc1ccc(-c2ccc(O)cc2)cn1",
          "state_of_matter": "SOLID",
          "molecular_weight": 229.23133999999988,
          "density": 1.4,
          "mass": 229.23133999999988,
          "is_produced_by": [],
          "is_consumed_by": [
            "9d94ef79-df3d-403e-9cf2-8d9ff496b632"
          ],
          "provenance__density": "dummy estimator based on mw",
          "provenance__is_consumed_by": null,
          "provenance__is_produced_by": null,
          "provenance__mass": null,
          "provenance__molecular_weight": "periodic table",
          "provenance__smiles": null,
          "provenance__state_of_matter": "dummy estimator based on mw"
        }
      ],
      "reagents": [
        {
          "identifier": "4c95c487-8468-4938-b89b-ffc789dab5be",
          "smiles": "CN(C)C=O",
          "state_of_matter": "LIQUID",
          "molecular_weight": 73.09378000000004,
          "density": 1.0,
          "mass": 73.09378000000004,
          "is_produced_by": [],
          "is_consumed_by": [
            "9d94ef79-df3d-403e-9cf2-8d9ff496b632"
          ],
          "provenance__density": "dummy estimator based on mw",
          "provenance__is_consumed_by": null,
          "provenance__is_produced_by": null,
          "provenance__mass": null,
          "provenance__molecular_weight": "periodic table",
          "provenance__smiles": null,
          "provenance__state_of_matter": "dummy estimator based on mw"
        },
        {
          "identifier": "ed2ae7a3-f283-49cb-9598-5e54d8f9a5c1",
          "smiles": "Cl",
          "state_of_matter": "LIQUID",
          "molecular_weight": 36.46094,
          "density": 1.0,
          "mass": 36.46094,
          "is_produced_by": [],
          "is_consumed_by": [
            "9d94ef79-df3d-403e-9cf2-8d9ff496b632"
          ],
          "provenance__density": "dummy estimator based on mw",
          "provenance__is_consumed_by": null,
          "provenance__is_produced_by": null,
          "provenance__mass": null,
          "provenance__molecular_weight": "periodic table",
          "provenance__smiles": null,
          "provenance__state_of_matter": "dummy estimator based on mw"
        },
        {
          "identifier": "1bb9ddc3-af91-4a52-a0bd-3c2ad1c6502c",
          "smiles": "O=C(O[K])O[K]",
          "state_of_matter": "SOLID",
          "molecular_weight": 138.2055,
          "density": 1.4,
          "mass": 138.2055,
          "is_produced_by": [],
          "is_consumed_by": [
            "9d94ef79-df3d-403e-9cf2-8d9ff496b632"
          ],
          "provenance__density": "dummy estimator based on mw",
          "provenance__is_consumed_by": null,
          "provenance__is_produced_by": null,
          "provenance__mass": null,
          "provenance__molecular_weight": "periodic table",
          "provenance__smiles": null,
          "provenance__state_of_matter": "dummy estimator based on mw"
        }
      ],
      "products": [
        {
          "identifier": "078c2672-c78d-427d-ba37-efe712a20879",
          "smiles": "O=C(O)Cc1ccc(-c2ccc(OCCN3CCOCC3)cc2)cn1",
          "state_of_matter": "SOLID",
          "molecular_weight": 342.3889800000004,
          "density": 1.4,
          "mass": 342.3889800000004,
          "is_produced_by": [
            "9d94ef79-df3d-403e-9cf2-8d9ff496b632"
          ],
          "is_consumed_by": [],
          "provenance__density": "dummy estimator based on mw",
          "provenance__is_consumed_by": null,
          "provenance__is_produced_by": null,
          "provenance__mass": null,
          "provenance__molecular_weight": "periodic table",
          "provenance__smiles": null,
          "provenance__state_of_matter": "dummy estimator based on mw"
        }
      ],
      "stoichiometry": {
        "580d23b7-da01-4e76-af18-6dacddbf7b95": 1.0,
        "ea5234e5-c3c5-45ae-b925-72f264ace122": 1.0,
        "078c2672-c78d-427d-ba37-efe712a20879": -1.0
      },
      "temperature": 328.3086573779583,
      "intended_ratios": {
        "580d23b7-da01-4e76-af18-6dacddbf7b95": 1.0,
        "ea5234e5-c3c5-45ae-b925-72f264ace122": 1.0,
        "4c95c487-8468-4938-b89b-ffc789dab5be": 1.0,
        "ed2ae7a3-f283-49cb-9598-5e54d8f9a5c1": 1.0,
        "1bb9ddc3-af91-4a52-a0bd-3c2ad1c6502c": 1.0
      },
      "expected_yields": {
        "078c2672-c78d-427d-ba37-efe712a20879": 1.0
      },
      "reaction_extent": 1.0
    },
    {
      "identifier": "6d75b204-8c41-45da-9723-2fb3ed16885c",
      "reactants": [
        {
          "identifier": "b4a6ab9a-d519-419d-8723-f364a8234f1c",
          "smiles": "NCc1ccccc1",
          "state_of_matter": "LIQUID",
          "molecular_weight": 107.15306000000005,
          "density": 1.0,
          "mass": 107.15306000000005,
          "is_produced_by": [],
          "is_consumed_by": [
            "6d75b204-8c41-45da-9723-2fb3ed16885c"
          ],
          "provenance__density": "dummy estimator based on mw",
          "provenance__is_consumed_by": null,
          "provenance__is_produced_by": null,
          "provenance__mass": null,
          "provenance__molecular_weight": "periodic table",
          "provenance__smiles": null,
          "provenance__state_of_matter": "dummy estimator based on mw"
        },
        {
          "identifier": "d37edc32-2db7-4a43-be62-12bc7b164e8c",
          "smiles": "O=C(O)Cc1ccc(-c2ccc(OCCN3CCOCC3)cc2)cn1",
          "state_of_matter": "SOLID",
          "molecular_weight": 342.3889800000004,
          "density": 1.4,
          "mass": 342.3889800000004,
          "is_produced_by": [],
          "is_consumed_by": [
            "6d75b204-8c41-45da-9723-2fb3ed16885c"
          ],
          "provenance__density": "dummy estimator based on mw",
          "provenance__is_consumed_by": null,
          "provenance__is_produced_by": null,
          "provenance__mass": null,
          "provenance__molecular_weight": "periodic table",
          "provenance__smiles": null,
          "provenance__state_of_matter": "dummy estimator based on mw"
        }
      ],
      "reagents": [
        {
          "identifier": "a07560e8-3713-4bea-b0aa-71642551fa4c",
          "smiles": "CN(C)C=O",
          "state_of_matter": "LIQUID",
          "molecular_weight": 73.09378000000004,
          "density": 1.0,
          "mass": 73.09378000000004,
          "is_produced_by": [],
          "is_consumed_by": [
            "6d75b204-8c41-45da-9723-2fb3ed16885c"
          ],
          "provenance__density": "dummy estimator based on mw",
          "provenance__is_consumed_by": null,
          "provenance__is_produced_by": null,
          "provenance__mass": null,
          "provenance__molecular_weight": "periodic table",
          "provenance__smiles": null,
          "provenance__state_of_matter": "dummy estimator based on mw"
        },
        {
          "identifier": "591bed77-0faa-44ae-847e-fa094a765b3e",
          "smiles": "On1nnc2ccccc21",
          "state_of_matter": "LIQUID",
          "molecular_weight": 136.13133999999997,
          "density": 1.0,
          "mass": 136.13133999999997,
          "is_produced_by": [],
          "is_consumed_by": [
            "6d75b204-8c41-45da-9723-2fb3ed16885c"
          ],
          "provenance__density": "dummy estimator based on mw",
          "provenance__is_consumed_by": null,
          "provenance__is_produced_by": null,
          "provenance__mass": null,
          "provenance__molecular_weight": "periodic table",
          "provenance__smiles": null,
          "provenance__state_of_matter": "dummy estimator based on mw"
        },
        {
          "identifier": "9c2c7e53-2b7a-48dc-81f9-48b50638c939",
          "smiles": "C(=NC1CCCCC1)=NC1CCCCC1",
          "state_of_matter": "SOLID",
          "molecular_weight": 206.32717999999977,
          "density": 1.4,
          "mass": 206.32717999999977,
          "is_produced_by": [],
          "is_consumed_by": [
            "6d75b204-8c41-45da-9723-2fb3ed16885c"
          ],
          "provenance__density": "dummy estimator based on mw",
          "provenance__is_consumed_by": null,
          "provenance__is_produced_by": null,
          "provenance__mass": null,
          "provenance__molecular_weight": "periodic table",
          "provenance__smiles": null,
          "provenance__state_of_matter": "dummy estimator based on mw"
        }
      ],
      "products": [
        {
          "identifier": "63ad28d4-4cf5-4743-b205-008eb3df27c0",
          "smiles": "O=C(Cc1ccc(-c2ccc(OCCN3CCOCC3)cc2)cn1)NCc1ccccc1",
          "state_of_matter": "SOLID",
          "molecular_weight": 431.5267600000005,
          "density": 1.4,
          "mass": 431.5267600000005,
          "is_produced_by": [
            "6d75b204-8c41-45da-9723-2fb3ed16885c"
          ],
          "is_consumed_by": [],
          "provenance__density": "dummy estimator based on mw",
          "provenance__is_consumed_by": null,
          "provenance__is_produced_by": null,
          "provenance__mass": null,
          "provenance__molecular_weight": "periodic table",
          "provenance__smiles": null,
          "provenance__state_of_matter": "dummy estimator based on mw"
        }
      ],
      "stoichiometry": {
        "b4a6ab9a-d519-419d-8723-f364a8234f1c": 1.0,
        "d37edc32-2db7-4a43-be62-12bc7b164e8c": 1.0,
        "63ad28d4-4cf5-4743-b205-008eb3df27c0": -1.0
      },
      "temperature": 313.59554235935207,
      "intended_ratios": {
        "b4a6ab9a-d519-419d-8723-f364a8234f1c": 1.0,
        "d37edc32-2db7-4a43-be62-12bc7b164e8c": 1.0,
        "a07560e8-3713-4bea-b0aa-71642551fa4c": 1.0,
        "591bed77-0faa-44ae-847e-fa094a765b3e": 1.0,
        "9c2c7e53-2b7a-48dc-81f9-48b50638c939": 1.0
      },
      "expected_yields": {
        "63ad28d4-4cf5-4743-b205-008eb3df27c0": 1.0
      },
      "reaction_extent": 1.0
    },
    {
      "identifier": "ce455f77-68ef-4dff-b04f-bdf838178058",
      "reactants": [
        {
          "identifier": "76dfcdd7-0c62-4823-97c1-17e9caa0d06c",
          "smiles": "O=C(O)Cc1ccc(-c2ccc(OCc3ccccc3)cc2)cn1",
          "state_of_matter": "SOLID",
          "molecular_weight": 319.35388000000023,
          "density": 1.4,
          "mass": 319.35388000000023,
          "is_produced_by": [],
          "is_consumed_by": [
            "ce455f77-68ef-4dff-b04f-bdf838178058"
          ],
          "provenance__density": "dummy estimator based on mw",
          "provenance__is_consumed_by": null,
          "provenance__is_produced_by": null,
          "provenance__mass": null,
          "provenance__molecular_weight": "periodic table",
          "provenance__smiles": null,
          "provenance__state_of_matter": "dummy estimator based on mw"
        }
      ],
      "reagents": [
        {
          "identifier": "82455c2b-6540-4ec1-a32d-3802cfbb71ca",
          "smiles": "CCO",
          "state_of_matter": "LIQUID",
          "molecular_weight": 46.06843999999999,
          "density": 1.0,
          "mass": 46.06843999999999,
          "is_produced_by": [],
          "is_consumed_by": [
            "ce455f77-68ef-4dff-b04f-bdf838178058"
          ],
          "provenance__density": "dummy estimator based on mw",
          "provenance__is_consumed_by": null,
          "provenance__is_produced_by": null,
          "provenance__mass": null,
          "provenance__molecular_weight": "periodic table",
          "provenance__smiles": null,
          "provenance__state_of_matter": "dummy estimator based on mw"
        },
        {
          "identifier": "0b1e4ca7-c749-47e9-8c62-8fa8453a6b6c",
          "smiles": "C1CCOC1",
          "state_of_matter": "LIQUID",
          "molecular_weight": 72.10572000000005,
          "density": 1.0,
          "mass": 72.10572000000005,
          "is_produced_by": [],
          "is_consumed_by": [
            "ce455f77-68ef-4dff-b04f-bdf838178058"
          ],
          "provenance__density": "dummy estimator based on mw",
          "provenance__is_consumed_by": null,
          "provenance__is_produced_by": null,
          "provenance__mass": null,
          "provenance__molecular_weight": "periodic table",
          "provenance__smiles": null,
          "provenance__state_of_matter": "dummy estimator based on mw"
        },
        {
          "identifier": "35d72217-a6b3-4e1d-9a1b-55baed76a7d2",
          "smiles": "[Pd]",
          "state_of_matter": "SOLID",
          "molecular_weight": 106.42,
          "density": 1.4,
          "mass": 106.42,
          "is_produced_by": [],
          "is_consumed_by": [
            "ce455f77-68ef-4dff-b04f-bdf838178058"
          ],
          "provenance__density": "dummy estimator based on mw",
          "provenance__is_consumed_by": null,
          "provenance__is_produced_by": null,
          "provenance__mass": null,
          "provenance__molecular_weight": "periodic table",
          "provenance__smiles": null,
          "provenance__state_of_matter": "dummy estimator based on mw"
        }
      ],
      "products": [
        {
          "identifier": "861ad519-f29e-4e87-a150-e78210f1d2cf",
          "smiles": "O=C(O)Cc1ccc(-c2ccc(O)cc2)cn1",
          "state_of_matter": "SOLID",
          "molecular_weight": 229.23133999999988,
          "density": 1.4,
          "mass": 229.23133999999988,
          "is_produced_by": [
            "ce455f77-68ef-4dff-b04f-bdf838178058"
          ],
          "is_consumed_by": [],
          "provenance__density": "dummy estimator based on mw",
          "provenance__is_consumed_by": null,
          "provenance__is_produced_by": null,
          "provenance__mass": null,
          "provenance__molecular_weight": "periodic table",
          "provenance__smiles": null,
          "provenance__state_of_matter": "dummy estimator based on mw"
        }
      ],
      "stoichiometry": {
        "76dfcdd7-0c62-4823-97c1-17e9caa0d06c": 1.0,
        "861ad519-f29e-4e87-a150-e78210f1d2cf": -1.0
      },
      "temperature": 290.4403661370277,
      "intended_ratios": {
        "76dfcdd7-0c62-4823-97c1-17e9caa0d06c": 1.0,
        "82455c2b-6540-4ec1-a32d-3802cfbb71ca": 1.0,
        "0b1e4ca7-c749-47e9-8c62-8fa8453a6b6c": 1.0,
        "35d72217-a6b3-4e1d-9a1b-55baed76a7d2": 1.0
      },
      "expected_yields": {
        "861ad519-f29e-4e87-a150-e78210f1d2cf": 1.0
      },
      "reaction_extent": 1.0
    }
  ],
  "molecular_nodes": [
    "Brc1ccc(I)cn1",
    "Brc1ccc(OCc2ccccc2)cc1",
    "C(=NC1CCCCC1)=NC1CCCCC1",
    "C1=C[C-](P(c2ccccc2)c2ccccc2)C=C1.C1=C[C-](P(c2ccccc2)c2ccccc2)C=C1.[Fe+2]",
    "C1CCOC1",
    "C1COCCO1",
    "CC(=O)O[K]",
    "CC1(C)OB(B2OC(C)(C)C(C)(C)O2)OC1(C)C",
    "CCO",
    "CCOC(=O)C(C(=O)OCC)c1ccc(I)cn1",
    "CCOC(=O)CC(=O)OCC",
    "CCOC(=O)Cc1ccc(-c2ccc(OCc3ccccc3)cc2)cn1",
    "CCOC(=O)Cc1ccc(B2OC(C)(C)C(C)(C)O2)cn1",
    "CCOC(=O)Cc1ccc(I)cn1",
    "CN(C)C=O",
    "CO",
    "CS(C)=O",
    "Cl",
    "ClCCN1CCOCC1",
    "Cl[Pd]Cl",
    "NCc1ccccc1",
    "O",
    "O=C(Cc1ccc(-c2ccc(OCCN3CCOCC3)cc2)cn1)NCc1ccccc1",
    "O=C(O)Cc1ccc(-c2ccc(O)cc2)cn1",
    "O=C(O)Cc1ccc(-c2ccc(OCCN3CCOCC3)cc2)cn1",
    "O=C(O)Cc1ccc(-c2ccc(OCc3ccccc3)cc2)cn1",
    "O=C(O[K])O[K]",
    "On1nnc2ccccc21",
    "[Cu]I",
    "[Li]Cl",
    "[Li]O",
    "[Pd]"
  ],
  "edges": [
    [
      "051170ab-8714-40d7-914e-d6aad7d8922d",
      "CCOC(=O)Cc1ccc(B2OC(C)(C)C(C)(C)O2)cn1"
    ],
    [
      "4f8d5a46-9deb-4263-bf5e-1f4a45209197",
      "CCOC(=O)Cc1ccc(-c2ccc(OCc3ccccc3)cc2)cn1"
    ],
    [
      "51182b7b-76e2-4db2-9624-3faccc7f7c4a",
      "CCOC(=O)Cc1ccc(I)cn1"
    ],
    [
      "6d75b204-8c41-45da-9723-2fb3ed16885c",
      "O=C(Cc1ccc(-c2ccc(OCCN3CCOCC3)cc2)cn1)NCc1ccccc1"
    ],
    [
      "7a2d7d26-f280-4f87-888e-6cea06135805",
      "O=C(O)Cc1ccc(-c2ccc(OCc3ccccc3)cc2)cn1"
    ],
    [
      "89e4c684-deae-4905-9d9f-a6043729b946",
      "CCOC(=O)C(C(=O)OCC)c1ccc(I)cn1"
    ],
    [
      "9d94ef79-df3d-403e-9cf2-8d9ff496b632",
      "O=C(O)Cc1ccc(-c2ccc(OCCN3CCOCC3)cc2)cn1"
    ],
    [
      "Brc1ccc(I)cn1",
      "89e4c684-deae-4905-9d9f-a6043729b946"
    ],
    [
      "Brc1ccc(OCc2ccccc2)cc1",
      "4f8d5a46-9deb-4263-bf5e-1f4a45209197"
    ],
    [
      "C(=NC1CCCCC1)=NC1CCCCC1",
      "6d75b204-8c41-45da-9723-2fb3ed16885c"
    ],
    [
      "C1=C[C-](P(c2ccccc2)c2ccccc2)C=C1.C1=C[C-](P(c2ccccc2)c2ccccc2)C=C1.[Fe+2]",
      "051170ab-8714-40d7-914e-d6aad7d8922d"
    ],
    [
      "C1CCOC1",
      "7a2d7d26-f280-4f87-888e-6cea06135805"
    ],
    [
      "C1CCOC1",
      "ce455f77-68ef-4dff-b04f-bdf838178058"
    ],
    [
      "C1COCCO1",
      "051170ab-8714-40d7-914e-d6aad7d8922d"
    ],
    [
      "C1COCCO1",
      "4f8d5a46-9deb-4263-bf5e-1f4a45209197"
    ],
    [
      "C1COCCO1",
      "89e4c684-deae-4905-9d9f-a6043729b946"
    ],
    [
      "CC(=O)O[K]",
      "051170ab-8714-40d7-914e-d6aad7d8922d"
    ],
    [
      "CC1(C)OB(B2OC(C)(C)C(C)(C)O2)OC1(C)C",
      "051170ab-8714-40d7-914e-d6aad7d8922d"
    ],
    [
      "CCO",
      "ce455f77-68ef-4dff-b04f-bdf838178058"
    ],
    [
      "CCOC(=O)C(C(=O)OCC)c1ccc(I)cn1",
      "51182b7b-76e2-4db2-9624-3faccc7f7c4a"
    ],
    [
      "CCOC(=O)CC(=O)OCC",
      "89e4c684-deae-4905-9d9f-a6043729b946"
    ],
    [
      "CCOC(=O)Cc1ccc(-c2ccc(OCc3ccccc3)cc2)cn1",
      "7a2d7d26-f280-4f87-888e-6cea06135805"
    ],
    [
      "CCOC(=O)Cc1ccc(B2OC(C)(C)C(C)(C)O2)cn1",
      "4f8d5a46-9deb-4263-bf5e-1f4a45209197"
    ],
    [
      "CCOC(=O)Cc1ccc(I)cn1",
      "051170ab-8714-40d7-914e-d6aad7d8922d"
    ],
    [
      "CN(C)C=O",
      "6d75b204-8c41-45da-9723-2fb3ed16885c"
    ],
    [
      "CN(C)C=O",
      "9d94ef79-df3d-403e-9cf2-8d9ff496b632"
    ],
    [
      "CO",
      "7a2d7d26-f280-4f87-888e-6cea06135805"
    ],
    [
      "CS(C)=O",
      "51182b7b-76e2-4db2-9624-3faccc7f7c4a"
    ],
    [
      "Cl",
      "9d94ef79-df3d-403e-9cf2-8d9ff496b632"
    ],
    [
      "ClCCN1CCOCC1",
      "9d94ef79-df3d-403e-9cf2-8d9ff496b632"
    ],
    [
      "Cl[Pd]Cl",
      "051170ab-8714-40d7-914e-d6aad7d8922d"
    ],
    [
      "NCc1ccccc1",
      "6d75b204-8c41-45da-9723-2fb3ed16885c"
    ],
    [
      "O",
      "4f8d5a46-9deb-4263-bf5e-1f4a45209197"
    ],
    [
      "O",
      "7a2d7d26-f280-4f87-888e-6cea06135805"
    ],
    [
      "O=C(O)Cc1ccc(-c2ccc(O)cc2)cn1",
      "9d94ef79-df3d-403e-9cf2-8d9ff496b632"
    ],
    [
      "O=C(O)Cc1ccc(-c2ccc(OCCN3CCOCC3)cc2)cn1",
      "6d75b204-8c41-45da-9723-2fb3ed16885c"
    ],
    [
      "O=C(O)Cc1ccc(-c2ccc(OCc3ccccc3)cc2)cn1",
      "ce455f77-68ef-4dff-b04f-bdf838178058"
    ],
    [
      "O=C(O[K])O[K]",
      "4f8d5a46-9deb-4263-bf5e-1f4a45209197"
    ],
    [
      "O=C(O[K])O[K]",
      "9d94ef79-df3d-403e-9cf2-8d9ff496b632"
    ],
    [
      "On1nnc2ccccc21",
      "6d75b204-8c41-45da-9723-2fb3ed16885c"
    ],
    [
      "[Cu]I",
      "89e4c684-deae-4905-9d9f-a6043729b946"
    ],
    [
      "[Li]Cl",
      "51182b7b-76e2-4db2-9624-3faccc7f7c4a"
    ],
    [
      "[Li]O",
      "7a2d7d26-f280-4f87-888e-6cea06135805"
    ],
    [
      "[Pd]",
      "ce455f77-68ef-4dff-b04f-bdf838178058"
    ],
    [
      "ce455f77-68ef-4dff-b04f-bdf838178058",
      "O=C(O)Cc1ccc(-c2ccc(O)cc2)cn1"
    ]
  ]
}