{
  "identifier": "38f30299-d1b2-46c7-9563-43c541f01c11",
  "chemical_reactions": [
    {
      "identifier": "7cf129ae-2b14-46dc-8ab0-cf189d386f20",
      "reactants": [
        {
          "identifier": "024e50e2-33a1-4232-bbdc-25104da1bc0f",
          "smiles": "C=Cc1ccccc1",
          "state_of_matter": "LIQUID",
          "molecular_weight": 104.14912000000004,
          "density": 1.0,
          "mass": 104.14912000000004,
          "is_produced_by": [],
          "is_consumed_by": [
            "7cf129ae-2b14-46dc-8ab0-cf189d386f20"
          ],
          "provenance__density": "dummy estimator based on mw",
          "provenance__is_consumed_by": null,
          "provenance__is_produced_by": null,
          "provenance__mass": null,
          "provenance__molecular_weight": "periodic table",
          "provenance__smiles": null,
          "provenance__state_of_matter": "dummy estimator based on mw"
        },
        {
          "identifier": "d3b7d281-a5e5-42d9-9aba-47790fbf6c57",
          "smiles": "CC(C)c1c(O)cc(Br)cc1O",
          "state_of_matter": "SOLID",
          "molecular_weight": 231.08643999999987,
          "density": 1.4,
          "mass": 231.08643999999987,
          "is_produced_by": [],
          "is_consumed_by": [
            "7cf129ae-2b14-46dc-8ab0-cf189d386f20"
          ],
          "provenance__density": "dummy estimator based on mw",
          "provenance__is_consumed_by": null,
          "provenance__is_produced_by": null,
          "provenance__mass": null,
          "provenance__molecular_weight": "periodic table",
          "provenance__smiles": null,
          "provenance__state_of_matter": "dummy estimator based on mw"
        }
      ],
      "reagents": [
        {
          "identifier": "608fa0fb-f5da-4a99-b57f-f2657214eee5",
          "smiles": "CN(C)C=O",
          "state_of_matter": "LIQUID",
          "molecular_weight": 73.09378000000004,
          "density": 1.0,
          "mass": 73.09378000000004,
          "is_produced_by": [],
          "is_consumed_by": [
            "7cf129ae-2b14-46dc-8ab0-cf189d386f20"
          ],
          "provenance__density": "dummy estimator based on mw",
          "provenance__is_consumed_by": null,
          "provenance__is_produced_by": null,
          "provenance__mass": null,
          "provenance__molecular_weight": "periodic table",
          "provenance__smiles": null,
          "provenance__state_of_matter": "dummy estimator based on mw"
        },
        {
          "identifier": "e96fb1dc-781a-42f6-bee8-bd9534661a38",
          "smiles": "CCN(CC)CC",
          "state_of_matter": "LIQUID",
          "molecular_weight": 101.19000000000008,
          "density": 1.0,
          "mass": 101.19000000000008,
          "is_produced_by": [],
          "is_consumed_by": [
            "7cf129ae-2b14-46dc-8ab0-cf189d386f20"
          ],
          "provenance__density": "dummy estimator based on mw",
          "provenance__is_consumed_by": null,
          "provenance__is_produced_by": null,
          "provenance__mass": null,
          "provenance__molecular_weight": "periodic table",
          "provenance__smiles": null,
          "provenance__state_of_matter": "dummy estimator based on mw"
        },
        {
          "identifier": "3f060764-be27-4701-80f7-661255214e13",
          "smiles": "c1ccc(P(c2ccccc2)c2ccccc2)cc1",
          "state_of_matter": "SOLID",
          "molecular_weight": 262.28546099999994,
          "density": 1.4,
          "mass": 262.28546099999994,
          "is_produced_by": [],
          "is_consumed_by": [
            "7cf129ae-2b14-46dc-8ab0-cf189d386f20"
          ],
          "provenance__density": "dummy estimator based on mw",
          "provenance__is_consumed_by": null,
          "provenance__is_produced_by": null,
          "provenance__mass": null,
          "provenance__molecular_weight": "periodic table",
          "provenance__smiles": null,
          "provenance__state_of_matter": "dummy estimator based on mw"
        },
        {
          "identifier": "eaf9af86-9f6b-4e10-8c2a-59fcc867d3cb",
          "smiles": "CC(=O)[O-].CC(=O)[O-].[Pd+2]",
          "state_of_matter": "SOLID",
          "molecular_weight": 224.50803999999994,
          "density": 1.4,
          "mass": 224.50803999999994,
          "is_produced_by": [],
          "is_consumed_by": [
            "7cf129ae-2b14-46dc-8ab0-cf189d386f20"
          ],
          "provenance__density": "dummy estimator based on mw",
          "provenance__is_consumed_by": null,
          "provenance__is_produced_by": null,
          "provenance__mass": null,
          "provenance__molecular_weight": "periodic table",
          "provenance__smiles": null,
          "provenance__state_of_matter": "dummy estimator based on mw"
        }
      ],
      "products": [
        {
          "identifier": "080830d4-458c-438f-b379-b386dff77dad",
          "smiles": "CC(C)c1c(O)cc(C=Cc2ccccc2)cc1O",
          "state_of_matter": "SOLID",
          "molecular_weight": 254.32361999999975,
          "density": 1.4,
          "mass": 254.32361999999975,
          "is_produced_by": [
            "7cf129ae-2b14-46dc-8ab0-cf189d386f20"
          ],
          "is_consumed_by": [],
          "provenance__density": "dummy estimator based on mw",
          "provenance__is_consumed_by": null,
          "provenance__is_produced_by": null,
          "provenance__mass": null,
          "provenance__molecular_weight": "periodic table",
          "provenance__smiles": null,
          "provenance__state_of_matter": "dummy estimator based on mw"
        }
      ],
      "stoichiometry": {
        "024e50e2-33a1-4232-bbdc-25104da1bc0f": 1.0,
        "d3b7d281-a5e5-42d9-9aba-47790fbf6c57": 1.0,
        "080830d4-458c-438f-b379-b386dff77dad": -1.0
      },
      "temperature": 353.7789930403232,
      "intended_ratios": {
        "024e50e2-33a1-4232-bbdc-25104da1bc0f": 1.0,
        "d3b7d281-a5e5-42d9-9aba-47790fbf6c57": 1.0,
        "608fa0fb-f5da-4a99-b57f-f2657214eee5": 1.0,
        "e96fb1dc-781a-42f6-bee8-bd9534661a38": 1.0,
        "3f060764-be27-4701-80f7-661255214e13": 1.0,
        "eaf9af86-9f6b-4e10-8c2a-59fcc867d3cb": 1.0
      },
      "expected_yields": {
        "080830d4-458c-438f-b379-b386dff77dad": 1.0
      },
      "reaction_extent": 1.0
    },
    {
      "identifier": "1e4159c3-81b5-44cc-ba8f-b61208227d9d",
      "reactants": [
        {
          "identifier": "a700bf04-1a8f-4793-870e-390325281ebf",
          "smiles": "CC(C)O",
          "state_of_matter": "LIQUID",
          "molecular_weight": 60.095019999999984,
          "density": 1.0,
          "mass": 60.095019999999984,
          "is_produced_by": [],
          "is_consumed_by": [
            "1e4159c3-81b5-44cc-ba8f-b61208227d9d"
          ],
          "provenance__density": "dummy estimator based on mw",
          "provenance__is_consumed_by": null,
          "provenance__is_produced_by": null,
          "provenance__mass": null,
          "provenance__molecular_weight": "periodic table",
          "provenance__smiles": null,
          "provenance__state_of_matter": "dummy estimator based on mw"
        },
        {
          "identifier": "e7bbb204-1e27-4114-a783-baa1f7a468ae",
          "smiles": "Oc1cc(O)cc(Br)c1",
          "state_of_matter": "LIQUID",
          "molecular_weight": 189.00669999999994,
          "density": 1.0,
          "mass": 189.00669999999994,
          "is_produced_by": [],
          "is_consumed_by": [
            "1e4159c3-81b5-44cc-ba8f-b61208227d9d"
          ],
          "provenance__density": "dummy estimator based on mw",
          "provenance__is_consumed_by": null,
          "provenance__is_produced_by": null,
          "provenance__mass": null,
          "provenance__molecular_weight": "periodic table",
          "provenance__smiles": null,
          "provenance__state_of_matter": "dummy estimator based on mw"
        }
      ],
      "reagents": [
        {
          "identifier": "dfc62113-3875-45ba-9dac-3d51e27a4a77",
          "smiles": "O=S(=O)(O)O",
          "state_of_matter": "LIQUID",
          "molecular_weight": 98.07848,
          "density": 1.0,
          "mass": 98.07848,
          "is_produced_by": [],
          "is_consumed_by": [
            "1e4159c3-81b5-44cc-ba8f-b61208227d9d"
          ],
          "provenance__density": "dummy estimator based on mw",
          "provenance__is_consumed_by": null,
          "provenance__is_produced_by": null,
          "provenance__mass": null,
          "provenance__molecular_weight": "periodic table",
          "provenance__smiles": null,
          "provenance__state_of_matter": "dummy estimator based on mw"
        }
      ],
      "products": [
        {
          "identifier": "06b4505c-8b51-441e-93c2-008151266794",
          "smiles": "CC(C)c1c(O)cc(Br)cc1O",
          "state_of_matter": "SOLID",
          "molecular_weight": 231.08643999999987,
          "density": 1.4,
          "mass": 231.08643999999987,
          "is_produced_by": [
            "1e4159c3-81b5-44cc-ba8f-b61208227d9d"
          ],
          "is_consumed_by": [],
          "provenance__density": "dummy estimator based on mw",
          "provenance__is_consumed_by": null,
          "provenance__is_produced_by": null,
          "provenance__mass": null,
          "provenance__molecular_weight": "periodic table",
          "provenance__smiles": null,
          "provenance__state_of_matter": "dummy estimator based on mw"
        }
      ],
      "stoichiometry": {
        "a700bf04-1a8f-4793-870e-390325281ebf": 1.0,
        "e7bbb204-1e27-4114-a783-baa1f7a468ae": 1.0,
        "06b4505c-8b51-441e-93c2-008151266794": -1.0
      },
      "temperature": 299.26102591753005,
      "intended_ratios": {
        "a700bf04-1a8f-4793-870e-390325281ebf": 1.0,
        "e7bbb204-1e27-4114-a783-baa1f7a468ae": 1.0,
        "dfc62113-3875-45ba-9dac-3d51e27a4a77": 1.0
      },
      "expected_yields": {
        "06b4505c-8b51-441e-93c2-008151266794": 1.0
      },
      "reaction_extent": 1.0
    },
    {
      "identifier": "fcf49be7-0d39-4eec-a3b4-76056b7861b6",
      "reactants": [
        {
          "identifier": "9f847d87-687c-4dac-a398-1c3f87cd7437",
          "smiles": "Cc1ccc(S(=O)(=O)Cl)cc1",
          "state_of_matter": "LIQUID",
          "molecular_weight": 190.64727999999988,
          "density": 1.0,
          "mass": 190.64727999999988,
          "is_produced_by": [],
          "is_consumed_by": [
            "fcf49be7-0d39-4eec-a3b4-76056b7861b6"
          ],
          "provenance__density": "dummy estimator based on mw",
          "provenance__is_consumed_by": null,
          "provenance__is_produced_by": null,
          "provenance__mass": null,
          "provenance__molecular_weight": "periodic table",
          "provenance__smiles": null,
          "provenance__state_of_matter": "dummy estimator based on mw"
        },
        {
          "identifier": "4f1259f4-49d5-4aea-a387-7d1b9ab3567e",
          "smiles": "Clc1cnc2[nH]cc(Cc3ccc(Cl)nc3)c2c1",
          "state_of_matter": "SOLID",
          "molecular_weight": 278.13666000000006,
          "density": 1.4,
          "mass": 278.13666000000006,
          "is_produced_by": [],
          "is_consumed_by": [
            "fcf49be7-0d39-4eec-a3b4-76056b7861b6"
          ],
          "provenance__density": "dummy estimator based on mw",
          "provenance__is_consumed_by": null,
          "provenance__is_produced_by": null,
          "provenance__mass": null,
          "provenance__molecular_weight": "periodic table",
          "provenance__smiles": null,
          "provenance__state_of_matter": "dummy estimator based on mw"
        }
      ],
      "reagents": [
        {
          "identifier": "f99d385a-36f6-4f2d-b194-519178e55263",
          "smiles": "CN(C)C=O",
          "state_of_matter": "LIQUID",
          "molecular_weight": 73.09378000000004,
          "density": 1.0,
          "mass": 73.09378000000004,
          "is_produced_by": [],
          "is_consumed_by": [
            "fcf49be7-0d39-4eec-a3b4-76056b7861b6"
          ],
          "provenance__density": "dummy estimator based on mw",
          "provenance__is_consumed_by": null,
          "provenance__is_produced_by": null,
          "provenance__mass": null,
          "provenance__molecular_weight": "periodic table",
          "provenance__smiles": null,
          "provenance__state_of_matter": "dummy estimator based on mw"
        },
        {
          "identifier": "644a930b-ee07-4054-a489-d30ad1db3fa5",
          "smiles": "O",
          "state_of_matter": "LIQUID",
          "molecular_weight": 18.01528,
          "density": 1.0,
          "mass": 18.01528,
          "is_produced_by": [],
          "is_consumed_by": [
            "fcf49be7-0d39-4eec-a3b4-76056b7861b6"
          ],
          "provenance__density": "dummy estimator based on mw",
          "provenance__is_consumed_by": null,
          "provenance__is_produced_by": null,
          "provenance__mass": null,
          "provenance__molecular_weight": "periodic table",
          "provenance__smiles": null,
          "provenance__state_of_matter": "dummy estimator based on mw"
        },
        {
          "identifier": "dc20dad6-e341-45f1-9fb6-5e2637e226ca",
          "smiles": "[NaH]",
          "state_of_matter": "SOLID",
          "molecular_weight": 23.99771,
          "density": 1.4,
          "mass": 23.99771,
          "is_produced_by": [],
          "is_consumed_by": [
            "fcf49be7-0d39-4eec-a3b4-76056b7861b6"
          ],
          "provenance__density": "dummy estimator based on mw",
          "provenance__is_consumed_by": null,
          "provenance__is_produced_by": null,
          "provenance__mass": null,
          "provenance__molecular_weight": "periodic table",
          "provenance__smiles": null,
          "provenance__state_of_matter": "dummy estimator based on mw"
        }
      ],
      "products": [
        {
          "identifier": "6456ca4c-607c-4ea2-863c-290936b24504",
          "smiles": "Cc1ccc(S(=O)(=O)n2cc(Cc3ccc(Cl)nc3)c3cc(Cl)cnc32)cc1",
          "state_of_matter": "SOLID",
          "molecular_weight": 433.33094000000017,
          "density": 1.4,
          "mass": 433.33094000000017,
          "is_produced_by": [
            "fcf49be7-0d39-4eec-a3b4-76056b7861b6"
          ],
          "is_consumed_by": [],
          "provenance__density": "dummy estimator based on mw",
          "provenance__is_consumed_by": null,
          "provenance__is_produced_by": null,
          "provenance__mass": null,
          "provenance__molecular_weight": "periodic table",
          "provenance__smiles": null,
          "provenance__state_of_matter": "dummy estimator based on mw"
        }
      ],
      "stoichiometry": {
        "9f847d87-687c-4dac-a398-1c3f87cd7437": 1.0,
        "4f1259f4-49d5-4aea-a387-7d1b9ab3567e": 1.0,
        "6456ca4c-607c-4ea2-863c-290936b24504": -1.0
      },
      "temperature": 294.0366781532764,
      "intended_ratios": {
        "9f847d87-687c-4dac-a398-1c3f87cd7437": 1.0,
        "4f1259f4-49d5-4aea-a387-7d1b9ab3567e": 1.0,
        "f99d385a-36f6-4f2d-b194-519178e55263": 1.0,
        "644a930b-ee07-4054-a489-d30ad1db3fa5": 1.0,
        "dc20dad6-e341-45f1-9fb6-5e2637e226ca": 1.0
      },
      "expected_yields": {
        "6456ca4c-607c-4ea2-863c-290936b24504": 1.0
      },
      "reaction_extent": 1.0
    },
    {
      "identifier": "2da10f47-7692-4c2a-a331-482fc2b0c1b6",
      "reactants": [
        {
          "identifier": "60795302-b372-41d8-ad0e-00cf9d75d472",
          "smiles": "Cc1ccc(S(=O)(=O)n2cc(Cc3ccc(Cl)nc3)c3cc(Cl)cnc32)cc1",
          "state_of_matter": "SOLID",
          "molecular_weight": 433.33094000000017,
          "density": 1.4,
          "mass": 433.33094000000017,
          "is_produced_by": [],
          "is_consumed_by": [
            "2da10f47-7692-4c2a-a331-482fc2b0c1b6"
          ],
          "provenance__density": "dummy estimator based on mw",
          "provenance__is_consumed_by": null,
          "provenance__is_produced_by": null,
          "provenance__mass": null,
          "provenance__molecular_weight": "periodic table",
          "provenance__smiles": null,
          "provenance__state_of_matter": "dummy estimator based on mw"
        }
      ],
      "reagents": [
        {
          "identifier": "a6529c62-2ba9-4736-87bd-59c496aca7bd",
          "smiles": "O=C(O)C(F)(F)F",
          "state_of_matter": "LIQUID",
          "molecular_weight": 114.0233496,
          "density": 1.0,
          "mass": 114.0233496,
          "is_produced_by": [],
          "is_consumed_by": [
            "2da10f47-7692-4c2a-a331-482fc2b0c1b6"
          ],
          "provenance__density": "dummy estimator based on mw",
          "provenance__is_consumed_by": null,
          "provenance__is_produced_by": null,
          "provenance__mass": null,
          "provenance__molecular_weight": "periodic table",
          "provenance__smiles": null,
          "provenance__state_of_matter": "dummy estimator based on mw"
        }
      ],
      "products": [
        {
          "identifier": "e54533af-a84c-4ed9-9df0-74064abf2ed0",
          "smiles": "Cc1ccc(S(=O)(=O)n2cc(Cc3ccc(N)nc3)c3cc(Cl)cnc32)cc1",
          "state_of_matter": "SOLID",
          "molecular_weight": 413.90052000000014,
          "density": 1.4,
          "mass": 413.90052000000014,
          "is_produced_by": [
            "2da10f47-7692-4c2a-a331-482fc2b0c1b6"
          ],
          "is_consumed_by": [],
          "provenance__density": "dummy estimator based on mw",
          "provenance__is_consumed_by": null,
          "provenance__is_produced_by": null,
          "provenance__mass": null,
          "provenance__molecular_weight": "periodic table",
          "provenance__smiles": null,
          "provenance__state_of_matter": "dummy estimator based on mw"
        }
      ],
      "stoichiometry": {
        "60795302-b372-41d8-ad0e-00cf9d75d472": 1.0,
        "e54533af-a84c-4ed9-9df0-74064abf2ed0": -1.0
      },
      "temperature": 354.8695926904678,
      "intended_ratios": {
        "60795302-b372-41d8-ad0e-00cf9d75d472": 1.0,
        "a6529c62-2ba9-4736-87bd-59c496aca7bd": 1.0
      },
      "expected_yields": {
        "e54533af-a84c-4ed9-9df0-74064abf2ed0": 1.0
      },
      "reaction_extent": 1.0
    },
    {
      "identifier": "85e4bece-f070-4513-bcc8-601eca43f31c",
      "reactants": [
        {
          "identifier": "b9fe0e30-c6f1-4c0e-a892-580bd1798601",
          "smiles": "Cc1ccc(S(=O)(=O)n2cc(Cc3ccc(N)nc3)c3cc(Cl)cnc32)cc1",
          "state_of_matter": "SOLID",
          "molecular_weight": 413.90052000000014,
          "density": 1.4,
          "mass": 413.90052000000014,
          "is_produced_by": [],
          "is_consumed_by": [
            "85e4bece-f070-4513-bcc8-601eca43f31c"
          ],
          "provenance__density": "dummy estimator based on mw",
          "provenance__is_consumed_by": null,
          "provenance__is_produced_by": null,
          "provenance__mass": null,
          "provenance__molecular_weight": "periodic table",
          "provenance__smiles": null,
          "provenance__state_of_matter": "dummy estimator based on mw"
        },
        {
          "identifier": "79a0c883-f31c-442f-9074-efb2f4a8551d",
          "smiles": "O=C(O)c1ccc(C(F)(F)F)nc1",
          "state_of_matter": "LIQUID",
          "molecular_weight": 191.10736959999997,
          "density": 1.0,
          "mass": 191.10736959999997,
          "is_produced_by": [],
          "is_consumed_by": [
            "85e4bece-f070-4513-bcc8-601eca43f31c"
          ],
          "provenance__density": "dummy estimator based on mw",
          "provenance__is_consumed_by": null,
          "provenance__is_produced_by": null,
          "provenance__mass": null,
          "provenance__molecular_weight": "periodic table",
          "provenance__smiles": null,
          "provenance__state_of_matter": "dummy estimator based on mw"
        }
      ],
      "reagents": [
        {
          "identifier": "cbded568-79b0-4f99-90f9-27f00c0b4543",
          "smiles": "c1ccncc1",
          "state_of_matter": "LIQUID",
          "molecular_weight": 79.09990000000003,
          "density": 1.0,
          "mass": 79.09990000000003,
          "is_produced_by": [],
          "is_consumed_by": [
            "85e4bece-f070-4513-bcc8-601eca43f31c"
          ],
          "provenance__density": "dummy estimator based on mw",
          "provenance__is_consumed_by": null,
          "provenance__is_produced_by": null,
          "provenance__mass": null,
          "provenance__molecular_weight": "periodic table",
          "provenance__smiles": null,
          "provenance__state_of_matter": "dummy estimator based on mw"
        },
        {
          "identifier": "93727f54-a060-48fd-8ee6-aa8d31443fff",
          "smiles": "O=S(Cl)Cl",
          "state_of_matter": "LIQUID",
          "molecular_weight": 118.97040000000001,
          "density": 1.0,
          "mass": 118.97040000000001,
          "is_produced_by": [],
          "is_consumed_by": [
            "85e4bece-f070-4513-bcc8-601eca43f31c"
          ],
          "provenance__density": "dummy estimator based on mw",
          "provenance__is_consumed_by": null,
          "provenance__is_produced_by": null,
          "provenance__mass": null,
          "provenance__molecular_weight": "periodic table",
          "provenance__smiles": null,
          "provenance__state_of_matter": "dummy estimator based on mw"
        }
      ],
      "products": [
        {
          "identifier": "f2a85998-8a11-41a1-a4b5-56a3c04dab30",
          "smiles": "Cc1ccc(S(=O)(=O)n2cc(Cc3ccc(NC(=O)c4ccc(C(F)(F)F)nc4)nc3)c3cc(Cl)cnc32)cc1",
          "state_of_matter": "SOLID",
          "molecular_weight": 586.9926095999992,
          "density": 1.4,
          "mass": 586.9926095999992,
          "is_produced_by": [
            "85e4bece-f070-4513-bcc8-601eca43f31c"
          ],
          "is_consumed_by": [],
          "provenance__density": "dummy estimator based on mw",
          "provenance__is_consumed_by": null,
          "provenance__is_produced_by": null,
          "provenance__mass": null,
          "provenance__molecular_weight": "periodic table",
          "provenance__smiles": null,
          "provenance__state_of_matter": "dummy estimator based on mw"
        }
      ],
      "stoichiometry": {
        "b9fe0e30-c6f1-4c0e-a892-580bd1798601": 1.0,
        "79a0c883-f31c-442f-9074-efb2f4a8551d": 1.0,
        "f2a85998-8a11-41a1-a4b5-56a3c04dab30": -1.0
      },
      "temperature": 328.6723099887371,
      "intended_ratios": {
        "b9fe0e30-c6f1-4c0e-a892-580bd1798601": 1.0,
        "79a0c883-f31c-442f-9074-efb2f4a8551d": 1.0,
        "cbded568-79b0-4f99-90f9-27f00c0b4543": 1.0,
        "93727f54-a060-48fd-8ee6-aa8d31443fff": 1.0
      },
      "expected_yields": {
        "f2a85998-8a11-41a1-a4b5-56a3c04dab30": 1.0
      },
      "reaction_extent": 1.0
    },
    {
      "identifier": "88deaf79-80d9-496e-b43e-46a8d66c669b",
      "reactants": [
        {
          "identifier": "00bd4190-eb54-4726-b188-7e785e565371",
          "smiles": "Cc1ccc(S(=O)(=O)n2cc(Cc3ccc(NC(=O)c4ccc(C(F)(F)F)nc4)nc3)c3cc(Cl)cnc32)cc1",
          "state_of_matter": "SOLID",
          "molecular_weight": 586.9926095999992,
          "density": 1.4,
          "mass": 586.9926095999992,
          "is_produced_by": [],
          "is_consumed_by": [
            "88deaf79-80d9-496e-b43e-46a8d66c669b"
          ],
          "provenance__density": "dummy estimator based on mw",
          "provenance__is_consumed_by": null,
          "provenance__is_produced_by": null,
          "provenance__mass": null,
          "provenance__molecular_weight": "periodic table",
          "provenance__smiles": null,
          "provenance__state_of_matter": "dummy estimator based on mw"
        }
      ],
      "reagents": [
        {
          "identifier": "8663ade1-5293-413b-88b3-e5044cc1b208",
          "smiles": "O",
          "state_of_matter": "LIQUID",
          "molecular_weight": 18.01528,
          "density": 1.0,
          "mass": 18.01528,
          "is_produced_by": [],
          "is_consumed_by": [
            "88deaf79-80d9-496e-b43e-46a8d66c669b"
          ],
          "provenance__density": "dummy estimator based on mw",
          "provenance__is_consumed_by": null,
          "provenance__is_produced_by": null,
          "provenance__mass": null,
          "provenance__molecular_weight": "periodic table",
          "provenance__smiles": null,
          "provenance__state_of_matter": "dummy estimator based on mw"
        },
        {
          "identifier": "feadd9bf-fa72-4766-9b06-45622ce7fea8",
          "smiles": "C1CCOC1",
          "state_of_matter": "LIQUID",
          "molecular_weight": 72.10572000000005,
          "density": 1.0,
          "mass": 72.10572000000005,
          "is_produced_by": [],
          "is_consumed_by": [
            "88deaf79-80d9-496e-b43e-46a8d66c669b"
          ],
          "provenance__density": "dummy estimator based on mw",
          "provenance__is_consumed_by": null,
          "provenance__is_produced_by": null,
          "provenance__mass": null,
          "provenance__molecular_weight": "periodic table",
          "provenance__smiles": null,
          "provenance__state_of_matter": "dummy estimator based on mw"
        },
        {
          "identifier": "9b4b8eba-1b0a-4ed3-8ed8-792c75d0f271",
          "smiles": "CCCC[N+](CCCC)(CCCC)CCCC.[F-]",
          "state_of_matter": "SOLID",
          "molecular_weight": 261.46214319999973,
          "density": 1.4,
          "mass": 261.46214319999973,
          "is_produced_by": [],
          "is_consumed_by": [
            "88deaf79-80d9-496e-b43e-46a8d66c669b"
          ],
          "provenance__density": "dummy estimator based on mw",
          "provenance__is_consumed_by": null,
          "provenance__is_produced_by": null,
          "provenance__mass": null,
          "provenance__molecular_weight": "periodic table",
          "provenance__smiles": null,
          "provenance__state_of_matter": "dummy estimator based on mw"
        }
      ],
      "products": [
        {
          "identifier": "6a9c6791-a20d-41e6-bef6-3b61237b06e3",
          "smiles": "O=C(Nc1ccc(Cc2c[nH]c3ncc(Cl)cc23)cn1)c1ccc(C(F)(F)F)nc1",
          "state_of_matter": "SOLID",
          "molecular_weight": 431.79832960000016,
          "density": 1.4,
          "mass": 431.79832960000016,
          "is_produced_by": [
            "88deaf79-80d9-496e-b43e-46a8d66c669b"
          ],
          "is_consumed_by": [],
          "provenance__density": "dummy estimator based on mw",
          "provenance__is_consumed_by": null,
          "provenance__is_produced_by": null,
          "provenance__mass": null,
          "provenance__molecular_weight": "periodic table",
          "provenance__smiles": null,
          "provenance__state_of_matter": "dummy estimator based on mw"
        }
      ],
      "stoichiometry": {
        "00bd4190-eb54-4726-b188-7e785e565371": 1.0,
        "6a9c6791-a20d-41e6-bef6-3b61237b06e3": -1.0
      },
      "temperature": 316.97248406410216,
      "intended_ratios": {
        "00bd4190-eb54-4726-b188-7e785e565371": 1.0,
        "8663ade1-5293-413b-88b3-e5044cc1b208": 1.0,
        "feadd9bf-fa72-4766-9b06-45622ce7fea8": 1.0,
        "9b4b8eba-1b0a-4ed3-8ed8-792c75d0f271": 1.0
      },
      "expected_yields": {
        "6a9c6791-a20d-41e6-bef6-3b61237b06e3": 1.0
      },
      "reaction_extent": 1.0
    },
    {
      "identifier": "b7992282-8a40-41b4-9c89-5629a1795d1d",
      "reactants": [
        {
          "identifier": "9de644bd-ef82-4a9e-acfd-4c0e8f8e66f3",
          "smiles": "Clc1cnc2[nH]ccc2c1",
          "state_of_matter": "LIQUID",
          "molecular_weight": 152.58099999999993,
          "density": 1.0,
          "mass": 152.58099999999993,
          "is_produced_by": [],
          "is_consumed_by": [
            "b7992282-8a40-41b4-9c89-5629a1795d1d"
          ],
          "provenance__density": "dummy estimator based on mw",
          "provenance__is_consumed_by": null,
          "provenance__is_produced_by": null,
          "provenance__mass": null,
          "provenance__molecular_weight": "periodic table",
          "provenance__smiles": null,
          "provenance__state_of_matter": "dummy estimator based on mw"
        },
        {
          "identifier": "17946740-ef23-427c-851e-094bde50e9d5",
          "smiles": "O=Cc1ccc(Cl)nc1",
          "state_of_matter": "LIQUID",
          "molecular_weight": 141.55505999999997,
          "density": 1.0,
          "mass": 141.55505999999997,
          "is_produced_by": [],
          "is_consumed_by": [
            "b7992282-8a40-41b4-9c89-5629a1795d1d"
          ],
          "provenance__density": "dummy estimator based on mw",
          "provenance__is_consumed_by": null,
          "provenance__is_produced_by": null,
          "provenance__mass": null,
          "provenance__molecular_weight": "periodic table",
          "provenance__smiles": null,
          "provenance__state_of_matter": "dummy estimator based on mw"
        }
      ],
      "reagents": [
        {
          "identifier": "de843255-a09e-4f9a-afe0-7ee77d54e331",
          "smiles": "CO",
          "state_of_matter": "LIQUID",
          "molecular_weight": 32.04186000000001,
          "density": 1.0,
          "mass": 32.04186000000001,
          "is_produced_by": [],
          "is_consumed_by": [
            "b7992282-8a40-41b4-9c89-5629a1795d1d"
          ],
          "provenance__density": "dummy estimator based on mw",
          "provenance__is_consumed_by": null,
          "provenance__is_produced_by": null,
          "provenance__mass": null,
          "provenance__molecular_weight": "periodic table",
          "provenance__smiles": null,
          "provenance__state_of_matter": "dummy estimator based on mw"
        },
        {
          "identifier": "8f5bbcc9-1a9f-4780-9b91-ecb3e4700353",
          "smiles": "O",
          "state_of_matter": "LIQUID",
          "molecular_weight": 18.01528,
          "density": 1.0,
          "mass": 18.01528,
          "is_produced_by": [],
          "is_consumed_by": [
            "b7992282-8a40-41b4-9c89-5629a1795d1d"
          ],
          "provenance__density": "dummy estimator based on mw",
          "provenance__is_consumed_by": null,
          "provenance__is_produced_by": null,
          "provenance__mass": null,
          "provenance__molecular_weight": "periodic table",
          "provenance__smiles": null,
          "provenance__state_of_matter": "dummy estimator based on mw"
        },
        {
          "identifier": "694ff657-3a5a-4726-8528-3d6d220a7d09",
          "smiles": "O[K]",
          "state_of_matter": "SOLID",
          "molecular_weight": 56.10564,
          "density": 1.4,
          "mass": 56.10564,
          "is_produced_by": [],
          "is_consumed_by": [
            "b7992282-8a40-41b4-9c89-5629a1795d1d"
          ],
          "provenance__density": "dummy estimator based on mw",
          "provenance__is_consumed_by": null,
          "provenance__is_produced_by": null,
          "provenance__mass": null,
          "provenance__molecular_weight": "periodic table",
          "provenance__smiles": null,
          "provenance__state_of_matter": "dummy estimator based on mw"
        }
      ],
      "products": [
        {
          "identifier": "dc8c82dd-0e35-4dbe-ba4b-5c2caf7b7217",
          "smiles": "OC(c1ccc(Cl)nc1)c1c[nH]c2ncc(Cl)cc12",
          "state_of_matter": "SOLID",
          "molecular_weight": 294.1360600000001,
          "density": 1.4,
          "mass": 294.1360600000001,
          "is_produced_by": [
            "b7992282-8a40-41b4-9c89-5629a1795d1d"
          ],
          "is_consumed_by": [],
          "provenance__density": "dummy estimator based on mw",
          "provenance__is_consumed_by": null,
          "provenance__is_produced_by": null,
          "provenance__mass": null,
          "provenance__molecular_weight": "periodic table",
          "provenance__smiles": null,
          "provenance__state_of_matter": "dummy estimator based on mw"
        }
      ],
      "stoichiometry": {
        "9de644bd-ef82-4a9e-acfd-4c0e8f8e66f3": 1.0,
        "17946740-ef23-427c-851e-094bde50e9d5": 1.0,
        "dc8c82dd-0e35-4dbe-ba4b-5c2caf7b7217": -1.0
      },
      "temperature": 281.2925557672977,
      "intended_ratios": {
        "9de644bd-ef82-4a9e-acfd-4c0e8f8e66f3": 1.0,
        "17946740-ef23-427c-851e-094bde50e9d5": 1.0,
        "de843255-a09e-4f9a-afe0-7ee77d54e331": 1.0,
        "8f5bbcc9-1a9f-4780-9b91-ecb3e4700353": 1.0,
        "694ff657-3a5a-4726-8528-3d6d220a7d09": 1.0
      },
      "expected_yields": {
        "dc8c82dd-0e35-4dbe-ba4b-5c2caf7b7217": 1.0
      },
      "reaction_extent": 1.0
    },
    {
      "identifier": "fbd854b7-5d6c-430f-b53d-8a31c1814018",
      "reactants": [
        {
          "identifier": "516a7779-9896-46ef-9f92-933e8eaf0c8f",
          "smiles": "O=C(Nc1ccc(Cc2c[nH]c3ncc(Cl)cc23)cn1)c1ccc(C(F)(F)F)nc1",
          "state_of_matter": "SOLID",
          "molecular_weight": 431.79832960000016,
          "density": 1.4,
          "mass": 431.79832960000016,
          "is_produced_by": [],
          "is_consumed_by": [
            "fbd854b7-5d6c-430f-b53d-8a31c1814018"
          ],
          "provenance__density": "dummy estimator based on mw",
          "provenance__is_consumed_by": null,
          "provenance__is_produced_by": null,
          "provenance__mass": null,
          "provenance__molecular_weight": "periodic table",
          "provenance__smiles": null,
          "provenance__state_of_matter": "dummy estimator based on mw"
        }
      ],
      "reagents": [
        {
          "identifier": "cb7b8c1f-0f88-4abc-9fd5-c987778f87fe",
          "smiles": "CC#N",
          "state_of_matter": "LIQUID",
          "molecular_weight": 41.051919999999996,
          "density": 1.0,
          "mass": 41.051919999999996,
          "is_produced_by": [],
          "is_consumed_by": [
            "fbd854b7-5d6c-430f-b53d-8a31c1814018"
          ],
          "provenance__density": "dummy estimator based on mw",
          "provenance__is_consumed_by": null,
          "provenance__is_produced_by": null,
          "provenance__mass": null,
          "provenance__molecular_weight": "periodic table",
          "provenance__smiles": null,
          "provenance__state_of_matter": "dummy estimator based on mw"
        },
        {
          "identifier": "8411e897-4563-4e72-b7bc-91b635988843",
          "smiles": "O=C(O)C(F)(F)F",
          "state_of_matter": "LIQUID",
          "molecular_weight": 114.0233496,
          "density": 1.0,
          "mass": 114.0233496,
          "is_produced_by": [],
          "is_consumed_by": [
            "fbd854b7-5d6c-430f-b53d-8a31c1814018"
          ],
          "provenance__density": "dummy estimator based on mw",
          "provenance__is_consumed_by": null,
          "provenance__is_produced_by": null,
          "provenance__mass": null,
          "provenance__molecular_weight": "periodic table",
          "provenance__smiles": null,
          "provenance__state_of_matter": "dummy estimator based on mw"
        },
        {
          "identifier": "16dc91df-c749-45e5-9666-2fc95380974d",
          "smiles": "CC[SiH](CC)CC",
          "state_of_matter": "LIQUID",
          "molecular_weight": 116.27674000000007,
          "density": 1.0,
          "mass": 116.27674000000007,
          "is_produced_by": [],
          "is_consumed_by": [
            "fbd854b7-5d6c-430f-b53d-8a31c1814018"
          ],
          "provenance__density": "dummy estimator based on mw",
          "provenance__is_consumed_by": null,
          "provenance__is_produced_by": null,
          "provenance__mass": null,
          "provenance__molecular_weight": "periodic table",
          "provenance__smiles": null,
          "provenance__state_of_matter": "dummy estimator based on mw"
        }
      ],
      "products": [
        {
          "identifier": "4ebf03a8-c60a-44e7-8fc8-d9d1d89f1779",
          "smiles": "FC(F)(F)c1ccc(CNc2ccc(Cc3c[nH]c4ncc(Cl)cc34)cn2)cn1",
          "state_of_matter": "SOLID",
          "molecular_weight": 417.81480960000016,
          "density": 1.4,
          "mass": 417.81480960000016,
          "is_produced_by": [
            "fbd854b7-5d6c-430f-b53d-8a31c1814018"
          ],
          "is_consumed_by": [],
          "provenance__density": "dummy estimator based on mw",
          "provenance__is_consumed_by": null,
          "provenance__is_produced_by": null,
          "provenance__mass": null,
          "provenance__molecular_weight": "periodic table",
          "provenance__smiles": null,
          "provenance__state_of_matter": "dummy estimator based on mw"
        }
      ],
      "stoichiometry": {
        "516a7779-9896-46ef-9f92-933e8eaf0c8f": 1.0,
        "4ebf03a8-c60a-44e7-8fc8-d9d1d89f1779": -1.0
      },
      "temperature": 327.5941164672374,
      "intended_ratios": {
        "516a7779-9896-46ef-9f92-933e8eaf0c8f": 1.0,
        "cb7b8c1f-0f88-4abc-9fd5-c987778f87fe": 1.0,
        "8411e897-4563-4e72-b7bc-91b635988843": 1.0,
        "16dc91df-c749-45e5-9666-2fc95380974d": 1.0
      },
      "expected_yields": {
        "4ebf03a8-c60a-44e7-8fc8-d9d1d89f1779": 1.0
      },
      "reaction_extent": 1.0
    },
    {
      "identifier": "ba68d36f-45e6-44a8-a45b-85e6163a092c",
      "reactants": [
        {
          "identifier": "6ec6e51a-7d0f-43a5-9833-06c7261f351a",
          "smiles": "OC(c1ccc(Cl)nc1)c1c[nH]c2ncc(Cl)cc12",
          "state_of_matter": "SOLID",
          "molecular_weight": 294.1360600000001,
          "density": 1.4,
          "mass": 294.1360600000001,
          "is_produced_by": [],
          "is_consumed_by": [
            "ba68d36f-45e6-44a8-a45b-85e6163a092c"
          ],
          "provenance__density": "dummy estimator based on mw",
          "provenance__is_consumed_by": null,
          "provenance__is_produced_by": null,
          "provenance__mass": null,
          "provenance__molecular_weight": "periodic table",
          "provenance__smiles": null,
          "provenance__state_of_matter": "dummy estimator based on mw"
        }
      ],
      "reagents": [
        {
          "identifier": "ab908bd2-166e-4fe7-b1ba-d2fcf1451dd2",
          "smiles": "CC#N",
          "state_of_matter": "LIQUID",
          "molecular_weight": 41.051919999999996,
          "density": 1.0,
          "mass": 41.051919999999996,
          "is_produced_by": [],
          "is_consumed_by": [
            "ba68d36f-45e6-44a8-a45b-85e6163a092c"
          ],
          "provenance__density": "dummy estimator based on mw",
          "provenance__is_consumed_by": null,
          "provenance__is_produced_by": null,
          "provenance__mass": null,
          "provenance__molecular_weight": "periodic table",
          "provenance__smiles": null,
          "provenance__state_of_matter": "dummy estimator based on mw"
        },
        {
          "identifier": "7d32f3ab-c454-410b-bd91-92e904193e9e",
          "smiles": "O=C(O)C(F)(F)F",
          "state_of_matter": "LIQUID",
          "molecular_weight": 114.0233496,
          "density": 1.0,
          "mass": 114.0233496,
          "is_produced_by": [],
          "is_consumed_by": [
            "ba68d36f-45e6-44a8-a45b-85e6163a092c"
          ],
          "provenance__density": "dummy estimator based on mw",
          "provenance__is_consumed_by": null,
          "provenance__is_produced_by": null,
          "provenance__mass": null,
          "provenance__molecular_weight": "periodic table",
          "provenance__smiles": null,
          "provenance__state_of_matter": "dummy estimator based on mw"
        },
        {
          "identifier": "a1ce3445-05c9-48b9-9466-957745e1ad40",
          "smiles": "CC[SiH](CC)CC",
          "state_of_matter": "LIQUID",
          "molecular_weight": 116.27674000000007,
          "density": 1.0,
          "mass": 116.27674000000007,
          "is_produced_by": [],
          "is_consumed_by": [
            "ba68d36f-45e6-44a8-a45b-85e6163a092c"
          ],
          "provenance__density": "dummy estimator based on mw",
          "provenance__is_consumed_by": null,
          "provenance__is_produced_by": null,
          "provenance__mass": null,
          "provenance__molecular_weight": "periodic table",
          "provenance__smiles": null,
          "provenance__state_of_matter": "dummy estimator based on mw"
        }
      ],
      "products": [
        {
          "identifier": "7a108e21-771a-443b-9c26-e958386e3439",
          "smiles": "Clc1cnc2[nH]cc(Cc3ccc(Cl)nc3)c2c1",
          "state_of_matter": "SOLID",
          "molecular_weight": 278.13666000000006,
          "density": 1.4,
          "mass": 278.13666000000006,
          "is_produced_by": [
            "ba68d36f-45e6-44a8-a45b-85e6163a092c"
          ],
          "is_consumed_by": [],
          "provenance__density": "dummy estimator based on mw",
          "provenance__is_consumed_by": null,
          "provenance__is_produced_by": null,
          "provenance__mass": null,
          "provenance__molecular_weight": "periodic table",
          "provenance__smiles": null,
          "provenance__state_of_matter": "dummy estimator based on mw"
        }
      ],
      "stoichiometry": {
        "6ec6e51a-7d0f-43a5-9833-06c7261f351a": 1.0,
        "7a108e21-771a-443b-9c26-e958386e3439": -1.0
      },
      "temperature": 307.97120277285575,
      "intended_ratios": {
        "6ec6e51a-7d0f-43a5-9833-06c7261f351a": 1.0,
        "ab908bd2-166e-4fe7-b1ba-d2fcf1451dd2": 1.0,
        "7d32f3ab-c454-410b-bd91-92e904193e9e": 1.0,
        "a1ce3445-05c9-48b9-9466-957745e1ad40": 1.0
      },
      "expected_yields": {
        "7a108e21-771a-443b-9c26-e958386e3439": 1.0
      },
      "reaction_extent": 1.0
    }
  ],
  "molecular_nodes": [
    "C1CCOC1",
    "C=Cc1ccccc1",
    "CC#N",
    "CC(=O)[O-].CC(=O)[O-].[Pd+2]",
    "CC(C)O",
    "CC(C)c1c(O)cc(Br)cc1O",
    "CC(C)c1c(O)cc(C=Cc2ccccc2)cc1O",
    "CCCC[N+](CCCC)(CCCC)CCCC.[F-]",
    "CCN(CC)CC",
    "CC[SiH](CC)CC",
    "CN(C)C=O",
    "CO",
    "Cc1ccc(S(=O)(=O)Cl)cc1",
    "Cc1ccc(S(=O)(=O)n2cc(Cc3ccc(Cl)nc3)c3cc(Cl)cnc32)cc1",
    "Cc1ccc(S(=O)(=O)n2cc(Cc3ccc(N)nc3)c3cc(Cl)cnc32)cc1",
    "Cc1ccc(S(=O)(=O)n2cc(Cc3ccc(NC(=O)c4ccc(C(F)(F)F)nc4)nc3)c3cc(Cl)cnc32)cc1",
    "Clc1cnc2[nH]cc(Cc3ccc(Cl)nc3)c2c1",
    "Clc1cnc2[nH]ccc2c1",
    "FC(F)(F)c1ccc(CNc2ccc(Cc3c[nH]c4ncc(Cl)cc34)cn2)cn1",
    "O",
    "O=C(Nc1ccc(Cc2c[nH]c3ncc(Cl)cc23)cn1)c1ccc(C(F)(F)F)nc1",
    "O=C(O)C(F)(F)F",
    "O=C(O)c1ccc(C(F)(F)F)nc1",
    "O=Cc1ccc(Cl)nc1",
    "O=S(=O)(O)O",
    "O=S(Cl)Cl",
    "OC(c1ccc(Cl)nc1)c1c[nH]c2ncc(Cl)cc12",
    "O[K]",
    "Oc1cc(O)cc(Br)c1",
    "[NaH]",
    "c1ccc(P(c2ccccc2)c2ccccc2)cc1",
    "c1ccncc1"
  ],
  "edges": [
    [
      "1e4159c3-81b5-44cc-ba8f-b61208227d9d",
      "CC(C)c1c(O)cc(Br)cc1O"
    ],
    [
      "2da10f47-7692-4c2a-a331-482fc2b0c1b6",
      "Cc1ccc(S(=O)(=O)n2cc(Cc3ccc(N)nc3)c3cc(Cl)cnc32)cc1"
    ],
    [
      "7cf129ae-2b14-46dc-8ab0-cf189d386f20",
      "CC(C)c1c(O)cc(C=Cc2ccccc2)cc1O"
    ],
    [
      "85e4bece-f070-4513-bcc8-601eca43f31c",
      "Cc1ccc(S(=O)(=O)n2cc(Cc3ccc(NC(=O)c4ccc(C(F)(F)F)nc4)nc3)c3cc(Cl)cnc32)cc1"
    ],
    [
      "88deaf79-80d9-496e-b43e-46a8d66c669b",
      "O=C(Nc1ccc(Cc2c[nH]c3ncc(Cl)cc23)cn1)c1ccc(C(F)(F)F)nc1"
    ],
    [
      "C1CCOC1",
      "88deaf79-80d9-496e-b43e-46a8d66c669b"
    ],
    [
      "C=Cc1ccccc1",
      "7cf129ae-2b14-46dc-8ab0-cf189d386f20"
    ],
    [
      "CC#N",
      "ba68d36f-45e6-44a8-a45b-85e6163a092c"
    ],
    [
      "CC#N",
      "fbd854b7-5d6c-430f-b53d-8a31c1814018"
    ],
    [
      "CC(=O)[O-].CC(=O)[O-].[Pd+2]",
      "7cf129ae-2b14-46dc-8ab0-cf189d386f20"
    ],
    [
      "CC(C)O",
      "1e4159c3-81b5-44cc-ba8f-b61208227d9d"
    ],
    [
      "CC(C)c1c(O)cc(Br)cc1O",
      "7cf129ae-2b14-46dc-8ab0-cf189d386f20"
    ],
    [
      "CCCC[N+](CCCC)(CCCC)CCCC.[F-]",
      "88deaf79-80d9-496e-b43e-46a8d66c669b"
    ],
    [
      "CCN(CC)CC",
      "7cf129ae-2b14-46dc-8ab0-cf189d386f20"
    ],
    [
      "CC[SiH](CC)CC",
      "ba68d36f-45e6-44a8-a45b-85e6163a092c"
    ],
    [
      "CC[SiH](CC)CC",
      "fbd854b7-5d6c-430f-b53d-8a31c1814018"
    ],
    [
      "CN(C)C=O",
      "7cf129ae-2b14-46dc-8ab0-cf189d386f20"
    ],
    [
      "CN(C)C=O",
      "fcf49be7-0d39-4eec-a3b4-76056b7861b6"
    ],
    [
      "CO",
      "b7992282-8a40-41b4-9c89-5629a1795d1d"
    ],
    [
      "Cc1ccc(S(=O)(=O)Cl)cc1",
      "fcf49be7-0d39-4eec-a3b4-76056b7861b6"
    ],
    [
      "Cc1ccc(S(=O)(=O)n2cc(Cc3ccc(Cl)nc3)c3cc(Cl)cnc32)cc1",
      "2da10f47-7692-4c2a-a331-482fc2b0c1b6"
    ],
    [
      "Cc1ccc(S(=O)(=O)n2cc(Cc3ccc(N)nc3)c3cc(Cl)cnc32)cc1",
      "85e4bece-f070-4513-bcc8-601eca43f31c"
    ],
    [
      "Cc1ccc(S(=O)(=O)n2cc(Cc3ccc(NC(=O)c4ccc(C(F)(F)F)nc4)nc3)c3cc(Cl)cnc32)cc1",
      "88deaf79-80d9-496e-b43e-46a8d66c669b"
    ],
    [
      "Clc1cnc2[nH]cc(Cc3ccc(Cl)nc3)c2c1",
      "fcf49be7-0d39-4eec-a3b4-76056b7861b6"
    ],
    [
      "Clc1cnc2[nH]ccc2c1",
      "b7992282-8a40-41b4-9c89-5629a1795d1d"
    ],
    [
      "O",
      "88deaf79-80d9-496e-b43e-46a8d66c669b"
    ],
    [
      "O",
      "b7992282-8a40-41b4-9c89-5629a1795d1d"
    ],
    [
      "O",
      "fcf49be7-0d39-4eec-a3b4-76056b7861b6"
    ],
    [
      "O=C(Nc1ccc(Cc2c[nH]c3ncc(Cl)cc23)cn1)c1ccc(C(F)(F)F)nc1",
      "fbd854b7-5d6c-430f-b53d-8a31c1814018"
    ],
    [
      "O=C(O)C(F)(F)F",
      "2da10f47-7692-4c2a-a331-482fc2b0c1b6"
    ],
    [
      "O=C(O)C(F)(F)F",
      "ba68d36f-45e6-44a8-a45b-85e6163a092c"
    ],
    [
      "O=C(O)C(F)(F)F",
      "fbd854b7-5d6c-430f-b53d-8a31c1814018"
    ],
    [
      "O=C(O)c1ccc(C(F)(F)F)nc1",
      "85e4bece-f070-4513-bcc8-601eca43f31c"
    ],
    [
      "O=Cc1ccc(Cl)nc1",
      "b7992282-8a40-41b4-9c89-5629a1795d1d"
    ],
    [
      "O=S(=O)(O)O",
      "1e4159c3-81b5-44cc-ba8f-b61208227d9d"
    ],
    [
      "O=S(Cl)Cl",
      "85e4bece-f070-4513-bcc8-601eca43f31c"
    ],
    [
      "OC(c1ccc(Cl)nc1)c1c[nH]c2ncc(Cl)cc12",
      "ba68d36f-45e6-44a8-a45b-85e6163a092c"
    ],
    [
      "O[K]",
      "b7992282-8a40-41b4-9c89-5629a1795d1d"
    ],
    [
      "Oc1cc(O)cc(Br)c1",
      "1e4159c3-81b5-44cc-ba8f-b61208227d9d"
    ],
    [
      "[NaH]",
      "fcf49be7-0d39-4eec-a3b4-76056b7861b6"
    ],
    [
      "b7992282-8a40-41b4-9c89-5629a1795d1d",
      "OC(c1ccc(Cl)nc1)c1c[nH]c2ncc(Cl)cc12"
    ],
    [
      "ba68d36f-45e6-44a8-a45b-85e6163a092c",
      "Clc1cnc2[nH]cc(Cc3ccc(Cl)nc3)c2c1"
    ],
    [
      "c1ccc(P(c2ccccc2)c2ccccc2)cc1",
      "7cf129ae-2b14-46dc-8ab0-cf189d386f20"
    ],
    [
      "c1ccncc1",
      "85e4bece-f070-4513-bcc8-601eca43f31c"
    ],
    [
      "fbd854b7-5d6c-430f-b53d-8a31c1814018",
      "FC(F)(F)c1ccc(CNc2ccc(Cc3c[nH]c4ncc(Cl)cc34)cn2)cn1"
    ],
    [
      "fcf49be7-0d39-4eec-a3b4-76056b7861b6",
      "Cc1ccc(S(=O)(=O)n2cc(Cc3ccc(Cl)nc3)c3cc(Cl)cnc32)cc1"
    ]
  ]
}