{
  "identifier": "096ccc5a-f5db-464c-a33b-8fc9d613d2dd",
  "chemical_reactions": [
    {
      "identifier": "aac15fa7-6a80-465d-b621-84048a04865a",
      "reactants": [
        {
          "identifier": "e3bf0237-240f-4894-9613-41368056a603",
          "smiles": "CC(=O)C1CCC2C3CCC4CC(=O)CCC4(C)C3CCC12C",
          "state_of_matter": "SOLID",
          "molecular_weight": 316.4775800000005,
          "density": 1.4,
          "mass": 3.164775800000005,
          "is_produced_by": [],
          "is_consumed_by": [
            "aac15fa7-6a80-465d-b621-84048a04865a"
          ],
          "provenance__density": "dummy estimator based on mw",
          "provenance__is_consumed_by": null,
          "provenance__is_produced_by": null,
          "provenance__mass": null,
          "provenance__molecular_weight": "periodic table",
          "provenance__smiles": null,
          "provenance__state_of_matter": "dummy estimator based on mw"
        }
      ],
      "reagents": [
        {
          "identifier": "f14280f0-6337-4831-8f8c-9cf6d26531e6",
          "smiles": "CCO",
          "state_of_matter": "LIQUID",
          "molecular_weight": 46.06843999999999,
          "density": 1.0,
          "mass": 0.4606843999999999,
          "is_produced_by": [],
          "is_consumed_by": [
            "aac15fa7-6a80-465d-b621-84048a04865a"
          ],
          "provenance__density": "dummy estimator based on mw",
          "provenance__is_consumed_by": null,
          "provenance__is_produced_by": null,
          "provenance__mass": null,
          "provenance__molecular_weight": "periodic table",
          "provenance__smiles": null,
          "provenance__state_of_matter": "dummy estimator based on mw"
        },
        {
          "identifier": "c01925a9-c4e9-4b12-8c6d-919c1a7580b9",
          "smiles": "[Na]",
          "state_of_matter": "SOLID",
          "molecular_weight": 22.98977,
          "density": 1.4,
          "mass": 0.2298977,
          "is_produced_by": [],
          "is_consumed_by": [
            "aac15fa7-6a80-465d-b621-84048a04865a"
          ],
          "provenance__density": "dummy estimator based on mw",
          "provenance__is_consumed_by": null,
          "provenance__is_produced_by": null,
          "provenance__mass": null,
          "provenance__molecular_weight": "periodic table",
          "provenance__smiles": null,
          "provenance__state_of_matter": "dummy estimator based on mw"
        }
      ],
      "products": [
        {
          "identifier": "eea33469-01e7-472d-939f-58350b77a4d2",
          "smiles": "CC(=O)C1CCC2C3CCC4CC(O)CCC4(C)C3CCC12C",
          "state_of_matter": "SOLID",
          "molecular_weight": 318.49346000000054,
          "density": 1.4,
          "mass": 3.1849346000000054,
          "is_produced_by": [
            "aac15fa7-6a80-465d-b621-84048a04865a"
          ],
          "is_consumed_by": [],
          "provenance__density": "dummy estimator based on mw",
          "provenance__is_consumed_by": null,
          "provenance__is_produced_by": null,
          "provenance__mass": null,
          "provenance__molecular_weight": "periodic table",
          "provenance__smiles": null,
          "provenance__state_of_matter": "dummy estimator based on mw"
        }
      ],
      "stoichiometry": {
        "e3bf0237-240f-4894-9613-41368056a603": 1.0,
        "eea33469-01e7-472d-939f-58350b77a4d2": -1.0
      },
      "temperature": 288.2519380688667,
      "intended_ratios": {
        "e3bf0237-240f-4894-9613-41368056a603": 1.0,
        "f14280f0-6337-4831-8f8c-9cf6d26531e6": 1.0,
        "c01925a9-c4e9-4b12-8c6d-919c1a7580b9": 1.0
      },
      "expected_yields": {
        "eea33469-01e7-472d-939f-58350b77a4d2": 1.0
      },
      "reaction_extent": 0.01
    },
    {
      "identifier": "3461c864-9d28-41ec-9bed-51f4f19e0d16",
      "reactants": [
        {
          "identifier": "11068109-250a-447c-a300-77af5cf1961b",
          "smiles": "CC(C)(C)NS(=O)(=O)c1cccc(N)c1",
          "state_of_matter": "SOLID",
          "molecular_weight": 228.31123999999977,
          "density": 1.4,
          "mass": 2.2831123999999976,
          "is_produced_by": [],
          "is_consumed_by": [
            "3461c864-9d28-41ec-9bed-51f4f19e0d16"
          ],
          "provenance__density": "dummy estimator based on mw",
          "provenance__is_consumed_by": null,
          "provenance__is_produced_by": null,
          "provenance__mass": null,
          "provenance__molecular_weight": "periodic table",
          "provenance__smiles": null,
          "provenance__state_of_matter": "dummy estimator based on mw"
        },
        {
          "identifier": "a9711370-ed54-4011-b23c-88b52b16edc4",
          "smiles": "Cc1cnc(Cl)nc1Cl",
          "state_of_matter": "LIQUID",
          "molecular_weight": 163.00465999999994,
          "density": 1.0,
          "mass": 1.6300465999999996,
          "is_produced_by": [],
          "is_consumed_by": [
            "3461c864-9d28-41ec-9bed-51f4f19e0d16"
          ],
          "provenance__density": "dummy estimator based on mw",
          "provenance__is_consumed_by": null,
          "provenance__is_produced_by": null,
          "provenance__mass": null,
          "provenance__molecular_weight": "periodic table",
          "provenance__smiles": null,
          "provenance__state_of_matter": "dummy estimator based on mw"
        }
      ],
      "reagents": [
        {
          "identifier": "4071f2a7-0626-4025-b49c-c8b2133914be",
          "smiles": "CO",
          "state_of_matter": "LIQUID",
          "molecular_weight": 32.04186000000001,
          "density": 1.0,
          "mass": 0.32041860000000005,
          "is_produced_by": [],
          "is_consumed_by": [
            "3461c864-9d28-41ec-9bed-51f4f19e0d16"
          ],
          "provenance__density": "dummy estimator based on mw",
          "provenance__is_consumed_by": null,
          "provenance__is_produced_by": null,
          "provenance__mass": null,
          "provenance__molecular_weight": "periodic table",
          "provenance__smiles": null,
          "provenance__state_of_matter": "dummy estimator based on mw"
        }
      ],
      "products": [
        {
          "identifier": "f2924067-170d-4b99-8d91-481d0781d3ec",
          "smiles": "Cc1cnc(Cl)nc1Nc1cccc(S(=O)(=O)NC(C)(C)C)c1",
          "state_of_matter": "SOLID",
          "molecular_weight": 354.8549600000003,
          "density": 1.4,
          "mass": 3.548549600000003,
          "is_produced_by": [
            "3461c864-9d28-41ec-9bed-51f4f19e0d16"
          ],
          "is_consumed_by": [],
          "provenance__density": "dummy estimator based on mw",
          "provenance__is_consumed_by": null,
          "provenance__is_produced_by": null,
          "provenance__mass": null,
          "provenance__molecular_weight": "periodic table",
          "provenance__smiles": null,
          "provenance__state_of_matter": "dummy estimator based on mw"
        }
      ],
      "stoichiometry": {
        "11068109-250a-447c-a300-77af5cf1961b": 1.0,
        "a9711370-ed54-4011-b23c-88b52b16edc4": 1.0,
        "f2924067-170d-4b99-8d91-481d0781d3ec": -1.0
      },
      "temperature": 324.2890065729618,
      "intended_ratios": {
        "11068109-250a-447c-a300-77af5cf1961b": 1.0,
        "a9711370-ed54-4011-b23c-88b52b16edc4": 1.0,
        "4071f2a7-0626-4025-b49c-c8b2133914be": 1.0
      },
      "expected_yields": {
        "f2924067-170d-4b99-8d91-481d0781d3ec": 1.0
      },
      "reaction_extent": 0.01
    },
    {
      "identifier": "61cf6de3-f80c-4495-bbe7-1f2020b2a9f2",
      "reactants": [
        {
          "identifier": "cd7ddfe3-e6ab-45b5-a356-b123c19ee7b5",
          "smiles": "Cc1ccc(S(=O)(=O)Cl)cc1",
          "state_of_matter": "LIQUID",
          "molecular_weight": 190.64727999999988,
          "density": 1.0,
          "mass": 1.9064727999999989,
          "is_produced_by": [],
          "is_consumed_by": [
            "61cf6de3-f80c-4495-bbe7-1f2020b2a9f2"
          ],
          "provenance__density": "dummy estimator based on mw",
          "provenance__is_consumed_by": null,
          "provenance__is_produced_by": null,
          "provenance__mass": null,
          "provenance__molecular_weight": "periodic table",
          "provenance__smiles": null,
          "provenance__state_of_matter": "dummy estimator based on mw"
        },
        {
          "identifier": "01bc6082-601a-46a2-ac80-dd7a14177070",
          "smiles": "Clc1cnc2[nH]cc(Cc3ccc(Cl)nc3)c2c1",
          "state_of_matter": "SOLID",
          "molecular_weight": 278.13666000000006,
          "density": 1.4,
          "mass": 2.7813666000000006,
          "is_produced_by": [],
          "is_consumed_by": [
            "61cf6de3-f80c-4495-bbe7-1f2020b2a9f2"
          ],
          "provenance__density": "dummy estimator based on mw",
          "provenance__is_consumed_by": null,
          "provenance__is_produced_by": null,
          "provenance__mass": null,
          "provenance__molecular_weight": "periodic table",
          "provenance__smiles": null,
          "provenance__state_of_matter": "dummy estimator based on mw"
        }
      ],
      "reagents": [
        {
          "identifier": "1ce4e922-3038-43df-861e-0f6ba79e8c48",
          "smiles": "CN(C)C=O",
          "state_of_matter": "LIQUID",
          "molecular_weight": 73.09378000000004,
          "density": 1.0,
          "mass": 0.7309378000000004,
          "is_produced_by": [],
          "is_consumed_by": [
            "61cf6de3-f80c-4495-bbe7-1f2020b2a9f2"
          ],
          "provenance__density": "dummy estimator based on mw",
          "provenance__is_consumed_by": null,
          "provenance__is_produced_by": null,
          "provenance__mass": null,
          "provenance__molecular_weight": "periodic table",
          "provenance__smiles": null,
          "provenance__state_of_matter": "dummy estimator based on mw"
        },
        {
          "identifier": "424381a9-3d04-400d-8608-10dc18972c65",
          "smiles": "O",
          "state_of_matter": "LIQUID",
          "molecular_weight": 18.01528,
          "density": 1.0,
          "mass": 0.1801528,
          "is_produced_by": [],
          "is_consumed_by": [
            "61cf6de3-f80c-4495-bbe7-1f2020b2a9f2"
          ],
          "provenance__density": "dummy estimator based on mw",
          "provenance__is_consumed_by": null,
          "provenance__is_produced_by": null,
          "provenance__mass": null,
          "provenance__molecular_weight": "periodic table",
          "provenance__smiles": null,
          "provenance__state_of_matter": "dummy estimator based on mw"
        },
        {
          "identifier": "df69c6ca-da23-40e7-b92b-1497ccd8d2ad",
          "smiles": "[NaH]",
          "state_of_matter": "SOLID",
          "molecular_weight": 23.99771,
          "density": 1.4,
          "mass": 0.23997710000000003,
          "is_produced_by": [],
          "is_consumed_by": [
            "61cf6de3-f80c-4495-bbe7-1f2020b2a9f2"
          ],
          "provenance__density": "dummy estimator based on mw",
          "provenance__is_consumed_by": null,
          "provenance__is_produced_by": null,
          "provenance__mass": null,
          "provenance__molecular_weight": "periodic table",
          "provenance__smiles": null,
          "provenance__state_of_matter": "dummy estimator based on mw"
        }
      ],
      "products": [
        {
          "identifier": "3a4df9cb-47b7-4114-ad4c-4a7a367bd066",
          "smiles": "Cc1ccc(S(=O)(=O)n2cc(Cc3ccc(Cl)nc3)c3cc(Cl)cnc32)cc1",
          "state_of_matter": "SOLID",
          "molecular_weight": 433.33094000000017,
          "density": 1.4,
          "mass": 4.333309400000002,
          "is_produced_by": [
            "61cf6de3-f80c-4495-bbe7-1f2020b2a9f2"
          ],
          "is_consumed_by": [],
          "provenance__density": "dummy estimator based on mw",
          "provenance__is_consumed_by": null,
          "provenance__is_produced_by": null,
          "provenance__mass": null,
          "provenance__molecular_weight": "periodic table",
          "provenance__smiles": null,
          "provenance__state_of_matter": "dummy estimator based on mw"
        }
      ],
      "stoichiometry": {
        "cd7ddfe3-e6ab-45b5-a356-b123c19ee7b5": 1.0,
        "01bc6082-601a-46a2-ac80-dd7a14177070": 1.0,
        "3a4df9cb-47b7-4114-ad4c-4a7a367bd066": -1.0
      },
      "temperature": 294.0366781532764,
      "intended_ratios": {
        "cd7ddfe3-e6ab-45b5-a356-b123c19ee7b5": 1.0,
        "01bc6082-601a-46a2-ac80-dd7a14177070": 1.0,
        "1ce4e922-3038-43df-861e-0f6ba79e8c48": 1.0,
        "424381a9-3d04-400d-8608-10dc18972c65": 1.0,
        "df69c6ca-da23-40e7-b92b-1497ccd8d2ad": 1.0
      },
      "expected_yields": {
        "3a4df9cb-47b7-4114-ad4c-4a7a367bd066": 1.0
      },
      "reaction_extent": 0.01
    },
    {
      "identifier": "ff0dd723-8b79-48ad-82ec-ef1acb7ceba9",
      "reactants": [
        {
          "identifier": "8327861f-988d-4b50-b8d8-c833d6078dce",
          "smiles": "Cc1ccc(S(=O)(=O)n2cc(Cc3ccc(Cl)nc3)c3cc(Cl)cnc32)cc1",
          "state_of_matter": "SOLID",
          "molecular_weight": 433.33094000000017,
          "density": 1.4,
          "mass": 4.333309400000002,
          "is_produced_by": [],
          "is_consumed_by": [
            "ff0dd723-8b79-48ad-82ec-ef1acb7ceba9"
          ],
          "provenance__density": "dummy estimator based on mw",
          "provenance__is_consumed_by": null,
          "provenance__is_produced_by": null,
          "provenance__mass": null,
          "provenance__molecular_weight": "periodic table",
          "provenance__smiles": null,
          "provenance__state_of_matter": "dummy estimator based on mw"
        }
      ],
      "reagents": [
        {
          "identifier": "59bf233b-c4e1-4883-a7e3-b5b9b7871843",
          "smiles": "O=C(O)C(F)(F)F",
          "state_of_matter": "LIQUID",
          "molecular_weight": 114.0233496,
          "density": 1.0,
          "mass": 1.140233496,
          "is_produced_by": [],
          "is_consumed_by": [
            "ff0dd723-8b79-48ad-82ec-ef1acb7ceba9"
          ],
          "provenance__density": "dummy estimator based on mw",
          "provenance__is_consumed_by": null,
          "provenance__is_produced_by": null,
          "provenance__mass": null,
          "provenance__molecular_weight": "periodic table",
          "provenance__smiles": null,
          "provenance__state_of_matter": "dummy estimator based on mw"
        }
      ],
      "products": [
        {
          "identifier": "4000bb82-02e7-441a-b20b-282e345566a7",
          "smiles": "Cc1ccc(S(=O)(=O)n2cc(Cc3ccc(N)nc3)c3cc(Cl)cnc32)cc1",
          "state_of_matter": "SOLID",
          "molecular_weight": 413.90052000000014,
          "density": 1.4,
          "mass": 4.1390052000000015,
          "is_produced_by": [
            "ff0dd723-8b79-48ad-82ec-ef1acb7ceba9"
          ],
          "is_consumed_by": [],
          "provenance__density": "dummy estimator based on mw",
          "provenance__is_consumed_by": null,
          "provenance__is_produced_by": null,
          "provenance__mass": null,
          "provenance__molecular_weight": "periodic table",
          "provenance__smiles": null,
          "provenance__state_of_matter": "dummy estimator based on mw"
        }
      ],
      "stoichiometry": {
        "8327861f-988d-4b50-b8d8-c833d6078dce": 1.0,
        "4000bb82-02e7-441a-b20b-282e345566a7": -1.0
      },
      "temperature": 354.8695926904678,
      "intended_ratios": {
        "8327861f-988d-4b50-b8d8-c833d6078dce": 1.0,
        "59bf233b-c4e1-4883-a7e3-b5b9b7871843": 1.0
      },
      "expected_yields": {
        "4000bb82-02e7-441a-b20b-282e345566a7": 1.0
      },
      "reaction_extent": 0.01
    },
    {
      "identifier": "f7f2910a-8f09-4519-85f4-84710c3b3fc5",
      "reactants": [
        {
          "identifier": "7c24caa3-e2a5-474d-bf9b-cc8c6e296323",
          "smiles": "Cc1ccc(S(=O)(=O)n2cc(Cc3ccc(N)nc3)c3cc(Cl)cnc32)cc1",
          "state_of_matter": "SOLID",
          "molecular_weight": 413.90052000000014,
          "density": 1.4,
          "mass": 4.1390052000000015,
          "is_produced_by": [],
          "is_consumed_by": [
            "f7f2910a-8f09-4519-85f4-84710c3b3fc5"
          ],
          "provenance__density": "dummy estimator based on mw",
          "provenance__is_consumed_by": null,
          "provenance__is_produced_by": null,
          "provenance__mass": null,
          "provenance__molecular_weight": "periodic table",
          "provenance__smiles": null,
          "provenance__state_of_matter": "dummy estimator based on mw"
        },
        {
          "identifier": "3026464a-bd9d-457a-a339-f3d593e34e61",
          "smiles": "O=C(O)c1ccc(C(F)(F)F)nc1",
          "state_of_matter": "LIQUID",
          "molecular_weight": 191.10736959999997,
          "density": 1.0,
          "mass": 1.9110736959999997,
          "is_produced_by": [],
          "is_consumed_by": [
            "f7f2910a-8f09-4519-85f4-84710c3b3fc5"
          ],
          "provenance__density": "dummy estimator based on mw",
          "provenance__is_consumed_by": null,
          "provenance__is_produced_by": null,
          "provenance__mass": null,
          "provenance__molecular_weight": "periodic table",
          "provenance__smiles": null,
          "provenance__state_of_matter": "dummy estimator based on mw"
        }
      ],
      "reagents": [
        {
          "identifier": "aa8e8ad7-fd26-4412-bc41-bd7527c4d6c1",
          "smiles": "c1ccncc1",
          "state_of_matter": "LIQUID",
          "molecular_weight": 79.09990000000003,
          "density": 1.0,
          "mass": 0.7909990000000003,
          "is_produced_by": [],
          "is_consumed_by": [
            "f7f2910a-8f09-4519-85f4-84710c3b3fc5"
          ],
          "provenance__density": "dummy estimator based on mw",
          "provenance__is_consumed_by": null,
          "provenance__is_produced_by": null,
          "provenance__mass": null,
          "provenance__molecular_weight": "periodic table",
          "provenance__smiles": null,
          "provenance__state_of_matter": "dummy estimator based on mw"
        },
        {
          "identifier": "1b875ba7-804b-4147-9946-8493a3b03ea7",
          "smiles": "O=S(Cl)Cl",
          "state_of_matter": "LIQUID",
          "molecular_weight": 118.97040000000001,
          "density": 1.0,
          "mass": 1.189704,
          "is_produced_by": [],
          "is_consumed_by": [
            "f7f2910a-8f09-4519-85f4-84710c3b3fc5"
          ],
          "provenance__density": "dummy estimator based on mw",
          "provenance__is_consumed_by": null,
          "provenance__is_produced_by": null,
          "provenance__mass": null,
          "provenance__molecular_weight": "periodic table",
          "provenance__smiles": null,
          "provenance__state_of_matter": "dummy estimator based on mw"
        }
      ],
      "products": [
        {
          "identifier": "75f95c15-1ce1-4550-a77c-925faebc9d55",
          "smiles": "Cc1ccc(S(=O)(=O)n2cc(Cc3ccc(NC(=O)c4ccc(C(F)(F)F)nc4)nc3)c3cc(Cl)cnc32)cc1",
          "state_of_matter": "SOLID",
          "molecular_weight": 586.9926095999992,
          "density": 1.4,
          "mass": 5.869926095999992,
          "is_produced_by": [
            "f7f2910a-8f09-4519-85f4-84710c3b3fc5"
          ],
          "is_consumed_by": [],
          "provenance__density": "dummy estimator based on mw",
          "provenance__is_consumed_by": null,
          "provenance__is_produced_by": null,
          "provenance__mass": null,
          "provenance__molecular_weight": "periodic table",
          "provenance__smiles": null,
          "provenance__state_of_matter": "dummy estimator based on mw"
        }
      ],
      "stoichiometry": {
        "7c24caa3-e2a5-474d-bf9b-cc8c6e296323": 1.0,
        "3026464a-bd9d-457a-a339-f3d593e34e61": 1.0,
        "75f95c15-1ce1-4550-a77c-925faebc9d55": -1.0
      },
      "temperature": 328.6723099887371,
      "intended_ratios": {
        "7c24caa3-e2a5-474d-bf9b-cc8c6e296323": 1.0,
        "3026464a-bd9d-457a-a339-f3d593e34e61": 1.0,
        "aa8e8ad7-fd26-4412-bc41-bd7527c4d6c1": 1.0,
        "1b875ba7-804b-4147-9946-8493a3b03ea7": 1.0
      },
      "expected_yields": {
        "75f95c15-1ce1-4550-a77c-925faebc9d55": 1.0
      },
      "reaction_extent": 0.01
    },
    {
      "identifier": "37eb5e6f-cdaa-4796-ab0c-4be26f950b11",
      "reactants": [
        {
          "identifier": "fa673213-3450-41f2-9b80-bfaf5619f1c4",
          "smiles": "Cc1ccc(S(=O)(=O)n2cc(Cc3ccc(NC(=O)c4ccc(C(F)(F)F)nc4)nc3)c3cc(Cl)cnc32)cc1",
          "state_of_matter": "SOLID",
          "molecular_weight": 586.9926095999992,
          "density": 1.4,
          "mass": 5.869926095999992,
          "is_produced_by": [],
          "is_consumed_by": [
            "37eb5e6f-cdaa-4796-ab0c-4be26f950b11"
          ],
          "provenance__density": "dummy estimator based on mw",
          "provenance__is_consumed_by": null,
          "provenance__is_produced_by": null,
          "provenance__mass": null,
          "provenance__molecular_weight": "periodic table",
          "provenance__smiles": null,
          "provenance__state_of_matter": "dummy estimator based on mw"
        }
      ],
      "reagents": [
        {
          "identifier": "c693a46f-b081-429e-92e4-034756d6590f",
          "smiles": "O",
          "state_of_matter": "LIQUID",
          "molecular_weight": 18.01528,
          "density": 1.0,
          "mass": 0.1801528,
          "is_produced_by": [],
          "is_consumed_by": [
            "37eb5e6f-cdaa-4796-ab0c-4be26f950b11"
          ],
          "provenance__density": "dummy estimator based on mw",
          "provenance__is_consumed_by": null,
          "provenance__is_produced_by": null,
          "provenance__mass": null,
          "provenance__molecular_weight": "periodic table",
          "provenance__smiles": null,
          "provenance__state_of_matter": "dummy estimator based on mw"
        },
        {
          "identifier": "df68da0d-c773-46d7-883e-eeff6f51425b",
          "smiles": "C1CCOC1",
          "state_of_matter": "LIQUID",
          "molecular_weight": 72.10572000000005,
          "density": 1.0,
          "mass": 0.7210572000000005,
          "is_produced_by": [],
          "is_consumed_by": [
            "37eb5e6f-cdaa-4796-ab0c-4be26f950b11"
          ],
          "provenance__density": "dummy estimator based on mw",
          "provenance__is_consumed_by": null,
          "provenance__is_produced_by": null,
          "provenance__mass": null,
          "provenance__molecular_weight": "periodic table",
          "provenance__smiles": null,
          "provenance__state_of_matter": "dummy estimator based on mw"
        },
        {
          "identifier": "c7579944-a8da-4a67-a012-f8a5bcd0683f",
          "smiles": "CCCC[N+](CCCC)(CCCC)CCCC.[F-]",
          "state_of_matter": "SOLID",
          "molecular_weight": 261.46214319999973,
          "density": 1.4,
          "mass": 2.614621431999997,
          "is_produced_by": [],
          "is_consumed_by": [
            "37eb5e6f-cdaa-4796-ab0c-4be26f950b11"
          ],
          "provenance__density": "dummy estimator based on mw",
          "provenance__is_consumed_by": null,
          "provenance__is_produced_by": null,
          "provenance__mass": null,
          "provenance__molecular_weight": "periodic table",
          "provenance__smiles": null,
          "provenance__state_of_matter": "dummy estimator based on mw"
        }
      ],
      "products": [
        {
          "identifier": "834bb3bb-8b36-4d78-a4c6-316c95d58a3d",
          "smiles": "O=C(Nc1ccc(Cc2c[nH]c3ncc(Cl)cc23)cn1)c1ccc(C(F)(F)F)nc1",
          "state_of_matter": "SOLID",
          "molecular_weight": 431.79832960000016,
          "density": 1.4,
          "mass": 4.317983296000001,
          "is_produced_by": [
            "37eb5e6f-cdaa-4796-ab0c-4be26f950b11"
          ],
          "is_consumed_by": [],
          "provenance__density": "dummy estimator based on mw",
          "provenance__is_consumed_by": null,
          "provenance__is_produced_by": null,
          "provenance__mass": null,
          "provenance__molecular_weight": "periodic table",
          "provenance__smiles": null,
          "provenance__state_of_matter": "dummy estimator based on mw"
        }
      ],
      "stoichiometry": {
        "fa673213-3450-41f2-9b80-bfaf5619f1c4": 1.0,
        "834bb3bb-8b36-4d78-a4c6-316c95d58a3d": -1.0
      },
      "temperature": 316.97248406410216,
      "intended_ratios": {
        "fa673213-3450-41f2-9b80-bfaf5619f1c4": 1.0,
        "c693a46f-b081-429e-92e4-034756d6590f": 1.0,
        "df68da0d-c773-46d7-883e-eeff6f51425b": 1.0,
        "c7579944-a8da-4a67-a012-f8a5bcd0683f": 1.0
      },
      "expected_yields": {
        "834bb3bb-8b36-4d78-a4c6-316c95d58a3d": 1.0
      },
      "reaction_extent": 0.01
    },
    {
      "identifier": "1180892b-0179-40dd-b301-3f909e046fee",
      "reactants": [
        {
          "identifier": "464e0d2c-aed7-4e96-94e7-540760bb6371",
          "smiles": "Cc1cnc(Cl)nc1Nc1cccc(S(=O)(=O)NC(C)(C)C)c1",
          "state_of_matter": "SOLID",
          "molecular_weight": 354.8549600000003,
          "density": 1.4,
          "mass": 3.548549600000003,
          "is_produced_by": [],
          "is_consumed_by": [
            "1180892b-0179-40dd-b301-3f909e046fee"
          ],
          "provenance__density": "dummy estimator based on mw",
          "provenance__is_consumed_by": null,
          "provenance__is_produced_by": null,
          "provenance__mass": null,
          "provenance__molecular_weight": "periodic table",
          "provenance__smiles": null,
          "provenance__state_of_matter": "dummy estimator based on mw"
        },
        {
          "identifier": "c0c5328e-5489-451f-9e24-f515bd3c4090",
          "smiles": "Nc1ccc(OCc2ccccc2)cc1",
          "state_of_matter": "LIQUID",
          "molecular_weight": 199.2484199999998,
          "density": 1.0,
          "mass": 1.9924841999999983,
          "is_produced_by": [],
          "is_consumed_by": [
            "1180892b-0179-40dd-b301-3f909e046fee"
          ],
          "provenance__density": "dummy estimator based on mw",
          "provenance__is_consumed_by": null,
          "provenance__is_produced_by": null,
          "provenance__mass": null,
          "provenance__molecular_weight": "periodic table",
          "provenance__smiles": null,
          "provenance__state_of_matter": "dummy estimator based on mw"
        }
      ],
      "reagents": [
        {
          "identifier": "9015746b-c8ca-4917-9635-a5e7badf5315",
          "smiles": "Cl",
          "state_of_matter": "LIQUID",
          "molecular_weight": 36.46094,
          "density": 1.0,
          "mass": 0.36460940000000003,
          "is_produced_by": [],
          "is_consumed_by": [
            "1180892b-0179-40dd-b301-3f909e046fee"
          ],
          "provenance__density": "dummy estimator based on mw",
          "provenance__is_consumed_by": null,
          "provenance__is_produced_by": null,
          "provenance__mass": null,
          "provenance__molecular_weight": "periodic table",
          "provenance__smiles": null,
          "provenance__state_of_matter": "dummy estimator based on mw"
        },
        {
          "identifier": "5eeae806-bb61-4bb0-a138-97809e0c56e8",
          "smiles": "C1COCCO1",
          "state_of_matter": "LIQUID",
          "molecular_weight": 88.10512000000004,
          "density": 1.0,
          "mass": 0.8810512000000005,
          "is_produced_by": [],
          "is_consumed_by": [
            "1180892b-0179-40dd-b301-3f909e046fee"
          ],
          "provenance__density": "dummy estimator based on mw",
          "provenance__is_consumed_by": null,
          "provenance__is_produced_by": null,
          "provenance__mass": null,
          "provenance__molecular_weight": "periodic table",
          "provenance__smiles": null,
          "provenance__state_of_matter": "dummy estimator based on mw"
        }
      ],
      "products": [
        {
          "identifier": "0f3b9e51-20b1-43ae-86a2-b75c21ea9ffc",
          "smiles": "Cc1cnc(Nc2ccc(OCc3ccccc3)cc2)nc1Nc1cccc(S(=O)(=O)NC(C)(C)C)c1",
          "state_of_matter": "SOLID",
          "molecular_weight": 517.6424400000001,
          "density": 1.4,
          "mass": 5.176424400000001,
          "is_produced_by": [
            "1180892b-0179-40dd-b301-3f909e046fee"
          ],
          "is_consumed_by": [],
          "provenance__density": "dummy estimator based on mw",
          "provenance__is_consumed_by": null,
          "provenance__is_produced_by": null,
          "provenance__mass": null,
          "provenance__molecular_weight": "periodic table",
          "provenance__smiles": null,
          "provenance__state_of_matter": "dummy estimator based on mw"
        }
      ],
      "stoichiometry": {
        "464e0d2c-aed7-4e96-94e7-540760bb6371": 1.0,
        "c0c5328e-5489-451f-9e24-f515bd3c4090": 1.0,
        "0f3b9e51-20b1-43ae-86a2-b75c21ea9ffc": -1.0
      },
      "temperature": 369.8748215675354,
      "intended_ratios": {
        "464e0d2c-aed7-4e96-94e7-540760bb6371": 1.0,
        "c0c5328e-5489-451f-9e24-f515bd3c4090": 1.0,
        "9015746b-c8ca-4917-9635-a5e7badf5315": 1.0,
        "5eeae806-bb61-4bb0-a138-97809e0c56e8": 1.0
      },
      "expected_yields": {
        "0f3b9e51-20b1-43ae-86a2-b75c21ea9ffc": 1.0
      },
      "reaction_extent": 0.01
    },
    {
      "identifier": "9013c431-a922-4078-81f1-8a9a09295ede",
      "reactants": [
        {
          "identifier": "562009ff-411f-4d35-b7e8-3a878d72f47c",
          "smiles": "Cc1cnc(Nc2ccc(O)cc2)nc1Nc1cccc(S(=O)(=O)NC(C)(C)C)c1",
          "state_of_matter": "SOLID",
          "molecular_weight": 427.51990000000035,
          "density": 1.4,
          "mass": 4.275199000000003,
          "is_produced_by": [],
          "is_consumed_by": [
            "9013c431-a922-4078-81f1-8a9a09295ede"
          ],
          "provenance__density": "dummy estimator based on mw",
          "provenance__is_consumed_by": null,
          "provenance__is_produced_by": null,
          "provenance__mass": null,
          "provenance__molecular_weight": "periodic table",
          "provenance__smiles": null,
          "provenance__state_of_matter": "dummy estimator based on mw"
        },
        {
          "identifier": "27d92770-c779-4792-89fa-7766dfff51a6",
          "smiles": "ClCCN1CCCC1",
          "state_of_matter": "LIQUID",
          "molecular_weight": 133.61917999999997,
          "density": 1.0,
          "mass": 1.3361917999999997,
          "is_produced_by": [],
          "is_consumed_by": [
            "9013c431-a922-4078-81f1-8a9a09295ede"
          ],
          "provenance__density": "dummy estimator based on mw",
          "provenance__is_consumed_by": null,
          "provenance__is_produced_by": null,
          "provenance__mass": null,
          "provenance__molecular_weight": "periodic table",
          "provenance__smiles": null,
          "provenance__state_of_matter": "dummy estimator based on mw"
        }
      ],
      "reagents": [
        {
          "identifier": "b151cdc0-9e26-4a99-a2e6-91275c5aa8fe",
          "smiles": "O=C(O[K])O[K]",
          "state_of_matter": "SOLID",
          "molecular_weight": 138.2055,
          "density": 1.4,
          "mass": 1.382055,
          "is_produced_by": [],
          "is_consumed_by": [
            "9013c431-a922-4078-81f1-8a9a09295ede"
          ],
          "provenance__density": "dummy estimator based on mw",
          "provenance__is_consumed_by": null,
          "provenance__is_produced_by": null,
          "provenance__mass": null,
          "provenance__molecular_weight": "periodic table",
          "provenance__smiles": null,
          "provenance__state_of_matter": "dummy estimator based on mw"
        },
        {
          "identifier": "1ed40064-52fc-4943-8ac0-12c615063582",
          "smiles": "CC(C)=O",
          "state_of_matter": "LIQUID",
          "molecular_weight": 58.07913999999999,
          "density": 1.0,
          "mass": 0.5807913999999998,
          "is_produced_by": [],
          "is_consumed_by": [
            "9013c431-a922-4078-81f1-8a9a09295ede"
          ],
          "provenance__density": "dummy estimator based on mw",
          "provenance__is_consumed_by": null,
          "provenance__is_produced_by": null,
          "provenance__mass": null,
          "provenance__molecular_weight": "periodic table",
          "provenance__smiles": null,
          "provenance__state_of_matter": "dummy estimator based on mw"
        }
      ],
      "products": [
        {
          "identifier": "894e8f17-3bfd-45c3-b5f0-cd0dd4ec2723",
          "smiles": "Cc1cnc(Nc2ccc(OCCN3CCCC3)cc2)nc1Nc1cccc(S(=O)(=O)NC(C)(C)C)c1",
          "state_of_matter": "SOLID",
          "molecular_weight": 524.6781399999998,
          "density": 1.4,
          "mass": 5.246781399999998,
          "is_produced_by": [
            "9013c431-a922-4078-81f1-8a9a09295ede"
          ],
          "is_consumed_by": [],
          "provenance__density": "dummy estimator based on mw",
          "provenance__is_consumed_by": null,
          "provenance__is_produced_by": null,
          "provenance__mass": null,
          "provenance__molecular_weight": "periodic table",
          "provenance__smiles": null,
          "provenance__state_of_matter": "dummy estimator based on mw"
        }
      ],
      "stoichiometry": {
        "562009ff-411f-4d35-b7e8-3a878d72f47c": 1.0,
        "27d92770-c779-4792-89fa-7766dfff51a6": 1.0,
        "894e8f17-3bfd-45c3-b5f0-cd0dd4ec2723": -1.0
      },
      "temperature": 346.08960286974906,
      "intended_ratios": {
        "562009ff-411f-4d35-b7e8-3a878d72f47c": 1.0,
        "27d92770-c779-4792-89fa-7766dfff51a6": 1.0,
        "b151cdc0-9e26-4a99-a2e6-91275c5aa8fe": 1.0,
        "1ed40064-52fc-4943-8ac0-12c615063582": 1.0
      },
      "expected_yields": {
        "894e8f17-3bfd-45c3-b5f0-cd0dd4ec2723": 1.0
      },
      "reaction_extent": 0.01
    },
    {
      "identifier": "c702766d-d5b6-49cc-bb19-0563bcbd3379",
      "reactants": [
        {
          "identifier": "c05f876e-ec00-43b6-bcc0-64c41c3e6901",
          "smiles": "Cc1cnc(Nc2ccc(OCc3ccccc3)cc2)nc1Nc1cccc(S(=O)(=O)NC(C)(C)C)c1",
          "state_of_matter": "SOLID",
          "molecular_weight": 517.6424400000001,
          "density": 1.4,
          "mass": 5.176424400000001,
          "is_produced_by": [],
          "is_consumed_by": [
            "c702766d-d5b6-49cc-bb19-0563bcbd3379"
          ],
          "provenance__density": "dummy estimator based on mw",
          "provenance__is_consumed_by": null,
          "provenance__is_produced_by": null,
          "provenance__mass": null,
          "provenance__molecular_weight": "periodic table",
          "provenance__smiles": null,
          "provenance__state_of_matter": "dummy estimator based on mw"
        }
      ],
      "reagents": [
        {
          "identifier": "4a5b4425-ebd6-4b82-b695-feb58e56c08a",
          "smiles": "CO",
          "state_of_matter": "LIQUID",
          "molecular_weight": 32.04186000000001,
          "density": 1.0,
          "mass": 0.32041860000000005,
          "is_produced_by": [],
          "is_consumed_by": [
            "c702766d-d5b6-49cc-bb19-0563bcbd3379"
          ],
          "provenance__density": "dummy estimator based on mw",
          "provenance__is_consumed_by": null,
          "provenance__is_produced_by": null,
          "provenance__mass": null,
          "provenance__molecular_weight": "periodic table",
          "provenance__smiles": null,
          "provenance__state_of_matter": "dummy estimator based on mw"
        },
        {
          "identifier": "53cc9239-429e-41d1-a283-087b2b5654b3",
          "smiles": "[Pd]",
          "state_of_matter": "SOLID",
          "molecular_weight": 106.42,
          "density": 1.4,
          "mass": 1.0642,
          "is_produced_by": [],
          "is_consumed_by": [
            "c702766d-d5b6-49cc-bb19-0563bcbd3379"
          ],
          "provenance__density": "dummy estimator based on mw",
          "provenance__is_consumed_by": null,
          "provenance__is_produced_by": null,
          "provenance__mass": null,
          "provenance__molecular_weight": "periodic table",
          "provenance__smiles": null,
          "provenance__state_of_matter": "dummy estimator based on mw"
        }
      ],
      "products": [
        {
          "identifier": "1111a220-de9f-4586-885c-bd985937792f",
          "smiles": "Cc1cnc(Nc2ccc(O)cc2)nc1Nc1cccc(S(=O)(=O)NC(C)(C)C)c1",
          "state_of_matter": "SOLID",
          "molecular_weight": 427.51990000000035,
          "density": 1.4,
          "mass": 4.275199000000003,
          "is_produced_by": [
            "c702766d-d5b6-49cc-bb19-0563bcbd3379"
          ],
          "is_consumed_by": [],
          "provenance__density": "dummy estimator based on mw",
          "provenance__is_consumed_by": null,
          "provenance__is_produced_by": null,
          "provenance__mass": null,
          "provenance__molecular_weight": "periodic table",
          "provenance__smiles": null,
          "provenance__state_of_matter": "dummy estimator based on mw"
        }
      ],
      "stoichiometry": {
        "c05f876e-ec00-43b6-bcc0-64c41c3e6901": 1.0,
        "1111a220-de9f-4586-885c-bd985937792f": -1.0
      },
      "temperature": 290.56993040442467,
      "intended_ratios": {
        "c05f876e-ec00-43b6-bcc0-64c41c3e6901": 1.0,
        "4a5b4425-ebd6-4b82-b695-feb58e56c08a": 1.0,
        "53cc9239-429e-41d1-a283-087b2b5654b3": 1.0
      },
      "expected_yields": {
        "1111a220-de9f-4586-885c-bd985937792f": 1.0
      },
      "reaction_extent": 0.01
    },
    {
      "identifier": "ef1c8db6-6513-4e28-afce-d711481a5329",
      "reactants": [
        {
          "identifier": "1ac661a0-4bbb-4c7e-84e2-5504fa4671bf",
          "smiles": "Clc1cnc2[nH]ccc2c1",
          "state_of_matter": "LIQUID",
          "molecular_weight": 152.58099999999993,
          "density": 1.0,
          "mass": 1.5258099999999994,
          "is_produced_by": [],
          "is_consumed_by": [
            "ef1c8db6-6513-4e28-afce-d711481a5329"
          ],
          "provenance__density": "dummy estimator based on mw",
          "provenance__is_consumed_by": null,
          "provenance__is_produced_by": null,
          "provenance__mass": null,
          "provenance__molecular_weight": "periodic table",
          "provenance__smiles": null,
          "provenance__state_of_matter": "dummy estimator based on mw"
        },
        {
          "identifier": "0774aa9e-dbe8-4aa3-af53-ffd4a576b6e9",
          "smiles": "O=Cc1ccc(Cl)nc1",
          "state_of_matter": "LIQUID",
          "molecular_weight": 141.55505999999997,
          "density": 1.0,
          "mass": 1.4155505999999998,
          "is_produced_by": [],
          "is_consumed_by": [
            "ef1c8db6-6513-4e28-afce-d711481a5329"
          ],
          "provenance__density": "dummy estimator based on mw",
          "provenance__is_consumed_by": null,
          "provenance__is_produced_by": null,
          "provenance__mass": null,
          "provenance__molecular_weight": "periodic table",
          "provenance__smiles": null,
          "provenance__state_of_matter": "dummy estimator based on mw"
        }
      ],
      "reagents": [
        {
          "identifier": "8aba18ba-b4d3-46e6-8278-86ad2d608ea7",
          "smiles": "CO",
          "state_of_matter": "LIQUID",
          "molecular_weight": 32.04186000000001,
          "density": 1.0,
          "mass": 0.32041860000000005,
          "is_produced_by": [],
          "is_consumed_by": [
            "ef1c8db6-6513-4e28-afce-d711481a5329"
          ],
          "provenance__density": "dummy estimator based on mw",
          "provenance__is_consumed_by": null,
          "provenance__is_produced_by": null,
          "provenance__mass": null,
          "provenance__molecular_weight": "periodic table",
          "provenance__smiles": null,
          "provenance__state_of_matter": "dummy estimator based on mw"
        },
        {
          "identifier": "679ebf6a-915b-47cf-a339-27b92c3ea9ef",
          "smiles": "O",
          "state_of_matter": "LIQUID",
          "molecular_weight": 18.01528,
          "density": 1.0,
          "mass": 0.1801528,
          "is_produced_by": [],
          "is_consumed_by": [
            "ef1c8db6-6513-4e28-afce-d711481a5329"
          ],
          "provenance__density": "dummy estimator based on mw",
          "provenance__is_consumed_by": null,
          "provenance__is_produced_by": null,
          "provenance__mass": null,
          "provenance__molecular_weight": "periodic table",
          "provenance__smiles": null,
          "provenance__state_of_matter": "dummy estimator based on mw"
        },
        {
          "identifier": "236bc194-3dd9-4565-8e2c-59ecb3f208de",
          "smiles": "O[K]",
          "state_of_matter": "SOLID",
          "molecular_weight": 56.10564,
          "density": 1.4,
          "mass": 0.5610564,
          "is_produced_by": [],
          "is_consumed_by": [
            "ef1c8db6-6513-4e28-afce-d711481a5329"
          ],
          "provenance__density": "dummy estimator based on mw",
          "provenance__is_consumed_by": null,
          "provenance__is_produced_by": null,
          "provenance__mass": null,
          "provenance__molecular_weight": "periodic table",
          "provenance__smiles": null,
          "provenance__state_of_matter": "dummy estimator based on mw"
        }
      ],
      "products": [
        {
          "identifier": "91dc862a-c145-4b23-8256-60862fae68e0",
          "smiles": "OC(c1ccc(Cl)nc1)c1c[nH]c2ncc(Cl)cc12",
          "state_of_matter": "SOLID",
          "molecular_weight": 294.1360600000001,
          "density": 1.4,
          "mass": 2.941360600000001,
          "is_produced_by": [
            "ef1c8db6-6513-4e28-afce-d711481a5329"
          ],
          "is_consumed_by": [],
          "provenance__density": "dummy estimator based on mw",
          "provenance__is_consumed_by": null,
          "provenance__is_produced_by": null,
          "provenance__mass": null,
          "provenance__molecular_weight": "periodic table",
          "provenance__smiles": null,
          "provenance__state_of_matter": "dummy estimator based on mw"
        }
      ],
      "stoichiometry": {
        "1ac661a0-4bbb-4c7e-84e2-5504fa4671bf": 1.0,
        "0774aa9e-dbe8-4aa3-af53-ffd4a576b6e9": 1.0,
        "91dc862a-c145-4b23-8256-60862fae68e0": -1.0
      },
      "temperature": 281.2925557672977,
      "intended_ratios": {
        "1ac661a0-4bbb-4c7e-84e2-5504fa4671bf": 1.0,
        "0774aa9e-dbe8-4aa3-af53-ffd4a576b6e9": 1.0,
        "8aba18ba-b4d3-46e6-8278-86ad2d608ea7": 1.0,
        "679ebf6a-915b-47cf-a339-27b92c3ea9ef": 1.0,
        "236bc194-3dd9-4565-8e2c-59ecb3f208de": 1.0
      },
      "expected_yields": {
        "91dc862a-c145-4b23-8256-60862fae68e0": 1.0
      },
      "reaction_extent": 0.01
    },
    {
      "identifier": "f211b6d6-bb90-4210-9cfc-a47a5fca66c2",
      "reactants": [
        {
          "identifier": "7b4f02b5-8c92-454f-b678-6237754710ee",
          "smiles": "O=C(Nc1ccc(Cc2c[nH]c3ncc(Cl)cc23)cn1)c1ccc(C(F)(F)F)nc1",
          "state_of_matter": "SOLID",
          "molecular_weight": 431.79832960000016,
          "density": 1.4,
          "mass": 4.317983296000001,
          "is_produced_by": [],
          "is_consumed_by": [
            "f211b6d6-bb90-4210-9cfc-a47a5fca66c2"
          ],
          "provenance__density": "dummy estimator based on mw",
          "provenance__is_consumed_by": null,
          "provenance__is_produced_by": null,
          "provenance__mass": null,
          "provenance__molecular_weight": "periodic table",
          "provenance__smiles": null,
          "provenance__state_of_matter": "dummy estimator based on mw"
        }
      ],
      "reagents": [
        {
          "identifier": "79451a13-9042-4470-a1fe-9e9a6cf851fc",
          "smiles": "CC#N",
          "state_of_matter": "LIQUID",
          "molecular_weight": 41.051919999999996,
          "density": 1.0,
          "mass": 0.4105192,
          "is_produced_by": [],
          "is_consumed_by": [
            "f211b6d6-bb90-4210-9cfc-a47a5fca66c2"
          ],
          "provenance__density": "dummy estimator based on mw",
          "provenance__is_consumed_by": null,
          "provenance__is_produced_by": null,
          "provenance__mass": null,
          "provenance__molecular_weight": "periodic table",
          "provenance__smiles": null,
          "provenance__state_of_matter": "dummy estimator based on mw"
        },
        {
          "identifier": "e0973d8e-b5e3-4347-b48a-0064d212658e",
          "smiles": "O=C(O)C(F)(F)F",
          "state_of_matter": "LIQUID",
          "molecular_weight": 114.0233496,
          "density": 1.0,
          "mass": 1.140233496,
          "is_produced_by": [],
          "is_consumed_by": [
            "f211b6d6-bb90-4210-9cfc-a47a5fca66c2"
          ],
          "provenance__density": "dummy estimator based on mw",
          "provenance__is_consumed_by": null,
          "provenance__is_produced_by": null,
          "provenance__mass": null,
          "provenance__molecular_weight": "periodic table",
          "provenance__smiles": null,
          "provenance__state_of_matter": "dummy estimator based on mw"
        },
        {
          "identifier": "51a22120-bd01-4985-827d-23fb2124b16a",
          "smiles": "CC[SiH](CC)CC",
          "state_of_matter": "LIQUID",
          "molecular_weight": 116.27674000000007,
          "density": 1.0,
          "mass": 1.1627674000000008,
          "is_produced_by": [],
          "is_consumed_by": [
            "f211b6d6-bb90-4210-9cfc-a47a5fca66c2"
          ],
          "provenance__density": "dummy estimator based on mw",
          "provenance__is_consumed_by": null,
          "provenance__is_produced_by": null,
          "provenance__mass": null,
          "provenance__molecular_weight": "periodic table",
          "provenance__smiles": null,
          "provenance__state_of_matter": "dummy estimator based on mw"
        }
      ],
      "products": [
        {
          "identifier": "38a1fa69-d935-48f1-9f27-5889914d91ed",
          "smiles": "FC(F)(F)c1ccc(CNc2ccc(Cc3c[nH]c4ncc(Cl)cc34)cn2)cn1",
          "state_of_matter": "SOLID",
          "molecular_weight": 417.81480960000016,
          "density": 1.4,
          "mass": 4.178148096000002,
          "is_produced_by": [
            "f211b6d6-bb90-4210-9cfc-a47a5fca66c2"
          ],
          "is_consumed_by": [],
          "provenance__density": "dummy estimator based on mw",
          "provenance__is_consumed_by": null,
          "provenance__is_produced_by": null,
          "provenance__mass": null,
          "provenance__molecular_weight": "periodic table",
          "provenance__smiles": null,
          "provenance__state_of_matter": "dummy estimator based on mw"
        }
      ],
      "stoichiometry": {
        "7b4f02b5-8c92-454f-b678-6237754710ee": 1.0,
        "38a1fa69-d935-48f1-9f27-5889914d91ed": -1.0
      },
      "temperature": 327.5941164672374,
      "intended_ratios": {
        "7b4f02b5-8c92-454f-b678-6237754710ee": 1.0,
        "79451a13-9042-4470-a1fe-9e9a6cf851fc": 1.0,
        "e0973d8e-b5e3-4347-b48a-0064d212658e": 1.0,
        "51a22120-bd01-4985-827d-23fb2124b16a": 1.0
      },
      "expected_yields": {
        "38a1fa69-d935-48f1-9f27-5889914d91ed": 1.0
      },
      "reaction_extent": 0.01
    },
    {
      "identifier": "2dcf17ad-6bc9-454c-a59f-ae3ca66136f1",
      "reactants": [
        {
          "identifier": "111d52de-ab74-4a5a-b14a-b701911d37f2",
          "smiles": "OC(c1ccc(Cl)nc1)c1c[nH]c2ncc(Cl)cc12",
          "state_of_matter": "SOLID",
          "molecular_weight": 294.1360600000001,
          "density": 1.4,
          "mass": 2.941360600000001,
          "is_produced_by": [],
          "is_consumed_by": [
            "2dcf17ad-6bc9-454c-a59f-ae3ca66136f1"
          ],
          "provenance__density": "dummy estimator based on mw",
          "provenance__is_consumed_by": null,
          "provenance__is_produced_by": null,
          "provenance__mass": null,
          "provenance__molecular_weight": "periodic table",
          "provenance__smiles": null,
          "provenance__state_of_matter": "dummy estimator based on mw"
        }
      ],
      "reagents": [
        {
          "identifier": "381b671f-dfc8-476d-846e-2c584f200905",
          "smiles": "CC#N",
          "state_of_matter": "LIQUID",
          "molecular_weight": 41.051919999999996,
          "density": 1.0,
          "mass": 0.4105192,
          "is_produced_by": [],
          "is_consumed_by": [
            "2dcf17ad-6bc9-454c-a59f-ae3ca66136f1"
          ],
          "provenance__density": "dummy estimator based on mw",
          "provenance__is_consumed_by": null,
          "provenance__is_produced_by": null,
          "provenance__mass": null,
          "provenance__molecular_weight": "periodic table",
          "provenance__smiles": null,
          "provenance__state_of_matter": "dummy estimator based on mw"
        },
        {
          "identifier": "ae70a50a-18a0-41c8-bffb-5633f377bd13",
          "smiles": "O=C(O)C(F)(F)F",
          "state_of_matter": "LIQUID",
          "molecular_weight": 114.0233496,
          "density": 1.0,
          "mass": 1.140233496,
          "is_produced_by": [],
          "is_consumed_by": [
            "2dcf17ad-6bc9-454c-a59f-ae3ca66136f1"
          ],
          "provenance__density": "dummy estimator based on mw",
          "provenance__is_consumed_by": null,
          "provenance__is_produced_by": null,
          "provenance__mass": null,
          "provenance__molecular_weight": "periodic table",
          "provenance__smiles": null,
          "provenance__state_of_matter": "dummy estimator based on mw"
        },
        {
          "identifier": "d3629fac-c746-486f-b7f8-25c529388ea0",
          "smiles": "CC[SiH](CC)CC",
          "state_of_matter": "LIQUID",
          "molecular_weight": 116.27674000000007,
          "density": 1.0,
          "mass": 1.1627674000000008,
          "is_produced_by": [],
          "is_consumed_by": [
            "2dcf17ad-6bc9-454c-a59f-ae3ca66136f1"
          ],
          "provenance__density": "dummy estimator based on mw",
          "provenance__is_consumed_by": null,
          "provenance__is_produced_by": null,
          "provenance__mass": null,
          "provenance__molecular_weight": "periodic table",
          "provenance__smiles": null,
          "provenance__state_of_matter": "dummy estimator based on mw"
        }
      ],
      "products": [
        {
          "identifier": "d3d0a74b-6c41-4550-9b2c-12eded141a7c",
          "smiles": "Clc1cnc2[nH]cc(Cc3ccc(Cl)nc3)c2c1",
          "state_of_matter": "SOLID",
          "molecular_weight": 278.13666000000006,
          "density": 1.4,
          "mass": 2.7813666000000006,
          "is_produced_by": [
            "2dcf17ad-6bc9-454c-a59f-ae3ca66136f1"
          ],
          "is_consumed_by": [],
          "provenance__density": "dummy estimator based on mw",
          "provenance__is_consumed_by": null,
          "provenance__is_produced_by": null,
          "provenance__mass": null,
          "provenance__molecular_weight": "periodic table",
          "provenance__smiles": null,
          "provenance__state_of_matter": "dummy estimator based on mw"
        }
      ],
      "stoichiometry": {
        "111d52de-ab74-4a5a-b14a-b701911d37f2": 1.0,
        "d3d0a74b-6c41-4550-9b2c-12eded141a7c": -1.0
      },
      "temperature": 307.97120277285575,
      "intended_ratios": {
        "111d52de-ab74-4a5a-b14a-b701911d37f2": 1.0,
        "381b671f-dfc8-476d-846e-2c584f200905": 1.0,
        "ae70a50a-18a0-41c8-bffb-5633f377bd13": 1.0,
        "d3629fac-c746-486f-b7f8-25c529388ea0": 1.0
      },
      "expected_yields": {
        "d3d0a74b-6c41-4550-9b2c-12eded141a7c": 1.0
      },
      "reaction_extent": 0.01
    }
  ],
  "molecular_nodes": [
    "C1CCOC1",
    "C1COCCO1",
    "CC#N",
    "CC(=O)C1CCC2C3CCC4CC(=O)CCC4(C)C3CCC12C",
    "CC(=O)C1CCC2C3CCC4CC(O)CCC4(C)C3CCC12C",
    "CC(C)(C)NS(=O)(=O)c1cccc(N)c1",
    "CC(C)=O",
    "CCCC[N+](CCCC)(CCCC)CCCC.[F-]",
    "CCO",
    "CC[SiH](CC)CC",
    "CN(C)C=O",
    "CO",
    "Cc1ccc(S(=O)(=O)Cl)cc1",
    "Cc1ccc(S(=O)(=O)n2cc(Cc3ccc(Cl)nc3)c3cc(Cl)cnc32)cc1",
    "Cc1ccc(S(=O)(=O)n2cc(Cc3ccc(N)nc3)c3cc(Cl)cnc32)cc1",
    "Cc1ccc(S(=O)(=O)n2cc(Cc3ccc(NC(=O)c4ccc(C(F)(F)F)nc4)nc3)c3cc(Cl)cnc32)cc1",
    "Cc1cnc(Cl)nc1Cl",
    "Cc1cnc(Cl)nc1Nc1cccc(S(=O)(=O)NC(C)(C)C)c1",
    "Cc1cnc(Nc2ccc(O)cc2)nc1Nc1cccc(S(=O)(=O)NC(C)(C)C)c1",
    "Cc1cnc(Nc2ccc(OCCN3CCCC3)cc2)nc1Nc1cccc(S(=O)(=O)NC(C)(C)C)c1",
    "Cc1cnc(Nc2ccc(OCc3ccccc3)cc2)nc1Nc1cccc(S(=O)(=O)NC(C)(C)C)c1",
    "Cl",
    "ClCCN1CCCC1",
    "Clc1cnc2[nH]cc(Cc3ccc(Cl)nc3)c2c1",
    "Clc1cnc2[nH]ccc2c1",
    "FC(F)(F)c1ccc(CNc2ccc(Cc3c[nH]c4ncc(Cl)cc34)cn2)cn1",
    "Nc1ccc(OCc2ccccc2)cc1",
    "O",
    "O=C(Nc1ccc(Cc2c[nH]c3ncc(Cl)cc23)cn1)c1ccc(C(F)(F)F)nc1",
    "O=C(O)C(F)(F)F",
    "O=C(O)c1ccc(C(F)(F)F)nc1",
    "O=C(O[K])O[K]",
    "O=Cc1ccc(Cl)nc1",
    "O=S(Cl)Cl",
    "OC(c1ccc(Cl)nc1)c1c[nH]c2ncc(Cl)cc12",
    "O[K]",
    "[NaH]",
    "[Na]",
    "[Pd]",
    "c1ccncc1"
  ],
  "edges": [
    [
      "1180892b-0179-40dd-b301-3f909e046fee",
      "Cc1cnc(Nc2ccc(OCc3ccccc3)cc2)nc1Nc1cccc(S(=O)(=O)NC(C)(C)C)c1"
    ],
    [
      "2dcf17ad-6bc9-454c-a59f-ae3ca66136f1",
      "Clc1cnc2[nH]cc(Cc3ccc(Cl)nc3)c2c1"
    ],
    [
      "3461c864-9d28-41ec-9bed-51f4f19e0d16",
      "Cc1cnc(Cl)nc1Nc1cccc(S(=O)(=O)NC(C)(C)C)c1"
    ],
    [
      "37eb5e6f-cdaa-4796-ab0c-4be26f950b11",
      "O=C(Nc1ccc(Cc2c[nH]c3ncc(Cl)cc23)cn1)c1ccc(C(F)(F)F)nc1"
    ],
    [
      "61cf6de3-f80c-4495-bbe7-1f2020b2a9f2",
      "Cc1ccc(S(=O)(=O)n2cc(Cc3ccc(Cl)nc3)c3cc(Cl)cnc32)cc1"
    ],
    [
      "9013c431-a922-4078-81f1-8a9a09295ede",
      "Cc1cnc(Nc2ccc(OCCN3CCCC3)cc2)nc1Nc1cccc(S(=O)(=O)NC(C)(C)C)c1"
    ],
    [
      "C1CCOC1",
      "37eb5e6f-cdaa-4796-ab0c-4be26f950b11"
    ],
    [
      "C1COCCO1",
      "1180892b-0179-40dd-b301-3f909e046fee"
    ],
    [
      "CC#N",
      "2dcf17ad-6bc9-454c-a59f-ae3ca66136f1"
    ],
    [
      "CC#N",
      "f211b6d6-bb90-4210-9cfc-a47a5fca66c2"
    ],
    [
      "CC(=O)C1CCC2C3CCC4CC(=O)CCC4(C)C3CCC12C",
      "aac15fa7-6a80-465d-b621-84048a04865a"
    ],
    [
      "CC(C)(C)NS(=O)(=O)c1cccc(N)c1",
      "3461c864-9d28-41ec-9bed-51f4f19e0d16"
    ],
    [
      "CC(C)=O",
      "9013c431-a922-4078-81f1-8a9a09295ede"
    ],
    [
      "CCCC[N+](CCCC)(CCCC)CCCC.[F-]",
      "37eb5e6f-cdaa-4796-ab0c-4be26f950b11"
    ],
    [
      "CCO",
      "aac15fa7-6a80-465d-b621-84048a04865a"
    ],
    [
      "CC[SiH](CC)CC",
      "2dcf17ad-6bc9-454c-a59f-ae3ca66136f1"
    ],
    [
      "CC[SiH](CC)CC",
      "f211b6d6-bb90-4210-9cfc-a47a5fca66c2"
    ],
    [
      "CN(C)C=O",
      "61cf6de3-f80c-4495-bbe7-1f2020b2a9f2"
    ],
    [
      "CO",
      "3461c864-9d28-41ec-9bed-51f4f19e0d16"
    ],
    [
      "CO",
      "c702766d-d5b6-49cc-bb19-0563bcbd3379"
    ],
    [
      "CO",
      "ef1c8db6-6513-4e28-afce-d711481a5329"
    ],
    [
      "Cc1ccc(S(=O)(=O)Cl)cc1",
      "61cf6de3-f80c-4495-bbe7-1f2020b2a9f2"
    ],
    [
      "Cc1ccc(S(=O)(=O)n2cc(Cc3ccc(Cl)nc3)c3cc(Cl)cnc32)cc1",
      "ff0dd723-8b79-48ad-82ec-ef1acb7ceba9"
    ],
    [
      "Cc1ccc(S(=O)(=O)n2cc(Cc3ccc(N)nc3)c3cc(Cl)cnc32)cc1",
      "f7f2910a-8f09-4519-85f4-84710c3b3fc5"
    ],
    [
      "Cc1ccc(S(=O)(=O)n2cc(Cc3ccc(NC(=O)c4ccc(C(F)(F)F)nc4)nc3)c3cc(Cl)cnc32)cc1",
      "37eb5e6f-cdaa-4796-ab0c-4be26f950b11"
    ],
    [
      "Cc1cnc(Cl)nc1Cl",
      "3461c864-9d28-41ec-9bed-51f4f19e0d16"
    ],
    [
      "Cc1cnc(Cl)nc1Nc1cccc(S(=O)(=O)NC(C)(C)C)c1",
      "1180892b-0179-40dd-b301-3f909e046fee"
    ],
    [
      "Cc1cnc(Nc2ccc(O)cc2)nc1Nc1cccc(S(=O)(=O)NC(C)(C)C)c1",
      "9013c431-a922-4078-81f1-8a9a09295ede"
    ],
    [
      "Cc1cnc(Nc2ccc(OCc3ccccc3)cc2)nc1Nc1cccc(S(=O)(=O)NC(C)(C)C)c1",
      "c702766d-d5b6-49cc-bb19-0563bcbd3379"
    ],
    [
      "Cl",
      "1180892b-0179-40dd-b301-3f909e046fee"
    ],
    [
      "ClCCN1CCCC1",
      "9013c431-a922-4078-81f1-8a9a09295ede"
    ],
    [
      "Clc1cnc2[nH]cc(Cc3ccc(Cl)nc3)c2c1",
      "61cf6de3-f80c-4495-bbe7-1f2020b2a9f2"
    ],
    [
      "Clc1cnc2[nH]ccc2c1",
      "ef1c8db6-6513-4e28-afce-d711481a5329"
    ],
    [
      "Nc1ccc(OCc2ccccc2)cc1",
      "1180892b-0179-40dd-b301-3f909e046fee"
    ],
    [
      "O",
      "37eb5e6f-cdaa-4796-ab0c-4be26f950b11"
    ],
    [
      "O",
      "61cf6de3-f80c-4495-bbe7-1f2020b2a9f2"
    ],
    [
      "O",
      "ef1c8db6-6513-4e28-afce-d711481a5329"
    ],
    [
      "O=C(Nc1ccc(Cc2c[nH]c3ncc(Cl)cc23)cn1)c1ccc(C(F)(F)F)nc1",
      "f211b6d6-bb90-4210-9cfc-a47a5fca66c2"
    ],
    [
      "O=C(O)C(F)(F)F",
      "2dcf17ad-6bc9-454c-a59f-ae3ca66136f1"
    ],
    [
      "O=C(O)C(F)(F)F",
      "f211b6d6-bb90-4210-9cfc-a47a5fca66c2"
    ],
    [
      "O=C(O)C(F)(F)F",
      "ff0dd723-8b79-48ad-82ec-ef1acb7ceba9"
    ],
    [
      "O=C(O)c1ccc(C(F)(F)F)nc1",
      "f7f2910a-8f09-4519-85f4-84710c3b3fc5"
    ],
    [
      "O=C(O[K])O[K]",
      "9013c431-a922-4078-81f1-8a9a09295ede"
    ],
    [
      "O=Cc1ccc(Cl)nc1",
      "ef1c8db6-6513-4e28-afce-d711481a5329"
    ],
    [
      "O=S(Cl)Cl",
      "f7f2910a-8f09-4519-85f4-84710c3b3fc5"
    ],
    [
      "OC(c1ccc(Cl)nc1)c1c[nH]c2ncc(Cl)cc12",
      "2dcf17ad-6bc9-454c-a59f-ae3ca66136f1"
    ],
    [
      "O[K]",
      "ef1c8db6-6513-4e28-afce-d711481a5329"
    ],
    [
      "[NaH]",
      "61cf6de3-f80c-4495-bbe7-1f2020b2a9f2"
    ],
    [
      "[Na]",
      "aac15fa7-6a80-465d-b621-84048a04865a"
    ],
    [
      "[Pd]",
      "c702766d-d5b6-49cc-bb19-0563bcbd3379"
    ],
    [
      "aac15fa7-6a80-465d-b621-84048a04865a",
      "CC(=O)C1CCC2C3CCC4CC(O)CCC4(C)C3CCC12C"
    ],
    [
      "c1ccncc1",
      "f7f2910a-8f09-4519-85f4-84710c3b3fc5"
    ],
    [
      "c702766d-d5b6-49cc-bb19-0563bcbd3379",
      "Cc1cnc(Nc2ccc(O)cc2)nc1Nc1cccc(S(=O)(=O)NC(C)(C)C)c1"
    ],
    [
      "ef1c8db6-6513-4e28-afce-d711481a5329",
      "OC(c1ccc(Cl)nc1)c1c[nH]c2ncc(Cl)cc12"
    ],
    [
      "f211b6d6-bb90-4210-9cfc-a47a5fca66c2",
      "FC(F)(F)c1ccc(CNc2ccc(Cc3c[nH]c4ncc(Cl)cc34)cn2)cn1"
    ],
    [
      "f7f2910a-8f09-4519-85f4-84710c3b3fc5",
      "Cc1ccc(S(=O)(=O)n2cc(Cc3ccc(NC(=O)c4ccc(C(F)(F)F)nc4)nc3)c3cc(Cl)cnc32)cc1"
    ],
    [
      "ff0dd723-8b79-48ad-82ec-ef1acb7ceba9",
      "Cc1ccc(S(=O)(=O)n2cc(Cc3ccc(N)nc3)c3cc(Cl)cnc32)cc1"
    ]
  ]
}