{
  "identifier": "67c5c4a5-c8e4-4414-9bc9-d227550a5ab6",
  "operation_graphs": [
    {
      "identifier": "49a2d994-323d-4a5b-b7f9-525aad9e22d6",
      "reaction": {
        "identifier": "7671e9ba-4d85-4503-88b2-9dfc8feb70f1",
        "reactants": [
          {
            "identifier": "d1bf935a-3524-4de9-a7d9-f4cd3491c5ef",
            "smiles": "CC(C)(C)OC(=O)N1CC(n2cc(NC(=O)Cl)cn2)CCC1=O",
            "state_of_matter": "SOLID",
            "molecular_weight": 343.78600000000034,
            "density": 1.4,
            "mass": 3.4378600000000037,
            "is_produced_by": [],
            "is_consumed_by": [
              "7671e9ba-4d85-4503-88b2-9dfc8feb70f1"
            ],
            "provenance__density": "dummy estimator based on mw",
            "provenance__is_consumed_by": null,
            "provenance__is_produced_by": null,
            "provenance__mass": null,
            "provenance__molecular_weight": "periodic table",
            "provenance__smiles": null,
            "provenance__state_of_matter": "dummy estimator based on mw"
          },
          {
            "identifier": "f2b3ae34-5287-4413-bac2-895c72368b11",
            "smiles": "c1ccc(CNCc2ccccc2)cc1",
            "state_of_matter": "LIQUID",
            "molecular_weight": 197.2755999999998,
            "density": 1.0,
            "mass": 1.972755999999998,
            "is_produced_by": [],
            "is_consumed_by": [
              "7671e9ba-4d85-4503-88b2-9dfc8feb70f1"
            ],
            "provenance__density": "dummy estimator based on mw",
            "provenance__is_consumed_by": null,
            "provenance__is_produced_by": null,
            "provenance__mass": null,
            "provenance__molecular_weight": "periodic table",
            "provenance__smiles": null,
            "provenance__state_of_matter": "dummy estimator based on mw"
          }
        ],
        "reagents": [
          {
            "identifier": "95cfdb9d-1484-4873-9533-2cfd1f08013b",
            "smiles": "ClCCl",
            "state_of_matter": "LIQUID",
            "molecular_weight": 84.93258000000002,
            "density": 1.0,
            "mass": 0.8493258000000001,
            "is_produced_by": [],
            "is_consumed_by": [
              "7671e9ba-4d85-4503-88b2-9dfc8feb70f1"
            ],
            "provenance__density": "dummy estimator based on mw",
            "provenance__is_consumed_by": null,
            "provenance__is_produced_by": null,
            "provenance__mass": null,
            "provenance__molecular_weight": "periodic table",
            "provenance__smiles": null,
            "provenance__state_of_matter": "dummy estimator based on mw"
          },
          {
            "identifier": "7b0903ff-3e2a-40ef-8534-83281b987a23",
            "smiles": "CCN(CC)CC",
            "state_of_matter": "LIQUID",
            "molecular_weight": 101.19000000000008,
            "density": 1.0,
            "mass": 1.011900000000001,
            "is_produced_by": [],
            "is_consumed_by": [
              "7671e9ba-4d85-4503-88b2-9dfc8feb70f1"
            ],
            "provenance__density": "dummy estimator based on mw",
            "provenance__is_consumed_by": null,
            "provenance__is_produced_by": null,
            "provenance__mass": null,
            "provenance__molecular_weight": "periodic table",
            "provenance__smiles": null,
            "provenance__state_of_matter": "dummy estimator based on mw"
          }
        ],
        "products": [
          {
            "identifier": "209c04f4-fbb2-44d5-9077-85e302240ef0",
            "smiles": "CC(C)(C)OC(=O)N1CC(n2cc(NC(=O)N(Cc3ccccc3)Cc3ccccc3)cn2)CCC1=O",
            "state_of_matter": "SOLID",
            "molecular_weight": 504.6006600000004,
            "density": 1.4,
            "mass": 5.046006600000005,
            "is_produced_by": [
              "7671e9ba-4d85-4503-88b2-9dfc8feb70f1"
            ],
            "is_consumed_by": [],
            "provenance__density": "dummy estimator based on mw",
            "provenance__is_consumed_by": null,
            "provenance__is_produced_by": null,
            "provenance__mass": null,
            "provenance__molecular_weight": "periodic table",
            "provenance__smiles": null,
            "provenance__state_of_matter": "dummy estimator based on mw"
          }
        ],
        "stoichiometry": {
          "d1bf935a-3524-4de9-a7d9-f4cd3491c5ef": 1.0,
          "f2b3ae34-5287-4413-bac2-895c72368b11": 1.0,
          "209c04f4-fbb2-44d5-9077-85e302240ef0": -1.0
        },
        "temperature": 268.6044726133346,
        "intended_ratios": {
          "d1bf935a-3524-4de9-a7d9-f4cd3491c5ef": 1.0,
          "f2b3ae34-5287-4413-bac2-895c72368b11": 1.0,
          "95cfdb9d-1484-4873-9533-2cfd1f08013b": 1.0,
          "7b0903ff-3e2a-40ef-8534-83281b987a23": 1.0
        },
        "expected_yields": {
          "209c04f4-fbb2-44d5-9077-85e302240ef0": 1.0
        },
        "reaction_extent": 0.01
      },
      "functional_modules": [],
      "make_solutions": {
        "d1bf935a-3524-4de9-a7d9-f4cd3491c5ef": {
          "identifier": "bc72d998-c2ce-48ae-8a3e-4e7c66687d37",
          "type": "MakeSolution",
          "process_times": {},
          "from_reaction": "7671e9ba-4d85-4503-88b2-9dfc8feb70f1",
          "annotations": {
            "solid_chemical": {
              "identifier": "d1bf935a-3524-4de9-a7d9-f4cd3491c5ef",
              "smiles": "CC(C)(C)OC(=O)N1CC(n2cc(NC(=O)Cl)cn2)CCC1=O",
              "state_of_matter": "SOLID",
              "molecular_weight": 343.78600000000034,
              "density": 1.4,
              "mass": 3.4378600000000037,
              "is_produced_by": [],
              "is_consumed_by": [
                "7671e9ba-4d85-4503-88b2-9dfc8feb70f1"
              ],
              "provenance__density": "dummy estimator based on mw",
              "provenance__is_consumed_by": null,
              "provenance__is_produced_by": null,
              "provenance__mass": null,
              "provenance__molecular_weight": "periodic table",
              "provenance__smiles": null,
              "provenance__state_of_matter": "dummy estimator based on mw"
            },
            "liquid_chemical": {
              "identifier": "1b6585ea-61e2-41b5-b9d1-40b4c6b6a370",
              "smiles": "c1ccc(CNCc2ccccc2)cc1",
              "state_of_matter": "LIQUID",
              "molecular_weight": 197.2755999999998,
              "density": 1.0,
              "mass": 1.972755999999998,
              "is_produced_by": [],
              "is_consumed_by": [
                "7671e9ba-4d85-4503-88b2-9dfc8feb70f1"
              ],
              "provenance__density": "dummy estimator based on mw",
              "provenance__is_consumed_by": null,
              "provenance__is_produced_by": null,
              "provenance__mass": null,
              "provenance__molecular_weight": "periodic table",
              "provenance__smiles": null,
              "provenance__state_of_matter": "dummy estimator based on mw"
            },
            "notes": "making c1ccc(CNCc2ccccc2)cc1 solution for CC(C)(C)OC(=O)N1CC(n2cc(NC(=O)Cl)cn2)CCC1=O"
          },
          "precedents": [
            "0db6d0ce-02ff-424d-867a-626a0f22c9d9"
          ]
        }
      },
      "add_solutions": {
        "d1bf935a-3524-4de9-a7d9-f4cd3491c5ef": {
          "identifier": "c628aa03-5f05-4181-84f5-577dfa8f30a1",
          "type": "TransferLiquid",
          "process_times": {},
          "from_reaction": "7671e9ba-4d85-4503-88b2-9dfc8feb70f1",
          "annotations": {
            "chemical": {
              "identifier": "883c2307-d5df-4ec3-9730-51c9d533509b",
              "smiles": "c1ccc(CNCc2ccccc2)cc1.CC(C)(C)OC(=O)N1CC(n2cc(NC(=O)Cl)cn2)CCC1=O",
              "state_of_matter": "LIQUID",
              "molecular_weight": null,
              "density": 1.2218074937081016,
              "mass": 5.410616000000002,
              "is_produced_by": [],
              "is_consumed_by": [
                "7671e9ba-4d85-4503-88b2-9dfc8feb70f1"
              ],
              "provenance__density": "dummy estimator based on mw",
              "provenance__is_consumed_by": null,
              "provenance__is_produced_by": null,
              "provenance__mass": null,
              "provenance__molecular_weight": "periodic table",
              "provenance__smiles": null,
              "provenance__state_of_matter": "dummy estimator based on mw"
            },
            "notes": "add solution CC(C)(C)OC(=O)N1CC(n2cc(NC(=O)Cl)cn2)CCC1=O in c1ccc(CNCc2ccccc2)cc1"
          },
          "precedents": [
            "bc72d998-c2ce-48ae-8a3e-4e7c66687d37"
          ]
        }
      },
      "add_liquids": {
        "95cfdb9d-1484-4873-9533-2cfd1f08013b": {
          "identifier": "9177088c-ba94-4a33-ac55-1e66795c02e9",
          "type": "TransferLiquid",
          "process_times": {},
          "from_reaction": "7671e9ba-4d85-4503-88b2-9dfc8feb70f1",
          "annotations": {
            "chemical": {
              "identifier": "95cfdb9d-1484-4873-9533-2cfd1f08013b",
              "smiles": "ClCCl",
              "state_of_matter": "LIQUID",
              "molecular_weight": 84.93258000000002,
              "density": 1.0,
              "mass": 0.8493258000000001,
              "is_produced_by": [],
              "is_consumed_by": [
                "7671e9ba-4d85-4503-88b2-9dfc8feb70f1"
              ],
              "provenance__density": "dummy estimator based on mw",
              "provenance__is_consumed_by": null,
              "provenance__is_produced_by": null,
              "provenance__mass": null,
              "provenance__molecular_weight": "periodic table",
              "provenance__smiles": null,
              "provenance__state_of_matter": "dummy estimator based on mw"
            },
            "notes": "add liquid ClCCl"
          },
          "precedents": []
        },
        "7b0903ff-3e2a-40ef-8534-83281b987a23": {
          "identifier": "7bd87b38-ebc1-4cee-ab45-228516a104a2",
          "type": "TransferLiquid",
          "process_times": {},
          "from_reaction": "7671e9ba-4d85-4503-88b2-9dfc8feb70f1",
          "annotations": {
            "chemical": {
              "identifier": "7b0903ff-3e2a-40ef-8534-83281b987a23",
              "smiles": "CCN(CC)CC",
              "state_of_matter": "LIQUID",
              "molecular_weight": 101.19000000000008,
              "density": 1.0,
              "mass": 1.011900000000001,
              "is_produced_by": [],
              "is_consumed_by": [
                "7671e9ba-4d85-4503-88b2-9dfc8feb70f1"
              ],
              "provenance__density": "dummy estimator based on mw",
              "provenance__is_consumed_by": null,
              "provenance__is_produced_by": null,
              "provenance__mass": null,
              "provenance__molecular_weight": "periodic table",
              "provenance__smiles": null,
              "provenance__state_of_matter": "dummy estimator based on mw"
            },
            "notes": "add liquid CCN(CC)CC"
          },
          "precedents": []
        }
      },
      "heat": {
        "identifier": "21c6d07d-50f6-4299-8c73-d8d662bee7d2",
        "type": "Heating",
        "process_times": {},
        "from_reaction": "7671e9ba-4d85-4503-88b2-9dfc8feb70f1",
        "annotations": {
          "temperature": 268.6044726133346,
          "notes": "heating the reaction vessel to afford product: CC(C)(C)OC(=O)N1CC(n2cc(NC(=O)N(Cc3ccccc3)Cc3ccccc3)cn2)CCC1=O"
        },
        "precedents": [
          "9177088c-ba94-4a33-ac55-1e66795c02e9",
          "7bd87b38-ebc1-4cee-ab45-228516a104a2",
          "c628aa03-5f05-4181-84f5-577dfa8f30a1",
          "bc72d998-c2ce-48ae-8a3e-4e7c66687d37"
        ]
      },
      "concentrate_and_purify": {
        "identifier": "90d6dc62-fcf5-4805-85f4-e9c76a2ef89d",
        "type": "ConcentrationAndPurification",
        "process_times": {},
        "from_reaction": "7671e9ba-4d85-4503-88b2-9dfc8feb70f1",
        "annotations": {
          "chemical": {
            "identifier": "209c04f4-fbb2-44d5-9077-85e302240ef0",
            "smiles": "CC(C)(C)OC(=O)N1CC(n2cc(NC(=O)N(Cc3ccccc3)Cc3ccccc3)cn2)CCC1=O",
            "state_of_matter": "SOLID",
            "molecular_weight": 504.6006600000004,
            "density": 1.4,
            "mass": 5.046006600000005,
            "is_produced_by": [
              "7671e9ba-4d85-4503-88b2-9dfc8feb70f1"
            ],
            "is_consumed_by": [],
            "provenance__density": "dummy estimator based on mw",
            "provenance__is_consumed_by": null,
            "provenance__is_produced_by": null,
            "provenance__mass": null,
            "provenance__molecular_weight": "periodic table",
            "provenance__smiles": null,
            "provenance__state_of_matter": "dummy estimator based on mw"
          },
          "notes": "purify and concentrate the product: CC(C)(C)OC(=O)N1CC(n2cc(NC(=O)N(Cc3ccccc3)Cc3ccccc3)cn2)CCC1=O"
        },
        "precedents": [
          "21c6d07d-50f6-4299-8c73-d8d662bee7d2"
        ]
      },
      "lmin": {
        "21c6d07d-50f6-4299-8c73-d8d662bee7d2": {
          "90d6dc62-fcf5-4805-85f4-e9c76a2ef89d": 25.852342387903857
        }
      },
      "lmax": {
        "bc72d998-c2ce-48ae-8a3e-4e7c66687d37": {
          "21c6d07d-50f6-4299-8c73-d8d662bee7d2": 44.52642930611797
        }
      }
    },
    {
      "identifier": "47fc4f79-9501-47e5-a5d5-a7299a464ce2",
      "reaction": {
        "identifier": "7878f134-dc6a-44ee-9fab-9390b6cdcd3d",
        "reactants": [
          {
            "identifier": "ecf9fbdd-59b6-4061-b16b-63fafe8737aa",
            "smiles": "CC(C)(C)OC(=O)N1CC(n2cc(NC(=O)N(Cc3ccccc3)Cc3ccccc3)cn2)CCC1=O",
            "state_of_matter": "SOLID",
            "molecular_weight": 504.6006600000004,
            "density": 1.4,
            "mass": 5.046006600000005,
            "is_produced_by": [],
            "is_consumed_by": [
              "7878f134-dc6a-44ee-9fab-9390b6cdcd3d"
            ],
            "provenance__density": "dummy estimator based on mw",
            "provenance__is_consumed_by": null,
            "provenance__is_produced_by": null,
            "provenance__mass": null,
            "provenance__molecular_weight": "periodic table",
            "provenance__smiles": null,
            "provenance__state_of_matter": "dummy estimator based on mw"
          }
        ],
        "reagents": [
          {
            "identifier": "1dd64b97-e580-423f-aba2-780c5fa0b2cc",
            "smiles": "Cl",
            "state_of_matter": "LIQUID",
            "molecular_weight": 36.46094,
            "density": 1.0,
            "mass": 0.36460940000000003,
            "is_produced_by": [],
            "is_consumed_by": [
              "7878f134-dc6a-44ee-9fab-9390b6cdcd3d"
            ],
            "provenance__density": "dummy estimator based on mw",
            "provenance__is_consumed_by": null,
            "provenance__is_produced_by": null,
            "provenance__mass": null,
            "provenance__molecular_weight": "periodic table",
            "provenance__smiles": null,
            "provenance__state_of_matter": "dummy estimator based on mw"
          },
          {
            "identifier": "a391fdfa-35b5-4af3-a72b-994504dd0ad3",
            "smiles": "C1COCCO1",
            "state_of_matter": "LIQUID",
            "molecular_weight": 88.10512000000004,
            "density": 1.0,
            "mass": 0.8810512000000005,
            "is_produced_by": [],
            "is_consumed_by": [
              "7878f134-dc6a-44ee-9fab-9390b6cdcd3d"
            ],
            "provenance__density": "dummy estimator based on mw",
            "provenance__is_consumed_by": null,
            "provenance__is_produced_by": null,
            "provenance__mass": null,
            "provenance__molecular_weight": "periodic table",
            "provenance__smiles": null,
            "provenance__state_of_matter": "dummy estimator based on mw"
          }
        ],
        "products": [
          {
            "identifier": "2d32be79-71bd-4354-9a18-d16458173bac",
            "smiles": "O=C1CCC(n2cc(NC(=O)N(Cc3ccccc3)Cc3ccccc3)cn2)CN1",
            "state_of_matter": "SOLID",
            "molecular_weight": 404.4848400000003,
            "density": 1.4,
            "mass": 4.044848400000003,
            "is_produced_by": [
              "7878f134-dc6a-44ee-9fab-9390b6cdcd3d"
            ],
            "is_consumed_by": [],
            "provenance__density": "dummy estimator based on mw",
            "provenance__is_consumed_by": null,
            "provenance__is_produced_by": null,
            "provenance__mass": null,
            "provenance__molecular_weight": "periodic table",
            "provenance__smiles": null,
            "provenance__state_of_matter": "dummy estimator based on mw"
          }
        ],
        "stoichiometry": {
          "ecf9fbdd-59b6-4061-b16b-63fafe8737aa": 1.0,
          "2d32be79-71bd-4354-9a18-d16458173bac": -1.0
        },
        "temperature": 275.29547876715657,
        "intended_ratios": {
          "ecf9fbdd-59b6-4061-b16b-63fafe8737aa": 1.0,
          "1dd64b97-e580-423f-aba2-780c5fa0b2cc": 1.0,
          "a391fdfa-35b5-4af3-a72b-994504dd0ad3": 1.0
        },
        "expected_yields": {
          "2d32be79-71bd-4354-9a18-d16458173bac": 1.0
        },
        "reaction_extent": 0.01
      },
      "functional_modules": [],
      "make_solutions": {
        "ecf9fbdd-59b6-4061-b16b-63fafe8737aa": {
          "identifier": "20c71b81-1a6d-42ab-8678-52dd247a88bb",
          "type": "MakeSolution",
          "process_times": {},
          "from_reaction": "7878f134-dc6a-44ee-9fab-9390b6cdcd3d",
          "annotations": {
            "solid_chemical": {
              "identifier": "ecf9fbdd-59b6-4061-b16b-63fafe8737aa",
              "smiles": "CC(C)(C)OC(=O)N1CC(n2cc(NC(=O)N(Cc3ccccc3)Cc3ccccc3)cn2)CCC1=O",
              "state_of_matter": "SOLID",
              "molecular_weight": 504.6006600000004,
              "density": 1.4,
              "mass": 5.046006600000005,
              "is_produced_by": [],
              "is_consumed_by": [
                "7878f134-dc6a-44ee-9fab-9390b6cdcd3d"
              ],
              "provenance__density": "dummy estimator based on mw",
              "provenance__is_consumed_by": null,
              "provenance__is_produced_by": null,
              "provenance__mass": null,
              "provenance__molecular_weight": "periodic table",
              "provenance__smiles": null,
              "provenance__state_of_matter": "dummy estimator based on mw"
            },
            "liquid_chemical": {
              "identifier": "6bc4bdfb-40bc-4bbf-aaa1-b8fff23e5e06",
              "smiles": "C1COCCO1",
              "state_of_matter": "LIQUID",
              "molecular_weight": 88.10512000000004,
              "density": 1.0,
              "mass": 0.8810512000000005,
              "is_produced_by": [],
              "is_consumed_by": [
                "7878f134-dc6a-44ee-9fab-9390b6cdcd3d"
              ],
              "provenance__density": "dummy estimator based on mw",
              "provenance__is_consumed_by": null,
              "provenance__is_produced_by": null,
              "provenance__mass": null,
              "provenance__molecular_weight": "periodic table",
              "provenance__smiles": null,
              "provenance__state_of_matter": "dummy estimator based on mw"
            },
            "notes": "making C1COCCO1 solution for CC(C)(C)OC(=O)N1CC(n2cc(NC(=O)N(Cc3ccccc3)Cc3ccccc3)cn2)CCC1=O"
          },
          "precedents": [
            "90d6dc62-fcf5-4805-85f4-e9c76a2ef89d"
          ]
        }
      },
      "add_solutions": {
        "ecf9fbdd-59b6-4061-b16b-63fafe8737aa": {
          "identifier": "ce91f47f-13a6-4529-858c-f37a2a6791d0",
          "type": "TransferLiquid",
          "process_times": {},
          "from_reaction": "7878f134-dc6a-44ee-9fab-9390b6cdcd3d",
          "annotations": {
            "chemical": {
              "identifier": "cff30d2d-e1f1-428e-8972-c6df851af71c",
              "smiles": "C1COCCO1.CC(C)(C)OC(=O)N1CC(n2cc(NC(=O)N(Cc3ccccc3)Cc3ccccc3)cn2)CCC1=O",
              "state_of_matter": "LIQUID",
              "molecular_weight": null,
              "density": 1.3214283973922751,
              "mass": 5.927057800000005,
              "is_produced_by": [],
              "is_consumed_by": [
                "7878f134-dc6a-44ee-9fab-9390b6cdcd3d"
              ],
              "provenance__density": "dummy estimator based on mw",
              "provenance__is_consumed_by": null,
              "provenance__is_produced_by": null,
              "provenance__mass": null,
              "provenance__molecular_weight": "periodic table",
              "provenance__smiles": null,
              "provenance__state_of_matter": "dummy estimator based on mw"
            },
            "notes": "add solution CC(C)(C)OC(=O)N1CC(n2cc(NC(=O)N(Cc3ccccc3)Cc3ccccc3)cn2)CCC1=O in C1COCCO1"
          },
          "precedents": [
            "20c71b81-1a6d-42ab-8678-52dd247a88bb"
          ]
        }
      },
      "add_liquids": {
        "1dd64b97-e580-423f-aba2-780c5fa0b2cc": {
          "identifier": "a097fb04-d09b-48a5-8eb4-8ac14c9c2235",
          "type": "TransferLiquid",
          "process_times": {},
          "from_reaction": "7878f134-dc6a-44ee-9fab-9390b6cdcd3d",
          "annotations": {
            "chemical": {
              "identifier": "1dd64b97-e580-423f-aba2-780c5fa0b2cc",
              "smiles": "Cl",
              "state_of_matter": "LIQUID",
              "molecular_weight": 36.46094,
              "density": 1.0,
              "mass": 0.36460940000000003,
              "is_produced_by": [],
              "is_consumed_by": [
                "7878f134-dc6a-44ee-9fab-9390b6cdcd3d"
              ],
              "provenance__density": "dummy estimator based on mw",
              "provenance__is_consumed_by": null,
              "provenance__is_produced_by": null,
              "provenance__mass": null,
              "provenance__molecular_weight": "periodic table",
              "provenance__smiles": null,
              "provenance__state_of_matter": "dummy estimator based on mw"
            },
            "notes": "add liquid Cl"
          },
          "precedents": []
        }
      },
      "heat": {
        "identifier": "879439a3-0d4c-454d-bd56-533ea4fc433c",
        "type": "Heating",
        "process_times": {},
        "from_reaction": "7878f134-dc6a-44ee-9fab-9390b6cdcd3d",
        "annotations": {
          "temperature": 275.29547876715657,
          "notes": "heating the reaction vessel to afford product: O=C1CCC(n2cc(NC(=O)N(Cc3ccccc3)Cc3ccccc3)cn2)CN1"
        },
        "precedents": [
          "a097fb04-d09b-48a5-8eb4-8ac14c9c2235",
          "ce91f47f-13a6-4529-858c-f37a2a6791d0",
          "20c71b81-1a6d-42ab-8678-52dd247a88bb"
        ]
      },
      "concentrate_and_purify": {
        "identifier": "06fc15e4-2f0e-49c5-8cbe-e4738db251db",
        "type": "ConcentrationAndPurification",
        "process_times": {},
        "from_reaction": "7878f134-dc6a-44ee-9fab-9390b6cdcd3d",
        "annotations": {
          "chemical": {
            "identifier": "2d32be79-71bd-4354-9a18-d16458173bac",
            "smiles": "O=C1CCC(n2cc(NC(=O)N(Cc3ccccc3)Cc3ccccc3)cn2)CN1",
            "state_of_matter": "SOLID",
            "molecular_weight": 404.4848400000003,
            "density": 1.4,
            "mass": 4.044848400000003,
            "is_produced_by": [
              "7878f134-dc6a-44ee-9fab-9390b6cdcd3d"
            ],
            "is_consumed_by": [],
            "provenance__density": "dummy estimator based on mw",
            "provenance__is_consumed_by": null,
            "provenance__is_produced_by": null,
            "provenance__mass": null,
            "provenance__molecular_weight": "periodic table",
            "provenance__smiles": null,
            "provenance__state_of_matter": "dummy estimator based on mw"
          },
          "notes": "purify and concentrate the product: O=C1CCC(n2cc(NC(=O)N(Cc3ccccc3)Cc3ccccc3)cn2)CN1"
        },
        "precedents": [
          "879439a3-0d4c-454d-bd56-533ea4fc433c"
        ]
      },
      "lmin": {
        "879439a3-0d4c-454d-bd56-533ea4fc433c": {
          "06fc15e4-2f0e-49c5-8cbe-e4738db251db": 19.193436126929267
        }
      },
      "lmax": {
        "20c71b81-1a6d-42ab-8678-52dd247a88bb": {
          "879439a3-0d4c-454d-bd56-533ea4fc433c": 79.28803288343379
        }
      }
    },
    {
      "identifier": "d7590dd5-0585-4fcc-b387-f1d25664fba7",
      "reaction": {
        "identifier": "f88b8d04-c791-4d5a-9e67-4df4824ff0c4",
        "reactants": [
          {
            "identifier": "c4e1b16e-12be-4b01-b1a5-5cced9b6da2d",
            "smiles": "CC(C)(C)OC(=O)N1CCCC(O)C1",
            "state_of_matter": "SOLID",
            "molecular_weight": 201.26275999999982,
            "density": 1.4,
            "mass": 2.0126275999999983,
            "is_produced_by": [],
            "is_consumed_by": [
              "f88b8d04-c791-4d5a-9e67-4df4824ff0c4"
            ],
            "provenance__density": "dummy estimator based on mw",
            "provenance__is_consumed_by": null,
            "provenance__is_produced_by": null,
            "provenance__mass": null,
            "provenance__molecular_weight": "periodic table",
            "provenance__smiles": null,
            "provenance__state_of_matter": "dummy estimator based on mw"
          },
          {
            "identifier": "744a3f0d-e882-4ddd-b324-f767b52d0ccd",
            "smiles": "O=[N+]([O-])c1cn[nH]c1",
            "state_of_matter": "LIQUID",
            "molecular_weight": 113.07482,
            "density": 1.0,
            "mass": 1.1307482,
            "is_produced_by": [],
            "is_consumed_by": [
              "f88b8d04-c791-4d5a-9e67-4df4824ff0c4"
            ],
            "provenance__density": "dummy estimator based on mw",
            "provenance__is_consumed_by": null,
            "provenance__is_produced_by": null,
            "provenance__mass": null,
            "provenance__molecular_weight": "periodic table",
            "provenance__smiles": null,
            "provenance__state_of_matter": "dummy estimator based on mw"
          }
        ],
        "reagents": [
          {
            "identifier": "051d874a-76eb-4073-b8b0-ab45aa12710a",
            "smiles": "C1CCOC1",
            "state_of_matter": "LIQUID",
            "molecular_weight": 72.10572000000005,
            "density": 1.0,
            "mass": 0.7210572000000005,
            "is_produced_by": [],
            "is_consumed_by": [
              "f88b8d04-c791-4d5a-9e67-4df4824ff0c4"
            ],
            "provenance__density": "dummy estimator based on mw",
            "provenance__is_consumed_by": null,
            "provenance__is_produced_by": null,
            "provenance__mass": null,
            "provenance__molecular_weight": "periodic table",
            "provenance__smiles": null,
            "provenance__state_of_matter": "dummy estimator based on mw"
          },
          {
            "identifier": "56ee2274-a198-405d-a851-e0f20aaf5e3d",
            "smiles": "c1ccc(P(c2ccccc2)c2ccccc2)cc1",
            "state_of_matter": "SOLID",
            "molecular_weight": 262.28546099999994,
            "density": 1.4,
            "mass": 2.6228546099999996,
            "is_produced_by": [],
            "is_consumed_by": [
              "f88b8d04-c791-4d5a-9e67-4df4824ff0c4"
            ],
            "provenance__density": "dummy estimator based on mw",
            "provenance__is_consumed_by": null,
            "provenance__is_produced_by": null,
            "provenance__mass": null,
            "provenance__molecular_weight": "periodic table",
            "provenance__smiles": null,
            "provenance__state_of_matter": "dummy estimator based on mw"
          }
        ],
        "products": [
          {
            "identifier": "7b59c297-2ed9-4312-91b4-f4de3b1a566e",
            "smiles": "CC(C)(C)OC(=O)N1CCCC(n2cc([N+](=O)[O-])cn2)C1",
            "state_of_matter": "SOLID",
            "molecular_weight": 297.3302400000004,
            "density": 1.4,
            "mass": 2.973302400000004,
            "is_produced_by": [
              "f88b8d04-c791-4d5a-9e67-4df4824ff0c4"
            ],
            "is_consumed_by": [],
            "provenance__density": "dummy estimator based on mw",
            "provenance__is_consumed_by": null,
            "provenance__is_produced_by": null,
            "provenance__mass": null,
            "provenance__molecular_weight": "periodic table",
            "provenance__smiles": null,
            "provenance__state_of_matter": "dummy estimator based on mw"
          }
        ],
        "stoichiometry": {
          "c4e1b16e-12be-4b01-b1a5-5cced9b6da2d": 1.0,
          "744a3f0d-e882-4ddd-b324-f767b52d0ccd": 1.0,
          "7b59c297-2ed9-4312-91b4-f4de3b1a566e": -1.0
        },
        "temperature": 268.646086871624,
        "intended_ratios": {
          "c4e1b16e-12be-4b01-b1a5-5cced9b6da2d": 1.0,
          "744a3f0d-e882-4ddd-b324-f767b52d0ccd": 1.0,
          "051d874a-76eb-4073-b8b0-ab45aa12710a": 1.0,
          "56ee2274-a198-405d-a851-e0f20aaf5e3d": 1.0
        },
        "expected_yields": {
          "7b59c297-2ed9-4312-91b4-f4de3b1a566e": 1.0
        },
        "reaction_extent": 0.01
      },
      "functional_modules": [],
      "make_solutions": {
        "c4e1b16e-12be-4b01-b1a5-5cced9b6da2d": {
          "identifier": "a6cc4ff3-84a9-4f93-9876-1f93ba6823b6",
          "type": "MakeSolution",
          "process_times": {},
          "from_reaction": "f88b8d04-c791-4d5a-9e67-4df4824ff0c4",
          "annotations": {
            "solid_chemical": {
              "identifier": "c4e1b16e-12be-4b01-b1a5-5cced9b6da2d",
              "smiles": "CC(C)(C)OC(=O)N1CCCC(O)C1",
              "state_of_matter": "SOLID",
              "molecular_weight": 201.26275999999982,
              "density": 1.4,
              "mass": 2.0126275999999983,
              "is_produced_by": [],
              "is_consumed_by": [
                "f88b8d04-c791-4d5a-9e67-4df4824ff0c4"
              ],
              "provenance__density": "dummy estimator based on mw",
              "provenance__is_consumed_by": null,
              "provenance__is_produced_by": null,
              "provenance__mass": null,
              "provenance__molecular_weight": "periodic table",
              "provenance__smiles": null,
              "provenance__state_of_matter": "dummy estimator based on mw"
            },
            "liquid_chemical": {
              "identifier": "19c75572-f9b6-404b-981e-6538c45bf162",
              "smiles": "O=[N+]([O-])c1cn[nH]c1",
              "state_of_matter": "LIQUID",
              "molecular_weight": 113.07482,
              "density": 1.0,
              "mass": 0.4909467737921314,
              "is_produced_by": [],
              "is_consumed_by": [
                "f88b8d04-c791-4d5a-9e67-4df4824ff0c4"
              ],
              "provenance__density": "dummy estimator based on mw",
              "provenance__is_consumed_by": null,
              "provenance__is_produced_by": null,
              "provenance__mass": null,
              "provenance__molecular_weight": "periodic table",
              "provenance__smiles": null,
              "provenance__state_of_matter": "dummy estimator based on mw"
            },
            "notes": "making O=[N+]([O-])c1cn[nH]c1 solution for CC(C)(C)OC(=O)N1CCCC(O)C1"
          },
          "precedents": []
        },
        "56ee2274-a198-405d-a851-e0f20aaf5e3d": {
          "identifier": "b61818c5-c8f6-4be6-93f6-970e4657d820",
          "type": "MakeSolution",
          "process_times": {},
          "from_reaction": "f88b8d04-c791-4d5a-9e67-4df4824ff0c4",
          "annotations": {
            "solid_chemical": {
              "identifier": "56ee2274-a198-405d-a851-e0f20aaf5e3d",
              "smiles": "c1ccc(P(c2ccccc2)c2ccccc2)cc1",
              "state_of_matter": "SOLID",
              "molecular_weight": 262.28546099999994,
              "density": 1.4,
              "mass": 2.6228546099999996,
              "is_produced_by": [],
              "is_consumed_by": [
                "f88b8d04-c791-4d5a-9e67-4df4824ff0c4"
              ],
              "provenance__density": "dummy estimator based on mw",
              "provenance__is_consumed_by": null,
              "provenance__is_produced_by": null,
              "provenance__mass": null,
              "provenance__molecular_weight": "periodic table",
              "provenance__smiles": null,
              "provenance__state_of_matter": "dummy estimator based on mw"
            },
            "liquid_chemical": {
              "identifier": "f31fac4a-3140-4ca8-9ffd-1d5c9b578599",
              "smiles": "O=[N+]([O-])c1cn[nH]c1",
              "state_of_matter": "LIQUID",
              "molecular_weight": 113.07482,
              "density": 1.0,
              "mass": 0.6398014262078687,
              "is_produced_by": [],
              "is_consumed_by": [
                "f88b8d04-c791-4d5a-9e67-4df4824ff0c4"
              ],
              "provenance__density": "dummy estimator based on mw",
              "provenance__is_consumed_by": null,
              "provenance__is_produced_by": null,
              "provenance__mass": null,
              "provenance__molecular_weight": "periodic table",
              "provenance__smiles": null,
              "provenance__state_of_matter": "dummy estimator based on mw"
            },
            "notes": "making O=[N+]([O-])c1cn[nH]c1 solution for c1ccc(P(c2ccccc2)c2ccccc2)cc1"
          },
          "precedents": []
        }
      },
      "add_solutions": {
        "c4e1b16e-12be-4b01-b1a5-5cced9b6da2d": {
          "identifier": "337b5385-e508-4e73-91ea-7ba19bcbfd6b",
          "type": "TransferLiquid",
          "process_times": {},
          "from_reaction": "f88b8d04-c791-4d5a-9e67-4df4824ff0c4",
          "annotations": {
            "chemical": {
              "identifier": "091e6782-3933-4134-991f-e5491aeddefe",
              "smiles": "O=[N+]([O-])c1cn[nH]c1.CC(C)(C)OC(=O)N1CCCC(O)C1",
              "state_of_matter": "LIQUID",
              "molecular_weight": null,
              "density": 1.2981722330572325,
              "mass": 2.5035743737921297,
              "is_produced_by": [],
              "is_consumed_by": [
                "f88b8d04-c791-4d5a-9e67-4df4824ff0c4"
              ],
              "provenance__density": "dummy estimator based on mw",
              "provenance__is_consumed_by": null,
              "provenance__is_produced_by": null,
              "provenance__mass": null,
              "provenance__molecular_weight": "periodic table",
              "provenance__smiles": null,
              "provenance__state_of_matter": "dummy estimator based on mw"
            },
            "notes": "add solution CC(C)(C)OC(=O)N1CCCC(O)C1 in O=[N+]([O-])c1cn[nH]c1"
          },
          "precedents": [
            "a6cc4ff3-84a9-4f93-9876-1f93ba6823b6"
          ]
        },
        "56ee2274-a198-405d-a851-e0f20aaf5e3d": {
          "identifier": "7f3d26b4-c3ca-4226-9a0e-a547a7d4f227",
          "type": "TransferLiquid",
          "process_times": {},
          "from_reaction": "f88b8d04-c791-4d5a-9e67-4df4824ff0c4",
          "annotations": {
            "chemical": {
              "identifier": "0bf5ea06-2c78-4910-b4b0-6c10e4839241",
              "smiles": "O=[N+]([O-])c1cn[nH]c1.c1ccc(P(c2ccccc2)c2ccccc2)cc1",
              "state_of_matter": "LIQUID",
              "molecular_weight": null,
              "density": 1.2981722330572325,
              "mass": 3.2626560362078685,
              "is_produced_by": [],
              "is_consumed_by": [
                "f88b8d04-c791-4d5a-9e67-4df4824ff0c4"
              ],
              "provenance__density": "dummy estimator based on mw",
              "provenance__is_consumed_by": null,
              "provenance__is_produced_by": null,
              "provenance__mass": null,
              "provenance__molecular_weight": "periodic table",
              "provenance__smiles": null,
              "provenance__state_of_matter": "dummy estimator based on mw"
            },
            "notes": "add solution c1ccc(P(c2ccccc2)c2ccccc2)cc1 in O=[N+]([O-])c1cn[nH]c1"
          },
          "precedents": [
            "b61818c5-c8f6-4be6-93f6-970e4657d820"
          ]
        }
      },
      "add_liquids": {
        "051d874a-76eb-4073-b8b0-ab45aa12710a": {
          "identifier": "87b81019-a08f-4cb1-9021-11bd031aed1f",
          "type": "TransferLiquid",
          "process_times": {},
          "from_reaction": "f88b8d04-c791-4d5a-9e67-4df4824ff0c4",
          "annotations": {
            "chemical": {
              "identifier": "051d874a-76eb-4073-b8b0-ab45aa12710a",
              "smiles": "C1CCOC1",
              "state_of_matter": "LIQUID",
              "molecular_weight": 72.10572000000005,
              "density": 1.0,
              "mass": 0.7210572000000005,
              "is_produced_by": [],
              "is_consumed_by": [
                "f88b8d04-c791-4d5a-9e67-4df4824ff0c4"
              ],
              "provenance__density": "dummy estimator based on mw",
              "provenance__is_consumed_by": null,
              "provenance__is_produced_by": null,
              "provenance__mass": null,
              "provenance__molecular_weight": "periodic table",
              "provenance__smiles": null,
              "provenance__state_of_matter": "dummy estimator based on mw"
            },
            "notes": "add liquid C1CCOC1"
          },
          "precedents": []
        }
      },
      "heat": {
        "identifier": "e90c9e18-b2ab-4f90-a78d-aa1bf89f62bd",
        "type": "Heating",
        "process_times": {},
        "from_reaction": "f88b8d04-c791-4d5a-9e67-4df4824ff0c4",
        "annotations": {
          "temperature": 268.646086871624,
          "notes": "heating the reaction vessel to afford product: CC(C)(C)OC(=O)N1CCCC(n2cc([N+](=O)[O-])cn2)C1"
        },
        "precedents": [
          "87b81019-a08f-4cb1-9021-11bd031aed1f",
          "337b5385-e508-4e73-91ea-7ba19bcbfd6b",
          "7f3d26b4-c3ca-4226-9a0e-a547a7d4f227",
          "a6cc4ff3-84a9-4f93-9876-1f93ba6823b6",
          "b61818c5-c8f6-4be6-93f6-970e4657d820"
        ]
      },
      "concentrate_and_purify": {
        "identifier": "d6da3c4f-be41-4832-9d9d-a2f4b9bc4831",
        "type": "ConcentrationAndPurification",
        "process_times": {},
        "from_reaction": "f88b8d04-c791-4d5a-9e67-4df4824ff0c4",
        "annotations": {
          "chemical": {
            "identifier": "7b59c297-2ed9-4312-91b4-f4de3b1a566e",
            "smiles": "CC(C)(C)OC(=O)N1CCCC(n2cc([N+](=O)[O-])cn2)C1",
            "state_of_matter": "SOLID",
            "molecular_weight": 297.3302400000004,
            "density": 1.4,
            "mass": 2.973302400000004,
            "is_produced_by": [
              "f88b8d04-c791-4d5a-9e67-4df4824ff0c4"
            ],
            "is_consumed_by": [],
            "provenance__density": "dummy estimator based on mw",
            "provenance__is_consumed_by": null,
            "provenance__is_produced_by": null,
            "provenance__mass": null,
            "provenance__molecular_weight": "periodic table",
            "provenance__smiles": null,
            "provenance__state_of_matter": "dummy estimator based on mw"
          },
          "notes": "purify and concentrate the product: CC(C)(C)OC(=O)N1CCCC(n2cc([N+](=O)[O-])cn2)C1"
        },
        "precedents": [
          "e90c9e18-b2ab-4f90-a78d-aa1bf89f62bd"
        ]
      },
      "lmin": {
        "e90c9e18-b2ab-4f90-a78d-aa1bf89f62bd": {
          "d6da3c4f-be41-4832-9d9d-a2f4b9bc4831": 11.648620744337576
        }
      },
      "lmax": {
        "a6cc4ff3-84a9-4f93-9876-1f93ba6823b6": {
          "e90c9e18-b2ab-4f90-a78d-aa1bf89f62bd": 88.87798442989262
        },
        "b61818c5-c8f6-4be6-93f6-970e4657d820": {
          "e90c9e18-b2ab-4f90-a78d-aa1bf89f62bd": 45.60337251865759
        }
      }
    },
    {
      "identifier": "c079b93c-1368-4633-b803-f8d273c88a34",
      "reaction": {
        "identifier": "d4c76005-17ac-43a1-9497-18d855c46376",
        "reactants": [
          {
            "identifier": "7574ccda-b630-4515-a4d5-d3cd46908da7",
            "smiles": "CC(C)(C)OC(=O)N1CCCC(n2cc(N)cn2)C1",
            "state_of_matter": "SOLID",
            "molecular_weight": 267.3473200000001,
            "density": 1.4,
            "mass": 2.673473200000001,
            "is_produced_by": [],
            "is_consumed_by": [
              "d4c76005-17ac-43a1-9497-18d855c46376"
            ],
            "provenance__density": "dummy estimator based on mw",
            "provenance__is_consumed_by": null,
            "provenance__is_produced_by": null,
            "provenance__mass": null,
            "provenance__molecular_weight": "periodic table",
            "provenance__smiles": null,
            "provenance__state_of_matter": "dummy estimator based on mw"
          },
          {
            "identifier": "4e833485-0aca-4905-9502-66e6c1c7cf8b",
            "smiles": "O=C(Cl)Cl",
            "state_of_matter": "LIQUID",
            "molecular_weight": 98.9161,
            "density": 1.0,
            "mass": 0.9891610000000001,
            "is_produced_by": [],
            "is_consumed_by": [
              "d4c76005-17ac-43a1-9497-18d855c46376"
            ],
            "provenance__density": "dummy estimator based on mw",
            "provenance__is_consumed_by": null,
            "provenance__is_produced_by": null,
            "provenance__mass": null,
            "provenance__molecular_weight": "periodic table",
            "provenance__smiles": null,
            "provenance__state_of_matter": "dummy estimator based on mw"
          }
        ],
        "reagents": [
          {
            "identifier": "201f2d87-b5b1-47de-b9c6-6eafe5e6eba9",
            "smiles": "ClCCl",
            "state_of_matter": "LIQUID",
            "molecular_weight": 84.93258000000002,
            "density": 1.0,
            "mass": 0.8493258000000001,
            "is_produced_by": [],
            "is_consumed_by": [
              "d4c76005-17ac-43a1-9497-18d855c46376"
            ],
            "provenance__density": "dummy estimator based on mw",
            "provenance__is_consumed_by": null,
            "provenance__is_produced_by": null,
            "provenance__mass": null,
            "provenance__molecular_weight": "periodic table",
            "provenance__smiles": null,
            "provenance__state_of_matter": "dummy estimator based on mw"
          }
        ],
        "products": [
          {
            "identifier": "6332f0e2-3917-4cc9-a565-617999132543",
            "smiles": "CC(C)(C)OC(=O)N1CCCC(n2cc(NC(=O)Cl)cn2)C1",
            "state_of_matter": "SOLID",
            "molecular_weight": 329.8024800000004,
            "density": 1.4,
            "mass": 3.298024800000004,
            "is_produced_by": [
              "d4c76005-17ac-43a1-9497-18d855c46376"
            ],
            "is_consumed_by": [],
            "provenance__density": "dummy estimator based on mw",
            "provenance__is_consumed_by": null,
            "provenance__is_produced_by": null,
            "provenance__mass": null,
            "provenance__molecular_weight": "periodic table",
            "provenance__smiles": null,
            "provenance__state_of_matter": "dummy estimator based on mw"
          }
        ],
        "stoichiometry": {
          "7574ccda-b630-4515-a4d5-d3cd46908da7": 1.0,
          "4e833485-0aca-4905-9502-66e6c1c7cf8b": 1.0,
          "6332f0e2-3917-4cc9-a565-617999132543": -1.0
        },
        "temperature": 298.92430209517477,
        "intended_ratios": {
          "7574ccda-b630-4515-a4d5-d3cd46908da7": 1.0,
          "4e833485-0aca-4905-9502-66e6c1c7cf8b": 1.0,
          "201f2d87-b5b1-47de-b9c6-6eafe5e6eba9": 1.0
        },
        "expected_yields": {
          "6332f0e2-3917-4cc9-a565-617999132543": 1.0
        },
        "reaction_extent": 0.01
      },
      "functional_modules": [],
      "make_solutions": {
        "7574ccda-b630-4515-a4d5-d3cd46908da7": {
          "identifier": "579700dd-d13a-4b6d-b9a0-f094eb15d99c",
          "type": "MakeSolution",
          "process_times": {},
          "from_reaction": "d4c76005-17ac-43a1-9497-18d855c46376",
          "annotations": {
            "solid_chemical": {
              "identifier": "7574ccda-b630-4515-a4d5-d3cd46908da7",
              "smiles": "CC(C)(C)OC(=O)N1CCCC(n2cc(N)cn2)C1",
              "state_of_matter": "SOLID",
              "molecular_weight": 267.3473200000001,
              "density": 1.4,
              "mass": 2.673473200000001,
              "is_produced_by": [],
              "is_consumed_by": [
                "d4c76005-17ac-43a1-9497-18d855c46376"
              ],
              "provenance__density": "dummy estimator based on mw",
              "provenance__is_consumed_by": null,
              "provenance__is_produced_by": null,
              "provenance__mass": null,
              "provenance__molecular_weight": "periodic table",
              "provenance__smiles": null,
              "provenance__state_of_matter": "dummy estimator based on mw"
            },
            "liquid_chemical": {
              "identifier": "bfb60b3b-88b7-4960-9f14-1a143913ae12",
              "smiles": "O=C(Cl)Cl",
              "state_of_matter": "LIQUID",
              "molecular_weight": 98.9161,
              "density": 1.0,
              "mass": 0.9891610000000001,
              "is_produced_by": [],
              "is_consumed_by": [
                "d4c76005-17ac-43a1-9497-18d855c46376"
              ],
              "provenance__density": "dummy estimator based on mw",
              "provenance__is_consumed_by": null,
              "provenance__is_produced_by": null,
              "provenance__mass": null,
              "provenance__molecular_weight": "periodic table",
              "provenance__smiles": null,
              "provenance__state_of_matter": "dummy estimator based on mw"
            },
            "notes": "making O=C(Cl)Cl solution for CC(C)(C)OC(=O)N1CCCC(n2cc(N)cn2)C1"
          },
          "precedents": [
            "a60fd668-3589-4071-96fe-73d26497a18f",
            "c2ab14ff-ac74-4e3f-a93c-582af2c6656e"
          ]
        }
      },
      "add_solutions": {
        "7574ccda-b630-4515-a4d5-d3cd46908da7": {
          "identifier": "324527c7-5d4a-407a-803c-5769b7b0f697",
          "type": "TransferLiquid",
          "process_times": {},
          "from_reaction": "d4c76005-17ac-43a1-9497-18d855c46376",
          "annotations": {
            "chemical": {
              "identifier": "7c4c38f9-65f8-4850-a220-c41ae0236623",
              "smiles": "O=C(Cl)Cl.CC(C)(C)OC(=O)N1CCCC(n2cc(N)cn2)C1",
              "state_of_matter": "LIQUID",
              "molecular_weight": null,
              "density": 1.2635068006085113,
              "mass": 3.662634200000001,
              "is_produced_by": [],
              "is_consumed_by": [
                "d4c76005-17ac-43a1-9497-18d855c46376"
              ],
              "provenance__density": "dummy estimator based on mw",
              "provenance__is_consumed_by": null,
              "provenance__is_produced_by": null,
              "provenance__mass": null,
              "provenance__molecular_weight": "periodic table",
              "provenance__smiles": null,
              "provenance__state_of_matter": "dummy estimator based on mw"
            },
            "notes": "add solution CC(C)(C)OC(=O)N1CCCC(n2cc(N)cn2)C1 in O=C(Cl)Cl"
          },
          "precedents": [
            "579700dd-d13a-4b6d-b9a0-f094eb15d99c"
          ]
        }
      },
      "add_liquids": {
        "201f2d87-b5b1-47de-b9c6-6eafe5e6eba9": {
          "identifier": "0db5e7ec-2b8f-4f8b-88a6-a8767344263e",
          "type": "TransferLiquid",
          "process_times": {},
          "from_reaction": "d4c76005-17ac-43a1-9497-18d855c46376",
          "annotations": {
            "chemical": {
              "identifier": "201f2d87-b5b1-47de-b9c6-6eafe5e6eba9",
              "smiles": "ClCCl",
              "state_of_matter": "LIQUID",
              "molecular_weight": 84.93258000000002,
              "density": 1.0,
              "mass": 0.8493258000000001,
              "is_produced_by": [],
              "is_consumed_by": [
                "d4c76005-17ac-43a1-9497-18d855c46376"
              ],
              "provenance__density": "dummy estimator based on mw",
              "provenance__is_consumed_by": null,
              "provenance__is_produced_by": null,
              "provenance__mass": null,
              "provenance__molecular_weight": "periodic table",
              "provenance__smiles": null,
              "provenance__state_of_matter": "dummy estimator based on mw"
            },
            "notes": "add liquid ClCCl"
          },
          "precedents": []
        }
      },
      "heat": {
        "identifier": "b36e3e91-19af-4d62-9f52-18d22eae129e",
        "type": "Heating",
        "process_times": {},
        "from_reaction": "d4c76005-17ac-43a1-9497-18d855c46376",
        "annotations": {
          "temperature": 298.92430209517477,
          "notes": "heating the reaction vessel to afford product: CC(C)(C)OC(=O)N1CCCC(n2cc(NC(=O)Cl)cn2)C1"
        },
        "precedents": [
          "0db5e7ec-2b8f-4f8b-88a6-a8767344263e",
          "324527c7-5d4a-407a-803c-5769b7b0f697",
          "579700dd-d13a-4b6d-b9a0-f094eb15d99c"
        ]
      },
      "concentrate_and_purify": {
        "identifier": "7b98aa92-3963-4c9f-b63f-296d384146d0",
        "type": "ConcentrationAndPurification",
        "process_times": {},
        "from_reaction": "d4c76005-17ac-43a1-9497-18d855c46376",
        "annotations": {
          "chemical": {
            "identifier": "6332f0e2-3917-4cc9-a565-617999132543",
            "smiles": "CC(C)(C)OC(=O)N1CCCC(n2cc(NC(=O)Cl)cn2)C1",
            "state_of_matter": "SOLID",
            "molecular_weight": 329.8024800000004,
            "density": 1.4,
            "mass": 3.298024800000004,
            "is_produced_by": [
              "d4c76005-17ac-43a1-9497-18d855c46376"
            ],
            "is_consumed_by": [],
            "provenance__density": "dummy estimator based on mw",
            "provenance__is_consumed_by": null,
            "provenance__is_produced_by": null,
            "provenance__mass": null,
            "provenance__molecular_weight": "periodic table",
            "provenance__smiles": null,
            "provenance__state_of_matter": "dummy estimator based on mw"
          },
          "notes": "purify and concentrate the product: CC(C)(C)OC(=O)N1CCCC(n2cc(NC(=O)Cl)cn2)C1"
        },
        "precedents": [
          "b36e3e91-19af-4d62-9f52-18d22eae129e"
        ]
      },
      "lmin": {
        "b36e3e91-19af-4d62-9f52-18d22eae129e": {
          "7b98aa92-3963-4c9f-b63f-296d384146d0": 13.454262424194942
        }
      },
      "lmax": {
        "579700dd-d13a-4b6d-b9a0-f094eb15d99c": {
          "b36e3e91-19af-4d62-9f52-18d22eae129e": 70.7234375585335
        }
      }
    },
    {
      "identifier": "5cb6c060-f2fd-4f31-abbb-6b0cdaba609a",
      "reaction": {
        "identifier": "82236cdd-8073-4675-92c6-867b5fb04d15",
        "reactants": [
          {
            "identifier": "73fb7c7a-8d38-4408-8e4b-ba668451df4d",
            "smiles": "CC(C)(C)OC(=O)N1CCCC(n2cc(NC(=O)Cl)cn2)C1",
            "state_of_matter": "SOLID",
            "molecular_weight": 329.8024800000004,
            "density": 1.4,
            "mass": 3.298024800000004,
            "is_produced_by": [],
            "is_consumed_by": [
              "82236cdd-8073-4675-92c6-867b5fb04d15"
            ],
            "provenance__density": "dummy estimator based on mw",
            "provenance__is_consumed_by": null,
            "provenance__is_produced_by": null,
            "provenance__mass": null,
            "provenance__molecular_weight": "periodic table",
            "provenance__smiles": null,
            "provenance__state_of_matter": "dummy estimator based on mw"
          }
        ],
        "reagents": [
          {
            "identifier": "ffec0698-361e-44ce-8c65-4b012438a0c7",
            "smiles": "c1ccncc1",
            "state_of_matter": "LIQUID",
            "molecular_weight": 79.09990000000003,
            "density": 1.0,
            "mass": 0.7909990000000003,
            "is_produced_by": [],
            "is_consumed_by": [
              "82236cdd-8073-4675-92c6-867b5fb04d15"
            ],
            "provenance__density": "dummy estimator based on mw",
            "provenance__is_consumed_by": null,
            "provenance__is_produced_by": null,
            "provenance__mass": null,
            "provenance__molecular_weight": "periodic table",
            "provenance__smiles": null,
            "provenance__state_of_matter": "dummy estimator based on mw"
          }
        ],
        "products": [
          {
            "identifier": "d65ca94c-7d4a-43d1-8667-cfb887142d8f",
            "smiles": "CC(C)(C)OC(=O)N1CC(n2cc(NC(=O)Cl)cn2)CCC1=O",
            "state_of_matter": "SOLID",
            "molecular_weight": 343.78600000000034,
            "density": 1.4,
            "mass": 3.4378600000000037,
            "is_produced_by": [
              "82236cdd-8073-4675-92c6-867b5fb04d15"
            ],
            "is_consumed_by": [],
            "provenance__density": "dummy estimator based on mw",
            "provenance__is_consumed_by": null,
            "provenance__is_produced_by": null,
            "provenance__mass": null,
            "provenance__molecular_weight": "periodic table",
            "provenance__smiles": null,
            "provenance__state_of_matter": "dummy estimator based on mw"
          }
        ],
        "stoichiometry": {
          "73fb7c7a-8d38-4408-8e4b-ba668451df4d": 1.0,
          "d65ca94c-7d4a-43d1-8667-cfb887142d8f": -1.0
        },
        "temperature": 293.57807469964024,
        "intended_ratios": {
          "73fb7c7a-8d38-4408-8e4b-ba668451df4d": 1.0,
          "ffec0698-361e-44ce-8c65-4b012438a0c7": 1.0
        },
        "expected_yields": {
          "d65ca94c-7d4a-43d1-8667-cfb887142d8f": 1.0
        },
        "reaction_extent": 0.01
      },
      "functional_modules": [],
      "make_solutions": {
        "73fb7c7a-8d38-4408-8e4b-ba668451df4d": {
          "identifier": "0e6af1a7-09aa-4f14-a9a6-6b7d02fc3818",
          "type": "MakeSolution",
          "process_times": {},
          "from_reaction": "82236cdd-8073-4675-92c6-867b5fb04d15",
          "annotations": {
            "solid_chemical": {
              "identifier": "73fb7c7a-8d38-4408-8e4b-ba668451df4d",
              "smiles": "CC(C)(C)OC(=O)N1CCCC(n2cc(NC(=O)Cl)cn2)C1",
              "state_of_matter": "SOLID",
              "molecular_weight": 329.8024800000004,
              "density": 1.4,
              "mass": 3.298024800000004,
              "is_produced_by": [],
              "is_consumed_by": [
                "82236cdd-8073-4675-92c6-867b5fb04d15"
              ],
              "provenance__density": "dummy estimator based on mw",
              "provenance__is_consumed_by": null,
              "provenance__is_produced_by": null,
              "provenance__mass": null,
              "provenance__molecular_weight": "periodic table",
              "provenance__smiles": null,
              "provenance__state_of_matter": "dummy estimator based on mw"
            },
            "liquid_chemical": {
              "identifier": "9d8b20ca-373d-4483-820b-43020f4a7977",
              "smiles": "c1ccncc1",
              "state_of_matter": "LIQUID",
              "molecular_weight": 79.09990000000003,
              "density": 1.0,
              "mass": 0.7909990000000003,
              "is_produced_by": [],
              "is_consumed_by": [
                "82236cdd-8073-4675-92c6-867b5fb04d15"
              ],
              "provenance__density": "dummy estimator based on mw",
              "provenance__is_consumed_by": null,
              "provenance__is_produced_by": null,
              "provenance__mass": null,
              "provenance__molecular_weight": "periodic table",
              "provenance__smiles": null,
              "provenance__state_of_matter": "dummy estimator based on mw"
            },
            "notes": "making c1ccncc1 solution for CC(C)(C)OC(=O)N1CCCC(n2cc(NC(=O)Cl)cn2)C1"
          },
          "precedents": [
            "7b98aa92-3963-4c9f-b63f-296d384146d0"
          ]
        }
      },
      "add_solutions": {
        "73fb7c7a-8d38-4408-8e4b-ba668451df4d": {
          "identifier": "30271ee8-042c-495f-ae9e-2be0119687ec",
          "type": "TransferLiquid",
          "process_times": {},
          "from_reaction": "82236cdd-8073-4675-92c6-867b5fb04d15",
          "annotations": {
            "chemical": {
              "identifier": "2648f229-4d93-4312-a082-bd550793cf1b",
              "smiles": "c1ccncc1.CC(C)(C)OC(=O)N1CCCC(n2cc(NC(=O)Cl)cn2)C1",
              "state_of_matter": "LIQUID",
              "molecular_weight": null,
              "density": 1.2994513353699442,
              "mass": 4.089023800000004,
              "is_produced_by": [],
              "is_consumed_by": [
                "82236cdd-8073-4675-92c6-867b5fb04d15"
              ],
              "provenance__density": "dummy estimator based on mw",
              "provenance__is_consumed_by": null,
              "provenance__is_produced_by": null,
              "provenance__mass": null,
              "provenance__molecular_weight": "periodic table",
              "provenance__smiles": null,
              "provenance__state_of_matter": "dummy estimator based on mw"
            },
            "notes": "add solution CC(C)(C)OC(=O)N1CCCC(n2cc(NC(=O)Cl)cn2)C1 in c1ccncc1"
          },
          "precedents": [
            "0e6af1a7-09aa-4f14-a9a6-6b7d02fc3818"
          ]
        }
      },
      "add_liquids": {},
      "heat": {
        "identifier": "101ab0d8-0e33-40af-bfc7-4ea91c160046",
        "type": "Heating",
        "process_times": {},
        "from_reaction": "82236cdd-8073-4675-92c6-867b5fb04d15",
        "annotations": {
          "temperature": 293.57807469964024,
          "notes": "heating the reaction vessel to afford product: CC(C)(C)OC(=O)N1CC(n2cc(NC(=O)Cl)cn2)CCC1=O"
        },
        "precedents": [
          "30271ee8-042c-495f-ae9e-2be0119687ec",
          "0e6af1a7-09aa-4f14-a9a6-6b7d02fc3818"
        ]
      },
      "concentrate_and_purify": {
        "identifier": "0db6d0ce-02ff-424d-867a-626a0f22c9d9",
        "type": "ConcentrationAndPurification",
        "process_times": {},
        "from_reaction": "82236cdd-8073-4675-92c6-867b5fb04d15",
        "annotations": {
          "chemical": {
            "identifier": "d65ca94c-7d4a-43d1-8667-cfb887142d8f",
            "smiles": "CC(C)(C)OC(=O)N1CC(n2cc(NC(=O)Cl)cn2)CCC1=O",
            "state_of_matter": "SOLID",
            "molecular_weight": 343.78600000000034,
            "density": 1.4,
            "mass": 3.4378600000000037,
            "is_produced_by": [
              "82236cdd-8073-4675-92c6-867b5fb04d15"
            ],
            "is_consumed_by": [],
            "provenance__density": "dummy estimator based on mw",
            "provenance__is_consumed_by": null,
            "provenance__is_produced_by": null,
            "provenance__mass": null,
            "provenance__molecular_weight": "periodic table",
            "provenance__smiles": null,
            "provenance__state_of_matter": "dummy estimator based on mw"
          },
          "notes": "purify and concentrate the product: CC(C)(C)OC(=O)N1CC(n2cc(NC(=O)Cl)cn2)CCC1=O"
        },
        "precedents": [
          "101ab0d8-0e33-40af-bfc7-4ea91c160046"
        ]
      },
      "lmin": {
        "101ab0d8-0e33-40af-bfc7-4ea91c160046": {
          "0db6d0ce-02ff-424d-867a-626a0f22c9d9": 16.51122252522795
        }
      },
      "lmax": {
        "0e6af1a7-09aa-4f14-a9a6-6b7d02fc3818": {
          "101ab0d8-0e33-40af-bfc7-4ea91c160046": 38.97301998289571
        }
      }
    },
    {
      "identifier": "eef15eba-739b-4170-9c88-08370960d987",
      "reaction": {
        "identifier": "41cf95a1-22db-4833-afd2-be2cbe2f13da",
        "reactants": [
          {
            "identifier": "8b572b27-b58f-42cc-b8ae-ee86c43a65be",
            "smiles": "CC(C)(C)OC(=O)N1CCCC(n2cc([N+](=O)[O-])cn2)C1",
            "state_of_matter": "SOLID",
            "molecular_weight": 297.3302400000004,
            "density": 1.4,
            "mass": 2.973302400000004,
            "is_produced_by": [],
            "is_consumed_by": [
              "41cf95a1-22db-4833-afd2-be2cbe2f13da"
            ],
            "provenance__density": "dummy estimator based on mw",
            "provenance__is_consumed_by": null,
            "provenance__is_produced_by": null,
            "provenance__mass": null,
            "provenance__molecular_weight": "periodic table",
            "provenance__smiles": null,
            "provenance__state_of_matter": "dummy estimator based on mw"
          }
        ],
        "reagents": [
          {
            "identifier": "9cb26dec-2d31-45af-a8bb-271b2c7e7f88",
            "smiles": "CO",
            "state_of_matter": "LIQUID",
            "molecular_weight": 32.04186000000001,
            "density": 1.0,
            "mass": 0.32041860000000005,
            "is_produced_by": [],
            "is_consumed_by": [
              "41cf95a1-22db-4833-afd2-be2cbe2f13da"
            ],
            "provenance__density": "dummy estimator based on mw",
            "provenance__is_consumed_by": null,
            "provenance__is_produced_by": null,
            "provenance__mass": null,
            "provenance__molecular_weight": "periodic table",
            "provenance__smiles": null,
            "provenance__state_of_matter": "dummy estimator based on mw"
          },
          {
            "identifier": "a623c7a5-d3ce-434f-b1a4-3c1a52afb384",
            "smiles": "[Pd]",
            "state_of_matter": "SOLID",
            "molecular_weight": 106.42,
            "density": 1.4,
            "mass": 1.0642,
            "is_produced_by": [],
            "is_consumed_by": [
              "41cf95a1-22db-4833-afd2-be2cbe2f13da"
            ],
            "provenance__density": "dummy estimator based on mw",
            "provenance__is_consumed_by": null,
            "provenance__is_produced_by": null,
            "provenance__mass": null,
            "provenance__molecular_weight": "periodic table",
            "provenance__smiles": null,
            "provenance__state_of_matter": "dummy estimator based on mw"
          }
        ],
        "products": [
          {
            "identifier": "342f029c-08e1-4152-8d9b-73dd948853ae",
            "smiles": "CC(C)(C)OC(=O)N1CCCC(n2cc(N)cn2)C1",
            "state_of_matter": "SOLID",
            "molecular_weight": 267.3473200000001,
            "density": 1.4,
            "mass": 2.673473200000001,
            "is_produced_by": [
              "41cf95a1-22db-4833-afd2-be2cbe2f13da"
            ],
            "is_consumed_by": [],
            "provenance__density": "dummy estimator based on mw",
            "provenance__is_consumed_by": null,
            "provenance__is_produced_by": null,
            "provenance__mass": null,
            "provenance__molecular_weight": "periodic table",
            "provenance__smiles": null,
            "provenance__state_of_matter": "dummy estimator based on mw"
          }
        ],
        "stoichiometry": {
          "8b572b27-b58f-42cc-b8ae-ee86c43a65be": 1.0,
          "342f029c-08e1-4152-8d9b-73dd948853ae": -1.0
        },
        "temperature": 289.21522023081775,
        "intended_ratios": {
          "8b572b27-b58f-42cc-b8ae-ee86c43a65be": 1.0,
          "9cb26dec-2d31-45af-a8bb-271b2c7e7f88": 1.0,
          "a623c7a5-d3ce-434f-b1a4-3c1a52afb384": 1.0
        },
        "expected_yields": {
          "342f029c-08e1-4152-8d9b-73dd948853ae": 1.0
        },
        "reaction_extent": 0.01
      },
      "functional_modules": [],
      "make_solutions": {
        "a623c7a5-d3ce-434f-b1a4-3c1a52afb384": {
          "identifier": "c0c32f81-066c-4673-b33e-64e79a9de3aa",
          "type": "MakeSolution",
          "process_times": {},
          "from_reaction": "41cf95a1-22db-4833-afd2-be2cbe2f13da",
          "annotations": {
            "solid_chemical": {
              "identifier": "a623c7a5-d3ce-434f-b1a4-3c1a52afb384",
              "smiles": "[Pd]",
              "state_of_matter": "SOLID",
              "molecular_weight": 106.42,
              "density": 1.4,
              "mass": 1.0642,
              "is_produced_by": [],
              "is_consumed_by": [
                "41cf95a1-22db-4833-afd2-be2cbe2f13da"
              ],
              "provenance__density": "dummy estimator based on mw",
              "provenance__is_consumed_by": null,
              "provenance__is_produced_by": null,
              "provenance__mass": null,
              "provenance__molecular_weight": "periodic table",
              "provenance__smiles": null,
              "provenance__state_of_matter": "dummy estimator based on mw"
            },
            "liquid_chemical": {
              "identifier": "3f2a0d44-1b71-4855-b916-73f9ec8fa146",
              "smiles": "CO",
              "state_of_matter": "LIQUID",
              "molecular_weight": 32.04186000000001,
              "density": 1.0,
              "mass": 0.08445554710258493,
              "is_produced_by": [],
              "is_consumed_by": [
                "41cf95a1-22db-4833-afd2-be2cbe2f13da"
              ],
              "provenance__density": "dummy estimator based on mw",
              "provenance__is_consumed_by": null,
              "provenance__is_produced_by": null,
              "provenance__mass": null,
              "provenance__molecular_weight": "periodic table",
              "provenance__smiles": null,
              "provenance__state_of_matter": "dummy estimator based on mw"
            },
            "notes": "making CO solution for [Pd]"
          },
          "precedents": []
        },
        "8b572b27-b58f-42cc-b8ae-ee86c43a65be": {
          "identifier": "5e348df9-0833-4937-8170-536c16e33a38",
          "type": "MakeSolution",
          "process_times": {},
          "from_reaction": "41cf95a1-22db-4833-afd2-be2cbe2f13da",
          "annotations": {
            "solid_chemical": {
              "identifier": "8b572b27-b58f-42cc-b8ae-ee86c43a65be",
              "smiles": "CC(C)(C)OC(=O)N1CCCC(n2cc([N+](=O)[O-])cn2)C1",
              "state_of_matter": "SOLID",
              "molecular_weight": 297.3302400000004,
              "density": 1.4,
              "mass": 2.973302400000004,
              "is_produced_by": [],
              "is_consumed_by": [
                "41cf95a1-22db-4833-afd2-be2cbe2f13da"
              ],
              "provenance__density": "dummy estimator based on mw",
              "provenance__is_consumed_by": null,
              "provenance__is_produced_by": null,
              "provenance__mass": null,
              "provenance__molecular_weight": "periodic table",
              "provenance__smiles": null,
              "provenance__state_of_matter": "dummy estimator based on mw"
            },
            "liquid_chemical": {
              "identifier": "d511a3e9-ad9a-496f-b0c4-bb27b409c9be",
              "smiles": "CO",
              "state_of_matter": "LIQUID",
              "molecular_weight": 32.04186000000001,
              "density": 1.0,
              "mass": 0.2359630528974151,
              "is_produced_by": [],
              "is_consumed_by": [
                "41cf95a1-22db-4833-afd2-be2cbe2f13da"
              ],
              "provenance__density": "dummy estimator based on mw",
              "provenance__is_consumed_by": null,
              "provenance__is_produced_by": null,
              "provenance__mass": null,
              "provenance__molecular_weight": "periodic table",
              "provenance__smiles": null,
              "provenance__state_of_matter": "dummy estimator based on mw"
            },
            "notes": "making CO solution for CC(C)(C)OC(=O)N1CCCC(n2cc([N+](=O)[O-])cn2)C1"
          },
          "precedents": [
            "d6da3c4f-be41-4832-9d9d-a2f4b9bc4831"
          ]
        }
      },
      "add_solutions": {
        "a623c7a5-d3ce-434f-b1a4-3c1a52afb384": {
          "identifier": "456d83ce-7462-4e3a-92c2-abe92b886c6a",
          "type": "TransferLiquid",
          "process_times": {},
          "from_reaction": "41cf95a1-22db-4833-afd2-be2cbe2f13da",
          "annotations": {
            "chemical": {
              "identifier": "438dff3b-f4e0-4ddf-a373-03db75892cb4",
              "smiles": "CO.[Pd]",
              "state_of_matter": "LIQUID",
              "molecular_weight": null,
              "density": 1.3600020333081082,
              "mass": 1.148655547102585,
              "is_produced_by": [],
              "is_consumed_by": [
                "41cf95a1-22db-4833-afd2-be2cbe2f13da"
              ],
              "provenance__density": "dummy estimator based on mw",
              "provenance__is_consumed_by": null,
              "provenance__is_produced_by": null,
              "provenance__mass": null,
              "provenance__molecular_weight": "periodic table",
              "provenance__smiles": null,
              "provenance__state_of_matter": "dummy estimator based on mw"
            },
            "notes": "add solution [Pd] in CO"
          },
          "precedents": [
            "c0c32f81-066c-4673-b33e-64e79a9de3aa"
          ]
        },
        "8b572b27-b58f-42cc-b8ae-ee86c43a65be": {
          "identifier": "250d2a56-e874-43de-93bc-a117b8528c65",
          "type": "TransferLiquid",
          "process_times": {},
          "from_reaction": "41cf95a1-22db-4833-afd2-be2cbe2f13da",
          "annotations": {
            "chemical": {
              "identifier": "e3203929-cd12-4f49-a98e-27c5385c78cf",
              "smiles": "CO.CC(C)(C)OC(=O)N1CCCC(n2cc([N+](=O)[O-])cn2)C1",
              "state_of_matter": "LIQUID",
              "molecular_weight": null,
              "density": 1.3600020333081082,
              "mass": 3.2092654528974194,
              "is_produced_by": [],
              "is_consumed_by": [
                "41cf95a1-22db-4833-afd2-be2cbe2f13da"
              ],
              "provenance__density": "dummy estimator based on mw",
              "provenance__is_consumed_by": null,
              "provenance__is_produced_by": null,
              "provenance__mass": null,
              "provenance__molecular_weight": "periodic table",
              "provenance__smiles": null,
              "provenance__state_of_matter": "dummy estimator based on mw"
            },
            "notes": "add solution CC(C)(C)OC(=O)N1CCCC(n2cc([N+](=O)[O-])cn2)C1 in CO"
          },
          "precedents": [
            "5e348df9-0833-4937-8170-536c16e33a38"
          ]
        }
      },
      "add_liquids": {},
      "heat": {
        "identifier": "de30947e-d4fb-455c-93e3-5a432922f011",
        "type": "Heating",
        "process_times": {},
        "from_reaction": "41cf95a1-22db-4833-afd2-be2cbe2f13da",
        "annotations": {
          "temperature": 289.21522023081775,
          "notes": "heating the reaction vessel to afford product: CC(C)(C)OC(=O)N1CCCC(n2cc(N)cn2)C1"
        },
        "precedents": [
          "456d83ce-7462-4e3a-92c2-abe92b886c6a",
          "250d2a56-e874-43de-93bc-a117b8528c65",
          "c0c32f81-066c-4673-b33e-64e79a9de3aa",
          "5e348df9-0833-4937-8170-536c16e33a38"
        ]
      },
      "concentrate_and_purify": {
        "identifier": "a60fd668-3589-4071-96fe-73d26497a18f",
        "type": "ConcentrationAndPurification",
        "process_times": {},
        "from_reaction": "41cf95a1-22db-4833-afd2-be2cbe2f13da",
        "annotations": {
          "chemical": {
            "identifier": "342f029c-08e1-4152-8d9b-73dd948853ae",
            "smiles": "CC(C)(C)OC(=O)N1CCCC(n2cc(N)cn2)C1",
            "state_of_matter": "SOLID",
            "molecular_weight": 267.3473200000001,
            "density": 1.4,
            "mass": 2.673473200000001,
            "is_produced_by": [
              "41cf95a1-22db-4833-afd2-be2cbe2f13da"
            ],
            "is_consumed_by": [],
            "provenance__density": "dummy estimator based on mw",
            "provenance__is_consumed_by": null,
            "provenance__is_produced_by": null,
            "provenance__mass": null,
            "provenance__molecular_weight": "periodic table",
            "provenance__smiles": null,
            "provenance__state_of_matter": "dummy estimator based on mw"
          },
          "notes": "purify and concentrate the product: CC(C)(C)OC(=O)N1CCCC(n2cc(N)cn2)C1"
        },
        "precedents": [
          "de30947e-d4fb-455c-93e3-5a432922f011"
        ]
      },
      "lmin": {
        "de30947e-d4fb-455c-93e3-5a432922f011": {
          "a60fd668-3589-4071-96fe-73d26497a18f": 11.932078541241665
        }
      },
      "lmax": {
        "c0c32f81-066c-4673-b33e-64e79a9de3aa": {
          "de30947e-d4fb-455c-93e3-5a432922f011": 34.814899071234365
        },
        "5e348df9-0833-4937-8170-536c16e33a38": {
          "de30947e-d4fb-455c-93e3-5a432922f011": 71.95936825413216
        }
      }
    },
    {
      "identifier": "ca1b1fe1-c1f0-4b2a-919f-eb61b21b30d7",
      "reaction": {
        "identifier": "253e624a-8329-4589-b76c-d2f1df3d1cff",
        "reactants": [
          {
            "identifier": "3271c2bd-782d-4d1d-ba12-7bd7f2fa3b3d",
            "smiles": "ClC(Cl)Cl",
            "state_of_matter": "LIQUID",
            "molecular_weight": 119.37764000000001,
            "density": 1.0,
            "mass": 1.1937764000000002,
            "is_produced_by": [],
            "is_consumed_by": [
              "253e624a-8329-4589-b76c-d2f1df3d1cff"
            ],
            "provenance__density": "dummy estimator based on mw",
            "provenance__is_consumed_by": null,
            "provenance__is_produced_by": null,
            "provenance__mass": null,
            "provenance__molecular_weight": "periodic table",
            "provenance__smiles": null,
            "provenance__state_of_matter": "dummy estimator based on mw"
          }
        ],
        "reagents": [],
        "products": [
          {
            "identifier": "9c4f9265-bf12-4d39-bc97-b8ec843336d6",
            "smiles": "O=C(Cl)Cl",
            "state_of_matter": "LIQUID",
            "molecular_weight": 98.9161,
            "density": 1.0,
            "mass": 0.9891610000000001,
            "is_produced_by": [
              "253e624a-8329-4589-b76c-d2f1df3d1cff"
            ],
            "is_consumed_by": [],
            "provenance__density": "dummy estimator based on mw",
            "provenance__is_consumed_by": null,
            "provenance__is_produced_by": null,
            "provenance__mass": null,
            "provenance__molecular_weight": "periodic table",
            "provenance__smiles": null,
            "provenance__state_of_matter": "dummy estimator based on mw"
          }
        ],
        "stoichiometry": {
          "3271c2bd-782d-4d1d-ba12-7bd7f2fa3b3d": 1.0,
          "9c4f9265-bf12-4d39-bc97-b8ec843336d6": -1.0
        },
        "temperature": 333.0026675641536,
        "intended_ratios": {
          "3271c2bd-782d-4d1d-ba12-7bd7f2fa3b3d": 1.0
        },
        "expected_yields": {
          "9c4f9265-bf12-4d39-bc97-b8ec843336d6": 1.0
        },
        "reaction_extent": 0.01
      },
      "functional_modules": [],
      "make_solutions": {
        "3271c2bd-782d-4d1d-ba12-7bd7f2fa3b3d": {
          "identifier": "bf577467-7ff2-4632-b377-46890392606e",
          "type": "TransferLiquid",
          "process_times": {},
          "from_reaction": "253e624a-8329-4589-b76c-d2f1df3d1cff",
          "annotations": {
            "chemical": {
              "identifier": "3271c2bd-782d-4d1d-ba12-7bd7f2fa3b3d",
              "smiles": "ClC(Cl)Cl",
              "state_of_matter": "LIQUID",
              "molecular_weight": 119.37764000000001,
              "density": 1.0,
              "mass": 1.1937764000000002,
              "is_produced_by": [],
              "is_consumed_by": [
                "253e624a-8329-4589-b76c-d2f1df3d1cff"
              ],
              "provenance__density": "dummy estimator based on mw",
              "provenance__is_consumed_by": null,
              "provenance__is_produced_by": null,
              "provenance__mass": null,
              "provenance__molecular_weight": "periodic table",
              "provenance__smiles": null,
              "provenance__state_of_matter": "dummy estimator based on mw"
            },
            "notes": "add all solvent ClC(Cl)Cl"
          },
          "precedents": []
        }
      },
      "add_solutions": {},
      "add_liquids": {},
      "heat": {
        "identifier": "fa00ed31-e2c5-4f63-b9b3-9424e475848a",
        "type": "Heating",
        "process_times": {},
        "from_reaction": "253e624a-8329-4589-b76c-d2f1df3d1cff",
        "annotations": {
          "temperature": 333.0026675641536,
          "notes": "heating the reaction vessel to afford product: O=C(Cl)Cl"
        },
        "precedents": [
          "bf577467-7ff2-4632-b377-46890392606e"
        ]
      },
      "concentrate_and_purify": {
        "identifier": "c2ab14ff-ac74-4e3f-a93c-582af2c6656e",
        "type": "ConcentrationAndPurification",
        "process_times": {},
        "from_reaction": "253e624a-8329-4589-b76c-d2f1df3d1cff",
        "annotations": {
          "chemical": {
            "identifier": "9c4f9265-bf12-4d39-bc97-b8ec843336d6",
            "smiles": "O=C(Cl)Cl",
            "state_of_matter": "LIQUID",
            "molecular_weight": 98.9161,
            "density": 1.0,
            "mass": 0.9891610000000001,
            "is_produced_by": [
              "253e624a-8329-4589-b76c-d2f1df3d1cff"
            ],
            "is_consumed_by": [],
            "provenance__density": "dummy estimator based on mw",
            "provenance__is_consumed_by": null,
            "provenance__is_produced_by": null,
            "provenance__mass": null,
            "provenance__molecular_weight": "periodic table",
            "provenance__smiles": null,
            "provenance__state_of_matter": "dummy estimator based on mw"
          },
          "notes": "purify and concentrate the product: O=C(Cl)Cl"
        },
        "precedents": [
          "fa00ed31-e2c5-4f63-b9b3-9424e475848a"
        ]
      },
      "lmin": {
        "fa00ed31-e2c5-4f63-b9b3-9424e475848a": {
          "c2ab14ff-ac74-4e3f-a93c-582af2c6656e": 51.46804308168587
        }
      },
      "lmax": {}
    }
  ],
  "adjacency_data": {
    "directed": true,
    "multigraph": false,
    "graph": [],
    "nodes": [
      {
        "id": "0db6d0ce-02ff-424d-867a-626a0f22c9d9"
      },
      {
        "id": "bc72d998-c2ce-48ae-8a3e-4e7c66687d37"
      },
      {
        "id": "c628aa03-5f05-4181-84f5-577dfa8f30a1"
      },
      {
        "id": "9177088c-ba94-4a33-ac55-1e66795c02e9"
      },
      {
        "id": "21c6d07d-50f6-4299-8c73-d8d662bee7d2"
      },
      {
        "id": "7bd87b38-ebc1-4cee-ab45-228516a104a2"
      },
      {
        "id": "90d6dc62-fcf5-4805-85f4-e9c76a2ef89d"
      },
      {
        "id": "20c71b81-1a6d-42ab-8678-52dd247a88bb"
      },
      {
        "id": "ce91f47f-13a6-4529-858c-f37a2a6791d0"
      },
      {
        "id": "a097fb04-d09b-48a5-8eb4-8ac14c9c2235"
      },
      {
        "id": "879439a3-0d4c-454d-bd56-533ea4fc433c"
      },
      {
        "id": "06fc15e4-2f0e-49c5-8cbe-e4738db251db"
      },
      {
        "id": "a6cc4ff3-84a9-4f93-9876-1f93ba6823b6"
      },
      {
        "id": "337b5385-e508-4e73-91ea-7ba19bcbfd6b"
      },
      {
        "id": "b61818c5-c8f6-4be6-93f6-970e4657d820"
      },
      {
        "id": "7f3d26b4-c3ca-4226-9a0e-a547a7d4f227"
      },
      {
        "id": "87b81019-a08f-4cb1-9021-11bd031aed1f"
      },
      {
        "id": "e90c9e18-b2ab-4f90-a78d-aa1bf89f62bd"
      },
      {
        "id": "d6da3c4f-be41-4832-9d9d-a2f4b9bc4831"
      },
      {
        "id": "a60fd668-3589-4071-96fe-73d26497a18f"
      },
      {
        "id": "579700dd-d13a-4b6d-b9a0-f094eb15d99c"
      },
      {
        "id": "c2ab14ff-ac74-4e3f-a93c-582af2c6656e"
      },
      {
        "id": "324527c7-5d4a-407a-803c-5769b7b0f697"
      },
      {
        "id": "0db5e7ec-2b8f-4f8b-88a6-a8767344263e"
      },
      {
        "id": "b36e3e91-19af-4d62-9f52-18d22eae129e"
      },
      {
        "id": "7b98aa92-3963-4c9f-b63f-296d384146d0"
      },
      {
        "id": "0e6af1a7-09aa-4f14-a9a6-6b7d02fc3818"
      },
      {
        "id": "30271ee8-042c-495f-ae9e-2be0119687ec"
      },
      {
        "id": "101ab0d8-0e33-40af-bfc7-4ea91c160046"
      },
      {
        "id": "5e348df9-0833-4937-8170-536c16e33a38"
      },
      {
        "id": "c0c32f81-066c-4673-b33e-64e79a9de3aa"
      },
      {
        "id": "456d83ce-7462-4e3a-92c2-abe92b886c6a"
      },
      {
        "id": "250d2a56-e874-43de-93bc-a117b8528c65"
      },
      {
        "id": "de30947e-d4fb-455c-93e3-5a432922f011"
      },
      {
        "id": "bf577467-7ff2-4632-b377-46890392606e"
      },
      {
        "id": "fa00ed31-e2c5-4f63-b9b3-9424e475848a"
      }
    ],
    "adjacency": [
      [
        {
          "lmin": 0,
          "lmax": Infinity,
          "id": "bc72d998-c2ce-48ae-8a3e-4e7c66687d37"
        }
      ],
      [
        {
          "lmin": 0,
          "lmax": Infinity,
          "id": "c628aa03-5f05-4181-84f5-577dfa8f30a1"
        },
        {
          "lmin": 0,
          "lmax": 44.52642930611797,
          "id": "21c6d07d-50f6-4299-8c73-d8d662bee7d2"
        }
      ],
      [
        {
          "lmin": 0,
          "lmax": Infinity,
          "id": "21c6d07d-50f6-4299-8c73-d8d662bee7d2"
        }
      ],
      [
        {
          "lmin": 0,
          "lmax": Infinity,
          "id": "21c6d07d-50f6-4299-8c73-d8d662bee7d2"
        }
      ],
      [
        {
          "lmin": 25.852342387903857,
          "lmax": Infinity,
          "id": "90d6dc62-fcf5-4805-85f4-e9c76a2ef89d"
        }
      ],
      [
        {
          "lmin": 0,
          "lmax": Infinity,
          "id": "21c6d07d-50f6-4299-8c73-d8d662bee7d2"
        }
      ],
      [
        {
          "lmin": 0,
          "lmax": Infinity,
          "id": "20c71b81-1a6d-42ab-8678-52dd247a88bb"
        }
      ],
      [
        {
          "lmin": 0,
          "lmax": Infinity,
          "id": "ce91f47f-13a6-4529-858c-f37a2a6791d0"
        },
        {
          "lmin": 0,
          "lmax": 79.28803288343379,
          "id": "879439a3-0d4c-454d-bd56-533ea4fc433c"
        }
      ],
      [
        {
          "lmin": 0,
          "lmax": Infinity,
          "id": "879439a3-0d4c-454d-bd56-533ea4fc433c"
        }
      ],
      [
        {
          "lmin": 0,
          "lmax": Infinity,
          "id": "879439a3-0d4c-454d-bd56-533ea4fc433c"
        }
      ],
      [
        {
          "lmin": 19.193436126929267,
          "lmax": Infinity,
          "id": "06fc15e4-2f0e-49c5-8cbe-e4738db251db"
        }
      ],
      [],
      [
        {
          "lmin": 0,
          "lmax": Infinity,
          "id": "337b5385-e508-4e73-91ea-7ba19bcbfd6b"
        },
        {
          "lmin": 0,
          "lmax": 88.87798442989262,
          "id": "e90c9e18-b2ab-4f90-a78d-aa1bf89f62bd"
        }
      ],
      [
        {
          "lmin": 0,
          "lmax": Infinity,
          "id": "e90c9e18-b2ab-4f90-a78d-aa1bf89f62bd"
        }
      ],
      [
        {
          "lmin": 0,
          "lmax": Infinity,
          "id": "7f3d26b4-c3ca-4226-9a0e-a547a7d4f227"
        },
        {
          "lmin": 0,
          "lmax": 45.60337251865759,
          "id": "e90c9e18-b2ab-4f90-a78d-aa1bf89f62bd"
        }
      ],
      [
        {
          "lmin": 0,
          "lmax": Infinity,
          "id": "e90c9e18-b2ab-4f90-a78d-aa1bf89f62bd"
        }
      ],
      [
        {
          "lmin": 0,
          "lmax": Infinity,
          "id": "e90c9e18-b2ab-4f90-a78d-aa1bf89f62bd"
        }
      ],
      [
        {
          "lmin": 11.648620744337576,
          "lmax": Infinity,
          "id": "d6da3c4f-be41-4832-9d9d-a2f4b9bc4831"
        }
      ],
      [
        {
          "lmin": 0,
          "lmax": Infinity,
          "id": "5e348df9-0833-4937-8170-536c16e33a38"
        }
      ],
      [
        {
          "lmin": 0,
          "lmax": Infinity,
          "id": "579700dd-d13a-4b6d-b9a0-f094eb15d99c"
        }
      ],
      [
        {
          "lmin": 0,
          "lmax": Infinity,
          "id": "324527c7-5d4a-407a-803c-5769b7b0f697"
        },
        {
          "lmin": 0,
          "lmax": 70.7234375585335,
          "id": "b36e3e91-19af-4d62-9f52-18d22eae129e"
        }
      ],
      [
        {
          "lmin": 0,
          "lmax": Infinity,
          "id": "579700dd-d13a-4b6d-b9a0-f094eb15d99c"
        }
      ],
      [
        {
          "lmin": 0,
          "lmax": Infinity,
          "id": "b36e3e91-19af-4d62-9f52-18d22eae129e"
        }
      ],
      [
        {
          "lmin": 0,
          "lmax": Infinity,
          "id": "b36e3e91-19af-4d62-9f52-18d22eae129e"
        }
      ],
      [
        {
          "lmin": 13.454262424194942,
          "lmax": Infinity,
          "id": "7b98aa92-3963-4c9f-b63f-296d384146d0"
        }
      ],
      [
        {
          "lmin": 0,
          "lmax": Infinity,
          "id": "0e6af1a7-09aa-4f14-a9a6-6b7d02fc3818"
        }
      ],
      [
        {
          "lmin": 0,
          "lmax": Infinity,
          "id": "30271ee8-042c-495f-ae9e-2be0119687ec"
        },
        {
          "lmin": 0,
          "lmax": 38.97301998289571,
          "id": "101ab0d8-0e33-40af-bfc7-4ea91c160046"
        }
      ],
      [
        {
          "lmin": 0,
          "lmax": Infinity,
          "id": "101ab0d8-0e33-40af-bfc7-4ea91c160046"
        }
      ],
      [
        {
          "lmin": 16.51122252522795,
          "lmax": Infinity,
          "id": "0db6d0ce-02ff-424d-867a-626a0f22c9d9"
        }
      ],
      [
        {
          "lmin": 0,
          "lmax": Infinity,
          "id": "250d2a56-e874-43de-93bc-a117b8528c65"
        },
        {
          "lmin": 0,
          "lmax": 71.95936825413216,
          "id": "de30947e-d4fb-455c-93e3-5a432922f011"
        }
      ],
      [
        {
          "lmin": 0,
          "lmax": Infinity,
          "id": "456d83ce-7462-4e3a-92c2-abe92b886c6a"
        },
        {
          "lmin": 0,
          "lmax": 34.814899071234365,
          "id": "de30947e-d4fb-455c-93e3-5a432922f011"
        }
      ],
      [
        {
          "lmin": 0,
          "lmax": Infinity,
          "id": "de30947e-d4fb-455c-93e3-5a432922f011"
        }
      ],
      [
        {
          "lmin": 0,
          "lmax": Infinity,
          "id": "de30947e-d4fb-455c-93e3-5a432922f011"
        }
      ],
      [
        {
          "lmin": 11.932078541241665,
          "lmax": Infinity,
          "id": "a60fd668-3589-4071-96fe-73d26497a18f"
        }
      ],
      [
        {
          "lmin": 0,
          "lmax": Infinity,
          "id": "fa00ed31-e2c5-4f63-b9b3-9424e475848a"
        }
      ],
      [
        {
          "lmin": 51.46804308168587,
          "lmax": Infinity,
          "id": "c2ab14ff-ac74-4e3f-a93c-582af2c6656e"
        }
      ]
    ]
  }
}