{
  "identifier": "06c98fc7-921b-450f-a9fa-9282b0bd3cba",
  "chemical_reactions": [
    {
      "identifier": "259788d8-6d9c-4116-aabb-0d0e15eb1a8a",
      "reactants": [
        {
          "identifier": "02015488-2d50-44eb-8a98-f0c6b3625151",
          "smiles": "C1CCNC1",
          "state_of_matter": "LIQUID",
          "molecular_weight": 71.12096000000004,
          "density": 1.0,
          "mass": 71.12096000000004,
          "is_produced_by": [],
          "is_consumed_by": [
            "259788d8-6d9c-4116-aabb-0d0e15eb1a8a"
          ],
          "provenance__density": "dummy estimator based on mw",
          "provenance__is_consumed_by": null,
          "provenance__is_produced_by": null,
          "provenance__mass": null,
          "provenance__molecular_weight": "periodic table",
          "provenance__smiles": null,
          "provenance__state_of_matter": "dummy estimator based on mw"
        },
        {
          "identifier": "34294710-59c4-42ef-9c2e-8a85e008e0a8",
          "smiles": "CC(C)(C)c1ccccc1OS(=O)(=O)C(F)(F)F",
          "state_of_matter": "SOLID",
          "molecular_weight": 282.2793296000002,
          "density": 1.4,
          "mass": 282.2793296000002,
          "is_produced_by": [],
          "is_consumed_by": [
            "259788d8-6d9c-4116-aabb-0d0e15eb1a8a"
          ],
          "provenance__density": "dummy estimator based on mw",
          "provenance__is_consumed_by": null,
          "provenance__is_produced_by": null,
          "provenance__mass": null,
          "provenance__molecular_weight": "periodic table",
          "provenance__smiles": null,
          "provenance__state_of_matter": "dummy estimator based on mw"
        }
      ],
      "reagents": [
        {
          "identifier": "0ce705d9-1cd8-4dd8-bfb9-4d68859c0365",
          "smiles": "Cc1ccccc1",
          "state_of_matter": "LIQUID",
          "molecular_weight": 92.13842000000004,
          "density": 1.0,
          "mass": 92.13842000000004,
          "is_produced_by": [],
          "is_consumed_by": [
            "259788d8-6d9c-4116-aabb-0d0e15eb1a8a"
          ],
          "provenance__density": "dummy estimator based on mw",
          "provenance__is_consumed_by": null,
          "provenance__is_produced_by": null,
          "provenance__mass": null,
          "provenance__molecular_weight": "periodic table",
          "provenance__smiles": null,
          "provenance__state_of_matter": "dummy estimator based on mw"
        },
        {
          "identifier": "49cd2dd2-0390-46f1-9458-ecea52a9f4f1",
          "smiles": "CC(=O)[O-].CC(=O)[O-].[Pd+2]",
          "state_of_matter": "SOLID",
          "molecular_weight": 224.50803999999994,
          "density": 1.4,
          "mass": 224.50803999999994,
          "is_produced_by": [],
          "is_consumed_by": [
            "259788d8-6d9c-4116-aabb-0d0e15eb1a8a"
          ],
          "provenance__density": "dummy estimator based on mw",
          "provenance__is_consumed_by": null,
          "provenance__is_produced_by": null,
          "provenance__mass": null,
          "provenance__molecular_weight": "periodic table",
          "provenance__smiles": null,
          "provenance__state_of_matter": "dummy estimator based on mw"
        },
        {
          "identifier": "a78f6626-4a2d-4f97-bc7c-d0664b8a44d7",
          "smiles": "O=C(O[Cs])O[Cs]",
          "state_of_matter": "SOLID",
          "molecular_weight": 325.8198,
          "density": 1.4,
          "mass": 325.8198,
          "is_produced_by": [],
          "is_consumed_by": [
            "259788d8-6d9c-4116-aabb-0d0e15eb1a8a"
          ],
          "provenance__density": "dummy estimator based on mw",
          "provenance__is_consumed_by": null,
          "provenance__is_produced_by": null,
          "provenance__mass": null,
          "provenance__molecular_weight": "periodic table",
          "provenance__smiles": null,
          "provenance__state_of_matter": "dummy estimator based on mw"
        },
        {
          "identifier": "9adceaf4-e278-4396-9608-18a4a6cfd902",
          "smiles": "c1ccc(P(c2ccccc2)c2ccc3ccccc3c2c2c(P(c3ccccc3)c3ccccc3)ccc3ccccc32)cc1",
          "state_of_matter": "SOLID",
          "molecular_weight": 622.6724019999987,
          "density": 1.4,
          "mass": 622.6724019999987,
          "is_produced_by": [],
          "is_consumed_by": [
            "259788d8-6d9c-4116-aabb-0d0e15eb1a8a"
          ],
          "provenance__density": "dummy estimator based on mw",
          "provenance__is_consumed_by": null,
          "provenance__is_produced_by": null,
          "provenance__mass": null,
          "provenance__molecular_weight": "periodic table",
          "provenance__smiles": null,
          "provenance__state_of_matter": "dummy estimator based on mw"
        }
      ],
      "products": [
        {
          "identifier": "718095a7-a63f-4e64-9657-336f49e8e5ff",
          "smiles": "CC(C)(C)c1ccccc1N1CCCC1",
          "state_of_matter": "SOLID",
          "molecular_weight": 203.32323999999974,
          "density": 1.4,
          "mass": 203.32323999999974,
          "is_produced_by": [
            "259788d8-6d9c-4116-aabb-0d0e15eb1a8a"
          ],
          "is_consumed_by": [],
          "provenance__density": "dummy estimator based on mw",
          "provenance__is_consumed_by": null,
          "provenance__is_produced_by": null,
          "provenance__mass": null,
          "provenance__molecular_weight": "periodic table",
          "provenance__smiles": null,
          "provenance__state_of_matter": "dummy estimator based on mw"
        }
      ],
      "stoichiometry": {
        "02015488-2d50-44eb-8a98-f0c6b3625151": 1.0,
        "34294710-59c4-42ef-9c2e-8a85e008e0a8": 1.0,
        "718095a7-a63f-4e64-9657-336f49e8e5ff": -1.0
      },
      "temperature": 355.681005603075,
      "intended_ratios": {
        "02015488-2d50-44eb-8a98-f0c6b3625151": 1.0,
        "34294710-59c4-42ef-9c2e-8a85e008e0a8": 1.0,
        "0ce705d9-1cd8-4dd8-bfb9-4d68859c0365": 1.0,
        "49cd2dd2-0390-46f1-9458-ecea52a9f4f1": 1.0,
        "a78f6626-4a2d-4f97-bc7c-d0664b8a44d7": 1.0,
        "9adceaf4-e278-4396-9608-18a4a6cfd902": 1.0
      },
      "expected_yields": {
        "718095a7-a63f-4e64-9657-336f49e8e5ff": 1.0
      },
      "reaction_extent": 1.0
    },
    {
      "identifier": "ad9c6f38-be44-4ff5-95d2-af70c2813cd4",
      "reactants": [
        {
          "identifier": "65ff003f-bd8c-443d-bf63-028bc3b71640",
          "smiles": "CC(C)(C)c1cc(B(O)O)ccc1N1CCCC1",
          "state_of_matter": "SOLID",
          "molecular_weight": 247.14097999999973,
          "density": 1.4,
          "mass": 247.14097999999973,
          "is_produced_by": [],
          "is_consumed_by": [
            "ad9c6f38-be44-4ff5-95d2-af70c2813cd4"
          ],
          "provenance__density": "dummy estimator based on mw",
          "provenance__is_consumed_by": null,
          "provenance__is_produced_by": null,
          "provenance__mass": null,
          "provenance__molecular_weight": "periodic table",
          "provenance__smiles": null,
          "provenance__state_of_matter": "dummy estimator based on mw"
        },
        {
          "identifier": "c74e00b5-c001-433d-bc82-c7b7621b54a1",
          "smiles": "COC(=O)c1ccc(-c2ccc(OCCO)c(Br)c2)cc1",
          "state_of_matter": "SOLID",
          "molecular_weight": 351.19190000000026,
          "density": 1.4,
          "mass": 351.19190000000026,
          "is_produced_by": [],
          "is_consumed_by": [
            "ad9c6f38-be44-4ff5-95d2-af70c2813cd4"
          ],
          "provenance__density": "dummy estimator based on mw",
          "provenance__is_consumed_by": null,
          "provenance__is_produced_by": null,
          "provenance__mass": null,
          "provenance__molecular_weight": "periodic table",
          "provenance__smiles": null,
          "provenance__state_of_matter": "dummy estimator based on mw"
        }
      ],
      "reagents": [
        {
          "identifier": "9992dc0e-4a9e-47eb-abac-ecaa23d3e2d6",
          "smiles": "O",
          "state_of_matter": "LIQUID",
          "molecular_weight": 18.01528,
          "density": 1.0,
          "mass": 18.01528,
          "is_produced_by": [],
          "is_consumed_by": [
            "ad9c6f38-be44-4ff5-95d2-af70c2813cd4"
          ],
          "provenance__density": "dummy estimator based on mw",
          "provenance__is_consumed_by": null,
          "provenance__is_produced_by": null,
          "provenance__mass": null,
          "provenance__molecular_weight": "periodic table",
          "provenance__smiles": null,
          "provenance__state_of_matter": "dummy estimator based on mw"
        },
        {
          "identifier": "f470dbca-0494-4d95-9b16-475a828ebeab",
          "smiles": "O=C(O[K])O[K]",
          "state_of_matter": "SOLID",
          "molecular_weight": 138.2055,
          "density": 1.4,
          "mass": 138.2055,
          "is_produced_by": [],
          "is_consumed_by": [
            "ad9c6f38-be44-4ff5-95d2-af70c2813cd4"
          ],
          "provenance__density": "dummy estimator based on mw",
          "provenance__is_consumed_by": null,
          "provenance__is_produced_by": null,
          "provenance__mass": null,
          "provenance__molecular_weight": "periodic table",
          "provenance__smiles": null,
          "provenance__state_of_matter": "dummy estimator based on mw"
        },
        {
          "identifier": "c7983210-132e-4992-a4fb-440b2d69c5c0",
          "smiles": "C1COCCO1",
          "state_of_matter": "LIQUID",
          "molecular_weight": 88.10512000000004,
          "density": 1.0,
          "mass": 88.10512000000004,
          "is_produced_by": [],
          "is_consumed_by": [
            "ad9c6f38-be44-4ff5-95d2-af70c2813cd4"
          ],
          "provenance__density": "dummy estimator based on mw",
          "provenance__is_consumed_by": null,
          "provenance__is_produced_by": null,
          "provenance__mass": null,
          "provenance__molecular_weight": "periodic table",
          "provenance__smiles": null,
          "provenance__state_of_matter": "dummy estimator based on mw"
        }
      ],
      "products": [
        {
          "identifier": "be68e599-c574-47cb-abfc-c96bfea4a576",
          "smiles": "COC(=O)c1ccc(-c2ccc(OCCO)c(-c3ccc(N4CCCC4)c(C(C)(C)C)c3)c2)cc1",
          "state_of_matter": "SOLID",
          "molecular_weight": 473.60320000000047,
          "density": 1.4,
          "mass": 473.60320000000047,
          "is_produced_by": [
            "ad9c6f38-be44-4ff5-95d2-af70c2813cd4"
          ],
          "is_consumed_by": [],
          "provenance__density": "dummy estimator based on mw",
          "provenance__is_consumed_by": null,
          "provenance__is_produced_by": null,
          "provenance__mass": null,
          "provenance__molecular_weight": "periodic table",
          "provenance__smiles": null,
          "provenance__state_of_matter": "dummy estimator based on mw"
        }
      ],
      "stoichiometry": {
        "65ff003f-bd8c-443d-bf63-028bc3b71640": 1.0,
        "c74e00b5-c001-433d-bc82-c7b7621b54a1": 1.0,
        "be68e599-c574-47cb-abfc-c96bfea4a576": -1.0
      },
      "temperature": 337.429408711195,
      "intended_ratios": {
        "65ff003f-bd8c-443d-bf63-028bc3b71640": 1.0,
        "c74e00b5-c001-433d-bc82-c7b7621b54a1": 1.0,
        "9992dc0e-4a9e-47eb-abac-ecaa23d3e2d6": 1.0,
        "f470dbca-0494-4d95-9b16-475a828ebeab": 1.0,
        "c7983210-132e-4992-a4fb-440b2d69c5c0": 1.0
      },
      "expected_yields": {
        "be68e599-c574-47cb-abfc-c96bfea4a576": 1.0
      },
      "reaction_extent": 1.0
    },
    {
      "identifier": "297a76e9-ba12-48fe-a7ea-22264b9a7bec",
      "reactants": [
        {
          "identifier": "b3302f74-f153-4f5d-9a65-277e18349da9",
          "smiles": "CC(C)(C)c1cc(Br)ccc1N1CCCC1",
          "state_of_matter": "SOLID",
          "molecular_weight": 282.2193000000003,
          "density": 1.4,
          "mass": 282.2193000000003,
          "is_produced_by": [],
          "is_consumed_by": [
            "297a76e9-ba12-48fe-a7ea-22264b9a7bec"
          ],
          "provenance__density": "dummy estimator based on mw",
          "provenance__is_consumed_by": null,
          "provenance__is_produced_by": null,
          "provenance__mass": null,
          "provenance__molecular_weight": "periodic table",
          "provenance__smiles": null,
          "provenance__state_of_matter": "dummy estimator based on mw"
        }
      ],
      "reagents": [
        {
          "identifier": "f122cf99-2046-447b-9e55-796e0e48715e",
          "smiles": "C1CCOC1",
          "state_of_matter": "LIQUID",
          "molecular_weight": 72.10572000000005,
          "density": 1.0,
          "mass": 72.10572000000005,
          "is_produced_by": [],
          "is_consumed_by": [
            "297a76e9-ba12-48fe-a7ea-22264b9a7bec"
          ],
          "provenance__density": "dummy estimator based on mw",
          "provenance__is_consumed_by": null,
          "provenance__is_produced_by": null,
          "provenance__mass": null,
          "provenance__molecular_weight": "periodic table",
          "provenance__smiles": null,
          "provenance__state_of_matter": "dummy estimator based on mw"
        },
        {
          "identifier": "dd830873-ff1d-44cf-a5d5-09e80cfc1ae8",
          "smiles": "[Li]CCCC",
          "state_of_matter": "SOLID",
          "molecular_weight": 64.05525999999999,
          "density": 1.4,
          "mass": 64.05525999999999,
          "is_produced_by": [],
          "is_consumed_by": [
            "297a76e9-ba12-48fe-a7ea-22264b9a7bec"
          ],
          "provenance__density": "dummy estimator based on mw",
          "provenance__is_consumed_by": null,
          "provenance__is_produced_by": null,
          "provenance__mass": null,
          "provenance__molecular_weight": "periodic table",
          "provenance__smiles": null,
          "provenance__state_of_matter": "dummy estimator based on mw"
        },
        {
          "identifier": "e48adcc9-f9e0-44d3-b6da-a844bc811cd1",
          "smiles": "CC(C)OB(OC(C)C)OC(C)C",
          "state_of_matter": "LIQUID",
          "molecular_weight": 188.07223999999977,
          "density": 1.0,
          "mass": 188.07223999999977,
          "is_produced_by": [],
          "is_consumed_by": [
            "297a76e9-ba12-48fe-a7ea-22264b9a7bec"
          ],
          "provenance__density": "dummy estimator based on mw",
          "provenance__is_consumed_by": null,
          "provenance__is_produced_by": null,
          "provenance__mass": null,
          "provenance__molecular_weight": "periodic table",
          "provenance__smiles": null,
          "provenance__state_of_matter": "dummy estimator based on mw"
        }
      ],
      "products": [
        {
          "identifier": "007e0918-665e-4f24-9f5e-adbb6e44ac18",
          "smiles": "CC(C)(C)c1cc(B(O)O)ccc1N1CCCC1",
          "state_of_matter": "SOLID",
          "molecular_weight": 247.14097999999973,
          "density": 1.4,
          "mass": 247.14097999999973,
          "is_produced_by": [
            "297a76e9-ba12-48fe-a7ea-22264b9a7bec"
          ],
          "is_consumed_by": [],
          "provenance__density": "dummy estimator based on mw",
          "provenance__is_consumed_by": null,
          "provenance__is_produced_by": null,
          "provenance__mass": null,
          "provenance__molecular_weight": "periodic table",
          "provenance__smiles": null,
          "provenance__state_of_matter": "dummy estimator based on mw"
        }
      ],
      "stoichiometry": {
        "b3302f74-f153-4f5d-9a65-277e18349da9": 1.0,
        "007e0918-665e-4f24-9f5e-adbb6e44ac18": -1.0
      },
      "temperature": 190.80204177796838,
      "intended_ratios": {
        "b3302f74-f153-4f5d-9a65-277e18349da9": 1.0,
        "f122cf99-2046-447b-9e55-796e0e48715e": 1.0,
        "dd830873-ff1d-44cf-a5d5-09e80cfc1ae8": 1.0,
        "e48adcc9-f9e0-44d3-b6da-a844bc811cd1": 1.0
      },
      "expected_yields": {
        "007e0918-665e-4f24-9f5e-adbb6e44ac18": 1.0
      },
      "reaction_extent": 1.0
    },
    {
      "identifier": "6365f043-7012-4aa6-a8d9-ebfc0c524d87",
      "reactants": [
        {
          "identifier": "7414fa47-35f6-49fc-984c-b8c479e8d9d8",
          "smiles": "CC(C)(C)c1ccccc1N1CCCC1",
          "state_of_matter": "SOLID",
          "molecular_weight": 203.32323999999974,
          "density": 1.4,
          "mass": 203.32323999999974,
          "is_produced_by": [],
          "is_consumed_by": [
            "6365f043-7012-4aa6-a8d9-ebfc0c524d87"
          ],
          "provenance__density": "dummy estimator based on mw",
          "provenance__is_consumed_by": null,
          "provenance__is_produced_by": null,
          "provenance__mass": null,
          "provenance__molecular_weight": "periodic table",
          "provenance__smiles": null,
          "provenance__state_of_matter": "dummy estimator based on mw"
        }
      ],
      "reagents": [
        {
          "identifier": "f76b9719-430f-4ef6-b51a-70e67ac3ea73",
          "smiles": "BrBr",
          "state_of_matter": "LIQUID",
          "molecular_weight": 159.808,
          "density": 1.0,
          "mass": 159.808,
          "is_produced_by": [],
          "is_consumed_by": [
            "6365f043-7012-4aa6-a8d9-ebfc0c524d87"
          ],
          "provenance__density": "dummy estimator based on mw",
          "provenance__is_consumed_by": null,
          "provenance__is_produced_by": null,
          "provenance__mass": null,
          "provenance__molecular_weight": "periodic table",
          "provenance__smiles": null,
          "provenance__state_of_matter": "dummy estimator based on mw"
        }
      ],
      "products": [
        {
          "identifier": "33ec04c7-6714-4491-95eb-38bdd0509a01",
          "smiles": "CC(C)(C)c1cc(Br)ccc1N1CCCC1",
          "state_of_matter": "SOLID",
          "molecular_weight": 282.2193000000003,
          "density": 1.4,
          "mass": 282.2193000000003,
          "is_produced_by": [
            "6365f043-7012-4aa6-a8d9-ebfc0c524d87"
          ],
          "is_consumed_by": [],
          "provenance__density": "dummy estimator based on mw",
          "provenance__is_consumed_by": null,
          "provenance__is_produced_by": null,
          "provenance__mass": null,
          "provenance__molecular_weight": "periodic table",
          "provenance__smiles": null,
          "provenance__state_of_matter": "dummy estimator based on mw"
        }
      ],
      "stoichiometry": {
        "7414fa47-35f6-49fc-984c-b8c479e8d9d8": 1.0,
        "33ec04c7-6714-4491-95eb-38bdd0509a01": -1.0
      },
      "temperature": 312.1091839492321,
      "intended_ratios": {
        "7414fa47-35f6-49fc-984c-b8c479e8d9d8": 1.0,
        "f76b9719-430f-4ef6-b51a-70e67ac3ea73": 1.0
      },
      "expected_yields": {
        "33ec04c7-6714-4491-95eb-38bdd0509a01": 1.0
      },
      "reaction_extent": 1.0
    },
    {
      "identifier": "047e0a96-6d7e-437a-9ca1-6ca6ece880d7",
      "reactants": [
        {
          "identifier": "753bdee0-1433-4428-97cf-42a7c5b05c4e",
          "smiles": "CC(C)(C)c1ccccc1O",
          "state_of_matter": "LIQUID",
          "molecular_weight": 150.21755999999988,
          "density": 1.0,
          "mass": 150.21755999999988,
          "is_produced_by": [],
          "is_consumed_by": [
            "047e0a96-6d7e-437a-9ca1-6ca6ece880d7"
          ],
          "provenance__density": "dummy estimator based on mw",
          "provenance__is_consumed_by": null,
          "provenance__is_produced_by": null,
          "provenance__mass": null,
          "provenance__molecular_weight": "periodic table",
          "provenance__smiles": null,
          "provenance__state_of_matter": "dummy estimator based on mw"
        },
        {
          "identifier": "e4f4b014-ba87-458a-a17b-3c57339bfe62",
          "smiles": "O=S(=O)(OS(=O)(=O)C(F)(F)F)C(F)(F)F",
          "state_of_matter": "SOLID",
          "molecular_weight": 282.1388191999999,
          "density": 1.4,
          "mass": 282.1388191999999,
          "is_produced_by": [],
          "is_consumed_by": [
            "047e0a96-6d7e-437a-9ca1-6ca6ece880d7"
          ],
          "provenance__density": "dummy estimator based on mw",
          "provenance__is_consumed_by": null,
          "provenance__is_produced_by": null,
          "provenance__mass": null,
          "provenance__molecular_weight": "periodic table",
          "provenance__smiles": null,
          "provenance__state_of_matter": "dummy estimator based on mw"
        }
      ],
      "reagents": [
        {
          "identifier": "fb4d9595-d84d-4e6d-ac58-2646e79373d0",
          "smiles": "ClCCl",
          "state_of_matter": "LIQUID",
          "molecular_weight": 84.93258000000002,
          "density": 1.0,
          "mass": 84.93258000000002,
          "is_produced_by": [],
          "is_consumed_by": [
            "047e0a96-6d7e-437a-9ca1-6ca6ece880d7"
          ],
          "provenance__density": "dummy estimator based on mw",
          "provenance__is_consumed_by": null,
          "provenance__is_produced_by": null,
          "provenance__mass": null,
          "provenance__molecular_weight": "periodic table",
          "provenance__smiles": null,
          "provenance__state_of_matter": "dummy estimator based on mw"
        },
        {
          "identifier": "281f73fd-4db7-41f4-9cbc-928b32620bba",
          "smiles": "CCN(CC)CC",
          "state_of_matter": "LIQUID",
          "molecular_weight": 101.19000000000008,
          "density": 1.0,
          "mass": 101.19000000000008,
          "is_produced_by": [],
          "is_consumed_by": [
            "047e0a96-6d7e-437a-9ca1-6ca6ece880d7"
          ],
          "provenance__density": "dummy estimator based on mw",
          "provenance__is_consumed_by": null,
          "provenance__is_produced_by": null,
          "provenance__mass": null,
          "provenance__molecular_weight": "periodic table",
          "provenance__smiles": null,
          "provenance__state_of_matter": "dummy estimator based on mw"
        }
      ],
      "products": [
        {
          "identifier": "263cfe4c-c756-4bdb-b3d3-0b2c0ee37aa2",
          "smiles": "CC(C)(C)c1ccccc1OS(=O)(=O)C(F)(F)F",
          "state_of_matter": "SOLID",
          "molecular_weight": 282.2793296000002,
          "density": 1.4,
          "mass": 282.2793296000002,
          "is_produced_by": [
            "047e0a96-6d7e-437a-9ca1-6ca6ece880d7"
          ],
          "is_consumed_by": [],
          "provenance__density": "dummy estimator based on mw",
          "provenance__is_consumed_by": null,
          "provenance__is_produced_by": null,
          "provenance__mass": null,
          "provenance__molecular_weight": "periodic table",
          "provenance__smiles": null,
          "provenance__state_of_matter": "dummy estimator based on mw"
        }
      ],
      "stoichiometry": {
        "753bdee0-1433-4428-97cf-42a7c5b05c4e": 1.0,
        "e4f4b014-ba87-458a-a17b-3c57339bfe62": 1.0,
        "263cfe4c-c756-4bdb-b3d3-0b2c0ee37aa2": -1.0
      },
      "temperature": 255.63681197762486,
      "intended_ratios": {
        "753bdee0-1433-4428-97cf-42a7c5b05c4e": 1.0,
        "e4f4b014-ba87-458a-a17b-3c57339bfe62": 1.0,
        "fb4d9595-d84d-4e6d-ac58-2646e79373d0": 1.0,
        "281f73fd-4db7-41f4-9cbc-928b32620bba": 1.0
      },
      "expected_yields": {
        "263cfe4c-c756-4bdb-b3d3-0b2c0ee37aa2": 1.0
      },
      "reaction_extent": 1.0
    },
    {
      "identifier": "d1c1394b-c7e0-46db-a604-4d9eae04a66c",
      "reactants": [
        {
          "identifier": "c08e8af2-5721-4521-8daf-77a5ec0b4acc",
          "smiles": "CC(C)N",
          "state_of_matter": "LIQUID",
          "molecular_weight": 59.11025999999998,
          "density": 1.0,
          "mass": 59.11025999999998,
          "is_produced_by": [],
          "is_consumed_by": [
            "d1c1394b-c7e0-46db-a604-4d9eae04a66c"
          ],
          "provenance__density": "dummy estimator based on mw",
          "provenance__is_consumed_by": null,
          "provenance__is_produced_by": null,
          "provenance__mass": null,
          "provenance__molecular_weight": "periodic table",
          "provenance__smiles": null,
          "provenance__state_of_matter": "dummy estimator based on mw"
        },
        {
          "identifier": "6a762e5f-3460-47cf-bd8a-2bd29f5e2959",
          "smiles": "O=C(O)COc1cccc(-c2nc(Nc3ccc4[nH]ncc4c3)c3ccccc3n2)c1",
          "state_of_matter": "SOLID",
          "molecular_weight": 411.41278000000017,
          "density": 1.4,
          "mass": 411.41278000000017,
          "is_produced_by": [],
          "is_consumed_by": [
            "d1c1394b-c7e0-46db-a604-4d9eae04a66c"
          ],
          "provenance__density": "dummy estimator based on mw",
          "provenance__is_consumed_by": null,
          "provenance__is_produced_by": null,
          "provenance__mass": null,
          "provenance__molecular_weight": "periodic table",
          "provenance__smiles": null,
          "provenance__state_of_matter": "dummy estimator based on mw"
        }
      ],
      "reagents": [
        {
          "identifier": "926efd5b-de11-437f-81d0-f36cd049715e",
          "smiles": "CN(C)C=O",
          "state_of_matter": "LIQUID",
          "molecular_weight": 73.09378000000004,
          "density": 1.0,
          "mass": 73.09378000000004,
          "is_produced_by": [],
          "is_consumed_by": [
            "d1c1394b-c7e0-46db-a604-4d9eae04a66c"
          ],
          "provenance__density": "dummy estimator based on mw",
          "provenance__is_consumed_by": null,
          "provenance__is_produced_by": null,
          "provenance__mass": null,
          "provenance__molecular_weight": "periodic table",
          "provenance__smiles": null,
          "provenance__state_of_matter": "dummy estimator based on mw"
        },
        {
          "identifier": "23eba762-8dcd-4b75-805f-7b73feb39a1c",
          "smiles": "ClCCl",
          "state_of_matter": "LIQUID",
          "molecular_weight": 84.93258000000002,
          "density": 1.0,
          "mass": 84.93258000000002,
          "is_produced_by": [],
          "is_consumed_by": [
            "d1c1394b-c7e0-46db-a604-4d9eae04a66c"
          ],
          "provenance__density": "dummy estimator based on mw",
          "provenance__is_consumed_by": null,
          "provenance__is_produced_by": null,
          "provenance__mass": null,
          "provenance__molecular_weight": "periodic table",
          "provenance__smiles": null,
          "provenance__state_of_matter": "dummy estimator based on mw"
        },
        {
          "identifier": "6da28a22-377f-4f26-83b5-1b1eff4ed0b4",
          "smiles": "CCN(C(C)C)C(C)C",
          "state_of_matter": "LIQUID",
          "molecular_weight": 129.24316000000007,
          "density": 1.0,
          "mass": 129.24316000000007,
          "is_produced_by": [],
          "is_consumed_by": [
            "d1c1394b-c7e0-46db-a604-4d9eae04a66c"
          ],
          "provenance__density": "dummy estimator based on mw",
          "provenance__is_consumed_by": null,
          "provenance__is_produced_by": null,
          "provenance__mass": null,
          "provenance__molecular_weight": "periodic table",
          "provenance__smiles": null,
          "provenance__state_of_matter": "dummy estimator based on mw"
        },
        {
          "identifier": "a5ba17b0-4743-48d6-8ce1-718d52fb0945",
          "smiles": "F[P-](F)(F)(F)(F)F.c1ccc2c(c1)nnn2O[P+](N1CCCC1)(N1CCCC1)N1CCCC1",
          "state_of_matter": "SOLID",
          "molecular_weight": 521.4004011999998,
          "density": 1.4,
          "mass": 521.4004011999998,
          "is_produced_by": [],
          "is_consumed_by": [
            "d1c1394b-c7e0-46db-a604-4d9eae04a66c"
          ],
          "provenance__density": "dummy estimator based on mw",
          "provenance__is_consumed_by": null,
          "provenance__is_produced_by": null,
          "provenance__mass": null,
          "provenance__molecular_weight": "periodic table",
          "provenance__smiles": null,
          "provenance__state_of_matter": "dummy estimator based on mw"
        }
      ],
      "products": [
        {
          "identifier": "80b30abd-4ceb-4f8f-9853-d6139bd715cb",
          "smiles": "CC(C)NC(=O)COc1cccc(-c2nc(Nc3ccc4[nH]ncc4c3)c3ccccc3n2)c1",
          "state_of_matter": "SOLID",
          "molecular_weight": 452.5077600000003,
          "density": 1.4,
          "mass": 452.5077600000003,
          "is_produced_by": [
            "d1c1394b-c7e0-46db-a604-4d9eae04a66c"
          ],
          "is_consumed_by": [],
          "provenance__density": "dummy estimator based on mw",
          "provenance__is_consumed_by": null,
          "provenance__is_produced_by": null,
          "provenance__mass": null,
          "provenance__molecular_weight": "periodic table",
          "provenance__smiles": null,
          "provenance__state_of_matter": "dummy estimator based on mw"
        }
      ],
      "stoichiometry": {
        "c08e8af2-5721-4521-8daf-77a5ec0b4acc": 1.0,
        "6a762e5f-3460-47cf-bd8a-2bd29f5e2959": 1.0,
        "80b30abd-4ceb-4f8f-9853-d6139bd715cb": -1.0
      },
      "temperature": 294.2399628281593,
      "intended_ratios": {
        "c08e8af2-5721-4521-8daf-77a5ec0b4acc": 1.0,
        "6a762e5f-3460-47cf-bd8a-2bd29f5e2959": 1.0,
        "926efd5b-de11-437f-81d0-f36cd049715e": 1.0,
        "23eba762-8dcd-4b75-805f-7b73feb39a1c": 1.0,
        "6da28a22-377f-4f26-83b5-1b1eff4ed0b4": 1.0,
        "a5ba17b0-4743-48d6-8ce1-718d52fb0945": 1.0
      },
      "expected_yields": {
        "80b30abd-4ceb-4f8f-9853-d6139bd715cb": 1.0
      },
      "reaction_extent": 1.0
    },
    {
      "identifier": "38b36602-ca22-4b94-9a5f-e97d7a63946a",
      "reactants": [
        {
          "identifier": "40165169-eab2-4082-b0c7-0f22bf1c6c8d",
          "smiles": "COC(=O)CBr",
          "state_of_matter": "LIQUID",
          "molecular_weight": 152.97459999999995,
          "density": 1.0,
          "mass": 152.97459999999995,
          "is_produced_by": [],
          "is_consumed_by": [
            "38b36602-ca22-4b94-9a5f-e97d7a63946a"
          ],
          "provenance__density": "dummy estimator based on mw",
          "provenance__is_consumed_by": null,
          "provenance__is_produced_by": null,
          "provenance__mass": null,
          "provenance__molecular_weight": "periodic table",
          "provenance__smiles": null,
          "provenance__state_of_matter": "dummy estimator based on mw"
        },
        {
          "identifier": "19d951d1-b192-4251-8f55-472eb26063ca",
          "smiles": "Oc1cccc(-c2nc(Nc3ccc4[nH]ncc4c3)c3ccccc3n2)c1",
          "state_of_matter": "SOLID",
          "molecular_weight": 353.37670000000014,
          "density": 1.4,
          "mass": 353.37670000000014,
          "is_produced_by": [],
          "is_consumed_by": [
            "38b36602-ca22-4b94-9a5f-e97d7a63946a"
          ],
          "provenance__density": "dummy estimator based on mw",
          "provenance__is_consumed_by": null,
          "provenance__is_produced_by": null,
          "provenance__mass": null,
          "provenance__molecular_weight": "periodic table",
          "provenance__smiles": null,
          "provenance__state_of_matter": "dummy estimator based on mw"
        }
      ],
      "reagents": [
        {
          "identifier": "5488d967-0bbb-41d3-b5a4-d8f15933da52",
          "smiles": "CN(C)C=O",
          "state_of_matter": "LIQUID",
          "molecular_weight": 73.09378000000004,
          "density": 1.0,
          "mass": 73.09378000000004,
          "is_produced_by": [],
          "is_consumed_by": [
            "38b36602-ca22-4b94-9a5f-e97d7a63946a"
          ],
          "provenance__density": "dummy estimator based on mw",
          "provenance__is_consumed_by": null,
          "provenance__is_produced_by": null,
          "provenance__mass": null,
          "provenance__molecular_weight": "periodic table",
          "provenance__smiles": null,
          "provenance__state_of_matter": "dummy estimator based on mw"
        },
        {
          "identifier": "a0752d48-683a-481d-95fa-1b199355dbb7",
          "smiles": "O=C(O[K])O[K]",
          "state_of_matter": "SOLID",
          "molecular_weight": 138.2055,
          "density": 1.4,
          "mass": 138.2055,
          "is_produced_by": [],
          "is_consumed_by": [
            "38b36602-ca22-4b94-9a5f-e97d7a63946a"
          ],
          "provenance__density": "dummy estimator based on mw",
          "provenance__is_consumed_by": null,
          "provenance__is_produced_by": null,
          "provenance__mass": null,
          "provenance__molecular_weight": "periodic table",
          "provenance__smiles": null,
          "provenance__state_of_matter": "dummy estimator based on mw"
        },
        {
          "identifier": "054ba850-9334-4013-b151-aa23b7c200d9",
          "smiles": "ClCCl",
          "state_of_matter": "LIQUID",
          "molecular_weight": 84.93258000000002,
          "density": 1.0,
          "mass": 84.93258000000002,
          "is_produced_by": [],
          "is_consumed_by": [
            "38b36602-ca22-4b94-9a5f-e97d7a63946a"
          ],
          "provenance__density": "dummy estimator based on mw",
          "provenance__is_consumed_by": null,
          "provenance__is_produced_by": null,
          "provenance__mass": null,
          "provenance__molecular_weight": "periodic table",
          "provenance__smiles": null,
          "provenance__state_of_matter": "dummy estimator based on mw"
        }
      ],
      "products": [
        {
          "identifier": "80d7541d-ebbc-482c-88da-0f15e1bfb414",
          "smiles": "COC(=O)COc1cccc(-c2nc(Nc3ccc4[nH]ncc4c3)c3ccccc3n2)c1",
          "state_of_matter": "SOLID",
          "molecular_weight": 425.43936000000025,
          "density": 1.4,
          "mass": 425.43936000000025,
          "is_produced_by": [
            "38b36602-ca22-4b94-9a5f-e97d7a63946a"
          ],
          "is_consumed_by": [],
          "provenance__density": "dummy estimator based on mw",
          "provenance__is_consumed_by": null,
          "provenance__is_produced_by": null,
          "provenance__mass": null,
          "provenance__molecular_weight": "periodic table",
          "provenance__smiles": null,
          "provenance__state_of_matter": "dummy estimator based on mw"
        }
      ],
      "stoichiometry": {
        "40165169-eab2-4082-b0c7-0f22bf1c6c8d": 1.0,
        "19d951d1-b192-4251-8f55-472eb26063ca": 1.0,
        "80d7541d-ebbc-482c-88da-0f15e1bfb414": -1.0
      },
      "temperature": 318.9238932073116,
      "intended_ratios": {
        "40165169-eab2-4082-b0c7-0f22bf1c6c8d": 1.0,
        "19d951d1-b192-4251-8f55-472eb26063ca": 1.0,
        "5488d967-0bbb-41d3-b5a4-d8f15933da52": 1.0,
        "a0752d48-683a-481d-95fa-1b199355dbb7": 1.0,
        "054ba850-9334-4013-b151-aa23b7c200d9": 1.0
      },
      "expected_yields": {
        "80d7541d-ebbc-482c-88da-0f15e1bfb414": 1.0
      },
      "reaction_extent": 1.0
    },
    {
      "identifier": "a52466fb-1ac4-4d68-8ff1-8c7db1472695",
      "reactants": [
        {
          "identifier": "ba809015-9c94-4ae8-9f73-bcff9e5db255",
          "smiles": "COC(=O)COc1cccc(-c2nc(Nc3ccc4[nH]ncc4c3)c3ccccc3n2)c1",
          "state_of_matter": "SOLID",
          "molecular_weight": 425.43936000000025,
          "density": 1.4,
          "mass": 425.43936000000025,
          "is_produced_by": [],
          "is_consumed_by": [
            "a52466fb-1ac4-4d68-8ff1-8c7db1472695"
          ],
          "provenance__density": "dummy estimator based on mw",
          "provenance__is_consumed_by": null,
          "provenance__is_produced_by": null,
          "provenance__mass": null,
          "provenance__molecular_weight": "periodic table",
          "provenance__smiles": null,
          "provenance__state_of_matter": "dummy estimator based on mw"
        }
      ],
      "reagents": [
        {
          "identifier": "dbc1c6be-db49-46b7-95a3-a97cf2f6dce7",
          "smiles": "CN(C)C=O",
          "state_of_matter": "LIQUID",
          "molecular_weight": 73.09378000000004,
          "density": 1.0,
          "mass": 73.09378000000004,
          "is_produced_by": [],
          "is_consumed_by": [
            "a52466fb-1ac4-4d68-8ff1-8c7db1472695"
          ],
          "provenance__density": "dummy estimator based on mw",
          "provenance__is_consumed_by": null,
          "provenance__is_produced_by": null,
          "provenance__mass": null,
          "provenance__molecular_weight": "periodic table",
          "provenance__smiles": null,
          "provenance__state_of_matter": "dummy estimator based on mw"
        },
        {
          "identifier": "5b66f341-2a74-4d1b-b829-b833198929fc",
          "smiles": "ClCCl",
          "state_of_matter": "LIQUID",
          "molecular_weight": 84.93258000000002,
          "density": 1.0,
          "mass": 84.93258000000002,
          "is_produced_by": [],
          "is_consumed_by": [
            "a52466fb-1ac4-4d68-8ff1-8c7db1472695"
          ],
          "provenance__density": "dummy estimator based on mw",
          "provenance__is_consumed_by": null,
          "provenance__is_produced_by": null,
          "provenance__mass": null,
          "provenance__molecular_weight": "periodic table",
          "provenance__smiles": null,
          "provenance__state_of_matter": "dummy estimator based on mw"
        },
        {
          "identifier": "7c6bdda2-acb3-4a4f-9b52-2cfc5ee4e9be",
          "smiles": "CCN(C(C)C)C(C)C",
          "state_of_matter": "LIQUID",
          "molecular_weight": 129.24316000000007,
          "density": 1.0,
          "mass": 129.24316000000007,
          "is_produced_by": [],
          "is_consumed_by": [
            "a52466fb-1ac4-4d68-8ff1-8c7db1472695"
          ],
          "provenance__density": "dummy estimator based on mw",
          "provenance__is_consumed_by": null,
          "provenance__is_produced_by": null,
          "provenance__mass": null,
          "provenance__molecular_weight": "periodic table",
          "provenance__smiles": null,
          "provenance__state_of_matter": "dummy estimator based on mw"
        },
        {
          "identifier": "16ca0355-e74e-44ef-b7d4-eb382b01128a",
          "smiles": "F[P-](F)(F)(F)(F)F.c1ccc2c(c1)nnn2O[P+](N1CCCC1)(N1CCCC1)N1CCCC1",
          "state_of_matter": "SOLID",
          "molecular_weight": 521.4004011999998,
          "density": 1.4,
          "mass": 521.4004011999998,
          "is_produced_by": [],
          "is_consumed_by": [
            "a52466fb-1ac4-4d68-8ff1-8c7db1472695"
          ],
          "provenance__density": "dummy estimator based on mw",
          "provenance__is_consumed_by": null,
          "provenance__is_produced_by": null,
          "provenance__mass": null,
          "provenance__molecular_weight": "periodic table",
          "provenance__smiles": null,
          "provenance__state_of_matter": "dummy estimator based on mw"
        }
      ],
      "products": [
        {
          "identifier": "8a4719f9-e74a-4241-9c9c-dbbd50a5fb93",
          "smiles": "O=C(O)COc1cccc(-c2nc(Nc3ccc4[nH]ncc4c3)c3ccccc3n2)c1",
          "state_of_matter": "SOLID",
          "molecular_weight": 411.41278000000017,
          "density": 1.4,
          "mass": 411.41278000000017,
          "is_produced_by": [
            "a52466fb-1ac4-4d68-8ff1-8c7db1472695"
          ],
          "is_consumed_by": [],
          "provenance__density": "dummy estimator based on mw",
          "provenance__is_consumed_by": null,
          "provenance__is_produced_by": null,
          "provenance__mass": null,
          "provenance__molecular_weight": "periodic table",
          "provenance__smiles": null,
          "provenance__state_of_matter": "dummy estimator based on mw"
        }
      ],
      "stoichiometry": {
        "ba809015-9c94-4ae8-9f73-bcff9e5db255": 1.0,
        "8a4719f9-e74a-4241-9c9c-dbbd50a5fb93": -1.0
      },
      "temperature": 300.959981739521,
      "intended_ratios": {
        "ba809015-9c94-4ae8-9f73-bcff9e5db255": 1.0,
        "dbc1c6be-db49-46b7-95a3-a97cf2f6dce7": 1.0,
        "5b66f341-2a74-4d1b-b829-b833198929fc": 1.0,
        "7c6bdda2-acb3-4a4f-9b52-2cfc5ee4e9be": 1.0,
        "16ca0355-e74e-44ef-b7d4-eb382b01128a": 1.0
      },
      "expected_yields": {
        "8a4719f9-e74a-4241-9c9c-dbbd50a5fb93": 1.0
      },
      "reaction_extent": 1.0
    },
    {
      "identifier": "6851e126-cbba-4d65-9621-971a528473e1",
      "reactants": [
        {
          "identifier": "0c70936f-3c3d-4985-9e50-b4205e7ece1b",
          "smiles": "COC(=O)c1ccc(-c2ccc(O)c(Br)c2)cc1",
          "state_of_matter": "SOLID",
          "molecular_weight": 307.1393400000002,
          "density": 1.4,
          "mass": 307.1393400000002,
          "is_produced_by": [],
          "is_consumed_by": [
            "6851e126-cbba-4d65-9621-971a528473e1"
          ],
          "provenance__density": "dummy estimator based on mw",
          "provenance__is_consumed_by": null,
          "provenance__is_produced_by": null,
          "provenance__mass": null,
          "provenance__molecular_weight": "periodic table",
          "provenance__smiles": null,
          "provenance__state_of_matter": "dummy estimator based on mw"
        },
        {
          "identifier": "d7938663-a551-4277-9d55-1ca3629f4caa",
          "smiles": "OCCBr",
          "state_of_matter": "LIQUID",
          "molecular_weight": 124.96450000000003,
          "density": 1.0,
          "mass": 124.96450000000003,
          "is_produced_by": [],
          "is_consumed_by": [
            "6851e126-cbba-4d65-9621-971a528473e1"
          ],
          "provenance__density": "dummy estimator based on mw",
          "provenance__is_consumed_by": null,
          "provenance__is_produced_by": null,
          "provenance__mass": null,
          "provenance__molecular_weight": "periodic table",
          "provenance__smiles": null,
          "provenance__state_of_matter": "dummy estimator based on mw"
        }
      ],
      "reagents": [
        {
          "identifier": "bd8e7937-bfc2-4ad3-90f4-6be17a3af197",
          "smiles": "CN(C)C=O",
          "state_of_matter": "LIQUID",
          "molecular_weight": 73.09378000000004,
          "density": 1.0,
          "mass": 73.09378000000004,
          "is_produced_by": [],
          "is_consumed_by": [
            "6851e126-cbba-4d65-9621-971a528473e1"
          ],
          "provenance__density": "dummy estimator based on mw",
          "provenance__is_consumed_by": null,
          "provenance__is_produced_by": null,
          "provenance__mass": null,
          "provenance__molecular_weight": "periodic table",
          "provenance__smiles": null,
          "provenance__state_of_matter": "dummy estimator based on mw"
        },
        {
          "identifier": "fff2d02c-9b48-4e5b-8c57-d24610e46592",
          "smiles": "O=C(O[K])O[K]",
          "state_of_matter": "SOLID",
          "molecular_weight": 138.2055,
          "density": 1.4,
          "mass": 138.2055,
          "is_produced_by": [],
          "is_consumed_by": [
            "6851e126-cbba-4d65-9621-971a528473e1"
          ],
          "provenance__density": "dummy estimator based on mw",
          "provenance__is_consumed_by": null,
          "provenance__is_produced_by": null,
          "provenance__mass": null,
          "provenance__molecular_weight": "periodic table",
          "provenance__smiles": null,
          "provenance__state_of_matter": "dummy estimator based on mw"
        }
      ],
      "products": [
        {
          "identifier": "b3ee5778-dd96-4efb-abd4-65377dee01cf",
          "smiles": "COC(=O)c1ccc(-c2ccc(OCCO)c(Br)c2)cc1",
          "state_of_matter": "SOLID",
          "molecular_weight": 351.19190000000026,
          "density": 1.4,
          "mass": 351.19190000000026,
          "is_produced_by": [
            "6851e126-cbba-4d65-9621-971a528473e1"
          ],
          "is_consumed_by": [],
          "provenance__density": "dummy estimator based on mw",
          "provenance__is_consumed_by": null,
          "provenance__is_produced_by": null,
          "provenance__mass": null,
          "provenance__molecular_weight": "periodic table",
          "provenance__smiles": null,
          "provenance__state_of_matter": "dummy estimator based on mw"
        }
      ],
      "stoichiometry": {
        "0c70936f-3c3d-4985-9e50-b4205e7ece1b": 1.0,
        "d7938663-a551-4277-9d55-1ca3629f4caa": 1.0,
        "b3ee5778-dd96-4efb-abd4-65377dee01cf": -1.0
      },
      "temperature": 300.2687226712703,
      "intended_ratios": {
        "0c70936f-3c3d-4985-9e50-b4205e7ece1b": 1.0,
        "d7938663-a551-4277-9d55-1ca3629f4caa": 1.0,
        "bd8e7937-bfc2-4ad3-90f4-6be17a3af197": 1.0,
        "fff2d02c-9b48-4e5b-8c57-d24610e46592": 1.0
      },
      "expected_yields": {
        "b3ee5778-dd96-4efb-abd4-65377dee01cf": 1.0
      },
      "reaction_extent": 1.0
    },
    {
      "identifier": "88be4596-de90-4ac9-b4d4-5b1316d8bb2e",
      "reactants": [
        {
          "identifier": "219e1835-10e3-4054-b728-a1db25881f06",
          "smiles": "COC(=O)c1ccc(-c2ccc(O)cc2)cc1",
          "state_of_matter": "SOLID",
          "molecular_weight": 228.24327999999986,
          "density": 1.4,
          "mass": 228.24327999999986,
          "is_produced_by": [],
          "is_consumed_by": [
            "88be4596-de90-4ac9-b4d4-5b1316d8bb2e"
          ],
          "provenance__density": "dummy estimator based on mw",
          "provenance__is_consumed_by": null,
          "provenance__is_produced_by": null,
          "provenance__mass": null,
          "provenance__molecular_weight": "periodic table",
          "provenance__smiles": null,
          "provenance__state_of_matter": "dummy estimator based on mw"
        }
      ],
      "reagents": [
        {
          "identifier": "f950fbfa-27b0-43d4-b9ec-b7baead5a3d7",
          "smiles": "CC(=O)O",
          "state_of_matter": "LIQUID",
          "molecular_weight": 60.051959999999994,
          "density": 1.0,
          "mass": 60.051959999999994,
          "is_produced_by": [],
          "is_consumed_by": [
            "88be4596-de90-4ac9-b4d4-5b1316d8bb2e"
          ],
          "provenance__density": "dummy estimator based on mw",
          "provenance__is_consumed_by": null,
          "provenance__is_produced_by": null,
          "provenance__mass": null,
          "provenance__molecular_weight": "periodic table",
          "provenance__smiles": null,
          "provenance__state_of_matter": "dummy estimator based on mw"
        },
        {
          "identifier": "c6f0a59e-6026-4c07-809f-22168f5f857f",
          "smiles": "BrBr",
          "state_of_matter": "LIQUID",
          "molecular_weight": 159.808,
          "density": 1.0,
          "mass": 159.808,
          "is_produced_by": [],
          "is_consumed_by": [
            "88be4596-de90-4ac9-b4d4-5b1316d8bb2e"
          ],
          "provenance__density": "dummy estimator based on mw",
          "provenance__is_consumed_by": null,
          "provenance__is_produced_by": null,
          "provenance__mass": null,
          "provenance__molecular_weight": "periodic table",
          "provenance__smiles": null,
          "provenance__state_of_matter": "dummy estimator based on mw"
        }
      ],
      "products": [
        {
          "identifier": "316b4fcf-14a2-4972-8c54-2c2c0f4bdaa1",
          "smiles": "COC(=O)c1ccc(-c2ccc(O)c(Br)c2)cc1",
          "state_of_matter": "SOLID",
          "molecular_weight": 307.1393400000002,
          "density": 1.4,
          "mass": 307.1393400000002,
          "is_produced_by": [
            "88be4596-de90-4ac9-b4d4-5b1316d8bb2e"
          ],
          "is_consumed_by": [],
          "provenance__density": "dummy estimator based on mw",
          "provenance__is_consumed_by": null,
          "provenance__is_produced_by": null,
          "provenance__mass": null,
          "provenance__molecular_weight": "periodic table",
          "provenance__smiles": null,
          "provenance__state_of_matter": "dummy estimator based on mw"
        }
      ],
      "stoichiometry": {
        "219e1835-10e3-4054-b728-a1db25881f06": 1.0,
        "316b4fcf-14a2-4972-8c54-2c2c0f4bdaa1": -1.0
      },
      "temperature": 294.12755874395367,
      "intended_ratios": {
        "219e1835-10e3-4054-b728-a1db25881f06": 1.0,
        "f950fbfa-27b0-43d4-b9ec-b7baead5a3d7": 1.0,
        "c6f0a59e-6026-4c07-809f-22168f5f857f": 1.0
      },
      "expected_yields": {
        "316b4fcf-14a2-4972-8c54-2c2c0f4bdaa1": 1.0
      },
      "reaction_extent": 1.0
    },
    {
      "identifier": "3a68eb9b-8ec0-4fa3-a5ce-5c7f34bad542",
      "reactants": [
        {
          "identifier": "65b6d6fa-308c-450b-8bc2-b2eb3a9b79b2",
          "smiles": "COC(=O)c1ccc(-c2ccc(OCCO)c(-c3ccc(N4CCCC4)c(C(C)(C)C)c3)c2)cc1",
          "state_of_matter": "SOLID",
          "molecular_weight": 473.60320000000047,
          "density": 1.4,
          "mass": 473.60320000000047,
          "is_produced_by": [],
          "is_consumed_by": [
            "3a68eb9b-8ec0-4fa3-a5ce-5c7f34bad542"
          ],
          "provenance__density": "dummy estimator based on mw",
          "provenance__is_consumed_by": null,
          "provenance__is_produced_by": null,
          "provenance__mass": null,
          "provenance__molecular_weight": "periodic table",
          "provenance__smiles": null,
          "provenance__state_of_matter": "dummy estimator based on mw"
        }
      ],
      "reagents": [
        {
          "identifier": "f59fdacd-1600-4527-8ff4-e62c719a6dd6",
          "smiles": "C1CCOC1",
          "state_of_matter": "LIQUID",
          "molecular_weight": 72.10572000000005,
          "density": 1.0,
          "mass": 72.10572000000005,
          "is_produced_by": [],
          "is_consumed_by": [
            "3a68eb9b-8ec0-4fa3-a5ce-5c7f34bad542"
          ],
          "provenance__density": "dummy estimator based on mw",
          "provenance__is_consumed_by": null,
          "provenance__is_produced_by": null,
          "provenance__mass": null,
          "provenance__molecular_weight": "periodic table",
          "provenance__smiles": null,
          "provenance__state_of_matter": "dummy estimator based on mw"
        },
        {
          "identifier": "37327fe5-7544-41c5-b14b-2b81f5eca6e7",
          "smiles": "[Li]O",
          "state_of_matter": "SOLID",
          "molecular_weight": 23.94834,
          "density": 1.4,
          "mass": 23.94834,
          "is_produced_by": [],
          "is_consumed_by": [
            "3a68eb9b-8ec0-4fa3-a5ce-5c7f34bad542"
          ],
          "provenance__density": "dummy estimator based on mw",
          "provenance__is_consumed_by": null,
          "provenance__is_produced_by": null,
          "provenance__mass": null,
          "provenance__molecular_weight": "periodic table",
          "provenance__smiles": null,
          "provenance__state_of_matter": "dummy estimator based on mw"
        }
      ],
      "products": [
        {
          "identifier": "08b925fa-d9c9-41ab-bc99-b39e26aa011e",
          "smiles": "CC(C)(C)c1cc(-c2cc(-c3ccc(C(=O)O)cc3)ccc2OCCO)ccc1N1CCCC1",
          "state_of_matter": "SOLID",
          "molecular_weight": 459.5766200000004,
          "density": 1.4,
          "mass": 459.5766200000004,
          "is_produced_by": [
            "3a68eb9b-8ec0-4fa3-a5ce-5c7f34bad542"
          ],
          "is_consumed_by": [],
          "provenance__density": "dummy estimator based on mw",
          "provenance__is_consumed_by": null,
          "provenance__is_produced_by": null,
          "provenance__mass": null,
          "provenance__molecular_weight": "periodic table",
          "provenance__smiles": null,
          "provenance__state_of_matter": "dummy estimator based on mw"
        }
      ],
      "stoichiometry": {
        "65b6d6fa-308c-450b-8bc2-b2eb3a9b79b2": 1.0,
        "08b925fa-d9c9-41ab-bc99-b39e26aa011e": -1.0
      },
      "temperature": 301.09843543767926,
      "intended_ratios": {
        "65b6d6fa-308c-450b-8bc2-b2eb3a9b79b2": 1.0,
        "f59fdacd-1600-4527-8ff4-e62c719a6dd6": 1.0,
        "37327fe5-7544-41c5-b14b-2b81f5eca6e7": 1.0
      },
      "expected_yields": {
        "08b925fa-d9c9-41ab-bc99-b39e26aa011e": 1.0
      },
      "reaction_extent": 1.0
    },
    {
      "identifier": "55ac4eee-7e50-431a-8297-8024eabdbf46",
      "reactants": [
        {
          "identifier": "b7beca91-ec3e-456a-80e9-26e0f71bc8fa",
          "smiles": "NC(=O)c1ccccc1N",
          "state_of_matter": "LIQUID",
          "molecular_weight": 136.15121999999994,
          "density": 1.0,
          "mass": 136.15121999999994,
          "is_produced_by": [],
          "is_consumed_by": [
            "55ac4eee-7e50-431a-8297-8024eabdbf46"
          ],
          "provenance__density": "dummy estimator based on mw",
          "provenance__is_consumed_by": null,
          "provenance__is_produced_by": null,
          "provenance__mass": null,
          "provenance__molecular_weight": "periodic table",
          "provenance__smiles": null,
          "provenance__state_of_matter": "dummy estimator based on mw"
        },
        {
          "identifier": "b24b83da-f15e-4b50-b748-0d8170517be5",
          "smiles": "O=Cc1cccc(O)c1",
          "state_of_matter": "LIQUID",
          "molecular_weight": 122.12134000000003,
          "density": 1.0,
          "mass": 122.12134000000003,
          "is_produced_by": [],
          "is_consumed_by": [
            "55ac4eee-7e50-431a-8297-8024eabdbf46"
          ],
          "provenance__density": "dummy estimator based on mw",
          "provenance__is_consumed_by": null,
          "provenance__is_produced_by": null,
          "provenance__mass": null,
          "provenance__molecular_weight": "periodic table",
          "provenance__smiles": null,
          "provenance__state_of_matter": "dummy estimator based on mw"
        }
      ],
      "reagents": [
        {
          "identifier": "c75b64e8-868c-46a2-8fae-02b5d8277bca",
          "smiles": "O",
          "state_of_matter": "LIQUID",
          "molecular_weight": 18.01528,
          "density": 1.0,
          "mass": 18.01528,
          "is_produced_by": [],
          "is_consumed_by": [
            "55ac4eee-7e50-431a-8297-8024eabdbf46"
          ],
          "provenance__density": "dummy estimator based on mw",
          "provenance__is_consumed_by": null,
          "provenance__is_produced_by": null,
          "provenance__mass": null,
          "provenance__molecular_weight": "periodic table",
          "provenance__smiles": null,
          "provenance__state_of_matter": "dummy estimator based on mw"
        },
        {
          "identifier": "13cfec13-e1db-449a-ab2f-d99c87ea5814",
          "smiles": "Cc1ccc(S(=O)(=O)O)cc1",
          "state_of_matter": "LIQUID",
          "molecular_weight": 172.20161999999988,
          "density": 1.0,
          "mass": 172.20161999999988,
          "is_produced_by": [],
          "is_consumed_by": [
            "55ac4eee-7e50-431a-8297-8024eabdbf46"
          ],
          "provenance__density": "dummy estimator based on mw",
          "provenance__is_consumed_by": null,
          "provenance__is_produced_by": null,
          "provenance__mass": null,
          "provenance__molecular_weight": "periodic table",
          "provenance__smiles": null,
          "provenance__state_of_matter": "dummy estimator based on mw"
        },
        {
          "identifier": "82f1570f-1997-467f-b77b-49abb1d658e5",
          "smiles": "CC(=O)N(C)C",
          "state_of_matter": "LIQUID",
          "molecular_weight": 87.12036000000005,
          "density": 1.0,
          "mass": 87.12036000000005,
          "is_produced_by": [],
          "is_consumed_by": [
            "55ac4eee-7e50-431a-8297-8024eabdbf46"
          ],
          "provenance__density": "dummy estimator based on mw",
          "provenance__is_consumed_by": null,
          "provenance__is_produced_by": null,
          "provenance__mass": null,
          "provenance__molecular_weight": "periodic table",
          "provenance__smiles": null,
          "provenance__state_of_matter": "dummy estimator based on mw"
        },
        {
          "identifier": "cde38f0c-5279-4230-883e-6d6a4d8443e4",
          "smiles": "O=S(O)O[Na]",
          "state_of_matter": "SOLID",
          "molecular_weight": 104.06090999999999,
          "density": 1.4,
          "mass": 104.06090999999999,
          "is_produced_by": [],
          "is_consumed_by": [
            "55ac4eee-7e50-431a-8297-8024eabdbf46"
          ],
          "provenance__density": "dummy estimator based on mw",
          "provenance__is_consumed_by": null,
          "provenance__is_produced_by": null,
          "provenance__mass": null,
          "provenance__molecular_weight": "periodic table",
          "provenance__smiles": null,
          "provenance__state_of_matter": "dummy estimator based on mw"
        }
      ],
      "products": [
        {
          "identifier": "03ff0c02-f1f5-4fbb-a9f8-32ae2e767006",
          "smiles": "O=c1[nH]c(-c2cccc(O)c2)nc2ccccc12",
          "state_of_matter": "SOLID",
          "molecular_weight": 238.24139999999983,
          "density": 1.4,
          "mass": 238.24139999999983,
          "is_produced_by": [
            "55ac4eee-7e50-431a-8297-8024eabdbf46"
          ],
          "is_consumed_by": [],
          "provenance__density": "dummy estimator based on mw",
          "provenance__is_consumed_by": null,
          "provenance__is_produced_by": null,
          "provenance__mass": null,
          "provenance__molecular_weight": "periodic table",
          "provenance__smiles": null,
          "provenance__state_of_matter": "dummy estimator based on mw"
        }
      ],
      "stoichiometry": {
        "b7beca91-ec3e-456a-80e9-26e0f71bc8fa": 1.0,
        "b24b83da-f15e-4b50-b748-0d8170517be5": 1.0,
        "03ff0c02-f1f5-4fbb-a9f8-32ae2e767006": -1.0
      },
      "temperature": 409.73255438804625,
      "intended_ratios": {
        "b7beca91-ec3e-456a-80e9-26e0f71bc8fa": 1.0,
        "b24b83da-f15e-4b50-b748-0d8170517be5": 1.0,
        "c75b64e8-868c-46a2-8fae-02b5d8277bca": 1.0,
        "13cfec13-e1db-449a-ab2f-d99c87ea5814": 1.0,
        "82f1570f-1997-467f-b77b-49abb1d658e5": 1.0,
        "cde38f0c-5279-4230-883e-6d6a4d8443e4": 1.0
      },
      "expected_yields": {
        "03ff0c02-f1f5-4fbb-a9f8-32ae2e767006": 1.0
      },
      "reaction_extent": 1.0
    },
    {
      "identifier": "42b09ff1-0d81-4f21-a5ce-c2920ca1e71a",
      "reactants": [
        {
          "identifier": "834a58fb-657d-4511-a038-446188f18355",
          "smiles": "Nc1ccc2[nH]ncc2c1",
          "state_of_matter": "LIQUID",
          "molecular_weight": 133.15057999999996,
          "density": 1.0,
          "mass": 133.15057999999996,
          "is_produced_by": [],
          "is_consumed_by": [
            "42b09ff1-0d81-4f21-a5ce-c2920ca1e71a"
          ],
          "provenance__density": "dummy estimator based on mw",
          "provenance__is_consumed_by": null,
          "provenance__is_produced_by": null,
          "provenance__mass": null,
          "provenance__molecular_weight": "periodic table",
          "provenance__smiles": null,
          "provenance__state_of_matter": "dummy estimator based on mw"
        },
        {
          "identifier": "43883ec3-b88d-47b5-be13-527256c811c3",
          "smiles": "Oc1cccc(-c2nc(Cl)c3ccccc3n2)c1",
          "state_of_matter": "SOLID",
          "molecular_weight": 256.68705999999986,
          "density": 1.4,
          "mass": 256.68705999999986,
          "is_produced_by": [],
          "is_consumed_by": [
            "42b09ff1-0d81-4f21-a5ce-c2920ca1e71a"
          ],
          "provenance__density": "dummy estimator based on mw",
          "provenance__is_consumed_by": null,
          "provenance__is_produced_by": null,
          "provenance__mass": null,
          "provenance__molecular_weight": "periodic table",
          "provenance__smiles": null,
          "provenance__state_of_matter": "dummy estimator based on mw"
        }
      ],
      "reagents": [
        {
          "identifier": "d65ceaf3-f7e2-4d97-b23e-bd7eec6ba1aa",
          "smiles": "CCO",
          "state_of_matter": "LIQUID",
          "molecular_weight": 46.06843999999999,
          "density": 1.0,
          "mass": 46.06843999999999,
          "is_produced_by": [],
          "is_consumed_by": [
            "42b09ff1-0d81-4f21-a5ce-c2920ca1e71a"
          ],
          "provenance__density": "dummy estimator based on mw",
          "provenance__is_consumed_by": null,
          "provenance__is_produced_by": null,
          "provenance__mass": null,
          "provenance__molecular_weight": "periodic table",
          "provenance__smiles": null,
          "provenance__state_of_matter": "dummy estimator based on mw"
        }
      ],
      "products": [
        {
          "identifier": "1acfb5c4-853f-4595-b489-e6b9e36ea166",
          "smiles": "Oc1cccc(-c2nc(Nc3ccc4[nH]ncc4c3)c3ccccc3n2)c1",
          "state_of_matter": "SOLID",
          "molecular_weight": 353.37670000000014,
          "density": 1.4,
          "mass": 353.37670000000014,
          "is_produced_by": [
            "42b09ff1-0d81-4f21-a5ce-c2920ca1e71a"
          ],
          "is_consumed_by": [],
          "provenance__density": "dummy estimator based on mw",
          "provenance__is_consumed_by": null,
          "provenance__is_produced_by": null,
          "provenance__mass": null,
          "provenance__molecular_weight": "periodic table",
          "provenance__smiles": null,
          "provenance__state_of_matter": "dummy estimator based on mw"
        }
      ],
      "stoichiometry": {
        "834a58fb-657d-4511-a038-446188f18355": 1.0,
        "43883ec3-b88d-47b5-be13-527256c811c3": 1.0,
        "1acfb5c4-853f-4595-b489-e6b9e36ea166": -1.0
      },
      "temperature": 340.5299314498901,
      "intended_ratios": {
        "834a58fb-657d-4511-a038-446188f18355": 1.0,
        "43883ec3-b88d-47b5-be13-527256c811c3": 1.0,
        "d65ceaf3-f7e2-4d97-b23e-bd7eec6ba1aa": 1.0
      },
      "expected_yields": {
        "1acfb5c4-853f-4595-b489-e6b9e36ea166": 1.0
      },
      "reaction_extent": 1.0
    },
    {
      "identifier": "9cdbda49-e8c5-4bf1-b02b-ef7a70c3865d",
      "reactants": [
        {
          "identifier": "1ffc9b29-789c-46e2-84dd-faed08df50f9",
          "smiles": "O=c1[nH]c(-c2cccc(O)c2)nc2ccccc12",
          "state_of_matter": "SOLID",
          "molecular_weight": 238.24139999999983,
          "density": 1.4,
          "mass": 238.24139999999983,
          "is_produced_by": [],
          "is_consumed_by": [
            "9cdbda49-e8c5-4bf1-b02b-ef7a70c3865d"
          ],
          "provenance__density": "dummy estimator based on mw",
          "provenance__is_consumed_by": null,
          "provenance__is_produced_by": null,
          "provenance__mass": null,
          "provenance__molecular_weight": "periodic table",
          "provenance__smiles": null,
          "provenance__state_of_matter": "dummy estimator based on mw"
        }
      ],
      "reagents": [
        {
          "identifier": "077bdf94-3389-4c90-9522-5452c673db12",
          "smiles": "CN(C)C=O",
          "state_of_matter": "LIQUID",
          "molecular_weight": 73.09378000000004,
          "density": 1.0,
          "mass": 73.09378000000004,
          "is_produced_by": [],
          "is_consumed_by": [
            "9cdbda49-e8c5-4bf1-b02b-ef7a70c3865d"
          ],
          "provenance__density": "dummy estimator based on mw",
          "provenance__is_consumed_by": null,
          "provenance__is_produced_by": null,
          "provenance__mass": null,
          "provenance__molecular_weight": "periodic table",
          "provenance__smiles": null,
          "provenance__state_of_matter": "dummy estimator based on mw"
        },
        {
          "identifier": "46329fcb-ffb8-48ac-aa22-192343744f94",
          "smiles": "O=S(Cl)Cl",
          "state_of_matter": "LIQUID",
          "molecular_weight": 118.97040000000001,
          "density": 1.0,
          "mass": 118.97040000000001,
          "is_produced_by": [],
          "is_consumed_by": [
            "9cdbda49-e8c5-4bf1-b02b-ef7a70c3865d"
          ],
          "provenance__density": "dummy estimator based on mw",
          "provenance__is_consumed_by": null,
          "provenance__is_produced_by": null,
          "provenance__mass": null,
          "provenance__molecular_weight": "periodic table",
          "provenance__smiles": null,
          "provenance__state_of_matter": "dummy estimator based on mw"
        }
      ],
      "products": [
        {
          "identifier": "4700c9c4-6708-4476-a815-49ec9f7e5b4a",
          "smiles": "Oc1cccc(-c2nc(Cl)c3ccccc3n2)c1",
          "state_of_matter": "SOLID",
          "molecular_weight": 256.68705999999986,
          "density": 1.4,
          "mass": 256.68705999999986,
          "is_produced_by": [
            "9cdbda49-e8c5-4bf1-b02b-ef7a70c3865d"
          ],
          "is_consumed_by": [],
          "provenance__density": "dummy estimator based on mw",
          "provenance__is_consumed_by": null,
          "provenance__is_produced_by": null,
          "provenance__mass": null,
          "provenance__molecular_weight": "periodic table",
          "provenance__smiles": null,
          "provenance__state_of_matter": "dummy estimator based on mw"
        }
      ],
      "stoichiometry": {
        "1ffc9b29-789c-46e2-84dd-faed08df50f9": 1.0,
        "4700c9c4-6708-4476-a815-49ec9f7e5b4a": -1.0
      },
      "temperature": 305.41619151234624,
      "intended_ratios": {
        "1ffc9b29-789c-46e2-84dd-faed08df50f9": 1.0,
        "077bdf94-3389-4c90-9522-5452c673db12": 1.0,
        "46329fcb-ffb8-48ac-aa22-192343744f94": 1.0
      },
      "expected_yields": {
        "4700c9c4-6708-4476-a815-49ec9f7e5b4a": 1.0
      },
      "reaction_extent": 1.0
    }
  ],
  "molecular_nodes": [
    "BrBr",
    "C1CCNC1",
    "C1CCOC1",
    "C1COCCO1",
    "CC(=O)N(C)C",
    "CC(=O)O",
    "CC(=O)[O-].CC(=O)[O-].[Pd+2]",
    "CC(C)(C)c1cc(-c2cc(-c3ccc(C(=O)O)cc3)ccc2OCCO)ccc1N1CCCC1",
    "CC(C)(C)c1cc(B(O)O)ccc1N1CCCC1",
    "CC(C)(C)c1cc(Br)ccc1N1CCCC1",
    "CC(C)(C)c1ccccc1N1CCCC1",
    "CC(C)(C)c1ccccc1O",
    "CC(C)(C)c1ccccc1OS(=O)(=O)C(F)(F)F",
    "CC(C)N",
    "CC(C)NC(=O)COc1cccc(-c2nc(Nc3ccc4[nH]ncc4c3)c3ccccc3n2)c1",
    "CC(C)OB(OC(C)C)OC(C)C",
    "CCN(C(C)C)C(C)C",
    "CCN(CC)CC",
    "CCO",
    "CN(C)C=O",
    "COC(=O)CBr",
    "COC(=O)COc1cccc(-c2nc(Nc3ccc4[nH]ncc4c3)c3ccccc3n2)c1",
    "COC(=O)c1ccc(-c2ccc(O)c(Br)c2)cc1",
    "COC(=O)c1ccc(-c2ccc(O)cc2)cc1",
    "COC(=O)c1ccc(-c2ccc(OCCO)c(-c3ccc(N4CCCC4)c(C(C)(C)C)c3)c2)cc1",
    "COC(=O)c1ccc(-c2ccc(OCCO)c(Br)c2)cc1",
    "Cc1ccc(S(=O)(=O)O)cc1",
    "Cc1ccccc1",
    "ClCCl",
    "F[P-](F)(F)(F)(F)F.c1ccc2c(c1)nnn2O[P+](N1CCCC1)(N1CCCC1)N1CCCC1",
    "NC(=O)c1ccccc1N",
    "Nc1ccc2[nH]ncc2c1",
    "O",
    "O=C(O)COc1cccc(-c2nc(Nc3ccc4[nH]ncc4c3)c3ccccc3n2)c1",
    "O=C(O[Cs])O[Cs]",
    "O=C(O[K])O[K]",
    "O=Cc1cccc(O)c1",
    "O=S(=O)(OS(=O)(=O)C(F)(F)F)C(F)(F)F",
    "O=S(Cl)Cl",
    "O=S(O)O[Na]",
    "O=c1[nH]c(-c2cccc(O)c2)nc2ccccc12",
    "OCCBr",
    "Oc1cccc(-c2nc(Cl)c3ccccc3n2)c1",
    "Oc1cccc(-c2nc(Nc3ccc4[nH]ncc4c3)c3ccccc3n2)c1",
    "[Li]CCCC",
    "[Li]O",
    "c1ccc(P(c2ccccc2)c2ccc3ccccc3c2c2c(P(c3ccccc3)c3ccccc3)ccc3ccccc32)cc1"
  ],
  "edges": [
    [
      "047e0a96-6d7e-437a-9ca1-6ca6ece880d7",
      "CC(C)(C)c1ccccc1OS(=O)(=O)C(F)(F)F"
    ],
    [
      "259788d8-6d9c-4116-aabb-0d0e15eb1a8a",
      "CC(C)(C)c1ccccc1N1CCCC1"
    ],
    [
      "297a76e9-ba12-48fe-a7ea-22264b9a7bec",
      "CC(C)(C)c1cc(B(O)O)ccc1N1CCCC1"
    ],
    [
      "38b36602-ca22-4b94-9a5f-e97d7a63946a",
      "COC(=O)COc1cccc(-c2nc(Nc3ccc4[nH]ncc4c3)c3ccccc3n2)c1"
    ],
    [
      "3a68eb9b-8ec0-4fa3-a5ce-5c7f34bad542",
      "CC(C)(C)c1cc(-c2cc(-c3ccc(C(=O)O)cc3)ccc2OCCO)ccc1N1CCCC1"
    ],
    [
      "42b09ff1-0d81-4f21-a5ce-c2920ca1e71a",
      "Oc1cccc(-c2nc(Nc3ccc4[nH]ncc4c3)c3ccccc3n2)c1"
    ],
    [
      "55ac4eee-7e50-431a-8297-8024eabdbf46",
      "O=c1[nH]c(-c2cccc(O)c2)nc2ccccc12"
    ],
    [
      "6365f043-7012-4aa6-a8d9-ebfc0c524d87",
      "CC(C)(C)c1cc(Br)ccc1N1CCCC1"
    ],
    [
      "6851e126-cbba-4d65-9621-971a528473e1",
      "COC(=O)c1ccc(-c2ccc(OCCO)c(Br)c2)cc1"
    ],
    [
      "88be4596-de90-4ac9-b4d4-5b1316d8bb2e",
      "COC(=O)c1ccc(-c2ccc(O)c(Br)c2)cc1"
    ],
    [
      "9cdbda49-e8c5-4bf1-b02b-ef7a70c3865d",
      "Oc1cccc(-c2nc(Cl)c3ccccc3n2)c1"
    ],
    [
      "BrBr",
      "6365f043-7012-4aa6-a8d9-ebfc0c524d87"
    ],
    [
      "BrBr",
      "88be4596-de90-4ac9-b4d4-5b1316d8bb2e"
    ],
    [
      "C1CCNC1",
      "259788d8-6d9c-4116-aabb-0d0e15eb1a8a"
    ],
    [
      "C1CCOC1",
      "297a76e9-ba12-48fe-a7ea-22264b9a7bec"
    ],
    [
      "C1CCOC1",
      "3a68eb9b-8ec0-4fa3-a5ce-5c7f34bad542"
    ],
    [
      "C1COCCO1",
      "ad9c6f38-be44-4ff5-95d2-af70c2813cd4"
    ],
    [
      "CC(=O)N(C)C",
      "55ac4eee-7e50-431a-8297-8024eabdbf46"
    ],
    [
      "CC(=O)O",
      "88be4596-de90-4ac9-b4d4-5b1316d8bb2e"
    ],
    [
      "CC(=O)[O-].CC(=O)[O-].[Pd+2]",
      "259788d8-6d9c-4116-aabb-0d0e15eb1a8a"
    ],
    [
      "CC(C)(C)c1cc(B(O)O)ccc1N1CCCC1",
      "ad9c6f38-be44-4ff5-95d2-af70c2813cd4"
    ],
    [
      "CC(C)(C)c1cc(Br)ccc1N1CCCC1",
      "297a76e9-ba12-48fe-a7ea-22264b9a7bec"
    ],
    [
      "CC(C)(C)c1ccccc1N1CCCC1",
      "6365f043-7012-4aa6-a8d9-ebfc0c524d87"
    ],
    [
      "CC(C)(C)c1ccccc1O",
      "047e0a96-6d7e-437a-9ca1-6ca6ece880d7"
    ],
    [
      "CC(C)(C)c1ccccc1OS(=O)(=O)C(F)(F)F",
      "259788d8-6d9c-4116-aabb-0d0e15eb1a8a"
    ],
    [
      "CC(C)N",
      "d1c1394b-c7e0-46db-a604-4d9eae04a66c"
    ],
    [
      "CC(C)OB(OC(C)C)OC(C)C",
      "297a76e9-ba12-48fe-a7ea-22264b9a7bec"
    ],
    [
      "CCN(C(C)C)C(C)C",
      "a52466fb-1ac4-4d68-8ff1-8c7db1472695"
    ],
    [
      "CCN(C(C)C)C(C)C",
      "d1c1394b-c7e0-46db-a604-4d9eae04a66c"
    ],
    [
      "CCN(CC)CC",
      "047e0a96-6d7e-437a-9ca1-6ca6ece880d7"
    ],
    [
      "CCO",
      "42b09ff1-0d81-4f21-a5ce-c2920ca1e71a"
    ],
    [
      "CN(C)C=O",
      "38b36602-ca22-4b94-9a5f-e97d7a63946a"
    ],
    [
      "CN(C)C=O",
      "6851e126-cbba-4d65-9621-971a528473e1"
    ],
    [
      "CN(C)C=O",
      "9cdbda49-e8c5-4bf1-b02b-ef7a70c3865d"
    ],
    [
      "CN(C)C=O",
      "a52466fb-1ac4-4d68-8ff1-8c7db1472695"
    ],
    [
      "CN(C)C=O",
      "d1c1394b-c7e0-46db-a604-4d9eae04a66c"
    ],
    [
      "COC(=O)CBr",
      "38b36602-ca22-4b94-9a5f-e97d7a63946a"
    ],
    [
      "COC(=O)COc1cccc(-c2nc(Nc3ccc4[nH]ncc4c3)c3ccccc3n2)c1",
      "a52466fb-1ac4-4d68-8ff1-8c7db1472695"
    ],
    [
      "COC(=O)c1ccc(-c2ccc(O)c(Br)c2)cc1",
      "6851e126-cbba-4d65-9621-971a528473e1"
    ],
    [
      "COC(=O)c1ccc(-c2ccc(O)cc2)cc1",
      "88be4596-de90-4ac9-b4d4-5b1316d8bb2e"
    ],
    [
      "COC(=O)c1ccc(-c2ccc(OCCO)c(-c3ccc(N4CCCC4)c(C(C)(C)C)c3)c2)cc1",
      "3a68eb9b-8ec0-4fa3-a5ce-5c7f34bad542"
    ],
    [
      "COC(=O)c1ccc(-c2ccc(OCCO)c(Br)c2)cc1",
      "ad9c6f38-be44-4ff5-95d2-af70c2813cd4"
    ],
    [
      "Cc1ccc(S(=O)(=O)O)cc1",
      "55ac4eee-7e50-431a-8297-8024eabdbf46"
    ],
    [
      "Cc1ccccc1",
      "259788d8-6d9c-4116-aabb-0d0e15eb1a8a"
    ],
    [
      "ClCCl",
      "047e0a96-6d7e-437a-9ca1-6ca6ece880d7"
    ],
    [
      "ClCCl",
      "38b36602-ca22-4b94-9a5f-e97d7a63946a"
    ],
    [
      "ClCCl",
      "a52466fb-1ac4-4d68-8ff1-8c7db1472695"
    ],
    [
      "ClCCl",
      "d1c1394b-c7e0-46db-a604-4d9eae04a66c"
    ],
    [
      "F[P-](F)(F)(F)(F)F.c1ccc2c(c1)nnn2O[P+](N1CCCC1)(N1CCCC1)N1CCCC1",
      "a52466fb-1ac4-4d68-8ff1-8c7db1472695"
    ],
    [
      "F[P-](F)(F)(F)(F)F.c1ccc2c(c1)nnn2O[P+](N1CCCC1)(N1CCCC1)N1CCCC1",
      "d1c1394b-c7e0-46db-a604-4d9eae04a66c"
    ],
    [
      "NC(=O)c1ccccc1N",
      "55ac4eee-7e50-431a-8297-8024eabdbf46"
    ],
    [
      "Nc1ccc2[nH]ncc2c1",
      "42b09ff1-0d81-4f21-a5ce-c2920ca1e71a"
    ],
    [
      "O",
      "55ac4eee-7e50-431a-8297-8024eabdbf46"
    ],
    [
      "O",
      "ad9c6f38-be44-4ff5-95d2-af70c2813cd4"
    ],
    [
      "O=C(O)COc1cccc(-c2nc(Nc3ccc4[nH]ncc4c3)c3ccccc3n2)c1",
      "d1c1394b-c7e0-46db-a604-4d9eae04a66c"
    ],
    [
      "O=C(O[Cs])O[Cs]",
      "259788d8-6d9c-4116-aabb-0d0e15eb1a8a"
    ],
    [
      "O=C(O[K])O[K]",
      "38b36602-ca22-4b94-9a5f-e97d7a63946a"
    ],
    [
      "O=C(O[K])O[K]",
      "6851e126-cbba-4d65-9621-971a528473e1"
    ],
    [
      "O=C(O[K])O[K]",
      "ad9c6f38-be44-4ff5-95d2-af70c2813cd4"
    ],
    [
      "O=Cc1cccc(O)c1",
      "55ac4eee-7e50-431a-8297-8024eabdbf46"
    ],
    [
      "O=S(=O)(OS(=O)(=O)C(F)(F)F)C(F)(F)F",
      "047e0a96-6d7e-437a-9ca1-6ca6ece880d7"
    ],
    [
      "O=S(Cl)Cl",
      "9cdbda49-e8c5-4bf1-b02b-ef7a70c3865d"
    ],
    [
      "O=S(O)O[Na]",
      "55ac4eee-7e50-431a-8297-8024eabdbf46"
    ],
    [
      "O=c1[nH]c(-c2cccc(O)c2)nc2ccccc12",
      "9cdbda49-e8c5-4bf1-b02b-ef7a70c3865d"
    ],
    [
      "OCCBr",
      "6851e126-cbba-4d65-9621-971a528473e1"
    ],
    [
      "Oc1cccc(-c2nc(Cl)c3ccccc3n2)c1",
      "42b09ff1-0d81-4f21-a5ce-c2920ca1e71a"
    ],
    [
      "Oc1cccc(-c2nc(Nc3ccc4[nH]ncc4c3)c3ccccc3n2)c1",
      "38b36602-ca22-4b94-9a5f-e97d7a63946a"
    ],
    [
      "[Li]CCCC",
      "297a76e9-ba12-48fe-a7ea-22264b9a7bec"
    ],
    [
      "[Li]O",
      "3a68eb9b-8ec0-4fa3-a5ce-5c7f34bad542"
    ],
    [
      "a52466fb-1ac4-4d68-8ff1-8c7db1472695",
      "O=C(O)COc1cccc(-c2nc(Nc3ccc4[nH]ncc4c3)c3ccccc3n2)c1"
    ],
    [
      "ad9c6f38-be44-4ff5-95d2-af70c2813cd4",
      "COC(=O)c1ccc(-c2ccc(OCCO)c(-c3ccc(N4CCCC4)c(C(C)(C)C)c3)c2)cc1"
    ],
    [
      "c1ccc(P(c2ccccc2)c2ccc3ccccc3c2c2c(P(c3ccccc3)c3ccccc3)ccc3ccccc32)cc1",
      "259788d8-6d9c-4116-aabb-0d0e15eb1a8a"
    ],
    [
      "d1c1394b-c7e0-46db-a604-4d9eae04a66c",
      "CC(C)NC(=O)COc1cccc(-c2nc(Nc3ccc4[nH]ncc4c3)c3ccccc3n2)c1"
    ]
  ]
}