{
  "identifier": "da53263b-b84a-4d26-8573-05044b350e69",
  "chemical_reactions": [
    {
      "identifier": "e8c2f0db-9daa-49a7-bf84-3e75e66f59c1",
      "reactants": [
        {
          "identifier": "7fcea50e-da39-4042-8cf6-2506194c062d",
          "smiles": "Brc1ccc2c(c1)[nH]c1ccncc12",
          "state_of_matter": "SOLID",
          "molecular_weight": 247.09067999999988,
          "density": 1.4,
          "mass": 2.470906799999999,
          "is_produced_by": [],
          "is_consumed_by": [
            "e8c2f0db-9daa-49a7-bf84-3e75e66f59c1"
          ],
          "provenance__density": "dummy estimator based on mw",
          "provenance__is_consumed_by": null,
          "provenance__is_produced_by": null,
          "provenance__mass": null,
          "provenance__molecular_weight": "periodic table",
          "provenance__smiles": null,
          "provenance__state_of_matter": "dummy estimator based on mw"
        },
        {
          "identifier": "b912356d-12aa-475d-833e-9af595b37086",
          "smiles": "CC(C)(C)OC(=O)OC(=O)OC(C)(C)C",
          "state_of_matter": "SOLID",
          "molecular_weight": 218.24691999999976,
          "density": 1.4,
          "mass": 2.1824691999999977,
          "is_produced_by": [],
          "is_consumed_by": [
            "e8c2f0db-9daa-49a7-bf84-3e75e66f59c1"
          ],
          "provenance__density": "dummy estimator based on mw",
          "provenance__is_consumed_by": null,
          "provenance__is_produced_by": null,
          "provenance__mass": null,
          "provenance__molecular_weight": "periodic table",
          "provenance__smiles": null,
          "provenance__state_of_matter": "dummy estimator based on mw"
        }
      ],
      "reagents": [
        {
          "identifier": "794734b7-0e50-4ddf-82e1-5c8e36f0b387",
          "smiles": "C1CCOC1",
          "state_of_matter": "LIQUID",
          "molecular_weight": 72.10572000000005,
          "density": 1.0,
          "mass": 0.7210572000000005,
          "is_produced_by": [],
          "is_consumed_by": [
            "e8c2f0db-9daa-49a7-bf84-3e75e66f59c1"
          ],
          "provenance__density": "dummy estimator based on mw",
          "provenance__is_consumed_by": null,
          "provenance__is_produced_by": null,
          "provenance__mass": null,
          "provenance__molecular_weight": "periodic table",
          "provenance__smiles": null,
          "provenance__state_of_matter": "dummy estimator based on mw"
        },
        {
          "identifier": "2fa285d0-6841-4fcf-b73d-be4d53c6721f",
          "smiles": "CN(C)c1ccncc1",
          "state_of_matter": "LIQUID",
          "molecular_weight": 122.16770000000005,
          "density": 1.0,
          "mass": 1.2216770000000006,
          "is_produced_by": [],
          "is_consumed_by": [
            "e8c2f0db-9daa-49a7-bf84-3e75e66f59c1"
          ],
          "provenance__density": "dummy estimator based on mw",
          "provenance__is_consumed_by": null,
          "provenance__is_produced_by": null,
          "provenance__mass": null,
          "provenance__molecular_weight": "periodic table",
          "provenance__smiles": null,
          "provenance__state_of_matter": "dummy estimator based on mw"
        }
      ],
      "products": [
        {
          "identifier": "d859d488-da73-4218-b0eb-0c550903e663",
          "smiles": "CC(C)(C)OC(=O)n1c2ccncc2c2ccc(Br)cc21",
          "state_of_matter": "SOLID",
          "molecular_weight": 348.2144400000002,
          "density": 1.4,
          "mass": 3.482144400000002,
          "is_produced_by": [
            "e8c2f0db-9daa-49a7-bf84-3e75e66f59c1"
          ],
          "is_consumed_by": [],
          "provenance__density": "dummy estimator based on mw",
          "provenance__is_consumed_by": null,
          "provenance__is_produced_by": null,
          "provenance__mass": null,
          "provenance__molecular_weight": "periodic table",
          "provenance__smiles": null,
          "provenance__state_of_matter": "dummy estimator based on mw"
        }
      ],
      "stoichiometry": {
        "7fcea50e-da39-4042-8cf6-2506194c062d": 1.0,
        "b912356d-12aa-475d-833e-9af595b37086": 1.0,
        "d859d488-da73-4218-b0eb-0c550903e663": -1.0
      },
      "temperature": 295.06918716430664,
      "intended_ratios": {
        "7fcea50e-da39-4042-8cf6-2506194c062d": 1.0,
        "b912356d-12aa-475d-833e-9af595b37086": 1.0,
        "794734b7-0e50-4ddf-82e1-5c8e36f0b387": 1.0,
        "2fa285d0-6841-4fcf-b73d-be4d53c6721f": 1.0
      },
      "expected_yields": {
        "d859d488-da73-4218-b0eb-0c550903e663": 1.0
      },
      "reaction_extent": 0.01
    },
    {
      "identifier": "cafe8be4-0ebc-420f-9f57-ddf7d6235460",
      "reactants": [
        {
          "identifier": "02905b0a-09de-46a8-9166-e45aa1b89c65",
          "smiles": "Brc1ccc2c3c([nH]c2c1)CCNC3",
          "state_of_matter": "SOLID",
          "molecular_weight": 251.12243999999984,
          "density": 1.4,
          "mass": 2.5112243999999984,
          "is_produced_by": [],
          "is_consumed_by": [
            "cafe8be4-0ebc-420f-9f57-ddf7d6235460"
          ],
          "provenance__density": "dummy estimator based on mw",
          "provenance__is_consumed_by": null,
          "provenance__is_produced_by": null,
          "provenance__mass": null,
          "provenance__molecular_weight": "periodic table",
          "provenance__smiles": null,
          "provenance__state_of_matter": "dummy estimator based on mw"
        }
      ],
      "reagents": [
        {
          "identifier": "438ae5a8-76ac-4eba-af1d-bdb8368f59ae",
          "smiles": "ClC(Cl)Cl",
          "state_of_matter": "LIQUID",
          "molecular_weight": 119.37764000000001,
          "density": 1.0,
          "mass": 1.1937764000000002,
          "is_produced_by": [],
          "is_consumed_by": [
            "cafe8be4-0ebc-420f-9f57-ddf7d6235460"
          ],
          "provenance__density": "dummy estimator based on mw",
          "provenance__is_consumed_by": null,
          "provenance__is_produced_by": null,
          "provenance__mass": null,
          "provenance__molecular_weight": "periodic table",
          "provenance__smiles": null,
          "provenance__state_of_matter": "dummy estimator based on mw"
        },
        {
          "identifier": "a06cbd7c-3731-4e51-9716-4d1e8075bf76",
          "smiles": "O=[Mn]=O",
          "state_of_matter": "LIQUID",
          "molecular_weight": 86.936849,
          "density": 1.0,
          "mass": 0.8693684899999999,
          "is_produced_by": [],
          "is_consumed_by": [
            "cafe8be4-0ebc-420f-9f57-ddf7d6235460"
          ],
          "provenance__density": "dummy estimator based on mw",
          "provenance__is_consumed_by": null,
          "provenance__is_produced_by": null,
          "provenance__mass": null,
          "provenance__molecular_weight": "periodic table",
          "provenance__smiles": null,
          "provenance__state_of_matter": "dummy estimator based on mw"
        }
      ],
      "products": [
        {
          "identifier": "6f093d3e-9794-43d9-8165-532315d2f0b1",
          "smiles": "Brc1ccc2c(c1)[nH]c1ccncc12",
          "state_of_matter": "SOLID",
          "molecular_weight": 247.09067999999988,
          "density": 1.4,
          "mass": 2.470906799999999,
          "is_produced_by": [
            "cafe8be4-0ebc-420f-9f57-ddf7d6235460"
          ],
          "is_consumed_by": [],
          "provenance__density": "dummy estimator based on mw",
          "provenance__is_consumed_by": null,
          "provenance__is_produced_by": null,
          "provenance__mass": null,
          "provenance__molecular_weight": "periodic table",
          "provenance__smiles": null,
          "provenance__state_of_matter": "dummy estimator based on mw"
        }
      ],
      "stoichiometry": {
        "02905b0a-09de-46a8-9166-e45aa1b89c65": 1.0,
        "6f093d3e-9794-43d9-8165-532315d2f0b1": -1.0
      },
      "temperature": 317.3802256464958,
      "intended_ratios": {
        "02905b0a-09de-46a8-9166-e45aa1b89c65": 1.0,
        "438ae5a8-76ac-4eba-af1d-bdb8368f59ae": 1.0,
        "a06cbd7c-3731-4e51-9716-4d1e8075bf76": 1.0
      },
      "expected_yields": {
        "6f093d3e-9794-43d9-8165-532315d2f0b1": 1.0
      },
      "reaction_extent": 0.01
    },
    {
      "identifier": "bdc73206-a1c0-4e09-8837-16618184d286",
      "reactants": [
        {
          "identifier": "517ae16d-bd29-444f-ae47-134e00981242",
          "smiles": "C=Cc1ccccc1",
          "state_of_matter": "LIQUID",
          "molecular_weight": 104.14912000000004,
          "density": 1.0,
          "mass": 1.0414912000000005,
          "is_produced_by": [],
          "is_consumed_by": [
            "bdc73206-a1c0-4e09-8837-16618184d286"
          ],
          "provenance__density": "dummy estimator based on mw",
          "provenance__is_consumed_by": null,
          "provenance__is_produced_by": null,
          "provenance__mass": null,
          "provenance__molecular_weight": "periodic table",
          "provenance__smiles": null,
          "provenance__state_of_matter": "dummy estimator based on mw"
        },
        {
          "identifier": "7009e35a-3587-4481-80d0-71760cd0cfbd",
          "smiles": "CC(C)c1c(O)cc(Br)cc1O",
          "state_of_matter": "SOLID",
          "molecular_weight": 231.08643999999987,
          "density": 1.4,
          "mass": 2.310864399999999,
          "is_produced_by": [],
          "is_consumed_by": [
            "bdc73206-a1c0-4e09-8837-16618184d286"
          ],
          "provenance__density": "dummy estimator based on mw",
          "provenance__is_consumed_by": null,
          "provenance__is_produced_by": null,
          "provenance__mass": null,
          "provenance__molecular_weight": "periodic table",
          "provenance__smiles": null,
          "provenance__state_of_matter": "dummy estimator based on mw"
        }
      ],
      "reagents": [
        {
          "identifier": "82c08756-d579-4594-85f6-a841346d08ed",
          "smiles": "CN(C)C=O",
          "state_of_matter": "LIQUID",
          "molecular_weight": 73.09378000000004,
          "density": 1.0,
          "mass": 0.7309378000000004,
          "is_produced_by": [],
          "is_consumed_by": [
            "bdc73206-a1c0-4e09-8837-16618184d286"
          ],
          "provenance__density": "dummy estimator based on mw",
          "provenance__is_consumed_by": null,
          "provenance__is_produced_by": null,
          "provenance__mass": null,
          "provenance__molecular_weight": "periodic table",
          "provenance__smiles": null,
          "provenance__state_of_matter": "dummy estimator based on mw"
        },
        {
          "identifier": "09da46cf-02cd-413b-875d-4317f824051d",
          "smiles": "CCN(CC)CC",
          "state_of_matter": "LIQUID",
          "molecular_weight": 101.19000000000008,
          "density": 1.0,
          "mass": 1.011900000000001,
          "is_produced_by": [],
          "is_consumed_by": [
            "bdc73206-a1c0-4e09-8837-16618184d286"
          ],
          "provenance__density": "dummy estimator based on mw",
          "provenance__is_consumed_by": null,
          "provenance__is_produced_by": null,
          "provenance__mass": null,
          "provenance__molecular_weight": "periodic table",
          "provenance__smiles": null,
          "provenance__state_of_matter": "dummy estimator based on mw"
        },
        {
          "identifier": "52531834-eec8-4284-823e-ed55e7945187",
          "smiles": "c1ccc(P(c2ccccc2)c2ccccc2)cc1",
          "state_of_matter": "SOLID",
          "molecular_weight": 262.28546099999994,
          "density": 1.4,
          "mass": 2.6228546099999996,
          "is_produced_by": [],
          "is_consumed_by": [
            "bdc73206-a1c0-4e09-8837-16618184d286"
          ],
          "provenance__density": "dummy estimator based on mw",
          "provenance__is_consumed_by": null,
          "provenance__is_produced_by": null,
          "provenance__mass": null,
          "provenance__molecular_weight": "periodic table",
          "provenance__smiles": null,
          "provenance__state_of_matter": "dummy estimator based on mw"
        },
        {
          "identifier": "b469c8bc-7d8f-497c-b24b-4b09a9810c1c",
          "smiles": "CC(=O)[O-].CC(=O)[O-].[Pd+2]",
          "state_of_matter": "SOLID",
          "molecular_weight": 224.50803999999994,
          "density": 1.4,
          "mass": 2.2450803999999995,
          "is_produced_by": [],
          "is_consumed_by": [
            "bdc73206-a1c0-4e09-8837-16618184d286"
          ],
          "provenance__density": "dummy estimator based on mw",
          "provenance__is_consumed_by": null,
          "provenance__is_produced_by": null,
          "provenance__mass": null,
          "provenance__molecular_weight": "periodic table",
          "provenance__smiles": null,
          "provenance__state_of_matter": "dummy estimator based on mw"
        }
      ],
      "products": [
        {
          "identifier": "27f1d3f5-1738-4bc4-8a8a-cd390e418683",
          "smiles": "CC(C)c1c(O)cc(C=Cc2ccccc2)cc1O",
          "state_of_matter": "SOLID",
          "molecular_weight": 254.32361999999975,
          "density": 1.4,
          "mass": 2.5432361999999977,
          "is_produced_by": [
            "bdc73206-a1c0-4e09-8837-16618184d286"
          ],
          "is_consumed_by": [],
          "provenance__density": "dummy estimator based on mw",
          "provenance__is_consumed_by": null,
          "provenance__is_produced_by": null,
          "provenance__mass": null,
          "provenance__molecular_weight": "periodic table",
          "provenance__smiles": null,
          "provenance__state_of_matter": "dummy estimator based on mw"
        }
      ],
      "stoichiometry": {
        "517ae16d-bd29-444f-ae47-134e00981242": 1.0,
        "7009e35a-3587-4481-80d0-71760cd0cfbd": 1.0,
        "27f1d3f5-1738-4bc4-8a8a-cd390e418683": -1.0
      },
      "temperature": 353.7789930403232,
      "intended_ratios": {
        "517ae16d-bd29-444f-ae47-134e00981242": 1.0,
        "7009e35a-3587-4481-80d0-71760cd0cfbd": 1.0,
        "82c08756-d579-4594-85f6-a841346d08ed": 1.0,
        "09da46cf-02cd-413b-875d-4317f824051d": 1.0,
        "52531834-eec8-4284-823e-ed55e7945187": 1.0,
        "b469c8bc-7d8f-497c-b24b-4b09a9810c1c": 1.0
      },
      "expected_yields": {
        "27f1d3f5-1738-4bc4-8a8a-cd390e418683": 1.0
      },
      "reaction_extent": 0.01
    },
    {
      "identifier": "1dd07eb0-87be-4201-85a1-d4e9d1870621",
      "reactants": [
        {
          "identifier": "29d6faa1-df46-44f6-8220-fa7fefe0d186",
          "smiles": "CC(=O)C1CCC2C3CCC4CC(=O)CCC4(C)C3CCC12C",
          "state_of_matter": "SOLID",
          "molecular_weight": 316.4775800000005,
          "density": 1.4,
          "mass": 3.164775800000005,
          "is_produced_by": [],
          "is_consumed_by": [
            "1dd07eb0-87be-4201-85a1-d4e9d1870621"
          ],
          "provenance__density": "dummy estimator based on mw",
          "provenance__is_consumed_by": null,
          "provenance__is_produced_by": null,
          "provenance__mass": null,
          "provenance__molecular_weight": "periodic table",
          "provenance__smiles": null,
          "provenance__state_of_matter": "dummy estimator based on mw"
        }
      ],
      "reagents": [
        {
          "identifier": "b162baa1-30bd-42d9-a3c9-d73fd3ea1f41",
          "smiles": "CCO",
          "state_of_matter": "LIQUID",
          "molecular_weight": 46.06843999999999,
          "density": 1.0,
          "mass": 0.4606843999999999,
          "is_produced_by": [],
          "is_consumed_by": [
            "1dd07eb0-87be-4201-85a1-d4e9d1870621"
          ],
          "provenance__density": "dummy estimator based on mw",
          "provenance__is_consumed_by": null,
          "provenance__is_produced_by": null,
          "provenance__mass": null,
          "provenance__molecular_weight": "periodic table",
          "provenance__smiles": null,
          "provenance__state_of_matter": "dummy estimator based on mw"
        },
        {
          "identifier": "c4662901-991c-4516-8984-d6781a35858b",
          "smiles": "[Na]",
          "state_of_matter": "SOLID",
          "molecular_weight": 22.98977,
          "density": 1.4,
          "mass": 0.2298977,
          "is_produced_by": [],
          "is_consumed_by": [
            "1dd07eb0-87be-4201-85a1-d4e9d1870621"
          ],
          "provenance__density": "dummy estimator based on mw",
          "provenance__is_consumed_by": null,
          "provenance__is_produced_by": null,
          "provenance__mass": null,
          "provenance__molecular_weight": "periodic table",
          "provenance__smiles": null,
          "provenance__state_of_matter": "dummy estimator based on mw"
        }
      ],
      "products": [
        {
          "identifier": "6cc7b7e9-28e6-4025-a7ca-f1cc47c05728",
          "smiles": "CC(=O)C1CCC2C3CCC4CC(O)CCC4(C)C3CCC12C",
          "state_of_matter": "SOLID",
          "molecular_weight": 318.49346000000054,
          "density": 1.4,
          "mass": 3.1849346000000054,
          "is_produced_by": [
            "1dd07eb0-87be-4201-85a1-d4e9d1870621"
          ],
          "is_consumed_by": [],
          "provenance__density": "dummy estimator based on mw",
          "provenance__is_consumed_by": null,
          "provenance__is_produced_by": null,
          "provenance__mass": null,
          "provenance__molecular_weight": "periodic table",
          "provenance__smiles": null,
          "provenance__state_of_matter": "dummy estimator based on mw"
        }
      ],
      "stoichiometry": {
        "29d6faa1-df46-44f6-8220-fa7fefe0d186": 1.0,
        "6cc7b7e9-28e6-4025-a7ca-f1cc47c05728": -1.0
      },
      "temperature": 288.2519380688667,
      "intended_ratios": {
        "29d6faa1-df46-44f6-8220-fa7fefe0d186": 1.0,
        "b162baa1-30bd-42d9-a3c9-d73fd3ea1f41": 1.0,
        "c4662901-991c-4516-8984-d6781a35858b": 1.0
      },
      "expected_yields": {
        "6cc7b7e9-28e6-4025-a7ca-f1cc47c05728": 1.0
      },
      "reaction_extent": 0.01
    },
    {
      "identifier": "68e588c7-025a-4f04-b7c3-37a32b98851d",
      "reactants": [
        {
          "identifier": "d3d924e1-9a43-4a6d-af78-210658708bd4",
          "smiles": "CC(C)(C)OC(=O)n1c2ccncc2c2ccc(-c3ccc(F)nc3)cc21",
          "state_of_matter": "SOLID",
          "molecular_weight": 364.3928632000002,
          "density": 1.4,
          "mass": 3.643928632000002,
          "is_produced_by": [],
          "is_consumed_by": [
            "68e588c7-025a-4f04-b7c3-37a32b98851d"
          ],
          "provenance__density": "dummy estimator based on mw",
          "provenance__is_consumed_by": null,
          "provenance__is_produced_by": null,
          "provenance__mass": null,
          "provenance__molecular_weight": "periodic table",
          "provenance__smiles": null,
          "provenance__state_of_matter": "dummy estimator based on mw"
        }
      ],
      "reagents": [
        {
          "identifier": "c52109cf-ffab-4097-98a4-063ee17a6b7a",
          "smiles": "ClCCl",
          "state_of_matter": "LIQUID",
          "molecular_weight": 84.93258000000002,
          "density": 1.0,
          "mass": 0.8493258000000001,
          "is_produced_by": [],
          "is_consumed_by": [
            "68e588c7-025a-4f04-b7c3-37a32b98851d"
          ],
          "provenance__density": "dummy estimator based on mw",
          "provenance__is_consumed_by": null,
          "provenance__is_produced_by": null,
          "provenance__mass": null,
          "provenance__molecular_weight": "periodic table",
          "provenance__smiles": null,
          "provenance__state_of_matter": "dummy estimator based on mw"
        },
        {
          "identifier": "236c664e-f8d0-4c56-86c9-2e335bd570d8",
          "smiles": "O=C(O)C(F)(F)F",
          "state_of_matter": "LIQUID",
          "molecular_weight": 114.0233496,
          "density": 1.0,
          "mass": 1.140233496,
          "is_produced_by": [],
          "is_consumed_by": [
            "68e588c7-025a-4f04-b7c3-37a32b98851d"
          ],
          "provenance__density": "dummy estimator based on mw",
          "provenance__is_consumed_by": null,
          "provenance__is_produced_by": null,
          "provenance__mass": null,
          "provenance__molecular_weight": "periodic table",
          "provenance__smiles": null,
          "provenance__state_of_matter": "dummy estimator based on mw"
        }
      ],
      "products": [
        {
          "identifier": "e5a965d5-7d0b-461b-a189-cd57e9e007b3",
          "smiles": "Fc1ccc(-c2ccc3c(c2)[nH]c2ccncc23)cn1",
          "state_of_matter": "SOLID",
          "molecular_weight": 263.2691032000001,
          "density": 1.4,
          "mass": 2.6326910320000008,
          "is_produced_by": [
            "68e588c7-025a-4f04-b7c3-37a32b98851d"
          ],
          "is_consumed_by": [],
          "provenance__density": "dummy estimator based on mw",
          "provenance__is_consumed_by": null,
          "provenance__is_produced_by": null,
          "provenance__mass": null,
          "provenance__molecular_weight": "periodic table",
          "provenance__smiles": null,
          "provenance__state_of_matter": "dummy estimator based on mw"
        }
      ],
      "stoichiometry": {
        "d3d924e1-9a43-4a6d-af78-210658708bd4": 1.0,
        "e5a965d5-7d0b-461b-a189-cd57e9e007b3": -1.0
      },
      "temperature": 299.5983032941818,
      "intended_ratios": {
        "d3d924e1-9a43-4a6d-af78-210658708bd4": 1.0,
        "c52109cf-ffab-4097-98a4-063ee17a6b7a": 1.0,
        "236c664e-f8d0-4c56-86c9-2e335bd570d8": 1.0
      },
      "expected_yields": {
        "e5a965d5-7d0b-461b-a189-cd57e9e007b3": 1.0
      },
      "reaction_extent": 0.01
    },
    {
      "identifier": "560d577d-dc0e-4fbe-8283-11c58f42edd7",
      "reactants": [
        {
          "identifier": "022fb20a-f665-4cb6-92eb-da2ea43ec9e9",
          "smiles": "CC(C)(C)OC(=O)n1c2ccncc2c2ccc(Br)cc21",
          "state_of_matter": "SOLID",
          "molecular_weight": 348.2144400000002,
          "density": 1.4,
          "mass": 3.482144400000002,
          "is_produced_by": [],
          "is_consumed_by": [
            "560d577d-dc0e-4fbe-8283-11c58f42edd7"
          ],
          "provenance__density": "dummy estimator based on mw",
          "provenance__is_consumed_by": null,
          "provenance__is_produced_by": null,
          "provenance__mass": null,
          "provenance__molecular_weight": "periodic table",
          "provenance__smiles": null,
          "provenance__state_of_matter": "dummy estimator based on mw"
        },
        {
          "identifier": "400de84a-8a53-475a-a36b-22fb09f4fcd1",
          "smiles": "OB(O)c1ccc(F)nc1",
          "state_of_matter": "LIQUID",
          "molecular_weight": 140.90810319999994,
          "density": 1.0,
          "mass": 1.4090810319999993,
          "is_produced_by": [],
          "is_consumed_by": [
            "560d577d-dc0e-4fbe-8283-11c58f42edd7"
          ],
          "provenance__density": "dummy estimator based on mw",
          "provenance__is_consumed_by": null,
          "provenance__is_produced_by": null,
          "provenance__mass": null,
          "provenance__molecular_weight": "periodic table",
          "provenance__smiles": null,
          "provenance__state_of_matter": "dummy estimator based on mw"
        }
      ],
      "reagents": [
        {
          "identifier": "82f46f5d-d108-4c89-b2f9-068ce923b72f",
          "smiles": "O=C(O[K])O[K]",
          "state_of_matter": "SOLID",
          "molecular_weight": 138.2055,
          "density": 1.4,
          "mass": 1.382055,
          "is_produced_by": [],
          "is_consumed_by": [
            "560d577d-dc0e-4fbe-8283-11c58f42edd7"
          ],
          "provenance__density": "dummy estimator based on mw",
          "provenance__is_consumed_by": null,
          "provenance__is_produced_by": null,
          "provenance__mass": null,
          "provenance__molecular_weight": "periodic table",
          "provenance__smiles": null,
          "provenance__state_of_matter": "dummy estimator based on mw"
        },
        {
          "identifier": "12de2100-91bb-4449-bef1-8cbead93ccd0",
          "smiles": "C1COCCO1",
          "state_of_matter": "LIQUID",
          "molecular_weight": 88.10512000000004,
          "density": 1.0,
          "mass": 0.8810512000000005,
          "is_produced_by": [],
          "is_consumed_by": [
            "560d577d-dc0e-4fbe-8283-11c58f42edd7"
          ],
          "provenance__density": "dummy estimator based on mw",
          "provenance__is_consumed_by": null,
          "provenance__is_produced_by": null,
          "provenance__mass": null,
          "provenance__molecular_weight": "periodic table",
          "provenance__smiles": null,
          "provenance__state_of_matter": "dummy estimator based on mw"
        },
        {
          "identifier": "a9db741b-ed65-420c-98fb-5da74a8fef44",
          "smiles": "C1=C[C-](P(c2ccccc2)c2ccccc2)C=C1.C1=C[C-](P(c2ccccc2)c2ccccc2)C=C1.[Fe+2]",
          "state_of_matter": "SOLID",
          "molecular_weight": 554.3786419999986,
          "density": 1.4,
          "mass": 5.543786419999987,
          "is_produced_by": [],
          "is_consumed_by": [
            "560d577d-dc0e-4fbe-8283-11c58f42edd7"
          ],
          "provenance__density": "dummy estimator based on mw",
          "provenance__is_consumed_by": null,
          "provenance__is_produced_by": null,
          "provenance__mass": null,
          "provenance__molecular_weight": "periodic table",
          "provenance__smiles": null,
          "provenance__state_of_matter": "dummy estimator based on mw"
        },
        {
          "identifier": "cd880054-526f-4d33-89e7-528690f0e16c",
          "smiles": "Cl[Pd]Cl",
          "state_of_matter": "SOLID",
          "molecular_weight": 177.326,
          "density": 1.4,
          "mass": 1.77326,
          "is_produced_by": [],
          "is_consumed_by": [
            "560d577d-dc0e-4fbe-8283-11c58f42edd7"
          ],
          "provenance__density": "dummy estimator based on mw",
          "provenance__is_consumed_by": null,
          "provenance__is_produced_by": null,
          "provenance__mass": null,
          "provenance__molecular_weight": "periodic table",
          "provenance__smiles": null,
          "provenance__state_of_matter": "dummy estimator based on mw"
        }
      ],
      "products": [
        {
          "identifier": "591738e0-9fd2-4f10-843f-e2045f7a8942",
          "smiles": "CC(C)(C)OC(=O)n1c2ccncc2c2ccc(-c3ccc(F)nc3)cc21",
          "state_of_matter": "SOLID",
          "molecular_weight": 364.3928632000002,
          "density": 1.4,
          "mass": 3.643928632000002,
          "is_produced_by": [
            "560d577d-dc0e-4fbe-8283-11c58f42edd7"
          ],
          "is_consumed_by": [],
          "provenance__density": "dummy estimator based on mw",
          "provenance__is_consumed_by": null,
          "provenance__is_produced_by": null,
          "provenance__mass": null,
          "provenance__molecular_weight": "periodic table",
          "provenance__smiles": null,
          "provenance__state_of_matter": "dummy estimator based on mw"
        }
      ],
      "stoichiometry": {
        "022fb20a-f665-4cb6-92eb-da2ea43ec9e9": 1.0,
        "400de84a-8a53-475a-a36b-22fb09f4fcd1": 1.0,
        "591738e0-9fd2-4f10-843f-e2045f7a8942": -1.0
      },
      "temperature": 339.4547661960125,
      "intended_ratios": {
        "022fb20a-f665-4cb6-92eb-da2ea43ec9e9": 1.0,
        "400de84a-8a53-475a-a36b-22fb09f4fcd1": 1.0,
        "82f46f5d-d108-4c89-b2f9-068ce923b72f": 1.0,
        "12de2100-91bb-4449-bef1-8cbead93ccd0": 1.0,
        "a9db741b-ed65-420c-98fb-5da74a8fef44": 1.0,
        "cd880054-526f-4d33-89e7-528690f0e16c": 1.0
      },
      "expected_yields": {
        "591738e0-9fd2-4f10-843f-e2045f7a8942": 1.0
      },
      "reaction_extent": 0.01
    },
    {
      "identifier": "c4f85f90-d329-428b-9a13-2bb9e53e4d40",
      "reactants": [
        {
          "identifier": "ff5f707e-e23d-4c07-bb14-443d59299f54",
          "smiles": "CC(C)O",
          "state_of_matter": "LIQUID",
          "molecular_weight": 60.095019999999984,
          "density": 1.0,
          "mass": 0.6009502,
          "is_produced_by": [],
          "is_consumed_by": [
            "c4f85f90-d329-428b-9a13-2bb9e53e4d40"
          ],
          "provenance__density": "dummy estimator based on mw",
          "provenance__is_consumed_by": null,
          "provenance__is_produced_by": null,
          "provenance__mass": null,
          "provenance__molecular_weight": "periodic table",
          "provenance__smiles": null,
          "provenance__state_of_matter": "dummy estimator based on mw"
        },
        {
          "identifier": "c0e34992-39cb-4381-9262-111178fdd85e",
          "smiles": "Oc1cc(O)cc(Br)c1",
          "state_of_matter": "LIQUID",
          "molecular_weight": 189.00669999999994,
          "density": 1.0,
          "mass": 1.8900669999999997,
          "is_produced_by": [],
          "is_consumed_by": [
            "c4f85f90-d329-428b-9a13-2bb9e53e4d40"
          ],
          "provenance__density": "dummy estimator based on mw",
          "provenance__is_consumed_by": null,
          "provenance__is_produced_by": null,
          "provenance__mass": null,
          "provenance__molecular_weight": "periodic table",
          "provenance__smiles": null,
          "provenance__state_of_matter": "dummy estimator based on mw"
        }
      ],
      "reagents": [
        {
          "identifier": "830c4f92-98a9-45a4-9427-580ed6ced974",
          "smiles": "O=S(=O)(O)O",
          "state_of_matter": "LIQUID",
          "molecular_weight": 98.07848,
          "density": 1.0,
          "mass": 0.9807848000000002,
          "is_produced_by": [],
          "is_consumed_by": [
            "c4f85f90-d329-428b-9a13-2bb9e53e4d40"
          ],
          "provenance__density": "dummy estimator based on mw",
          "provenance__is_consumed_by": null,
          "provenance__is_produced_by": null,
          "provenance__mass": null,
          "provenance__molecular_weight": "periodic table",
          "provenance__smiles": null,
          "provenance__state_of_matter": "dummy estimator based on mw"
        }
      ],
      "products": [
        {
          "identifier": "44e0ca63-202f-42a3-bef3-23b096efea6c",
          "smiles": "CC(C)c1c(O)cc(Br)cc1O",
          "state_of_matter": "SOLID",
          "molecular_weight": 231.08643999999987,
          "density": 1.4,
          "mass": 2.310864399999999,
          "is_produced_by": [
            "c4f85f90-d329-428b-9a13-2bb9e53e4d40"
          ],
          "is_consumed_by": [],
          "provenance__density": "dummy estimator based on mw",
          "provenance__is_consumed_by": null,
          "provenance__is_produced_by": null,
          "provenance__mass": null,
          "provenance__molecular_weight": "periodic table",
          "provenance__smiles": null,
          "provenance__state_of_matter": "dummy estimator based on mw"
        }
      ],
      "stoichiometry": {
        "ff5f707e-e23d-4c07-bb14-443d59299f54": 1.0,
        "c0e34992-39cb-4381-9262-111178fdd85e": 1.0,
        "44e0ca63-202f-42a3-bef3-23b096efea6c": -1.0
      },
      "temperature": 299.26102591753005,
      "intended_ratios": {
        "ff5f707e-e23d-4c07-bb14-443d59299f54": 1.0,
        "c0e34992-39cb-4381-9262-111178fdd85e": 1.0,
        "830c4f92-98a9-45a4-9427-580ed6ced974": 1.0
      },
      "expected_yields": {
        "44e0ca63-202f-42a3-bef3-23b096efea6c": 1.0
      },
      "reaction_extent": 0.010000000000000002
    },
    {
      "identifier": "90382e74-096d-4eb8-80b0-a96cf6ec42e4",
      "reactants": [
        {
          "identifier": "1232fd65-0bfe-4a1a-81e8-25bcd9cafa9d",
          "smiles": "CN",
          "state_of_matter": "LIQUID",
          "molecular_weight": 31.05710000000001,
          "density": 1.0,
          "mass": 0.3105710000000001,
          "is_produced_by": [],
          "is_consumed_by": [
            "90382e74-096d-4eb8-80b0-a96cf6ec42e4"
          ],
          "provenance__density": "dummy estimator based on mw",
          "provenance__is_consumed_by": null,
          "provenance__is_produced_by": null,
          "provenance__mass": null,
          "provenance__molecular_weight": "periodic table",
          "provenance__smiles": null,
          "provenance__state_of_matter": "dummy estimator based on mw"
        },
        {
          "identifier": "8fe952c0-c3bb-4dac-871a-292fe7cc41d7",
          "smiles": "O=Cc1cc(-c2ccccc2F)n(S(=O)(=O)c2cccnc2)c1",
          "state_of_matter": "SOLID",
          "molecular_weight": 331.3414832000002,
          "density": 1.4,
          "mass": 3.313414832000002,
          "is_produced_by": [],
          "is_consumed_by": [
            "90382e74-096d-4eb8-80b0-a96cf6ec42e4"
          ],
          "provenance__density": "dummy estimator based on mw",
          "provenance__is_consumed_by": null,
          "provenance__is_produced_by": null,
          "provenance__mass": null,
          "provenance__molecular_weight": "periodic table",
          "provenance__smiles": null,
          "provenance__state_of_matter": "dummy estimator based on mw"
        }
      ],
      "reagents": [
        {
          "identifier": "0108aa52-64ca-4b2f-b2aa-a41fcd57171a",
          "smiles": "CO",
          "state_of_matter": "LIQUID",
          "molecular_weight": 32.04186000000001,
          "density": 1.0,
          "mass": 0.32041860000000005,
          "is_produced_by": [],
          "is_consumed_by": [
            "90382e74-096d-4eb8-80b0-a96cf6ec42e4"
          ],
          "provenance__density": "dummy estimator based on mw",
          "provenance__is_consumed_by": null,
          "provenance__is_produced_by": null,
          "provenance__mass": null,
          "provenance__molecular_weight": "periodic table",
          "provenance__smiles": null,
          "provenance__state_of_matter": "dummy estimator based on mw"
        },
        {
          "identifier": "b1ceb818-3a5b-496d-95c7-7b3000abf07c",
          "smiles": "[BH4][Na]",
          "state_of_matter": "SOLID",
          "molecular_weight": 37.83252999999999,
          "density": 1.4,
          "mass": 0.3783252999999999,
          "is_produced_by": [],
          "is_consumed_by": [
            "90382e74-096d-4eb8-80b0-a96cf6ec42e4"
          ],
          "provenance__density": "dummy estimator based on mw",
          "provenance__is_consumed_by": null,
          "provenance__is_produced_by": null,
          "provenance__mass": null,
          "provenance__molecular_weight": "periodic table",
          "provenance__smiles": null,
          "provenance__state_of_matter": "dummy estimator based on mw"
        },
        {
          "identifier": "bd3baf31-c395-4285-a30a-5748148a2ed6",
          "smiles": "O=C(O)O[Na]",
          "state_of_matter": "SOLID",
          "molecular_weight": 84.00661000000001,
          "density": 1.4,
          "mass": 0.8400661000000001,
          "is_produced_by": [],
          "is_consumed_by": [
            "90382e74-096d-4eb8-80b0-a96cf6ec42e4"
          ],
          "provenance__density": "dummy estimator based on mw",
          "provenance__is_consumed_by": null,
          "provenance__is_produced_by": null,
          "provenance__mass": null,
          "provenance__molecular_weight": "periodic table",
          "provenance__smiles": null,
          "provenance__state_of_matter": "dummy estimator based on mw"
        }
      ],
      "products": [
        {
          "identifier": "69c30fd9-fc39-4b38-bbdb-a414c1e5e763",
          "smiles": "CNCc1cc(-c2ccccc2F)n(S(=O)(=O)c2cccnc2)c1",
          "state_of_matter": "SOLID",
          "molecular_weight": 346.39918320000027,
          "density": 1.4,
          "mass": 3.4639918320000027,
          "is_produced_by": [
            "90382e74-096d-4eb8-80b0-a96cf6ec42e4"
          ],
          "is_consumed_by": [],
          "provenance__density": "dummy estimator based on mw",
          "provenance__is_consumed_by": null,
          "provenance__is_produced_by": null,
          "provenance__mass": null,
          "provenance__molecular_weight": "periodic table",
          "provenance__smiles": null,
          "provenance__state_of_matter": "dummy estimator based on mw"
        }
      ],
      "stoichiometry": {
        "1232fd65-0bfe-4a1a-81e8-25bcd9cafa9d": 1.0,
        "8fe952c0-c3bb-4dac-871a-292fe7cc41d7": 1.0,
        "69c30fd9-fc39-4b38-bbdb-a414c1e5e763": -1.0
      },
      "temperature": 294.2666636824608,
      "intended_ratios": {
        "1232fd65-0bfe-4a1a-81e8-25bcd9cafa9d": 1.0,
        "8fe952c0-c3bb-4dac-871a-292fe7cc41d7": 1.0,
        "0108aa52-64ca-4b2f-b2aa-a41fcd57171a": 1.0,
        "b1ceb818-3a5b-496d-95c7-7b3000abf07c": 1.0,
        "bd3baf31-c395-4285-a30a-5748148a2ed6": 1.0
      },
      "expected_yields": {
        "69c30fd9-fc39-4b38-bbdb-a414c1e5e763": 1.0
      },
      "reaction_extent": 0.01
    },
    {
      "identifier": "c2f6f121-3eeb-4901-83bc-0616f330c614",
      "reactants": [
        {
          "identifier": "962be86e-c6d5-4d60-ba55-667a95a8a369",
          "smiles": "CN1CCN(c2ccc(C(=O)Cl)c(NC3CCOCC3)c2)CC1",
          "state_of_matter": "SOLID",
          "molecular_weight": 337.8443600000004,
          "density": 1.4,
          "mass": 3.378443600000004,
          "is_produced_by": [],
          "is_consumed_by": [
            "c2f6f121-3eeb-4901-83bc-0616f330c614"
          ],
          "provenance__density": "dummy estimator based on mw",
          "provenance__is_consumed_by": null,
          "provenance__is_produced_by": null,
          "provenance__mass": null,
          "provenance__molecular_weight": "periodic table",
          "provenance__smiles": null,
          "provenance__state_of_matter": "dummy estimator based on mw"
        },
        {
          "identifier": "c3bf28ff-0565-4327-9e78-fc7a655856ea",
          "smiles": "Nc1n[nH]c2ccc(Cc3cc(F)cc(F)c3)cc12",
          "state_of_matter": "SOLID",
          "molecular_weight": 259.2540463999999,
          "density": 1.4,
          "mass": 2.592540463999999,
          "is_produced_by": [],
          "is_consumed_by": [
            "c2f6f121-3eeb-4901-83bc-0616f330c614"
          ],
          "provenance__density": "dummy estimator based on mw",
          "provenance__is_consumed_by": null,
          "provenance__is_produced_by": null,
          "provenance__mass": null,
          "provenance__molecular_weight": "periodic table",
          "provenance__smiles": null,
          "provenance__state_of_matter": "dummy estimator based on mw"
        }
      ],
      "reagents": [
        {
          "identifier": "2124510a-208b-4e41-8a7a-01006a5f65a3",
          "smiles": "ClCCl",
          "state_of_matter": "LIQUID",
          "molecular_weight": 84.93258000000002,
          "density": 1.0,
          "mass": 0.8493258000000001,
          "is_produced_by": [],
          "is_consumed_by": [
            "c2f6f121-3eeb-4901-83bc-0616f330c614"
          ],
          "provenance__density": "dummy estimator based on mw",
          "provenance__is_consumed_by": null,
          "provenance__is_produced_by": null,
          "provenance__mass": null,
          "provenance__molecular_weight": "periodic table",
          "provenance__smiles": null,
          "provenance__state_of_matter": "dummy estimator based on mw"
        },
        {
          "identifier": "93e70bc3-660e-4ac4-88be-5f7880b0c89d",
          "smiles": "c1ccncc1",
          "state_of_matter": "LIQUID",
          "molecular_weight": 79.09990000000003,
          "density": 1.0,
          "mass": 0.7909990000000003,
          "is_produced_by": [],
          "is_consumed_by": [
            "c2f6f121-3eeb-4901-83bc-0616f330c614"
          ],
          "provenance__density": "dummy estimator based on mw",
          "provenance__is_consumed_by": null,
          "provenance__is_produced_by": null,
          "provenance__mass": null,
          "provenance__molecular_weight": "periodic table",
          "provenance__smiles": null,
          "provenance__state_of_matter": "dummy estimator based on mw"
        }
      ],
      "products": [
        {
          "identifier": "40ff505e-3beb-46e3-a05e-1f392b565386",
          "smiles": "CN1CCN(c2ccc(C(=O)Nc3n[nH]c4ccc(Cc5cc(F)cc(F)c5)cc34)c(NC3CCOCC3)c2)CC1",
          "state_of_matter": "SOLID",
          "molecular_weight": 560.6374663999984,
          "density": 1.4,
          "mass": 5.6063746639999845,
          "is_produced_by": [
            "c2f6f121-3eeb-4901-83bc-0616f330c614"
          ],
          "is_consumed_by": [],
          "provenance__density": "dummy estimator based on mw",
          "provenance__is_consumed_by": null,
          "provenance__is_produced_by": null,
          "provenance__mass": null,
          "provenance__molecular_weight": "periodic table",
          "provenance__smiles": null,
          "provenance__state_of_matter": "dummy estimator based on mw"
        }
      ],
      "stoichiometry": {
        "962be86e-c6d5-4d60-ba55-667a95a8a369": 1.0,
        "c3bf28ff-0565-4327-9e78-fc7a655856ea": 1.0,
        "40ff505e-3beb-46e3-a05e-1f392b565386": -1.0
      },
      "temperature": 287.3701260745525,
      "intended_ratios": {
        "962be86e-c6d5-4d60-ba55-667a95a8a369": 1.0,
        "c3bf28ff-0565-4327-9e78-fc7a655856ea": 1.0,
        "2124510a-208b-4e41-8a7a-01006a5f65a3": 1.0,
        "93e70bc3-660e-4ac4-88be-5f7880b0c89d": 1.0
      },
      "expected_yields": {
        "40ff505e-3beb-46e3-a05e-1f392b565386": 1.0
      },
      "reaction_extent": 0.01
    },
    {
      "identifier": "584a5a0d-44c9-47b3-a0ea-f54693831701",
      "reactants": [
        {
          "identifier": "e055843a-48ba-44be-a630-383ed6cf1be9",
          "smiles": "CN1CCN(c2ccc(C(=O)O)c(NC3CCOCC3)c2)CC1",
          "state_of_matter": "SOLID",
          "molecular_weight": 319.3987000000004,
          "density": 1.4,
          "mass": 3.1939870000000044,
          "is_produced_by": [],
          "is_consumed_by": [
            "584a5a0d-44c9-47b3-a0ea-f54693831701"
          ],
          "provenance__density": "dummy estimator based on mw",
          "provenance__is_consumed_by": null,
          "provenance__is_produced_by": null,
          "provenance__mass": null,
          "provenance__molecular_weight": "periodic table",
          "provenance__smiles": null,
          "provenance__state_of_matter": "dummy estimator based on mw"
        }
      ],
      "reagents": [
        {
          "identifier": "8a838019-6583-4866-9cba-1f3b9c6a3a46",
          "smiles": "CN(C)C=O",
          "state_of_matter": "LIQUID",
          "molecular_weight": 73.09378000000004,
          "density": 1.0,
          "mass": 0.7309378000000004,
          "is_produced_by": [],
          "is_consumed_by": [
            "584a5a0d-44c9-47b3-a0ea-f54693831701"
          ],
          "provenance__density": "dummy estimator based on mw",
          "provenance__is_consumed_by": null,
          "provenance__is_produced_by": null,
          "provenance__mass": null,
          "provenance__molecular_weight": "periodic table",
          "provenance__smiles": null,
          "provenance__state_of_matter": "dummy estimator based on mw"
        },
        {
          "identifier": "4e4466b2-1693-4a3f-b064-85dde2d124f7",
          "smiles": "ClCCl",
          "state_of_matter": "LIQUID",
          "molecular_weight": 84.93258000000002,
          "density": 1.0,
          "mass": 0.8493258000000001,
          "is_produced_by": [],
          "is_consumed_by": [
            "584a5a0d-44c9-47b3-a0ea-f54693831701"
          ],
          "provenance__density": "dummy estimator based on mw",
          "provenance__is_consumed_by": null,
          "provenance__is_produced_by": null,
          "provenance__mass": null,
          "provenance__molecular_weight": "periodic table",
          "provenance__smiles": null,
          "provenance__state_of_matter": "dummy estimator based on mw"
        },
        {
          "identifier": "6373d12f-b9a5-4173-acce-2d7fc3d06103",
          "smiles": "O=C(Cl)C(=O)Cl",
          "state_of_matter": "LIQUID",
          "molecular_weight": 126.92620000000001,
          "density": 1.0,
          "mass": 1.2692620000000001,
          "is_produced_by": [],
          "is_consumed_by": [
            "584a5a0d-44c9-47b3-a0ea-f54693831701"
          ],
          "provenance__density": "dummy estimator based on mw",
          "provenance__is_consumed_by": null,
          "provenance__is_produced_by": null,
          "provenance__mass": null,
          "provenance__molecular_weight": "periodic table",
          "provenance__smiles": null,
          "provenance__state_of_matter": "dummy estimator based on mw"
        }
      ],
      "products": [
        {
          "identifier": "f800c212-f0e7-4c32-8081-1b74a79e6e42",
          "smiles": "CN1CCN(c2ccc(C(=O)Cl)c(NC3CCOCC3)c2)CC1",
          "state_of_matter": "SOLID",
          "molecular_weight": 337.8443600000004,
          "density": 1.4,
          "mass": 3.378443600000004,
          "is_produced_by": [
            "584a5a0d-44c9-47b3-a0ea-f54693831701"
          ],
          "is_consumed_by": [],
          "provenance__density": "dummy estimator based on mw",
          "provenance__is_consumed_by": null,
          "provenance__is_produced_by": null,
          "provenance__mass": null,
          "provenance__molecular_weight": "periodic table",
          "provenance__smiles": null,
          "provenance__state_of_matter": "dummy estimator based on mw"
        }
      ],
      "stoichiometry": {
        "e055843a-48ba-44be-a630-383ed6cf1be9": 1.0,
        "f800c212-f0e7-4c32-8081-1b74a79e6e42": -1.0
      },
      "temperature": 280.648934930563,
      "intended_ratios": {
        "e055843a-48ba-44be-a630-383ed6cf1be9": 1.0,
        "8a838019-6583-4866-9cba-1f3b9c6a3a46": 1.0,
        "4e4466b2-1693-4a3f-b064-85dde2d124f7": 1.0,
        "6373d12f-b9a5-4173-acce-2d7fc3d06103": 1.0
      },
      "expected_yields": {
        "f800c212-f0e7-4c32-8081-1b74a79e6e42": 1.0
      },
      "reaction_extent": 0.01
    },
    {
      "identifier": "19a29df5-e213-45d2-ab72-6a157a4ffc36",
      "reactants": [
        {
          "identifier": "bf4144de-ca40-420f-9e8a-4e001d2e43b8",
          "smiles": "CN1CCNCC1",
          "state_of_matter": "LIQUID",
          "molecular_weight": 100.16218000000006,
          "density": 1.0,
          "mass": 1.0016218000000006,
          "is_produced_by": [],
          "is_consumed_by": [
            "19a29df5-e213-45d2-ab72-6a157a4ffc36"
          ],
          "provenance__density": "dummy estimator based on mw",
          "provenance__is_consumed_by": null,
          "provenance__is_produced_by": null,
          "provenance__mass": null,
          "provenance__molecular_weight": "periodic table",
          "provenance__smiles": null,
          "provenance__state_of_matter": "dummy estimator based on mw"
        },
        {
          "identifier": "1ab02cf2-cb19-4911-b8b2-57bef15cfd03",
          "smiles": "O=C(O)c1ccc(Br)cc1NC1CCOCC1",
          "state_of_matter": "SOLID",
          "molecular_weight": 300.14846000000017,
          "density": 1.4,
          "mass": 3.0014846000000017,
          "is_produced_by": [],
          "is_consumed_by": [
            "19a29df5-e213-45d2-ab72-6a157a4ffc36"
          ],
          "provenance__density": "dummy estimator based on mw",
          "provenance__is_consumed_by": null,
          "provenance__is_produced_by": null,
          "provenance__mass": null,
          "provenance__molecular_weight": "periodic table",
          "provenance__smiles": null,
          "provenance__state_of_matter": "dummy estimator based on mw"
        }
      ],
      "reagents": [
        {
          "identifier": "6f77edbd-304a-4fc1-ad0e-b747e62f8303",
          "smiles": "[Pd]",
          "state_of_matter": "SOLID",
          "molecular_weight": 106.42,
          "density": 1.4,
          "mass": 1.0642,
          "is_produced_by": [],
          "is_consumed_by": [
            "19a29df5-e213-45d2-ab72-6a157a4ffc36"
          ],
          "provenance__density": "dummy estimator based on mw",
          "provenance__is_consumed_by": null,
          "provenance__is_produced_by": null,
          "provenance__mass": null,
          "provenance__molecular_weight": "periodic table",
          "provenance__smiles": null,
          "provenance__state_of_matter": "dummy estimator based on mw"
        },
        {
          "identifier": "ed1d6204-186e-4fbf-a023-b6439a763178",
          "smiles": "CC(C)(C)O[Na]",
          "state_of_matter": "SOLID",
          "molecular_weight": 96.10343000000005,
          "density": 1.4,
          "mass": 0.9610343000000005,
          "is_produced_by": [],
          "is_consumed_by": [
            "19a29df5-e213-45d2-ab72-6a157a4ffc36"
          ],
          "provenance__density": "dummy estimator based on mw",
          "provenance__is_consumed_by": null,
          "provenance__is_produced_by": null,
          "provenance__mass": null,
          "provenance__molecular_weight": "periodic table",
          "provenance__smiles": null,
          "provenance__state_of_matter": "dummy estimator based on mw"
        },
        {
          "identifier": "e9f8b86a-ae6a-4f1c-ad38-40291d3fa2d2",
          "smiles": "CC(C)c1cc(C(C)C)c(c2ccccc2P(C2CCCCC2)C2CCCCC2)c(C(C)C)c1",
          "state_of_matter": "SOLID",
          "molecular_weight": 476.71592100000066,
          "density": 1.4,
          "mass": 4.767159210000007,
          "is_produced_by": [],
          "is_consumed_by": [
            "19a29df5-e213-45d2-ab72-6a157a4ffc36"
          ],
          "provenance__density": "dummy estimator based on mw",
          "provenance__is_consumed_by": null,
          "provenance__is_produced_by": null,
          "provenance__mass": null,
          "provenance__molecular_weight": "periodic table",
          "provenance__smiles": null,
          "provenance__state_of_matter": "dummy estimator based on mw"
        }
      ],
      "products": [
        {
          "identifier": "fd121d45-550e-4e5a-b07e-8d8505d600bd",
          "smiles": "CN1CCN(c2ccc(C(=O)O)c(NC3CCOCC3)c2)CC1",
          "state_of_matter": "SOLID",
          "molecular_weight": 319.3987000000004,
          "density": 1.4,
          "mass": 3.1939870000000044,
          "is_produced_by": [
            "19a29df5-e213-45d2-ab72-6a157a4ffc36"
          ],
          "is_consumed_by": [],
          "provenance__density": "dummy estimator based on mw",
          "provenance__is_consumed_by": null,
          "provenance__is_produced_by": null,
          "provenance__mass": null,
          "provenance__molecular_weight": "periodic table",
          "provenance__smiles": null,
          "provenance__state_of_matter": "dummy estimator based on mw"
        }
      ],
      "stoichiometry": {
        "bf4144de-ca40-420f-9e8a-4e001d2e43b8": 1.0,
        "1ab02cf2-cb19-4911-b8b2-57bef15cfd03": 1.0,
        "fd121d45-550e-4e5a-b07e-8d8505d600bd": -1.0
      },
      "temperature": 357.50750684738153,
      "intended_ratios": {
        "bf4144de-ca40-420f-9e8a-4e001d2e43b8": 1.0,
        "1ab02cf2-cb19-4911-b8b2-57bef15cfd03": 1.0,
        "6f77edbd-304a-4fc1-ad0e-b747e62f8303": 1.0,
        "ed1d6204-186e-4fbf-a023-b6439a763178": 1.0,
        "e9f8b86a-ae6a-4f1c-ad38-40291d3fa2d2": 1.0
      },
      "expected_yields": {
        "fd121d45-550e-4e5a-b07e-8d8505d600bd": 1.0
      },
      "reaction_extent": 0.01
    },
    {
      "identifier": "060a496b-f0e7-4f88-82f9-7d84e0c2c17e",
      "reactants": [
        {
          "identifier": "7bdf6bd0-e964-406c-869c-154d131c6e8b",
          "smiles": "N#Cc1cc(Br)ccc1F",
          "state_of_matter": "SOLID",
          "molecular_weight": 200.00782319999993,
          "density": 1.4,
          "mass": 2.0000782319999995,
          "is_produced_by": [],
          "is_consumed_by": [
            "060a496b-f0e7-4f88-82f9-7d84e0c2c17e"
          ],
          "provenance__density": "dummy estimator based on mw",
          "provenance__is_consumed_by": null,
          "provenance__is_produced_by": null,
          "provenance__mass": null,
          "provenance__molecular_weight": "periodic table",
          "provenance__smiles": null,
          "provenance__state_of_matter": "dummy estimator based on mw"
        },
        {
          "identifier": "700481a1-25ea-425a-91d6-0750836cf8eb",
          "smiles": "O=Cc1cc(F)cc(F)c1",
          "state_of_matter": "LIQUID",
          "molecular_weight": 142.10286639999998,
          "density": 1.0,
          "mass": 1.4210286639999998,
          "is_produced_by": [],
          "is_consumed_by": [
            "060a496b-f0e7-4f88-82f9-7d84e0c2c17e"
          ],
          "provenance__density": "dummy estimator based on mw",
          "provenance__is_consumed_by": null,
          "provenance__is_produced_by": null,
          "provenance__mass": null,
          "provenance__molecular_weight": "periodic table",
          "provenance__smiles": null,
          "provenance__state_of_matter": "dummy estimator based on mw"
        }
      ],
      "reagents": [
        {
          "identifier": "0dc83f49-ceba-4c53-858b-6a790281b2f5",
          "smiles": "C1CCOC1",
          "state_of_matter": "LIQUID",
          "molecular_weight": 72.10572000000005,
          "density": 1.0,
          "mass": 0.7210572000000005,
          "is_produced_by": [],
          "is_consumed_by": [
            "060a496b-f0e7-4f88-82f9-7d84e0c2c17e"
          ],
          "provenance__density": "dummy estimator based on mw",
          "provenance__is_consumed_by": null,
          "provenance__is_produced_by": null,
          "provenance__mass": null,
          "provenance__molecular_weight": "periodic table",
          "provenance__smiles": null,
          "provenance__state_of_matter": "dummy estimator based on mw"
        },
        {
          "identifier": "ecb6c029-50ed-4585-bd1a-30839131f4ea",
          "smiles": "[Li]CCCC",
          "state_of_matter": "SOLID",
          "molecular_weight": 64.05525999999999,
          "density": 1.4,
          "mass": 0.6405525999999999,
          "is_produced_by": [],
          "is_consumed_by": [
            "060a496b-f0e7-4f88-82f9-7d84e0c2c17e"
          ],
          "provenance__density": "dummy estimator based on mw",
          "provenance__is_consumed_by": null,
          "provenance__is_produced_by": null,
          "provenance__mass": null,
          "provenance__molecular_weight": "periodic table",
          "provenance__smiles": null,
          "provenance__state_of_matter": "dummy estimator based on mw"
        }
      ],
      "products": [
        {
          "identifier": "786744c2-2257-4848-b89e-bbe4b854f82f",
          "smiles": "N#Cc1cc(C(O)c2cc(F)cc(F)c2)ccc1F",
          "state_of_matter": "SOLID",
          "molecular_weight": 263.2146296,
          "density": 1.4,
          "mass": 2.632146296,
          "is_produced_by": [
            "060a496b-f0e7-4f88-82f9-7d84e0c2c17e"
          ],
          "is_consumed_by": [],
          "provenance__density": "dummy estimator based on mw",
          "provenance__is_consumed_by": null,
          "provenance__is_produced_by": null,
          "provenance__mass": null,
          "provenance__molecular_weight": "periodic table",
          "provenance__smiles": null,
          "provenance__state_of_matter": "dummy estimator based on mw"
        }
      ],
      "stoichiometry": {
        "7bdf6bd0-e964-406c-869c-154d131c6e8b": 1.0,
        "700481a1-25ea-425a-91d6-0750836cf8eb": 1.0,
        "786744c2-2257-4848-b89e-bbe4b854f82f": -1.0
      },
      "temperature": 229.77050590217112,
      "intended_ratios": {
        "7bdf6bd0-e964-406c-869c-154d131c6e8b": 1.0,
        "700481a1-25ea-425a-91d6-0750836cf8eb": 1.0,
        "0dc83f49-ceba-4c53-858b-6a790281b2f5": 1.0,
        "ecb6c029-50ed-4585-bd1a-30839131f4ea": 1.0
      },
      "expected_yields": {
        "786744c2-2257-4848-b89e-bbe4b854f82f": 1.0
      },
      "reaction_extent": 0.01
    },
    {
      "identifier": "fd2f7f4b-f46b-4928-991a-21846078ea0b",
      "reactants": [
        {
          "identifier": "02c3ee7c-88e3-4df7-af5d-794a10c65625",
          "smiles": "N#Cc1cc(C(O)c2cc(F)cc(F)c2)ccc1F",
          "state_of_matter": "SOLID",
          "molecular_weight": 263.2146296,
          "density": 1.4,
          "mass": 2.632146296,
          "is_produced_by": [],
          "is_consumed_by": [
            "fd2f7f4b-f46b-4928-991a-21846078ea0b"
          ],
          "provenance__density": "dummy estimator based on mw",
          "provenance__is_consumed_by": null,
          "provenance__is_produced_by": null,
          "provenance__mass": null,
          "provenance__molecular_weight": "periodic table",
          "provenance__smiles": null,
          "provenance__state_of_matter": "dummy estimator based on mw"
        }
      ],
      "reagents": [
        {
          "identifier": "b1db065a-9787-41b6-a54c-ba21f91601be",
          "smiles": "CO",
          "state_of_matter": "LIQUID",
          "molecular_weight": 32.04186000000001,
          "density": 1.0,
          "mass": 0.32041860000000005,
          "is_produced_by": [],
          "is_consumed_by": [
            "fd2f7f4b-f46b-4928-991a-21846078ea0b"
          ],
          "provenance__density": "dummy estimator based on mw",
          "provenance__is_consumed_by": null,
          "provenance__is_produced_by": null,
          "provenance__mass": null,
          "provenance__molecular_weight": "periodic table",
          "provenance__smiles": null,
          "provenance__state_of_matter": "dummy estimator based on mw"
        },
        {
          "identifier": "179fa023-e633-468b-92a3-beefa4ac09a7",
          "smiles": "[Pd]",
          "state_of_matter": "SOLID",
          "molecular_weight": 106.42,
          "density": 1.4,
          "mass": 1.0642,
          "is_produced_by": [],
          "is_consumed_by": [
            "fd2f7f4b-f46b-4928-991a-21846078ea0b"
          ],
          "provenance__density": "dummy estimator based on mw",
          "provenance__is_consumed_by": null,
          "provenance__is_produced_by": null,
          "provenance__mass": null,
          "provenance__molecular_weight": "periodic table",
          "provenance__smiles": null,
          "provenance__state_of_matter": "dummy estimator based on mw"
        }
      ],
      "products": [
        {
          "identifier": "bf4f7276-8260-4ad5-ac32-ba26e037e67e",
          "smiles": "N#Cc1cc(Cc2cc(F)cc(F)c2)ccc1F",
          "state_of_matter": "SOLID",
          "molecular_weight": 247.21522959999982,
          "density": 1.4,
          "mass": 2.472152295999998,
          "is_produced_by": [
            "fd2f7f4b-f46b-4928-991a-21846078ea0b"
          ],
          "is_consumed_by": [],
          "provenance__density": "dummy estimator based on mw",
          "provenance__is_consumed_by": null,
          "provenance__is_produced_by": null,
          "provenance__mass": null,
          "provenance__molecular_weight": "periodic table",
          "provenance__smiles": null,
          "provenance__state_of_matter": "dummy estimator based on mw"
        }
      ],
      "stoichiometry": {
        "02c3ee7c-88e3-4df7-af5d-794a10c65625": 1.0,
        "bf4f7276-8260-4ad5-ac32-ba26e037e67e": -1.0
      },
      "temperature": 297.74259392023083,
      "intended_ratios": {
        "02c3ee7c-88e3-4df7-af5d-794a10c65625": 1.0,
        "b1db065a-9787-41b6-a54c-ba21f91601be": 1.0,
        "179fa023-e633-468b-92a3-beefa4ac09a7": 1.0
      },
      "expected_yields": {
        "bf4f7276-8260-4ad5-ac32-ba26e037e67e": 1.0
      },
      "reaction_extent": 0.01
    },
    {
      "identifier": "654e8202-e555-4f12-ad22-9c93dca19a5c",
      "reactants": [
        {
          "identifier": "29bfc12f-ed1a-48a9-8f41-0b1dd9583d60",
          "smiles": "N#Cc1cc(Cc2cc(F)cc(F)c2)ccc1F",
          "state_of_matter": "SOLID",
          "molecular_weight": 247.21522959999982,
          "density": 1.4,
          "mass": 2.472152295999998,
          "is_produced_by": [],
          "is_consumed_by": [
            "654e8202-e555-4f12-ad22-9c93dca19a5c"
          ],
          "provenance__density": "dummy estimator based on mw",
          "provenance__is_consumed_by": null,
          "provenance__is_produced_by": null,
          "provenance__mass": null,
          "provenance__molecular_weight": "periodic table",
          "provenance__smiles": null,
          "provenance__state_of_matter": "dummy estimator based on mw"
        }
      ],
      "reagents": [
        {
          "identifier": "e87d0046-ea10-4ace-98c5-e877aa892ad2",
          "smiles": "O",
          "state_of_matter": "LIQUID",
          "molecular_weight": 18.01528,
          "density": 1.0,
          "mass": 0.1801528,
          "is_produced_by": [],
          "is_consumed_by": [
            "654e8202-e555-4f12-ad22-9c93dca19a5c"
          ],
          "provenance__density": "dummy estimator based on mw",
          "provenance__is_consumed_by": null,
          "provenance__is_produced_by": null,
          "provenance__mass": null,
          "provenance__molecular_weight": "periodic table",
          "provenance__smiles": null,
          "provenance__state_of_matter": "dummy estimator based on mw"
        },
        {
          "identifier": "981e1370-6286-4811-9f43-89f4c7251d17",
          "smiles": "CCOC(C)=O",
          "state_of_matter": "LIQUID",
          "molecular_weight": 88.10512000000004,
          "density": 1.0,
          "mass": 0.8810512000000005,
          "is_produced_by": [],
          "is_consumed_by": [
            "654e8202-e555-4f12-ad22-9c93dca19a5c"
          ],
          "provenance__density": "dummy estimator based on mw",
          "provenance__is_consumed_by": null,
          "provenance__is_produced_by": null,
          "provenance__mass": null,
          "provenance__molecular_weight": "periodic table",
          "provenance__smiles": null,
          "provenance__state_of_matter": "dummy estimator based on mw"
        },
        {
          "identifier": "c57bedb6-08fb-41a5-9630-371c465ea8a2",
          "smiles": "CCCCO",
          "state_of_matter": "LIQUID",
          "molecular_weight": 74.12160000000004,
          "density": 1.0,
          "mass": 0.7412160000000004,
          "is_produced_by": [],
          "is_consumed_by": [
            "654e8202-e555-4f12-ad22-9c93dca19a5c"
          ],
          "provenance__density": "dummy estimator based on mw",
          "provenance__is_consumed_by": null,
          "provenance__is_produced_by": null,
          "provenance__mass": null,
          "provenance__molecular_weight": "periodic table",
          "provenance__smiles": null,
          "provenance__state_of_matter": "dummy estimator based on mw"
        }
      ],
      "products": [
        {
          "identifier": "35b8a6ef-471c-4cd7-9186-35bf073c06ed",
          "smiles": "Nc1n[nH]c2ccc(Cc3cc(F)cc(F)c3)cc12",
          "state_of_matter": "SOLID",
          "molecular_weight": 259.2540463999999,
          "density": 1.4,
          "mass": 2.592540463999999,
          "is_produced_by": [
            "654e8202-e555-4f12-ad22-9c93dca19a5c"
          ],
          "is_consumed_by": [],
          "provenance__density": "dummy estimator based on mw",
          "provenance__is_consumed_by": null,
          "provenance__is_produced_by": null,
          "provenance__mass": null,
          "provenance__molecular_weight": "periodic table",
          "provenance__smiles": null,
          "provenance__state_of_matter": "dummy estimator based on mw"
        }
      ],
      "stoichiometry": {
        "29bfc12f-ed1a-48a9-8f41-0b1dd9583d60": 1.0,
        "35b8a6ef-471c-4cd7-9186-35bf073c06ed": -1.0
      },
      "temperature": 379.059687513113,
      "intended_ratios": {
        "29bfc12f-ed1a-48a9-8f41-0b1dd9583d60": 1.0,
        "e87d0046-ea10-4ace-98c5-e877aa892ad2": 1.0,
        "981e1370-6286-4811-9f43-89f4c7251d17": 1.0,
        "c57bedb6-08fb-41a5-9630-371c465ea8a2": 1.0
      },
      "expected_yields": {
        "35b8a6ef-471c-4cd7-9186-35bf073c06ed": 1.0
      },
      "reaction_extent": 0.01
    },
    {
      "identifier": "96248c4c-c782-444a-b776-2ab494e52b60",
      "reactants": [
        {
          "identifier": "e9e000be-21e9-4843-884c-beddcc8c088b",
          "smiles": "NNc1cccc(Br)c1",
          "state_of_matter": "LIQUID",
          "molecular_weight": 187.03717999999995,
          "density": 1.0,
          "mass": 1.8703717999999996,
          "is_produced_by": [],
          "is_consumed_by": [
            "96248c4c-c782-444a-b776-2ab494e52b60"
          ],
          "provenance__density": "dummy estimator based on mw",
          "provenance__is_consumed_by": null,
          "provenance__is_produced_by": null,
          "provenance__mass": null,
          "provenance__molecular_weight": "periodic table",
          "provenance__smiles": null,
          "provenance__state_of_matter": "dummy estimator based on mw"
        },
        {
          "identifier": "86318e64-06c9-463a-b121-3fbb78115d03",
          "smiles": "O=C1CCNCC1",
          "state_of_matter": "LIQUID",
          "molecular_weight": 99.13106000000005,
          "density": 1.0,
          "mass": 0.9913106000000005,
          "is_produced_by": [],
          "is_consumed_by": [
            "96248c4c-c782-444a-b776-2ab494e52b60"
          ],
          "provenance__density": "dummy estimator based on mw",
          "provenance__is_consumed_by": null,
          "provenance__is_produced_by": null,
          "provenance__mass": null,
          "provenance__molecular_weight": "periodic table",
          "provenance__smiles": null,
          "provenance__state_of_matter": "dummy estimator based on mw"
        }
      ],
      "reagents": [
        {
          "identifier": "fc8010c0-4f53-4823-86d7-4f07a46079db",
          "smiles": "CCO",
          "state_of_matter": "LIQUID",
          "molecular_weight": 46.06843999999999,
          "density": 1.0,
          "mass": 0.4606843999999999,
          "is_produced_by": [],
          "is_consumed_by": [
            "96248c4c-c782-444a-b776-2ab494e52b60"
          ],
          "provenance__density": "dummy estimator based on mw",
          "provenance__is_consumed_by": null,
          "provenance__is_produced_by": null,
          "provenance__mass": null,
          "provenance__molecular_weight": "periodic table",
          "provenance__smiles": null,
          "provenance__state_of_matter": "dummy estimator based on mw"
        },
        {
          "identifier": "9daa2598-9453-4cb2-bd19-164a1f319fde",
          "smiles": "Cl",
          "state_of_matter": "LIQUID",
          "molecular_weight": 36.46094,
          "density": 1.0,
          "mass": 0.36460940000000003,
          "is_produced_by": [],
          "is_consumed_by": [
            "96248c4c-c782-444a-b776-2ab494e52b60"
          ],
          "provenance__density": "dummy estimator based on mw",
          "provenance__is_consumed_by": null,
          "provenance__is_produced_by": null,
          "provenance__mass": null,
          "provenance__molecular_weight": "periodic table",
          "provenance__smiles": null,
          "provenance__state_of_matter": "dummy estimator based on mw"
        }
      ],
      "products": [
        {
          "identifier": "d8acd6f3-e3ab-48a3-ba0a-1000d0aac9c4",
          "smiles": "Brc1ccc2c3c([nH]c2c1)CCNC3",
          "state_of_matter": "SOLID",
          "molecular_weight": 251.12243999999984,
          "density": 1.4,
          "mass": 2.5112243999999984,
          "is_produced_by": [
            "96248c4c-c782-444a-b776-2ab494e52b60"
          ],
          "is_consumed_by": [],
          "provenance__density": "dummy estimator based on mw",
          "provenance__is_consumed_by": null,
          "provenance__is_produced_by": null,
          "provenance__mass": null,
          "provenance__molecular_weight": "periodic table",
          "provenance__smiles": null,
          "provenance__state_of_matter": "dummy estimator based on mw"
        }
      ],
      "stoichiometry": {
        "e9e000be-21e9-4843-884c-beddcc8c088b": 1.0,
        "86318e64-06c9-463a-b121-3fbb78115d03": 1.0,
        "d8acd6f3-e3ab-48a3-ba0a-1000d0aac9c4": -1.0
      },
      "temperature": 323.0150502026081,
      "intended_ratios": {
        "e9e000be-21e9-4843-884c-beddcc8c088b": 1.0,
        "86318e64-06c9-463a-b121-3fbb78115d03": 1.0,
        "fc8010c0-4f53-4823-86d7-4f07a46079db": 1.0,
        "9daa2598-9453-4cb2-bd19-164a1f319fde": 1.0
      },
      "expected_yields": {
        "d8acd6f3-e3ab-48a3-ba0a-1000d0aac9c4": 1.0
      },
      "reaction_extent": 0.01
    },
    {
      "identifier": "433e319c-1e39-45c6-a9af-e66b88b2f9de",
      "reactants": [
        {
          "identifier": "55948478-4539-40ab-921b-d2f38178a7dc",
          "smiles": "Nc1cc(Br)ccc1C(=O)O",
          "state_of_matter": "SOLID",
          "molecular_weight": 216.03203999999994,
          "density": 1.4,
          "mass": 2.1603203999999994,
          "is_produced_by": [],
          "is_consumed_by": [
            "433e319c-1e39-45c6-a9af-e66b88b2f9de"
          ],
          "provenance__density": "dummy estimator based on mw",
          "provenance__is_consumed_by": null,
          "provenance__is_produced_by": null,
          "provenance__mass": null,
          "provenance__molecular_weight": "periodic table",
          "provenance__smiles": null,
          "provenance__state_of_matter": "dummy estimator based on mw"
        },
        {
          "identifier": "a8595281-b310-42e8-b474-19e7053e3af6",
          "smiles": "O=C1CCOCC1",
          "state_of_matter": "LIQUID",
          "molecular_weight": 100.11582000000004,
          "density": 1.0,
          "mass": 1.0011582000000003,
          "is_produced_by": [],
          "is_consumed_by": [
            "433e319c-1e39-45c6-a9af-e66b88b2f9de"
          ],
          "provenance__density": "dummy estimator based on mw",
          "provenance__is_consumed_by": null,
          "provenance__is_produced_by": null,
          "provenance__mass": null,
          "provenance__molecular_weight": "periodic table",
          "provenance__smiles": null,
          "provenance__state_of_matter": "dummy estimator based on mw"
        }
      ],
      "reagents": [
        {
          "identifier": "324ea1f2-5c83-4b3d-aeac-db7177e83ef7",
          "smiles": "ClCCl",
          "state_of_matter": "LIQUID",
          "molecular_weight": 84.93258000000002,
          "density": 1.0,
          "mass": 0.8493258000000001,
          "is_produced_by": [],
          "is_consumed_by": [
            "433e319c-1e39-45c6-a9af-e66b88b2f9de"
          ],
          "provenance__density": "dummy estimator based on mw",
          "provenance__is_consumed_by": null,
          "provenance__is_produced_by": null,
          "provenance__mass": null,
          "provenance__molecular_weight": "periodic table",
          "provenance__smiles": null,
          "provenance__state_of_matter": "dummy estimator based on mw"
        },
        {
          "identifier": "1ff20549-36be-49ac-b80d-0982bd2a0b53",
          "smiles": "CC(=O)O[BH-](OC(C)=O)OC(C)=O.[Na+]",
          "state_of_matter": "SOLID",
          "molecular_weight": 211.94076999999987,
          "density": 1.4,
          "mass": 2.1194076999999987,
          "is_produced_by": [],
          "is_consumed_by": [
            "433e319c-1e39-45c6-a9af-e66b88b2f9de"
          ],
          "provenance__density": "dummy estimator based on mw",
          "provenance__is_consumed_by": null,
          "provenance__is_produced_by": null,
          "provenance__mass": null,
          "provenance__molecular_weight": "periodic table",
          "provenance__smiles": null,
          "provenance__state_of_matter": "dummy estimator based on mw"
        },
        {
          "identifier": "efcb814d-eb36-4caa-a6fd-245563403861",
          "smiles": "CC(=O)O",
          "state_of_matter": "LIQUID",
          "molecular_weight": 60.051959999999994,
          "density": 1.0,
          "mass": 0.6005195999999999,
          "is_produced_by": [],
          "is_consumed_by": [
            "433e319c-1e39-45c6-a9af-e66b88b2f9de"
          ],
          "provenance__density": "dummy estimator based on mw",
          "provenance__is_consumed_by": null,
          "provenance__is_produced_by": null,
          "provenance__mass": null,
          "provenance__molecular_weight": "periodic table",
          "provenance__smiles": null,
          "provenance__state_of_matter": "dummy estimator based on mw"
        }
      ],
      "products": [
        {
          "identifier": "5ec0742f-f6c3-486e-96f7-92bb6310921a",
          "smiles": "O=C(O)c1ccc(Br)cc1NC1CCOCC1",
          "state_of_matter": "SOLID",
          "molecular_weight": 300.14846000000017,
          "density": 1.4,
          "mass": 3.0014846000000017,
          "is_produced_by": [
            "433e319c-1e39-45c6-a9af-e66b88b2f9de"
          ],
          "is_consumed_by": [],
          "provenance__density": "dummy estimator based on mw",
          "provenance__is_consumed_by": null,
          "provenance__is_produced_by": null,
          "provenance__mass": null,
          "provenance__molecular_weight": "periodic table",
          "provenance__smiles": null,
          "provenance__state_of_matter": "dummy estimator based on mw"
        }
      ],
      "stoichiometry": {
        "55948478-4539-40ab-921b-d2f38178a7dc": 1.0,
        "a8595281-b310-42e8-b474-19e7053e3af6": 1.0,
        "5ec0742f-f6c3-486e-96f7-92bb6310921a": -1.0
      },
      "temperature": 270.7203199446201,
      "intended_ratios": {
        "55948478-4539-40ab-921b-d2f38178a7dc": 1.0,
        "a8595281-b310-42e8-b474-19e7053e3af6": 1.0,
        "324ea1f2-5c83-4b3d-aeac-db7177e83ef7": 1.0,
        "1ff20549-36be-49ac-b80d-0982bd2a0b53": 1.0,
        "efcb814d-eb36-4caa-a6fd-245563403861": 1.0
      },
      "expected_yields": {
        "5ec0742f-f6c3-486e-96f7-92bb6310921a": 1.0
      },
      "reaction_extent": 0.01
    },
    {
      "identifier": "425293f0-4993-40e1-8df4-090f1284789f",
      "reactants": [
        {
          "identifier": "8ad67582-679b-44a9-af16-e0ec799d2a69",
          "smiles": "O=Cc1c[nH]c(-c2ccccc2F)c1",
          "state_of_matter": "LIQUID",
          "molecular_weight": 189.18572319999987,
          "density": 1.0,
          "mass": 1.8918572319999987,
          "is_produced_by": [],
          "is_consumed_by": [
            "425293f0-4993-40e1-8df4-090f1284789f"
          ],
          "provenance__density": "dummy estimator based on mw",
          "provenance__is_consumed_by": null,
          "provenance__is_produced_by": null,
          "provenance__mass": null,
          "provenance__molecular_weight": "periodic table",
          "provenance__smiles": null,
          "provenance__state_of_matter": "dummy estimator based on mw"
        },
        {
          "identifier": "88f5ebaa-3df3-4205-b705-a72671540263",
          "smiles": "O=S(=O)(Cl)c1cccnc1",
          "state_of_matter": "LIQUID",
          "molecular_weight": 177.60875999999996,
          "density": 1.0,
          "mass": 1.7760875999999997,
          "is_produced_by": [],
          "is_consumed_by": [
            "425293f0-4993-40e1-8df4-090f1284789f"
          ],
          "provenance__density": "dummy estimator based on mw",
          "provenance__is_consumed_by": null,
          "provenance__is_produced_by": null,
          "provenance__mass": null,
          "provenance__molecular_weight": "periodic table",
          "provenance__smiles": null,
          "provenance__state_of_matter": "dummy estimator based on mw"
        }
      ],
      "reagents": [
        {
          "identifier": "aefa0480-604e-4def-aa42-5f241d561ef2",
          "smiles": "C1CCOC1",
          "state_of_matter": "LIQUID",
          "molecular_weight": 72.10572000000005,
          "density": 1.0,
          "mass": 0.7210572000000005,
          "is_produced_by": [],
          "is_consumed_by": [
            "425293f0-4993-40e1-8df4-090f1284789f"
          ],
          "provenance__density": "dummy estimator based on mw",
          "provenance__is_consumed_by": null,
          "provenance__is_produced_by": null,
          "provenance__mass": null,
          "provenance__molecular_weight": "periodic table",
          "provenance__smiles": null,
          "provenance__state_of_matter": "dummy estimator based on mw"
        },
        {
          "identifier": "dab42823-b7ba-4319-9603-ff5850d78bd9",
          "smiles": "[Na]Cl",
          "state_of_matter": "SOLID",
          "molecular_weight": 58.44277,
          "density": 1.4,
          "mass": 0.5844277,
          "is_produced_by": [],
          "is_consumed_by": [
            "425293f0-4993-40e1-8df4-090f1284789f"
          ],
          "provenance__density": "dummy estimator based on mw",
          "provenance__is_consumed_by": null,
          "provenance__is_produced_by": null,
          "provenance__mass": null,
          "provenance__molecular_weight": "periodic table",
          "provenance__smiles": null,
          "provenance__state_of_matter": "dummy estimator based on mw"
        },
        {
          "identifier": "14f3bd95-2659-430b-a2b2-ea17e186182d",
          "smiles": "[NaH]",
          "state_of_matter": "SOLID",
          "molecular_weight": 23.99771,
          "density": 1.4,
          "mass": 0.23997710000000003,
          "is_produced_by": [],
          "is_consumed_by": [
            "425293f0-4993-40e1-8df4-090f1284789f"
          ],
          "provenance__density": "dummy estimator based on mw",
          "provenance__is_consumed_by": null,
          "provenance__is_produced_by": null,
          "provenance__mass": null,
          "provenance__molecular_weight": "periodic table",
          "provenance__smiles": null,
          "provenance__state_of_matter": "dummy estimator based on mw"
        },
        {
          "identifier": "0777fa2e-a13d-4cae-8ece-a7e01d603309",
          "smiles": "C1COCCOCCOCCOCCO1",
          "state_of_matter": "SOLID",
          "molecular_weight": 220.26279999999983,
          "density": 1.4,
          "mass": 2.2026279999999985,
          "is_produced_by": [],
          "is_consumed_by": [
            "425293f0-4993-40e1-8df4-090f1284789f"
          ],
          "provenance__density": "dummy estimator based on mw",
          "provenance__is_consumed_by": null,
          "provenance__is_produced_by": null,
          "provenance__mass": null,
          "provenance__molecular_weight": "periodic table",
          "provenance__smiles": null,
          "provenance__state_of_matter": "dummy estimator based on mw"
        }
      ],
      "products": [
        {
          "identifier": "af050285-84aa-476f-b716-bafe71637df3",
          "smiles": "O=Cc1cc(-c2ccccc2F)n(S(=O)(=O)c2cccnc2)c1",
          "state_of_matter": "SOLID",
          "molecular_weight": 331.3414832000002,
          "density": 1.4,
          "mass": 3.313414832000002,
          "is_produced_by": [
            "425293f0-4993-40e1-8df4-090f1284789f"
          ],
          "is_consumed_by": [],
          "provenance__density": "dummy estimator based on mw",
          "provenance__is_consumed_by": null,
          "provenance__is_produced_by": null,
          "provenance__mass": null,
          "provenance__molecular_weight": "periodic table",
          "provenance__smiles": null,
          "provenance__state_of_matter": "dummy estimator based on mw"
        }
      ],
      "stoichiometry": {
        "8ad67582-679b-44a9-af16-e0ec799d2a69": 1.0,
        "88f5ebaa-3df3-4205-b705-a72671540263": 1.0,
        "af050285-84aa-476f-b716-bafe71637df3": -1.0
      },
      "temperature": 289.642726957798,
      "intended_ratios": {
        "8ad67582-679b-44a9-af16-e0ec799d2a69": 1.0,
        "88f5ebaa-3df3-4205-b705-a72671540263": 1.0,
        "aefa0480-604e-4def-aa42-5f241d561ef2": 1.0,
        "dab42823-b7ba-4319-9603-ff5850d78bd9": 1.0,
        "14f3bd95-2659-430b-a2b2-ea17e186182d": 1.0,
        "0777fa2e-a13d-4cae-8ece-a7e01d603309": 1.0
      },
      "expected_yields": {
        "af050285-84aa-476f-b716-bafe71637df3": 1.0
      },
      "reaction_extent": 0.01
    }
  ],
  "molecular_nodes": [
    "Brc1ccc2c(c1)[nH]c1ccncc12",
    "Brc1ccc2c3c([nH]c2c1)CCNC3",
    "C1=C[C-](P(c2ccccc2)c2ccccc2)C=C1.C1=C[C-](P(c2ccccc2)c2ccccc2)C=C1.[Fe+2]",
    "C1CCOC1",
    "C1COCCO1",
    "C1COCCOCCOCCOCCO1",
    "C=Cc1ccccc1",
    "CC(=O)C1CCC2C3CCC4CC(=O)CCC4(C)C3CCC12C",
    "CC(=O)C1CCC2C3CCC4CC(O)CCC4(C)C3CCC12C",
    "CC(=O)O",
    "CC(=O)O[BH-](OC(C)=O)OC(C)=O.[Na+]",
    "CC(=O)[O-].CC(=O)[O-].[Pd+2]",
    "CC(C)(C)OC(=O)OC(=O)OC(C)(C)C",
    "CC(C)(C)OC(=O)n1c2ccncc2c2ccc(-c3ccc(F)nc3)cc21",
    "CC(C)(C)OC(=O)n1c2ccncc2c2ccc(Br)cc21",
    "CC(C)(C)O[Na]",
    "CC(C)O",
    "CC(C)c1c(O)cc(Br)cc1O",
    "CC(C)c1c(O)cc(C=Cc2ccccc2)cc1O",
    "CC(C)c1cc(C(C)C)c(c2ccccc2P(C2CCCCC2)C2CCCCC2)c(C(C)C)c1",
    "CCCCO",
    "CCN(CC)CC",
    "CCO",
    "CCOC(C)=O",
    "CN",
    "CN(C)C=O",
    "CN(C)c1ccncc1",
    "CN1CCN(c2ccc(C(=O)Cl)c(NC3CCOCC3)c2)CC1",
    "CN1CCN(c2ccc(C(=O)Nc3n[nH]c4ccc(Cc5cc(F)cc(F)c5)cc34)c(NC3CCOCC3)c2)CC1",
    "CN1CCN(c2ccc(C(=O)O)c(NC3CCOCC3)c2)CC1",
    "CN1CCNCC1",
    "CNCc1cc(-c2ccccc2F)n(S(=O)(=O)c2cccnc2)c1",
    "CO",
    "Cl",
    "ClC(Cl)Cl",
    "ClCCl",
    "Cl[Pd]Cl",
    "Fc1ccc(-c2ccc3c(c2)[nH]c2ccncc23)cn1",
    "N#Cc1cc(Br)ccc1F",
    "N#Cc1cc(C(O)c2cc(F)cc(F)c2)ccc1F",
    "N#Cc1cc(Cc2cc(F)cc(F)c2)ccc1F",
    "NNc1cccc(Br)c1",
    "Nc1cc(Br)ccc1C(=O)O",
    "Nc1n[nH]c2ccc(Cc3cc(F)cc(F)c3)cc12",
    "O",
    "O=C(Cl)C(=O)Cl",
    "O=C(O)C(F)(F)F",
    "O=C(O)O[Na]",
    "O=C(O)c1ccc(Br)cc1NC1CCOCC1",
    "O=C(O[K])O[K]",
    "O=C1CCNCC1",
    "O=C1CCOCC1",
    "O=Cc1c[nH]c(-c2ccccc2F)c1",
    "O=Cc1cc(-c2ccccc2F)n(S(=O)(=O)c2cccnc2)c1",
    "O=Cc1cc(F)cc(F)c1",
    "O=S(=O)(Cl)c1cccnc1",
    "O=S(=O)(O)O",
    "O=[Mn]=O",
    "OB(O)c1ccc(F)nc1",
    "Oc1cc(O)cc(Br)c1",
    "[BH4][Na]",
    "[Li]CCCC",
    "[NaH]",
    "[Na]",
    "[Na]Cl",
    "[Pd]",
    "c1ccc(P(c2ccccc2)c2ccccc2)cc1",
    "c1ccncc1"
  ],
  "edges": [
    [
      "060a496b-f0e7-4f88-82f9-7d84e0c2c17e",
      "N#Cc1cc(C(O)c2cc(F)cc(F)c2)ccc1F"
    ],
    [
      "19a29df5-e213-45d2-ab72-6a157a4ffc36",
      "CN1CCN(c2ccc(C(=O)O)c(NC3CCOCC3)c2)CC1"
    ],
    [
      "1dd07eb0-87be-4201-85a1-d4e9d1870621",
      "CC(=O)C1CCC2C3CCC4CC(O)CCC4(C)C3CCC12C"
    ],
    [
      "425293f0-4993-40e1-8df4-090f1284789f",
      "O=Cc1cc(-c2ccccc2F)n(S(=O)(=O)c2cccnc2)c1"
    ],
    [
      "433e319c-1e39-45c6-a9af-e66b88b2f9de",
      "O=C(O)c1ccc(Br)cc1NC1CCOCC1"
    ],
    [
      "560d577d-dc0e-4fbe-8283-11c58f42edd7",
      "CC(C)(C)OC(=O)n1c2ccncc2c2ccc(-c3ccc(F)nc3)cc21"
    ],
    [
      "584a5a0d-44c9-47b3-a0ea-f54693831701",
      "CN1CCN(c2ccc(C(=O)Cl)c(NC3CCOCC3)c2)CC1"
    ],
    [
      "654e8202-e555-4f12-ad22-9c93dca19a5c",
      "Nc1n[nH]c2ccc(Cc3cc(F)cc(F)c3)cc12"
    ],
    [
      "68e588c7-025a-4f04-b7c3-37a32b98851d",
      "Fc1ccc(-c2ccc3c(c2)[nH]c2ccncc23)cn1"
    ],
    [
      "90382e74-096d-4eb8-80b0-a96cf6ec42e4",
      "CNCc1cc(-c2ccccc2F)n(S(=O)(=O)c2cccnc2)c1"
    ],
    [
      "96248c4c-c782-444a-b776-2ab494e52b60",
      "Brc1ccc2c3c([nH]c2c1)CCNC3"
    ],
    [
      "Brc1ccc2c(c1)[nH]c1ccncc12",
      "e8c2f0db-9daa-49a7-bf84-3e75e66f59c1"
    ],
    [
      "Brc1ccc2c3c([nH]c2c1)CCNC3",
      "cafe8be4-0ebc-420f-9f57-ddf7d6235460"
    ],
    [
      "C1=C[C-](P(c2ccccc2)c2ccccc2)C=C1.C1=C[C-](P(c2ccccc2)c2ccccc2)C=C1.[Fe+2]",
      "560d577d-dc0e-4fbe-8283-11c58f42edd7"
    ],
    [
      "C1CCOC1",
      "060a496b-f0e7-4f88-82f9-7d84e0c2c17e"
    ],
    [
      "C1CCOC1",
      "425293f0-4993-40e1-8df4-090f1284789f"
    ],
    [
      "C1CCOC1",
      "e8c2f0db-9daa-49a7-bf84-3e75e66f59c1"
    ],
    [
      "C1COCCO1",
      "560d577d-dc0e-4fbe-8283-11c58f42edd7"
    ],
    [
      "C1COCCOCCOCCOCCO1",
      "425293f0-4993-40e1-8df4-090f1284789f"
    ],
    [
      "C=Cc1ccccc1",
      "bdc73206-a1c0-4e09-8837-16618184d286"
    ],
    [
      "CC(=O)C1CCC2C3CCC4CC(=O)CCC4(C)C3CCC12C",
      "1dd07eb0-87be-4201-85a1-d4e9d1870621"
    ],
    [
      "CC(=O)O",
      "433e319c-1e39-45c6-a9af-e66b88b2f9de"
    ],
    [
      "CC(=O)O[BH-](OC(C)=O)OC(C)=O.[Na+]",
      "433e319c-1e39-45c6-a9af-e66b88b2f9de"
    ],
    [
      "CC(=O)[O-].CC(=O)[O-].[Pd+2]",
      "bdc73206-a1c0-4e09-8837-16618184d286"
    ],
    [
      "CC(C)(C)OC(=O)OC(=O)OC(C)(C)C",
      "e8c2f0db-9daa-49a7-bf84-3e75e66f59c1"
    ],
    [
      "CC(C)(C)OC(=O)n1c2ccncc2c2ccc(-c3ccc(F)nc3)cc21",
      "68e588c7-025a-4f04-b7c3-37a32b98851d"
    ],
    [
      "CC(C)(C)OC(=O)n1c2ccncc2c2ccc(Br)cc21",
      "560d577d-dc0e-4fbe-8283-11c58f42edd7"
    ],
    [
      "CC(C)(C)O[Na]",
      "19a29df5-e213-45d2-ab72-6a157a4ffc36"
    ],
    [
      "CC(C)O",
      "c4f85f90-d329-428b-9a13-2bb9e53e4d40"
    ],
    [
      "CC(C)c1c(O)cc(Br)cc1O",
      "bdc73206-a1c0-4e09-8837-16618184d286"
    ],
    [
      "CC(C)c1cc(C(C)C)c(c2ccccc2P(C2CCCCC2)C2CCCCC2)c(C(C)C)c1",
      "19a29df5-e213-45d2-ab72-6a157a4ffc36"
    ],
    [
      "CCCCO",
      "654e8202-e555-4f12-ad22-9c93dca19a5c"
    ],
    [
      "CCN(CC)CC",
      "bdc73206-a1c0-4e09-8837-16618184d286"
    ],
    [
      "CCO",
      "1dd07eb0-87be-4201-85a1-d4e9d1870621"
    ],
    [
      "CCO",
      "96248c4c-c782-444a-b776-2ab494e52b60"
    ],
    [
      "CCOC(C)=O",
      "654e8202-e555-4f12-ad22-9c93dca19a5c"
    ],
    [
      "CN",
      "90382e74-096d-4eb8-80b0-a96cf6ec42e4"
    ],
    [
      "CN(C)C=O",
      "584a5a0d-44c9-47b3-a0ea-f54693831701"
    ],
    [
      "CN(C)C=O",
      "bdc73206-a1c0-4e09-8837-16618184d286"
    ],
    [
      "CN(C)c1ccncc1",
      "e8c2f0db-9daa-49a7-bf84-3e75e66f59c1"
    ],
    [
      "CN1CCN(c2ccc(C(=O)Cl)c(NC3CCOCC3)c2)CC1",
      "c2f6f121-3eeb-4901-83bc-0616f330c614"
    ],
    [
      "CN1CCN(c2ccc(C(=O)O)c(NC3CCOCC3)c2)CC1",
      "584a5a0d-44c9-47b3-a0ea-f54693831701"
    ],
    [
      "CN1CCNCC1",
      "19a29df5-e213-45d2-ab72-6a157a4ffc36"
    ],
    [
      "CO",
      "90382e74-096d-4eb8-80b0-a96cf6ec42e4"
    ],
    [
      "CO",
      "fd2f7f4b-f46b-4928-991a-21846078ea0b"
    ],
    [
      "Cl",
      "96248c4c-c782-444a-b776-2ab494e52b60"
    ],
    [
      "ClC(Cl)Cl",
      "cafe8be4-0ebc-420f-9f57-ddf7d6235460"
    ],
    [
      "ClCCl",
      "433e319c-1e39-45c6-a9af-e66b88b2f9de"
    ],
    [
      "ClCCl",
      "584a5a0d-44c9-47b3-a0ea-f54693831701"
    ],
    [
      "ClCCl",
      "68e588c7-025a-4f04-b7c3-37a32b98851d"
    ],
    [
      "ClCCl",
      "c2f6f121-3eeb-4901-83bc-0616f330c614"
    ],
    [
      "Cl[Pd]Cl",
      "560d577d-dc0e-4fbe-8283-11c58f42edd7"
    ],
    [
      "N#Cc1cc(Br)ccc1F",
      "060a496b-f0e7-4f88-82f9-7d84e0c2c17e"
    ],
    [
      "N#Cc1cc(C(O)c2cc(F)cc(F)c2)ccc1F",
      "fd2f7f4b-f46b-4928-991a-21846078ea0b"
    ],
    [
      "N#Cc1cc(Cc2cc(F)cc(F)c2)ccc1F",
      "654e8202-e555-4f12-ad22-9c93dca19a5c"
    ],
    [
      "NNc1cccc(Br)c1",
      "96248c4c-c782-444a-b776-2ab494e52b60"
    ],
    [
      "Nc1cc(Br)ccc1C(=O)O",
      "433e319c-1e39-45c6-a9af-e66b88b2f9de"
    ],
    [
      "Nc1n[nH]c2ccc(Cc3cc(F)cc(F)c3)cc12",
      "c2f6f121-3eeb-4901-83bc-0616f330c614"
    ],
    [
      "O",
      "654e8202-e555-4f12-ad22-9c93dca19a5c"
    ],
    [
      "O=C(Cl)C(=O)Cl",
      "584a5a0d-44c9-47b3-a0ea-f54693831701"
    ],
    [
      "O=C(O)C(F)(F)F",
      "68e588c7-025a-4f04-b7c3-37a32b98851d"
    ],
    [
      "O=C(O)O[Na]",
      "90382e74-096d-4eb8-80b0-a96cf6ec42e4"
    ],
    [
      "O=C(O)c1ccc(Br)cc1NC1CCOCC1",
      "19a29df5-e213-45d2-ab72-6a157a4ffc36"
    ],
    [
      "O=C(O[K])O[K]",
      "560d577d-dc0e-4fbe-8283-11c58f42edd7"
    ],
    [
      "O=C1CCNCC1",
      "96248c4c-c782-444a-b776-2ab494e52b60"
    ],
    [
      "O=C1CCOCC1",
      "433e319c-1e39-45c6-a9af-e66b88b2f9de"
    ],
    [
      "O=Cc1c[nH]c(-c2ccccc2F)c1",
      "425293f0-4993-40e1-8df4-090f1284789f"
    ],
    [
      "O=Cc1cc(-c2ccccc2F)n(S(=O)(=O)c2cccnc2)c1",
      "90382e74-096d-4eb8-80b0-a96cf6ec42e4"
    ],
    [
      "O=Cc1cc(F)cc(F)c1",
      "060a496b-f0e7-4f88-82f9-7d84e0c2c17e"
    ],
    [
      "O=S(=O)(Cl)c1cccnc1",
      "425293f0-4993-40e1-8df4-090f1284789f"
    ],
    [
      "O=S(=O)(O)O",
      "c4f85f90-d329-428b-9a13-2bb9e53e4d40"
    ],
    [
      "O=[Mn]=O",
      "cafe8be4-0ebc-420f-9f57-ddf7d6235460"
    ],
    [
      "OB(O)c1ccc(F)nc1",
      "560d577d-dc0e-4fbe-8283-11c58f42edd7"
    ],
    [
      "Oc1cc(O)cc(Br)c1",
      "c4f85f90-d329-428b-9a13-2bb9e53e4d40"
    ],
    [
      "[BH4][Na]",
      "90382e74-096d-4eb8-80b0-a96cf6ec42e4"
    ],
    [
      "[Li]CCCC",
      "060a496b-f0e7-4f88-82f9-7d84e0c2c17e"
    ],
    [
      "[NaH]",
      "425293f0-4993-40e1-8df4-090f1284789f"
    ],
    [
      "[Na]",
      "1dd07eb0-87be-4201-85a1-d4e9d1870621"
    ],
    [
      "[Na]Cl",
      "425293f0-4993-40e1-8df4-090f1284789f"
    ],
    [
      "[Pd]",
      "19a29df5-e213-45d2-ab72-6a157a4ffc36"
    ],
    [
      "[Pd]",
      "fd2f7f4b-f46b-4928-991a-21846078ea0b"
    ],
    [
      "bdc73206-a1c0-4e09-8837-16618184d286",
      "CC(C)c1c(O)cc(C=Cc2ccccc2)cc1O"
    ],
    [
      "c1ccc(P(c2ccccc2)c2ccccc2)cc1",
      "bdc73206-a1c0-4e09-8837-16618184d286"
    ],
    [
      "c1ccncc1",
      "c2f6f121-3eeb-4901-83bc-0616f330c614"
    ],
    [
      "c2f6f121-3eeb-4901-83bc-0616f330c614",
      "CN1CCN(c2ccc(C(=O)Nc3n[nH]c4ccc(Cc5cc(F)cc(F)c5)cc34)c(NC3CCOCC3)c2)CC1"
    ],
    [
      "c4f85f90-d329-428b-9a13-2bb9e53e4d40",
      "CC(C)c1c(O)cc(Br)cc1O"
    ],
    [
      "cafe8be4-0ebc-420f-9f57-ddf7d6235460",
      "Brc1ccc2c(c1)[nH]c1ccncc12"
    ],
    [
      "e8c2f0db-9daa-49a7-bf84-3e75e66f59c1",
      "CC(C)(C)OC(=O)n1c2ccncc2c2ccc(Br)cc21"
    ],
    [
      "fd2f7f4b-f46b-4928-991a-21846078ea0b",
      "N#Cc1cc(Cc2cc(F)cc(F)c2)ccc1F"
    ]
  ]
}