{
  "identifier": "61ff42d4-2e14-419e-ac34-263637089473",
  "chemical_reactions": [
    {
      "identifier": "3355fb85-3f4c-4d8c-8418-5e1e89a26640",
      "reactants": [
        {
          "identifier": "1d0b9ab3-15f2-4251-9caf-d0c0387005b0",
          "smiles": "Brc1c[nH]nc1-c1ccccc1",
          "state_of_matter": "SOLID",
          "molecular_weight": 223.06927999999985,
          "density": 1.4,
          "mass": 2.2306927999999986,
          "is_produced_by": [],
          "is_consumed_by": [
            "3355fb85-3f4c-4d8c-8418-5e1e89a26640"
          ],
          "provenance__density": "dummy estimator based on mw",
          "provenance__is_consumed_by": null,
          "provenance__is_produced_by": null,
          "provenance__mass": null,
          "provenance__molecular_weight": "periodic table",
          "provenance__smiles": null,
          "provenance__state_of_matter": "dummy estimator based on mw"
        },
        {
          "identifier": "fd582ae3-184c-46ef-b7d9-f5b1a603a3c7",
          "smiles": "CC(C)(C)OC(=O)OC(=O)OC(C)(C)C",
          "state_of_matter": "SOLID",
          "molecular_weight": 218.24691999999976,
          "density": 1.4,
          "mass": 2.1824691999999977,
          "is_produced_by": [],
          "is_consumed_by": [
            "3355fb85-3f4c-4d8c-8418-5e1e89a26640"
          ],
          "provenance__density": "dummy estimator based on mw",
          "provenance__is_consumed_by": null,
          "provenance__is_produced_by": null,
          "provenance__mass": null,
          "provenance__molecular_weight": "periodic table",
          "provenance__smiles": null,
          "provenance__state_of_matter": "dummy estimator based on mw"
        }
      ],
      "reagents": [
        {
          "identifier": "a18e2a93-a5a0-4722-a018-006d9753d143",
          "smiles": "CN(C)c1ccncc1",
          "state_of_matter": "LIQUID",
          "molecular_weight": 122.16770000000005,
          "density": 1.0,
          "mass": 1.2216770000000006,
          "is_produced_by": [],
          "is_consumed_by": [
            "3355fb85-3f4c-4d8c-8418-5e1e89a26640"
          ],
          "provenance__density": "dummy estimator based on mw",
          "provenance__is_consumed_by": null,
          "provenance__is_produced_by": null,
          "provenance__mass": null,
          "provenance__molecular_weight": "periodic table",
          "provenance__smiles": null,
          "provenance__state_of_matter": "dummy estimator based on mw"
        },
        {
          "identifier": "bbac0740-8536-43db-8fc0-746b20707fd7",
          "smiles": "ClCCl",
          "state_of_matter": "LIQUID",
          "molecular_weight": 84.93258000000002,
          "density": 1.0,
          "mass": 0.8493258000000001,
          "is_produced_by": [],
          "is_consumed_by": [
            "3355fb85-3f4c-4d8c-8418-5e1e89a26640"
          ],
          "provenance__density": "dummy estimator based on mw",
          "provenance__is_consumed_by": null,
          "provenance__is_produced_by": null,
          "provenance__mass": null,
          "provenance__molecular_weight": "periodic table",
          "provenance__smiles": null,
          "provenance__state_of_matter": "dummy estimator based on mw"
        }
      ],
      "products": [
        {
          "identifier": "c1642b16-50fb-417d-9531-6e964982b2dc",
          "smiles": "CC(C)(C)OC(=O)n1cc(Br)c(-c2ccccc2)n1",
          "state_of_matter": "SOLID",
          "molecular_weight": 324.1930400000002,
          "density": 1.4,
          "mass": 3.2419304000000024,
          "is_produced_by": [
            "3355fb85-3f4c-4d8c-8418-5e1e89a26640"
          ],
          "is_consumed_by": [],
          "provenance__density": "dummy estimator based on mw",
          "provenance__is_consumed_by": null,
          "provenance__is_produced_by": null,
          "provenance__mass": null,
          "provenance__molecular_weight": "periodic table",
          "provenance__smiles": null,
          "provenance__state_of_matter": "dummy estimator based on mw"
        }
      ],
      "stoichiometry": {
        "1d0b9ab3-15f2-4251-9caf-d0c0387005b0": 1.0,
        "fd582ae3-184c-46ef-b7d9-f5b1a603a3c7": 1.0,
        "c1642b16-50fb-417d-9531-6e964982b2dc": -1.0
      },
      "temperature": 307.9516330003738,
      "intended_ratios": {
        "1d0b9ab3-15f2-4251-9caf-d0c0387005b0": 1.0,
        "fd582ae3-184c-46ef-b7d9-f5b1a603a3c7": 1.0,
        "a18e2a93-a5a0-4722-a018-006d9753d143": 1.0,
        "bbac0740-8536-43db-8fc0-746b20707fd7": 1.0
      },
      "expected_yields": {
        "c1642b16-50fb-417d-9531-6e964982b2dc": 1.0
      },
      "reaction_extent": 0.01
    },
    {
      "identifier": "a6f62c53-3fc9-4c45-bdbf-32c697e7698d",
      "reactants": [
        {
          "identifier": "1f8842b9-ecb1-4223-be95-ed4cb96b3cc2",
          "smiles": "CC(C)(C)OC(=O)n1cc(Br)c(-c2ccccc2)n1",
          "state_of_matter": "SOLID",
          "molecular_weight": 324.1930400000002,
          "density": 1.4,
          "mass": 3.2419304000000024,
          "is_produced_by": [],
          "is_consumed_by": [
            "a6f62c53-3fc9-4c45-bdbf-32c697e7698d"
          ],
          "provenance__density": "dummy estimator based on mw",
          "provenance__is_consumed_by": null,
          "provenance__is_produced_by": null,
          "provenance__mass": null,
          "provenance__molecular_weight": "periodic table",
          "provenance__smiles": null,
          "provenance__state_of_matter": "dummy estimator based on mw"
        },
        {
          "identifier": "c1177552-c98f-436d-aff2-519858522da1",
          "smiles": "CC1CCCC(OCc2cccc(NC(=O)C(N)=O)c2)C1",
          "state_of_matter": "SOLID",
          "molecular_weight": 290.3574800000004,
          "density": 1.4,
          "mass": 2.9035748000000043,
          "is_produced_by": [],
          "is_consumed_by": [
            "a6f62c53-3fc9-4c45-bdbf-32c697e7698d"
          ],
          "provenance__density": "dummy estimator based on mw",
          "provenance__is_consumed_by": null,
          "provenance__is_produced_by": null,
          "provenance__mass": null,
          "provenance__molecular_weight": "periodic table",
          "provenance__smiles": null,
          "provenance__state_of_matter": "dummy estimator based on mw"
        }
      ],
      "reagents": [
        {
          "identifier": "f61f8db0-71fc-478f-8106-b2f0ba6b47ad",
          "smiles": "CN(C)C=O",
          "state_of_matter": "LIQUID",
          "molecular_weight": 73.09378000000004,
          "density": 1.0,
          "mass": 0.7309378000000004,
          "is_produced_by": [],
          "is_consumed_by": [
            "a6f62c53-3fc9-4c45-bdbf-32c697e7698d"
          ],
          "provenance__density": "dummy estimator based on mw",
          "provenance__is_consumed_by": null,
          "provenance__is_produced_by": null,
          "provenance__mass": null,
          "provenance__molecular_weight": "periodic table",
          "provenance__smiles": null,
          "provenance__state_of_matter": "dummy estimator based on mw"
        },
        {
          "identifier": "c9ceece6-faa3-48e0-82b7-73737e247823",
          "smiles": "O=C(O[Cs])O[Cs]",
          "state_of_matter": "SOLID",
          "molecular_weight": 325.8198,
          "density": 1.4,
          "mass": 3.258198,
          "is_produced_by": [],
          "is_consumed_by": [
            "a6f62c53-3fc9-4c45-bdbf-32c697e7698d"
          ],
          "provenance__density": "dummy estimator based on mw",
          "provenance__is_consumed_by": null,
          "provenance__is_produced_by": null,
          "provenance__mass": null,
          "provenance__molecular_weight": "periodic table",
          "provenance__smiles": null,
          "provenance__state_of_matter": "dummy estimator based on mw"
        }
      ],
      "products": [
        {
          "identifier": "65739d46-6ecc-4d16-9cd5-64809ee2465c",
          "smiles": "CC1CCCC(OCc2cccc(NC(=O)C(=O)Nc3cn(C(=O)OC(C)(C)C)nc3-c3ccccc3)c2)C1",
          "state_of_matter": "SOLID",
          "molecular_weight": 533.6385799999993,
          "density": 1.4,
          "mass": 5.336385799999992,
          "is_produced_by": [
            "a6f62c53-3fc9-4c45-bdbf-32c697e7698d"
          ],
          "is_consumed_by": [],
          "provenance__density": "dummy estimator based on mw",
          "provenance__is_consumed_by": null,
          "provenance__is_produced_by": null,
          "provenance__mass": null,
          "provenance__molecular_weight": "periodic table",
          "provenance__smiles": null,
          "provenance__state_of_matter": "dummy estimator based on mw"
        }
      ],
      "stoichiometry": {
        "1f8842b9-ecb1-4223-be95-ed4cb96b3cc2": 1.0,
        "c1177552-c98f-436d-aff2-519858522da1": 1.0,
        "65739d46-6ecc-4d16-9cd5-64809ee2465c": -1.0
      },
      "temperature": 354.15319574475285,
      "intended_ratios": {
        "1f8842b9-ecb1-4223-be95-ed4cb96b3cc2": 1.0,
        "c1177552-c98f-436d-aff2-519858522da1": 1.0,
        "f61f8db0-71fc-478f-8106-b2f0ba6b47ad": 1.0,
        "c9ceece6-faa3-48e0-82b7-73737e247823": 1.0
      },
      "expected_yields": {
        "65739d46-6ecc-4d16-9cd5-64809ee2465c": 1.0
      },
      "reaction_extent": 0.01
    },
    {
      "identifier": "1794a19f-1f81-4a9a-90cf-8caffb2ee793",
      "reactants": [
        {
          "identifier": "7e34e84d-af58-40a2-8e2f-729dadb1c898",
          "smiles": "CC1CCCC(O)C1",
          "state_of_matter": "LIQUID",
          "molecular_weight": 114.18546000000006,
          "density": 1.0,
          "mass": 1.1418546000000007,
          "is_produced_by": [],
          "is_consumed_by": [
            "1794a19f-1f81-4a9a-90cf-8caffb2ee793"
          ],
          "provenance__density": "dummy estimator based on mw",
          "provenance__is_consumed_by": null,
          "provenance__is_produced_by": null,
          "provenance__mass": null,
          "provenance__molecular_weight": "periodic table",
          "provenance__smiles": null,
          "provenance__state_of_matter": "dummy estimator based on mw"
        },
        {
          "identifier": "9321ec4b-6347-4a58-8e73-67589d92e0f1",
          "smiles": "O=[N+]([O-])c1cccc(CCl)c1",
          "state_of_matter": "LIQUID",
          "molecular_weight": 171.58103999999992,
          "density": 1.0,
          "mass": 1.7158103999999992,
          "is_produced_by": [],
          "is_consumed_by": [
            "1794a19f-1f81-4a9a-90cf-8caffb2ee793"
          ],
          "provenance__density": "dummy estimator based on mw",
          "provenance__is_consumed_by": null,
          "provenance__is_produced_by": null,
          "provenance__mass": null,
          "provenance__molecular_weight": "periodic table",
          "provenance__smiles": null,
          "provenance__state_of_matter": "dummy estimator based on mw"
        }
      ],
      "reagents": [
        {
          "identifier": "be3e5f32-f4ce-4b91-84be-6ea81232b938",
          "smiles": "ClCCl",
          "state_of_matter": "LIQUID",
          "molecular_weight": 84.93258000000002,
          "density": 1.0,
          "mass": 0.8493258000000001,
          "is_produced_by": [],
          "is_consumed_by": [
            "1794a19f-1f81-4a9a-90cf-8caffb2ee793"
          ],
          "provenance__density": "dummy estimator based on mw",
          "provenance__is_consumed_by": null,
          "provenance__is_produced_by": null,
          "provenance__mass": null,
          "provenance__molecular_weight": "periodic table",
          "provenance__smiles": null,
          "provenance__state_of_matter": "dummy estimator based on mw"
        }
      ],
      "products": [
        {
          "identifier": "228101bf-f5d9-45c7-834d-bf52a308dbc7",
          "smiles": "CC1CCCC(OCc2cccc([N+](=O)[O-])c2)C1",
          "state_of_matter": "SOLID",
          "molecular_weight": 249.30555999999982,
          "density": 1.4,
          "mass": 2.493055599999998,
          "is_produced_by": [
            "1794a19f-1f81-4a9a-90cf-8caffb2ee793"
          ],
          "is_consumed_by": [],
          "provenance__density": "dummy estimator based on mw",
          "provenance__is_consumed_by": null,
          "provenance__is_produced_by": null,
          "provenance__mass": null,
          "provenance__molecular_weight": "periodic table",
          "provenance__smiles": null,
          "provenance__state_of_matter": "dummy estimator based on mw"
        }
      ],
      "stoichiometry": {
        "7e34e84d-af58-40a2-8e2f-729dadb1c898": 1.0,
        "9321ec4b-6347-4a58-8e73-67589d92e0f1": 1.0,
        "228101bf-f5d9-45c7-834d-bf52a308dbc7": -1.0
      },
      "temperature": 294.4042056441307,
      "intended_ratios": {
        "7e34e84d-af58-40a2-8e2f-729dadb1c898": 1.0,
        "9321ec4b-6347-4a58-8e73-67589d92e0f1": 1.0,
        "be3e5f32-f4ce-4b91-84be-6ea81232b938": 1.0
      },
      "expected_yields": {
        "228101bf-f5d9-45c7-834d-bf52a308dbc7": 1.0
      },
      "reaction_extent": 0.01
    },
    {
      "identifier": "47bb834e-e4fa-48b9-9238-a34061c8f39f",
      "reactants": [
        {
          "identifier": "0f2ef287-59b4-41eb-b2bb-f2dbe5df5849",
          "smiles": "CC1CCCC(OCc2cccc(N)c2)C1",
          "state_of_matter": "SOLID",
          "molecular_weight": 219.32263999999978,
          "density": 1.4,
          "mass": 2.1932263999999977,
          "is_produced_by": [],
          "is_consumed_by": [
            "47bb834e-e4fa-48b9-9238-a34061c8f39f"
          ],
          "provenance__density": "dummy estimator based on mw",
          "provenance__is_consumed_by": null,
          "provenance__is_produced_by": null,
          "provenance__mass": null,
          "provenance__molecular_weight": "periodic table",
          "provenance__smiles": null,
          "provenance__state_of_matter": "dummy estimator based on mw"
        },
        {
          "identifier": "fb9bf3b5-061b-4bd7-8b86-fddf46efa386",
          "smiles": "CCOC(=O)C(=O)Cl",
          "state_of_matter": "LIQUID",
          "molecular_weight": 136.53369999999995,
          "density": 1.0,
          "mass": 1.3653369999999996,
          "is_produced_by": [],
          "is_consumed_by": [
            "47bb834e-e4fa-48b9-9238-a34061c8f39f"
          ],
          "provenance__density": "dummy estimator based on mw",
          "provenance__is_consumed_by": null,
          "provenance__is_produced_by": null,
          "provenance__mass": null,
          "provenance__molecular_weight": "periodic table",
          "provenance__smiles": null,
          "provenance__state_of_matter": "dummy estimator based on mw"
        }
      ],
      "reagents": [
        {
          "identifier": "9b2cd1fa-b39c-40e1-b336-d674b35a34d3",
          "smiles": "ClCCl",
          "state_of_matter": "LIQUID",
          "molecular_weight": 84.93258000000002,
          "density": 1.0,
          "mass": 0.8493258000000001,
          "is_produced_by": [],
          "is_consumed_by": [
            "47bb834e-e4fa-48b9-9238-a34061c8f39f"
          ],
          "provenance__density": "dummy estimator based on mw",
          "provenance__is_consumed_by": null,
          "provenance__is_produced_by": null,
          "provenance__mass": null,
          "provenance__molecular_weight": "periodic table",
          "provenance__smiles": null,
          "provenance__state_of_matter": "dummy estimator based on mw"
        }
      ],
      "products": [
        {
          "identifier": "9946d34d-b403-4b7c-b94a-c008fb27c81a",
          "smiles": "CCOC(=O)C(=O)Nc1cccc(COC2CCCC(C)C2)c1",
          "state_of_matter": "SOLID",
          "molecular_weight": 319.39540000000034,
          "density": 1.4,
          "mass": 3.1939540000000033,
          "is_produced_by": [
            "47bb834e-e4fa-48b9-9238-a34061c8f39f"
          ],
          "is_consumed_by": [],
          "provenance__density": "dummy estimator based on mw",
          "provenance__is_consumed_by": null,
          "provenance__is_produced_by": null,
          "provenance__mass": null,
          "provenance__molecular_weight": "periodic table",
          "provenance__smiles": null,
          "provenance__state_of_matter": "dummy estimator based on mw"
        }
      ],
      "stoichiometry": {
        "0f2ef287-59b4-41eb-b2bb-f2dbe5df5849": 1.0,
        "fb9bf3b5-061b-4bd7-8b86-fddf46efa386": 1.0,
        "9946d34d-b403-4b7c-b94a-c008fb27c81a": -1.0
      },
      "temperature": 300.77691807746885,
      "intended_ratios": {
        "0f2ef287-59b4-41eb-b2bb-f2dbe5df5849": 1.0,
        "fb9bf3b5-061b-4bd7-8b86-fddf46efa386": 1.0,
        "9b2cd1fa-b39c-40e1-b336-d674b35a34d3": 1.0
      },
      "expected_yields": {
        "9946d34d-b403-4b7c-b94a-c008fb27c81a": 1.0
      },
      "reaction_extent": 0.01
    },
    {
      "identifier": "91911e18-b686-4df6-aa3d-f89622e8a500",
      "reactants": [
        {
          "identifier": "98922583-f2d0-4aad-a65e-ef169c10d304",
          "smiles": "CC1CCCC(OCc2cccc(NC(=O)C(=O)Nc3cn(C(=O)OC(C)(C)C)nc3-c3ccccc3)c2)C1",
          "state_of_matter": "SOLID",
          "molecular_weight": 533.6385799999993,
          "density": 1.4,
          "mass": 5.336385799999992,
          "is_produced_by": [],
          "is_consumed_by": [
            "91911e18-b686-4df6-aa3d-f89622e8a500"
          ],
          "provenance__density": "dummy estimator based on mw",
          "provenance__is_consumed_by": null,
          "provenance__is_produced_by": null,
          "provenance__mass": null,
          "provenance__molecular_weight": "periodic table",
          "provenance__smiles": null,
          "provenance__state_of_matter": "dummy estimator based on mw"
        }
      ],
      "reagents": [
        {
          "identifier": "faecf902-5ade-4319-a882-75743ac41c16",
          "smiles": "ClCCl",
          "state_of_matter": "LIQUID",
          "molecular_weight": 84.93258000000002,
          "density": 1.0,
          "mass": 0.8493258000000001,
          "is_produced_by": [],
          "is_consumed_by": [
            "91911e18-b686-4df6-aa3d-f89622e8a500"
          ],
          "provenance__density": "dummy estimator based on mw",
          "provenance__is_consumed_by": null,
          "provenance__is_produced_by": null,
          "provenance__mass": null,
          "provenance__molecular_weight": "periodic table",
          "provenance__smiles": null,
          "provenance__state_of_matter": "dummy estimator based on mw"
        },
        {
          "identifier": "2e010b4a-04bb-43d2-a7d8-aff48c296428",
          "smiles": "O=C(O)C(F)(F)F",
          "state_of_matter": "LIQUID",
          "molecular_weight": 114.0233496,
          "density": 1.0,
          "mass": 1.140233496,
          "is_produced_by": [],
          "is_consumed_by": [
            "91911e18-b686-4df6-aa3d-f89622e8a500"
          ],
          "provenance__density": "dummy estimator based on mw",
          "provenance__is_consumed_by": null,
          "provenance__is_produced_by": null,
          "provenance__mass": null,
          "provenance__molecular_weight": "periodic table",
          "provenance__smiles": null,
          "provenance__state_of_matter": "dummy estimator based on mw"
        }
      ],
      "products": [
        {
          "identifier": "32b8021c-bcd5-45f5-a1b2-657d8045623e",
          "smiles": "CC1CCCC(OCc2cccc(NC(=O)C(=O)Nc3cn(C)nc3-c3ccccc3)c2)C1",
          "state_of_matter": "SOLID",
          "molecular_weight": 447.5493400000005,
          "density": 1.4,
          "mass": 4.475493400000005,
          "is_produced_by": [
            "91911e18-b686-4df6-aa3d-f89622e8a500"
          ],
          "is_consumed_by": [],
          "provenance__density": "dummy estimator based on mw",
          "provenance__is_consumed_by": null,
          "provenance__is_produced_by": null,
          "provenance__mass": null,
          "provenance__molecular_weight": "periodic table",
          "provenance__smiles": null,
          "provenance__state_of_matter": "dummy estimator based on mw"
        }
      ],
      "stoichiometry": {
        "98922583-f2d0-4aad-a65e-ef169c10d304": 1.0,
        "32b8021c-bcd5-45f5-a1b2-657d8045623e": -1.0
      },
      "temperature": 278.6402817606926,
      "intended_ratios": {
        "98922583-f2d0-4aad-a65e-ef169c10d304": 1.0,
        "faecf902-5ade-4319-a882-75743ac41c16": 1.0,
        "2e010b4a-04bb-43d2-a7d8-aff48c296428": 1.0
      },
      "expected_yields": {
        "32b8021c-bcd5-45f5-a1b2-657d8045623e": 1.0
      },
      "reaction_extent": 0.01
    },
    {
      "identifier": "a8d12a69-3ad5-43b0-9dc6-1cdcec931ad9",
      "reactants": [
        {
          "identifier": "94956f85-7438-4427-9827-d36ce165b956",
          "smiles": "CC1CCCC(OCc2cccc([N+](=O)[O-])c2)C1",
          "state_of_matter": "SOLID",
          "molecular_weight": 249.30555999999982,
          "density": 1.4,
          "mass": 2.493055599999998,
          "is_produced_by": [],
          "is_consumed_by": [
            "a8d12a69-3ad5-43b0-9dc6-1cdcec931ad9"
          ],
          "provenance__density": "dummy estimator based on mw",
          "provenance__is_consumed_by": null,
          "provenance__is_produced_by": null,
          "provenance__mass": null,
          "provenance__molecular_weight": "periodic table",
          "provenance__smiles": null,
          "provenance__state_of_matter": "dummy estimator based on mw"
        }
      ],
      "reagents": [
        {
          "identifier": "fd7d9dfe-2abb-4b77-b15c-426610a209c8",
          "smiles": "CCO",
          "state_of_matter": "LIQUID",
          "molecular_weight": 46.06843999999999,
          "density": 1.0,
          "mass": 0.4606843999999999,
          "is_produced_by": [],
          "is_consumed_by": [
            "a8d12a69-3ad5-43b0-9dc6-1cdcec931ad9"
          ],
          "provenance__density": "dummy estimator based on mw",
          "provenance__is_consumed_by": null,
          "provenance__is_produced_by": null,
          "provenance__mass": null,
          "provenance__molecular_weight": "periodic table",
          "provenance__smiles": null,
          "provenance__state_of_matter": "dummy estimator based on mw"
        },
        {
          "identifier": "2a54e6f7-1334-4d03-aa67-62a1f96aa3fb",
          "smiles": "[Pd]",
          "state_of_matter": "SOLID",
          "molecular_weight": 106.42,
          "density": 1.4,
          "mass": 1.0642,
          "is_produced_by": [],
          "is_consumed_by": [
            "a8d12a69-3ad5-43b0-9dc6-1cdcec931ad9"
          ],
          "provenance__density": "dummy estimator based on mw",
          "provenance__is_consumed_by": null,
          "provenance__is_produced_by": null,
          "provenance__mass": null,
          "provenance__molecular_weight": "periodic table",
          "provenance__smiles": null,
          "provenance__state_of_matter": "dummy estimator based on mw"
        }
      ],
      "products": [
        {
          "identifier": "bd7f49d4-ac6a-4c11-8d2f-eb8b69422dbb",
          "smiles": "CC1CCCC(OCc2cccc(N)c2)C1",
          "state_of_matter": "SOLID",
          "molecular_weight": 219.32263999999978,
          "density": 1.4,
          "mass": 2.1932263999999977,
          "is_produced_by": [
            "a8d12a69-3ad5-43b0-9dc6-1cdcec931ad9"
          ],
          "is_consumed_by": [],
          "provenance__density": "dummy estimator based on mw",
          "provenance__is_consumed_by": null,
          "provenance__is_produced_by": null,
          "provenance__mass": null,
          "provenance__molecular_weight": "periodic table",
          "provenance__smiles": null,
          "provenance__state_of_matter": "dummy estimator based on mw"
        }
      ],
      "stoichiometry": {
        "94956f85-7438-4427-9827-d36ce165b956": 1.0,
        "bd7f49d4-ac6a-4c11-8d2f-eb8b69422dbb": -1.0
      },
      "temperature": 289.4082804322243,
      "intended_ratios": {
        "94956f85-7438-4427-9827-d36ce165b956": 1.0,
        "fd7d9dfe-2abb-4b77-b15c-426610a209c8": 1.0,
        "2a54e6f7-1334-4d03-aa67-62a1f96aa3fb": 1.0
      },
      "expected_yields": {
        "bd7f49d4-ac6a-4c11-8d2f-eb8b69422dbb": 1.0
      },
      "reaction_extent": 0.01
    },
    {
      "identifier": "e9ab8618-360b-4873-b863-7511f06a68c7",
      "reactants": [
        {
          "identifier": "65b1fc38-114e-4092-b143-d492f7043dba",
          "smiles": "CCOC(=O)C(=O)Nc1cccc(COC2CCCC(C)C2)c1",
          "state_of_matter": "SOLID",
          "molecular_weight": 319.39540000000034,
          "density": 1.4,
          "mass": 3.1939540000000033,
          "is_produced_by": [],
          "is_consumed_by": [
            "e9ab8618-360b-4873-b863-7511f06a68c7"
          ],
          "provenance__density": "dummy estimator based on mw",
          "provenance__is_consumed_by": null,
          "provenance__is_produced_by": null,
          "provenance__mass": null,
          "provenance__molecular_weight": "periodic table",
          "provenance__smiles": null,
          "provenance__state_of_matter": "dummy estimator based on mw"
        }
      ],
      "reagents": [
        {
          "identifier": "de7a3b4b-b0bf-4c4a-8535-7a103b2aeac8",
          "smiles": "CCO",
          "state_of_matter": "LIQUID",
          "molecular_weight": 46.06843999999999,
          "density": 1.0,
          "mass": 0.4606843999999999,
          "is_produced_by": [],
          "is_consumed_by": [
            "e9ab8618-360b-4873-b863-7511f06a68c7"
          ],
          "provenance__density": "dummy estimator based on mw",
          "provenance__is_consumed_by": null,
          "provenance__is_produced_by": null,
          "provenance__mass": null,
          "provenance__molecular_weight": "periodic table",
          "provenance__smiles": null,
          "provenance__state_of_matter": "dummy estimator based on mw"
        },
        {
          "identifier": "b91f5a6a-4bf6-42f1-a740-0b39df6b9a98",
          "smiles": "[Pd]",
          "state_of_matter": "SOLID",
          "molecular_weight": 106.42,
          "density": 1.4,
          "mass": 1.0642,
          "is_produced_by": [],
          "is_consumed_by": [
            "e9ab8618-360b-4873-b863-7511f06a68c7"
          ],
          "provenance__density": "dummy estimator based on mw",
          "provenance__is_consumed_by": null,
          "provenance__is_produced_by": null,
          "provenance__mass": null,
          "provenance__molecular_weight": "periodic table",
          "provenance__smiles": null,
          "provenance__state_of_matter": "dummy estimator based on mw"
        }
      ],
      "products": [
        {
          "identifier": "9b20160c-208a-47cf-83ec-2dd5004e5ced",
          "smiles": "CC1CCCC(OCc2cccc(NC(=O)C(N)=O)c2)C1",
          "state_of_matter": "SOLID",
          "molecular_weight": 290.3574800000004,
          "density": 1.4,
          "mass": 2.9035748000000043,
          "is_produced_by": [
            "e9ab8618-360b-4873-b863-7511f06a68c7"
          ],
          "is_consumed_by": [],
          "provenance__density": "dummy estimator based on mw",
          "provenance__is_consumed_by": null,
          "provenance__is_produced_by": null,
          "provenance__mass": null,
          "provenance__molecular_weight": "periodic table",
          "provenance__smiles": null,
          "provenance__state_of_matter": "dummy estimator based on mw"
        }
      ],
      "stoichiometry": {
        "65b1fc38-114e-4092-b143-d492f7043dba": 1.0,
        "9b20160c-208a-47cf-83ec-2dd5004e5ced": -1.0
      },
      "temperature": 311.06596203446384,
      "intended_ratios": {
        "65b1fc38-114e-4092-b143-d492f7043dba": 1.0,
        "de7a3b4b-b0bf-4c4a-8535-7a103b2aeac8": 1.0,
        "b91f5a6a-4bf6-42f1-a740-0b39df6b9a98": 1.0
      },
      "expected_yields": {
        "9b20160c-208a-47cf-83ec-2dd5004e5ced": 1.0
      },
      "reaction_extent": 0.01
    }
  ],
  "molecular_nodes": [
    "Brc1c[nH]nc1-c1ccccc1",
    "CC(C)(C)OC(=O)OC(=O)OC(C)(C)C",
    "CC(C)(C)OC(=O)n1cc(Br)c(-c2ccccc2)n1",
    "CC1CCCC(O)C1",
    "CC1CCCC(OCc2cccc(N)c2)C1",
    "CC1CCCC(OCc2cccc(NC(=O)C(=O)Nc3cn(C(=O)OC(C)(C)C)nc3-c3ccccc3)c2)C1",
    "CC1CCCC(OCc2cccc(NC(=O)C(=O)Nc3cn(C)nc3-c3ccccc3)c2)C1",
    "CC1CCCC(OCc2cccc(NC(=O)C(N)=O)c2)C1",
    "CC1CCCC(OCc2cccc([N+](=O)[O-])c2)C1",
    "CCO",
    "CCOC(=O)C(=O)Cl",
    "CCOC(=O)C(=O)Nc1cccc(COC2CCCC(C)C2)c1",
    "CN(C)C=O",
    "CN(C)c1ccncc1",
    "ClCCl",
    "O=C(O)C(F)(F)F",
    "O=C(O[Cs])O[Cs]",
    "O=[N+]([O-])c1cccc(CCl)c1",
    "[Pd]"
  ],
  "edges": [
    [
      "1794a19f-1f81-4a9a-90cf-8caffb2ee793",
      "CC1CCCC(OCc2cccc([N+](=O)[O-])c2)C1"
    ],
    [
      "3355fb85-3f4c-4d8c-8418-5e1e89a26640",
      "CC(C)(C)OC(=O)n1cc(Br)c(-c2ccccc2)n1"
    ],
    [
      "47bb834e-e4fa-48b9-9238-a34061c8f39f",
      "CCOC(=O)C(=O)Nc1cccc(COC2CCCC(C)C2)c1"
    ],
    [
      "91911e18-b686-4df6-aa3d-f89622e8a500",
      "CC1CCCC(OCc2cccc(NC(=O)C(=O)Nc3cn(C)nc3-c3ccccc3)c2)C1"
    ],
    [
      "Brc1c[nH]nc1-c1ccccc1",
      "3355fb85-3f4c-4d8c-8418-5e1e89a26640"
    ],
    [
      "CC(C)(C)OC(=O)OC(=O)OC(C)(C)C",
      "3355fb85-3f4c-4d8c-8418-5e1e89a26640"
    ],
    [
      "CC(C)(C)OC(=O)n1cc(Br)c(-c2ccccc2)n1",
      "a6f62c53-3fc9-4c45-bdbf-32c697e7698d"
    ],
    [
      "CC1CCCC(O)C1",
      "1794a19f-1f81-4a9a-90cf-8caffb2ee793"
    ],
    [
      "CC1CCCC(OCc2cccc(N)c2)C1",
      "47bb834e-e4fa-48b9-9238-a34061c8f39f"
    ],
    [
      "CC1CCCC(OCc2cccc(NC(=O)C(=O)Nc3cn(C(=O)OC(C)(C)C)nc3-c3ccccc3)c2)C1",
      "91911e18-b686-4df6-aa3d-f89622e8a500"
    ],
    [
      "CC1CCCC(OCc2cccc(NC(=O)C(N)=O)c2)C1",
      "a6f62c53-3fc9-4c45-bdbf-32c697e7698d"
    ],
    [
      "CC1CCCC(OCc2cccc([N+](=O)[O-])c2)C1",
      "a8d12a69-3ad5-43b0-9dc6-1cdcec931ad9"
    ],
    [
      "CCO",
      "a8d12a69-3ad5-43b0-9dc6-1cdcec931ad9"
    ],
    [
      "CCO",
      "e9ab8618-360b-4873-b863-7511f06a68c7"
    ],
    [
      "CCOC(=O)C(=O)Cl",
      "47bb834e-e4fa-48b9-9238-a34061c8f39f"
    ],
    [
      "CCOC(=O)C(=O)Nc1cccc(COC2CCCC(C)C2)c1",
      "e9ab8618-360b-4873-b863-7511f06a68c7"
    ],
    [
      "CN(C)C=O",
      "a6f62c53-3fc9-4c45-bdbf-32c697e7698d"
    ],
    [
      "CN(C)c1ccncc1",
      "3355fb85-3f4c-4d8c-8418-5e1e89a26640"
    ],
    [
      "ClCCl",
      "1794a19f-1f81-4a9a-90cf-8caffb2ee793"
    ],
    [
      "ClCCl",
      "3355fb85-3f4c-4d8c-8418-5e1e89a26640"
    ],
    [
      "ClCCl",
      "47bb834e-e4fa-48b9-9238-a34061c8f39f"
    ],
    [
      "ClCCl",
      "91911e18-b686-4df6-aa3d-f89622e8a500"
    ],
    [
      "O=C(O)C(F)(F)F",
      "91911e18-b686-4df6-aa3d-f89622e8a500"
    ],
    [
      "O=C(O[Cs])O[Cs]",
      "a6f62c53-3fc9-4c45-bdbf-32c697e7698d"
    ],
    [
      "O=[N+]([O-])c1cccc(CCl)c1",
      "1794a19f-1f81-4a9a-90cf-8caffb2ee793"
    ],
    [
      "[Pd]",
      "a8d12a69-3ad5-43b0-9dc6-1cdcec931ad9"
    ],
    [
      "[Pd]",
      "e9ab8618-360b-4873-b863-7511f06a68c7"
    ],
    [
      "a6f62c53-3fc9-4c45-bdbf-32c697e7698d",
      "CC1CCCC(OCc2cccc(NC(=O)C(=O)Nc3cn(C(=O)OC(C)(C)C)nc3-c3ccccc3)c2)C1"
    ],
    [
      "a8d12a69-3ad5-43b0-9dc6-1cdcec931ad9",
      "CC1CCCC(OCc2cccc(N)c2)C1"
    ],
    [
      "e9ab8618-360b-4873-b863-7511f06a68c7",
      "CC1CCCC(OCc2cccc(NC(=O)C(N)=O)c2)C1"
    ]
  ]
}