{
  "identifier": "555a81b6-72fd-4eed-a4d6-62dc5a54e950",
  "chemical_reactions": [
    {
      "identifier": "840295b2-e4f0-4221-b8d6-e8d343cfdfc3",
      "reactants": [
        {
          "identifier": "365b41b9-94a8-4cd7-947a-81c0106ce503",
          "smiles": "CC(C)(C)NS(=O)(=O)c1cccc(N)c1",
          "state_of_matter": "SOLID",
          "molecular_weight": 228.31123999999977,
          "density": 1.4,
          "mass": 2.2831123999999976,
          "is_produced_by": [],
          "is_consumed_by": [
            "840295b2-e4f0-4221-b8d6-e8d343cfdfc3"
          ],
          "provenance__density": "dummy estimator based on mw",
          "provenance__is_consumed_by": null,
          "provenance__is_produced_by": null,
          "provenance__mass": null,
          "provenance__molecular_weight": "periodic table",
          "provenance__smiles": null,
          "provenance__state_of_matter": "dummy estimator based on mw"
        },
        {
          "identifier": "fb26a0cb-dc7c-46eb-8d5b-378f491291a6",
          "smiles": "Cc1cnc(Cl)nc1Cl",
          "state_of_matter": "LIQUID",
          "molecular_weight": 163.00465999999994,
          "density": 1.0,
          "mass": 1.6300465999999996,
          "is_produced_by": [],
          "is_consumed_by": [
            "840295b2-e4f0-4221-b8d6-e8d343cfdfc3"
          ],
          "provenance__density": "dummy estimator based on mw",
          "provenance__is_consumed_by": null,
          "provenance__is_produced_by": null,
          "provenance__mass": null,
          "provenance__molecular_weight": "periodic table",
          "provenance__smiles": null,
          "provenance__state_of_matter": "dummy estimator based on mw"
        }
      ],
      "reagents": [
        {
          "identifier": "45dc6f44-6fe6-480f-891e-771f8b9d4ebf",
          "smiles": "CO",
          "state_of_matter": "LIQUID",
          "molecular_weight": 32.04186000000001,
          "density": 1.0,
          "mass": 0.32041860000000005,
          "is_produced_by": [],
          "is_consumed_by": [
            "840295b2-e4f0-4221-b8d6-e8d343cfdfc3"
          ],
          "provenance__density": "dummy estimator based on mw",
          "provenance__is_consumed_by": null,
          "provenance__is_produced_by": null,
          "provenance__mass": null,
          "provenance__molecular_weight": "periodic table",
          "provenance__smiles": null,
          "provenance__state_of_matter": "dummy estimator based on mw"
        }
      ],
      "products": [
        {
          "identifier": "4775fb4f-7dcc-4d2a-9b3e-08d93b64d404",
          "smiles": "Cc1cnc(Cl)nc1Nc1cccc(S(=O)(=O)NC(C)(C)C)c1",
          "state_of_matter": "SOLID",
          "molecular_weight": 354.8549600000003,
          "density": 1.4,
          "mass": 3.548549600000003,
          "is_produced_by": [
            "840295b2-e4f0-4221-b8d6-e8d343cfdfc3"
          ],
          "is_consumed_by": [],
          "provenance__density": "dummy estimator based on mw",
          "provenance__is_consumed_by": null,
          "provenance__is_produced_by": null,
          "provenance__mass": null,
          "provenance__molecular_weight": "periodic table",
          "provenance__smiles": null,
          "provenance__state_of_matter": "dummy estimator based on mw"
        }
      ],
      "stoichiometry": {
        "365b41b9-94a8-4cd7-947a-81c0106ce503": 1.0,
        "fb26a0cb-dc7c-46eb-8d5b-378f491291a6": 1.0,
        "4775fb4f-7dcc-4d2a-9b3e-08d93b64d404": -1.0
      },
      "temperature": 324.2890065729618,
      "intended_ratios": {
        "365b41b9-94a8-4cd7-947a-81c0106ce503": 1.0,
        "fb26a0cb-dc7c-46eb-8d5b-378f491291a6": 1.0,
        "45dc6f44-6fe6-480f-891e-771f8b9d4ebf": 1.0
      },
      "expected_yields": {
        "4775fb4f-7dcc-4d2a-9b3e-08d93b64d404": 1.0
      },
      "reaction_extent": 0.01
    },
    {
      "identifier": "27ea1129-57ab-468e-adb0-3110b5da2673",
      "reactants": [
        {
          "identifier": "8b978c1f-a0bf-427c-98a5-8f77e2918d56",
          "smiles": "Cc1cnc(Cl)nc1Nc1cccc(S(=O)(=O)NC(C)(C)C)c1",
          "state_of_matter": "SOLID",
          "molecular_weight": 354.8549600000003,
          "density": 1.4,
          "mass": 3.548549600000003,
          "is_produced_by": [],
          "is_consumed_by": [
            "27ea1129-57ab-468e-adb0-3110b5da2673"
          ],
          "provenance__density": "dummy estimator based on mw",
          "provenance__is_consumed_by": null,
          "provenance__is_produced_by": null,
          "provenance__mass": null,
          "provenance__molecular_weight": "periodic table",
          "provenance__smiles": null,
          "provenance__state_of_matter": "dummy estimator based on mw"
        },
        {
          "identifier": "5ee82fd6-9b12-4b1e-bd91-03698819dc59",
          "smiles": "Nc1ccc(OCc2ccccc2)cc1",
          "state_of_matter": "LIQUID",
          "molecular_weight": 199.2484199999998,
          "density": 1.0,
          "mass": 1.9924841999999983,
          "is_produced_by": [],
          "is_consumed_by": [
            "27ea1129-57ab-468e-adb0-3110b5da2673"
          ],
          "provenance__density": "dummy estimator based on mw",
          "provenance__is_consumed_by": null,
          "provenance__is_produced_by": null,
          "provenance__mass": null,
          "provenance__molecular_weight": "periodic table",
          "provenance__smiles": null,
          "provenance__state_of_matter": "dummy estimator based on mw"
        }
      ],
      "reagents": [
        {
          "identifier": "cb9dc1b0-b6a6-418d-8297-1e6c34327406",
          "smiles": "Cl",
          "state_of_matter": "LIQUID",
          "molecular_weight": 36.46094,
          "density": 1.0,
          "mass": 0.36460940000000003,
          "is_produced_by": [],
          "is_consumed_by": [
            "27ea1129-57ab-468e-adb0-3110b5da2673"
          ],
          "provenance__density": "dummy estimator based on mw",
          "provenance__is_consumed_by": null,
          "provenance__is_produced_by": null,
          "provenance__mass": null,
          "provenance__molecular_weight": "periodic table",
          "provenance__smiles": null,
          "provenance__state_of_matter": "dummy estimator based on mw"
        },
        {
          "identifier": "fde3f41d-7001-4a77-b6ae-2c9738f325ee",
          "smiles": "C1COCCO1",
          "state_of_matter": "LIQUID",
          "molecular_weight": 88.10512000000004,
          "density": 1.0,
          "mass": 0.8810512000000005,
          "is_produced_by": [],
          "is_consumed_by": [
            "27ea1129-57ab-468e-adb0-3110b5da2673"
          ],
          "provenance__density": "dummy estimator based on mw",
          "provenance__is_consumed_by": null,
          "provenance__is_produced_by": null,
          "provenance__mass": null,
          "provenance__molecular_weight": "periodic table",
          "provenance__smiles": null,
          "provenance__state_of_matter": "dummy estimator based on mw"
        }
      ],
      "products": [
        {
          "identifier": "8e161d1b-cc3c-415d-bacd-fcc027b842c6",
          "smiles": "Cc1cnc(Nc2ccc(OCc3ccccc3)cc2)nc1Nc1cccc(S(=O)(=O)NC(C)(C)C)c1",
          "state_of_matter": "SOLID",
          "molecular_weight": 517.6424400000001,
          "density": 1.4,
          "mass": 5.176424400000001,
          "is_produced_by": [
            "27ea1129-57ab-468e-adb0-3110b5da2673"
          ],
          "is_consumed_by": [],
          "provenance__density": "dummy estimator based on mw",
          "provenance__is_consumed_by": null,
          "provenance__is_produced_by": null,
          "provenance__mass": null,
          "provenance__molecular_weight": "periodic table",
          "provenance__smiles": null,
          "provenance__state_of_matter": "dummy estimator based on mw"
        }
      ],
      "stoichiometry": {
        "8b978c1f-a0bf-427c-98a5-8f77e2918d56": 1.0,
        "5ee82fd6-9b12-4b1e-bd91-03698819dc59": 1.0,
        "8e161d1b-cc3c-415d-bacd-fcc027b842c6": -1.0
      },
      "temperature": 369.8748215675354,
      "intended_ratios": {
        "8b978c1f-a0bf-427c-98a5-8f77e2918d56": 1.0,
        "5ee82fd6-9b12-4b1e-bd91-03698819dc59": 1.0,
        "cb9dc1b0-b6a6-418d-8297-1e6c34327406": 1.0,
        "fde3f41d-7001-4a77-b6ae-2c9738f325ee": 1.0
      },
      "expected_yields": {
        "8e161d1b-cc3c-415d-bacd-fcc027b842c6": 1.0
      },
      "reaction_extent": 0.01
    },
    {
      "identifier": "8302f303-ccbf-4b0c-9796-2526f3000fb2",
      "reactants": [
        {
          "identifier": "00d83de2-9ca4-4bf6-a34d-67830448d220",
          "smiles": "Cc1cnc(Nc2ccc(O)cc2)nc1Nc1cccc(S(=O)(=O)NC(C)(C)C)c1",
          "state_of_matter": "SOLID",
          "molecular_weight": 427.51990000000035,
          "density": 1.4,
          "mass": 4.275199000000003,
          "is_produced_by": [],
          "is_consumed_by": [
            "8302f303-ccbf-4b0c-9796-2526f3000fb2"
          ],
          "provenance__density": "dummy estimator based on mw",
          "provenance__is_consumed_by": null,
          "provenance__is_produced_by": null,
          "provenance__mass": null,
          "provenance__molecular_weight": "periodic table",
          "provenance__smiles": null,
          "provenance__state_of_matter": "dummy estimator based on mw"
        },
        {
          "identifier": "b4a9c80b-cd44-405e-9c04-c827d45d4417",
          "smiles": "ClCCN1CCCC1",
          "state_of_matter": "LIQUID",
          "molecular_weight": 133.61917999999997,
          "density": 1.0,
          "mass": 1.3361917999999997,
          "is_produced_by": [],
          "is_consumed_by": [
            "8302f303-ccbf-4b0c-9796-2526f3000fb2"
          ],
          "provenance__density": "dummy estimator based on mw",
          "provenance__is_consumed_by": null,
          "provenance__is_produced_by": null,
          "provenance__mass": null,
          "provenance__molecular_weight": "periodic table",
          "provenance__smiles": null,
          "provenance__state_of_matter": "dummy estimator based on mw"
        }
      ],
      "reagents": [
        {
          "identifier": "888a1a3c-868a-40d5-9acf-53e30b99ed26",
          "smiles": "O=C(O[K])O[K]",
          "state_of_matter": "SOLID",
          "molecular_weight": 138.2055,
          "density": 1.4,
          "mass": 1.382055,
          "is_produced_by": [],
          "is_consumed_by": [
            "8302f303-ccbf-4b0c-9796-2526f3000fb2"
          ],
          "provenance__density": "dummy estimator based on mw",
          "provenance__is_consumed_by": null,
          "provenance__is_produced_by": null,
          "provenance__mass": null,
          "provenance__molecular_weight": "periodic table",
          "provenance__smiles": null,
          "provenance__state_of_matter": "dummy estimator based on mw"
        },
        {
          "identifier": "8efe7b05-ff83-4a0b-9f41-f6e6b6c3de39",
          "smiles": "CC(C)=O",
          "state_of_matter": "LIQUID",
          "molecular_weight": 58.07913999999999,
          "density": 1.0,
          "mass": 0.5807913999999998,
          "is_produced_by": [],
          "is_consumed_by": [
            "8302f303-ccbf-4b0c-9796-2526f3000fb2"
          ],
          "provenance__density": "dummy estimator based on mw",
          "provenance__is_consumed_by": null,
          "provenance__is_produced_by": null,
          "provenance__mass": null,
          "provenance__molecular_weight": "periodic table",
          "provenance__smiles": null,
          "provenance__state_of_matter": "dummy estimator based on mw"
        }
      ],
      "products": [
        {
          "identifier": "ecc67367-9060-4b30-9d0f-3e5fee58de26",
          "smiles": "Cc1cnc(Nc2ccc(OCCN3CCCC3)cc2)nc1Nc1cccc(S(=O)(=O)NC(C)(C)C)c1",
          "state_of_matter": "SOLID",
          "molecular_weight": 524.6781399999998,
          "density": 1.4,
          "mass": 5.246781399999998,
          "is_produced_by": [
            "8302f303-ccbf-4b0c-9796-2526f3000fb2"
          ],
          "is_consumed_by": [],
          "provenance__density": "dummy estimator based on mw",
          "provenance__is_consumed_by": null,
          "provenance__is_produced_by": null,
          "provenance__mass": null,
          "provenance__molecular_weight": "periodic table",
          "provenance__smiles": null,
          "provenance__state_of_matter": "dummy estimator based on mw"
        }
      ],
      "stoichiometry": {
        "00d83de2-9ca4-4bf6-a34d-67830448d220": 1.0,
        "b4a9c80b-cd44-405e-9c04-c827d45d4417": 1.0,
        "ecc67367-9060-4b30-9d0f-3e5fee58de26": -1.0
      },
      "temperature": 346.08960286974906,
      "intended_ratios": {
        "00d83de2-9ca4-4bf6-a34d-67830448d220": 1.0,
        "b4a9c80b-cd44-405e-9c04-c827d45d4417": 1.0,
        "888a1a3c-868a-40d5-9acf-53e30b99ed26": 1.0,
        "8efe7b05-ff83-4a0b-9f41-f6e6b6c3de39": 1.0
      },
      "expected_yields": {
        "ecc67367-9060-4b30-9d0f-3e5fee58de26": 1.0
      },
      "reaction_extent": 0.01
    },
    {
      "identifier": "a806af6b-e158-4b29-9be1-d878d12e93bd",
      "reactants": [
        {
          "identifier": "93c25ab3-cc41-4e06-879b-cf3095298fc2",
          "smiles": "Cc1cnc(Nc2ccc(OCc3ccccc3)cc2)nc1Nc1cccc(S(=O)(=O)NC(C)(C)C)c1",
          "state_of_matter": "SOLID",
          "molecular_weight": 517.6424400000001,
          "density": 1.4,
          "mass": 5.176424400000001,
          "is_produced_by": [],
          "is_consumed_by": [
            "a806af6b-e158-4b29-9be1-d878d12e93bd"
          ],
          "provenance__density": "dummy estimator based on mw",
          "provenance__is_consumed_by": null,
          "provenance__is_produced_by": null,
          "provenance__mass": null,
          "provenance__molecular_weight": "periodic table",
          "provenance__smiles": null,
          "provenance__state_of_matter": "dummy estimator based on mw"
        }
      ],
      "reagents": [
        {
          "identifier": "c1c3eab8-9f4b-417c-aa5e-492b70a8e1d3",
          "smiles": "CO",
          "state_of_matter": "LIQUID",
          "molecular_weight": 32.04186000000001,
          "density": 1.0,
          "mass": 0.32041860000000005,
          "is_produced_by": [],
          "is_consumed_by": [
            "a806af6b-e158-4b29-9be1-d878d12e93bd"
          ],
          "provenance__density": "dummy estimator based on mw",
          "provenance__is_consumed_by": null,
          "provenance__is_produced_by": null,
          "provenance__mass": null,
          "provenance__molecular_weight": "periodic table",
          "provenance__smiles": null,
          "provenance__state_of_matter": "dummy estimator based on mw"
        },
        {
          "identifier": "157a38b9-fcf7-4529-b8f4-6201f7ef99a9",
          "smiles": "[Pd]",
          "state_of_matter": "SOLID",
          "molecular_weight": 106.42,
          "density": 1.4,
          "mass": 1.0642,
          "is_produced_by": [],
          "is_consumed_by": [
            "a806af6b-e158-4b29-9be1-d878d12e93bd"
          ],
          "provenance__density": "dummy estimator based on mw",
          "provenance__is_consumed_by": null,
          "provenance__is_produced_by": null,
          "provenance__mass": null,
          "provenance__molecular_weight": "periodic table",
          "provenance__smiles": null,
          "provenance__state_of_matter": "dummy estimator based on mw"
        }
      ],
      "products": [
        {
          "identifier": "e4a0b35f-a7f5-4a67-a391-869b6f6a0803",
          "smiles": "Cc1cnc(Nc2ccc(O)cc2)nc1Nc1cccc(S(=O)(=O)NC(C)(C)C)c1",
          "state_of_matter": "SOLID",
          "molecular_weight": 427.51990000000035,
          "density": 1.4,
          "mass": 4.275199000000003,
          "is_produced_by": [
            "a806af6b-e158-4b29-9be1-d878d12e93bd"
          ],
          "is_consumed_by": [],
          "provenance__density": "dummy estimator based on mw",
          "provenance__is_consumed_by": null,
          "provenance__is_produced_by": null,
          "provenance__mass": null,
          "provenance__molecular_weight": "periodic table",
          "provenance__smiles": null,
          "provenance__state_of_matter": "dummy estimator based on mw"
        }
      ],
      "stoichiometry": {
        "93c25ab3-cc41-4e06-879b-cf3095298fc2": 1.0,
        "e4a0b35f-a7f5-4a67-a391-869b6f6a0803": -1.0
      },
      "temperature": 290.56993040442467,
      "intended_ratios": {
        "93c25ab3-cc41-4e06-879b-cf3095298fc2": 1.0,
        "c1c3eab8-9f4b-417c-aa5e-492b70a8e1d3": 1.0,
        "157a38b9-fcf7-4529-b8f4-6201f7ef99a9": 1.0
      },
      "expected_yields": {
        "e4a0b35f-a7f5-4a67-a391-869b6f6a0803": 1.0
      },
      "reaction_extent": 0.01
    }
  ],
  "molecular_nodes": [
    "C1COCCO1",
    "CC(C)(C)NS(=O)(=O)c1cccc(N)c1",
    "CC(C)=O",
    "CO",
    "Cc1cnc(Cl)nc1Cl",
    "Cc1cnc(Cl)nc1Nc1cccc(S(=O)(=O)NC(C)(C)C)c1",
    "Cc1cnc(Nc2ccc(O)cc2)nc1Nc1cccc(S(=O)(=O)NC(C)(C)C)c1",
    "Cc1cnc(Nc2ccc(OCCN3CCCC3)cc2)nc1Nc1cccc(S(=O)(=O)NC(C)(C)C)c1",
    "Cc1cnc(Nc2ccc(OCc3ccccc3)cc2)nc1Nc1cccc(S(=O)(=O)NC(C)(C)C)c1",
    "Cl",
    "ClCCN1CCCC1",
    "Nc1ccc(OCc2ccccc2)cc1",
    "O=C(O[K])O[K]",
    "[Pd]"
  ],
  "edges": [
    [
      "27ea1129-57ab-468e-adb0-3110b5da2673",
      "Cc1cnc(Nc2ccc(OCc3ccccc3)cc2)nc1Nc1cccc(S(=O)(=O)NC(C)(C)C)c1"
    ],
    [
      "8302f303-ccbf-4b0c-9796-2526f3000fb2",
      "Cc1cnc(Nc2ccc(OCCN3CCCC3)cc2)nc1Nc1cccc(S(=O)(=O)NC(C)(C)C)c1"
    ],
    [
      "840295b2-e4f0-4221-b8d6-e8d343cfdfc3",
      "Cc1cnc(Cl)nc1Nc1cccc(S(=O)(=O)NC(C)(C)C)c1"
    ],
    [
      "C1COCCO1",
      "27ea1129-57ab-468e-adb0-3110b5da2673"
    ],
    [
      "CC(C)(C)NS(=O)(=O)c1cccc(N)c1",
      "840295b2-e4f0-4221-b8d6-e8d343cfdfc3"
    ],
    [
      "CC(C)=O",
      "8302f303-ccbf-4b0c-9796-2526f3000fb2"
    ],
    [
      "CO",
      "840295b2-e4f0-4221-b8d6-e8d343cfdfc3"
    ],
    [
      "CO",
      "a806af6b-e158-4b29-9be1-d878d12e93bd"
    ],
    [
      "Cc1cnc(Cl)nc1Cl",
      "840295b2-e4f0-4221-b8d6-e8d343cfdfc3"
    ],
    [
      "Cc1cnc(Cl)nc1Nc1cccc(S(=O)(=O)NC(C)(C)C)c1",
      "27ea1129-57ab-468e-adb0-3110b5da2673"
    ],
    [
      "Cc1cnc(Nc2ccc(O)cc2)nc1Nc1cccc(S(=O)(=O)NC(C)(C)C)c1",
      "8302f303-ccbf-4b0c-9796-2526f3000fb2"
    ],
    [
      "Cc1cnc(Nc2ccc(OCc3ccccc3)cc2)nc1Nc1cccc(S(=O)(=O)NC(C)(C)C)c1",
      "a806af6b-e158-4b29-9be1-d878d12e93bd"
    ],
    [
      "Cl",
      "27ea1129-57ab-468e-adb0-3110b5da2673"
    ],
    [
      "ClCCN1CCCC1",
      "8302f303-ccbf-4b0c-9796-2526f3000fb2"
    ],
    [
      "Nc1ccc(OCc2ccccc2)cc1",
      "27ea1129-57ab-468e-adb0-3110b5da2673"
    ],
    [
      "O=C(O[K])O[K]",
      "8302f303-ccbf-4b0c-9796-2526f3000fb2"
    ],
    [
      "[Pd]",
      "a806af6b-e158-4b29-9be1-d878d12e93bd"
    ],
    [
      "a806af6b-e158-4b29-9be1-d878d12e93bd",
      "Cc1cnc(Nc2ccc(O)cc2)nc1Nc1cccc(S(=O)(=O)NC(C)(C)C)c1"
    ]
  ]
}