{
  "identifier": "b438738c-cfa8-4d3f-9ebf-e8e756f8cec7",
  "chemical_reactions": [
    {
      "identifier": "295955dd-28b6-40ea-b844-ba7be7d5c400",
      "reactants": [
        {
          "identifier": "bc57fcf7-f480-4c0f-8e96-6d3c774bf800",
          "smiles": "Brc1ccc(CN2CCOCC2)cc1",
          "state_of_matter": "SOLID",
          "molecular_weight": 256.1389599999998,
          "density": 1.4,
          "mass": 256.1389599999998,
          "is_produced_by": [],
          "is_consumed_by": [
            "295955dd-28b6-40ea-b844-ba7be7d5c400"
          ],
          "provenance__density": "dummy estimator based on mw",
          "provenance__is_consumed_by": null,
          "provenance__is_produced_by": null,
          "provenance__mass": null,
          "provenance__molecular_weight": "periodic table",
          "provenance__smiles": null,
          "provenance__state_of_matter": "dummy estimator based on mw"
        },
        {
          "identifier": "238ba064-83c7-4aa4-95d5-be013372fc4e",
          "smiles": "CCN(c1cc(B(O)O)cc(C(=O)NCc2c(C)cc(C)[nH]c2=O)c1C)C1CCOCC1",
          "state_of_matter": "SOLID",
          "molecular_weight": 441.32828000000035,
          "density": 1.4,
          "mass": 441.32828000000035,
          "is_produced_by": [],
          "is_consumed_by": [
            "295955dd-28b6-40ea-b844-ba7be7d5c400"
          ],
          "provenance__density": "dummy estimator based on mw",
          "provenance__is_consumed_by": null,
          "provenance__is_produced_by": null,
          "provenance__mass": null,
          "provenance__molecular_weight": "periodic table",
          "provenance__smiles": null,
          "provenance__state_of_matter": "dummy estimator based on mw"
        }
      ],
      "reagents": [
        {
          "identifier": "5ac21a50-fcc8-4a6f-9c79-0ac76d1103f1",
          "smiles": "O",
          "state_of_matter": "LIQUID",
          "molecular_weight": 18.01528,
          "density": 1.0,
          "mass": 18.01528,
          "is_produced_by": [],
          "is_consumed_by": [
            "295955dd-28b6-40ea-b844-ba7be7d5c400"
          ],
          "provenance__density": "dummy estimator based on mw",
          "provenance__is_consumed_by": null,
          "provenance__is_produced_by": null,
          "provenance__mass": null,
          "provenance__molecular_weight": "periodic table",
          "provenance__smiles": null,
          "provenance__state_of_matter": "dummy estimator based on mw"
        },
        {
          "identifier": "0f7d8164-99d3-45c8-9c9a-371c3517c0b2",
          "smiles": "C1COCCO1",
          "state_of_matter": "LIQUID",
          "molecular_weight": 88.10512000000004,
          "density": 1.0,
          "mass": 88.10512000000004,
          "is_produced_by": [],
          "is_consumed_by": [
            "295955dd-28b6-40ea-b844-ba7be7d5c400"
          ],
          "provenance__density": "dummy estimator based on mw",
          "provenance__is_consumed_by": null,
          "provenance__is_produced_by": null,
          "provenance__mass": null,
          "provenance__molecular_weight": "periodic table",
          "provenance__smiles": null,
          "provenance__state_of_matter": "dummy estimator based on mw"
        },
        {
          "identifier": "def61d64-7680-4e3e-9c4e-a3569250e3be",
          "smiles": "O=C(O[Na])O[Na]",
          "state_of_matter": "SOLID",
          "molecular_weight": 105.98844,
          "density": 1.4,
          "mass": 105.98844,
          "is_produced_by": [],
          "is_consumed_by": [
            "295955dd-28b6-40ea-b844-ba7be7d5c400"
          ],
          "provenance__density": "dummy estimator based on mw",
          "provenance__is_consumed_by": null,
          "provenance__is_produced_by": null,
          "provenance__mass": null,
          "provenance__molecular_weight": "periodic table",
          "provenance__smiles": null,
          "provenance__state_of_matter": "dummy estimator based on mw"
        },
        {
          "identifier": "e2a9dfd0-0a94-4f4b-96e8-c0a5a82ed4da",
          "smiles": "c1ccc([PH](c2ccccc2)(c2ccccc2)[Pd]([PH](c2ccccc2)(c2ccccc2)c2ccccc2)([PH](c2ccccc2)(c2ccccc2)c2ccccc2)[PH](c2ccccc2)(c2ccccc2)c2ccccc2)cc1",
          "state_of_matter": "SOLID",
          "molecular_weight": 1159.593603999999,
          "density": 1.4,
          "mass": 1159.593603999999,
          "is_produced_by": [],
          "is_consumed_by": [
            "295955dd-28b6-40ea-b844-ba7be7d5c400"
          ],
          "provenance__density": "dummy estimator based on mw",
          "provenance__is_consumed_by": null,
          "provenance__is_produced_by": null,
          "provenance__mass": null,
          "provenance__molecular_weight": "periodic table",
          "provenance__smiles": null,
          "provenance__state_of_matter": "dummy estimator based on mw"
        }
      ],
      "products": [
        {
          "identifier": "50558e03-0ebd-488a-aad8-d5e3d125a4a1",
          "smiles": "CCN(c1cc(-c2ccc(CN3CCOCC3)cc2)cc(C(=O)NCc2c(C)cc(C)[nH]c2=O)c1C)C1CCOCC1",
          "state_of_matter": "SOLID",
          "molecular_weight": 572.7375599999981,
          "density": 1.4,
          "mass": 572.7375599999981,
          "is_produced_by": [
            "295955dd-28b6-40ea-b844-ba7be7d5c400"
          ],
          "is_consumed_by": [],
          "provenance__density": "dummy estimator based on mw",
          "provenance__is_consumed_by": null,
          "provenance__is_produced_by": null,
          "provenance__mass": null,
          "provenance__molecular_weight": "periodic table",
          "provenance__smiles": null,
          "provenance__state_of_matter": "dummy estimator based on mw"
        }
      ],
      "stoichiometry": {
        "bc57fcf7-f480-4c0f-8e96-6d3c774bf800": 1.0,
        "238ba064-83c7-4aa4-95d5-be013372fc4e": 1.0,
        "50558e03-0ebd-488a-aad8-d5e3d125a4a1": -1.0
      },
      "temperature": 383.64679659605025,
      "intended_ratios": {
        "bc57fcf7-f480-4c0f-8e96-6d3c774bf800": 1.0,
        "238ba064-83c7-4aa4-95d5-be013372fc4e": 1.0,
        "5ac21a50-fcc8-4a6f-9c79-0ac76d1103f1": 1.0,
        "0f7d8164-99d3-45c8-9c9a-371c3517c0b2": 1.0,
        "def61d64-7680-4e3e-9c4e-a3569250e3be": 1.0,
        "e2a9dfd0-0a94-4f4b-96e8-c0a5a82ed4da": 1.0
      },
      "expected_yields": {
        "50558e03-0ebd-488a-aad8-d5e3d125a4a1": 1.0
      },
      "reaction_extent": 1.0
    },
    {
      "identifier": "714360a0-623c-4808-87ff-bfec80ef96a8",
      "reactants": [
        {
          "identifier": "c698e316-c987-47f9-8971-6a828f8e5e2c",
          "smiles": "CC(C)(C)OC(=O)N1CCC(=C2c3ccc(Cl)cc3CCc3cccnc32)CC1",
          "state_of_matter": "SOLID",
          "molecular_weight": 410.9363800000003,
          "density": 1.4,
          "mass": 410.9363800000003,
          "is_produced_by": [],
          "is_consumed_by": [
            "714360a0-623c-4808-87ff-bfec80ef96a8"
          ],
          "provenance__density": "dummy estimator based on mw",
          "provenance__is_consumed_by": null,
          "provenance__is_produced_by": null,
          "provenance__mass": null,
          "provenance__molecular_weight": "periodic table",
          "provenance__smiles": null,
          "provenance__state_of_matter": "dummy estimator based on mw"
        }
      ],
      "reagents": [
        {
          "identifier": "fef1ec9a-8b4e-48a5-b55a-1012a176a0c8",
          "smiles": "CC(=O)O",
          "state_of_matter": "LIQUID",
          "molecular_weight": 60.051959999999994,
          "density": 1.0,
          "mass": 60.051959999999994,
          "is_produced_by": [],
          "is_consumed_by": [
            "714360a0-623c-4808-87ff-bfec80ef96a8"
          ],
          "provenance__density": "dummy estimator based on mw",
          "provenance__is_consumed_by": null,
          "provenance__is_produced_by": null,
          "provenance__mass": null,
          "provenance__molecular_weight": "periodic table",
          "provenance__smiles": null,
          "provenance__state_of_matter": "dummy estimator based on mw"
        },
        {
          "identifier": "88d35f45-58d1-411c-80dc-200c9c10b3c7",
          "smiles": "BrBr",
          "state_of_matter": "LIQUID",
          "molecular_weight": 159.808,
          "density": 1.0,
          "mass": 159.808,
          "is_produced_by": [],
          "is_consumed_by": [
            "714360a0-623c-4808-87ff-bfec80ef96a8"
          ],
          "provenance__density": "dummy estimator based on mw",
          "provenance__is_consumed_by": null,
          "provenance__is_produced_by": null,
          "provenance__mass": null,
          "provenance__molecular_weight": "periodic table",
          "provenance__smiles": null,
          "provenance__state_of_matter": "dummy estimator based on mw"
        }
      ],
      "products": [
        {
          "identifier": "f1d1a089-63a8-4382-b85e-96e493700c45",
          "smiles": "CC(C)(C)OC(=O)N1CCC(=C2c3ncccc3CCc3cc(Cl)cc(Br)c32)CC1",
          "state_of_matter": "SOLID",
          "molecular_weight": 489.8324400000003,
          "density": 1.4,
          "mass": 489.8324400000003,
          "is_produced_by": [
            "714360a0-623c-4808-87ff-bfec80ef96a8"
          ],
          "is_consumed_by": [],
          "provenance__density": "dummy estimator based on mw",
          "provenance__is_consumed_by": null,
          "provenance__is_produced_by": null,
          "provenance__mass": null,
          "provenance__molecular_weight": "periodic table",
          "provenance__smiles": null,
          "provenance__state_of_matter": "dummy estimator based on mw"
        }
      ],
      "stoichiometry": {
        "c698e316-c987-47f9-8971-6a828f8e5e2c": 1.0,
        "f1d1a089-63a8-4382-b85e-96e493700c45": -1.0
      },
      "temperature": 296.42936775684353,
      "intended_ratios": {
        "c698e316-c987-47f9-8971-6a828f8e5e2c": 1.0,
        "fef1ec9a-8b4e-48a5-b55a-1012a176a0c8": 1.0,
        "88d35f45-58d1-411c-80dc-200c9c10b3c7": 1.0
      },
      "expected_yields": {
        "f1d1a089-63a8-4382-b85e-96e493700c45": 1.0
      },
      "reaction_extent": 1.0
    },
    {
      "identifier": "e57e920e-8fa6-4bdf-9493-09149131b574",
      "reactants": [
        {
          "identifier": "efe9dfe2-fec8-4115-beda-b03920ed9aa8",
          "smiles": "CC(C)(C)OC(=O)N1CCC(=C2c3ncc(Br)cc3CCc3cc(Cl)cc(Br)c32)CC1",
          "state_of_matter": "SOLID",
          "molecular_weight": 568.728499999999,
          "density": 1.4,
          "mass": 568.728499999999,
          "is_produced_by": [],
          "is_consumed_by": [
            "e57e920e-8fa6-4bdf-9493-09149131b574"
          ],
          "provenance__density": "dummy estimator based on mw",
          "provenance__is_consumed_by": null,
          "provenance__is_produced_by": null,
          "provenance__mass": null,
          "provenance__molecular_weight": "periodic table",
          "provenance__smiles": null,
          "provenance__state_of_matter": "dummy estimator based on mw"
        }
      ],
      "reagents": [
        {
          "identifier": "c807385a-5b66-496b-a4eb-d9a76285522e",
          "smiles": "ClCCl",
          "state_of_matter": "LIQUID",
          "molecular_weight": 84.93258000000002,
          "density": 1.0,
          "mass": 84.93258000000002,
          "is_produced_by": [],
          "is_consumed_by": [
            "e57e920e-8fa6-4bdf-9493-09149131b574"
          ],
          "provenance__density": "dummy estimator based on mw",
          "provenance__is_consumed_by": null,
          "provenance__is_produced_by": null,
          "provenance__mass": null,
          "provenance__molecular_weight": "periodic table",
          "provenance__smiles": null,
          "provenance__state_of_matter": "dummy estimator based on mw"
        },
        {
          "identifier": "940891d4-36ff-4d03-8127-25332fb2d323",
          "smiles": "O=C(O)C(F)(F)F",
          "state_of_matter": "LIQUID",
          "molecular_weight": 114.0233496,
          "density": 1.0,
          "mass": 114.0233496,
          "is_produced_by": [],
          "is_consumed_by": [
            "e57e920e-8fa6-4bdf-9493-09149131b574"
          ],
          "provenance__density": "dummy estimator based on mw",
          "provenance__is_consumed_by": null,
          "provenance__is_produced_by": null,
          "provenance__mass": null,
          "provenance__molecular_weight": "periodic table",
          "provenance__smiles": null,
          "provenance__state_of_matter": "dummy estimator based on mw"
        }
      ],
      "products": [
        {
          "identifier": "4f3b256a-c664-4ec4-881c-8009f0320912",
          "smiles": "Clc1cc(Br)c2c(c1)CCc1cc(Br)cnc1C2=C1CCNCC1",
          "state_of_matter": "SOLID",
          "molecular_weight": 468.6126800000001,
          "density": 1.4,
          "mass": 468.6126800000001,
          "is_produced_by": [
            "e57e920e-8fa6-4bdf-9493-09149131b574"
          ],
          "is_consumed_by": [],
          "provenance__density": "dummy estimator based on mw",
          "provenance__is_consumed_by": null,
          "provenance__is_produced_by": null,
          "provenance__mass": null,
          "provenance__molecular_weight": "periodic table",
          "provenance__smiles": null,
          "provenance__state_of_matter": "dummy estimator based on mw"
        }
      ],
      "stoichiometry": {
        "efe9dfe2-fec8-4115-beda-b03920ed9aa8": 1.0,
        "4f3b256a-c664-4ec4-881c-8009f0320912": -1.0
      },
      "temperature": 293.481430631876,
      "intended_ratios": {
        "efe9dfe2-fec8-4115-beda-b03920ed9aa8": 1.0,
        "c807385a-5b66-496b-a4eb-d9a76285522e": 1.0,
        "940891d4-36ff-4d03-8127-25332fb2d323": 1.0
      },
      "expected_yields": {
        "4f3b256a-c664-4ec4-881c-8009f0320912": 1.0
      },
      "reaction_extent": 1.0
    },
    {
      "identifier": "37d8e930-3a8d-41fe-8dae-d1e2f397e053",
      "reactants": [
        {
          "identifier": "93378b53-efcc-43ca-a8a5-06935adbef3e",
          "smiles": "CC(C)(C)OC(=O)N1CCC(=C2c3ncccc3CCc3cc(Cl)cc(Br)c32)CC1",
          "state_of_matter": "SOLID",
          "molecular_weight": 489.8324400000003,
          "density": 1.4,
          "mass": 489.8324400000003,
          "is_produced_by": [],
          "is_consumed_by": [
            "37d8e930-3a8d-41fe-8dae-d1e2f397e053"
          ],
          "provenance__density": "dummy estimator based on mw",
          "provenance__is_consumed_by": null,
          "provenance__is_produced_by": null,
          "provenance__mass": null,
          "provenance__molecular_weight": "periodic table",
          "provenance__smiles": null,
          "provenance__state_of_matter": "dummy estimator based on mw"
        }
      ],
      "reagents": [
        {
          "identifier": "608abdbb-facc-4bd0-ba41-1b3318e0645d",
          "smiles": "CN(C)C=O",
          "state_of_matter": "LIQUID",
          "molecular_weight": 73.09378000000004,
          "density": 1.0,
          "mass": 73.09378000000004,
          "is_produced_by": [],
          "is_consumed_by": [
            "37d8e930-3a8d-41fe-8dae-d1e2f397e053"
          ],
          "provenance__density": "dummy estimator based on mw",
          "provenance__is_consumed_by": null,
          "provenance__is_produced_by": null,
          "provenance__mass": null,
          "provenance__molecular_weight": "periodic table",
          "provenance__smiles": null,
          "provenance__state_of_matter": "dummy estimator based on mw"
        },
        {
          "identifier": "5d27e739-4332-4429-89ea-ac5fa7cd3007",
          "smiles": "[NaH]",
          "state_of_matter": "SOLID",
          "molecular_weight": 23.99771,
          "density": 1.4,
          "mass": 23.99771,
          "is_produced_by": [],
          "is_consumed_by": [
            "37d8e930-3a8d-41fe-8dae-d1e2f397e053"
          ],
          "provenance__density": "dummy estimator based on mw",
          "provenance__is_consumed_by": null,
          "provenance__is_produced_by": null,
          "provenance__mass": null,
          "provenance__molecular_weight": "periodic table",
          "provenance__smiles": null,
          "provenance__state_of_matter": "dummy estimator based on mw"
        }
      ],
      "products": [
        {
          "identifier": "cf0f5acf-796c-42ca-a425-4cb4079c1320",
          "smiles": "CC(C)(C)OC(=O)N1CCC(=C2c3ncc(Br)cc3CCc3cc(Cl)cc(Br)c32)CC1",
          "state_of_matter": "SOLID",
          "molecular_weight": 568.728499999999,
          "density": 1.4,
          "mass": 568.728499999999,
          "is_produced_by": [
            "37d8e930-3a8d-41fe-8dae-d1e2f397e053"
          ],
          "is_consumed_by": [],
          "provenance__density": "dummy estimator based on mw",
          "provenance__is_consumed_by": null,
          "provenance__is_produced_by": null,
          "provenance__mass": null,
          "provenance__molecular_weight": "periodic table",
          "provenance__smiles": null,
          "provenance__state_of_matter": "dummy estimator based on mw"
        }
      ],
      "stoichiometry": {
        "93378b53-efcc-43ca-a8a5-06935adbef3e": 1.0,
        "cf0f5acf-796c-42ca-a425-4cb4079c1320": -1.0
      },
      "temperature": 297.4380413711071,
      "intended_ratios": {
        "93378b53-efcc-43ca-a8a5-06935adbef3e": 1.0,
        "608abdbb-facc-4bd0-ba41-1b3318e0645d": 1.0,
        "5d27e739-4332-4429-89ea-ac5fa7cd3007": 1.0
      },
      "expected_yields": {
        "cf0f5acf-796c-42ca-a425-4cb4079c1320": 1.0
      },
      "reaction_extent": 1.0
    },
    {
      "identifier": "8ea88897-c8b6-439d-a845-748afa2b67e0",
      "reactants": [
        {
          "identifier": "3351ea23-d4ab-4d87-9779-c5131d06a5b2",
          "smiles": "CC(C)(C)OC(=O)OC(=O)OC(C)(C)C",
          "state_of_matter": "SOLID",
          "molecular_weight": 218.24691999999976,
          "density": 1.4,
          "mass": 218.24691999999976,
          "is_produced_by": [],
          "is_consumed_by": [
            "8ea88897-c8b6-439d-a845-748afa2b67e0"
          ],
          "provenance__density": "dummy estimator based on mw",
          "provenance__is_consumed_by": null,
          "provenance__is_produced_by": null,
          "provenance__mass": null,
          "provenance__molecular_weight": "periodic table",
          "provenance__smiles": null,
          "provenance__state_of_matter": "dummy estimator based on mw"
        },
        {
          "identifier": "580b2305-9e61-4c61-89f2-535fa508e0fb",
          "smiles": "Clc1ccc2c(c1)CCc1cccnc1C2=C1CCNCC1",
          "state_of_matter": "SOLID",
          "molecular_weight": 310.8205600000003,
          "density": 1.4,
          "mass": 310.8205600000003,
          "is_produced_by": [],
          "is_consumed_by": [
            "8ea88897-c8b6-439d-a845-748afa2b67e0"
          ],
          "provenance__density": "dummy estimator based on mw",
          "provenance__is_consumed_by": null,
          "provenance__is_produced_by": null,
          "provenance__mass": null,
          "provenance__molecular_weight": "periodic table",
          "provenance__smiles": null,
          "provenance__state_of_matter": "dummy estimator based on mw"
        }
      ],
      "reagents": [
        {
          "identifier": "164893d4-a1c2-40b5-b132-9e65bbc58183",
          "smiles": "ClCCl",
          "state_of_matter": "LIQUID",
          "molecular_weight": 84.93258000000002,
          "density": 1.0,
          "mass": 84.93258000000002,
          "is_produced_by": [],
          "is_consumed_by": [
            "8ea88897-c8b6-439d-a845-748afa2b67e0"
          ],
          "provenance__density": "dummy estimator based on mw",
          "provenance__is_consumed_by": null,
          "provenance__is_produced_by": null,
          "provenance__mass": null,
          "provenance__molecular_weight": "periodic table",
          "provenance__smiles": null,
          "provenance__state_of_matter": "dummy estimator based on mw"
        },
        {
          "identifier": "a78289c7-fca3-464c-9c64-02b5fe6b5b82",
          "smiles": "CCN(CC)CC",
          "state_of_matter": "LIQUID",
          "molecular_weight": 101.19000000000008,
          "density": 1.0,
          "mass": 101.19000000000008,
          "is_produced_by": [],
          "is_consumed_by": [
            "8ea88897-c8b6-439d-a845-748afa2b67e0"
          ],
          "provenance__density": "dummy estimator based on mw",
          "provenance__is_consumed_by": null,
          "provenance__is_produced_by": null,
          "provenance__mass": null,
          "provenance__molecular_weight": "periodic table",
          "provenance__smiles": null,
          "provenance__state_of_matter": "dummy estimator based on mw"
        }
      ],
      "products": [
        {
          "identifier": "0cc285c7-cf6d-4aee-b839-594000f7c93b",
          "smiles": "CC(C)(C)OC(=O)N1CCC(=C2c3ccc(Cl)cc3CCc3cccnc32)CC1",
          "state_of_matter": "SOLID",
          "molecular_weight": 410.9363800000003,
          "density": 1.4,
          "mass": 410.9363800000003,
          "is_produced_by": [
            "8ea88897-c8b6-439d-a845-748afa2b67e0"
          ],
          "is_consumed_by": [],
          "provenance__density": "dummy estimator based on mw",
          "provenance__is_consumed_by": null,
          "provenance__is_produced_by": null,
          "provenance__mass": null,
          "provenance__molecular_weight": "periodic table",
          "provenance__smiles": null,
          "provenance__state_of_matter": "dummy estimator based on mw"
        }
      ],
      "stoichiometry": {
        "3351ea23-d4ab-4d87-9779-c5131d06a5b2": 1.0,
        "580b2305-9e61-4c61-89f2-535fa508e0fb": 1.0,
        "0cc285c7-cf6d-4aee-b839-594000f7c93b": -1.0
      },
      "temperature": 274.6511415660381,
      "intended_ratios": {
        "3351ea23-d4ab-4d87-9779-c5131d06a5b2": 1.0,
        "580b2305-9e61-4c61-89f2-535fa508e0fb": 1.0,
        "164893d4-a1c2-40b5-b132-9e65bbc58183": 1.0,
        "a78289c7-fca3-464c-9c64-02b5fe6b5b82": 1.0
      },
      "expected_yields": {
        "0cc285c7-cf6d-4aee-b839-594000f7c93b": 1.0
      },
      "reaction_extent": 1.0
    },
    {
      "identifier": "3e7bd1eb-baf7-43b0-9b6d-cd33c185514b",
      "reactants": [
        {
          "identifier": "f0ec0d1e-b509-41ff-910e-1a03f29fc04f",
          "smiles": "CC1(C)OB(B2OC(C)(C)C(C)(C)O2)OC1(C)C",
          "state_of_matter": "SOLID",
          "molecular_weight": 253.9385599999997,
          "density": 1.4,
          "mass": 253.9385599999997,
          "is_produced_by": [],
          "is_consumed_by": [
            "3e7bd1eb-baf7-43b0-9b6d-cd33c185514b"
          ],
          "provenance__density": "dummy estimator based on mw",
          "provenance__is_consumed_by": null,
          "provenance__is_produced_by": null,
          "provenance__mass": null,
          "provenance__molecular_weight": "periodic table",
          "provenance__smiles": null,
          "provenance__state_of_matter": "dummy estimator based on mw"
        },
        {
          "identifier": "71c0c9f8-d955-462f-bc76-99de1ae23bef",
          "smiles": "CCN(c1cc(Br)cc(C(=O)NCc2c(C)cc(C)[nH]c2=O)c1C)C1CCOCC1",
          "state_of_matter": "SOLID",
          "molecular_weight": 476.4066000000003,
          "density": 1.4,
          "mass": 476.4066000000003,
          "is_produced_by": [],
          "is_consumed_by": [
            "3e7bd1eb-baf7-43b0-9b6d-cd33c185514b"
          ],
          "provenance__density": "dummy estimator based on mw",
          "provenance__is_consumed_by": null,
          "provenance__is_produced_by": null,
          "provenance__mass": null,
          "provenance__molecular_weight": "periodic table",
          "provenance__smiles": null,
          "provenance__state_of_matter": "dummy estimator based on mw"
        }
      ],
      "reagents": [
        {
          "identifier": "73e4895b-8e2e-4ccd-b4fa-a1fc78aa604e",
          "smiles": "O",
          "state_of_matter": "LIQUID",
          "molecular_weight": 18.01528,
          "density": 1.0,
          "mass": 18.01528,
          "is_produced_by": [],
          "is_consumed_by": [
            "3e7bd1eb-baf7-43b0-9b6d-cd33c185514b"
          ],
          "provenance__density": "dummy estimator based on mw",
          "provenance__is_consumed_by": null,
          "provenance__is_produced_by": null,
          "provenance__mass": null,
          "provenance__molecular_weight": "periodic table",
          "provenance__smiles": null,
          "provenance__state_of_matter": "dummy estimator based on mw"
        },
        {
          "identifier": "ec504709-2512-4343-bdf8-7db9830c975a",
          "smiles": "C1COCCO1",
          "state_of_matter": "LIQUID",
          "molecular_weight": 88.10512000000004,
          "density": 1.0,
          "mass": 88.10512000000004,
          "is_produced_by": [],
          "is_consumed_by": [
            "3e7bd1eb-baf7-43b0-9b6d-cd33c185514b"
          ],
          "provenance__density": "dummy estimator based on mw",
          "provenance__is_consumed_by": null,
          "provenance__is_produced_by": null,
          "provenance__mass": null,
          "provenance__molecular_weight": "periodic table",
          "provenance__smiles": null,
          "provenance__state_of_matter": "dummy estimator based on mw"
        },
        {
          "identifier": "dabd9b23-8bf8-4014-a129-80b39bc01a4f",
          "smiles": "O=C(O[Na])O[Na]",
          "state_of_matter": "SOLID",
          "molecular_weight": 105.98844,
          "density": 1.4,
          "mass": 105.98844,
          "is_produced_by": [],
          "is_consumed_by": [
            "3e7bd1eb-baf7-43b0-9b6d-cd33c185514b"
          ],
          "provenance__density": "dummy estimator based on mw",
          "provenance__is_consumed_by": null,
          "provenance__is_produced_by": null,
          "provenance__mass": null,
          "provenance__molecular_weight": "periodic table",
          "provenance__smiles": null,
          "provenance__state_of_matter": "dummy estimator based on mw"
        },
        {
          "identifier": "0395122e-eab7-4e4c-94d3-14a7c8b657f1",
          "smiles": "c1ccc([PH](c2ccccc2)(c2ccccc2)[Pd]([PH](c2ccccc2)(c2ccccc2)c2ccccc2)([PH](c2ccccc2)(c2ccccc2)c2ccccc2)[PH](c2ccccc2)(c2ccccc2)c2ccccc2)cc1",
          "state_of_matter": "SOLID",
          "molecular_weight": 1159.593603999999,
          "density": 1.4,
          "mass": 1159.593603999999,
          "is_produced_by": [],
          "is_consumed_by": [
            "3e7bd1eb-baf7-43b0-9b6d-cd33c185514b"
          ],
          "provenance__density": "dummy estimator based on mw",
          "provenance__is_consumed_by": null,
          "provenance__is_produced_by": null,
          "provenance__mass": null,
          "provenance__molecular_weight": "periodic table",
          "provenance__smiles": null,
          "provenance__state_of_matter": "dummy estimator based on mw"
        }
      ],
      "products": [
        {
          "identifier": "cc2177ad-0bc5-4a61-b09f-783ab1aa4763",
          "smiles": "CCN(c1cc(B(O)O)cc(C(=O)NCc2c(C)cc(C)[nH]c2=O)c1C)C1CCOCC1",
          "state_of_matter": "SOLID",
          "molecular_weight": 441.32828000000035,
          "density": 1.4,
          "mass": 441.32828000000035,
          "is_produced_by": [
            "3e7bd1eb-baf7-43b0-9b6d-cd33c185514b"
          ],
          "is_consumed_by": [],
          "provenance__density": "dummy estimator based on mw",
          "provenance__is_consumed_by": null,
          "provenance__is_produced_by": null,
          "provenance__mass": null,
          "provenance__molecular_weight": "periodic table",
          "provenance__smiles": null,
          "provenance__state_of_matter": "dummy estimator based on mw"
        }
      ],
      "stoichiometry": {
        "f0ec0d1e-b509-41ff-910e-1a03f29fc04f": 1.0,
        "71c0c9f8-d955-462f-bc76-99de1ae23bef": 1.0,
        "cc2177ad-0bc5-4a61-b09f-783ab1aa4763": -1.0
      },
      "temperature": 353.3406757235527,
      "intended_ratios": {
        "f0ec0d1e-b509-41ff-910e-1a03f29fc04f": 1.0,
        "71c0c9f8-d955-462f-bc76-99de1ae23bef": 1.0,
        "73e4895b-8e2e-4ccd-b4fa-a1fc78aa604e": 1.0,
        "ec504709-2512-4343-bdf8-7db9830c975a": 1.0,
        "dabd9b23-8bf8-4014-a129-80b39bc01a4f": 1.0,
        "0395122e-eab7-4e4c-94d3-14a7c8b657f1": 1.0
      },
      "expected_yields": {
        "cc2177ad-0bc5-4a61-b09f-783ab1aa4763": 1.0
      },
      "reaction_extent": 1.0
    },
    {
      "identifier": "7f47f740-fd06-4209-aa87-2bb7386382cb",
      "reactants": [
        {
          "identifier": "245c98e2-b20b-43bd-be06-318a2dac7540",
          "smiles": "CCBr",
          "state_of_matter": "LIQUID",
          "molecular_weight": 108.96510000000002,
          "density": 1.0,
          "mass": 108.96510000000002,
          "is_produced_by": [],
          "is_consumed_by": [
            "7f47f740-fd06-4209-aa87-2bb7386382cb"
          ],
          "provenance__density": "dummy estimator based on mw",
          "provenance__is_consumed_by": null,
          "provenance__is_produced_by": null,
          "provenance__mass": null,
          "provenance__molecular_weight": "periodic table",
          "provenance__smiles": null,
          "provenance__state_of_matter": "dummy estimator based on mw"
        },
        {
          "identifier": "03c2047f-b67c-468b-abfe-dbdb8663d043",
          "smiles": "COC(=O)c1cc(Br)cc(NC2CCOCC2)c1C",
          "state_of_matter": "SOLID",
          "molecular_weight": 328.2016200000002,
          "density": 1.4,
          "mass": 328.2016200000002,
          "is_produced_by": [],
          "is_consumed_by": [
            "7f47f740-fd06-4209-aa87-2bb7386382cb"
          ],
          "provenance__density": "dummy estimator based on mw",
          "provenance__is_consumed_by": null,
          "provenance__is_produced_by": null,
          "provenance__mass": null,
          "provenance__molecular_weight": "periodic table",
          "provenance__smiles": null,
          "provenance__state_of_matter": "dummy estimator based on mw"
        }
      ],
      "reagents": [
        {
          "identifier": "4989b526-4790-4e35-8dc7-000e456fa4e9",
          "smiles": "O",
          "state_of_matter": "LIQUID",
          "molecular_weight": 18.01528,
          "density": 1.0,
          "mass": 18.01528,
          "is_produced_by": [],
          "is_consumed_by": [
            "7f47f740-fd06-4209-aa87-2bb7386382cb"
          ],
          "provenance__density": "dummy estimator based on mw",
          "provenance__is_consumed_by": null,
          "provenance__is_produced_by": null,
          "provenance__mass": null,
          "provenance__molecular_weight": "periodic table",
          "provenance__smiles": null,
          "provenance__state_of_matter": "dummy estimator based on mw"
        },
        {
          "identifier": "0b2a1131-da3c-4f43-9276-71665f1b9dcb",
          "smiles": "CC#N",
          "state_of_matter": "LIQUID",
          "molecular_weight": 41.051919999999996,
          "density": 1.0,
          "mass": 41.051919999999996,
          "is_produced_by": [],
          "is_consumed_by": [
            "7f47f740-fd06-4209-aa87-2bb7386382cb"
          ],
          "provenance__density": "dummy estimator based on mw",
          "provenance__is_consumed_by": null,
          "provenance__is_produced_by": null,
          "provenance__mass": null,
          "provenance__molecular_weight": "periodic table",
          "provenance__smiles": null,
          "provenance__state_of_matter": "dummy estimator based on mw"
        },
        {
          "identifier": "4b4c0dde-f499-433a-8ac9-16abd4b5bbf0",
          "smiles": "O=C(O[Cs])O[Cs]",
          "state_of_matter": "SOLID",
          "molecular_weight": 325.8198,
          "density": 1.4,
          "mass": 325.8198,
          "is_produced_by": [],
          "is_consumed_by": [
            "7f47f740-fd06-4209-aa87-2bb7386382cb"
          ],
          "provenance__density": "dummy estimator based on mw",
          "provenance__is_consumed_by": null,
          "provenance__is_produced_by": null,
          "provenance__mass": null,
          "provenance__molecular_weight": "periodic table",
          "provenance__smiles": null,
          "provenance__state_of_matter": "dummy estimator based on mw"
        }
      ],
      "products": [
        {
          "identifier": "be33b74c-6285-4711-af1f-6f09bc79eadf",
          "smiles": "CCN(c1cc(Br)cc(C(=O)OC)c1C)C1CCOCC1",
          "state_of_matter": "SOLID",
          "molecular_weight": 356.25478000000027,
          "density": 1.4,
          "mass": 356.25478000000027,
          "is_produced_by": [
            "7f47f740-fd06-4209-aa87-2bb7386382cb"
          ],
          "is_consumed_by": [],
          "provenance__density": "dummy estimator based on mw",
          "provenance__is_consumed_by": null,
          "provenance__is_produced_by": null,
          "provenance__mass": null,
          "provenance__molecular_weight": "periodic table",
          "provenance__smiles": null,
          "provenance__state_of_matter": "dummy estimator based on mw"
        }
      ],
      "stoichiometry": {
        "245c98e2-b20b-43bd-be06-318a2dac7540": 1.0,
        "03c2047f-b67c-468b-abfe-dbdb8663d043": 1.0,
        "be33b74c-6285-4711-af1f-6f09bc79eadf": -1.0
      },
      "temperature": 324.8399884700775,
      "intended_ratios": {
        "245c98e2-b20b-43bd-be06-318a2dac7540": 1.0,
        "03c2047f-b67c-468b-abfe-dbdb8663d043": 1.0,
        "4989b526-4790-4e35-8dc7-000e456fa4e9": 1.0,
        "0b2a1131-da3c-4f43-9276-71665f1b9dcb": 1.0,
        "4b4c0dde-f499-433a-8ac9-16abd4b5bbf0": 1.0
      },
      "expected_yields": {
        "be33b74c-6285-4711-af1f-6f09bc79eadf": 1.0
      },
      "reaction_extent": 1.0
    },
    {
      "identifier": "a2cc64f9-4a8d-4bb3-bc31-5474d15194d2",
      "reactants": [
        {
          "identifier": "3a781a79-9c0e-4be2-88f1-ba775b91fc82",
          "smiles": "CCN(c1cc(Br)cc(C(=O)OC)c1C)C1CCOCC1",
          "state_of_matter": "SOLID",
          "molecular_weight": 356.25478000000027,
          "density": 1.4,
          "mass": 356.25478000000027,
          "is_produced_by": [],
          "is_consumed_by": [
            "a2cc64f9-4a8d-4bb3-bc31-5474d15194d2"
          ],
          "provenance__density": "dummy estimator based on mw",
          "provenance__is_consumed_by": null,
          "provenance__is_produced_by": null,
          "provenance__mass": null,
          "provenance__molecular_weight": "periodic table",
          "provenance__smiles": null,
          "provenance__state_of_matter": "dummy estimator based on mw"
        },
        {
          "identifier": "98aeef98-41f6-48ca-be84-50288a05bf5f",
          "smiles": "Cc1cc(C)c(CN)c(=O)[nH]1",
          "state_of_matter": "LIQUID",
          "molecular_weight": 152.1936799999999,
          "density": 1.0,
          "mass": 152.1936799999999,
          "is_produced_by": [],
          "is_consumed_by": [
            "a2cc64f9-4a8d-4bb3-bc31-5474d15194d2"
          ],
          "provenance__density": "dummy estimator based on mw",
          "provenance__is_consumed_by": null,
          "provenance__is_produced_by": null,
          "provenance__mass": null,
          "provenance__molecular_weight": "periodic table",
          "provenance__smiles": null,
          "provenance__state_of_matter": "dummy estimator based on mw"
        }
      ],
      "reagents": [
        {
          "identifier": "56d4ce45-43b8-4204-ba8d-2a8871c2eab0",
          "smiles": "CO",
          "state_of_matter": "LIQUID",
          "molecular_weight": 32.04186000000001,
          "density": 1.0,
          "mass": 32.04186000000001,
          "is_produced_by": [],
          "is_consumed_by": [
            "a2cc64f9-4a8d-4bb3-bc31-5474d15194d2"
          ],
          "provenance__density": "dummy estimator based on mw",
          "provenance__is_consumed_by": null,
          "provenance__is_produced_by": null,
          "provenance__mass": null,
          "provenance__molecular_weight": "periodic table",
          "provenance__smiles": null,
          "provenance__state_of_matter": "dummy estimator based on mw"
        },
        {
          "identifier": "455c4ac3-6b6d-489c-b4bf-8479a8d73da3",
          "smiles": "CC(=O)O",
          "state_of_matter": "LIQUID",
          "molecular_weight": 60.051959999999994,
          "density": 1.0,
          "mass": 60.051959999999994,
          "is_produced_by": [],
          "is_consumed_by": [
            "a2cc64f9-4a8d-4bb3-bc31-5474d15194d2"
          ],
          "provenance__density": "dummy estimator based on mw",
          "provenance__is_consumed_by": null,
          "provenance__is_produced_by": null,
          "provenance__mass": null,
          "provenance__molecular_weight": "periodic table",
          "provenance__smiles": null,
          "provenance__state_of_matter": "dummy estimator based on mw"
        }
      ],
      "products": [
        {
          "identifier": "d66c8cd8-3ded-4ed0-83ce-b9e59ac6affc",
          "smiles": "CCN(c1cc(Br)cc(C(=O)NCc2c(C)cc(C)[nH]c2=O)c1C)C1CCOCC1",
          "state_of_matter": "SOLID",
          "molecular_weight": 476.4066000000003,
          "density": 1.4,
          "mass": 476.4066000000003,
          "is_produced_by": [
            "a2cc64f9-4a8d-4bb3-bc31-5474d15194d2"
          ],
          "is_consumed_by": [],
          "provenance__density": "dummy estimator based on mw",
          "provenance__is_consumed_by": null,
          "provenance__is_produced_by": null,
          "provenance__mass": null,
          "provenance__molecular_weight": "periodic table",
          "provenance__smiles": null,
          "provenance__state_of_matter": "dummy estimator based on mw"
        }
      ],
      "stoichiometry": {
        "3a781a79-9c0e-4be2-88f1-ba775b91fc82": 1.0,
        "98aeef98-41f6-48ca-be84-50288a05bf5f": 1.0,
        "d66c8cd8-3ded-4ed0-83ce-b9e59ac6affc": -1.0
      },
      "temperature": 288.9382477104664,
      "intended_ratios": {
        "3a781a79-9c0e-4be2-88f1-ba775b91fc82": 1.0,
        "98aeef98-41f6-48ca-be84-50288a05bf5f": 1.0,
        "56d4ce45-43b8-4204-ba8d-2a8871c2eab0": 1.0,
        "455c4ac3-6b6d-489c-b4bf-8479a8d73da3": 1.0
      },
      "expected_yields": {
        "d66c8cd8-3ded-4ed0-83ce-b9e59ac6affc": 1.0
      },
      "reaction_extent": 1.0
    },
    {
      "identifier": "d014a1b5-a2ec-41bb-b68d-ed6f91880c95",
      "reactants": [
        {
          "identifier": "eab20c08-2e97-4153-bcd1-e9984556c58c",
          "smiles": "COC(=O)c1cc(Br)cc(N)c1C",
          "state_of_matter": "SOLID",
          "molecular_weight": 244.08519999999987,
          "density": 1.4,
          "mass": 244.08519999999987,
          "is_produced_by": [],
          "is_consumed_by": [
            "d014a1b5-a2ec-41bb-b68d-ed6f91880c95"
          ],
          "provenance__density": "dummy estimator based on mw",
          "provenance__is_consumed_by": null,
          "provenance__is_produced_by": null,
          "provenance__mass": null,
          "provenance__molecular_weight": "periodic table",
          "provenance__smiles": null,
          "provenance__state_of_matter": "dummy estimator based on mw"
        },
        {
          "identifier": "7a02fc57-18a9-4e59-9ab2-ff191a906328",
          "smiles": "O=C1CCOCC1",
          "state_of_matter": "LIQUID",
          "molecular_weight": 100.11582000000004,
          "density": 1.0,
          "mass": 100.11582000000004,
          "is_produced_by": [],
          "is_consumed_by": [
            "d014a1b5-a2ec-41bb-b68d-ed6f91880c95"
          ],
          "provenance__density": "dummy estimator based on mw",
          "provenance__is_consumed_by": null,
          "provenance__is_produced_by": null,
          "provenance__mass": null,
          "provenance__molecular_weight": "periodic table",
          "provenance__smiles": null,
          "provenance__state_of_matter": "dummy estimator based on mw"
        }
      ],
      "reagents": [
        {
          "identifier": "fe1c1d7a-931f-42c5-a8d5-c7ea3f681309",
          "smiles": "CO",
          "state_of_matter": "LIQUID",
          "molecular_weight": 32.04186000000001,
          "density": 1.0,
          "mass": 32.04186000000001,
          "is_produced_by": [],
          "is_consumed_by": [
            "d014a1b5-a2ec-41bb-b68d-ed6f91880c95"
          ],
          "provenance__density": "dummy estimator based on mw",
          "provenance__is_consumed_by": null,
          "provenance__is_produced_by": null,
          "provenance__mass": null,
          "provenance__molecular_weight": "periodic table",
          "provenance__smiles": null,
          "provenance__state_of_matter": "dummy estimator based on mw"
        },
        {
          "identifier": "001c8670-9ac4-45a0-b146-d8d40ade523f",
          "smiles": "CC(=O)O",
          "state_of_matter": "LIQUID",
          "molecular_weight": 60.051959999999994,
          "density": 1.0,
          "mass": 60.051959999999994,
          "is_produced_by": [],
          "is_consumed_by": [
            "d014a1b5-a2ec-41bb-b68d-ed6f91880c95"
          ],
          "provenance__density": "dummy estimator based on mw",
          "provenance__is_consumed_by": null,
          "provenance__is_produced_by": null,
          "provenance__mass": null,
          "provenance__molecular_weight": "periodic table",
          "provenance__smiles": null,
          "provenance__state_of_matter": "dummy estimator based on mw"
        },
        {
          "identifier": "44d831c6-3bae-4b35-bfb7-96a006f1cc20",
          "smiles": "[BH3-]C#N.[Na+]",
          "state_of_matter": "SOLID",
          "molecular_weight": 62.841989999999996,
          "density": 1.4,
          "mass": 62.841989999999996,
          "is_produced_by": [],
          "is_consumed_by": [
            "d014a1b5-a2ec-41bb-b68d-ed6f91880c95"
          ],
          "provenance__density": "dummy estimator based on mw",
          "provenance__is_consumed_by": null,
          "provenance__is_produced_by": null,
          "provenance__mass": null,
          "provenance__molecular_weight": "periodic table",
          "provenance__smiles": null,
          "provenance__state_of_matter": "dummy estimator based on mw"
        }
      ],
      "products": [
        {
          "identifier": "32939cc2-73bd-4c19-b6b3-fb86340942e7",
          "smiles": "COC(=O)c1cc(Br)cc(NC2CCOCC2)c1C",
          "state_of_matter": "SOLID",
          "molecular_weight": 328.2016200000002,
          "density": 1.4,
          "mass": 328.2016200000002,
          "is_produced_by": [
            "d014a1b5-a2ec-41bb-b68d-ed6f91880c95"
          ],
          "is_consumed_by": [],
          "provenance__density": "dummy estimator based on mw",
          "provenance__is_consumed_by": null,
          "provenance__is_produced_by": null,
          "provenance__mass": null,
          "provenance__molecular_weight": "periodic table",
          "provenance__smiles": null,
          "provenance__state_of_matter": "dummy estimator based on mw"
        }
      ],
      "stoichiometry": {
        "eab20c08-2e97-4153-bcd1-e9984556c58c": 1.0,
        "7a02fc57-18a9-4e59-9ab2-ff191a906328": 1.0,
        "32939cc2-73bd-4c19-b6b3-fb86340942e7": -1.0
      },
      "temperature": 295.46120129227637,
      "intended_ratios": {
        "eab20c08-2e97-4153-bcd1-e9984556c58c": 1.0,
        "7a02fc57-18a9-4e59-9ab2-ff191a906328": 1.0,
        "fe1c1d7a-931f-42c5-a8d5-c7ea3f681309": 1.0,
        "001c8670-9ac4-45a0-b146-d8d40ade523f": 1.0,
        "44d831c6-3bae-4b35-bfb7-96a006f1cc20": 1.0
      },
      "expected_yields": {
        "32939cc2-73bd-4c19-b6b3-fb86340942e7": 1.0
      },
      "reaction_extent": 1.0
    },
    {
      "identifier": "20e75aa3-6fdc-45ca-8c32-1623b430c367",
      "reactants": [
        {
          "identifier": "fbc13ceb-9f4b-4fc7-9c3c-9a2ae936388b",
          "smiles": "CSc1ccc(O)cc1",
          "state_of_matter": "LIQUID",
          "molecular_weight": 140.20281999999992,
          "density": 1.0,
          "mass": 140.20281999999992,
          "is_produced_by": [],
          "is_consumed_by": [
            "20e75aa3-6fdc-45ca-8c32-1623b430c367"
          ],
          "provenance__density": "dummy estimator based on mw",
          "provenance__is_consumed_by": null,
          "provenance__is_produced_by": null,
          "provenance__mass": null,
          "provenance__molecular_weight": "periodic table",
          "provenance__smiles": null,
          "provenance__state_of_matter": "dummy estimator based on mw"
        },
        {
          "identifier": "2bc9dd8f-9581-426d-a1e9-ab146eaa56e3",
          "smiles": "Cn1c([N+](=O)[O-])cnc1CO",
          "state_of_matter": "LIQUID",
          "molecular_weight": 158.13531999999992,
          "density": 1.0,
          "mass": 158.13531999999992,
          "is_produced_by": [],
          "is_consumed_by": [
            "20e75aa3-6fdc-45ca-8c32-1623b430c367"
          ],
          "provenance__density": "dummy estimator based on mw",
          "provenance__is_consumed_by": null,
          "provenance__is_produced_by": null,
          "provenance__mass": null,
          "provenance__molecular_weight": "periodic table",
          "provenance__smiles": null,
          "provenance__state_of_matter": "dummy estimator based on mw"
        }
      ],
      "reagents": [
        {
          "identifier": "a6d4aaf4-24ea-49d7-8e9f-0cfa694fe17a",
          "smiles": "C1CCOC1",
          "state_of_matter": "LIQUID",
          "molecular_weight": 72.10572000000005,
          "density": 1.0,
          "mass": 72.10572000000005,
          "is_produced_by": [],
          "is_consumed_by": [
            "20e75aa3-6fdc-45ca-8c32-1623b430c367"
          ],
          "provenance__density": "dummy estimator based on mw",
          "provenance__is_consumed_by": null,
          "provenance__is_produced_by": null,
          "provenance__mass": null,
          "provenance__molecular_weight": "periodic table",
          "provenance__smiles": null,
          "provenance__state_of_matter": "dummy estimator based on mw"
        },
        {
          "identifier": "518c7303-e5fc-420c-8eaa-d1c95b63f6c6",
          "smiles": "c1ccc(P(c2ccccc2)c2ccccc2)cc1",
          "state_of_matter": "SOLID",
          "molecular_weight": 262.28546099999994,
          "density": 1.4,
          "mass": 262.28546099999994,
          "is_produced_by": [],
          "is_consumed_by": [
            "20e75aa3-6fdc-45ca-8c32-1623b430c367"
          ],
          "provenance__density": "dummy estimator based on mw",
          "provenance__is_consumed_by": null,
          "provenance__is_produced_by": null,
          "provenance__mass": null,
          "provenance__molecular_weight": "periodic table",
          "provenance__smiles": null,
          "provenance__state_of_matter": "dummy estimator based on mw"
        },
        {
          "identifier": "a351fd4e-5994-42ad-91d0-d5d12019f176",
          "smiles": "CCOC(=O)N=NC(=O)OCC",
          "state_of_matter": "LIQUID",
          "molecular_weight": 174.1545999999999,
          "density": 1.0,
          "mass": 174.1545999999999,
          "is_produced_by": [],
          "is_consumed_by": [
            "20e75aa3-6fdc-45ca-8c32-1623b430c367"
          ],
          "provenance__density": "dummy estimator based on mw",
          "provenance__is_consumed_by": null,
          "provenance__is_produced_by": null,
          "provenance__mass": null,
          "provenance__molecular_weight": "periodic table",
          "provenance__smiles": null,
          "provenance__state_of_matter": "dummy estimator based on mw"
        }
      ],
      "products": [
        {
          "identifier": "35dc95cb-6431-4540-9123-a0bd104267c4",
          "smiles": "CSc1ccc(OCc2ncc([N+](=O)[O-])n2C)cc1",
          "state_of_matter": "SOLID",
          "molecular_weight": 280.3228600000002,
          "density": 1.4,
          "mass": 280.3228600000002,
          "is_produced_by": [
            "20e75aa3-6fdc-45ca-8c32-1623b430c367"
          ],
          "is_consumed_by": [],
          "provenance__density": "dummy estimator based on mw",
          "provenance__is_consumed_by": null,
          "provenance__is_produced_by": null,
          "provenance__mass": null,
          "provenance__molecular_weight": "periodic table",
          "provenance__smiles": null,
          "provenance__state_of_matter": "dummy estimator based on mw"
        }
      ],
      "stoichiometry": {
        "fbc13ceb-9f4b-4fc7-9c3c-9a2ae936388b": 1.0,
        "2bc9dd8f-9581-426d-a1e9-ab146eaa56e3": 1.0,
        "35dc95cb-6431-4540-9123-a0bd104267c4": -1.0
      },
      "temperature": 283.99080734252925,
      "intended_ratios": {
        "fbc13ceb-9f4b-4fc7-9c3c-9a2ae936388b": 1.0,
        "2bc9dd8f-9581-426d-a1e9-ab146eaa56e3": 1.0,
        "a6d4aaf4-24ea-49d7-8e9f-0cfa694fe17a": 1.0,
        "518c7303-e5fc-420c-8eaa-d1c95b63f6c6": 1.0,
        "a351fd4e-5994-42ad-91d0-d5d12019f176": 1.0
      },
      "expected_yields": {
        "35dc95cb-6431-4540-9123-a0bd104267c4": 1.0
      },
      "reaction_extent": 1.0
    },
    {
      "identifier": "dd55991e-9c8a-4b54-9052-9267c836c03d",
      "reactants": [
        {
          "identifier": "dc26da91-7c03-4ae1-ba3e-32465ad9cc79",
          "smiles": "C[Si](C)(C)N=C=O",
          "state_of_matter": "LIQUID",
          "molecular_weight": 115.20586000000003,
          "density": 1.0,
          "mass": 115.20586000000003,
          "is_produced_by": [],
          "is_consumed_by": [
            "dd55991e-9c8a-4b54-9052-9267c836c03d"
          ],
          "provenance__density": "dummy estimator based on mw",
          "provenance__is_consumed_by": null,
          "provenance__is_produced_by": null,
          "provenance__mass": null,
          "provenance__molecular_weight": "periodic table",
          "provenance__smiles": null,
          "provenance__state_of_matter": "dummy estimator based on mw"
        },
        {
          "identifier": "58fa2311-5562-4e8a-b4b8-5343429549ba",
          "smiles": "O=C(CC1CCNCC1)N1CCC(C2c3ncc(Br)cc3CCc3cc(Cl)cc(Br)c32)CC1",
          "state_of_matter": "SOLID",
          "molecular_weight": 595.7968999999988,
          "density": 1.4,
          "mass": 595.7968999999988,
          "is_produced_by": [],
          "is_consumed_by": [
            "dd55991e-9c8a-4b54-9052-9267c836c03d"
          ],
          "provenance__density": "dummy estimator based on mw",
          "provenance__is_consumed_by": null,
          "provenance__is_produced_by": null,
          "provenance__mass": null,
          "provenance__molecular_weight": "periodic table",
          "provenance__smiles": null,
          "provenance__state_of_matter": "dummy estimator based on mw"
        }
      ],
      "reagents": [
        {
          "identifier": "2a3b3973-a479-46b8-8278-701f66020bce",
          "smiles": "ClCCl",
          "state_of_matter": "LIQUID",
          "molecular_weight": 84.93258000000002,
          "density": 1.0,
          "mass": 84.93258000000002,
          "is_produced_by": [],
          "is_consumed_by": [
            "dd55991e-9c8a-4b54-9052-9267c836c03d"
          ],
          "provenance__density": "dummy estimator based on mw",
          "provenance__is_consumed_by": null,
          "provenance__is_produced_by": null,
          "provenance__mass": null,
          "provenance__molecular_weight": "periodic table",
          "provenance__smiles": null,
          "provenance__state_of_matter": "dummy estimator based on mw"
        }
      ],
      "products": [
        {
          "identifier": "7e7b0169-5863-41ca-9811-2d2312bf1ed1",
          "smiles": "NC(=O)N1CCC(CC(=O)N2CCC(C3c4ncc(Br)cc4CCc4cc(Cl)cc(Br)c43)CC2)CC1",
          "state_of_matter": "SOLID",
          "molecular_weight": 638.8216399999989,
          "density": 1.4,
          "mass": 638.8216399999989,
          "is_produced_by": [
            "dd55991e-9c8a-4b54-9052-9267c836c03d"
          ],
          "is_consumed_by": [],
          "provenance__density": "dummy estimator based on mw",
          "provenance__is_consumed_by": null,
          "provenance__is_produced_by": null,
          "provenance__mass": null,
          "provenance__molecular_weight": "periodic table",
          "provenance__smiles": null,
          "provenance__state_of_matter": "dummy estimator based on mw"
        }
      ],
      "stoichiometry": {
        "dc26da91-7c03-4ae1-ba3e-32465ad9cc79": 1.0,
        "58fa2311-5562-4e8a-b4b8-5343429549ba": 1.0,
        "7e7b0169-5863-41ca-9811-2d2312bf1ed1": -1.0
      },
      "temperature": 286.6168689250946,
      "intended_ratios": {
        "dc26da91-7c03-4ae1-ba3e-32465ad9cc79": 1.0,
        "58fa2311-5562-4e8a-b4b8-5343429549ba": 1.0,
        "2a3b3973-a479-46b8-8278-701f66020bce": 1.0
      },
      "expected_yields": {
        "7e7b0169-5863-41ca-9811-2d2312bf1ed1": 1.0
      },
      "reaction_extent": 1.0
    },
    {
      "identifier": "2d9187db-61a6-4adb-b1cc-31993798496c",
      "reactants": [
        {
          "identifier": "23be122c-a908-4627-8875-3d5bb8e76313",
          "smiles": "Clc1cc(Br)c2c(c1)CCc1cc(Br)cnc1C2=C1CCNCC1",
          "state_of_matter": "SOLID",
          "molecular_weight": 468.6126800000001,
          "density": 1.4,
          "mass": 468.6126800000001,
          "is_produced_by": [],
          "is_consumed_by": [
            "2d9187db-61a6-4adb-b1cc-31993798496c"
          ],
          "provenance__density": "dummy estimator based on mw",
          "provenance__is_consumed_by": null,
          "provenance__is_produced_by": null,
          "provenance__mass": null,
          "provenance__molecular_weight": "periodic table",
          "provenance__smiles": null,
          "provenance__state_of_matter": "dummy estimator based on mw"
        }
      ],
      "reagents": [
        {
          "identifier": "b496d60e-4916-4cdf-8904-8fbef86b7720",
          "smiles": "ClCCl",
          "state_of_matter": "LIQUID",
          "molecular_weight": 84.93258000000002,
          "density": 1.0,
          "mass": 84.93258000000002,
          "is_produced_by": [],
          "is_consumed_by": [
            "2d9187db-61a6-4adb-b1cc-31993798496c"
          ],
          "provenance__density": "dummy estimator based on mw",
          "provenance__is_consumed_by": null,
          "provenance__is_produced_by": null,
          "provenance__mass": null,
          "provenance__molecular_weight": "periodic table",
          "provenance__smiles": null,
          "provenance__state_of_matter": "dummy estimator based on mw"
        },
        {
          "identifier": "0adc33e1-cfda-4b2e-9ab3-897e4411a65b",
          "smiles": "O=C(O)C(F)(F)F",
          "state_of_matter": "LIQUID",
          "molecular_weight": 114.0233496,
          "density": 1.0,
          "mass": 114.0233496,
          "is_produced_by": [],
          "is_consumed_by": [
            "2d9187db-61a6-4adb-b1cc-31993798496c"
          ],
          "provenance__density": "dummy estimator based on mw",
          "provenance__is_consumed_by": null,
          "provenance__is_produced_by": null,
          "provenance__mass": null,
          "provenance__molecular_weight": "periodic table",
          "provenance__smiles": null,
          "provenance__state_of_matter": "dummy estimator based on mw"
        }
      ],
      "products": [
        {
          "identifier": "b43e58c4-7b58-4b4a-9e65-b726d46f99f6",
          "smiles": "Clc1cc(Br)c2c(c1)CCc1cc(Br)cnc1C2C1CCNCC1",
          "state_of_matter": "SOLID",
          "molecular_weight": 470.62856000000016,
          "density": 1.4,
          "mass": 470.62856000000016,
          "is_produced_by": [
            "2d9187db-61a6-4adb-b1cc-31993798496c"
          ],
          "is_consumed_by": [],
          "provenance__density": "dummy estimator based on mw",
          "provenance__is_consumed_by": null,
          "provenance__is_produced_by": null,
          "provenance__mass": null,
          "provenance__molecular_weight": "periodic table",
          "provenance__smiles": null,
          "provenance__state_of_matter": "dummy estimator based on mw"
        }
      ],
      "stoichiometry": {
        "23be122c-a908-4627-8875-3d5bb8e76313": 1.0,
        "b43e58c4-7b58-4b4a-9e65-b726d46f99f6": -1.0
      },
      "temperature": 283.66671758294103,
      "intended_ratios": {
        "23be122c-a908-4627-8875-3d5bb8e76313": 1.0,
        "b496d60e-4916-4cdf-8904-8fbef86b7720": 1.0,
        "0adc33e1-cfda-4b2e-9ab3-897e4411a65b": 1.0
      },
      "expected_yields": {
        "b43e58c4-7b58-4b4a-9e65-b726d46f99f6": 1.0
      },
      "reaction_extent": 1.0
    },
    {
      "identifier": "39a0f680-bd9e-4725-98c9-819e3935ebb6",
      "reactants": [
        {
          "identifier": "7f8dbe93-5216-4426-9867-710ed236d3bb",
          "smiles": "Clc1cc(Br)c2c(c1)CCc1cc(Br)cnc1C2C1CCNCC1",
          "state_of_matter": "SOLID",
          "molecular_weight": 470.62856000000016,
          "density": 1.4,
          "mass": 470.62856000000016,
          "is_produced_by": [],
          "is_consumed_by": [
            "39a0f680-bd9e-4725-98c9-819e3935ebb6"
          ],
          "provenance__density": "dummy estimator based on mw",
          "provenance__is_consumed_by": null,
          "provenance__is_produced_by": null,
          "provenance__mass": null,
          "provenance__molecular_weight": "periodic table",
          "provenance__smiles": null,
          "provenance__state_of_matter": "dummy estimator based on mw"
        },
        {
          "identifier": "09d45ca1-ddee-4d03-93c8-2734ad837878",
          "smiles": "O=C(O)CC1CCNCC1",
          "state_of_matter": "LIQUID",
          "molecular_weight": 143.18361999999988,
          "density": 1.0,
          "mass": 143.18361999999988,
          "is_produced_by": [],
          "is_consumed_by": [
            "39a0f680-bd9e-4725-98c9-819e3935ebb6"
          ],
          "provenance__density": "dummy estimator based on mw",
          "provenance__is_consumed_by": null,
          "provenance__is_produced_by": null,
          "provenance__mass": null,
          "provenance__molecular_weight": "periodic table",
          "provenance__smiles": null,
          "provenance__state_of_matter": "dummy estimator based on mw"
        }
      ],
      "reagents": [
        {
          "identifier": "9e853e2d-dcba-4fd8-9a4c-a25ababdd5ea",
          "smiles": "CN(C)C=O",
          "state_of_matter": "LIQUID",
          "molecular_weight": 73.09378000000004,
          "density": 1.0,
          "mass": 73.09378000000004,
          "is_produced_by": [],
          "is_consumed_by": [
            "39a0f680-bd9e-4725-98c9-819e3935ebb6"
          ],
          "provenance__density": "dummy estimator based on mw",
          "provenance__is_consumed_by": null,
          "provenance__is_produced_by": null,
          "provenance__mass": null,
          "provenance__molecular_weight": "periodic table",
          "provenance__smiles": null,
          "provenance__state_of_matter": "dummy estimator based on mw"
        },
        {
          "identifier": "3a920d9b-1bb1-4e64-b001-d1b8d52c6232",
          "smiles": "CN(C)C(On1nnc2cccnc21)=[N+](C)C.F[P-](F)(F)(F)(F)F",
          "state_of_matter": "SOLID",
          "molecular_weight": 381.2378202000002,
          "density": 1.4,
          "mass": 381.2378202000002,
          "is_produced_by": [],
          "is_consumed_by": [
            "39a0f680-bd9e-4725-98c9-819e3935ebb6"
          ],
          "provenance__density": "dummy estimator based on mw",
          "provenance__is_consumed_by": null,
          "provenance__is_produced_by": null,
          "provenance__mass": null,
          "provenance__molecular_weight": "periodic table",
          "provenance__smiles": null,
          "provenance__state_of_matter": "dummy estimator based on mw"
        },
        {
          "identifier": "77ab31a5-e530-453f-8156-d93fbff9cde4",
          "smiles": "CCN(C(C)C)C(C)C",
          "state_of_matter": "LIQUID",
          "molecular_weight": 129.24316000000007,
          "density": 1.0,
          "mass": 129.24316000000007,
          "is_produced_by": [],
          "is_consumed_by": [
            "39a0f680-bd9e-4725-98c9-819e3935ebb6"
          ],
          "provenance__density": "dummy estimator based on mw",
          "provenance__is_consumed_by": null,
          "provenance__is_produced_by": null,
          "provenance__mass": null,
          "provenance__molecular_weight": "periodic table",
          "provenance__smiles": null,
          "provenance__state_of_matter": "dummy estimator based on mw"
        }
      ],
      "products": [
        {
          "identifier": "c9eba265-00c3-4a5d-ab71-1afa40e6fcd8",
          "smiles": "O=C(CC1CCNCC1)N1CCC(C2c3ncc(Br)cc3CCc3cc(Cl)cc(Br)c32)CC1",
          "state_of_matter": "SOLID",
          "molecular_weight": 595.7968999999988,
          "density": 1.4,
          "mass": 595.7968999999988,
          "is_produced_by": [
            "39a0f680-bd9e-4725-98c9-819e3935ebb6"
          ],
          "is_consumed_by": [],
          "provenance__density": "dummy estimator based on mw",
          "provenance__is_consumed_by": null,
          "provenance__is_produced_by": null,
          "provenance__mass": null,
          "provenance__molecular_weight": "periodic table",
          "provenance__smiles": null,
          "provenance__state_of_matter": "dummy estimator based on mw"
        }
      ],
      "stoichiometry": {
        "7f8dbe93-5216-4426-9867-710ed236d3bb": 1.0,
        "09d45ca1-ddee-4d03-93c8-2734ad837878": 1.0,
        "c9eba265-00c3-4a5d-ab71-1afa40e6fcd8": -1.0
      },
      "temperature": 280.4004216134548,
      "intended_ratios": {
        "7f8dbe93-5216-4426-9867-710ed236d3bb": 1.0,
        "09d45ca1-ddee-4d03-93c8-2734ad837878": 1.0,
        "9e853e2d-dcba-4fd8-9a4c-a25ababdd5ea": 1.0,
        "3a920d9b-1bb1-4e64-b001-d1b8d52c6232": 1.0,
        "77ab31a5-e530-453f-8156-d93fbff9cde4": 1.0
      },
      "expected_yields": {
        "c9eba265-00c3-4a5d-ab71-1afa40e6fcd8": 1.0
      },
      "reaction_extent": 1.0
    }
  ],
  "molecular_nodes": [
    "BrBr",
    "Brc1ccc(CN2CCOCC2)cc1",
    "C1CCOC1",
    "C1COCCO1",
    "CC#N",
    "CC(=O)O",
    "CC(C)(C)OC(=O)N1CCC(=C2c3ccc(Cl)cc3CCc3cccnc32)CC1",
    "CC(C)(C)OC(=O)N1CCC(=C2c3ncc(Br)cc3CCc3cc(Cl)cc(Br)c32)CC1",
    "CC(C)(C)OC(=O)N1CCC(=C2c3ncccc3CCc3cc(Cl)cc(Br)c32)CC1",
    "CC(C)(C)OC(=O)OC(=O)OC(C)(C)C",
    "CC1(C)OB(B2OC(C)(C)C(C)(C)O2)OC1(C)C",
    "CCBr",
    "CCN(C(C)C)C(C)C",
    "CCN(CC)CC",
    "CCN(c1cc(-c2ccc(CN3CCOCC3)cc2)cc(C(=O)NCc2c(C)cc(C)[nH]c2=O)c1C)C1CCOCC1",
    "CCN(c1cc(B(O)O)cc(C(=O)NCc2c(C)cc(C)[nH]c2=O)c1C)C1CCOCC1",
    "CCN(c1cc(Br)cc(C(=O)NCc2c(C)cc(C)[nH]c2=O)c1C)C1CCOCC1",
    "CCN(c1cc(Br)cc(C(=O)OC)c1C)C1CCOCC1",
    "CCOC(=O)N=NC(=O)OCC",
    "CN(C)C(On1nnc2cccnc21)=[N+](C)C.F[P-](F)(F)(F)(F)F",
    "CN(C)C=O",
    "CO",
    "COC(=O)c1cc(Br)cc(N)c1C",
    "COC(=O)c1cc(Br)cc(NC2CCOCC2)c1C",
    "CSc1ccc(O)cc1",
    "CSc1ccc(OCc2ncc([N+](=O)[O-])n2C)cc1",
    "C[Si](C)(C)N=C=O",
    "Cc1cc(C)c(CN)c(=O)[nH]1",
    "ClCCl",
    "Clc1cc(Br)c2c(c1)CCc1cc(Br)cnc1C2=C1CCNCC1",
    "Clc1cc(Br)c2c(c1)CCc1cc(Br)cnc1C2C1CCNCC1",
    "Clc1ccc2c(c1)CCc1cccnc1C2=C1CCNCC1",
    "Cn1c([N+](=O)[O-])cnc1CO",
    "NC(=O)N1CCC(CC(=O)N2CCC(C3c4ncc(Br)cc4CCc4cc(Cl)cc(Br)c43)CC2)CC1",
    "O",
    "O=C(CC1CCNCC1)N1CCC(C2c3ncc(Br)cc3CCc3cc(Cl)cc(Br)c32)CC1",
    "O=C(O)C(F)(F)F",
    "O=C(O)CC1CCNCC1",
    "O=C(O[Cs])O[Cs]",
    "O=C(O[Na])O[Na]",
    "O=C1CCOCC1",
    "[BH3-]C#N.[Na+]",
    "[NaH]",
    "c1ccc(P(c2ccccc2)c2ccccc2)cc1",
    "c1ccc([PH](c2ccccc2)(c2ccccc2)[Pd]([PH](c2ccccc2)(c2ccccc2)c2ccccc2)([PH](c2ccccc2)(c2ccccc2)c2ccccc2)[PH](c2ccccc2)(c2ccccc2)c2ccccc2)cc1"
  ],
  "edges": [
    [
      "20e75aa3-6fdc-45ca-8c32-1623b430c367",
      "CSc1ccc(OCc2ncc([N+](=O)[O-])n2C)cc1"
    ],
    [
      "295955dd-28b6-40ea-b844-ba7be7d5c400",
      "CCN(c1cc(-c2ccc(CN3CCOCC3)cc2)cc(C(=O)NCc2c(C)cc(C)[nH]c2=O)c1C)C1CCOCC1"
    ],
    [
      "2d9187db-61a6-4adb-b1cc-31993798496c",
      "Clc1cc(Br)c2c(c1)CCc1cc(Br)cnc1C2C1CCNCC1"
    ],
    [
      "37d8e930-3a8d-41fe-8dae-d1e2f397e053",
      "CC(C)(C)OC(=O)N1CCC(=C2c3ncc(Br)cc3CCc3cc(Cl)cc(Br)c32)CC1"
    ],
    [
      "39a0f680-bd9e-4725-98c9-819e3935ebb6",
      "O=C(CC1CCNCC1)N1CCC(C2c3ncc(Br)cc3CCc3cc(Cl)cc(Br)c32)CC1"
    ],
    [
      "3e7bd1eb-baf7-43b0-9b6d-cd33c185514b",
      "CCN(c1cc(B(O)O)cc(C(=O)NCc2c(C)cc(C)[nH]c2=O)c1C)C1CCOCC1"
    ],
    [
      "714360a0-623c-4808-87ff-bfec80ef96a8",
      "CC(C)(C)OC(=O)N1CCC(=C2c3ncccc3CCc3cc(Cl)cc(Br)c32)CC1"
    ],
    [
      "7f47f740-fd06-4209-aa87-2bb7386382cb",
      "CCN(c1cc(Br)cc(C(=O)OC)c1C)C1CCOCC1"
    ],
    [
      "8ea88897-c8b6-439d-a845-748afa2b67e0",
      "CC(C)(C)OC(=O)N1CCC(=C2c3ccc(Cl)cc3CCc3cccnc32)CC1"
    ],
    [
      "BrBr",
      "714360a0-623c-4808-87ff-bfec80ef96a8"
    ],
    [
      "Brc1ccc(CN2CCOCC2)cc1",
      "295955dd-28b6-40ea-b844-ba7be7d5c400"
    ],
    [
      "C1CCOC1",
      "20e75aa3-6fdc-45ca-8c32-1623b430c367"
    ],
    [
      "C1COCCO1",
      "295955dd-28b6-40ea-b844-ba7be7d5c400"
    ],
    [
      "C1COCCO1",
      "3e7bd1eb-baf7-43b0-9b6d-cd33c185514b"
    ],
    [
      "CC#N",
      "7f47f740-fd06-4209-aa87-2bb7386382cb"
    ],
    [
      "CC(=O)O",
      "714360a0-623c-4808-87ff-bfec80ef96a8"
    ],
    [
      "CC(=O)O",
      "a2cc64f9-4a8d-4bb3-bc31-5474d15194d2"
    ],
    [
      "CC(=O)O",
      "d014a1b5-a2ec-41bb-b68d-ed6f91880c95"
    ],
    [
      "CC(C)(C)OC(=O)N1CCC(=C2c3ccc(Cl)cc3CCc3cccnc32)CC1",
      "714360a0-623c-4808-87ff-bfec80ef96a8"
    ],
    [
      "CC(C)(C)OC(=O)N1CCC(=C2c3ncc(Br)cc3CCc3cc(Cl)cc(Br)c32)CC1",
      "e57e920e-8fa6-4bdf-9493-09149131b574"
    ],
    [
      "CC(C)(C)OC(=O)N1CCC(=C2c3ncccc3CCc3cc(Cl)cc(Br)c32)CC1",
      "37d8e930-3a8d-41fe-8dae-d1e2f397e053"
    ],
    [
      "CC(C)(C)OC(=O)OC(=O)OC(C)(C)C",
      "8ea88897-c8b6-439d-a845-748afa2b67e0"
    ],
    [
      "CC1(C)OB(B2OC(C)(C)C(C)(C)O2)OC1(C)C",
      "3e7bd1eb-baf7-43b0-9b6d-cd33c185514b"
    ],
    [
      "CCBr",
      "7f47f740-fd06-4209-aa87-2bb7386382cb"
    ],
    [
      "CCN(C(C)C)C(C)C",
      "39a0f680-bd9e-4725-98c9-819e3935ebb6"
    ],
    [
      "CCN(CC)CC",
      "8ea88897-c8b6-439d-a845-748afa2b67e0"
    ],
    [
      "CCN(c1cc(B(O)O)cc(C(=O)NCc2c(C)cc(C)[nH]c2=O)c1C)C1CCOCC1",
      "295955dd-28b6-40ea-b844-ba7be7d5c400"
    ],
    [
      "CCN(c1cc(Br)cc(C(=O)NCc2c(C)cc(C)[nH]c2=O)c1C)C1CCOCC1",
      "3e7bd1eb-baf7-43b0-9b6d-cd33c185514b"
    ],
    [
      "CCN(c1cc(Br)cc(C(=O)OC)c1C)C1CCOCC1",
      "a2cc64f9-4a8d-4bb3-bc31-5474d15194d2"
    ],
    [
      "CCOC(=O)N=NC(=O)OCC",
      "20e75aa3-6fdc-45ca-8c32-1623b430c367"
    ],
    [
      "CN(C)C(On1nnc2cccnc21)=[N+](C)C.F[P-](F)(F)(F)(F)F",
      "39a0f680-bd9e-4725-98c9-819e3935ebb6"
    ],
    [
      "CN(C)C=O",
      "37d8e930-3a8d-41fe-8dae-d1e2f397e053"
    ],
    [
      "CN(C)C=O",
      "39a0f680-bd9e-4725-98c9-819e3935ebb6"
    ],
    [
      "CO",
      "a2cc64f9-4a8d-4bb3-bc31-5474d15194d2"
    ],
    [
      "CO",
      "d014a1b5-a2ec-41bb-b68d-ed6f91880c95"
    ],
    [
      "COC(=O)c1cc(Br)cc(N)c1C",
      "d014a1b5-a2ec-41bb-b68d-ed6f91880c95"
    ],
    [
      "COC(=O)c1cc(Br)cc(NC2CCOCC2)c1C",
      "7f47f740-fd06-4209-aa87-2bb7386382cb"
    ],
    [
      "CSc1ccc(O)cc1",
      "20e75aa3-6fdc-45ca-8c32-1623b430c367"
    ],
    [
      "C[Si](C)(C)N=C=O",
      "dd55991e-9c8a-4b54-9052-9267c836c03d"
    ],
    [
      "Cc1cc(C)c(CN)c(=O)[nH]1",
      "a2cc64f9-4a8d-4bb3-bc31-5474d15194d2"
    ],
    [
      "ClCCl",
      "2d9187db-61a6-4adb-b1cc-31993798496c"
    ],
    [
      "ClCCl",
      "8ea88897-c8b6-439d-a845-748afa2b67e0"
    ],
    [
      "ClCCl",
      "dd55991e-9c8a-4b54-9052-9267c836c03d"
    ],
    [
      "ClCCl",
      "e57e920e-8fa6-4bdf-9493-09149131b574"
    ],
    [
      "Clc1cc(Br)c2c(c1)CCc1cc(Br)cnc1C2=C1CCNCC1",
      "2d9187db-61a6-4adb-b1cc-31993798496c"
    ],
    [
      "Clc1cc(Br)c2c(c1)CCc1cc(Br)cnc1C2C1CCNCC1",
      "39a0f680-bd9e-4725-98c9-819e3935ebb6"
    ],
    [
      "Clc1ccc2c(c1)CCc1cccnc1C2=C1CCNCC1",
      "8ea88897-c8b6-439d-a845-748afa2b67e0"
    ],
    [
      "Cn1c([N+](=O)[O-])cnc1CO",
      "20e75aa3-6fdc-45ca-8c32-1623b430c367"
    ],
    [
      "O",
      "295955dd-28b6-40ea-b844-ba7be7d5c400"
    ],
    [
      "O",
      "3e7bd1eb-baf7-43b0-9b6d-cd33c185514b"
    ],
    [
      "O",
      "7f47f740-fd06-4209-aa87-2bb7386382cb"
    ],
    [
      "O=C(CC1CCNCC1)N1CCC(C2c3ncc(Br)cc3CCc3cc(Cl)cc(Br)c32)CC1",
      "dd55991e-9c8a-4b54-9052-9267c836c03d"
    ],
    [
      "O=C(O)C(F)(F)F",
      "2d9187db-61a6-4adb-b1cc-31993798496c"
    ],
    [
      "O=C(O)C(F)(F)F",
      "e57e920e-8fa6-4bdf-9493-09149131b574"
    ],
    [
      "O=C(O)CC1CCNCC1",
      "39a0f680-bd9e-4725-98c9-819e3935ebb6"
    ],
    [
      "O=C(O[Cs])O[Cs]",
      "7f47f740-fd06-4209-aa87-2bb7386382cb"
    ],
    [
      "O=C(O[Na])O[Na]",
      "295955dd-28b6-40ea-b844-ba7be7d5c400"
    ],
    [
      "O=C(O[Na])O[Na]",
      "3e7bd1eb-baf7-43b0-9b6d-cd33c185514b"
    ],
    [
      "O=C1CCOCC1",
      "d014a1b5-a2ec-41bb-b68d-ed6f91880c95"
    ],
    [
      "[BH3-]C#N.[Na+]",
      "d014a1b5-a2ec-41bb-b68d-ed6f91880c95"
    ],
    [
      "[NaH]",
      "37d8e930-3a8d-41fe-8dae-d1e2f397e053"
    ],
    [
      "a2cc64f9-4a8d-4bb3-bc31-5474d15194d2",
      "CCN(c1cc(Br)cc(C(=O)NCc2c(C)cc(C)[nH]c2=O)c1C)C1CCOCC1"
    ],
    [
      "c1ccc(P(c2ccccc2)c2ccccc2)cc1",
      "20e75aa3-6fdc-45ca-8c32-1623b430c367"
    ],
    [
      "c1ccc([PH](c2ccccc2)(c2ccccc2)[Pd]([PH](c2ccccc2)(c2ccccc2)c2ccccc2)([PH](c2ccccc2)(c2ccccc2)c2ccccc2)[PH](c2ccccc2)(c2ccccc2)c2ccccc2)cc1",
      "295955dd-28b6-40ea-b844-ba7be7d5c400"
    ],
    [
      "c1ccc([PH](c2ccccc2)(c2ccccc2)[Pd]([PH](c2ccccc2)(c2ccccc2)c2ccccc2)([PH](c2ccccc2)(c2ccccc2)c2ccccc2)[PH](c2ccccc2)(c2ccccc2)c2ccccc2)cc1",
      "3e7bd1eb-baf7-43b0-9b6d-cd33c185514b"
    ],
    [
      "d014a1b5-a2ec-41bb-b68d-ed6f91880c95",
      "COC(=O)c1cc(Br)cc(NC2CCOCC2)c1C"
    ],
    [
      "dd55991e-9c8a-4b54-9052-9267c836c03d",
      "NC(=O)N1CCC(CC(=O)N2CCC(C3c4ncc(Br)cc4CCc4cc(Cl)cc(Br)c43)CC2)CC1"
    ],
    [
      "e57e920e-8fa6-4bdf-9493-09149131b574",
      "Clc1cc(Br)c2c(c1)CCc1cc(Br)cnc1C2=C1CCNCC1"
    ]
  ]
}