{
  "identifier": "0d8db027-05e9-4e3d-b04c-d46f9a4c7446",
  "chemical_reactions": [
    {
      "identifier": "f189536e-da96-49eb-a788-2a0b0be885a9",
      "reactants": [
        {
          "identifier": "6060d386-e33a-450d-9197-ec806f874d3a",
          "smiles": "C=Cc1ccccc1",
          "state_of_matter": "LIQUID",
          "molecular_weight": 104.14912000000004,
          "density": 1.0,
          "mass": 104.14912000000004,
          "is_produced_by": [],
          "is_consumed_by": [
            "f189536e-da96-49eb-a788-2a0b0be885a9"
          ],
          "provenance__density": "dummy estimator based on mw",
          "provenance__is_consumed_by": null,
          "provenance__is_produced_by": null,
          "provenance__mass": null,
          "provenance__molecular_weight": "periodic table",
          "provenance__smiles": null,
          "provenance__state_of_matter": "dummy estimator based on mw"
        },
        {
          "identifier": "0f3939cf-7b14-4688-a6e5-dc9459a3afdf",
          "smiles": "CC(C)c1c(O)cc(Br)cc1O",
          "state_of_matter": "SOLID",
          "molecular_weight": 231.08643999999987,
          "density": 1.4,
          "mass": 231.08643999999987,
          "is_produced_by": [],
          "is_consumed_by": [
            "f189536e-da96-49eb-a788-2a0b0be885a9"
          ],
          "provenance__density": "dummy estimator based on mw",
          "provenance__is_consumed_by": null,
          "provenance__is_produced_by": null,
          "provenance__mass": null,
          "provenance__molecular_weight": "periodic table",
          "provenance__smiles": null,
          "provenance__state_of_matter": "dummy estimator based on mw"
        }
      ],
      "reagents": [
        {
          "identifier": "4db10d81-2d9a-46ad-a718-e0f2274cfabb",
          "smiles": "CN(C)C=O",
          "state_of_matter": "LIQUID",
          "molecular_weight": 73.09378000000004,
          "density": 1.0,
          "mass": 73.09378000000004,
          "is_produced_by": [],
          "is_consumed_by": [
            "f189536e-da96-49eb-a788-2a0b0be885a9"
          ],
          "provenance__density": "dummy estimator based on mw",
          "provenance__is_consumed_by": null,
          "provenance__is_produced_by": null,
          "provenance__mass": null,
          "provenance__molecular_weight": "periodic table",
          "provenance__smiles": null,
          "provenance__state_of_matter": "dummy estimator based on mw"
        },
        {
          "identifier": "0894c727-2ff9-4bc1-9916-620f95313e80",
          "smiles": "CCN(CC)CC",
          "state_of_matter": "LIQUID",
          "molecular_weight": 101.19000000000008,
          "density": 1.0,
          "mass": 101.19000000000008,
          "is_produced_by": [],
          "is_consumed_by": [
            "f189536e-da96-49eb-a788-2a0b0be885a9"
          ],
          "provenance__density": "dummy estimator based on mw",
          "provenance__is_consumed_by": null,
          "provenance__is_produced_by": null,
          "provenance__mass": null,
          "provenance__molecular_weight": "periodic table",
          "provenance__smiles": null,
          "provenance__state_of_matter": "dummy estimator based on mw"
        },
        {
          "identifier": "1e0445f0-8558-4d2b-8a88-a07006885f09",
          "smiles": "c1ccc(P(c2ccccc2)c2ccccc2)cc1",
          "state_of_matter": "SOLID",
          "molecular_weight": 262.28546099999994,
          "density": 1.4,
          "mass": 262.28546099999994,
          "is_produced_by": [],
          "is_consumed_by": [
            "f189536e-da96-49eb-a788-2a0b0be885a9"
          ],
          "provenance__density": "dummy estimator based on mw",
          "provenance__is_consumed_by": null,
          "provenance__is_produced_by": null,
          "provenance__mass": null,
          "provenance__molecular_weight": "periodic table",
          "provenance__smiles": null,
          "provenance__state_of_matter": "dummy estimator based on mw"
        },
        {
          "identifier": "ec1da2d1-1a70-44b5-861b-86a4d928289e",
          "smiles": "CC(=O)[O-].CC(=O)[O-].[Pd+2]",
          "state_of_matter": "SOLID",
          "molecular_weight": 224.50803999999994,
          "density": 1.4,
          "mass": 224.50803999999994,
          "is_produced_by": [],
          "is_consumed_by": [
            "f189536e-da96-49eb-a788-2a0b0be885a9"
          ],
          "provenance__density": "dummy estimator based on mw",
          "provenance__is_consumed_by": null,
          "provenance__is_produced_by": null,
          "provenance__mass": null,
          "provenance__molecular_weight": "periodic table",
          "provenance__smiles": null,
          "provenance__state_of_matter": "dummy estimator based on mw"
        }
      ],
      "products": [
        {
          "identifier": "e021b766-dcec-42d9-8b5d-3bfcfc53b27b",
          "smiles": "CC(C)c1c(O)cc(C=Cc2ccccc2)cc1O",
          "state_of_matter": "SOLID",
          "molecular_weight": 254.32361999999975,
          "density": 1.4,
          "mass": 254.32361999999975,
          "is_produced_by": [
            "f189536e-da96-49eb-a788-2a0b0be885a9"
          ],
          "is_consumed_by": [],
          "provenance__density": "dummy estimator based on mw",
          "provenance__is_consumed_by": null,
          "provenance__is_produced_by": null,
          "provenance__mass": null,
          "provenance__molecular_weight": "periodic table",
          "provenance__smiles": null,
          "provenance__state_of_matter": "dummy estimator based on mw"
        }
      ],
      "stoichiometry": {
        "6060d386-e33a-450d-9197-ec806f874d3a": 1.0,
        "0f3939cf-7b14-4688-a6e5-dc9459a3afdf": 1.0,
        "e021b766-dcec-42d9-8b5d-3bfcfc53b27b": -1.0
      },
      "temperature": 353.7789930403232,
      "intended_ratios": {
        "6060d386-e33a-450d-9197-ec806f874d3a": 1.0,
        "0f3939cf-7b14-4688-a6e5-dc9459a3afdf": 1.0,
        "4db10d81-2d9a-46ad-a718-e0f2274cfabb": 1.0,
        "0894c727-2ff9-4bc1-9916-620f95313e80": 1.0,
        "1e0445f0-8558-4d2b-8a88-a07006885f09": 1.0,
        "ec1da2d1-1a70-44b5-861b-86a4d928289e": 1.0
      },
      "expected_yields": {
        "e021b766-dcec-42d9-8b5d-3bfcfc53b27b": 1.0
      },
      "reaction_extent": 1.0
    },
    {
      "identifier": "7d9c77b4-97dc-4b43-a8dc-a0900c1c8545",
      "reactants": [
        {
          "identifier": "9c3a0b87-7a13-4074-8f55-1645dae96233",
          "smiles": "CC(C)N",
          "state_of_matter": "LIQUID",
          "molecular_weight": 59.11025999999998,
          "density": 1.0,
          "mass": 59.11025999999998,
          "is_produced_by": [],
          "is_consumed_by": [
            "7d9c77b4-97dc-4b43-a8dc-a0900c1c8545"
          ],
          "provenance__density": "dummy estimator based on mw",
          "provenance__is_consumed_by": null,
          "provenance__is_produced_by": null,
          "provenance__mass": null,
          "provenance__molecular_weight": "periodic table",
          "provenance__smiles": null,
          "provenance__state_of_matter": "dummy estimator based on mw"
        },
        {
          "identifier": "0c3cab55-130f-49df-9ce2-adde6efbd4b0",
          "smiles": "O=C(OC(Cl)(Cl)Cl)OC(Cl)(Cl)Cl",
          "state_of_matter": "SOLID",
          "molecular_weight": 296.7483000000001,
          "density": 1.4,
          "mass": 296.7483000000001,
          "is_produced_by": [],
          "is_consumed_by": [
            "7d9c77b4-97dc-4b43-a8dc-a0900c1c8545"
          ],
          "provenance__density": "dummy estimator based on mw",
          "provenance__is_consumed_by": null,
          "provenance__is_produced_by": null,
          "provenance__mass": null,
          "provenance__molecular_weight": "periodic table",
          "provenance__smiles": null,
          "provenance__state_of_matter": "dummy estimator based on mw"
        }
      ],
      "reagents": [
        {
          "identifier": "05eeac86-f570-4560-bc7c-b78c3daf986f",
          "smiles": "ClCCl",
          "state_of_matter": "LIQUID",
          "molecular_weight": 84.93258000000002,
          "density": 1.0,
          "mass": 84.93258000000002,
          "is_produced_by": [],
          "is_consumed_by": [
            "7d9c77b4-97dc-4b43-a8dc-a0900c1c8545"
          ],
          "provenance__density": "dummy estimator based on mw",
          "provenance__is_consumed_by": null,
          "provenance__is_produced_by": null,
          "provenance__mass": null,
          "provenance__molecular_weight": "periodic table",
          "provenance__smiles": null,
          "provenance__state_of_matter": "dummy estimator based on mw"
        }
      ],
      "products": [
        {
          "identifier": "61f6144d-3e60-4414-99ea-c4b77b9dfa4c",
          "smiles": "CC(C)NC(=O)Cl",
          "state_of_matter": "LIQUID",
          "molecular_weight": 121.56542000000005,
          "density": 1.0,
          "mass": 121.56542000000005,
          "is_produced_by": [
            "7d9c77b4-97dc-4b43-a8dc-a0900c1c8545"
          ],
          "is_consumed_by": [],
          "provenance__density": "dummy estimator based on mw",
          "provenance__is_consumed_by": null,
          "provenance__is_produced_by": null,
          "provenance__mass": null,
          "provenance__molecular_weight": "periodic table",
          "provenance__smiles": null,
          "provenance__state_of_matter": "dummy estimator based on mw"
        }
      ],
      "stoichiometry": {
        "9c3a0b87-7a13-4074-8f55-1645dae96233": 1.0,
        "0c3cab55-130f-49df-9ce2-adde6efbd4b0": 1.0,
        "61f6144d-3e60-4414-99ea-c4b77b9dfa4c": -1.0
      },
      "temperature": 287.31718023419376,
      "intended_ratios": {
        "9c3a0b87-7a13-4074-8f55-1645dae96233": 1.0,
        "0c3cab55-130f-49df-9ce2-adde6efbd4b0": 1.0,
        "05eeac86-f570-4560-bc7c-b78c3daf986f": 1.0
      },
      "expected_yields": {
        "61f6144d-3e60-4414-99ea-c4b77b9dfa4c": 1.0
      },
      "reaction_extent": 1.0
    },
    {
      "identifier": "da9b5c7b-8f17-425b-8571-acc6e11bf4fa",
      "reactants": [
        {
          "identifier": "24eca0fd-a3bb-476f-914f-a10b71f1171a",
          "smiles": "CC(C)N1C(=O)CC(=O)NC1=O",
          "state_of_matter": "LIQUID",
          "molecular_weight": 170.16589999999994,
          "density": 1.0,
          "mass": 170.16589999999994,
          "is_produced_by": [],
          "is_consumed_by": [
            "da9b5c7b-8f17-425b-8571-acc6e11bf4fa"
          ],
          "provenance__density": "dummy estimator based on mw",
          "provenance__is_consumed_by": null,
          "provenance__is_produced_by": null,
          "provenance__mass": null,
          "provenance__molecular_weight": "periodic table",
          "provenance__smiles": null,
          "provenance__state_of_matter": "dummy estimator based on mw"
        }
      ],
      "reagents": [
        {
          "identifier": "1d61155c-41c9-4e4d-8b96-269672e5b580",
          "smiles": "CN(C)C=O",
          "state_of_matter": "LIQUID",
          "molecular_weight": 73.09378000000004,
          "density": 1.0,
          "mass": 73.09378000000004,
          "is_produced_by": [],
          "is_consumed_by": [
            "da9b5c7b-8f17-425b-8571-acc6e11bf4fa"
          ],
          "provenance__density": "dummy estimator based on mw",
          "provenance__is_consumed_by": null,
          "provenance__is_produced_by": null,
          "provenance__mass": null,
          "provenance__molecular_weight": "periodic table",
          "provenance__smiles": null,
          "provenance__state_of_matter": "dummy estimator based on mw"
        },
        {
          "identifier": "0976c58a-a87b-4d42-a503-3d6b1006bad8",
          "smiles": "O",
          "state_of_matter": "LIQUID",
          "molecular_weight": 18.01528,
          "density": 1.0,
          "mass": 18.01528,
          "is_produced_by": [],
          "is_consumed_by": [
            "da9b5c7b-8f17-425b-8571-acc6e11bf4fa"
          ],
          "provenance__density": "dummy estimator based on mw",
          "provenance__is_consumed_by": null,
          "provenance__is_produced_by": null,
          "provenance__mass": null,
          "provenance__molecular_weight": "periodic table",
          "provenance__smiles": null,
          "provenance__state_of_matter": "dummy estimator based on mw"
        },
        {
          "identifier": "9314ddf9-1f29-4dd1-acb8-b9630e7cdf2f",
          "smiles": "O=C(O[K])O[K]",
          "state_of_matter": "SOLID",
          "molecular_weight": 138.2055,
          "density": 1.4,
          "mass": 138.2055,
          "is_produced_by": [],
          "is_consumed_by": [
            "da9b5c7b-8f17-425b-8571-acc6e11bf4fa"
          ],
          "provenance__density": "dummy estimator based on mw",
          "provenance__is_consumed_by": null,
          "provenance__is_produced_by": null,
          "provenance__mass": null,
          "provenance__molecular_weight": "periodic table",
          "provenance__smiles": null,
          "provenance__state_of_matter": "dummy estimator based on mw"
        },
        {
          "identifier": "c3fbf397-79c4-46ba-824f-21ff323673b5",
          "smiles": "CI",
          "state_of_matter": "LIQUID",
          "molecular_weight": 141.93898999999996,
          "density": 1.0,
          "mass": 141.93898999999996,
          "is_produced_by": [],
          "is_consumed_by": [
            "da9b5c7b-8f17-425b-8571-acc6e11bf4fa"
          ],
          "provenance__density": "dummy estimator based on mw",
          "provenance__is_consumed_by": null,
          "provenance__is_produced_by": null,
          "provenance__mass": null,
          "provenance__molecular_weight": "periodic table",
          "provenance__smiles": null,
          "provenance__state_of_matter": "dummy estimator based on mw"
        }
      ],
      "products": [
        {
          "identifier": "53832f02-91e2-4eb2-a4b6-f2ad5534fc80",
          "smiles": "CC(C)n1c(=O)cc(Cl)[nH]c1=O",
          "state_of_matter": "LIQUID",
          "molecular_weight": 189.61949999999993,
          "density": 1.0,
          "mass": 189.61949999999993,
          "is_produced_by": [
            "da9b5c7b-8f17-425b-8571-acc6e11bf4fa"
          ],
          "is_consumed_by": [],
          "provenance__density": "dummy estimator based on mw",
          "provenance__is_consumed_by": null,
          "provenance__is_produced_by": null,
          "provenance__mass": null,
          "provenance__molecular_weight": "periodic table",
          "provenance__smiles": null,
          "provenance__state_of_matter": "dummy estimator based on mw"
        }
      ],
      "stoichiometry": {
        "24eca0fd-a3bb-476f-914f-a10b71f1171a": 1.0,
        "53832f02-91e2-4eb2-a4b6-f2ad5534fc80": -1.0
      },
      "temperature": 297.4154758930206,
      "intended_ratios": {
        "24eca0fd-a3bb-476f-914f-a10b71f1171a": 1.0,
        "1d61155c-41c9-4e4d-8b96-269672e5b580": 1.0,
        "0976c58a-a87b-4d42-a503-3d6b1006bad8": 1.0,
        "9314ddf9-1f29-4dd1-acb8-b9630e7cdf2f": 1.0,
        "c3fbf397-79c4-46ba-824f-21ff323673b5": 1.0
      },
      "expected_yields": {
        "53832f02-91e2-4eb2-a4b6-f2ad5534fc80": 1.0
      },
      "reaction_extent": 1.0
    },
    {
      "identifier": "b9c9236c-93cb-4529-97a7-19107bedb711",
      "reactants": [
        {
          "identifier": "6e8ddc3c-f0d5-4edb-ad37-7cdd90c52666",
          "smiles": "CC(C)NC(=O)Cl",
          "state_of_matter": "LIQUID",
          "molecular_weight": 121.56542000000005,
          "density": 1.0,
          "mass": 121.56542000000005,
          "is_produced_by": [],
          "is_consumed_by": [
            "b9c9236c-93cb-4529-97a7-19107bedb711"
          ],
          "provenance__density": "dummy estimator based on mw",
          "provenance__is_consumed_by": null,
          "provenance__is_produced_by": null,
          "provenance__mass": null,
          "provenance__molecular_weight": "periodic table",
          "provenance__smiles": null,
          "provenance__state_of_matter": "dummy estimator based on mw"
        },
        {
          "identifier": "4b89b376-7170-4707-8afa-5d34ca1dde45",
          "smiles": "CCOC(=O)CC(=O)Cl",
          "state_of_matter": "LIQUID",
          "molecular_weight": 150.56027999999995,
          "density": 1.0,
          "mass": 150.56027999999995,
          "is_produced_by": [],
          "is_consumed_by": [
            "b9c9236c-93cb-4529-97a7-19107bedb711"
          ],
          "provenance__density": "dummy estimator based on mw",
          "provenance__is_consumed_by": null,
          "provenance__is_produced_by": null,
          "provenance__mass": null,
          "provenance__molecular_weight": "periodic table",
          "provenance__smiles": null,
          "provenance__state_of_matter": "dummy estimator based on mw"
        }
      ],
      "reagents": [
        {
          "identifier": "aa8502ac-b435-40f9-ab0d-6cedf1d10e77",
          "smiles": "ClCCl",
          "state_of_matter": "LIQUID",
          "molecular_weight": 84.93258000000002,
          "density": 1.0,
          "mass": 84.93258000000002,
          "is_produced_by": [],
          "is_consumed_by": [
            "b9c9236c-93cb-4529-97a7-19107bedb711"
          ],
          "provenance__density": "dummy estimator based on mw",
          "provenance__is_consumed_by": null,
          "provenance__is_produced_by": null,
          "provenance__mass": null,
          "provenance__molecular_weight": "periodic table",
          "provenance__smiles": null,
          "provenance__state_of_matter": "dummy estimator based on mw"
        }
      ],
      "products": [
        {
          "identifier": "9b7b405e-3a2d-4837-9145-57918cf506a9",
          "smiles": "CCOC(=O)CC(=O)N(C(=O)Cl)C(C)C",
          "state_of_matter": "SOLID",
          "molecular_weight": 235.66475999999983,
          "density": 1.4,
          "mass": 235.66475999999983,
          "is_produced_by": [
            "b9c9236c-93cb-4529-97a7-19107bedb711"
          ],
          "is_consumed_by": [],
          "provenance__density": "dummy estimator based on mw",
          "provenance__is_consumed_by": null,
          "provenance__is_produced_by": null,
          "provenance__mass": null,
          "provenance__molecular_weight": "periodic table",
          "provenance__smiles": null,
          "provenance__state_of_matter": "dummy estimator based on mw"
        }
      ],
      "stoichiometry": {
        "6e8ddc3c-f0d5-4edb-ad37-7cdd90c52666": 1.0,
        "4b89b376-7170-4707-8afa-5d34ca1dde45": 1.0,
        "9b7b405e-3a2d-4837-9145-57918cf506a9": -1.0
      },
      "temperature": 298.78428542017934,
      "intended_ratios": {
        "6e8ddc3c-f0d5-4edb-ad37-7cdd90c52666": 1.0,
        "4b89b376-7170-4707-8afa-5d34ca1dde45": 1.0,
        "aa8502ac-b435-40f9-ab0d-6cedf1d10e77": 1.0
      },
      "expected_yields": {
        "9b7b405e-3a2d-4837-9145-57918cf506a9": 1.0
      },
      "reaction_extent": 1.0
    },
    {
      "identifier": "0f326003-426a-4226-8ae9-c6153934e3cf",
      "reactants": [
        {
          "identifier": "8fa91f40-d938-443c-8a2b-33a2cd1b2102",
          "smiles": "CC(C)O",
          "state_of_matter": "LIQUID",
          "molecular_weight": 60.095019999999984,
          "density": 1.0,
          "mass": 60.095019999999984,
          "is_produced_by": [],
          "is_consumed_by": [
            "0f326003-426a-4226-8ae9-c6153934e3cf"
          ],
          "provenance__density": "dummy estimator based on mw",
          "provenance__is_consumed_by": null,
          "provenance__is_produced_by": null,
          "provenance__mass": null,
          "provenance__molecular_weight": "periodic table",
          "provenance__smiles": null,
          "provenance__state_of_matter": "dummy estimator based on mw"
        },
        {
          "identifier": "e3cc3fd7-72c1-44cf-8ad0-8e8216c8193f",
          "smiles": "Oc1cc(O)cc(Br)c1",
          "state_of_matter": "LIQUID",
          "molecular_weight": 189.00669999999994,
          "density": 1.0,
          "mass": 189.00669999999994,
          "is_produced_by": [],
          "is_consumed_by": [
            "0f326003-426a-4226-8ae9-c6153934e3cf"
          ],
          "provenance__density": "dummy estimator based on mw",
          "provenance__is_consumed_by": null,
          "provenance__is_produced_by": null,
          "provenance__mass": null,
          "provenance__molecular_weight": "periodic table",
          "provenance__smiles": null,
          "provenance__state_of_matter": "dummy estimator based on mw"
        }
      ],
      "reagents": [
        {
          "identifier": "a3fe1c37-e53d-4b7e-8a86-f4355b3cce2a",
          "smiles": "O=S(=O)(O)O",
          "state_of_matter": "LIQUID",
          "molecular_weight": 98.07848,
          "density": 1.0,
          "mass": 98.07848,
          "is_produced_by": [],
          "is_consumed_by": [
            "0f326003-426a-4226-8ae9-c6153934e3cf"
          ],
          "provenance__density": "dummy estimator based on mw",
          "provenance__is_consumed_by": null,
          "provenance__is_produced_by": null,
          "provenance__mass": null,
          "provenance__molecular_weight": "periodic table",
          "provenance__smiles": null,
          "provenance__state_of_matter": "dummy estimator based on mw"
        }
      ],
      "products": [
        {
          "identifier": "74bd42ef-7452-4f70-8b19-28a38a10009d",
          "smiles": "CC(C)c1c(O)cc(Br)cc1O",
          "state_of_matter": "SOLID",
          "molecular_weight": 231.08643999999987,
          "density": 1.4,
          "mass": 231.08643999999987,
          "is_produced_by": [
            "0f326003-426a-4226-8ae9-c6153934e3cf"
          ],
          "is_consumed_by": [],
          "provenance__density": "dummy estimator based on mw",
          "provenance__is_consumed_by": null,
          "provenance__is_produced_by": null,
          "provenance__mass": null,
          "provenance__molecular_weight": "periodic table",
          "provenance__smiles": null,
          "provenance__state_of_matter": "dummy estimator based on mw"
        }
      ],
      "stoichiometry": {
        "8fa91f40-d938-443c-8a2b-33a2cd1b2102": 1.0,
        "e3cc3fd7-72c1-44cf-8ad0-8e8216c8193f": 1.0,
        "74bd42ef-7452-4f70-8b19-28a38a10009d": -1.0
      },
      "temperature": 299.26102591753005,
      "intended_ratios": {
        "8fa91f40-d938-443c-8a2b-33a2cd1b2102": 1.0,
        "e3cc3fd7-72c1-44cf-8ad0-8e8216c8193f": 1.0,
        "a3fe1c37-e53d-4b7e-8a86-f4355b3cce2a": 1.0
      },
      "expected_yields": {
        "74bd42ef-7452-4f70-8b19-28a38a10009d": 1.0
      },
      "reaction_extent": 1.0
    },
    {
      "identifier": "cc9ac41f-fe19-4f10-80f5-6224c0445425",
      "reactants": [
        {
          "identifier": "a62b5731-a134-437e-8bfc-a2967a9d9d42",
          "smiles": "CC(C)n1c(=O)cc(Cl)[nH]c1=O",
          "state_of_matter": "LIQUID",
          "molecular_weight": 189.61949999999993,
          "density": 1.0,
          "mass": 189.61949999999993,
          "is_produced_by": [],
          "is_consumed_by": [
            "cc9ac41f-fe19-4f10-80f5-6224c0445425"
          ],
          "provenance__density": "dummy estimator based on mw",
          "provenance__is_consumed_by": null,
          "provenance__is_produced_by": null,
          "provenance__mass": null,
          "provenance__molecular_weight": "periodic table",
          "provenance__smiles": null,
          "provenance__state_of_matter": "dummy estimator based on mw"
        },
        {
          "identifier": "882b9aec-a7a9-49a2-bb80-9911b7e6427d",
          "smiles": "CC(N)c1ccccc1",
          "state_of_matter": "LIQUID",
          "molecular_weight": 121.17964000000006,
          "density": 1.0,
          "mass": 121.17964000000006,
          "is_produced_by": [],
          "is_consumed_by": [
            "cc9ac41f-fe19-4f10-80f5-6224c0445425"
          ],
          "provenance__density": "dummy estimator based on mw",
          "provenance__is_consumed_by": null,
          "provenance__is_produced_by": null,
          "provenance__mass": null,
          "provenance__molecular_weight": "periodic table",
          "provenance__smiles": null,
          "provenance__state_of_matter": "dummy estimator based on mw"
        }
      ],
      "reagents": [
        {
          "identifier": "6da856f8-f97d-45e9-95b8-4a6534d94aad",
          "smiles": "CC#N",
          "state_of_matter": "LIQUID",
          "molecular_weight": 41.051919999999996,
          "density": 1.0,
          "mass": 41.051919999999996,
          "is_produced_by": [],
          "is_consumed_by": [
            "cc9ac41f-fe19-4f10-80f5-6224c0445425"
          ],
          "provenance__density": "dummy estimator based on mw",
          "provenance__is_consumed_by": null,
          "provenance__is_produced_by": null,
          "provenance__mass": null,
          "provenance__molecular_weight": "periodic table",
          "provenance__smiles": null,
          "provenance__state_of_matter": "dummy estimator based on mw"
        }
      ],
      "products": [
        {
          "identifier": "c2f6dc36-1b31-490b-9d7a-6de8b4f7e159",
          "smiles": "CC(Nc1cc(=O)n(C(C)C)c(=O)[nH]1)c1ccccc1",
          "state_of_matter": "SOLID",
          "molecular_weight": 274.3382000000002,
          "density": 1.4,
          "mass": 274.3382000000002,
          "is_produced_by": [
            "cc9ac41f-fe19-4f10-80f5-6224c0445425"
          ],
          "is_consumed_by": [],
          "provenance__density": "dummy estimator based on mw",
          "provenance__is_consumed_by": null,
          "provenance__is_produced_by": null,
          "provenance__mass": null,
          "provenance__molecular_weight": "periodic table",
          "provenance__smiles": null,
          "provenance__state_of_matter": "dummy estimator based on mw"
        }
      ],
      "stoichiometry": {
        "a62b5731-a134-437e-8bfc-a2967a9d9d42": 1.0,
        "882b9aec-a7a9-49a2-bb80-9911b7e6427d": 1.0,
        "c2f6dc36-1b31-490b-9d7a-6de8b4f7e159": -1.0
      },
      "temperature": 349.5068563520908,
      "intended_ratios": {
        "a62b5731-a134-437e-8bfc-a2967a9d9d42": 1.0,
        "882b9aec-a7a9-49a2-bb80-9911b7e6427d": 1.0,
        "6da856f8-f97d-45e9-95b8-4a6534d94aad": 1.0
      },
      "expected_yields": {
        "c2f6dc36-1b31-490b-9d7a-6de8b4f7e159": 1.0
      },
      "reaction_extent": 1.0
    },
    {
      "identifier": "84edce8f-7fd7-48b5-9a04-014717070a5e",
      "reactants": [
        {
          "identifier": "4f1132cf-38da-42e4-98f2-8d8d8a763675",
          "smiles": "CCOC(=O)CC(=O)N(C(=O)Cl)C(C)C",
          "state_of_matter": "SOLID",
          "molecular_weight": 235.66475999999983,
          "density": 1.4,
          "mass": 235.66475999999983,
          "is_produced_by": [],
          "is_consumed_by": [
            "84edce8f-7fd7-48b5-9a04-014717070a5e"
          ],
          "provenance__density": "dummy estimator based on mw",
          "provenance__is_consumed_by": null,
          "provenance__is_produced_by": null,
          "provenance__mass": null,
          "provenance__molecular_weight": "periodic table",
          "provenance__smiles": null,
          "provenance__state_of_matter": "dummy estimator based on mw"
        }
      ],
      "reagents": [
        {
          "identifier": "cdfee2d2-6a54-438d-a0dd-8cc2adf52c34",
          "smiles": "ClCCl",
          "state_of_matter": "LIQUID",
          "molecular_weight": 84.93258000000002,
          "density": 1.0,
          "mass": 84.93258000000002,
          "is_produced_by": [],
          "is_consumed_by": [
            "84edce8f-7fd7-48b5-9a04-014717070a5e"
          ],
          "provenance__density": "dummy estimator based on mw",
          "provenance__is_consumed_by": null,
          "provenance__is_produced_by": null,
          "provenance__mass": null,
          "provenance__molecular_weight": "periodic table",
          "provenance__smiles": null,
          "provenance__state_of_matter": "dummy estimator based on mw"
        }
      ],
      "products": [
        {
          "identifier": "6e460706-5185-4e1c-af2c-a4adbdf667c3",
          "smiles": "CCOC(=O)CC(=O)N(C(N)=O)C(C)C",
          "state_of_matter": "SOLID",
          "molecular_weight": 216.2343399999998,
          "density": 1.4,
          "mass": 216.2343399999998,
          "is_produced_by": [
            "84edce8f-7fd7-48b5-9a04-014717070a5e"
          ],
          "is_consumed_by": [],
          "provenance__density": "dummy estimator based on mw",
          "provenance__is_consumed_by": null,
          "provenance__is_produced_by": null,
          "provenance__mass": null,
          "provenance__molecular_weight": "periodic table",
          "provenance__smiles": null,
          "provenance__state_of_matter": "dummy estimator based on mw"
        }
      ],
      "stoichiometry": {
        "4f1132cf-38da-42e4-98f2-8d8d8a763675": 1.0,
        "6e460706-5185-4e1c-af2c-a4adbdf667c3": -1.0
      },
      "temperature": 299.2253053843975,
      "intended_ratios": {
        "4f1132cf-38da-42e4-98f2-8d8d8a763675": 1.0,
        "cdfee2d2-6a54-438d-a0dd-8cc2adf52c34": 1.0
      },
      "expected_yields": {
        "6e460706-5185-4e1c-af2c-a4adbdf667c3": 1.0
      },
      "reaction_extent": 1.0
    },
    {
      "identifier": "90cf25b3-cf49-40d6-882f-143599ff0ef8",
      "reactants": [
        {
          "identifier": "91363161-c7b5-4ab2-a18d-77d8f6073b44",
          "smiles": "CCOC(=O)CC(=O)N(C(N)=O)C(C)C",
          "state_of_matter": "SOLID",
          "molecular_weight": 216.2343399999998,
          "density": 1.4,
          "mass": 216.2343399999998,
          "is_produced_by": [],
          "is_consumed_by": [
            "90cf25b3-cf49-40d6-882f-143599ff0ef8"
          ],
          "provenance__density": "dummy estimator based on mw",
          "provenance__is_consumed_by": null,
          "provenance__is_produced_by": null,
          "provenance__mass": null,
          "provenance__molecular_weight": "periodic table",
          "provenance__smiles": null,
          "provenance__state_of_matter": "dummy estimator based on mw"
        }
      ],
      "reagents": [
        {
          "identifier": "eb16e1fb-3788-4526-a986-e90a48174b63",
          "smiles": "CCO",
          "state_of_matter": "LIQUID",
          "molecular_weight": 46.06843999999999,
          "density": 1.0,
          "mass": 46.06843999999999,
          "is_produced_by": [],
          "is_consumed_by": [
            "90cf25b3-cf49-40d6-882f-143599ff0ef8"
          ],
          "provenance__density": "dummy estimator based on mw",
          "provenance__is_consumed_by": null,
          "provenance__is_produced_by": null,
          "provenance__mass": null,
          "provenance__molecular_weight": "periodic table",
          "provenance__smiles": null,
          "provenance__state_of_matter": "dummy estimator based on mw"
        },
        {
          "identifier": "fda64eab-5652-4282-bd36-cff3ab3e3a89",
          "smiles": "CCO[Na]",
          "state_of_matter": "SOLID",
          "molecular_weight": 68.05027000000003,
          "density": 1.4,
          "mass": 68.05027000000003,
          "is_produced_by": [],
          "is_consumed_by": [
            "90cf25b3-cf49-40d6-882f-143599ff0ef8"
          ],
          "provenance__density": "dummy estimator based on mw",
          "provenance__is_consumed_by": null,
          "provenance__is_produced_by": null,
          "provenance__mass": null,
          "provenance__molecular_weight": "periodic table",
          "provenance__smiles": null,
          "provenance__state_of_matter": "dummy estimator based on mw"
        }
      ],
      "products": [
        {
          "identifier": "6f087113-31bf-4126-9616-ec6a4ad9fa94",
          "smiles": "CC(C)N1C(=O)CC(=O)NC1=O",
          "state_of_matter": "LIQUID",
          "molecular_weight": 170.16589999999994,
          "density": 1.0,
          "mass": 170.16589999999994,
          "is_produced_by": [
            "90cf25b3-cf49-40d6-882f-143599ff0ef8"
          ],
          "is_consumed_by": [],
          "provenance__density": "dummy estimator based on mw",
          "provenance__is_consumed_by": null,
          "provenance__is_produced_by": null,
          "provenance__mass": null,
          "provenance__molecular_weight": "periodic table",
          "provenance__smiles": null,
          "provenance__state_of_matter": "dummy estimator based on mw"
        }
      ],
      "stoichiometry": {
        "91363161-c7b5-4ab2-a18d-77d8f6073b44": 1.0,
        "6f087113-31bf-4126-9616-ec6a4ad9fa94": -1.0
      },
      "temperature": 321.2602179586887,
      "intended_ratios": {
        "91363161-c7b5-4ab2-a18d-77d8f6073b44": 1.0,
        "eb16e1fb-3788-4526-a986-e90a48174b63": 1.0,
        "fda64eab-5652-4282-bd36-cff3ab3e3a89": 1.0
      },
      "expected_yields": {
        "6f087113-31bf-4126-9616-ec6a4ad9fa94": 1.0
      },
      "reaction_extent": 1.0
    },
    {
      "identifier": "4cbf3120-5210-43b7-a363-789ec81fb531",
      "reactants": [
        {
          "identifier": "aa00aa02-c99d-4712-816c-72dec5c6a2b2",
          "smiles": "Cc1ccc(S(=O)(=O)Cl)cc1",
          "state_of_matter": "LIQUID",
          "molecular_weight": 190.64727999999988,
          "density": 1.0,
          "mass": 190.64727999999988,
          "is_produced_by": [],
          "is_consumed_by": [
            "4cbf3120-5210-43b7-a363-789ec81fb531"
          ],
          "provenance__density": "dummy estimator based on mw",
          "provenance__is_consumed_by": null,
          "provenance__is_produced_by": null,
          "provenance__mass": null,
          "provenance__molecular_weight": "periodic table",
          "provenance__smiles": null,
          "provenance__state_of_matter": "dummy estimator based on mw"
        },
        {
          "identifier": "9a01507e-054d-4381-bbe5-91a2c5c8b917",
          "smiles": "Clc1cnc2[nH]cc(Cc3ccc(Cl)nc3)c2c1",
          "state_of_matter": "SOLID",
          "molecular_weight": 278.13666000000006,
          "density": 1.4,
          "mass": 278.13666000000006,
          "is_produced_by": [],
          "is_consumed_by": [
            "4cbf3120-5210-43b7-a363-789ec81fb531"
          ],
          "provenance__density": "dummy estimator based on mw",
          "provenance__is_consumed_by": null,
          "provenance__is_produced_by": null,
          "provenance__mass": null,
          "provenance__molecular_weight": "periodic table",
          "provenance__smiles": null,
          "provenance__state_of_matter": "dummy estimator based on mw"
        }
      ],
      "reagents": [
        {
          "identifier": "b8aada9b-00e2-4c8a-86d0-2d5277fa1ac8",
          "smiles": "CN(C)C=O",
          "state_of_matter": "LIQUID",
          "molecular_weight": 73.09378000000004,
          "density": 1.0,
          "mass": 73.09378000000004,
          "is_produced_by": [],
          "is_consumed_by": [
            "4cbf3120-5210-43b7-a363-789ec81fb531"
          ],
          "provenance__density": "dummy estimator based on mw",
          "provenance__is_consumed_by": null,
          "provenance__is_produced_by": null,
          "provenance__mass": null,
          "provenance__molecular_weight": "periodic table",
          "provenance__smiles": null,
          "provenance__state_of_matter": "dummy estimator based on mw"
        },
        {
          "identifier": "45c14a22-6635-4415-9b5e-c01e0629c603",
          "smiles": "O",
          "state_of_matter": "LIQUID",
          "molecular_weight": 18.01528,
          "density": 1.0,
          "mass": 18.01528,
          "is_produced_by": [],
          "is_consumed_by": [
            "4cbf3120-5210-43b7-a363-789ec81fb531"
          ],
          "provenance__density": "dummy estimator based on mw",
          "provenance__is_consumed_by": null,
          "provenance__is_produced_by": null,
          "provenance__mass": null,
          "provenance__molecular_weight": "periodic table",
          "provenance__smiles": null,
          "provenance__state_of_matter": "dummy estimator based on mw"
        },
        {
          "identifier": "dafee348-f62f-4937-b94e-744a2f26fe0f",
          "smiles": "[NaH]",
          "state_of_matter": "SOLID",
          "molecular_weight": 23.99771,
          "density": 1.4,
          "mass": 23.99771,
          "is_produced_by": [],
          "is_consumed_by": [
            "4cbf3120-5210-43b7-a363-789ec81fb531"
          ],
          "provenance__density": "dummy estimator based on mw",
          "provenance__is_consumed_by": null,
          "provenance__is_produced_by": null,
          "provenance__mass": null,
          "provenance__molecular_weight": "periodic table",
          "provenance__smiles": null,
          "provenance__state_of_matter": "dummy estimator based on mw"
        }
      ],
      "products": [
        {
          "identifier": "f13ad198-9aec-419b-8dd2-162217b7993a",
          "smiles": "Cc1ccc(S(=O)(=O)n2cc(Cc3ccc(Cl)nc3)c3cc(Cl)cnc32)cc1",
          "state_of_matter": "SOLID",
          "molecular_weight": 433.33094000000017,
          "density": 1.4,
          "mass": 433.33094000000017,
          "is_produced_by": [
            "4cbf3120-5210-43b7-a363-789ec81fb531"
          ],
          "is_consumed_by": [],
          "provenance__density": "dummy estimator based on mw",
          "provenance__is_consumed_by": null,
          "provenance__is_produced_by": null,
          "provenance__mass": null,
          "provenance__molecular_weight": "periodic table",
          "provenance__smiles": null,
          "provenance__state_of_matter": "dummy estimator based on mw"
        }
      ],
      "stoichiometry": {
        "aa00aa02-c99d-4712-816c-72dec5c6a2b2": 1.0,
        "9a01507e-054d-4381-bbe5-91a2c5c8b917": 1.0,
        "f13ad198-9aec-419b-8dd2-162217b7993a": -1.0
      },
      "temperature": 294.0366781532764,
      "intended_ratios": {
        "aa00aa02-c99d-4712-816c-72dec5c6a2b2": 1.0,
        "9a01507e-054d-4381-bbe5-91a2c5c8b917": 1.0,
        "b8aada9b-00e2-4c8a-86d0-2d5277fa1ac8": 1.0,
        "45c14a22-6635-4415-9b5e-c01e0629c603": 1.0,
        "dafee348-f62f-4937-b94e-744a2f26fe0f": 1.0
      },
      "expected_yields": {
        "f13ad198-9aec-419b-8dd2-162217b7993a": 1.0
      },
      "reaction_extent": 1.0
    },
    {
      "identifier": "59f3139e-7186-4530-89cd-0509aadab255",
      "reactants": [
        {
          "identifier": "e3e175a7-46c2-4195-b0ea-ecc65d91db0b",
          "smiles": "Cc1ccc(S(=O)(=O)n2cc(Cc3ccc(Cl)nc3)c3cc(Cl)cnc32)cc1",
          "state_of_matter": "SOLID",
          "molecular_weight": 433.33094000000017,
          "density": 1.4,
          "mass": 433.33094000000017,
          "is_produced_by": [],
          "is_consumed_by": [
            "59f3139e-7186-4530-89cd-0509aadab255"
          ],
          "provenance__density": "dummy estimator based on mw",
          "provenance__is_consumed_by": null,
          "provenance__is_produced_by": null,
          "provenance__mass": null,
          "provenance__molecular_weight": "periodic table",
          "provenance__smiles": null,
          "provenance__state_of_matter": "dummy estimator based on mw"
        }
      ],
      "reagents": [
        {
          "identifier": "8cefdbb3-7e76-43ed-a9ab-b4db46251651",
          "smiles": "O=C(O)C(F)(F)F",
          "state_of_matter": "LIQUID",
          "molecular_weight": 114.0233496,
          "density": 1.0,
          "mass": 114.0233496,
          "is_produced_by": [],
          "is_consumed_by": [
            "59f3139e-7186-4530-89cd-0509aadab255"
          ],
          "provenance__density": "dummy estimator based on mw",
          "provenance__is_consumed_by": null,
          "provenance__is_produced_by": null,
          "provenance__mass": null,
          "provenance__molecular_weight": "periodic table",
          "provenance__smiles": null,
          "provenance__state_of_matter": "dummy estimator based on mw"
        }
      ],
      "products": [
        {
          "identifier": "afb9f5dc-cc4a-4307-ba26-e7a6279246a3",
          "smiles": "Cc1ccc(S(=O)(=O)n2cc(Cc3ccc(N)nc3)c3cc(Cl)cnc32)cc1",
          "state_of_matter": "SOLID",
          "molecular_weight": 413.90052000000014,
          "density": 1.4,
          "mass": 413.90052000000014,
          "is_produced_by": [
            "59f3139e-7186-4530-89cd-0509aadab255"
          ],
          "is_consumed_by": [],
          "provenance__density": "dummy estimator based on mw",
          "provenance__is_consumed_by": null,
          "provenance__is_produced_by": null,
          "provenance__mass": null,
          "provenance__molecular_weight": "periodic table",
          "provenance__smiles": null,
          "provenance__state_of_matter": "dummy estimator based on mw"
        }
      ],
      "stoichiometry": {
        "e3e175a7-46c2-4195-b0ea-ecc65d91db0b": 1.0,
        "afb9f5dc-cc4a-4307-ba26-e7a6279246a3": -1.0
      },
      "temperature": 354.8695926904678,
      "intended_ratios": {
        "e3e175a7-46c2-4195-b0ea-ecc65d91db0b": 1.0,
        "8cefdbb3-7e76-43ed-a9ab-b4db46251651": 1.0
      },
      "expected_yields": {
        "afb9f5dc-cc4a-4307-ba26-e7a6279246a3": 1.0
      },
      "reaction_extent": 1.0
    },
    {
      "identifier": "cd3fe155-3152-4550-a7d9-f59286252e18",
      "reactants": [
        {
          "identifier": "7a211bfb-d1af-40a7-85e8-1f319285003f",
          "smiles": "Cc1ccc(S(=O)(=O)n2cc(Cc3ccc(N)nc3)c3cc(Cl)cnc32)cc1",
          "state_of_matter": "SOLID",
          "molecular_weight": 413.90052000000014,
          "density": 1.4,
          "mass": 413.90052000000014,
          "is_produced_by": [],
          "is_consumed_by": [
            "cd3fe155-3152-4550-a7d9-f59286252e18"
          ],
          "provenance__density": "dummy estimator based on mw",
          "provenance__is_consumed_by": null,
          "provenance__is_produced_by": null,
          "provenance__mass": null,
          "provenance__molecular_weight": "periodic table",
          "provenance__smiles": null,
          "provenance__state_of_matter": "dummy estimator based on mw"
        },
        {
          "identifier": "ec7e99e6-7651-4215-a616-da1cbb3d48d9",
          "smiles": "O=C(O)c1ccc(C(F)(F)F)nc1",
          "state_of_matter": "LIQUID",
          "molecular_weight": 191.10736959999997,
          "density": 1.0,
          "mass": 191.10736959999997,
          "is_produced_by": [],
          "is_consumed_by": [
            "cd3fe155-3152-4550-a7d9-f59286252e18"
          ],
          "provenance__density": "dummy estimator based on mw",
          "provenance__is_consumed_by": null,
          "provenance__is_produced_by": null,
          "provenance__mass": null,
          "provenance__molecular_weight": "periodic table",
          "provenance__smiles": null,
          "provenance__state_of_matter": "dummy estimator based on mw"
        }
      ],
      "reagents": [
        {
          "identifier": "66621b80-b808-47b5-8b89-c78d721107c7",
          "smiles": "c1ccncc1",
          "state_of_matter": "LIQUID",
          "molecular_weight": 79.09990000000003,
          "density": 1.0,
          "mass": 79.09990000000003,
          "is_produced_by": [],
          "is_consumed_by": [
            "cd3fe155-3152-4550-a7d9-f59286252e18"
          ],
          "provenance__density": "dummy estimator based on mw",
          "provenance__is_consumed_by": null,
          "provenance__is_produced_by": null,
          "provenance__mass": null,
          "provenance__molecular_weight": "periodic table",
          "provenance__smiles": null,
          "provenance__state_of_matter": "dummy estimator based on mw"
        },
        {
          "identifier": "70126b61-5083-4fab-a3d8-61d705d04589",
          "smiles": "O=S(Cl)Cl",
          "state_of_matter": "LIQUID",
          "molecular_weight": 118.97040000000001,
          "density": 1.0,
          "mass": 118.97040000000001,
          "is_produced_by": [],
          "is_consumed_by": [
            "cd3fe155-3152-4550-a7d9-f59286252e18"
          ],
          "provenance__density": "dummy estimator based on mw",
          "provenance__is_consumed_by": null,
          "provenance__is_produced_by": null,
          "provenance__mass": null,
          "provenance__molecular_weight": "periodic table",
          "provenance__smiles": null,
          "provenance__state_of_matter": "dummy estimator based on mw"
        }
      ],
      "products": [
        {
          "identifier": "028a9a87-d6c5-40a5-a413-d66ace31aaf7",
          "smiles": "Cc1ccc(S(=O)(=O)n2cc(Cc3ccc(NC(=O)c4ccc(C(F)(F)F)nc4)nc3)c3cc(Cl)cnc32)cc1",
          "state_of_matter": "SOLID",
          "molecular_weight": 586.9926095999992,
          "density": 1.4,
          "mass": 586.9926095999992,
          "is_produced_by": [
            "cd3fe155-3152-4550-a7d9-f59286252e18"
          ],
          "is_consumed_by": [],
          "provenance__density": "dummy estimator based on mw",
          "provenance__is_consumed_by": null,
          "provenance__is_produced_by": null,
          "provenance__mass": null,
          "provenance__molecular_weight": "periodic table",
          "provenance__smiles": null,
          "provenance__state_of_matter": "dummy estimator based on mw"
        }
      ],
      "stoichiometry": {
        "7a211bfb-d1af-40a7-85e8-1f319285003f": 1.0,
        "ec7e99e6-7651-4215-a616-da1cbb3d48d9": 1.0,
        "028a9a87-d6c5-40a5-a413-d66ace31aaf7": -1.0
      },
      "temperature": 328.6723099887371,
      "intended_ratios": {
        "7a211bfb-d1af-40a7-85e8-1f319285003f": 1.0,
        "ec7e99e6-7651-4215-a616-da1cbb3d48d9": 1.0,
        "66621b80-b808-47b5-8b89-c78d721107c7": 1.0,
        "70126b61-5083-4fab-a3d8-61d705d04589": 1.0
      },
      "expected_yields": {
        "028a9a87-d6c5-40a5-a413-d66ace31aaf7": 1.0
      },
      "reaction_extent": 1.0
    },
    {
      "identifier": "3baa5a25-486c-4b1d-968e-c61e349d85fe",
      "reactants": [
        {
          "identifier": "2754ad08-377b-4fa3-96f8-0dfbe3cfa05f",
          "smiles": "Cc1ccc(S(=O)(=O)n2cc(Cc3ccc(NC(=O)c4ccc(C(F)(F)F)nc4)nc3)c3cc(Cl)cnc32)cc1",
          "state_of_matter": "SOLID",
          "molecular_weight": 586.9926095999992,
          "density": 1.4,
          "mass": 586.9926095999992,
          "is_produced_by": [],
          "is_consumed_by": [
            "3baa5a25-486c-4b1d-968e-c61e349d85fe"
          ],
          "provenance__density": "dummy estimator based on mw",
          "provenance__is_consumed_by": null,
          "provenance__is_produced_by": null,
          "provenance__mass": null,
          "provenance__molecular_weight": "periodic table",
          "provenance__smiles": null,
          "provenance__state_of_matter": "dummy estimator based on mw"
        }
      ],
      "reagents": [
        {
          "identifier": "f821d517-0e43-4b5a-ba40-61e3832f0233",
          "smiles": "O",
          "state_of_matter": "LIQUID",
          "molecular_weight": 18.01528,
          "density": 1.0,
          "mass": 18.01528,
          "is_produced_by": [],
          "is_consumed_by": [
            "3baa5a25-486c-4b1d-968e-c61e349d85fe"
          ],
          "provenance__density": "dummy estimator based on mw",
          "provenance__is_consumed_by": null,
          "provenance__is_produced_by": null,
          "provenance__mass": null,
          "provenance__molecular_weight": "periodic table",
          "provenance__smiles": null,
          "provenance__state_of_matter": "dummy estimator based on mw"
        },
        {
          "identifier": "2b84e273-1c4d-4733-8fe2-ed85fbbd6063",
          "smiles": "C1CCOC1",
          "state_of_matter": "LIQUID",
          "molecular_weight": 72.10572000000005,
          "density": 1.0,
          "mass": 72.10572000000005,
          "is_produced_by": [],
          "is_consumed_by": [
            "3baa5a25-486c-4b1d-968e-c61e349d85fe"
          ],
          "provenance__density": "dummy estimator based on mw",
          "provenance__is_consumed_by": null,
          "provenance__is_produced_by": null,
          "provenance__mass": null,
          "provenance__molecular_weight": "periodic table",
          "provenance__smiles": null,
          "provenance__state_of_matter": "dummy estimator based on mw"
        },
        {
          "identifier": "8a123cb0-b337-4995-b54e-0681d5d7366f",
          "smiles": "CCCC[N+](CCCC)(CCCC)CCCC.[F-]",
          "state_of_matter": "SOLID",
          "molecular_weight": 261.46214319999973,
          "density": 1.4,
          "mass": 261.46214319999973,
          "is_produced_by": [],
          "is_consumed_by": [
            "3baa5a25-486c-4b1d-968e-c61e349d85fe"
          ],
          "provenance__density": "dummy estimator based on mw",
          "provenance__is_consumed_by": null,
          "provenance__is_produced_by": null,
          "provenance__mass": null,
          "provenance__molecular_weight": "periodic table",
          "provenance__smiles": null,
          "provenance__state_of_matter": "dummy estimator based on mw"
        }
      ],
      "products": [
        {
          "identifier": "958bda67-df5d-47cb-9781-98cea9389114",
          "smiles": "O=C(Nc1ccc(Cc2c[nH]c3ncc(Cl)cc23)cn1)c1ccc(C(F)(F)F)nc1",
          "state_of_matter": "SOLID",
          "molecular_weight": 431.79832960000016,
          "density": 1.4,
          "mass": 431.79832960000016,
          "is_produced_by": [
            "3baa5a25-486c-4b1d-968e-c61e349d85fe"
          ],
          "is_consumed_by": [],
          "provenance__density": "dummy estimator based on mw",
          "provenance__is_consumed_by": null,
          "provenance__is_produced_by": null,
          "provenance__mass": null,
          "provenance__molecular_weight": "periodic table",
          "provenance__smiles": null,
          "provenance__state_of_matter": "dummy estimator based on mw"
        }
      ],
      "stoichiometry": {
        "2754ad08-377b-4fa3-96f8-0dfbe3cfa05f": 1.0,
        "958bda67-df5d-47cb-9781-98cea9389114": -1.0
      },
      "temperature": 316.97248406410216,
      "intended_ratios": {
        "2754ad08-377b-4fa3-96f8-0dfbe3cfa05f": 1.0,
        "f821d517-0e43-4b5a-ba40-61e3832f0233": 1.0,
        "2b84e273-1c4d-4733-8fe2-ed85fbbd6063": 1.0,
        "8a123cb0-b337-4995-b54e-0681d5d7366f": 1.0
      },
      "expected_yields": {
        "958bda67-df5d-47cb-9781-98cea9389114": 1.0
      },
      "reaction_extent": 1.0
    },
    {
      "identifier": "42d95f86-36ca-4558-b36d-0e9ca26330f1",
      "reactants": [
        {
          "identifier": "ec97a2b7-bc73-4b74-a5c3-c66cb691ba6c",
          "smiles": "Clc1cnc2[nH]ccc2c1",
          "state_of_matter": "LIQUID",
          "molecular_weight": 152.58099999999993,
          "density": 1.0,
          "mass": 152.58099999999993,
          "is_produced_by": [],
          "is_consumed_by": [
            "42d95f86-36ca-4558-b36d-0e9ca26330f1"
          ],
          "provenance__density": "dummy estimator based on mw",
          "provenance__is_consumed_by": null,
          "provenance__is_produced_by": null,
          "provenance__mass": null,
          "provenance__molecular_weight": "periodic table",
          "provenance__smiles": null,
          "provenance__state_of_matter": "dummy estimator based on mw"
        },
        {
          "identifier": "b7ac2407-acf5-48ab-b7d3-1bde3dab23ff",
          "smiles": "O=Cc1ccc(Cl)nc1",
          "state_of_matter": "LIQUID",
          "molecular_weight": 141.55505999999997,
          "density": 1.0,
          "mass": 141.55505999999997,
          "is_produced_by": [],
          "is_consumed_by": [
            "42d95f86-36ca-4558-b36d-0e9ca26330f1"
          ],
          "provenance__density": "dummy estimator based on mw",
          "provenance__is_consumed_by": null,
          "provenance__is_produced_by": null,
          "provenance__mass": null,
          "provenance__molecular_weight": "periodic table",
          "provenance__smiles": null,
          "provenance__state_of_matter": "dummy estimator based on mw"
        }
      ],
      "reagents": [
        {
          "identifier": "35b3b600-eb4b-4c0b-ac6c-b50560bf16db",
          "smiles": "CO",
          "state_of_matter": "LIQUID",
          "molecular_weight": 32.04186000000001,
          "density": 1.0,
          "mass": 32.04186000000001,
          "is_produced_by": [],
          "is_consumed_by": [
            "42d95f86-36ca-4558-b36d-0e9ca26330f1"
          ],
          "provenance__density": "dummy estimator based on mw",
          "provenance__is_consumed_by": null,
          "provenance__is_produced_by": null,
          "provenance__mass": null,
          "provenance__molecular_weight": "periodic table",
          "provenance__smiles": null,
          "provenance__state_of_matter": "dummy estimator based on mw"
        },
        {
          "identifier": "75362597-fb36-4188-8203-1bfc882ea271",
          "smiles": "O",
          "state_of_matter": "LIQUID",
          "molecular_weight": 18.01528,
          "density": 1.0,
          "mass": 18.01528,
          "is_produced_by": [],
          "is_consumed_by": [
            "42d95f86-36ca-4558-b36d-0e9ca26330f1"
          ],
          "provenance__density": "dummy estimator based on mw",
          "provenance__is_consumed_by": null,
          "provenance__is_produced_by": null,
          "provenance__mass": null,
          "provenance__molecular_weight": "periodic table",
          "provenance__smiles": null,
          "provenance__state_of_matter": "dummy estimator based on mw"
        },
        {
          "identifier": "09cf2344-9c40-42e5-9c2a-e6cbb3d7fde3",
          "smiles": "O[K]",
          "state_of_matter": "SOLID",
          "molecular_weight": 56.10564,
          "density": 1.4,
          "mass": 56.10564,
          "is_produced_by": [],
          "is_consumed_by": [
            "42d95f86-36ca-4558-b36d-0e9ca26330f1"
          ],
          "provenance__density": "dummy estimator based on mw",
          "provenance__is_consumed_by": null,
          "provenance__is_produced_by": null,
          "provenance__mass": null,
          "provenance__molecular_weight": "periodic table",
          "provenance__smiles": null,
          "provenance__state_of_matter": "dummy estimator based on mw"
        }
      ],
      "products": [
        {
          "identifier": "38c63513-a6d1-4655-bc36-5f04c09b34a9",
          "smiles": "OC(c1ccc(Cl)nc1)c1c[nH]c2ncc(Cl)cc12",
          "state_of_matter": "SOLID",
          "molecular_weight": 294.1360600000001,
          "density": 1.4,
          "mass": 294.1360600000001,
          "is_produced_by": [
            "42d95f86-36ca-4558-b36d-0e9ca26330f1"
          ],
          "is_consumed_by": [],
          "provenance__density": "dummy estimator based on mw",
          "provenance__is_consumed_by": null,
          "provenance__is_produced_by": null,
          "provenance__mass": null,
          "provenance__molecular_weight": "periodic table",
          "provenance__smiles": null,
          "provenance__state_of_matter": "dummy estimator based on mw"
        }
      ],
      "stoichiometry": {
        "ec97a2b7-bc73-4b74-a5c3-c66cb691ba6c": 1.0,
        "b7ac2407-acf5-48ab-b7d3-1bde3dab23ff": 1.0,
        "38c63513-a6d1-4655-bc36-5f04c09b34a9": -1.0
      },
      "temperature": 281.2925557672977,
      "intended_ratios": {
        "ec97a2b7-bc73-4b74-a5c3-c66cb691ba6c": 1.0,
        "b7ac2407-acf5-48ab-b7d3-1bde3dab23ff": 1.0,
        "35b3b600-eb4b-4c0b-ac6c-b50560bf16db": 1.0,
        "75362597-fb36-4188-8203-1bfc882ea271": 1.0,
        "09cf2344-9c40-42e5-9c2a-e6cbb3d7fde3": 1.0
      },
      "expected_yields": {
        "38c63513-a6d1-4655-bc36-5f04c09b34a9": 1.0
      },
      "reaction_extent": 1.0
    },
    {
      "identifier": "2ad97ffb-2c74-4e55-b727-06ea0ef91f92",
      "reactants": [
        {
          "identifier": "214b311e-6126-4aa5-b848-b760be722b8f",
          "smiles": "O=C(Nc1ccc(Cc2c[nH]c3ncc(Cl)cc23)cn1)c1ccc(C(F)(F)F)nc1",
          "state_of_matter": "SOLID",
          "molecular_weight": 431.79832960000016,
          "density": 1.4,
          "mass": 431.79832960000016,
          "is_produced_by": [],
          "is_consumed_by": [
            "2ad97ffb-2c74-4e55-b727-06ea0ef91f92"
          ],
          "provenance__density": "dummy estimator based on mw",
          "provenance__is_consumed_by": null,
          "provenance__is_produced_by": null,
          "provenance__mass": null,
          "provenance__molecular_weight": "periodic table",
          "provenance__smiles": null,
          "provenance__state_of_matter": "dummy estimator based on mw"
        }
      ],
      "reagents": [
        {
          "identifier": "e4833207-b5dc-489b-8cf5-033d144a6ae7",
          "smiles": "CC#N",
          "state_of_matter": "LIQUID",
          "molecular_weight": 41.051919999999996,
          "density": 1.0,
          "mass": 41.051919999999996,
          "is_produced_by": [],
          "is_consumed_by": [
            "2ad97ffb-2c74-4e55-b727-06ea0ef91f92"
          ],
          "provenance__density": "dummy estimator based on mw",
          "provenance__is_consumed_by": null,
          "provenance__is_produced_by": null,
          "provenance__mass": null,
          "provenance__molecular_weight": "periodic table",
          "provenance__smiles": null,
          "provenance__state_of_matter": "dummy estimator based on mw"
        },
        {
          "identifier": "345f653e-96a5-4371-9766-71dd0b42b090",
          "smiles": "O=C(O)C(F)(F)F",
          "state_of_matter": "LIQUID",
          "molecular_weight": 114.0233496,
          "density": 1.0,
          "mass": 114.0233496,
          "is_produced_by": [],
          "is_consumed_by": [
            "2ad97ffb-2c74-4e55-b727-06ea0ef91f92"
          ],
          "provenance__density": "dummy estimator based on mw",
          "provenance__is_consumed_by": null,
          "provenance__is_produced_by": null,
          "provenance__mass": null,
          "provenance__molecular_weight": "periodic table",
          "provenance__smiles": null,
          "provenance__state_of_matter": "dummy estimator based on mw"
        },
        {
          "identifier": "b3b1b939-4e11-4449-a469-dff99f5004b9",
          "smiles": "CC[SiH](CC)CC",
          "state_of_matter": "LIQUID",
          "molecular_weight": 116.27674000000007,
          "density": 1.0,
          "mass": 116.27674000000007,
          "is_produced_by": [],
          "is_consumed_by": [
            "2ad97ffb-2c74-4e55-b727-06ea0ef91f92"
          ],
          "provenance__density": "dummy estimator based on mw",
          "provenance__is_consumed_by": null,
          "provenance__is_produced_by": null,
          "provenance__mass": null,
          "provenance__molecular_weight": "periodic table",
          "provenance__smiles": null,
          "provenance__state_of_matter": "dummy estimator based on mw"
        }
      ],
      "products": [
        {
          "identifier": "334be272-1c2a-46da-aae8-b943debeb875",
          "smiles": "FC(F)(F)c1ccc(CNc2ccc(Cc3c[nH]c4ncc(Cl)cc34)cn2)cn1",
          "state_of_matter": "SOLID",
          "molecular_weight": 417.81480960000016,
          "density": 1.4,
          "mass": 417.81480960000016,
          "is_produced_by": [
            "2ad97ffb-2c74-4e55-b727-06ea0ef91f92"
          ],
          "is_consumed_by": [],
          "provenance__density": "dummy estimator based on mw",
          "provenance__is_consumed_by": null,
          "provenance__is_produced_by": null,
          "provenance__mass": null,
          "provenance__molecular_weight": "periodic table",
          "provenance__smiles": null,
          "provenance__state_of_matter": "dummy estimator based on mw"
        }
      ],
      "stoichiometry": {
        "214b311e-6126-4aa5-b848-b760be722b8f": 1.0,
        "334be272-1c2a-46da-aae8-b943debeb875": -1.0
      },
      "temperature": 327.5941164672374,
      "intended_ratios": {
        "214b311e-6126-4aa5-b848-b760be722b8f": 1.0,
        "e4833207-b5dc-489b-8cf5-033d144a6ae7": 1.0,
        "345f653e-96a5-4371-9766-71dd0b42b090": 1.0,
        "b3b1b939-4e11-4449-a469-dff99f5004b9": 1.0
      },
      "expected_yields": {
        "334be272-1c2a-46da-aae8-b943debeb875": 1.0
      },
      "reaction_extent": 1.0
    },
    {
      "identifier": "7d10e525-9e3e-44dc-8c0d-890eba94611b",
      "reactants": [
        {
          "identifier": "6b5cfdbf-f015-469f-b6b9-7fd60fc6b7a0",
          "smiles": "OC(c1ccc(Cl)nc1)c1c[nH]c2ncc(Cl)cc12",
          "state_of_matter": "SOLID",
          "molecular_weight": 294.1360600000001,
          "density": 1.4,
          "mass": 294.1360600000001,
          "is_produced_by": [],
          "is_consumed_by": [
            "7d10e525-9e3e-44dc-8c0d-890eba94611b"
          ],
          "provenance__density": "dummy estimator based on mw",
          "provenance__is_consumed_by": null,
          "provenance__is_produced_by": null,
          "provenance__mass": null,
          "provenance__molecular_weight": "periodic table",
          "provenance__smiles": null,
          "provenance__state_of_matter": "dummy estimator based on mw"
        }
      ],
      "reagents": [
        {
          "identifier": "f62f78d1-dfc1-4e8e-b00e-b203c087164f",
          "smiles": "CC#N",
          "state_of_matter": "LIQUID",
          "molecular_weight": 41.051919999999996,
          "density": 1.0,
          "mass": 41.051919999999996,
          "is_produced_by": [],
          "is_consumed_by": [
            "7d10e525-9e3e-44dc-8c0d-890eba94611b"
          ],
          "provenance__density": "dummy estimator based on mw",
          "provenance__is_consumed_by": null,
          "provenance__is_produced_by": null,
          "provenance__mass": null,
          "provenance__molecular_weight": "periodic table",
          "provenance__smiles": null,
          "provenance__state_of_matter": "dummy estimator based on mw"
        },
        {
          "identifier": "4752c4fd-d752-4713-b874-73f7c4385a02",
          "smiles": "O=C(O)C(F)(F)F",
          "state_of_matter": "LIQUID",
          "molecular_weight": 114.0233496,
          "density": 1.0,
          "mass": 114.0233496,
          "is_produced_by": [],
          "is_consumed_by": [
            "7d10e525-9e3e-44dc-8c0d-890eba94611b"
          ],
          "provenance__density": "dummy estimator based on mw",
          "provenance__is_consumed_by": null,
          "provenance__is_produced_by": null,
          "provenance__mass": null,
          "provenance__molecular_weight": "periodic table",
          "provenance__smiles": null,
          "provenance__state_of_matter": "dummy estimator based on mw"
        },
        {
          "identifier": "24eeba60-1100-4bef-90de-a68f6b4aebc7",
          "smiles": "CC[SiH](CC)CC",
          "state_of_matter": "LIQUID",
          "molecular_weight": 116.27674000000007,
          "density": 1.0,
          "mass": 116.27674000000007,
          "is_produced_by": [],
          "is_consumed_by": [
            "7d10e525-9e3e-44dc-8c0d-890eba94611b"
          ],
          "provenance__density": "dummy estimator based on mw",
          "provenance__is_consumed_by": null,
          "provenance__is_produced_by": null,
          "provenance__mass": null,
          "provenance__molecular_weight": "periodic table",
          "provenance__smiles": null,
          "provenance__state_of_matter": "dummy estimator based on mw"
        }
      ],
      "products": [
        {
          "identifier": "12e91c83-c44c-4198-9606-5d8bbe19a057",
          "smiles": "Clc1cnc2[nH]cc(Cc3ccc(Cl)nc3)c2c1",
          "state_of_matter": "SOLID",
          "molecular_weight": 278.13666000000006,
          "density": 1.4,
          "mass": 278.13666000000006,
          "is_produced_by": [
            "7d10e525-9e3e-44dc-8c0d-890eba94611b"
          ],
          "is_consumed_by": [],
          "provenance__density": "dummy estimator based on mw",
          "provenance__is_consumed_by": null,
          "provenance__is_produced_by": null,
          "provenance__mass": null,
          "provenance__molecular_weight": "periodic table",
          "provenance__smiles": null,
          "provenance__state_of_matter": "dummy estimator based on mw"
        }
      ],
      "stoichiometry": {
        "6b5cfdbf-f015-469f-b6b9-7fd60fc6b7a0": 1.0,
        "12e91c83-c44c-4198-9606-5d8bbe19a057": -1.0
      },
      "temperature": 307.97120277285575,
      "intended_ratios": {
        "6b5cfdbf-f015-469f-b6b9-7fd60fc6b7a0": 1.0,
        "f62f78d1-dfc1-4e8e-b00e-b203c087164f": 1.0,
        "4752c4fd-d752-4713-b874-73f7c4385a02": 1.0,
        "24eeba60-1100-4bef-90de-a68f6b4aebc7": 1.0
      },
      "expected_yields": {
        "12e91c83-c44c-4198-9606-5d8bbe19a057": 1.0
      },
      "reaction_extent": 1.0
    }
  ],
  "molecular_nodes": [
    "C1CCOC1",
    "C=Cc1ccccc1",
    "CC#N",
    "CC(=O)[O-].CC(=O)[O-].[Pd+2]",
    "CC(C)N",
    "CC(C)N1C(=O)CC(=O)NC1=O",
    "CC(C)NC(=O)Cl",
    "CC(C)O",
    "CC(C)c1c(O)cc(Br)cc1O",
    "CC(C)c1c(O)cc(C=Cc2ccccc2)cc1O",
    "CC(C)n1c(=O)cc(Cl)[nH]c1=O",
    "CC(N)c1ccccc1",
    "CC(Nc1cc(=O)n(C(C)C)c(=O)[nH]1)c1ccccc1",
    "CCCC[N+](CCCC)(CCCC)CCCC.[F-]",
    "CCN(CC)CC",
    "CCO",
    "CCOC(=O)CC(=O)Cl",
    "CCOC(=O)CC(=O)N(C(=O)Cl)C(C)C",
    "CCOC(=O)CC(=O)N(C(N)=O)C(C)C",
    "CCO[Na]",
    "CC[SiH](CC)CC",
    "CI",
    "CN(C)C=O",
    "CO",
    "Cc1ccc(S(=O)(=O)Cl)cc1",
    "Cc1ccc(S(=O)(=O)n2cc(Cc3ccc(Cl)nc3)c3cc(Cl)cnc32)cc1",
    "Cc1ccc(S(=O)(=O)n2cc(Cc3ccc(N)nc3)c3cc(Cl)cnc32)cc1",
    "Cc1ccc(S(=O)(=O)n2cc(Cc3ccc(NC(=O)c4ccc(C(F)(F)F)nc4)nc3)c3cc(Cl)cnc32)cc1",
    "ClCCl",
    "Clc1cnc2[nH]cc(Cc3ccc(Cl)nc3)c2c1",
    "Clc1cnc2[nH]ccc2c1",
    "FC(F)(F)c1ccc(CNc2ccc(Cc3c[nH]c4ncc(Cl)cc34)cn2)cn1",
    "O",
    "O=C(Nc1ccc(Cc2c[nH]c3ncc(Cl)cc23)cn1)c1ccc(C(F)(F)F)nc1",
    "O=C(O)C(F)(F)F",
    "O=C(O)c1ccc(C(F)(F)F)nc1",
    "O=C(OC(Cl)(Cl)Cl)OC(Cl)(Cl)Cl",
    "O=C(O[K])O[K]",
    "O=Cc1ccc(Cl)nc1",
    "O=S(=O)(O)O",
    "O=S(Cl)Cl",
    "OC(c1ccc(Cl)nc1)c1c[nH]c2ncc(Cl)cc12",
    "O[K]",
    "Oc1cc(O)cc(Br)c1",
    "[NaH]",
    "c1ccc(P(c2ccccc2)c2ccccc2)cc1",
    "c1ccncc1"
  ],
  "edges": [
    [
      "0f326003-426a-4226-8ae9-c6153934e3cf",
      "CC(C)c1c(O)cc(Br)cc1O"
    ],
    [
      "2ad97ffb-2c74-4e55-b727-06ea0ef91f92",
      "FC(F)(F)c1ccc(CNc2ccc(Cc3c[nH]c4ncc(Cl)cc34)cn2)cn1"
    ],
    [
      "3baa5a25-486c-4b1d-968e-c61e349d85fe",
      "O=C(Nc1ccc(Cc2c[nH]c3ncc(Cl)cc23)cn1)c1ccc(C(F)(F)F)nc1"
    ],
    [
      "42d95f86-36ca-4558-b36d-0e9ca26330f1",
      "OC(c1ccc(Cl)nc1)c1c[nH]c2ncc(Cl)cc12"
    ],
    [
      "4cbf3120-5210-43b7-a363-789ec81fb531",
      "Cc1ccc(S(=O)(=O)n2cc(Cc3ccc(Cl)nc3)c3cc(Cl)cnc32)cc1"
    ],
    [
      "59f3139e-7186-4530-89cd-0509aadab255",
      "Cc1ccc(S(=O)(=O)n2cc(Cc3ccc(N)nc3)c3cc(Cl)cnc32)cc1"
    ],
    [
      "7d10e525-9e3e-44dc-8c0d-890eba94611b",
      "Clc1cnc2[nH]cc(Cc3ccc(Cl)nc3)c2c1"
    ],
    [
      "7d9c77b4-97dc-4b43-a8dc-a0900c1c8545",
      "CC(C)NC(=O)Cl"
    ],
    [
      "84edce8f-7fd7-48b5-9a04-014717070a5e",
      "CCOC(=O)CC(=O)N(C(N)=O)C(C)C"
    ],
    [
      "90cf25b3-cf49-40d6-882f-143599ff0ef8",
      "CC(C)N1C(=O)CC(=O)NC1=O"
    ],
    [
      "C1CCOC1",
      "3baa5a25-486c-4b1d-968e-c61e349d85fe"
    ],
    [
      "C=Cc1ccccc1",
      "f189536e-da96-49eb-a788-2a0b0be885a9"
    ],
    [
      "CC#N",
      "2ad97ffb-2c74-4e55-b727-06ea0ef91f92"
    ],
    [
      "CC#N",
      "7d10e525-9e3e-44dc-8c0d-890eba94611b"
    ],
    [
      "CC#N",
      "cc9ac41f-fe19-4f10-80f5-6224c0445425"
    ],
    [
      "CC(=O)[O-].CC(=O)[O-].[Pd+2]",
      "f189536e-da96-49eb-a788-2a0b0be885a9"
    ],
    [
      "CC(C)N",
      "7d9c77b4-97dc-4b43-a8dc-a0900c1c8545"
    ],
    [
      "CC(C)N1C(=O)CC(=O)NC1=O",
      "da9b5c7b-8f17-425b-8571-acc6e11bf4fa"
    ],
    [
      "CC(C)NC(=O)Cl",
      "b9c9236c-93cb-4529-97a7-19107bedb711"
    ],
    [
      "CC(C)O",
      "0f326003-426a-4226-8ae9-c6153934e3cf"
    ],
    [
      "CC(C)c1c(O)cc(Br)cc1O",
      "f189536e-da96-49eb-a788-2a0b0be885a9"
    ],
    [
      "CC(C)n1c(=O)cc(Cl)[nH]c1=O",
      "cc9ac41f-fe19-4f10-80f5-6224c0445425"
    ],
    [
      "CC(N)c1ccccc1",
      "cc9ac41f-fe19-4f10-80f5-6224c0445425"
    ],
    [
      "CCCC[N+](CCCC)(CCCC)CCCC.[F-]",
      "3baa5a25-486c-4b1d-968e-c61e349d85fe"
    ],
    [
      "CCN(CC)CC",
      "f189536e-da96-49eb-a788-2a0b0be885a9"
    ],
    [
      "CCO",
      "90cf25b3-cf49-40d6-882f-143599ff0ef8"
    ],
    [
      "CCOC(=O)CC(=O)Cl",
      "b9c9236c-93cb-4529-97a7-19107bedb711"
    ],
    [
      "CCOC(=O)CC(=O)N(C(=O)Cl)C(C)C",
      "84edce8f-7fd7-48b5-9a04-014717070a5e"
    ],
    [
      "CCOC(=O)CC(=O)N(C(N)=O)C(C)C",
      "90cf25b3-cf49-40d6-882f-143599ff0ef8"
    ],
    [
      "CCO[Na]",
      "90cf25b3-cf49-40d6-882f-143599ff0ef8"
    ],
    [
      "CC[SiH](CC)CC",
      "2ad97ffb-2c74-4e55-b727-06ea0ef91f92"
    ],
    [
      "CC[SiH](CC)CC",
      "7d10e525-9e3e-44dc-8c0d-890eba94611b"
    ],
    [
      "CI",
      "da9b5c7b-8f17-425b-8571-acc6e11bf4fa"
    ],
    [
      "CN(C)C=O",
      "4cbf3120-5210-43b7-a363-789ec81fb531"
    ],
    [
      "CN(C)C=O",
      "da9b5c7b-8f17-425b-8571-acc6e11bf4fa"
    ],
    [
      "CN(C)C=O",
      "f189536e-da96-49eb-a788-2a0b0be885a9"
    ],
    [
      "CO",
      "42d95f86-36ca-4558-b36d-0e9ca26330f1"
    ],
    [
      "Cc1ccc(S(=O)(=O)Cl)cc1",
      "4cbf3120-5210-43b7-a363-789ec81fb531"
    ],
    [
      "Cc1ccc(S(=O)(=O)n2cc(Cc3ccc(Cl)nc3)c3cc(Cl)cnc32)cc1",
      "59f3139e-7186-4530-89cd-0509aadab255"
    ],
    [
      "Cc1ccc(S(=O)(=O)n2cc(Cc3ccc(N)nc3)c3cc(Cl)cnc32)cc1",
      "cd3fe155-3152-4550-a7d9-f59286252e18"
    ],
    [
      "Cc1ccc(S(=O)(=O)n2cc(Cc3ccc(NC(=O)c4ccc(C(F)(F)F)nc4)nc3)c3cc(Cl)cnc32)cc1",
      "3baa5a25-486c-4b1d-968e-c61e349d85fe"
    ],
    [
      "ClCCl",
      "7d9c77b4-97dc-4b43-a8dc-a0900c1c8545"
    ],
    [
      "ClCCl",
      "84edce8f-7fd7-48b5-9a04-014717070a5e"
    ],
    [
      "ClCCl",
      "b9c9236c-93cb-4529-97a7-19107bedb711"
    ],
    [
      "Clc1cnc2[nH]cc(Cc3ccc(Cl)nc3)c2c1",
      "4cbf3120-5210-43b7-a363-789ec81fb531"
    ],
    [
      "Clc1cnc2[nH]ccc2c1",
      "42d95f86-36ca-4558-b36d-0e9ca26330f1"
    ],
    [
      "O",
      "3baa5a25-486c-4b1d-968e-c61e349d85fe"
    ],
    [
      "O",
      "42d95f86-36ca-4558-b36d-0e9ca26330f1"
    ],
    [
      "O",
      "4cbf3120-5210-43b7-a363-789ec81fb531"
    ],
    [
      "O",
      "da9b5c7b-8f17-425b-8571-acc6e11bf4fa"
    ],
    [
      "O=C(Nc1ccc(Cc2c[nH]c3ncc(Cl)cc23)cn1)c1ccc(C(F)(F)F)nc1",
      "2ad97ffb-2c74-4e55-b727-06ea0ef91f92"
    ],
    [
      "O=C(O)C(F)(F)F",
      "2ad97ffb-2c74-4e55-b727-06ea0ef91f92"
    ],
    [
      "O=C(O)C(F)(F)F",
      "59f3139e-7186-4530-89cd-0509aadab255"
    ],
    [
      "O=C(O)C(F)(F)F",
      "7d10e525-9e3e-44dc-8c0d-890eba94611b"
    ],
    [
      "O=C(O)c1ccc(C(F)(F)F)nc1",
      "cd3fe155-3152-4550-a7d9-f59286252e18"
    ],
    [
      "O=C(OC(Cl)(Cl)Cl)OC(Cl)(Cl)Cl",
      "7d9c77b4-97dc-4b43-a8dc-a0900c1c8545"
    ],
    [
      "O=C(O[K])O[K]",
      "da9b5c7b-8f17-425b-8571-acc6e11bf4fa"
    ],
    [
      "O=Cc1ccc(Cl)nc1",
      "42d95f86-36ca-4558-b36d-0e9ca26330f1"
    ],
    [
      "O=S(=O)(O)O",
      "0f326003-426a-4226-8ae9-c6153934e3cf"
    ],
    [
      "O=S(Cl)Cl",
      "cd3fe155-3152-4550-a7d9-f59286252e18"
    ],
    [
      "OC(c1ccc(Cl)nc1)c1c[nH]c2ncc(Cl)cc12",
      "7d10e525-9e3e-44dc-8c0d-890eba94611b"
    ],
    [
      "O[K]",
      "42d95f86-36ca-4558-b36d-0e9ca26330f1"
    ],
    [
      "Oc1cc(O)cc(Br)c1",
      "0f326003-426a-4226-8ae9-c6153934e3cf"
    ],
    [
      "[NaH]",
      "4cbf3120-5210-43b7-a363-789ec81fb531"
    ],
    [
      "b9c9236c-93cb-4529-97a7-19107bedb711",
      "CCOC(=O)CC(=O)N(C(=O)Cl)C(C)C"
    ],
    [
      "c1ccc(P(c2ccccc2)c2ccccc2)cc1",
      "f189536e-da96-49eb-a788-2a0b0be885a9"
    ],
    [
      "c1ccncc1",
      "cd3fe155-3152-4550-a7d9-f59286252e18"
    ],
    [
      "cc9ac41f-fe19-4f10-80f5-6224c0445425",
      "CC(Nc1cc(=O)n(C(C)C)c(=O)[nH]1)c1ccccc1"
    ],
    [
      "cd3fe155-3152-4550-a7d9-f59286252e18",
      "Cc1ccc(S(=O)(=O)n2cc(Cc3ccc(NC(=O)c4ccc(C(F)(F)F)nc4)nc3)c3cc(Cl)cnc32)cc1"
    ],
    [
      "da9b5c7b-8f17-425b-8571-acc6e11bf4fa",
      "CC(C)n1c(=O)cc(Cl)[nH]c1=O"
    ],
    [
      "f189536e-da96-49eb-a788-2a0b0be885a9",
      "CC(C)c1c(O)cc(C=Cc2ccccc2)cc1O"
    ]
  ]
}