{
  "identifier": "02aaf023-fc21-4b99-8fae-573871d57529",
  "chemical_reactions": [
    {
      "identifier": "7c68cee7-69dd-483f-9bec-a1996bb03ab5",
      "reactants": [
        {
          "identifier": "80aba1df-34a9-47a9-920c-3fb83387f95a",
          "smiles": "Brc1ccc2c(c1)[nH]c1ccncc12",
          "state_of_matter": "SOLID",
          "molecular_weight": 247.09067999999988,
          "density": 1.4,
          "mass": 247.09067999999988,
          "is_produced_by": [],
          "is_consumed_by": [
            "7c68cee7-69dd-483f-9bec-a1996bb03ab5"
          ],
          "provenance__density": "dummy estimator based on mw",
          "provenance__is_consumed_by": null,
          "provenance__is_produced_by": null,
          "provenance__mass": null,
          "provenance__molecular_weight": "periodic table",
          "provenance__smiles": null,
          "provenance__state_of_matter": "dummy estimator based on mw"
        },
        {
          "identifier": "37476cd8-f4e0-453f-90bc-604a3562667b",
          "smiles": "CC(C)(C)OC(=O)OC(=O)OC(C)(C)C",
          "state_of_matter": "SOLID",
          "molecular_weight": 218.24691999999976,
          "density": 1.4,
          "mass": 218.24691999999976,
          "is_produced_by": [],
          "is_consumed_by": [
            "7c68cee7-69dd-483f-9bec-a1996bb03ab5"
          ],
          "provenance__density": "dummy estimator based on mw",
          "provenance__is_consumed_by": null,
          "provenance__is_produced_by": null,
          "provenance__mass": null,
          "provenance__molecular_weight": "periodic table",
          "provenance__smiles": null,
          "provenance__state_of_matter": "dummy estimator based on mw"
        }
      ],
      "reagents": [
        {
          "identifier": "bc04f354-9075-40a0-93b7-3db2e6ab05da",
          "smiles": "C1CCOC1",
          "state_of_matter": "LIQUID",
          "molecular_weight": 72.10572000000005,
          "density": 1.0,
          "mass": 72.10572000000005,
          "is_produced_by": [],
          "is_consumed_by": [
            "7c68cee7-69dd-483f-9bec-a1996bb03ab5"
          ],
          "provenance__density": "dummy estimator based on mw",
          "provenance__is_consumed_by": null,
          "provenance__is_produced_by": null,
          "provenance__mass": null,
          "provenance__molecular_weight": "periodic table",
          "provenance__smiles": null,
          "provenance__state_of_matter": "dummy estimator based on mw"
        },
        {
          "identifier": "f618d56b-0f28-4145-a2df-785b6cc2c82d",
          "smiles": "CN(C)c1ccncc1",
          "state_of_matter": "LIQUID",
          "molecular_weight": 122.16770000000005,
          "density": 1.0,
          "mass": 122.16770000000005,
          "is_produced_by": [],
          "is_consumed_by": [
            "7c68cee7-69dd-483f-9bec-a1996bb03ab5"
          ],
          "provenance__density": "dummy estimator based on mw",
          "provenance__is_consumed_by": null,
          "provenance__is_produced_by": null,
          "provenance__mass": null,
          "provenance__molecular_weight": "periodic table",
          "provenance__smiles": null,
          "provenance__state_of_matter": "dummy estimator based on mw"
        }
      ],
      "products": [
        {
          "identifier": "b09ce236-3ea1-48f4-9188-43eb3f29377f",
          "smiles": "CC(C)(C)OC(=O)n1c2ccncc2c2ccc(Br)cc21",
          "state_of_matter": "SOLID",
          "molecular_weight": 348.2144400000002,
          "density": 1.4,
          "mass": 348.2144400000002,
          "is_produced_by": [
            "7c68cee7-69dd-483f-9bec-a1996bb03ab5"
          ],
          "is_consumed_by": [],
          "provenance__density": "dummy estimator based on mw",
          "provenance__is_consumed_by": null,
          "provenance__is_produced_by": null,
          "provenance__mass": null,
          "provenance__molecular_weight": "periodic table",
          "provenance__smiles": null,
          "provenance__state_of_matter": "dummy estimator based on mw"
        }
      ],
      "stoichiometry": {
        "80aba1df-34a9-47a9-920c-3fb83387f95a": 1.0,
        "37476cd8-f4e0-453f-90bc-604a3562667b": 1.0,
        "b09ce236-3ea1-48f4-9188-43eb3f29377f": -1.0
      },
      "temperature": 295.06918716430664,
      "intended_ratios": {
        "80aba1df-34a9-47a9-920c-3fb83387f95a": 1.0,
        "37476cd8-f4e0-453f-90bc-604a3562667b": 1.0,
        "bc04f354-9075-40a0-93b7-3db2e6ab05da": 1.0,
        "f618d56b-0f28-4145-a2df-785b6cc2c82d": 1.0
      },
      "expected_yields": {
        "b09ce236-3ea1-48f4-9188-43eb3f29377f": 1.0
      },
      "reaction_extent": 1.0
    },
    {
      "identifier": "a5747884-92bf-461e-82b3-0a3b3ad99771",
      "reactants": [
        {
          "identifier": "a8aa4b75-6023-43eb-a79e-a598b074b9c3",
          "smiles": "Brc1ccc2c3c([nH]c2c1)CCNC3",
          "state_of_matter": "SOLID",
          "molecular_weight": 251.12243999999984,
          "density": 1.4,
          "mass": 251.12243999999984,
          "is_produced_by": [],
          "is_consumed_by": [
            "a5747884-92bf-461e-82b3-0a3b3ad99771"
          ],
          "provenance__density": "dummy estimator based on mw",
          "provenance__is_consumed_by": null,
          "provenance__is_produced_by": null,
          "provenance__mass": null,
          "provenance__molecular_weight": "periodic table",
          "provenance__smiles": null,
          "provenance__state_of_matter": "dummy estimator based on mw"
        }
      ],
      "reagents": [
        {
          "identifier": "6dc015f1-ea05-4283-8e49-d5fc1746dde1",
          "smiles": "ClC(Cl)Cl",
          "state_of_matter": "LIQUID",
          "molecular_weight": 119.37764000000001,
          "density": 1.0,
          "mass": 119.37764000000001,
          "is_produced_by": [],
          "is_consumed_by": [
            "a5747884-92bf-461e-82b3-0a3b3ad99771"
          ],
          "provenance__density": "dummy estimator based on mw",
          "provenance__is_consumed_by": null,
          "provenance__is_produced_by": null,
          "provenance__mass": null,
          "provenance__molecular_weight": "periodic table",
          "provenance__smiles": null,
          "provenance__state_of_matter": "dummy estimator based on mw"
        },
        {
          "identifier": "4a5d9ab2-9ace-47cd-909f-36436aed56f6",
          "smiles": "O=[Mn]=O",
          "state_of_matter": "LIQUID",
          "molecular_weight": 86.936849,
          "density": 1.0,
          "mass": 86.936849,
          "is_produced_by": [],
          "is_consumed_by": [
            "a5747884-92bf-461e-82b3-0a3b3ad99771"
          ],
          "provenance__density": "dummy estimator based on mw",
          "provenance__is_consumed_by": null,
          "provenance__is_produced_by": null,
          "provenance__mass": null,
          "provenance__molecular_weight": "periodic table",
          "provenance__smiles": null,
          "provenance__state_of_matter": "dummy estimator based on mw"
        }
      ],
      "products": [
        {
          "identifier": "b7a203bd-2918-4129-a953-727bf37ac7cd",
          "smiles": "Brc1ccc2c(c1)[nH]c1ccncc12",
          "state_of_matter": "SOLID",
          "molecular_weight": 247.09067999999988,
          "density": 1.4,
          "mass": 247.09067999999988,
          "is_produced_by": [
            "a5747884-92bf-461e-82b3-0a3b3ad99771"
          ],
          "is_consumed_by": [],
          "provenance__density": "dummy estimator based on mw",
          "provenance__is_consumed_by": null,
          "provenance__is_produced_by": null,
          "provenance__mass": null,
          "provenance__molecular_weight": "periodic table",
          "provenance__smiles": null,
          "provenance__state_of_matter": "dummy estimator based on mw"
        }
      ],
      "stoichiometry": {
        "a8aa4b75-6023-43eb-a79e-a598b074b9c3": 1.0,
        "b7a203bd-2918-4129-a953-727bf37ac7cd": -1.0
      },
      "temperature": 317.3802256464958,
      "intended_ratios": {
        "a8aa4b75-6023-43eb-a79e-a598b074b9c3": 1.0,
        "6dc015f1-ea05-4283-8e49-d5fc1746dde1": 1.0,
        "4a5d9ab2-9ace-47cd-909f-36436aed56f6": 1.0
      },
      "expected_yields": {
        "b7a203bd-2918-4129-a953-727bf37ac7cd": 1.0
      },
      "reaction_extent": 1.0
    },
    {
      "identifier": "30d5a247-9e50-4120-acf5-c266dca786d6",
      "reactants": [
        {
          "identifier": "df643632-169d-4e92-8399-7d67c9f7f94a",
          "smiles": "C=Cc1ccccc1",
          "state_of_matter": "LIQUID",
          "molecular_weight": 104.14912000000004,
          "density": 1.0,
          "mass": 104.14912000000004,
          "is_produced_by": [],
          "is_consumed_by": [
            "30d5a247-9e50-4120-acf5-c266dca786d6"
          ],
          "provenance__density": "dummy estimator based on mw",
          "provenance__is_consumed_by": null,
          "provenance__is_produced_by": null,
          "provenance__mass": null,
          "provenance__molecular_weight": "periodic table",
          "provenance__smiles": null,
          "provenance__state_of_matter": "dummy estimator based on mw"
        },
        {
          "identifier": "9728d28c-df43-4d3e-a774-c00f124b4c43",
          "smiles": "CC(C)c1c(O)cc(Br)cc1O",
          "state_of_matter": "SOLID",
          "molecular_weight": 231.08643999999987,
          "density": 1.4,
          "mass": 231.08643999999987,
          "is_produced_by": [],
          "is_consumed_by": [
            "30d5a247-9e50-4120-acf5-c266dca786d6"
          ],
          "provenance__density": "dummy estimator based on mw",
          "provenance__is_consumed_by": null,
          "provenance__is_produced_by": null,
          "provenance__mass": null,
          "provenance__molecular_weight": "periodic table",
          "provenance__smiles": null,
          "provenance__state_of_matter": "dummy estimator based on mw"
        }
      ],
      "reagents": [
        {
          "identifier": "91c8f04c-1401-4b84-8ad6-977dd7a9584b",
          "smiles": "CN(C)C=O",
          "state_of_matter": "LIQUID",
          "molecular_weight": 73.09378000000004,
          "density": 1.0,
          "mass": 73.09378000000004,
          "is_produced_by": [],
          "is_consumed_by": [
            "30d5a247-9e50-4120-acf5-c266dca786d6"
          ],
          "provenance__density": "dummy estimator based on mw",
          "provenance__is_consumed_by": null,
          "provenance__is_produced_by": null,
          "provenance__mass": null,
          "provenance__molecular_weight": "periodic table",
          "provenance__smiles": null,
          "provenance__state_of_matter": "dummy estimator based on mw"
        },
        {
          "identifier": "83f94313-d090-41c1-9198-79749dbf1070",
          "smiles": "CCN(CC)CC",
          "state_of_matter": "LIQUID",
          "molecular_weight": 101.19000000000008,
          "density": 1.0,
          "mass": 101.19000000000008,
          "is_produced_by": [],
          "is_consumed_by": [
            "30d5a247-9e50-4120-acf5-c266dca786d6"
          ],
          "provenance__density": "dummy estimator based on mw",
          "provenance__is_consumed_by": null,
          "provenance__is_produced_by": null,
          "provenance__mass": null,
          "provenance__molecular_weight": "periodic table",
          "provenance__smiles": null,
          "provenance__state_of_matter": "dummy estimator based on mw"
        },
        {
          "identifier": "3b4b9142-62e8-4004-9965-e136e1426979",
          "smiles": "c1ccc(P(c2ccccc2)c2ccccc2)cc1",
          "state_of_matter": "SOLID",
          "molecular_weight": 262.28546099999994,
          "density": 1.4,
          "mass": 262.28546099999994,
          "is_produced_by": [],
          "is_consumed_by": [
            "30d5a247-9e50-4120-acf5-c266dca786d6"
          ],
          "provenance__density": "dummy estimator based on mw",
          "provenance__is_consumed_by": null,
          "provenance__is_produced_by": null,
          "provenance__mass": null,
          "provenance__molecular_weight": "periodic table",
          "provenance__smiles": null,
          "provenance__state_of_matter": "dummy estimator based on mw"
        },
        {
          "identifier": "358f43f8-0f9a-43d7-ae83-a11ec9b652d3",
          "smiles": "CC(=O)[O-].CC(=O)[O-].[Pd+2]",
          "state_of_matter": "SOLID",
          "molecular_weight": 224.50803999999994,
          "density": 1.4,
          "mass": 224.50803999999994,
          "is_produced_by": [],
          "is_consumed_by": [
            "30d5a247-9e50-4120-acf5-c266dca786d6"
          ],
          "provenance__density": "dummy estimator based on mw",
          "provenance__is_consumed_by": null,
          "provenance__is_produced_by": null,
          "provenance__mass": null,
          "provenance__molecular_weight": "periodic table",
          "provenance__smiles": null,
          "provenance__state_of_matter": "dummy estimator based on mw"
        }
      ],
      "products": [
        {
          "identifier": "50af5d48-5d9b-4b2b-a08f-58d3f1acb000",
          "smiles": "CC(C)c1c(O)cc(C=Cc2ccccc2)cc1O",
          "state_of_matter": "SOLID",
          "molecular_weight": 254.32361999999975,
          "density": 1.4,
          "mass": 254.32361999999975,
          "is_produced_by": [
            "30d5a247-9e50-4120-acf5-c266dca786d6"
          ],
          "is_consumed_by": [],
          "provenance__density": "dummy estimator based on mw",
          "provenance__is_consumed_by": null,
          "provenance__is_produced_by": null,
          "provenance__mass": null,
          "provenance__molecular_weight": "periodic table",
          "provenance__smiles": null,
          "provenance__state_of_matter": "dummy estimator based on mw"
        }
      ],
      "stoichiometry": {
        "df643632-169d-4e92-8399-7d67c9f7f94a": 1.0,
        "9728d28c-df43-4d3e-a774-c00f124b4c43": 1.0,
        "50af5d48-5d9b-4b2b-a08f-58d3f1acb000": -1.0
      },
      "temperature": 353.7789930403232,
      "intended_ratios": {
        "df643632-169d-4e92-8399-7d67c9f7f94a": 1.0,
        "9728d28c-df43-4d3e-a774-c00f124b4c43": 1.0,
        "91c8f04c-1401-4b84-8ad6-977dd7a9584b": 1.0,
        "83f94313-d090-41c1-9198-79749dbf1070": 1.0,
        "3b4b9142-62e8-4004-9965-e136e1426979": 1.0,
        "358f43f8-0f9a-43d7-ae83-a11ec9b652d3": 1.0
      },
      "expected_yields": {
        "50af5d48-5d9b-4b2b-a08f-58d3f1acb000": 1.0
      },
      "reaction_extent": 1.0
    },
    {
      "identifier": "d29ca061-4543-4cab-bb1b-a8216ae3d9c0",
      "reactants": [
        {
          "identifier": "fcfc30c1-94e5-408b-a6bb-9b35111099df",
          "smiles": "CC(=O)C1CCC2C3CCC4CC(=O)CCC4(C)C3CCC12C",
          "state_of_matter": "SOLID",
          "molecular_weight": 316.4775800000005,
          "density": 1.4,
          "mass": 316.4775800000005,
          "is_produced_by": [],
          "is_consumed_by": [
            "d29ca061-4543-4cab-bb1b-a8216ae3d9c0"
          ],
          "provenance__density": "dummy estimator based on mw",
          "provenance__is_consumed_by": null,
          "provenance__is_produced_by": null,
          "provenance__mass": null,
          "provenance__molecular_weight": "periodic table",
          "provenance__smiles": null,
          "provenance__state_of_matter": "dummy estimator based on mw"
        }
      ],
      "reagents": [
        {
          "identifier": "e098fae5-380d-4278-800b-41493d6d18c8",
          "smiles": "CCO",
          "state_of_matter": "LIQUID",
          "molecular_weight": 46.06843999999999,
          "density": 1.0,
          "mass": 46.06843999999999,
          "is_produced_by": [],
          "is_consumed_by": [
            "d29ca061-4543-4cab-bb1b-a8216ae3d9c0"
          ],
          "provenance__density": "dummy estimator based on mw",
          "provenance__is_consumed_by": null,
          "provenance__is_produced_by": null,
          "provenance__mass": null,
          "provenance__molecular_weight": "periodic table",
          "provenance__smiles": null,
          "provenance__state_of_matter": "dummy estimator based on mw"
        },
        {
          "identifier": "25c0e164-c3c2-4a18-bfd2-3d570346e8e3",
          "smiles": "[Na]",
          "state_of_matter": "SOLID",
          "molecular_weight": 22.98977,
          "density": 1.4,
          "mass": 22.98977,
          "is_produced_by": [],
          "is_consumed_by": [
            "d29ca061-4543-4cab-bb1b-a8216ae3d9c0"
          ],
          "provenance__density": "dummy estimator based on mw",
          "provenance__is_consumed_by": null,
          "provenance__is_produced_by": null,
          "provenance__mass": null,
          "provenance__molecular_weight": "periodic table",
          "provenance__smiles": null,
          "provenance__state_of_matter": "dummy estimator based on mw"
        }
      ],
      "products": [
        {
          "identifier": "f10ec796-528c-42e1-970f-798b73308339",
          "smiles": "CC(=O)C1CCC2C3CCC4CC(O)CCC4(C)C3CCC12C",
          "state_of_matter": "SOLID",
          "molecular_weight": 318.49346000000054,
          "density": 1.4,
          "mass": 318.49346000000054,
          "is_produced_by": [
            "d29ca061-4543-4cab-bb1b-a8216ae3d9c0"
          ],
          "is_consumed_by": [],
          "provenance__density": "dummy estimator based on mw",
          "provenance__is_consumed_by": null,
          "provenance__is_produced_by": null,
          "provenance__mass": null,
          "provenance__molecular_weight": "periodic table",
          "provenance__smiles": null,
          "provenance__state_of_matter": "dummy estimator based on mw"
        }
      ],
      "stoichiometry": {
        "fcfc30c1-94e5-408b-a6bb-9b35111099df": 1.0,
        "f10ec796-528c-42e1-970f-798b73308339": -1.0
      },
      "temperature": 288.2519380688667,
      "intended_ratios": {
        "fcfc30c1-94e5-408b-a6bb-9b35111099df": 1.0,
        "e098fae5-380d-4278-800b-41493d6d18c8": 1.0,
        "25c0e164-c3c2-4a18-bfd2-3d570346e8e3": 1.0
      },
      "expected_yields": {
        "f10ec796-528c-42e1-970f-798b73308339": 1.0
      },
      "reaction_extent": 1.0
    },
    {
      "identifier": "b9cc058d-ed91-4c7b-adad-fabaccaa9ef5",
      "reactants": [
        {
          "identifier": "98ad1327-6260-49b6-971a-fcb48e3f4727",
          "smiles": "CC(C)(C)OC(=O)n1c2ccncc2c2ccc(-c3ccc(F)nc3)cc21",
          "state_of_matter": "SOLID",
          "molecular_weight": 364.3928632000002,
          "density": 1.4,
          "mass": 364.3928632000002,
          "is_produced_by": [],
          "is_consumed_by": [
            "b9cc058d-ed91-4c7b-adad-fabaccaa9ef5"
          ],
          "provenance__density": "dummy estimator based on mw",
          "provenance__is_consumed_by": null,
          "provenance__is_produced_by": null,
          "provenance__mass": null,
          "provenance__molecular_weight": "periodic table",
          "provenance__smiles": null,
          "provenance__state_of_matter": "dummy estimator based on mw"
        }
      ],
      "reagents": [
        {
          "identifier": "6b527710-7971-4f28-8764-f67cbfea8dd3",
          "smiles": "ClCCl",
          "state_of_matter": "LIQUID",
          "molecular_weight": 84.93258000000002,
          "density": 1.0,
          "mass": 84.93258000000002,
          "is_produced_by": [],
          "is_consumed_by": [
            "b9cc058d-ed91-4c7b-adad-fabaccaa9ef5"
          ],
          "provenance__density": "dummy estimator based on mw",
          "provenance__is_consumed_by": null,
          "provenance__is_produced_by": null,
          "provenance__mass": null,
          "provenance__molecular_weight": "periodic table",
          "provenance__smiles": null,
          "provenance__state_of_matter": "dummy estimator based on mw"
        },
        {
          "identifier": "fdf4d5c9-8ae8-4861-95d8-4c943e17c312",
          "smiles": "O=C(O)C(F)(F)F",
          "state_of_matter": "LIQUID",
          "molecular_weight": 114.0233496,
          "density": 1.0,
          "mass": 114.0233496,
          "is_produced_by": [],
          "is_consumed_by": [
            "b9cc058d-ed91-4c7b-adad-fabaccaa9ef5"
          ],
          "provenance__density": "dummy estimator based on mw",
          "provenance__is_consumed_by": null,
          "provenance__is_produced_by": null,
          "provenance__mass": null,
          "provenance__molecular_weight": "periodic table",
          "provenance__smiles": null,
          "provenance__state_of_matter": "dummy estimator based on mw"
        }
      ],
      "products": [
        {
          "identifier": "9f8cefee-34d6-4c37-807e-96de5c8d30f1",
          "smiles": "Fc1ccc(-c2ccc3c(c2)[nH]c2ccncc23)cn1",
          "state_of_matter": "SOLID",
          "molecular_weight": 263.2691032000001,
          "density": 1.4,
          "mass": 263.2691032000001,
          "is_produced_by": [
            "b9cc058d-ed91-4c7b-adad-fabaccaa9ef5"
          ],
          "is_consumed_by": [],
          "provenance__density": "dummy estimator based on mw",
          "provenance__is_consumed_by": null,
          "provenance__is_produced_by": null,
          "provenance__mass": null,
          "provenance__molecular_weight": "periodic table",
          "provenance__smiles": null,
          "provenance__state_of_matter": "dummy estimator based on mw"
        }
      ],
      "stoichiometry": {
        "98ad1327-6260-49b6-971a-fcb48e3f4727": 1.0,
        "9f8cefee-34d6-4c37-807e-96de5c8d30f1": -1.0
      },
      "temperature": 299.5983032941818,
      "intended_ratios": {
        "98ad1327-6260-49b6-971a-fcb48e3f4727": 1.0,
        "6b527710-7971-4f28-8764-f67cbfea8dd3": 1.0,
        "fdf4d5c9-8ae8-4861-95d8-4c943e17c312": 1.0
      },
      "expected_yields": {
        "9f8cefee-34d6-4c37-807e-96de5c8d30f1": 1.0
      },
      "reaction_extent": 1.0
    },
    {
      "identifier": "5a514a92-e182-4ba2-ac11-dbabe4400267",
      "reactants": [
        {
          "identifier": "d64ccc48-d694-4cc9-9765-74f9c9168eba",
          "smiles": "CC(C)(C)OC(=O)n1c2ccncc2c2ccc(Br)cc21",
          "state_of_matter": "SOLID",
          "molecular_weight": 348.2144400000002,
          "density": 1.4,
          "mass": 348.2144400000002,
          "is_produced_by": [],
          "is_consumed_by": [
            "5a514a92-e182-4ba2-ac11-dbabe4400267"
          ],
          "provenance__density": "dummy estimator based on mw",
          "provenance__is_consumed_by": null,
          "provenance__is_produced_by": null,
          "provenance__mass": null,
          "provenance__molecular_weight": "periodic table",
          "provenance__smiles": null,
          "provenance__state_of_matter": "dummy estimator based on mw"
        },
        {
          "identifier": "2cbb970b-6106-4730-87f6-30d8bc58ea41",
          "smiles": "OB(O)c1ccc(F)nc1",
          "state_of_matter": "LIQUID",
          "molecular_weight": 140.90810319999994,
          "density": 1.0,
          "mass": 140.90810319999994,
          "is_produced_by": [],
          "is_consumed_by": [
            "5a514a92-e182-4ba2-ac11-dbabe4400267"
          ],
          "provenance__density": "dummy estimator based on mw",
          "provenance__is_consumed_by": null,
          "provenance__is_produced_by": null,
          "provenance__mass": null,
          "provenance__molecular_weight": "periodic table",
          "provenance__smiles": null,
          "provenance__state_of_matter": "dummy estimator based on mw"
        }
      ],
      "reagents": [
        {
          "identifier": "9d6d515e-827b-45f2-9695-c8a499368117",
          "smiles": "O=C(O[K])O[K]",
          "state_of_matter": "SOLID",
          "molecular_weight": 138.2055,
          "density": 1.4,
          "mass": 138.2055,
          "is_produced_by": [],
          "is_consumed_by": [
            "5a514a92-e182-4ba2-ac11-dbabe4400267"
          ],
          "provenance__density": "dummy estimator based on mw",
          "provenance__is_consumed_by": null,
          "provenance__is_produced_by": null,
          "provenance__mass": null,
          "provenance__molecular_weight": "periodic table",
          "provenance__smiles": null,
          "provenance__state_of_matter": "dummy estimator based on mw"
        },
        {
          "identifier": "e6afa978-0936-4e75-bd1c-504da072ea39",
          "smiles": "C1COCCO1",
          "state_of_matter": "LIQUID",
          "molecular_weight": 88.10512000000004,
          "density": 1.0,
          "mass": 88.10512000000004,
          "is_produced_by": [],
          "is_consumed_by": [
            "5a514a92-e182-4ba2-ac11-dbabe4400267"
          ],
          "provenance__density": "dummy estimator based on mw",
          "provenance__is_consumed_by": null,
          "provenance__is_produced_by": null,
          "provenance__mass": null,
          "provenance__molecular_weight": "periodic table",
          "provenance__smiles": null,
          "provenance__state_of_matter": "dummy estimator based on mw"
        },
        {
          "identifier": "9a8ed399-400a-41bc-a1b7-b0a99ac41615",
          "smiles": "C1=C[C-](P(c2ccccc2)c2ccccc2)C=C1.C1=C[C-](P(c2ccccc2)c2ccccc2)C=C1.[Fe+2]",
          "state_of_matter": "SOLID",
          "molecular_weight": 554.3786419999986,
          "density": 1.4,
          "mass": 554.3786419999986,
          "is_produced_by": [],
          "is_consumed_by": [
            "5a514a92-e182-4ba2-ac11-dbabe4400267"
          ],
          "provenance__density": "dummy estimator based on mw",
          "provenance__is_consumed_by": null,
          "provenance__is_produced_by": null,
          "provenance__mass": null,
          "provenance__molecular_weight": "periodic table",
          "provenance__smiles": null,
          "provenance__state_of_matter": "dummy estimator based on mw"
        },
        {
          "identifier": "6dd8d87c-9e48-432d-8485-f3e9db4145cc",
          "smiles": "Cl[Pd]Cl",
          "state_of_matter": "SOLID",
          "molecular_weight": 177.326,
          "density": 1.4,
          "mass": 177.326,
          "is_produced_by": [],
          "is_consumed_by": [
            "5a514a92-e182-4ba2-ac11-dbabe4400267"
          ],
          "provenance__density": "dummy estimator based on mw",
          "provenance__is_consumed_by": null,
          "provenance__is_produced_by": null,
          "provenance__mass": null,
          "provenance__molecular_weight": "periodic table",
          "provenance__smiles": null,
          "provenance__state_of_matter": "dummy estimator based on mw"
        }
      ],
      "products": [
        {
          "identifier": "67e791cb-390a-46a0-9f52-72205a91f4c5",
          "smiles": "CC(C)(C)OC(=O)n1c2ccncc2c2ccc(-c3ccc(F)nc3)cc21",
          "state_of_matter": "SOLID",
          "molecular_weight": 364.3928632000002,
          "density": 1.4,
          "mass": 364.3928632000002,
          "is_produced_by": [
            "5a514a92-e182-4ba2-ac11-dbabe4400267"
          ],
          "is_consumed_by": [],
          "provenance__density": "dummy estimator based on mw",
          "provenance__is_consumed_by": null,
          "provenance__is_produced_by": null,
          "provenance__mass": null,
          "provenance__molecular_weight": "periodic table",
          "provenance__smiles": null,
          "provenance__state_of_matter": "dummy estimator based on mw"
        }
      ],
      "stoichiometry": {
        "d64ccc48-d694-4cc9-9765-74f9c9168eba": 1.0,
        "2cbb970b-6106-4730-87f6-30d8bc58ea41": 1.0,
        "67e791cb-390a-46a0-9f52-72205a91f4c5": -1.0
      },
      "temperature": 339.4547661960125,
      "intended_ratios": {
        "d64ccc48-d694-4cc9-9765-74f9c9168eba": 1.0,
        "2cbb970b-6106-4730-87f6-30d8bc58ea41": 1.0,
        "9d6d515e-827b-45f2-9695-c8a499368117": 1.0,
        "e6afa978-0936-4e75-bd1c-504da072ea39": 1.0,
        "9a8ed399-400a-41bc-a1b7-b0a99ac41615": 1.0,
        "6dd8d87c-9e48-432d-8485-f3e9db4145cc": 1.0
      },
      "expected_yields": {
        "67e791cb-390a-46a0-9f52-72205a91f4c5": 1.0
      },
      "reaction_extent": 1.0
    },
    {
      "identifier": "c49c4f47-60a1-4541-9966-bd55e21efd12",
      "reactants": [
        {
          "identifier": "7941f599-ec0d-4414-b4fb-f8a72f62ce2d",
          "smiles": "CC(C)O",
          "state_of_matter": "LIQUID",
          "molecular_weight": 60.095019999999984,
          "density": 1.0,
          "mass": 60.095019999999984,
          "is_produced_by": [],
          "is_consumed_by": [
            "c49c4f47-60a1-4541-9966-bd55e21efd12"
          ],
          "provenance__density": "dummy estimator based on mw",
          "provenance__is_consumed_by": null,
          "provenance__is_produced_by": null,
          "provenance__mass": null,
          "provenance__molecular_weight": "periodic table",
          "provenance__smiles": null,
          "provenance__state_of_matter": "dummy estimator based on mw"
        },
        {
          "identifier": "15e141e8-5bb6-47e2-8b01-8879fada9583",
          "smiles": "Oc1cc(O)cc(Br)c1",
          "state_of_matter": "LIQUID",
          "molecular_weight": 189.00669999999994,
          "density": 1.0,
          "mass": 189.00669999999994,
          "is_produced_by": [],
          "is_consumed_by": [
            "c49c4f47-60a1-4541-9966-bd55e21efd12"
          ],
          "provenance__density": "dummy estimator based on mw",
          "provenance__is_consumed_by": null,
          "provenance__is_produced_by": null,
          "provenance__mass": null,
          "provenance__molecular_weight": "periodic table",
          "provenance__smiles": null,
          "provenance__state_of_matter": "dummy estimator based on mw"
        }
      ],
      "reagents": [
        {
          "identifier": "4ab1cec6-bdb2-4a21-b9ef-7cc638348311",
          "smiles": "O=S(=O)(O)O",
          "state_of_matter": "LIQUID",
          "molecular_weight": 98.07848,
          "density": 1.0,
          "mass": 98.07848,
          "is_produced_by": [],
          "is_consumed_by": [
            "c49c4f47-60a1-4541-9966-bd55e21efd12"
          ],
          "provenance__density": "dummy estimator based on mw",
          "provenance__is_consumed_by": null,
          "provenance__is_produced_by": null,
          "provenance__mass": null,
          "provenance__molecular_weight": "periodic table",
          "provenance__smiles": null,
          "provenance__state_of_matter": "dummy estimator based on mw"
        }
      ],
      "products": [
        {
          "identifier": "924a3d53-5ae7-428a-b76f-44980e1e89f4",
          "smiles": "CC(C)c1c(O)cc(Br)cc1O",
          "state_of_matter": "SOLID",
          "molecular_weight": 231.08643999999987,
          "density": 1.4,
          "mass": 231.08643999999987,
          "is_produced_by": [
            "c49c4f47-60a1-4541-9966-bd55e21efd12"
          ],
          "is_consumed_by": [],
          "provenance__density": "dummy estimator based on mw",
          "provenance__is_consumed_by": null,
          "provenance__is_produced_by": null,
          "provenance__mass": null,
          "provenance__molecular_weight": "periodic table",
          "provenance__smiles": null,
          "provenance__state_of_matter": "dummy estimator based on mw"
        }
      ],
      "stoichiometry": {
        "7941f599-ec0d-4414-b4fb-f8a72f62ce2d": 1.0,
        "15e141e8-5bb6-47e2-8b01-8879fada9583": 1.0,
        "924a3d53-5ae7-428a-b76f-44980e1e89f4": -1.0
      },
      "temperature": 299.26102591753005,
      "intended_ratios": {
        "7941f599-ec0d-4414-b4fb-f8a72f62ce2d": 1.0,
        "15e141e8-5bb6-47e2-8b01-8879fada9583": 1.0,
        "4ab1cec6-bdb2-4a21-b9ef-7cc638348311": 1.0
      },
      "expected_yields": {
        "924a3d53-5ae7-428a-b76f-44980e1e89f4": 1.0
      },
      "reaction_extent": 1.0
    },
    {
      "identifier": "e94d8eaa-59ff-45c9-851c-3e8d4263ff5b",
      "reactants": [
        {
          "identifier": "d78dece9-9731-4f07-8eb7-8136386df730",
          "smiles": "CN",
          "state_of_matter": "LIQUID",
          "molecular_weight": 31.05710000000001,
          "density": 1.0,
          "mass": 31.05710000000001,
          "is_produced_by": [],
          "is_consumed_by": [
            "e94d8eaa-59ff-45c9-851c-3e8d4263ff5b"
          ],
          "provenance__density": "dummy estimator based on mw",
          "provenance__is_consumed_by": null,
          "provenance__is_produced_by": null,
          "provenance__mass": null,
          "provenance__molecular_weight": "periodic table",
          "provenance__smiles": null,
          "provenance__state_of_matter": "dummy estimator based on mw"
        },
        {
          "identifier": "46581445-fb6a-4427-b2ac-35a227213821",
          "smiles": "O=Cc1cc(-c2ccccc2F)n(S(=O)(=O)c2cccnc2)c1",
          "state_of_matter": "SOLID",
          "molecular_weight": 331.3414832000002,
          "density": 1.4,
          "mass": 331.3414832000002,
          "is_produced_by": [],
          "is_consumed_by": [
            "e94d8eaa-59ff-45c9-851c-3e8d4263ff5b"
          ],
          "provenance__density": "dummy estimator based on mw",
          "provenance__is_consumed_by": null,
          "provenance__is_produced_by": null,
          "provenance__mass": null,
          "provenance__molecular_weight": "periodic table",
          "provenance__smiles": null,
          "provenance__state_of_matter": "dummy estimator based on mw"
        }
      ],
      "reagents": [
        {
          "identifier": "3557d626-2542-4bd4-ab0e-521ef5eee494",
          "smiles": "CO",
          "state_of_matter": "LIQUID",
          "molecular_weight": 32.04186000000001,
          "density": 1.0,
          "mass": 32.04186000000001,
          "is_produced_by": [],
          "is_consumed_by": [
            "e94d8eaa-59ff-45c9-851c-3e8d4263ff5b"
          ],
          "provenance__density": "dummy estimator based on mw",
          "provenance__is_consumed_by": null,
          "provenance__is_produced_by": null,
          "provenance__mass": null,
          "provenance__molecular_weight": "periodic table",
          "provenance__smiles": null,
          "provenance__state_of_matter": "dummy estimator based on mw"
        },
        {
          "identifier": "7d2f6206-d60b-43be-bdd6-a4159f6d09b1",
          "smiles": "[BH4][Na]",
          "state_of_matter": "SOLID",
          "molecular_weight": 37.83252999999999,
          "density": 1.4,
          "mass": 37.83252999999999,
          "is_produced_by": [],
          "is_consumed_by": [
            "e94d8eaa-59ff-45c9-851c-3e8d4263ff5b"
          ],
          "provenance__density": "dummy estimator based on mw",
          "provenance__is_consumed_by": null,
          "provenance__is_produced_by": null,
          "provenance__mass": null,
          "provenance__molecular_weight": "periodic table",
          "provenance__smiles": null,
          "provenance__state_of_matter": "dummy estimator based on mw"
        },
        {
          "identifier": "3149aada-d0cb-4376-a824-eb0de48198c5",
          "smiles": "O=C(O)O[Na]",
          "state_of_matter": "SOLID",
          "molecular_weight": 84.00661000000001,
          "density": 1.4,
          "mass": 84.00661000000001,
          "is_produced_by": [],
          "is_consumed_by": [
            "e94d8eaa-59ff-45c9-851c-3e8d4263ff5b"
          ],
          "provenance__density": "dummy estimator based on mw",
          "provenance__is_consumed_by": null,
          "provenance__is_produced_by": null,
          "provenance__mass": null,
          "provenance__molecular_weight": "periodic table",
          "provenance__smiles": null,
          "provenance__state_of_matter": "dummy estimator based on mw"
        }
      ],
      "products": [
        {
          "identifier": "7ea51027-d3f3-467d-afc5-506d9f63420d",
          "smiles": "CNCc1cc(-c2ccccc2F)n(S(=O)(=O)c2cccnc2)c1",
          "state_of_matter": "SOLID",
          "molecular_weight": 346.39918320000027,
          "density": 1.4,
          "mass": 346.39918320000027,
          "is_produced_by": [
            "e94d8eaa-59ff-45c9-851c-3e8d4263ff5b"
          ],
          "is_consumed_by": [],
          "provenance__density": "dummy estimator based on mw",
          "provenance__is_consumed_by": null,
          "provenance__is_produced_by": null,
          "provenance__mass": null,
          "provenance__molecular_weight": "periodic table",
          "provenance__smiles": null,
          "provenance__state_of_matter": "dummy estimator based on mw"
        }
      ],
      "stoichiometry": {
        "d78dece9-9731-4f07-8eb7-8136386df730": 1.0,
        "46581445-fb6a-4427-b2ac-35a227213821": 1.0,
        "7ea51027-d3f3-467d-afc5-506d9f63420d": -1.0
      },
      "temperature": 294.2666636824608,
      "intended_ratios": {
        "d78dece9-9731-4f07-8eb7-8136386df730": 1.0,
        "46581445-fb6a-4427-b2ac-35a227213821": 1.0,
        "3557d626-2542-4bd4-ab0e-521ef5eee494": 1.0,
        "7d2f6206-d60b-43be-bdd6-a4159f6d09b1": 1.0,
        "3149aada-d0cb-4376-a824-eb0de48198c5": 1.0
      },
      "expected_yields": {
        "7ea51027-d3f3-467d-afc5-506d9f63420d": 1.0
      },
      "reaction_extent": 1.0
    },
    {
      "identifier": "2661990b-b95d-4f41-85c3-fb7602565a34",
      "reactants": [
        {
          "identifier": "3b146652-a019-4a4f-bd8d-46af50da8a96",
          "smiles": "CN1CCN(c2ccc(C(=O)Cl)c(NC3CCOCC3)c2)CC1",
          "state_of_matter": "SOLID",
          "molecular_weight": 337.8443600000004,
          "density": 1.4,
          "mass": 337.8443600000004,
          "is_produced_by": [],
          "is_consumed_by": [
            "2661990b-b95d-4f41-85c3-fb7602565a34"
          ],
          "provenance__density": "dummy estimator based on mw",
          "provenance__is_consumed_by": null,
          "provenance__is_produced_by": null,
          "provenance__mass": null,
          "provenance__molecular_weight": "periodic table",
          "provenance__smiles": null,
          "provenance__state_of_matter": "dummy estimator based on mw"
        },
        {
          "identifier": "dd9f4452-bd38-41a1-8700-7d88eb8a3112",
          "smiles": "Nc1n[nH]c2ccc(Cc3cc(F)cc(F)c3)cc12",
          "state_of_matter": "SOLID",
          "molecular_weight": 259.2540463999999,
          "density": 1.4,
          "mass": 259.2540463999999,
          "is_produced_by": [],
          "is_consumed_by": [
            "2661990b-b95d-4f41-85c3-fb7602565a34"
          ],
          "provenance__density": "dummy estimator based on mw",
          "provenance__is_consumed_by": null,
          "provenance__is_produced_by": null,
          "provenance__mass": null,
          "provenance__molecular_weight": "periodic table",
          "provenance__smiles": null,
          "provenance__state_of_matter": "dummy estimator based on mw"
        }
      ],
      "reagents": [
        {
          "identifier": "a229af43-6ed1-4aaf-b744-a2ac6b634c30",
          "smiles": "ClCCl",
          "state_of_matter": "LIQUID",
          "molecular_weight": 84.93258000000002,
          "density": 1.0,
          "mass": 84.93258000000002,
          "is_produced_by": [],
          "is_consumed_by": [
            "2661990b-b95d-4f41-85c3-fb7602565a34"
          ],
          "provenance__density": "dummy estimator based on mw",
          "provenance__is_consumed_by": null,
          "provenance__is_produced_by": null,
          "provenance__mass": null,
          "provenance__molecular_weight": "periodic table",
          "provenance__smiles": null,
          "provenance__state_of_matter": "dummy estimator based on mw"
        },
        {
          "identifier": "9fdb5b1c-2113-44d2-93f4-5850b5a74679",
          "smiles": "c1ccncc1",
          "state_of_matter": "LIQUID",
          "molecular_weight": 79.09990000000003,
          "density": 1.0,
          "mass": 79.09990000000003,
          "is_produced_by": [],
          "is_consumed_by": [
            "2661990b-b95d-4f41-85c3-fb7602565a34"
          ],
          "provenance__density": "dummy estimator based on mw",
          "provenance__is_consumed_by": null,
          "provenance__is_produced_by": null,
          "provenance__mass": null,
          "provenance__molecular_weight": "periodic table",
          "provenance__smiles": null,
          "provenance__state_of_matter": "dummy estimator based on mw"
        }
      ],
      "products": [
        {
          "identifier": "75b0bb2c-c564-4ee7-9e1d-ee0b62a1814d",
          "smiles": "CN1CCN(c2ccc(C(=O)Nc3n[nH]c4ccc(Cc5cc(F)cc(F)c5)cc34)c(NC3CCOCC3)c2)CC1",
          "state_of_matter": "SOLID",
          "molecular_weight": 560.6374663999984,
          "density": 1.4,
          "mass": 560.6374663999984,
          "is_produced_by": [
            "2661990b-b95d-4f41-85c3-fb7602565a34"
          ],
          "is_consumed_by": [],
          "provenance__density": "dummy estimator based on mw",
          "provenance__is_consumed_by": null,
          "provenance__is_produced_by": null,
          "provenance__mass": null,
          "provenance__molecular_weight": "periodic table",
          "provenance__smiles": null,
          "provenance__state_of_matter": "dummy estimator based on mw"
        }
      ],
      "stoichiometry": {
        "3b146652-a019-4a4f-bd8d-46af50da8a96": 1.0,
        "dd9f4452-bd38-41a1-8700-7d88eb8a3112": 1.0,
        "75b0bb2c-c564-4ee7-9e1d-ee0b62a1814d": -1.0
      },
      "temperature": 287.3701260745525,
      "intended_ratios": {
        "3b146652-a019-4a4f-bd8d-46af50da8a96": 1.0,
        "dd9f4452-bd38-41a1-8700-7d88eb8a3112": 1.0,
        "a229af43-6ed1-4aaf-b744-a2ac6b634c30": 1.0,
        "9fdb5b1c-2113-44d2-93f4-5850b5a74679": 1.0
      },
      "expected_yields": {
        "75b0bb2c-c564-4ee7-9e1d-ee0b62a1814d": 1.0
      },
      "reaction_extent": 1.0
    },
    {
      "identifier": "21934e0a-8fa3-4505-b08c-7537feeacc6d",
      "reactants": [
        {
          "identifier": "9d330736-663d-4688-a74f-9374e7433eb9",
          "smiles": "CN1CCN(c2ccc(C(=O)O)c(NC3CCOCC3)c2)CC1",
          "state_of_matter": "SOLID",
          "molecular_weight": 319.3987000000004,
          "density": 1.4,
          "mass": 319.3987000000004,
          "is_produced_by": [],
          "is_consumed_by": [
            "21934e0a-8fa3-4505-b08c-7537feeacc6d"
          ],
          "provenance__density": "dummy estimator based on mw",
          "provenance__is_consumed_by": null,
          "provenance__is_produced_by": null,
          "provenance__mass": null,
          "provenance__molecular_weight": "periodic table",
          "provenance__smiles": null,
          "provenance__state_of_matter": "dummy estimator based on mw"
        }
      ],
      "reagents": [
        {
          "identifier": "65214a95-b4fc-4c2f-a247-fb949d32f075",
          "smiles": "CN(C)C=O",
          "state_of_matter": "LIQUID",
          "molecular_weight": 73.09378000000004,
          "density": 1.0,
          "mass": 73.09378000000004,
          "is_produced_by": [],
          "is_consumed_by": [
            "21934e0a-8fa3-4505-b08c-7537feeacc6d"
          ],
          "provenance__density": "dummy estimator based on mw",
          "provenance__is_consumed_by": null,
          "provenance__is_produced_by": null,
          "provenance__mass": null,
          "provenance__molecular_weight": "periodic table",
          "provenance__smiles": null,
          "provenance__state_of_matter": "dummy estimator based on mw"
        },
        {
          "identifier": "1e8d06a7-7bdc-4007-8dba-20721fd4b835",
          "smiles": "ClCCl",
          "state_of_matter": "LIQUID",
          "molecular_weight": 84.93258000000002,
          "density": 1.0,
          "mass": 84.93258000000002,
          "is_produced_by": [],
          "is_consumed_by": [
            "21934e0a-8fa3-4505-b08c-7537feeacc6d"
          ],
          "provenance__density": "dummy estimator based on mw",
          "provenance__is_consumed_by": null,
          "provenance__is_produced_by": null,
          "provenance__mass": null,
          "provenance__molecular_weight": "periodic table",
          "provenance__smiles": null,
          "provenance__state_of_matter": "dummy estimator based on mw"
        },
        {
          "identifier": "20d124ca-73d8-49ca-9037-9fda65b56080",
          "smiles": "O=C(Cl)C(=O)Cl",
          "state_of_matter": "LIQUID",
          "molecular_weight": 126.92620000000001,
          "density": 1.0,
          "mass": 126.92620000000001,
          "is_produced_by": [],
          "is_consumed_by": [
            "21934e0a-8fa3-4505-b08c-7537feeacc6d"
          ],
          "provenance__density": "dummy estimator based on mw",
          "provenance__is_consumed_by": null,
          "provenance__is_produced_by": null,
          "provenance__mass": null,
          "provenance__molecular_weight": "periodic table",
          "provenance__smiles": null,
          "provenance__state_of_matter": "dummy estimator based on mw"
        }
      ],
      "products": [
        {
          "identifier": "31f7e51c-7282-47c3-ad8f-9ee97978c9a1",
          "smiles": "CN1CCN(c2ccc(C(=O)Cl)c(NC3CCOCC3)c2)CC1",
          "state_of_matter": "SOLID",
          "molecular_weight": 337.8443600000004,
          "density": 1.4,
          "mass": 337.8443600000004,
          "is_produced_by": [
            "21934e0a-8fa3-4505-b08c-7537feeacc6d"
          ],
          "is_consumed_by": [],
          "provenance__density": "dummy estimator based on mw",
          "provenance__is_consumed_by": null,
          "provenance__is_produced_by": null,
          "provenance__mass": null,
          "provenance__molecular_weight": "periodic table",
          "provenance__smiles": null,
          "provenance__state_of_matter": "dummy estimator based on mw"
        }
      ],
      "stoichiometry": {
        "9d330736-663d-4688-a74f-9374e7433eb9": 1.0,
        "31f7e51c-7282-47c3-ad8f-9ee97978c9a1": -1.0
      },
      "temperature": 280.648934930563,
      "intended_ratios": {
        "9d330736-663d-4688-a74f-9374e7433eb9": 1.0,
        "65214a95-b4fc-4c2f-a247-fb949d32f075": 1.0,
        "1e8d06a7-7bdc-4007-8dba-20721fd4b835": 1.0,
        "20d124ca-73d8-49ca-9037-9fda65b56080": 1.0
      },
      "expected_yields": {
        "31f7e51c-7282-47c3-ad8f-9ee97978c9a1": 1.0
      },
      "reaction_extent": 1.0
    },
    {
      "identifier": "a0e93906-9e23-4a9f-910b-80558edcf0ba",
      "reactants": [
        {
          "identifier": "73d204af-8fc8-4e41-bdb4-69c91c307f01",
          "smiles": "CN1CCNCC1",
          "state_of_matter": "LIQUID",
          "molecular_weight": 100.16218000000006,
          "density": 1.0,
          "mass": 100.16218000000006,
          "is_produced_by": [],
          "is_consumed_by": [
            "a0e93906-9e23-4a9f-910b-80558edcf0ba"
          ],
          "provenance__density": "dummy estimator based on mw",
          "provenance__is_consumed_by": null,
          "provenance__is_produced_by": null,
          "provenance__mass": null,
          "provenance__molecular_weight": "periodic table",
          "provenance__smiles": null,
          "provenance__state_of_matter": "dummy estimator based on mw"
        },
        {
          "identifier": "f99a5e63-bdd8-43bd-b275-10f5f1aececb",
          "smiles": "O=C(O)c1ccc(Br)cc1NC1CCOCC1",
          "state_of_matter": "SOLID",
          "molecular_weight": 300.14846000000017,
          "density": 1.4,
          "mass": 300.14846000000017,
          "is_produced_by": [],
          "is_consumed_by": [
            "a0e93906-9e23-4a9f-910b-80558edcf0ba"
          ],
          "provenance__density": "dummy estimator based on mw",
          "provenance__is_consumed_by": null,
          "provenance__is_produced_by": null,
          "provenance__mass": null,
          "provenance__molecular_weight": "periodic table",
          "provenance__smiles": null,
          "provenance__state_of_matter": "dummy estimator based on mw"
        }
      ],
      "reagents": [
        {
          "identifier": "4ce656ac-8b98-4865-bb78-65294bb55753",
          "smiles": "[Pd]",
          "state_of_matter": "SOLID",
          "molecular_weight": 106.42,
          "density": 1.4,
          "mass": 106.42,
          "is_produced_by": [],
          "is_consumed_by": [
            "a0e93906-9e23-4a9f-910b-80558edcf0ba"
          ],
          "provenance__density": "dummy estimator based on mw",
          "provenance__is_consumed_by": null,
          "provenance__is_produced_by": null,
          "provenance__mass": null,
          "provenance__molecular_weight": "periodic table",
          "provenance__smiles": null,
          "provenance__state_of_matter": "dummy estimator based on mw"
        },
        {
          "identifier": "7ffee0cd-78d9-4b96-9cae-4f68635fe2a0",
          "smiles": "CC(C)(C)O[Na]",
          "state_of_matter": "SOLID",
          "molecular_weight": 96.10343000000005,
          "density": 1.4,
          "mass": 96.10343000000005,
          "is_produced_by": [],
          "is_consumed_by": [
            "a0e93906-9e23-4a9f-910b-80558edcf0ba"
          ],
          "provenance__density": "dummy estimator based on mw",
          "provenance__is_consumed_by": null,
          "provenance__is_produced_by": null,
          "provenance__mass": null,
          "provenance__molecular_weight": "periodic table",
          "provenance__smiles": null,
          "provenance__state_of_matter": "dummy estimator based on mw"
        },
        {
          "identifier": "cc93211a-2f74-47e0-8b10-6c87bab0ac21",
          "smiles": "CC(C)c1cc(C(C)C)c(c2ccccc2P(C2CCCCC2)C2CCCCC2)c(C(C)C)c1",
          "state_of_matter": "SOLID",
          "molecular_weight": 476.71592100000066,
          "density": 1.4,
          "mass": 476.71592100000066,
          "is_produced_by": [],
          "is_consumed_by": [
            "a0e93906-9e23-4a9f-910b-80558edcf0ba"
          ],
          "provenance__density": "dummy estimator based on mw",
          "provenance__is_consumed_by": null,
          "provenance__is_produced_by": null,
          "provenance__mass": null,
          "provenance__molecular_weight": "periodic table",
          "provenance__smiles": null,
          "provenance__state_of_matter": "dummy estimator based on mw"
        }
      ],
      "products": [
        {
          "identifier": "9d7ed071-5310-4078-8738-7597abcf4d4e",
          "smiles": "CN1CCN(c2ccc(C(=O)O)c(NC3CCOCC3)c2)CC1",
          "state_of_matter": "SOLID",
          "molecular_weight": 319.3987000000004,
          "density": 1.4,
          "mass": 319.3987000000004,
          "is_produced_by": [
            "a0e93906-9e23-4a9f-910b-80558edcf0ba"
          ],
          "is_consumed_by": [],
          "provenance__density": "dummy estimator based on mw",
          "provenance__is_consumed_by": null,
          "provenance__is_produced_by": null,
          "provenance__mass": null,
          "provenance__molecular_weight": "periodic table",
          "provenance__smiles": null,
          "provenance__state_of_matter": "dummy estimator based on mw"
        }
      ],
      "stoichiometry": {
        "73d204af-8fc8-4e41-bdb4-69c91c307f01": 1.0,
        "f99a5e63-bdd8-43bd-b275-10f5f1aececb": 1.0,
        "9d7ed071-5310-4078-8738-7597abcf4d4e": -1.0
      },
      "temperature": 357.50750684738153,
      "intended_ratios": {
        "73d204af-8fc8-4e41-bdb4-69c91c307f01": 1.0,
        "f99a5e63-bdd8-43bd-b275-10f5f1aececb": 1.0,
        "4ce656ac-8b98-4865-bb78-65294bb55753": 1.0,
        "7ffee0cd-78d9-4b96-9cae-4f68635fe2a0": 1.0,
        "cc93211a-2f74-47e0-8b10-6c87bab0ac21": 1.0
      },
      "expected_yields": {
        "9d7ed071-5310-4078-8738-7597abcf4d4e": 1.0
      },
      "reaction_extent": 1.0
    },
    {
      "identifier": "9b4e218e-d541-43de-ac84-aabbf852864d",
      "reactants": [
        {
          "identifier": "05cd3601-9a9f-4111-be7e-d493ed3d266c",
          "smiles": "N#Cc1cc(Br)ccc1F",
          "state_of_matter": "SOLID",
          "molecular_weight": 200.00782319999993,
          "density": 1.4,
          "mass": 200.00782319999993,
          "is_produced_by": [],
          "is_consumed_by": [
            "9b4e218e-d541-43de-ac84-aabbf852864d"
          ],
          "provenance__density": "dummy estimator based on mw",
          "provenance__is_consumed_by": null,
          "provenance__is_produced_by": null,
          "provenance__mass": null,
          "provenance__molecular_weight": "periodic table",
          "provenance__smiles": null,
          "provenance__state_of_matter": "dummy estimator based on mw"
        },
        {
          "identifier": "3d878c2d-d26d-4590-9d41-8282e16a6ea7",
          "smiles": "O=Cc1cc(F)cc(F)c1",
          "state_of_matter": "LIQUID",
          "molecular_weight": 142.10286639999998,
          "density": 1.0,
          "mass": 142.10286639999998,
          "is_produced_by": [],
          "is_consumed_by": [
            "9b4e218e-d541-43de-ac84-aabbf852864d"
          ],
          "provenance__density": "dummy estimator based on mw",
          "provenance__is_consumed_by": null,
          "provenance__is_produced_by": null,
          "provenance__mass": null,
          "provenance__molecular_weight": "periodic table",
          "provenance__smiles": null,
          "provenance__state_of_matter": "dummy estimator based on mw"
        }
      ],
      "reagents": [
        {
          "identifier": "d32f39d2-9e22-45a9-86b0-e02445da8ec4",
          "smiles": "C1CCOC1",
          "state_of_matter": "LIQUID",
          "molecular_weight": 72.10572000000005,
          "density": 1.0,
          "mass": 72.10572000000005,
          "is_produced_by": [],
          "is_consumed_by": [
            "9b4e218e-d541-43de-ac84-aabbf852864d"
          ],
          "provenance__density": "dummy estimator based on mw",
          "provenance__is_consumed_by": null,
          "provenance__is_produced_by": null,
          "provenance__mass": null,
          "provenance__molecular_weight": "periodic table",
          "provenance__smiles": null,
          "provenance__state_of_matter": "dummy estimator based on mw"
        },
        {
          "identifier": "816d9b9c-6722-40d7-8f47-2116fee40de5",
          "smiles": "[Li]CCCC",
          "state_of_matter": "SOLID",
          "molecular_weight": 64.05525999999999,
          "density": 1.4,
          "mass": 64.05525999999999,
          "is_produced_by": [],
          "is_consumed_by": [
            "9b4e218e-d541-43de-ac84-aabbf852864d"
          ],
          "provenance__density": "dummy estimator based on mw",
          "provenance__is_consumed_by": null,
          "provenance__is_produced_by": null,
          "provenance__mass": null,
          "provenance__molecular_weight": "periodic table",
          "provenance__smiles": null,
          "provenance__state_of_matter": "dummy estimator based on mw"
        }
      ],
      "products": [
        {
          "identifier": "a6cc5387-7d6d-4e0d-9924-2d39d06d2af8",
          "smiles": "N#Cc1cc(C(O)c2cc(F)cc(F)c2)ccc1F",
          "state_of_matter": "SOLID",
          "molecular_weight": 263.2146296,
          "density": 1.4,
          "mass": 263.2146296,
          "is_produced_by": [
            "9b4e218e-d541-43de-ac84-aabbf852864d"
          ],
          "is_consumed_by": [],
          "provenance__density": "dummy estimator based on mw",
          "provenance__is_consumed_by": null,
          "provenance__is_produced_by": null,
          "provenance__mass": null,
          "provenance__molecular_weight": "periodic table",
          "provenance__smiles": null,
          "provenance__state_of_matter": "dummy estimator based on mw"
        }
      ],
      "stoichiometry": {
        "05cd3601-9a9f-4111-be7e-d493ed3d266c": 1.0,
        "3d878c2d-d26d-4590-9d41-8282e16a6ea7": 1.0,
        "a6cc5387-7d6d-4e0d-9924-2d39d06d2af8": -1.0
      },
      "temperature": 229.77050590217112,
      "intended_ratios": {
        "05cd3601-9a9f-4111-be7e-d493ed3d266c": 1.0,
        "3d878c2d-d26d-4590-9d41-8282e16a6ea7": 1.0,
        "d32f39d2-9e22-45a9-86b0-e02445da8ec4": 1.0,
        "816d9b9c-6722-40d7-8f47-2116fee40de5": 1.0
      },
      "expected_yields": {
        "a6cc5387-7d6d-4e0d-9924-2d39d06d2af8": 1.0
      },
      "reaction_extent": 1.0
    },
    {
      "identifier": "486d5aec-68b2-44a7-ac50-6e45240013eb",
      "reactants": [
        {
          "identifier": "a390a434-9180-4082-a6b8-dd737ffb1ad5",
          "smiles": "N#Cc1cc(C(O)c2cc(F)cc(F)c2)ccc1F",
          "state_of_matter": "SOLID",
          "molecular_weight": 263.2146296,
          "density": 1.4,
          "mass": 263.2146296,
          "is_produced_by": [],
          "is_consumed_by": [
            "486d5aec-68b2-44a7-ac50-6e45240013eb"
          ],
          "provenance__density": "dummy estimator based on mw",
          "provenance__is_consumed_by": null,
          "provenance__is_produced_by": null,
          "provenance__mass": null,
          "provenance__molecular_weight": "periodic table",
          "provenance__smiles": null,
          "provenance__state_of_matter": "dummy estimator based on mw"
        }
      ],
      "reagents": [
        {
          "identifier": "7f406cad-e9e7-4a7e-90f1-c17f1d6977d5",
          "smiles": "CO",
          "state_of_matter": "LIQUID",
          "molecular_weight": 32.04186000000001,
          "density": 1.0,
          "mass": 32.04186000000001,
          "is_produced_by": [],
          "is_consumed_by": [
            "486d5aec-68b2-44a7-ac50-6e45240013eb"
          ],
          "provenance__density": "dummy estimator based on mw",
          "provenance__is_consumed_by": null,
          "provenance__is_produced_by": null,
          "provenance__mass": null,
          "provenance__molecular_weight": "periodic table",
          "provenance__smiles": null,
          "provenance__state_of_matter": "dummy estimator based on mw"
        },
        {
          "identifier": "e4bb9d23-02bf-4b53-a67f-21fd2b5bfcb4",
          "smiles": "[Pd]",
          "state_of_matter": "SOLID",
          "molecular_weight": 106.42,
          "density": 1.4,
          "mass": 106.42,
          "is_produced_by": [],
          "is_consumed_by": [
            "486d5aec-68b2-44a7-ac50-6e45240013eb"
          ],
          "provenance__density": "dummy estimator based on mw",
          "provenance__is_consumed_by": null,
          "provenance__is_produced_by": null,
          "provenance__mass": null,
          "provenance__molecular_weight": "periodic table",
          "provenance__smiles": null,
          "provenance__state_of_matter": "dummy estimator based on mw"
        }
      ],
      "products": [
        {
          "identifier": "597cfd24-52d6-4b0c-946e-25beffbb22c7",
          "smiles": "N#Cc1cc(Cc2cc(F)cc(F)c2)ccc1F",
          "state_of_matter": "SOLID",
          "molecular_weight": 247.21522959999982,
          "density": 1.4,
          "mass": 247.21522959999982,
          "is_produced_by": [
            "486d5aec-68b2-44a7-ac50-6e45240013eb"
          ],
          "is_consumed_by": [],
          "provenance__density": "dummy estimator based on mw",
          "provenance__is_consumed_by": null,
          "provenance__is_produced_by": null,
          "provenance__mass": null,
          "provenance__molecular_weight": "periodic table",
          "provenance__smiles": null,
          "provenance__state_of_matter": "dummy estimator based on mw"
        }
      ],
      "stoichiometry": {
        "a390a434-9180-4082-a6b8-dd737ffb1ad5": 1.0,
        "597cfd24-52d6-4b0c-946e-25beffbb22c7": -1.0
      },
      "temperature": 297.74259392023083,
      "intended_ratios": {
        "a390a434-9180-4082-a6b8-dd737ffb1ad5": 1.0,
        "7f406cad-e9e7-4a7e-90f1-c17f1d6977d5": 1.0,
        "e4bb9d23-02bf-4b53-a67f-21fd2b5bfcb4": 1.0
      },
      "expected_yields": {
        "597cfd24-52d6-4b0c-946e-25beffbb22c7": 1.0
      },
      "reaction_extent": 1.0
    },
    {
      "identifier": "b92c5d47-7b9c-4e4a-8d2a-a595fa5cf209",
      "reactants": [
        {
          "identifier": "9d68efa3-f3f1-409e-98c1-32c81aac981e",
          "smiles": "N#Cc1cc(Cc2cc(F)cc(F)c2)ccc1F",
          "state_of_matter": "SOLID",
          "molecular_weight": 247.21522959999982,
          "density": 1.4,
          "mass": 247.21522959999982,
          "is_produced_by": [],
          "is_consumed_by": [
            "b92c5d47-7b9c-4e4a-8d2a-a595fa5cf209"
          ],
          "provenance__density": "dummy estimator based on mw",
          "provenance__is_consumed_by": null,
          "provenance__is_produced_by": null,
          "provenance__mass": null,
          "provenance__molecular_weight": "periodic table",
          "provenance__smiles": null,
          "provenance__state_of_matter": "dummy estimator based on mw"
        }
      ],
      "reagents": [
        {
          "identifier": "a92e93d6-2600-46ba-86a3-4e2e3c6d5301",
          "smiles": "O",
          "state_of_matter": "LIQUID",
          "molecular_weight": 18.01528,
          "density": 1.0,
          "mass": 18.01528,
          "is_produced_by": [],
          "is_consumed_by": [
            "b92c5d47-7b9c-4e4a-8d2a-a595fa5cf209"
          ],
          "provenance__density": "dummy estimator based on mw",
          "provenance__is_consumed_by": null,
          "provenance__is_produced_by": null,
          "provenance__mass": null,
          "provenance__molecular_weight": "periodic table",
          "provenance__smiles": null,
          "provenance__state_of_matter": "dummy estimator based on mw"
        },
        {
          "identifier": "541759b9-369d-411b-897e-f4ba633c59ac",
          "smiles": "CCOC(C)=O",
          "state_of_matter": "LIQUID",
          "molecular_weight": 88.10512000000004,
          "density": 1.0,
          "mass": 88.10512000000004,
          "is_produced_by": [],
          "is_consumed_by": [
            "b92c5d47-7b9c-4e4a-8d2a-a595fa5cf209"
          ],
          "provenance__density": "dummy estimator based on mw",
          "provenance__is_consumed_by": null,
          "provenance__is_produced_by": null,
          "provenance__mass": null,
          "provenance__molecular_weight": "periodic table",
          "provenance__smiles": null,
          "provenance__state_of_matter": "dummy estimator based on mw"
        },
        {
          "identifier": "38f66b26-4ff6-4a56-9ee9-f99dc5e97030",
          "smiles": "CCCCO",
          "state_of_matter": "LIQUID",
          "molecular_weight": 74.12160000000004,
          "density": 1.0,
          "mass": 74.12160000000004,
          "is_produced_by": [],
          "is_consumed_by": [
            "b92c5d47-7b9c-4e4a-8d2a-a595fa5cf209"
          ],
          "provenance__density": "dummy estimator based on mw",
          "provenance__is_consumed_by": null,
          "provenance__is_produced_by": null,
          "provenance__mass": null,
          "provenance__molecular_weight": "periodic table",
          "provenance__smiles": null,
          "provenance__state_of_matter": "dummy estimator based on mw"
        }
      ],
      "products": [
        {
          "identifier": "97901854-880f-46e0-81b7-0cf3a4791978",
          "smiles": "Nc1n[nH]c2ccc(Cc3cc(F)cc(F)c3)cc12",
          "state_of_matter": "SOLID",
          "molecular_weight": 259.2540463999999,
          "density": 1.4,
          "mass": 259.2540463999999,
          "is_produced_by": [
            "b92c5d47-7b9c-4e4a-8d2a-a595fa5cf209"
          ],
          "is_consumed_by": [],
          "provenance__density": "dummy estimator based on mw",
          "provenance__is_consumed_by": null,
          "provenance__is_produced_by": null,
          "provenance__mass": null,
          "provenance__molecular_weight": "periodic table",
          "provenance__smiles": null,
          "provenance__state_of_matter": "dummy estimator based on mw"
        }
      ],
      "stoichiometry": {
        "9d68efa3-f3f1-409e-98c1-32c81aac981e": 1.0,
        "97901854-880f-46e0-81b7-0cf3a4791978": -1.0
      },
      "temperature": 379.059687513113,
      "intended_ratios": {
        "9d68efa3-f3f1-409e-98c1-32c81aac981e": 1.0,
        "a92e93d6-2600-46ba-86a3-4e2e3c6d5301": 1.0,
        "541759b9-369d-411b-897e-f4ba633c59ac": 1.0,
        "38f66b26-4ff6-4a56-9ee9-f99dc5e97030": 1.0
      },
      "expected_yields": {
        "97901854-880f-46e0-81b7-0cf3a4791978": 1.0
      },
      "reaction_extent": 1.0
    },
    {
      "identifier": "64d64880-fa58-4f47-bf0e-913edd543fd1",
      "reactants": [
        {
          "identifier": "6df2abdc-fc5b-40ae-a53a-527b0dd8132a",
          "smiles": "NNc1cccc(Br)c1",
          "state_of_matter": "LIQUID",
          "molecular_weight": 187.03717999999995,
          "density": 1.0,
          "mass": 187.03717999999995,
          "is_produced_by": [],
          "is_consumed_by": [
            "64d64880-fa58-4f47-bf0e-913edd543fd1"
          ],
          "provenance__density": "dummy estimator based on mw",
          "provenance__is_consumed_by": null,
          "provenance__is_produced_by": null,
          "provenance__mass": null,
          "provenance__molecular_weight": "periodic table",
          "provenance__smiles": null,
          "provenance__state_of_matter": "dummy estimator based on mw"
        },
        {
          "identifier": "295c299b-89e0-42f2-9a9f-b8b41aa46922",
          "smiles": "O=C1CCNCC1",
          "state_of_matter": "LIQUID",
          "molecular_weight": 99.13106000000005,
          "density": 1.0,
          "mass": 99.13106000000005,
          "is_produced_by": [],
          "is_consumed_by": [
            "64d64880-fa58-4f47-bf0e-913edd543fd1"
          ],
          "provenance__density": "dummy estimator based on mw",
          "provenance__is_consumed_by": null,
          "provenance__is_produced_by": null,
          "provenance__mass": null,
          "provenance__molecular_weight": "periodic table",
          "provenance__smiles": null,
          "provenance__state_of_matter": "dummy estimator based on mw"
        }
      ],
      "reagents": [
        {
          "identifier": "39fcbd96-b12b-4e10-8ad1-acd61060cac7",
          "smiles": "CCO",
          "state_of_matter": "LIQUID",
          "molecular_weight": 46.06843999999999,
          "density": 1.0,
          "mass": 46.06843999999999,
          "is_produced_by": [],
          "is_consumed_by": [
            "64d64880-fa58-4f47-bf0e-913edd543fd1"
          ],
          "provenance__density": "dummy estimator based on mw",
          "provenance__is_consumed_by": null,
          "provenance__is_produced_by": null,
          "provenance__mass": null,
          "provenance__molecular_weight": "periodic table",
          "provenance__smiles": null,
          "provenance__state_of_matter": "dummy estimator based on mw"
        },
        {
          "identifier": "777acbb5-4f15-41ec-b215-3cdca1dc8f69",
          "smiles": "Cl",
          "state_of_matter": "LIQUID",
          "molecular_weight": 36.46094,
          "density": 1.0,
          "mass": 36.46094,
          "is_produced_by": [],
          "is_consumed_by": [
            "64d64880-fa58-4f47-bf0e-913edd543fd1"
          ],
          "provenance__density": "dummy estimator based on mw",
          "provenance__is_consumed_by": null,
          "provenance__is_produced_by": null,
          "provenance__mass": null,
          "provenance__molecular_weight": "periodic table",
          "provenance__smiles": null,
          "provenance__state_of_matter": "dummy estimator based on mw"
        }
      ],
      "products": [
        {
          "identifier": "fa502d31-5169-4a1e-bbc0-959091c4118e",
          "smiles": "Brc1ccc2c3c([nH]c2c1)CCNC3",
          "state_of_matter": "SOLID",
          "molecular_weight": 251.12243999999984,
          "density": 1.4,
          "mass": 251.12243999999984,
          "is_produced_by": [
            "64d64880-fa58-4f47-bf0e-913edd543fd1"
          ],
          "is_consumed_by": [],
          "provenance__density": "dummy estimator based on mw",
          "provenance__is_consumed_by": null,
          "provenance__is_produced_by": null,
          "provenance__mass": null,
          "provenance__molecular_weight": "periodic table",
          "provenance__smiles": null,
          "provenance__state_of_matter": "dummy estimator based on mw"
        }
      ],
      "stoichiometry": {
        "6df2abdc-fc5b-40ae-a53a-527b0dd8132a": 1.0,
        "295c299b-89e0-42f2-9a9f-b8b41aa46922": 1.0,
        "fa502d31-5169-4a1e-bbc0-959091c4118e": -1.0
      },
      "temperature": 323.0150502026081,
      "intended_ratios": {
        "6df2abdc-fc5b-40ae-a53a-527b0dd8132a": 1.0,
        "295c299b-89e0-42f2-9a9f-b8b41aa46922": 1.0,
        "39fcbd96-b12b-4e10-8ad1-acd61060cac7": 1.0,
        "777acbb5-4f15-41ec-b215-3cdca1dc8f69": 1.0
      },
      "expected_yields": {
        "fa502d31-5169-4a1e-bbc0-959091c4118e": 1.0
      },
      "reaction_extent": 1.0
    },
    {
      "identifier": "d4faf8bb-f854-4c1c-ad0e-d5deb1b96867",
      "reactants": [
        {
          "identifier": "7da2412a-b574-4005-94bf-541b47af2b60",
          "smiles": "Nc1cc(Br)ccc1C(=O)O",
          "state_of_matter": "SOLID",
          "molecular_weight": 216.03203999999994,
          "density": 1.4,
          "mass": 216.03203999999994,
          "is_produced_by": [],
          "is_consumed_by": [
            "d4faf8bb-f854-4c1c-ad0e-d5deb1b96867"
          ],
          "provenance__density": "dummy estimator based on mw",
          "provenance__is_consumed_by": null,
          "provenance__is_produced_by": null,
          "provenance__mass": null,
          "provenance__molecular_weight": "periodic table",
          "provenance__smiles": null,
          "provenance__state_of_matter": "dummy estimator based on mw"
        },
        {
          "identifier": "90bbbb2c-0244-4989-bb82-593f96cbd899",
          "smiles": "O=C1CCOCC1",
          "state_of_matter": "LIQUID",
          "molecular_weight": 100.11582000000004,
          "density": 1.0,
          "mass": 100.11582000000004,
          "is_produced_by": [],
          "is_consumed_by": [
            "d4faf8bb-f854-4c1c-ad0e-d5deb1b96867"
          ],
          "provenance__density": "dummy estimator based on mw",
          "provenance__is_consumed_by": null,
          "provenance__is_produced_by": null,
          "provenance__mass": null,
          "provenance__molecular_weight": "periodic table",
          "provenance__smiles": null,
          "provenance__state_of_matter": "dummy estimator based on mw"
        }
      ],
      "reagents": [
        {
          "identifier": "fab62130-bcb6-4935-b66a-eaf78a20fd00",
          "smiles": "ClCCl",
          "state_of_matter": "LIQUID",
          "molecular_weight": 84.93258000000002,
          "density": 1.0,
          "mass": 84.93258000000002,
          "is_produced_by": [],
          "is_consumed_by": [
            "d4faf8bb-f854-4c1c-ad0e-d5deb1b96867"
          ],
          "provenance__density": "dummy estimator based on mw",
          "provenance__is_consumed_by": null,
          "provenance__is_produced_by": null,
          "provenance__mass": null,
          "provenance__molecular_weight": "periodic table",
          "provenance__smiles": null,
          "provenance__state_of_matter": "dummy estimator based on mw"
        },
        {
          "identifier": "f42a1b05-be35-4e3a-bd82-9c15466bebc6",
          "smiles": "CC(=O)O[BH-](OC(C)=O)OC(C)=O.[Na+]",
          "state_of_matter": "SOLID",
          "molecular_weight": 211.94076999999987,
          "density": 1.4,
          "mass": 211.94076999999987,
          "is_produced_by": [],
          "is_consumed_by": [
            "d4faf8bb-f854-4c1c-ad0e-d5deb1b96867"
          ],
          "provenance__density": "dummy estimator based on mw",
          "provenance__is_consumed_by": null,
          "provenance__is_produced_by": null,
          "provenance__mass": null,
          "provenance__molecular_weight": "periodic table",
          "provenance__smiles": null,
          "provenance__state_of_matter": "dummy estimator based on mw"
        },
        {
          "identifier": "a57d0c77-9613-4a91-8634-c0d46385160d",
          "smiles": "CC(=O)O",
          "state_of_matter": "LIQUID",
          "molecular_weight": 60.051959999999994,
          "density": 1.0,
          "mass": 60.051959999999994,
          "is_produced_by": [],
          "is_consumed_by": [
            "d4faf8bb-f854-4c1c-ad0e-d5deb1b96867"
          ],
          "provenance__density": "dummy estimator based on mw",
          "provenance__is_consumed_by": null,
          "provenance__is_produced_by": null,
          "provenance__mass": null,
          "provenance__molecular_weight": "periodic table",
          "provenance__smiles": null,
          "provenance__state_of_matter": "dummy estimator based on mw"
        }
      ],
      "products": [
        {
          "identifier": "8bf60b92-48ab-4092-ad69-868d8fce7abc",
          "smiles": "O=C(O)c1ccc(Br)cc1NC1CCOCC1",
          "state_of_matter": "SOLID",
          "molecular_weight": 300.14846000000017,
          "density": 1.4,
          "mass": 300.14846000000017,
          "is_produced_by": [
            "d4faf8bb-f854-4c1c-ad0e-d5deb1b96867"
          ],
          "is_consumed_by": [],
          "provenance__density": "dummy estimator based on mw",
          "provenance__is_consumed_by": null,
          "provenance__is_produced_by": null,
          "provenance__mass": null,
          "provenance__molecular_weight": "periodic table",
          "provenance__smiles": null,
          "provenance__state_of_matter": "dummy estimator based on mw"
        }
      ],
      "stoichiometry": {
        "7da2412a-b574-4005-94bf-541b47af2b60": 1.0,
        "90bbbb2c-0244-4989-bb82-593f96cbd899": 1.0,
        "8bf60b92-48ab-4092-ad69-868d8fce7abc": -1.0
      },
      "temperature": 270.7203199446201,
      "intended_ratios": {
        "7da2412a-b574-4005-94bf-541b47af2b60": 1.0,
        "90bbbb2c-0244-4989-bb82-593f96cbd899": 1.0,
        "fab62130-bcb6-4935-b66a-eaf78a20fd00": 1.0,
        "f42a1b05-be35-4e3a-bd82-9c15466bebc6": 1.0,
        "a57d0c77-9613-4a91-8634-c0d46385160d": 1.0
      },
      "expected_yields": {
        "8bf60b92-48ab-4092-ad69-868d8fce7abc": 1.0
      },
      "reaction_extent": 1.0
    },
    {
      "identifier": "060885bf-63eb-4167-ab1d-b413aac2383c",
      "reactants": [
        {
          "identifier": "f6603920-6d04-4fd1-9dfd-5957d85b398e",
          "smiles": "O=Cc1c[nH]c(-c2ccccc2F)c1",
          "state_of_matter": "LIQUID",
          "molecular_weight": 189.18572319999987,
          "density": 1.0,
          "mass": 189.18572319999987,
          "is_produced_by": [],
          "is_consumed_by": [
            "060885bf-63eb-4167-ab1d-b413aac2383c"
          ],
          "provenance__density": "dummy estimator based on mw",
          "provenance__is_consumed_by": null,
          "provenance__is_produced_by": null,
          "provenance__mass": null,
          "provenance__molecular_weight": "periodic table",
          "provenance__smiles": null,
          "provenance__state_of_matter": "dummy estimator based on mw"
        },
        {
          "identifier": "e01485e4-a2c0-48d4-9685-e854af4cce68",
          "smiles": "O=S(=O)(Cl)c1cccnc1",
          "state_of_matter": "LIQUID",
          "molecular_weight": 177.60875999999996,
          "density": 1.0,
          "mass": 177.60875999999996,
          "is_produced_by": [],
          "is_consumed_by": [
            "060885bf-63eb-4167-ab1d-b413aac2383c"
          ],
          "provenance__density": "dummy estimator based on mw",
          "provenance__is_consumed_by": null,
          "provenance__is_produced_by": null,
          "provenance__mass": null,
          "provenance__molecular_weight": "periodic table",
          "provenance__smiles": null,
          "provenance__state_of_matter": "dummy estimator based on mw"
        }
      ],
      "reagents": [
        {
          "identifier": "1af364c2-984c-4d7b-885c-c82a52c9dace",
          "smiles": "C1CCOC1",
          "state_of_matter": "LIQUID",
          "molecular_weight": 72.10572000000005,
          "density": 1.0,
          "mass": 72.10572000000005,
          "is_produced_by": [],
          "is_consumed_by": [
            "060885bf-63eb-4167-ab1d-b413aac2383c"
          ],
          "provenance__density": "dummy estimator based on mw",
          "provenance__is_consumed_by": null,
          "provenance__is_produced_by": null,
          "provenance__mass": null,
          "provenance__molecular_weight": "periodic table",
          "provenance__smiles": null,
          "provenance__state_of_matter": "dummy estimator based on mw"
        },
        {
          "identifier": "49a8cf7a-8b68-4eaa-a731-bf682e6d2b62",
          "smiles": "[Na]Cl",
          "state_of_matter": "SOLID",
          "molecular_weight": 58.44277,
          "density": 1.4,
          "mass": 58.44277,
          "is_produced_by": [],
          "is_consumed_by": [
            "060885bf-63eb-4167-ab1d-b413aac2383c"
          ],
          "provenance__density": "dummy estimator based on mw",
          "provenance__is_consumed_by": null,
          "provenance__is_produced_by": null,
          "provenance__mass": null,
          "provenance__molecular_weight": "periodic table",
          "provenance__smiles": null,
          "provenance__state_of_matter": "dummy estimator based on mw"
        },
        {
          "identifier": "eea6288b-5c9c-44ad-86f5-b835459ffd2e",
          "smiles": "[NaH]",
          "state_of_matter": "SOLID",
          "molecular_weight": 23.99771,
          "density": 1.4,
          "mass": 23.99771,
          "is_produced_by": [],
          "is_consumed_by": [
            "060885bf-63eb-4167-ab1d-b413aac2383c"
          ],
          "provenance__density": "dummy estimator based on mw",
          "provenance__is_consumed_by": null,
          "provenance__is_produced_by": null,
          "provenance__mass": null,
          "provenance__molecular_weight": "periodic table",
          "provenance__smiles": null,
          "provenance__state_of_matter": "dummy estimator based on mw"
        },
        {
          "identifier": "3638c8fd-54fd-427f-adc9-69a1f19078d1",
          "smiles": "C1COCCOCCOCCOCCO1",
          "state_of_matter": "SOLID",
          "molecular_weight": 220.26279999999983,
          "density": 1.4,
          "mass": 220.26279999999983,
          "is_produced_by": [],
          "is_consumed_by": [
            "060885bf-63eb-4167-ab1d-b413aac2383c"
          ],
          "provenance__density": "dummy estimator based on mw",
          "provenance__is_consumed_by": null,
          "provenance__is_produced_by": null,
          "provenance__mass": null,
          "provenance__molecular_weight": "periodic table",
          "provenance__smiles": null,
          "provenance__state_of_matter": "dummy estimator based on mw"
        }
      ],
      "products": [
        {
          "identifier": "8e92b7a4-7f5b-4924-8f5d-380997f9ebb3",
          "smiles": "O=Cc1cc(-c2ccccc2F)n(S(=O)(=O)c2cccnc2)c1",
          "state_of_matter": "SOLID",
          "molecular_weight": 331.3414832000002,
          "density": 1.4,
          "mass": 331.3414832000002,
          "is_produced_by": [
            "060885bf-63eb-4167-ab1d-b413aac2383c"
          ],
          "is_consumed_by": [],
          "provenance__density": "dummy estimator based on mw",
          "provenance__is_consumed_by": null,
          "provenance__is_produced_by": null,
          "provenance__mass": null,
          "provenance__molecular_weight": "periodic table",
          "provenance__smiles": null,
          "provenance__state_of_matter": "dummy estimator based on mw"
        }
      ],
      "stoichiometry": {
        "f6603920-6d04-4fd1-9dfd-5957d85b398e": 1.0,
        "e01485e4-a2c0-48d4-9685-e854af4cce68": 1.0,
        "8e92b7a4-7f5b-4924-8f5d-380997f9ebb3": -1.0
      },
      "temperature": 289.642726957798,
      "intended_ratios": {
        "f6603920-6d04-4fd1-9dfd-5957d85b398e": 1.0,
        "e01485e4-a2c0-48d4-9685-e854af4cce68": 1.0,
        "1af364c2-984c-4d7b-885c-c82a52c9dace": 1.0,
        "49a8cf7a-8b68-4eaa-a731-bf682e6d2b62": 1.0,
        "eea6288b-5c9c-44ad-86f5-b835459ffd2e": 1.0,
        "3638c8fd-54fd-427f-adc9-69a1f19078d1": 1.0
      },
      "expected_yields": {
        "8e92b7a4-7f5b-4924-8f5d-380997f9ebb3": 1.0
      },
      "reaction_extent": 1.0
    }
  ],
  "molecular_nodes": [
    "Brc1ccc2c(c1)[nH]c1ccncc12",
    "Brc1ccc2c3c([nH]c2c1)CCNC3",
    "C1=C[C-](P(c2ccccc2)c2ccccc2)C=C1.C1=C[C-](P(c2ccccc2)c2ccccc2)C=C1.[Fe+2]",
    "C1CCOC1",
    "C1COCCO1",
    "C1COCCOCCOCCOCCO1",
    "C=Cc1ccccc1",
    "CC(=O)C1CCC2C3CCC4CC(=O)CCC4(C)C3CCC12C",
    "CC(=O)C1CCC2C3CCC4CC(O)CCC4(C)C3CCC12C",
    "CC(=O)O",
    "CC(=O)O[BH-](OC(C)=O)OC(C)=O.[Na+]",
    "CC(=O)[O-].CC(=O)[O-].[Pd+2]",
    "CC(C)(C)OC(=O)OC(=O)OC(C)(C)C",
    "CC(C)(C)OC(=O)n1c2ccncc2c2ccc(-c3ccc(F)nc3)cc21",
    "CC(C)(C)OC(=O)n1c2ccncc2c2ccc(Br)cc21",
    "CC(C)(C)O[Na]",
    "CC(C)O",
    "CC(C)c1c(O)cc(Br)cc1O",
    "CC(C)c1c(O)cc(C=Cc2ccccc2)cc1O",
    "CC(C)c1cc(C(C)C)c(c2ccccc2P(C2CCCCC2)C2CCCCC2)c(C(C)C)c1",
    "CCCCO",
    "CCN(CC)CC",
    "CCO",
    "CCOC(C)=O",
    "CN",
    "CN(C)C=O",
    "CN(C)c1ccncc1",
    "CN1CCN(c2ccc(C(=O)Cl)c(NC3CCOCC3)c2)CC1",
    "CN1CCN(c2ccc(C(=O)Nc3n[nH]c4ccc(Cc5cc(F)cc(F)c5)cc34)c(NC3CCOCC3)c2)CC1",
    "CN1CCN(c2ccc(C(=O)O)c(NC3CCOCC3)c2)CC1",
    "CN1CCNCC1",
    "CNCc1cc(-c2ccccc2F)n(S(=O)(=O)c2cccnc2)c1",
    "CO",
    "Cl",
    "ClC(Cl)Cl",
    "ClCCl",
    "Cl[Pd]Cl",
    "Fc1ccc(-c2ccc3c(c2)[nH]c2ccncc23)cn1",
    "N#Cc1cc(Br)ccc1F",
    "N#Cc1cc(C(O)c2cc(F)cc(F)c2)ccc1F",
    "N#Cc1cc(Cc2cc(F)cc(F)c2)ccc1F",
    "NNc1cccc(Br)c1",
    "Nc1cc(Br)ccc1C(=O)O",
    "Nc1n[nH]c2ccc(Cc3cc(F)cc(F)c3)cc12",
    "O",
    "O=C(Cl)C(=O)Cl",
    "O=C(O)C(F)(F)F",
    "O=C(O)O[Na]",
    "O=C(O)c1ccc(Br)cc1NC1CCOCC1",
    "O=C(O[K])O[K]",
    "O=C1CCNCC1",
    "O=C1CCOCC1",
    "O=Cc1c[nH]c(-c2ccccc2F)c1",
    "O=Cc1cc(-c2ccccc2F)n(S(=O)(=O)c2cccnc2)c1",
    "O=Cc1cc(F)cc(F)c1",
    "O=S(=O)(Cl)c1cccnc1",
    "O=S(=O)(O)O",
    "O=[Mn]=O",
    "OB(O)c1ccc(F)nc1",
    "Oc1cc(O)cc(Br)c1",
    "[BH4][Na]",
    "[Li]CCCC",
    "[NaH]",
    "[Na]",
    "[Na]Cl",
    "[Pd]",
    "c1ccc(P(c2ccccc2)c2ccccc2)cc1",
    "c1ccncc1"
  ],
  "edges": [
    [
      "060885bf-63eb-4167-ab1d-b413aac2383c",
      "O=Cc1cc(-c2ccccc2F)n(S(=O)(=O)c2cccnc2)c1"
    ],
    [
      "21934e0a-8fa3-4505-b08c-7537feeacc6d",
      "CN1CCN(c2ccc(C(=O)Cl)c(NC3CCOCC3)c2)CC1"
    ],
    [
      "2661990b-b95d-4f41-85c3-fb7602565a34",
      "CN1CCN(c2ccc(C(=O)Nc3n[nH]c4ccc(Cc5cc(F)cc(F)c5)cc34)c(NC3CCOCC3)c2)CC1"
    ],
    [
      "30d5a247-9e50-4120-acf5-c266dca786d6",
      "CC(C)c1c(O)cc(C=Cc2ccccc2)cc1O"
    ],
    [
      "486d5aec-68b2-44a7-ac50-6e45240013eb",
      "N#Cc1cc(Cc2cc(F)cc(F)c2)ccc1F"
    ],
    [
      "5a514a92-e182-4ba2-ac11-dbabe4400267",
      "CC(C)(C)OC(=O)n1c2ccncc2c2ccc(-c3ccc(F)nc3)cc21"
    ],
    [
      "64d64880-fa58-4f47-bf0e-913edd543fd1",
      "Brc1ccc2c3c([nH]c2c1)CCNC3"
    ],
    [
      "7c68cee7-69dd-483f-9bec-a1996bb03ab5",
      "CC(C)(C)OC(=O)n1c2ccncc2c2ccc(Br)cc21"
    ],
    [
      "9b4e218e-d541-43de-ac84-aabbf852864d",
      "N#Cc1cc(C(O)c2cc(F)cc(F)c2)ccc1F"
    ],
    [
      "Brc1ccc2c(c1)[nH]c1ccncc12",
      "7c68cee7-69dd-483f-9bec-a1996bb03ab5"
    ],
    [
      "Brc1ccc2c3c([nH]c2c1)CCNC3",
      "a5747884-92bf-461e-82b3-0a3b3ad99771"
    ],
    [
      "C1=C[C-](P(c2ccccc2)c2ccccc2)C=C1.C1=C[C-](P(c2ccccc2)c2ccccc2)C=C1.[Fe+2]",
      "5a514a92-e182-4ba2-ac11-dbabe4400267"
    ],
    [
      "C1CCOC1",
      "060885bf-63eb-4167-ab1d-b413aac2383c"
    ],
    [
      "C1CCOC1",
      "7c68cee7-69dd-483f-9bec-a1996bb03ab5"
    ],
    [
      "C1CCOC1",
      "9b4e218e-d541-43de-ac84-aabbf852864d"
    ],
    [
      "C1COCCO1",
      "5a514a92-e182-4ba2-ac11-dbabe4400267"
    ],
    [
      "C1COCCOCCOCCOCCO1",
      "060885bf-63eb-4167-ab1d-b413aac2383c"
    ],
    [
      "C=Cc1ccccc1",
      "30d5a247-9e50-4120-acf5-c266dca786d6"
    ],
    [
      "CC(=O)C1CCC2C3CCC4CC(=O)CCC4(C)C3CCC12C",
      "d29ca061-4543-4cab-bb1b-a8216ae3d9c0"
    ],
    [
      "CC(=O)O",
      "d4faf8bb-f854-4c1c-ad0e-d5deb1b96867"
    ],
    [
      "CC(=O)O[BH-](OC(C)=O)OC(C)=O.[Na+]",
      "d4faf8bb-f854-4c1c-ad0e-d5deb1b96867"
    ],
    [
      "CC(=O)[O-].CC(=O)[O-].[Pd+2]",
      "30d5a247-9e50-4120-acf5-c266dca786d6"
    ],
    [
      "CC(C)(C)OC(=O)OC(=O)OC(C)(C)C",
      "7c68cee7-69dd-483f-9bec-a1996bb03ab5"
    ],
    [
      "CC(C)(C)OC(=O)n1c2ccncc2c2ccc(-c3ccc(F)nc3)cc21",
      "b9cc058d-ed91-4c7b-adad-fabaccaa9ef5"
    ],
    [
      "CC(C)(C)OC(=O)n1c2ccncc2c2ccc(Br)cc21",
      "5a514a92-e182-4ba2-ac11-dbabe4400267"
    ],
    [
      "CC(C)(C)O[Na]",
      "a0e93906-9e23-4a9f-910b-80558edcf0ba"
    ],
    [
      "CC(C)O",
      "c49c4f47-60a1-4541-9966-bd55e21efd12"
    ],
    [
      "CC(C)c1c(O)cc(Br)cc1O",
      "30d5a247-9e50-4120-acf5-c266dca786d6"
    ],
    [
      "CC(C)c1cc(C(C)C)c(c2ccccc2P(C2CCCCC2)C2CCCCC2)c(C(C)C)c1",
      "a0e93906-9e23-4a9f-910b-80558edcf0ba"
    ],
    [
      "CCCCO",
      "b92c5d47-7b9c-4e4a-8d2a-a595fa5cf209"
    ],
    [
      "CCN(CC)CC",
      "30d5a247-9e50-4120-acf5-c266dca786d6"
    ],
    [
      "CCO",
      "64d64880-fa58-4f47-bf0e-913edd543fd1"
    ],
    [
      "CCO",
      "d29ca061-4543-4cab-bb1b-a8216ae3d9c0"
    ],
    [
      "CCOC(C)=O",
      "b92c5d47-7b9c-4e4a-8d2a-a595fa5cf209"
    ],
    [
      "CN",
      "e94d8eaa-59ff-45c9-851c-3e8d4263ff5b"
    ],
    [
      "CN(C)C=O",
      "21934e0a-8fa3-4505-b08c-7537feeacc6d"
    ],
    [
      "CN(C)C=O",
      "30d5a247-9e50-4120-acf5-c266dca786d6"
    ],
    [
      "CN(C)c1ccncc1",
      "7c68cee7-69dd-483f-9bec-a1996bb03ab5"
    ],
    [
      "CN1CCN(c2ccc(C(=O)Cl)c(NC3CCOCC3)c2)CC1",
      "2661990b-b95d-4f41-85c3-fb7602565a34"
    ],
    [
      "CN1CCN(c2ccc(C(=O)O)c(NC3CCOCC3)c2)CC1",
      "21934e0a-8fa3-4505-b08c-7537feeacc6d"
    ],
    [
      "CN1CCNCC1",
      "a0e93906-9e23-4a9f-910b-80558edcf0ba"
    ],
    [
      "CO",
      "486d5aec-68b2-44a7-ac50-6e45240013eb"
    ],
    [
      "CO",
      "e94d8eaa-59ff-45c9-851c-3e8d4263ff5b"
    ],
    [
      "Cl",
      "64d64880-fa58-4f47-bf0e-913edd543fd1"
    ],
    [
      "ClC(Cl)Cl",
      "a5747884-92bf-461e-82b3-0a3b3ad99771"
    ],
    [
      "ClCCl",
      "21934e0a-8fa3-4505-b08c-7537feeacc6d"
    ],
    [
      "ClCCl",
      "2661990b-b95d-4f41-85c3-fb7602565a34"
    ],
    [
      "ClCCl",
      "b9cc058d-ed91-4c7b-adad-fabaccaa9ef5"
    ],
    [
      "ClCCl",
      "d4faf8bb-f854-4c1c-ad0e-d5deb1b96867"
    ],
    [
      "Cl[Pd]Cl",
      "5a514a92-e182-4ba2-ac11-dbabe4400267"
    ],
    [
      "N#Cc1cc(Br)ccc1F",
      "9b4e218e-d541-43de-ac84-aabbf852864d"
    ],
    [
      "N#Cc1cc(C(O)c2cc(F)cc(F)c2)ccc1F",
      "486d5aec-68b2-44a7-ac50-6e45240013eb"
    ],
    [
      "N#Cc1cc(Cc2cc(F)cc(F)c2)ccc1F",
      "b92c5d47-7b9c-4e4a-8d2a-a595fa5cf209"
    ],
    [
      "NNc1cccc(Br)c1",
      "64d64880-fa58-4f47-bf0e-913edd543fd1"
    ],
    [
      "Nc1cc(Br)ccc1C(=O)O",
      "d4faf8bb-f854-4c1c-ad0e-d5deb1b96867"
    ],
    [
      "Nc1n[nH]c2ccc(Cc3cc(F)cc(F)c3)cc12",
      "2661990b-b95d-4f41-85c3-fb7602565a34"
    ],
    [
      "O",
      "b92c5d47-7b9c-4e4a-8d2a-a595fa5cf209"
    ],
    [
      "O=C(Cl)C(=O)Cl",
      "21934e0a-8fa3-4505-b08c-7537feeacc6d"
    ],
    [
      "O=C(O)C(F)(F)F",
      "b9cc058d-ed91-4c7b-adad-fabaccaa9ef5"
    ],
    [
      "O=C(O)O[Na]",
      "e94d8eaa-59ff-45c9-851c-3e8d4263ff5b"
    ],
    [
      "O=C(O)c1ccc(Br)cc1NC1CCOCC1",
      "a0e93906-9e23-4a9f-910b-80558edcf0ba"
    ],
    [
      "O=C(O[K])O[K]",
      "5a514a92-e182-4ba2-ac11-dbabe4400267"
    ],
    [
      "O=C1CCNCC1",
      "64d64880-fa58-4f47-bf0e-913edd543fd1"
    ],
    [
      "O=C1CCOCC1",
      "d4faf8bb-f854-4c1c-ad0e-d5deb1b96867"
    ],
    [
      "O=Cc1c[nH]c(-c2ccccc2F)c1",
      "060885bf-63eb-4167-ab1d-b413aac2383c"
    ],
    [
      "O=Cc1cc(-c2ccccc2F)n(S(=O)(=O)c2cccnc2)c1",
      "e94d8eaa-59ff-45c9-851c-3e8d4263ff5b"
    ],
    [
      "O=Cc1cc(F)cc(F)c1",
      "9b4e218e-d541-43de-ac84-aabbf852864d"
    ],
    [
      "O=S(=O)(Cl)c1cccnc1",
      "060885bf-63eb-4167-ab1d-b413aac2383c"
    ],
    [
      "O=S(=O)(O)O",
      "c49c4f47-60a1-4541-9966-bd55e21efd12"
    ],
    [
      "O=[Mn]=O",
      "a5747884-92bf-461e-82b3-0a3b3ad99771"
    ],
    [
      "OB(O)c1ccc(F)nc1",
      "5a514a92-e182-4ba2-ac11-dbabe4400267"
    ],
    [
      "Oc1cc(O)cc(Br)c1",
      "c49c4f47-60a1-4541-9966-bd55e21efd12"
    ],
    [
      "[BH4][Na]",
      "e94d8eaa-59ff-45c9-851c-3e8d4263ff5b"
    ],
    [
      "[Li]CCCC",
      "9b4e218e-d541-43de-ac84-aabbf852864d"
    ],
    [
      "[NaH]",
      "060885bf-63eb-4167-ab1d-b413aac2383c"
    ],
    [
      "[Na]",
      "d29ca061-4543-4cab-bb1b-a8216ae3d9c0"
    ],
    [
      "[Na]Cl",
      "060885bf-63eb-4167-ab1d-b413aac2383c"
    ],
    [
      "[Pd]",
      "486d5aec-68b2-44a7-ac50-6e45240013eb"
    ],
    [
      "[Pd]",
      "a0e93906-9e23-4a9f-910b-80558edcf0ba"
    ],
    [
      "a0e93906-9e23-4a9f-910b-80558edcf0ba",
      "CN1CCN(c2ccc(C(=O)O)c(NC3CCOCC3)c2)CC1"
    ],
    [
      "a5747884-92bf-461e-82b3-0a3b3ad99771",
      "Brc1ccc2c(c1)[nH]c1ccncc12"
    ],
    [
      "b92c5d47-7b9c-4e4a-8d2a-a595fa5cf209",
      "Nc1n[nH]c2ccc(Cc3cc(F)cc(F)c3)cc12"
    ],
    [
      "b9cc058d-ed91-4c7b-adad-fabaccaa9ef5",
      "Fc1ccc(-c2ccc3c(c2)[nH]c2ccncc23)cn1"
    ],
    [
      "c1ccc(P(c2ccccc2)c2ccccc2)cc1",
      "30d5a247-9e50-4120-acf5-c266dca786d6"
    ],
    [
      "c1ccncc1",
      "2661990b-b95d-4f41-85c3-fb7602565a34"
    ],
    [
      "c49c4f47-60a1-4541-9966-bd55e21efd12",
      "CC(C)c1c(O)cc(Br)cc1O"
    ],
    [
      "d29ca061-4543-4cab-bb1b-a8216ae3d9c0",
      "CC(=O)C1CCC2C3CCC4CC(O)CCC4(C)C3CCC12C"
    ],
    [
      "d4faf8bb-f854-4c1c-ad0e-d5deb1b96867",
      "O=C(O)c1ccc(Br)cc1NC1CCOCC1"
    ],
    [
      "e94d8eaa-59ff-45c9-851c-3e8d4263ff5b",
      "CNCc1cc(-c2ccccc2F)n(S(=O)(=O)c2cccnc2)c1"
    ]
  ]
}