{
  "identifier": "e9d60fda-e3ca-44eb-829b-3d4667ef6fd9",
  "operation_graphs": [
    {
      "identifier": "86f8c5cd-6966-446a-85d4-2ccfda823c19",
      "reaction": {
        "identifier": "68b370c4-cf80-4456-8558-4405344ee7a7",
        "reactants": [
          {
            "identifier": "b3465be6-0da8-4748-ab1f-80698eb4806b",
            "smiles": "FC(F)(F)Oc1ccc(CBr)cc1",
            "state_of_matter": "SOLID",
            "molecular_weight": 255.03184959999987,
            "density": 1.4,
            "mass": 2.5503184959999987,
            "is_produced_by": [],
            "is_consumed_by": [
              "68b370c4-cf80-4456-8558-4405344ee7a7"
            ],
            "provenance__density": "dummy estimator based on mw",
            "provenance__is_consumed_by": null,
            "provenance__is_produced_by": null,
            "provenance__mass": null,
            "provenance__molecular_weight": "periodic table",
            "provenance__smiles": null,
            "provenance__state_of_matter": "dummy estimator based on mw"
          },
          {
            "identifier": "0f67c116-d566-43c9-934a-47e5cd841659",
            "smiles": "O=[N+]([O-])c1cn(CC(O)COCc2ccccc2)c(Br)n1",
            "state_of_matter": "SOLID",
            "molecular_weight": 357.1799000000002,
            "density": 1.4,
            "mass": 3.571799000000002,
            "is_produced_by": [],
            "is_consumed_by": [
              "68b370c4-cf80-4456-8558-4405344ee7a7"
            ],
            "provenance__density": "dummy estimator based on mw",
            "provenance__is_consumed_by": null,
            "provenance__is_produced_by": null,
            "provenance__mass": null,
            "provenance__molecular_weight": "periodic table",
            "provenance__smiles": null,
            "provenance__state_of_matter": "dummy estimator based on mw"
          }
        ],
        "reagents": [
          {
            "identifier": "048f66b7-e88f-4404-b886-bb1b72d3b3a9",
            "smiles": "CN(C)C=O",
            "state_of_matter": "LIQUID",
            "molecular_weight": 73.09378000000004,
            "density": 1.0,
            "mass": 0.7309378000000004,
            "is_produced_by": [],
            "is_consumed_by": [
              "68b370c4-cf80-4456-8558-4405344ee7a7"
            ],
            "provenance__density": "dummy estimator based on mw",
            "provenance__is_consumed_by": null,
            "provenance__is_produced_by": null,
            "provenance__mass": null,
            "provenance__molecular_weight": "periodic table",
            "provenance__smiles": null,
            "provenance__state_of_matter": "dummy estimator based on mw"
          },
          {
            "identifier": "ed2af0b2-fe17-49d9-83c0-6db85bbad2c3",
            "smiles": "[NaH]",
            "state_of_matter": "SOLID",
            "molecular_weight": 23.99771,
            "density": 1.4,
            "mass": 0.23997710000000003,
            "is_produced_by": [],
            "is_consumed_by": [
              "68b370c4-cf80-4456-8558-4405344ee7a7"
            ],
            "provenance__density": "dummy estimator based on mw",
            "provenance__is_consumed_by": null,
            "provenance__is_produced_by": null,
            "provenance__mass": null,
            "provenance__molecular_weight": "periodic table",
            "provenance__smiles": null,
            "provenance__state_of_matter": "dummy estimator based on mw"
          }
        ],
        "products": [
          {
            "identifier": "4cebfd4e-7c5c-43a3-a020-cc6cdf6e3a42",
            "smiles": "O=[N+]([O-])c1cn(CC(COCc2ccccc2)OCc2ccc(OC(F)(F)F)cc2)c(Br)n1",
            "state_of_matter": "SOLID",
            "molecular_weight": 531.2998095999991,
            "density": 1.4,
            "mass": 5.312998095999991,
            "is_produced_by": [
              "68b370c4-cf80-4456-8558-4405344ee7a7"
            ],
            "is_consumed_by": [],
            "provenance__density": "dummy estimator based on mw",
            "provenance__is_consumed_by": null,
            "provenance__is_produced_by": null,
            "provenance__mass": null,
            "provenance__molecular_weight": "periodic table",
            "provenance__smiles": null,
            "provenance__state_of_matter": "dummy estimator based on mw"
          }
        ],
        "stoichiometry": {
          "b3465be6-0da8-4748-ab1f-80698eb4806b": 1.0,
          "0f67c116-d566-43c9-934a-47e5cd841659": 1.0,
          "4cebfd4e-7c5c-43a3-a020-cc6cdf6e3a42": -1.0
        },
        "temperature": 279.3248981773853,
        "intended_ratios": {
          "b3465be6-0da8-4748-ab1f-80698eb4806b": 1.0,
          "0f67c116-d566-43c9-934a-47e5cd841659": 1.0,
          "048f66b7-e88f-4404-b886-bb1b72d3b3a9": 1.0,
          "ed2af0b2-fe17-49d9-83c0-6db85bbad2c3": 1.0
        },
        "expected_yields": {
          "4cebfd4e-7c5c-43a3-a020-cc6cdf6e3a42": 1.0
        },
        "reaction_extent": 0.01
      },
      "functional_modules": [],
      "make_solutions": {
        "ed2af0b2-fe17-49d9-83c0-6db85bbad2c3": {
          "identifier": "420a0d8f-4c67-44b5-bac0-b64af034e531",
          "type": "MakeSolution",
          "process_times": {},
          "from_reaction": "68b370c4-cf80-4456-8558-4405344ee7a7",
          "annotations": {
            "solid_chemical": {
              "identifier": "ed2af0b2-fe17-49d9-83c0-6db85bbad2c3",
              "smiles": "[NaH]",
              "state_of_matter": "SOLID",
              "molecular_weight": 23.99771,
              "density": 1.4,
              "mass": 0.23997710000000003,
              "is_produced_by": [],
              "is_consumed_by": [
                "68b370c4-cf80-4456-8558-4405344ee7a7"
              ],
              "provenance__density": "dummy estimator based on mw",
              "provenance__is_consumed_by": null,
              "provenance__is_produced_by": null,
              "provenance__mass": null,
              "provenance__molecular_weight": "periodic table",
              "provenance__smiles": null,
              "provenance__state_of_matter": "dummy estimator based on mw"
            },
            "liquid_chemical": {
              "identifier": "88dedd1c-3513-4167-88db-f9684ee4127d",
              "smiles": "CN(C)C=O",
              "state_of_matter": "LIQUID",
              "molecular_weight": 73.09378000000004,
              "density": 1.0,
              "mass": 0.0275708464999347,
              "is_produced_by": [],
              "is_consumed_by": [
                "68b370c4-cf80-4456-8558-4405344ee7a7"
              ],
              "provenance__density": "dummy estimator based on mw",
              "provenance__is_consumed_by": null,
              "provenance__is_produced_by": null,
              "provenance__mass": null,
              "provenance__molecular_weight": "periodic table",
              "provenance__smiles": null,
              "provenance__state_of_matter": "dummy estimator based on mw"
            },
            "notes": "making CN(C)C=O solution for [NaH]"
          },
          "precedents": []
        },
        "b3465be6-0da8-4748-ab1f-80698eb4806b": {
          "identifier": "3939583d-6e45-4ab3-9f15-08f15e52c4a5",
          "type": "MakeSolution",
          "process_times": {},
          "from_reaction": "68b370c4-cf80-4456-8558-4405344ee7a7",
          "annotations": {
            "solid_chemical": {
              "identifier": "b3465be6-0da8-4748-ab1f-80698eb4806b",
              "smiles": "FC(F)(F)Oc1ccc(CBr)cc1",
              "state_of_matter": "SOLID",
              "molecular_weight": 255.03184959999987,
              "density": 1.4,
              "mass": 2.5503184959999987,
              "is_produced_by": [],
              "is_consumed_by": [
                "68b370c4-cf80-4456-8558-4405344ee7a7"
              ],
              "provenance__density": "dummy estimator based on mw",
              "provenance__is_consumed_by": null,
              "provenance__is_produced_by": null,
              "provenance__mass": null,
              "provenance__molecular_weight": "periodic table",
              "provenance__smiles": null,
              "provenance__state_of_matter": "dummy estimator based on mw"
            },
            "liquid_chemical": {
              "identifier": "622eb985-1cb2-4ecd-a1bc-e0f0a2008791",
              "smiles": "CN(C)C=O",
              "state_of_matter": "LIQUID",
              "molecular_weight": 73.09378000000004,
              "density": 1.0,
              "mass": 0.2930047899535426,
              "is_produced_by": [],
              "is_consumed_by": [
                "68b370c4-cf80-4456-8558-4405344ee7a7"
              ],
              "provenance__density": "dummy estimator based on mw",
              "provenance__is_consumed_by": null,
              "provenance__is_produced_by": null,
              "provenance__mass": null,
              "provenance__molecular_weight": "periodic table",
              "provenance__smiles": null,
              "provenance__state_of_matter": "dummy estimator based on mw"
            },
            "notes": "making CN(C)C=O solution for FC(F)(F)Oc1ccc(CBr)cc1"
          },
          "precedents": []
        },
        "0f67c116-d566-43c9-934a-47e5cd841659": {
          "identifier": "561162b4-ae70-42bf-8c96-4ee3b87d6897",
          "type": "MakeSolution",
          "process_times": {},
          "from_reaction": "68b370c4-cf80-4456-8558-4405344ee7a7",
          "annotations": {
            "solid_chemical": {
              "identifier": "0f67c116-d566-43c9-934a-47e5cd841659",
              "smiles": "O=[N+]([O-])c1cn(CC(O)COCc2ccccc2)c(Br)n1",
              "state_of_matter": "SOLID",
              "molecular_weight": 357.1799000000002,
              "density": 1.4,
              "mass": 3.571799000000002,
              "is_produced_by": [],
              "is_consumed_by": [
                "68b370c4-cf80-4456-8558-4405344ee7a7"
              ],
              "provenance__density": "dummy estimator based on mw",
              "provenance__is_consumed_by": null,
              "provenance__is_produced_by": null,
              "provenance__mass": null,
              "provenance__molecular_weight": "periodic table",
              "provenance__smiles": null,
              "provenance__state_of_matter": "dummy estimator based on mw"
            },
            "liquid_chemical": {
              "identifier": "fd7ecaeb-e64f-4193-9ebf-a345155165a3",
              "smiles": "CN(C)C=O",
              "state_of_matter": "LIQUID",
              "molecular_weight": 73.09378000000004,
              "density": 1.0,
              "mass": 0.41036216354652305,
              "is_produced_by": [],
              "is_consumed_by": [
                "68b370c4-cf80-4456-8558-4405344ee7a7"
              ],
              "provenance__density": "dummy estimator based on mw",
              "provenance__is_consumed_by": null,
              "provenance__is_produced_by": null,
              "provenance__mass": null,
              "provenance__molecular_weight": "periodic table",
              "provenance__smiles": null,
              "provenance__state_of_matter": "dummy estimator based on mw"
            },
            "notes": "making CN(C)C=O solution for O=[N+]([O-])c1cn(CC(O)COCc2ccccc2)c(Br)n1"
          },
          "precedents": [
            "fca813ca-37d8-4e50-8585-0c8ceb48f26f"
          ]
        }
      },
      "add_solutions": {
        "ed2af0b2-fe17-49d9-83c0-6db85bbad2c3": {
          "identifier": "4ebf8ea3-47f1-4374-8f14-9ecc361d46a1",
          "type": "TransferLiquid",
          "process_times": {},
          "from_reaction": "68b370c4-cf80-4456-8558-4405344ee7a7",
          "annotations": {
            "chemical": {
              "identifier": "80d41a2b-4f56-4750-bfae-95c27cccccff",
              "smiles": "CN(C)C=O.[NaH]",
              "state_of_matter": "LIQUID",
              "molecular_weight": null,
              "density": 1.3445764953236197,
              "mass": 0.26754794649993474,
              "is_produced_by": [],
              "is_consumed_by": [
                "68b370c4-cf80-4456-8558-4405344ee7a7"
              ],
              "provenance__density": "dummy estimator based on mw",
              "provenance__is_consumed_by": null,
              "provenance__is_produced_by": null,
              "provenance__mass": null,
              "provenance__molecular_weight": "periodic table",
              "provenance__smiles": null,
              "provenance__state_of_matter": "dummy estimator based on mw"
            },
            "notes": "add solution [NaH] in CN(C)C=O"
          },
          "precedents": [
            "420a0d8f-4c67-44b5-bac0-b64af034e531"
          ]
        },
        "b3465be6-0da8-4748-ab1f-80698eb4806b": {
          "identifier": "09507b9f-c39e-47e2-8ccb-a8b855317c8e",
          "type": "TransferLiquid",
          "process_times": {},
          "from_reaction": "68b370c4-cf80-4456-8558-4405344ee7a7",
          "annotations": {
            "chemical": {
              "identifier": "d5305406-85fb-497a-807d-1f75eb736540",
              "smiles": "CN(C)C=O.FC(F)(F)Oc1ccc(CBr)cc1",
              "state_of_matter": "LIQUID",
              "molecular_weight": null,
              "density": 1.3445764953236197,
              "mass": 2.8433232859535416,
              "is_produced_by": [],
              "is_consumed_by": [
                "68b370c4-cf80-4456-8558-4405344ee7a7"
              ],
              "provenance__density": "dummy estimator based on mw",
              "provenance__is_consumed_by": null,
              "provenance__is_produced_by": null,
              "provenance__mass": null,
              "provenance__molecular_weight": "periodic table",
              "provenance__smiles": null,
              "provenance__state_of_matter": "dummy estimator based on mw"
            },
            "notes": "add solution FC(F)(F)Oc1ccc(CBr)cc1 in CN(C)C=O"
          },
          "precedents": [
            "3939583d-6e45-4ab3-9f15-08f15e52c4a5"
          ]
        },
        "0f67c116-d566-43c9-934a-47e5cd841659": {
          "identifier": "26717c01-e583-4035-9a4a-8c593eacd148",
          "type": "TransferLiquid",
          "process_times": {},
          "from_reaction": "68b370c4-cf80-4456-8558-4405344ee7a7",
          "annotations": {
            "chemical": {
              "identifier": "18aceb46-1179-4250-ad31-71b61be5435f",
              "smiles": "CN(C)C=O.O=[N+]([O-])c1cn(CC(O)COCc2ccccc2)c(Br)n1",
              "state_of_matter": "LIQUID",
              "molecular_weight": null,
              "density": 1.3445764953236197,
              "mass": 3.9821611635465253,
              "is_produced_by": [],
              "is_consumed_by": [
                "68b370c4-cf80-4456-8558-4405344ee7a7"
              ],
              "provenance__density": "dummy estimator based on mw",
              "provenance__is_consumed_by": null,
              "provenance__is_produced_by": null,
              "provenance__mass": null,
              "provenance__molecular_weight": "periodic table",
              "provenance__smiles": null,
              "provenance__state_of_matter": "dummy estimator based on mw"
            },
            "notes": "add solution O=[N+]([O-])c1cn(CC(O)COCc2ccccc2)c(Br)n1 in CN(C)C=O"
          },
          "precedents": [
            "561162b4-ae70-42bf-8c96-4ee3b87d6897"
          ]
        }
      },
      "add_liquids": {},
      "heat": {
        "identifier": "8fd3d3bc-a787-4384-b9c4-56c226f6a5de",
        "type": "Heating",
        "process_times": {},
        "from_reaction": "68b370c4-cf80-4456-8558-4405344ee7a7",
        "annotations": {
          "temperature": 279.3248981773853,
          "notes": "heating the reaction vessel to afford product: O=[N+]([O-])c1cn(CC(COCc2ccccc2)OCc2ccc(OC(F)(F)F)cc2)c(Br)n1"
        },
        "precedents": [
          "4ebf8ea3-47f1-4374-8f14-9ecc361d46a1",
          "09507b9f-c39e-47e2-8ccb-a8b855317c8e",
          "26717c01-e583-4035-9a4a-8c593eacd148"
        ]
      },
      "concentrate_and_purify": {
        "identifier": "cce7b832-b53e-4d26-82f5-c01fc5ecc028",
        "type": "ConcentrationAndPurification",
        "process_times": {},
        "from_reaction": "68b370c4-cf80-4456-8558-4405344ee7a7",
        "annotations": {
          "chemical": {
            "identifier": "4cebfd4e-7c5c-43a3-a020-cc6cdf6e3a42",
            "smiles": "O=[N+]([O-])c1cn(CC(COCc2ccccc2)OCc2ccc(OC(F)(F)F)cc2)c(Br)n1",
            "state_of_matter": "SOLID",
            "molecular_weight": 531.2998095999991,
            "density": 1.4,
            "mass": 5.312998095999991,
            "is_produced_by": [
              "68b370c4-cf80-4456-8558-4405344ee7a7"
            ],
            "is_consumed_by": [],
            "provenance__density": "dummy estimator based on mw",
            "provenance__is_consumed_by": null,
            "provenance__is_produced_by": null,
            "provenance__mass": null,
            "provenance__molecular_weight": "periodic table",
            "provenance__smiles": null,
            "provenance__state_of_matter": "dummy estimator based on mw"
          },
          "notes": "purify and concentrate the product: O=[N+]([O-])c1cn(CC(COCc2ccccc2)OCc2ccc(OC(F)(F)F)cc2)c(Br)n1"
        },
        "precedents": [
          "8fd3d3bc-a787-4384-b9c4-56c226f6a5de"
        ]
      },
      "lmin": {
        "8fd3d3bc-a787-4384-b9c4-56c226f6a5de": {
          "cce7b832-b53e-4d26-82f5-c01fc5ecc028": 23.481107042677905
        }
      },
      "lmax": {
        "420a0d8f-4c67-44b5-bac0-b64af034e531": {
          "8fd3d3bc-a787-4384-b9c4-56c226f6a5de": 38.964962206146446
        },
        "3939583d-6e45-4ab3-9f15-08f15e52c4a5": {
          "8fd3d3bc-a787-4384-b9c4-56c226f6a5de": 65.00707058140524
        },
        "561162b4-ae70-42bf-8c96-4ee3b87d6897": {
          "8fd3d3bc-a787-4384-b9c4-56c226f6a5de": 51.65439668064951
        }
      }
    },
    {
      "identifier": "1ec68e76-6a34-456f-8093-50d4ed1ee450",
      "reaction": {
        "identifier": "81bdbb96-3e48-4282-bb0c-c0c1fad63257",
        "reactants": [
          {
            "identifier": "9539a248-6bd4-4da9-9185-d41c00b77c65",
            "smiles": "O=[N+]([O-])c1c[nH]c(Br)n1",
            "state_of_matter": "LIQUID",
            "molecular_weight": 191.97087999999997,
            "density": 1.0,
            "mass": 1.9197087999999998,
            "is_produced_by": [],
            "is_consumed_by": [
              "81bdbb96-3e48-4282-bb0c-c0c1fad63257"
            ],
            "provenance__density": "dummy estimator based on mw",
            "provenance__is_consumed_by": null,
            "provenance__is_produced_by": null,
            "provenance__mass": null,
            "provenance__molecular_weight": "periodic table",
            "provenance__smiles": null,
            "provenance__state_of_matter": "dummy estimator based on mw"
          },
          {
            "identifier": "24a3d62c-773c-4a44-8007-28ece31d24ea",
            "smiles": "c1ccc(COCC2CO2)cc1",
            "state_of_matter": "LIQUID",
            "molecular_weight": 164.20107999999988,
            "density": 1.0,
            "mass": 1.6420107999999989,
            "is_produced_by": [],
            "is_consumed_by": [
              "81bdbb96-3e48-4282-bb0c-c0c1fad63257"
            ],
            "provenance__density": "dummy estimator based on mw",
            "provenance__is_consumed_by": null,
            "provenance__is_produced_by": null,
            "provenance__mass": null,
            "provenance__molecular_weight": "periodic table",
            "provenance__smiles": null,
            "provenance__state_of_matter": "dummy estimator based on mw"
          }
        ],
        "reagents": [
          {
            "identifier": "0b93edf1-1f08-4362-8848-bee2f3cfcdc1",
            "smiles": "CO",
            "state_of_matter": "LIQUID",
            "molecular_weight": 32.04186000000001,
            "density": 1.0,
            "mass": 0.32041860000000005,
            "is_produced_by": [],
            "is_consumed_by": [
              "81bdbb96-3e48-4282-bb0c-c0c1fad63257"
            ],
            "provenance__density": "dummy estimator based on mw",
            "provenance__is_consumed_by": null,
            "provenance__is_produced_by": null,
            "provenance__mass": null,
            "provenance__molecular_weight": "periodic table",
            "provenance__smiles": null,
            "provenance__state_of_matter": "dummy estimator based on mw"
          }
        ],
        "products": [
          {
            "identifier": "28988ea0-6ab8-4ea7-a926-08616a9155d4",
            "smiles": "O=[N+]([O-])c1cn(CC(O)COCc2ccccc2)c(Br)n1",
            "state_of_matter": "SOLID",
            "molecular_weight": 357.1799000000002,
            "density": 1.4,
            "mass": 3.571799000000002,
            "is_produced_by": [
              "81bdbb96-3e48-4282-bb0c-c0c1fad63257"
            ],
            "is_consumed_by": [],
            "provenance__density": "dummy estimator based on mw",
            "provenance__is_consumed_by": null,
            "provenance__is_produced_by": null,
            "provenance__mass": null,
            "provenance__molecular_weight": "periodic table",
            "provenance__smiles": null,
            "provenance__state_of_matter": "dummy estimator based on mw"
          }
        ],
        "stoichiometry": {
          "9539a248-6bd4-4da9-9185-d41c00b77c65": 1.0,
          "24a3d62c-773c-4a44-8007-28ece31d24ea": 1.0,
          "28988ea0-6ab8-4ea7-a926-08616a9155d4": -1.0
        },
        "temperature": 323.39270448088644,
        "intended_ratios": {
          "9539a248-6bd4-4da9-9185-d41c00b77c65": 1.0,
          "24a3d62c-773c-4a44-8007-28ece31d24ea": 1.0,
          "0b93edf1-1f08-4362-8848-bee2f3cfcdc1": 1.0
        },
        "expected_yields": {
          "28988ea0-6ab8-4ea7-a926-08616a9155d4": 1.0
        },
        "reaction_extent": 0.01
      },
      "functional_modules": [],
      "make_solutions": {
        "9539a248-6bd4-4da9-9185-d41c00b77c65": {
          "identifier": "fbd7ea52-1bac-441d-9616-b6d11d5dedd8",
          "type": "TransferLiquid",
          "process_times": {},
          "from_reaction": "81bdbb96-3e48-4282-bb0c-c0c1fad63257",
          "annotations": {
            "chemical": {
              "identifier": "9539a248-6bd4-4da9-9185-d41c00b77c65",
              "smiles": "O=[N+]([O-])c1c[nH]c(Br)n1",
              "state_of_matter": "LIQUID",
              "molecular_weight": 191.97087999999997,
              "density": 1.0,
              "mass": 1.9197087999999998,
              "is_produced_by": [],
              "is_consumed_by": [
                "81bdbb96-3e48-4282-bb0c-c0c1fad63257"
              ],
              "provenance__density": "dummy estimator based on mw",
              "provenance__is_consumed_by": null,
              "provenance__is_produced_by": null,
              "provenance__mass": null,
              "provenance__molecular_weight": "periodic table",
              "provenance__smiles": null,
              "provenance__state_of_matter": "dummy estimator based on mw"
            },
            "notes": "add all solvent O=[N+]([O-])c1c[nH]c(Br)n1"
          },
          "precedents": []
        }
      },
      "add_solutions": {},
      "add_liquids": {
        "0b93edf1-1f08-4362-8848-bee2f3cfcdc1": {
          "identifier": "16785804-645a-4f40-844c-eed12c4aa2d1",
          "type": "TransferLiquid",
          "process_times": {},
          "from_reaction": "81bdbb96-3e48-4282-bb0c-c0c1fad63257",
          "annotations": {
            "chemical": {
              "identifier": "0b93edf1-1f08-4362-8848-bee2f3cfcdc1",
              "smiles": "CO",
              "state_of_matter": "LIQUID",
              "molecular_weight": 32.04186000000001,
              "density": 1.0,
              "mass": 0.32041860000000005,
              "is_produced_by": [],
              "is_consumed_by": [
                "81bdbb96-3e48-4282-bb0c-c0c1fad63257"
              ],
              "provenance__density": "dummy estimator based on mw",
              "provenance__is_consumed_by": null,
              "provenance__is_produced_by": null,
              "provenance__mass": null,
              "provenance__molecular_weight": "periodic table",
              "provenance__smiles": null,
              "provenance__state_of_matter": "dummy estimator based on mw"
            },
            "notes": "add liquid CO"
          },
          "precedents": []
        },
        "24a3d62c-773c-4a44-8007-28ece31d24ea": {
          "identifier": "ba8751fa-578e-4a9c-94a7-9e1129a94959",
          "type": "TransferLiquid",
          "process_times": {},
          "from_reaction": "81bdbb96-3e48-4282-bb0c-c0c1fad63257",
          "annotations": {
            "chemical": {
              "identifier": "24a3d62c-773c-4a44-8007-28ece31d24ea",
              "smiles": "c1ccc(COCC2CO2)cc1",
              "state_of_matter": "LIQUID",
              "molecular_weight": 164.20107999999988,
              "density": 1.0,
              "mass": 1.6420107999999989,
              "is_produced_by": [],
              "is_consumed_by": [
                "81bdbb96-3e48-4282-bb0c-c0c1fad63257"
              ],
              "provenance__density": "dummy estimator based on mw",
              "provenance__is_consumed_by": null,
              "provenance__is_produced_by": null,
              "provenance__mass": null,
              "provenance__molecular_weight": "periodic table",
              "provenance__smiles": null,
              "provenance__state_of_matter": "dummy estimator based on mw"
            },
            "notes": "add liquid c1ccc(COCC2CO2)cc1"
          },
          "precedents": []
        }
      },
      "heat": {
        "identifier": "7b286d87-dac4-4f74-ab1a-31c8dc5cdfc6",
        "type": "Heating",
        "process_times": {},
        "from_reaction": "81bdbb96-3e48-4282-bb0c-c0c1fad63257",
        "annotations": {
          "temperature": 323.39270448088644,
          "notes": "heating the reaction vessel to afford product: O=[N+]([O-])c1cn(CC(O)COCc2ccccc2)c(Br)n1"
        },
        "precedents": [
          "16785804-645a-4f40-844c-eed12c4aa2d1",
          "ba8751fa-578e-4a9c-94a7-9e1129a94959"
        ]
      },
      "concentrate_and_purify": {
        "identifier": "fca813ca-37d8-4e50-8585-0c8ceb48f26f",
        "type": "ConcentrationAndPurification",
        "process_times": {},
        "from_reaction": "81bdbb96-3e48-4282-bb0c-c0c1fad63257",
        "annotations": {
          "chemical": {
            "identifier": "28988ea0-6ab8-4ea7-a926-08616a9155d4",
            "smiles": "O=[N+]([O-])c1cn(CC(O)COCc2ccccc2)c(Br)n1",
            "state_of_matter": "SOLID",
            "molecular_weight": 357.1799000000002,
            "density": 1.4,
            "mass": 3.571799000000002,
            "is_produced_by": [
              "81bdbb96-3e48-4282-bb0c-c0c1fad63257"
            ],
            "is_consumed_by": [],
            "provenance__density": "dummy estimator based on mw",
            "provenance__is_consumed_by": null,
            "provenance__is_produced_by": null,
            "provenance__mass": null,
            "provenance__molecular_weight": "periodic table",
            "provenance__smiles": null,
            "provenance__state_of_matter": "dummy estimator based on mw"
          },
          "notes": "purify and concentrate the product: O=[N+]([O-])c1cn(CC(O)COCc2ccccc2)c(Br)n1"
        },
        "precedents": [
          "7b286d87-dac4-4f74-ab1a-31c8dc5cdfc6"
        ]
      },
      "lmin": {
        "7b286d87-dac4-4f74-ab1a-31c8dc5cdfc6": {
          "fca813ca-37d8-4e50-8585-0c8ceb48f26f": 59.465151335479426
        }
      },
      "lmax": {}
    },
    {
      "identifier": "d77511b2-b2af-4bcd-b335-e07724c6530d",
      "reaction": {
        "identifier": "a68b6c73-5efd-4fda-9f87-c2ddf085bffd",
        "reactants": [
          {
            "identifier": "6242ddd5-2157-49f3-9b63-bb40584a660f",
            "smiles": "O=[N+]([O-])c1cn(CC(CO)OCc2ccc(OC(F)(F)F)cc2)c(Br)n1",
            "state_of_matter": "SOLID",
            "molecular_weight": 441.17726960000016,
            "density": 1.4,
            "mass": 4.411772696000002,
            "is_produced_by": [],
            "is_consumed_by": [
              "a68b6c73-5efd-4fda-9f87-c2ddf085bffd"
            ],
            "provenance__density": "dummy estimator based on mw",
            "provenance__is_consumed_by": null,
            "provenance__is_produced_by": null,
            "provenance__mass": null,
            "provenance__molecular_weight": "periodic table",
            "provenance__smiles": null,
            "provenance__state_of_matter": "dummy estimator based on mw"
          }
        ],
        "reagents": [
          {
            "identifier": "752a90b6-6f9d-4155-abdd-f4a8867e5994",
            "smiles": "CN(C)C=O",
            "state_of_matter": "LIQUID",
            "molecular_weight": 73.09378000000004,
            "density": 1.0,
            "mass": 0.7309378000000004,
            "is_produced_by": [],
            "is_consumed_by": [
              "a68b6c73-5efd-4fda-9f87-c2ddf085bffd"
            ],
            "provenance__density": "dummy estimator based on mw",
            "provenance__is_consumed_by": null,
            "provenance__is_produced_by": null,
            "provenance__mass": null,
            "provenance__molecular_weight": "periodic table",
            "provenance__smiles": null,
            "provenance__state_of_matter": "dummy estimator based on mw"
          },
          {
            "identifier": "72d03e1c-1bc4-4416-8a4d-c527ec81a5ae",
            "smiles": "[NaH]",
            "state_of_matter": "SOLID",
            "molecular_weight": 23.99771,
            "density": 1.4,
            "mass": 0.23997710000000003,
            "is_produced_by": [],
            "is_consumed_by": [
              "a68b6c73-5efd-4fda-9f87-c2ddf085bffd"
            ],
            "provenance__density": "dummy estimator based on mw",
            "provenance__is_consumed_by": null,
            "provenance__is_produced_by": null,
            "provenance__mass": null,
            "provenance__molecular_weight": "periodic table",
            "provenance__smiles": null,
            "provenance__state_of_matter": "dummy estimator based on mw"
          }
        ],
        "products": [
          {
            "identifier": "21345fe4-f464-4183-85a2-5b15dc3832bc",
            "smiles": "O=[N+]([O-])c1cn2c(n1)OCC(OCc1ccc(OC(F)(F)F)cc1)C2",
            "state_of_matter": "SOLID",
            "molecular_weight": 360.26532960000014,
            "density": 1.4,
            "mass": 3.6026532960000015,
            "is_produced_by": [
              "a68b6c73-5efd-4fda-9f87-c2ddf085bffd"
            ],
            "is_consumed_by": [],
            "provenance__density": "dummy estimator based on mw",
            "provenance__is_consumed_by": null,
            "provenance__is_produced_by": null,
            "provenance__mass": null,
            "provenance__molecular_weight": "periodic table",
            "provenance__smiles": null,
            "provenance__state_of_matter": "dummy estimator based on mw"
          }
        ],
        "stoichiometry": {
          "6242ddd5-2157-49f3-9b63-bb40584a660f": 1.0,
          "21345fe4-f464-4183-85a2-5b15dc3832bc": -1.0
        },
        "temperature": 315.6288124144077,
        "intended_ratios": {
          "6242ddd5-2157-49f3-9b63-bb40584a660f": 1.0,
          "752a90b6-6f9d-4155-abdd-f4a8867e5994": 1.0,
          "72d03e1c-1bc4-4416-8a4d-c527ec81a5ae": 1.0
        },
        "expected_yields": {
          "21345fe4-f464-4183-85a2-5b15dc3832bc": 1.0
        },
        "reaction_extent": 0.01
      },
      "functional_modules": [],
      "make_solutions": {
        "72d03e1c-1bc4-4416-8a4d-c527ec81a5ae": {
          "identifier": "9e1923c1-06de-40a8-b616-ca74e0e477f1",
          "type": "MakeSolution",
          "process_times": {},
          "from_reaction": "a68b6c73-5efd-4fda-9f87-c2ddf085bffd",
          "annotations": {
            "solid_chemical": {
              "identifier": "72d03e1c-1bc4-4416-8a4d-c527ec81a5ae",
              "smiles": "[NaH]",
              "state_of_matter": "SOLID",
              "molecular_weight": 23.99771,
              "density": 1.4,
              "mass": 0.23997710000000003,
              "is_produced_by": [],
              "is_consumed_by": [
                "a68b6c73-5efd-4fda-9f87-c2ddf085bffd"
              ],
              "provenance__density": "dummy estimator based on mw",
              "provenance__is_consumed_by": null,
              "provenance__is_produced_by": null,
              "provenance__mass": null,
              "provenance__molecular_weight": "periodic table",
              "provenance__smiles": null,
              "provenance__state_of_matter": "dummy estimator based on mw"
            },
            "liquid_chemical": {
              "identifier": "17d7d39a-1559-4a98-a38e-3c76955afaea",
              "smiles": "CN(C)C=O",
              "state_of_matter": "LIQUID",
              "molecular_weight": 73.09378000000004,
              "density": 1.0,
              "mass": 0.03770803272248481,
              "is_produced_by": [],
              "is_consumed_by": [
                "a68b6c73-5efd-4fda-9f87-c2ddf085bffd"
              ],
              "provenance__density": "dummy estimator based on mw",
              "provenance__is_consumed_by": null,
              "provenance__is_produced_by": null,
              "provenance__mass": null,
              "provenance__molecular_weight": "periodic table",
              "provenance__smiles": null,
              "provenance__state_of_matter": "dummy estimator based on mw"
            },
            "notes": "making CN(C)C=O solution for [NaH]"
          },
          "precedents": []
        },
        "6242ddd5-2157-49f3-9b63-bb40584a660f": {
          "identifier": "874dacbe-b8c8-4cf3-8a91-60f534840170",
          "type": "MakeSolution",
          "process_times": {},
          "from_reaction": "a68b6c73-5efd-4fda-9f87-c2ddf085bffd",
          "annotations": {
            "solid_chemical": {
              "identifier": "6242ddd5-2157-49f3-9b63-bb40584a660f",
              "smiles": "O=[N+]([O-])c1cn(CC(CO)OCc2ccc(OC(F)(F)F)cc2)c(Br)n1",
              "state_of_matter": "SOLID",
              "molecular_weight": 441.17726960000016,
              "density": 1.4,
              "mass": 4.411772696000002,
              "is_produced_by": [],
              "is_consumed_by": [
                "a68b6c73-5efd-4fda-9f87-c2ddf085bffd"
              ],
              "provenance__density": "dummy estimator based on mw",
              "provenance__is_consumed_by": null,
              "provenance__is_produced_by": null,
              "provenance__mass": null,
              "provenance__molecular_weight": "periodic table",
              "provenance__smiles": null,
              "provenance__state_of_matter": "dummy estimator based on mw"
            },
            "liquid_chemical": {
              "identifier": "bcd8a7b4-08a7-4de4-a25f-4faebc061044",
              "smiles": "CN(C)C=O",
              "state_of_matter": "LIQUID",
              "molecular_weight": 73.09378000000004,
              "density": 1.0,
              "mass": 0.6932297672775156,
              "is_produced_by": [],
              "is_consumed_by": [
                "a68b6c73-5efd-4fda-9f87-c2ddf085bffd"
              ],
              "provenance__density": "dummy estimator based on mw",
              "provenance__is_consumed_by": null,
              "provenance__is_produced_by": null,
              "provenance__mass": null,
              "provenance__molecular_weight": "periodic table",
              "provenance__smiles": null,
              "provenance__state_of_matter": "dummy estimator based on mw"
            },
            "notes": "making CN(C)C=O solution for O=[N+]([O-])c1cn(CC(CO)OCc2ccc(OC(F)(F)F)cc2)c(Br)n1"
          },
          "precedents": [
            "7641b993-833c-448b-b6c1-1ab3527400c4"
          ]
        }
      },
      "add_solutions": {
        "72d03e1c-1bc4-4416-8a4d-c527ec81a5ae": {
          "identifier": "37a7b71a-4062-42d5-aa4b-aea53a479b18",
          "type": "TransferLiquid",
          "process_times": {},
          "from_reaction": "a68b6c73-5efd-4fda-9f87-c2ddf085bffd",
          "annotations": {
            "chemical": {
              "identifier": "fb5eba67-c240-4337-9c7a-4eccc53e7334",
              "smiles": "CN(C)C=O.[NaH]",
              "state_of_matter": "LIQUID",
              "molecular_weight": null,
              "density": 1.3278730141878488,
              "mass": 0.27768513272248485,
              "is_produced_by": [],
              "is_consumed_by": [
                "a68b6c73-5efd-4fda-9f87-c2ddf085bffd"
              ],
              "provenance__density": "dummy estimator based on mw",
              "provenance__is_consumed_by": null,
              "provenance__is_produced_by": null,
              "provenance__mass": null,
              "provenance__molecular_weight": "periodic table",
              "provenance__smiles": null,
              "provenance__state_of_matter": "dummy estimator based on mw"
            },
            "notes": "add solution [NaH] in CN(C)C=O"
          },
          "precedents": [
            "9e1923c1-06de-40a8-b616-ca74e0e477f1"
          ]
        },
        "6242ddd5-2157-49f3-9b63-bb40584a660f": {
          "identifier": "c53484b3-6b0a-4e98-b712-43a33fb9b91c",
          "type": "TransferLiquid",
          "process_times": {},
          "from_reaction": "a68b6c73-5efd-4fda-9f87-c2ddf085bffd",
          "annotations": {
            "chemical": {
              "identifier": "c9683896-aad3-4cd9-bc97-b895fba8c236",
              "smiles": "CN(C)C=O.O=[N+]([O-])c1cn(CC(CO)OCc2ccc(OC(F)(F)F)cc2)c(Br)n1",
              "state_of_matter": "LIQUID",
              "molecular_weight": null,
              "density": 1.3278730141878488,
              "mass": 5.1050024632775175,
              "is_produced_by": [],
              "is_consumed_by": [
                "a68b6c73-5efd-4fda-9f87-c2ddf085bffd"
              ],
              "provenance__density": "dummy estimator based on mw",
              "provenance__is_consumed_by": null,
              "provenance__is_produced_by": null,
              "provenance__mass": null,
              "provenance__molecular_weight": "periodic table",
              "provenance__smiles": null,
              "provenance__state_of_matter": "dummy estimator based on mw"
            },
            "notes": "add solution O=[N+]([O-])c1cn(CC(CO)OCc2ccc(OC(F)(F)F)cc2)c(Br)n1 in CN(C)C=O"
          },
          "precedents": [
            "874dacbe-b8c8-4cf3-8a91-60f534840170"
          ]
        }
      },
      "add_liquids": {},
      "heat": {
        "identifier": "5a88fe6b-8d62-4bbb-b869-ee8274fdbe5b",
        "type": "Heating",
        "process_times": {},
        "from_reaction": "a68b6c73-5efd-4fda-9f87-c2ddf085bffd",
        "annotations": {
          "temperature": 315.6288124144077,
          "notes": "heating the reaction vessel to afford product: O=[N+]([O-])c1cn2c(n1)OCC(OCc1ccc(OC(F)(F)F)cc1)C2"
        },
        "precedents": [
          "37a7b71a-4062-42d5-aa4b-aea53a479b18",
          "c53484b3-6b0a-4e98-b712-43a33fb9b91c"
        ]
      },
      "concentrate_and_purify": {
        "identifier": "f5740d1d-30df-42e6-8173-bc376750e1aa",
        "type": "ConcentrationAndPurification",
        "process_times": {},
        "from_reaction": "a68b6c73-5efd-4fda-9f87-c2ddf085bffd",
        "annotations": {
          "chemical": {
            "identifier": "21345fe4-f464-4183-85a2-5b15dc3832bc",
            "smiles": "O=[N+]([O-])c1cn2c(n1)OCC(OCc1ccc(OC(F)(F)F)cc1)C2",
            "state_of_matter": "SOLID",
            "molecular_weight": 360.26532960000014,
            "density": 1.4,
            "mass": 3.6026532960000015,
            "is_produced_by": [
              "a68b6c73-5efd-4fda-9f87-c2ddf085bffd"
            ],
            "is_consumed_by": [],
            "provenance__density": "dummy estimator based on mw",
            "provenance__is_consumed_by": null,
            "provenance__is_produced_by": null,
            "provenance__mass": null,
            "provenance__molecular_weight": "periodic table",
            "provenance__smiles": null,
            "provenance__state_of_matter": "dummy estimator based on mw"
          },
          "notes": "purify and concentrate the product: O=[N+]([O-])c1cn2c(n1)OCC(OCc1ccc(OC(F)(F)F)cc1)C2"
        },
        "precedents": [
          "5a88fe6b-8d62-4bbb-b869-ee8274fdbe5b"
        ]
      },
      "lmin": {
        "5a88fe6b-8d62-4bbb-b869-ee8274fdbe5b": {
          "f5740d1d-30df-42e6-8173-bc376750e1aa": 16.482046951877695
        }
      },
      "lmax": {
        "9e1923c1-06de-40a8-b616-ca74e0e477f1": {
          "5a88fe6b-8d62-4bbb-b869-ee8274fdbe5b": 36.893784766524135
        },
        "874dacbe-b8c8-4cf3-8a91-60f534840170": {
          "5a88fe6b-8d62-4bbb-b869-ee8274fdbe5b": 73.83130397187445
        }
      }
    },
    {
      "identifier": "a0c52ab3-53f6-4f96-bd13-6a8787d436f2",
      "reaction": {
        "identifier": "0e1d5f51-c2e8-420e-875d-e29e5b1df779",
        "reactants": [
          {
            "identifier": "22459891-a19f-4e6b-bf3f-278a9a573172",
            "smiles": "O=[N+]([O-])c1cn(CC(COCc2ccccc2)OCc2ccc(OC(F)(F)F)cc2)c(Br)n1",
            "state_of_matter": "SOLID",
            "molecular_weight": 531.2998095999991,
            "density": 1.4,
            "mass": 5.312998095999991,
            "is_produced_by": [],
            "is_consumed_by": [
              "0e1d5f51-c2e8-420e-875d-e29e5b1df779"
            ],
            "provenance__density": "dummy estimator based on mw",
            "provenance__is_consumed_by": null,
            "provenance__is_produced_by": null,
            "provenance__mass": null,
            "provenance__molecular_weight": "periodic table",
            "provenance__smiles": null,
            "provenance__state_of_matter": "dummy estimator based on mw"
          }
        ],
        "reagents": [
          {
            "identifier": "a3a9a7a4-f18d-441e-b61a-29a25ad21d8e",
            "smiles": "CCO",
            "state_of_matter": "LIQUID",
            "molecular_weight": 46.06843999999999,
            "density": 1.0,
            "mass": 0.4606843999999999,
            "is_produced_by": [],
            "is_consumed_by": [
              "0e1d5f51-c2e8-420e-875d-e29e5b1df779"
            ],
            "provenance__density": "dummy estimator based on mw",
            "provenance__is_consumed_by": null,
            "provenance__is_produced_by": null,
            "provenance__mass": null,
            "provenance__molecular_weight": "periodic table",
            "provenance__smiles": null,
            "provenance__state_of_matter": "dummy estimator based on mw"
          }
        ],
        "products": [
          {
            "identifier": "d730c704-70a7-4315-8714-e1a5ed418348",
            "smiles": "O=[N+]([O-])c1cn(CC(CO)OCc2ccc(OC(F)(F)F)cc2)c(Br)n1",
            "state_of_matter": "SOLID",
            "molecular_weight": 441.17726960000016,
            "density": 1.4,
            "mass": 4.411772696000002,
            "is_produced_by": [
              "0e1d5f51-c2e8-420e-875d-e29e5b1df779"
            ],
            "is_consumed_by": [],
            "provenance__density": "dummy estimator based on mw",
            "provenance__is_consumed_by": null,
            "provenance__is_produced_by": null,
            "provenance__mass": null,
            "provenance__molecular_weight": "periodic table",
            "provenance__smiles": null,
            "provenance__state_of_matter": "dummy estimator based on mw"
          }
        ],
        "stoichiometry": {
          "22459891-a19f-4e6b-bf3f-278a9a573172": 1.0,
          "d730c704-70a7-4315-8714-e1a5ed418348": -1.0
        },
        "temperature": 321.5209745943546,
        "intended_ratios": {
          "22459891-a19f-4e6b-bf3f-278a9a573172": 1.0,
          "a3a9a7a4-f18d-441e-b61a-29a25ad21d8e": 1.0
        },
        "expected_yields": {
          "d730c704-70a7-4315-8714-e1a5ed418348": 1.0
        },
        "reaction_extent": 0.01
      },
      "functional_modules": [],
      "make_solutions": {
        "22459891-a19f-4e6b-bf3f-278a9a573172": {
          "identifier": "78e5e5a6-6d2c-47a1-8863-2c552acf169c",
          "type": "MakeSolution",
          "process_times": {},
          "from_reaction": "0e1d5f51-c2e8-420e-875d-e29e5b1df779",
          "annotations": {
            "solid_chemical": {
              "identifier": "22459891-a19f-4e6b-bf3f-278a9a573172",
              "smiles": "O=[N+]([O-])c1cn(CC(COCc2ccccc2)OCc2ccc(OC(F)(F)F)cc2)c(Br)n1",
              "state_of_matter": "SOLID",
              "molecular_weight": 531.2998095999991,
              "density": 1.4,
              "mass": 5.312998095999991,
              "is_produced_by": [],
              "is_consumed_by": [
                "0e1d5f51-c2e8-420e-875d-e29e5b1df779"
              ],
              "provenance__density": "dummy estimator based on mw",
              "provenance__is_consumed_by": null,
              "provenance__is_produced_by": null,
              "provenance__mass": null,
              "provenance__molecular_weight": "periodic table",
              "provenance__smiles": null,
              "provenance__state_of_matter": "dummy estimator based on mw"
            },
            "liquid_chemical": {
              "identifier": "ead11b39-e580-4e4b-b28d-ae498f216ee8",
              "smiles": "CCO",
              "state_of_matter": "LIQUID",
              "molecular_weight": 46.06843999999999,
              "density": 1.0,
              "mass": 0.4606843999999999,
              "is_produced_by": [],
              "is_consumed_by": [
                "0e1d5f51-c2e8-420e-875d-e29e5b1df779"
              ],
              "provenance__density": "dummy estimator based on mw",
              "provenance__is_consumed_by": null,
              "provenance__is_produced_by": null,
              "provenance__mass": null,
              "provenance__molecular_weight": "periodic table",
              "provenance__smiles": null,
              "provenance__state_of_matter": "dummy estimator based on mw"
            },
            "notes": "making CCO solution for O=[N+]([O-])c1cn(CC(COCc2ccccc2)OCc2ccc(OC(F)(F)F)cc2)c(Br)n1"
          },
          "precedents": [
            "cce7b832-b53e-4d26-82f5-c01fc5ecc028"
          ]
        }
      },
      "add_solutions": {
        "22459891-a19f-4e6b-bf3f-278a9a573172": {
          "identifier": "83cb201e-f599-4b51-afd0-e458d7b4e9c2",
          "type": "TransferLiquid",
          "process_times": {},
          "from_reaction": "0e1d5f51-c2e8-420e-875d-e29e5b1df779",
          "annotations": {
            "chemical": {
              "identifier": "df0ebdf8-1656-4194-9727-0ef9154366e6",
              "smiles": "CCO.O=[N+]([O-])c1cn(CC(COCc2ccccc2)OCc2ccc(OC(F)(F)F)cc2)c(Br)n1",
              "state_of_matter": "LIQUID",
              "molecular_weight": null,
              "density": 1.35669936922746,
              "mass": 5.773682495999991,
              "is_produced_by": [],
              "is_consumed_by": [
                "0e1d5f51-c2e8-420e-875d-e29e5b1df779"
              ],
              "provenance__density": "dummy estimator based on mw",
              "provenance__is_consumed_by": null,
              "provenance__is_produced_by": null,
              "provenance__mass": null,
              "provenance__molecular_weight": "periodic table",
              "provenance__smiles": null,
              "provenance__state_of_matter": "dummy estimator based on mw"
            },
            "notes": "add solution O=[N+]([O-])c1cn(CC(COCc2ccccc2)OCc2ccc(OC(F)(F)F)cc2)c(Br)n1 in CCO"
          },
          "precedents": [
            "78e5e5a6-6d2c-47a1-8863-2c552acf169c"
          ]
        }
      },
      "add_liquids": {},
      "heat": {
        "identifier": "8e130afb-d167-46aa-a2da-a70df57e3694",
        "type": "Heating",
        "process_times": {},
        "from_reaction": "0e1d5f51-c2e8-420e-875d-e29e5b1df779",
        "annotations": {
          "temperature": 321.5209745943546,
          "notes": "heating the reaction vessel to afford product: O=[N+]([O-])c1cn(CC(CO)OCc2ccc(OC(F)(F)F)cc2)c(Br)n1"
        },
        "precedents": [
          "83cb201e-f599-4b51-afd0-e458d7b4e9c2"
        ]
      },
      "concentrate_and_purify": {
        "identifier": "7641b993-833c-448b-b6c1-1ab3527400c4",
        "type": "ConcentrationAndPurification",
        "process_times": {},
        "from_reaction": "0e1d5f51-c2e8-420e-875d-e29e5b1df779",
        "annotations": {
          "chemical": {
            "identifier": "d730c704-70a7-4315-8714-e1a5ed418348",
            "smiles": "O=[N+]([O-])c1cn(CC(CO)OCc2ccc(OC(F)(F)F)cc2)c(Br)n1",
            "state_of_matter": "SOLID",
            "molecular_weight": 441.17726960000016,
            "density": 1.4,
            "mass": 4.411772696000002,
            "is_produced_by": [
              "0e1d5f51-c2e8-420e-875d-e29e5b1df779"
            ],
            "is_consumed_by": [],
            "provenance__density": "dummy estimator based on mw",
            "provenance__is_consumed_by": null,
            "provenance__is_produced_by": null,
            "provenance__mass": null,
            "provenance__molecular_weight": "periodic table",
            "provenance__smiles": null,
            "provenance__state_of_matter": "dummy estimator based on mw"
          },
          "notes": "purify and concentrate the product: O=[N+]([O-])c1cn(CC(CO)OCc2ccc(OC(F)(F)F)cc2)c(Br)n1"
        },
        "precedents": [
          "8e130afb-d167-46aa-a2da-a70df57e3694"
        ]
      },
      "lmin": {
        "8e130afb-d167-46aa-a2da-a70df57e3694": {
          "7641b993-833c-448b-b6c1-1ab3527400c4": 56.687703970170155
        }
      },
      "lmax": {
        "78e5e5a6-6d2c-47a1-8863-2c552acf169c": {
          "8e130afb-d167-46aa-a2da-a70df57e3694": 48.47278573196538
        }
      }
    }
  ],
  "adjacency_data": {
    "directed": true,
    "multigraph": false,
    "graph": [],
    "nodes": [
      {
        "id": "fca813ca-37d8-4e50-8585-0c8ceb48f26f"
      },
      {
        "id": "561162b4-ae70-42bf-8c96-4ee3b87d6897"
      },
      {
        "id": "420a0d8f-4c67-44b5-bac0-b64af034e531"
      },
      {
        "id": "4ebf8ea3-47f1-4374-8f14-9ecc361d46a1"
      },
      {
        "id": "3939583d-6e45-4ab3-9f15-08f15e52c4a5"
      },
      {
        "id": "09507b9f-c39e-47e2-8ccb-a8b855317c8e"
      },
      {
        "id": "26717c01-e583-4035-9a4a-8c593eacd148"
      },
      {
        "id": "8fd3d3bc-a787-4384-b9c4-56c226f6a5de"
      },
      {
        "id": "cce7b832-b53e-4d26-82f5-c01fc5ecc028"
      },
      {
        "id": "16785804-645a-4f40-844c-eed12c4aa2d1"
      },
      {
        "id": "7b286d87-dac4-4f74-ab1a-31c8dc5cdfc6"
      },
      {
        "id": "ba8751fa-578e-4a9c-94a7-9e1129a94959"
      },
      {
        "id": "7641b993-833c-448b-b6c1-1ab3527400c4"
      },
      {
        "id": "874dacbe-b8c8-4cf3-8a91-60f534840170"
      },
      {
        "id": "9e1923c1-06de-40a8-b616-ca74e0e477f1"
      },
      {
        "id": "37a7b71a-4062-42d5-aa4b-aea53a479b18"
      },
      {
        "id": "c53484b3-6b0a-4e98-b712-43a33fb9b91c"
      },
      {
        "id": "5a88fe6b-8d62-4bbb-b869-ee8274fdbe5b"
      },
      {
        "id": "f5740d1d-30df-42e6-8173-bc376750e1aa"
      },
      {
        "id": "78e5e5a6-6d2c-47a1-8863-2c552acf169c"
      },
      {
        "id": "83cb201e-f599-4b51-afd0-e458d7b4e9c2"
      },
      {
        "id": "8e130afb-d167-46aa-a2da-a70df57e3694"
      }
    ],
    "adjacency": [
      [
        {
          "lmin": 0,
          "lmax": Infinity,
          "id": "561162b4-ae70-42bf-8c96-4ee3b87d6897"
        }
      ],
      [
        {
          "lmin": 0,
          "lmax": Infinity,
          "id": "26717c01-e583-4035-9a4a-8c593eacd148"
        },
        {
          "lmax": 51.65439668064951,
          "id": "8fd3d3bc-a787-4384-b9c4-56c226f6a5de"
        }
      ],
      [
        {
          "lmin": 0,
          "lmax": Infinity,
          "id": "4ebf8ea3-47f1-4374-8f14-9ecc361d46a1"
        },
        {
          "lmax": 38.964962206146446,
          "id": "8fd3d3bc-a787-4384-b9c4-56c226f6a5de"
        }
      ],
      [
        {
          "lmin": 0,
          "lmax": Infinity,
          "id": "8fd3d3bc-a787-4384-b9c4-56c226f6a5de"
        }
      ],
      [
        {
          "lmin": 0,
          "lmax": Infinity,
          "id": "09507b9f-c39e-47e2-8ccb-a8b855317c8e"
        },
        {
          "lmax": 65.00707058140524,
          "id": "8fd3d3bc-a787-4384-b9c4-56c226f6a5de"
        }
      ],
      [
        {
          "lmin": 0,
          "lmax": Infinity,
          "id": "8fd3d3bc-a787-4384-b9c4-56c226f6a5de"
        }
      ],
      [
        {
          "lmin": 0,
          "lmax": Infinity,
          "id": "8fd3d3bc-a787-4384-b9c4-56c226f6a5de"
        }
      ],
      [
        {
          "lmin": 23.481107042677905,
          "lmax": Infinity,
          "id": "cce7b832-b53e-4d26-82f5-c01fc5ecc028"
        }
      ],
      [
        {
          "lmin": 0,
          "lmax": Infinity,
          "id": "78e5e5a6-6d2c-47a1-8863-2c552acf169c"
        }
      ],
      [
        {
          "lmin": 0,
          "lmax": Infinity,
          "id": "7b286d87-dac4-4f74-ab1a-31c8dc5cdfc6"
        }
      ],
      [
        {
          "lmin": 59.465151335479426,
          "lmax": Infinity,
          "id": "fca813ca-37d8-4e50-8585-0c8ceb48f26f"
        }
      ],
      [
        {
          "lmin": 0,
          "lmax": Infinity,
          "id": "7b286d87-dac4-4f74-ab1a-31c8dc5cdfc6"
        }
      ],
      [
        {
          "lmin": 0,
          "lmax": Infinity,
          "id": "874dacbe-b8c8-4cf3-8a91-60f534840170"
        }
      ],
      [
        {
          "lmin": 0,
          "lmax": Infinity,
          "id": "c53484b3-6b0a-4e98-b712-43a33fb9b91c"
        },
        {
          "lmax": 73.83130397187445,
          "id": "5a88fe6b-8d62-4bbb-b869-ee8274fdbe5b"
        }
      ],
      [
        {
          "lmin": 0,
          "lmax": Infinity,
          "id": "37a7b71a-4062-42d5-aa4b-aea53a479b18"
        },
        {
          "lmax": 36.893784766524135,
          "id": "5a88fe6b-8d62-4bbb-b869-ee8274fdbe5b"
        }
      ],
      [
        {
          "lmin": 0,
          "lmax": Infinity,
          "id": "5a88fe6b-8d62-4bbb-b869-ee8274fdbe5b"
        }
      ],
      [
        {
          "lmin": 0,
          "lmax": Infinity,
          "id": "5a88fe6b-8d62-4bbb-b869-ee8274fdbe5b"
        }
      ],
      [
        {
          "lmin": 16.482046951877695,
          "lmax": Infinity,
          "id": "f5740d1d-30df-42e6-8173-bc376750e1aa"
        }
      ],
      [],
      [
        {
          "lmin": 0,
          "lmax": Infinity,
          "id": "83cb201e-f599-4b51-afd0-e458d7b4e9c2"
        },
        {
          "lmax": 48.47278573196538,
          "id": "8e130afb-d167-46aa-a2da-a70df57e3694"
        }
      ],
      [
        {
          "lmin": 0,
          "lmax": Infinity,
          "id": "8e130afb-d167-46aa-a2da-a70df57e3694"
        }
      ],
      [
        {
          "lmin": 56.687703970170155,
          "lmax": Infinity,
          "id": "7641b993-833c-448b-b6c1-1ab3527400c4"
        }
      ]
    ]
  }
}