{
  "identifier": "f6bd5505-e8c7-40b6-bbea-ff151ba4837f",
  "chemical_reactions": [
    {
      "identifier": "68b370c4-cf80-4456-8558-4405344ee7a7",
      "reactants": [
        {
          "identifier": "b3465be6-0da8-4748-ab1f-80698eb4806b",
          "smiles": "FC(F)(F)Oc1ccc(CBr)cc1",
          "state_of_matter": "SOLID",
          "molecular_weight": 255.03184959999987,
          "density": 1.4,
          "mass": 255.03184959999987,
          "is_produced_by": [],
          "is_consumed_by": [
            "68b370c4-cf80-4456-8558-4405344ee7a7"
          ],
          "provenance__density": "dummy estimator based on mw",
          "provenance__is_consumed_by": null,
          "provenance__is_produced_by": null,
          "provenance__mass": null,
          "provenance__molecular_weight": "periodic table",
          "provenance__smiles": null,
          "provenance__state_of_matter": "dummy estimator based on mw"
        },
        {
          "identifier": "0f67c116-d566-43c9-934a-47e5cd841659",
          "smiles": "O=[N+]([O-])c1cn(CC(O)COCc2ccccc2)c(Br)n1",
          "state_of_matter": "SOLID",
          "molecular_weight": 357.1799000000002,
          "density": 1.4,
          "mass": 357.1799000000002,
          "is_produced_by": [],
          "is_consumed_by": [
            "68b370c4-cf80-4456-8558-4405344ee7a7"
          ],
          "provenance__density": "dummy estimator based on mw",
          "provenance__is_consumed_by": null,
          "provenance__is_produced_by": null,
          "provenance__mass": null,
          "provenance__molecular_weight": "periodic table",
          "provenance__smiles": null,
          "provenance__state_of_matter": "dummy estimator based on mw"
        }
      ],
      "reagents": [
        {
          "identifier": "048f66b7-e88f-4404-b886-bb1b72d3b3a9",
          "smiles": "CN(C)C=O",
          "state_of_matter": "LIQUID",
          "molecular_weight": 73.09378000000004,
          "density": 1.0,
          "mass": 73.09378000000004,
          "is_produced_by": [],
          "is_consumed_by": [
            "68b370c4-cf80-4456-8558-4405344ee7a7"
          ],
          "provenance__density": "dummy estimator based on mw",
          "provenance__is_consumed_by": null,
          "provenance__is_produced_by": null,
          "provenance__mass": null,
          "provenance__molecular_weight": "periodic table",
          "provenance__smiles": null,
          "provenance__state_of_matter": "dummy estimator based on mw"
        },
        {
          "identifier": "ed2af0b2-fe17-49d9-83c0-6db85bbad2c3",
          "smiles": "[NaH]",
          "state_of_matter": "SOLID",
          "molecular_weight": 23.99771,
          "density": 1.4,
          "mass": 23.99771,
          "is_produced_by": [],
          "is_consumed_by": [
            "68b370c4-cf80-4456-8558-4405344ee7a7"
          ],
          "provenance__density": "dummy estimator based on mw",
          "provenance__is_consumed_by": null,
          "provenance__is_produced_by": null,
          "provenance__mass": null,
          "provenance__molecular_weight": "periodic table",
          "provenance__smiles": null,
          "provenance__state_of_matter": "dummy estimator based on mw"
        }
      ],
      "products": [
        {
          "identifier": "4cebfd4e-7c5c-43a3-a020-cc6cdf6e3a42",
          "smiles": "O=[N+]([O-])c1cn(CC(COCc2ccccc2)OCc2ccc(OC(F)(F)F)cc2)c(Br)n1",
          "state_of_matter": "SOLID",
          "molecular_weight": 531.2998095999991,
          "density": 1.4,
          "mass": 531.2998095999991,
          "is_produced_by": [
            "68b370c4-cf80-4456-8558-4405344ee7a7"
          ],
          "is_consumed_by": [],
          "provenance__density": "dummy estimator based on mw",
          "provenance__is_consumed_by": null,
          "provenance__is_produced_by": null,
          "provenance__mass": null,
          "provenance__molecular_weight": "periodic table",
          "provenance__smiles": null,
          "provenance__state_of_matter": "dummy estimator based on mw"
        }
      ],
      "stoichiometry": {
        "b3465be6-0da8-4748-ab1f-80698eb4806b": 1.0,
        "0f67c116-d566-43c9-934a-47e5cd841659": 1.0,
        "4cebfd4e-7c5c-43a3-a020-cc6cdf6e3a42": -1.0
      },
      "temperature": 279.3248981773853,
      "intended_ratios": {
        "b3465be6-0da8-4748-ab1f-80698eb4806b": 1.0,
        "0f67c116-d566-43c9-934a-47e5cd841659": 1.0,
        "048f66b7-e88f-4404-b886-bb1b72d3b3a9": 1.0,
        "ed2af0b2-fe17-49d9-83c0-6db85bbad2c3": 1.0
      },
      "expected_yields": {
        "4cebfd4e-7c5c-43a3-a020-cc6cdf6e3a42": 1.0
      },
      "reaction_extent": 1.0
    },
    {
      "identifier": "81bdbb96-3e48-4282-bb0c-c0c1fad63257",
      "reactants": [
        {
          "identifier": "9539a248-6bd4-4da9-9185-d41c00b77c65",
          "smiles": "O=[N+]([O-])c1c[nH]c(Br)n1",
          "state_of_matter": "LIQUID",
          "molecular_weight": 191.97087999999997,
          "density": 1.0,
          "mass": 191.97087999999997,
          "is_produced_by": [],
          "is_consumed_by": [
            "81bdbb96-3e48-4282-bb0c-c0c1fad63257"
          ],
          "provenance__density": "dummy estimator based on mw",
          "provenance__is_consumed_by": null,
          "provenance__is_produced_by": null,
          "provenance__mass": null,
          "provenance__molecular_weight": "periodic table",
          "provenance__smiles": null,
          "provenance__state_of_matter": "dummy estimator based on mw"
        },
        {
          "identifier": "24a3d62c-773c-4a44-8007-28ece31d24ea",
          "smiles": "c1ccc(COCC2CO2)cc1",
          "state_of_matter": "LIQUID",
          "molecular_weight": 164.20107999999988,
          "density": 1.0,
          "mass": 164.20107999999988,
          "is_produced_by": [],
          "is_consumed_by": [
            "81bdbb96-3e48-4282-bb0c-c0c1fad63257"
          ],
          "provenance__density": "dummy estimator based on mw",
          "provenance__is_consumed_by": null,
          "provenance__is_produced_by": null,
          "provenance__mass": null,
          "provenance__molecular_weight": "periodic table",
          "provenance__smiles": null,
          "provenance__state_of_matter": "dummy estimator based on mw"
        }
      ],
      "reagents": [
        {
          "identifier": "0b93edf1-1f08-4362-8848-bee2f3cfcdc1",
          "smiles": "CO",
          "state_of_matter": "LIQUID",
          "molecular_weight": 32.04186000000001,
          "density": 1.0,
          "mass": 32.04186000000001,
          "is_produced_by": [],
          "is_consumed_by": [
            "81bdbb96-3e48-4282-bb0c-c0c1fad63257"
          ],
          "provenance__density": "dummy estimator based on mw",
          "provenance__is_consumed_by": null,
          "provenance__is_produced_by": null,
          "provenance__mass": null,
          "provenance__molecular_weight": "periodic table",
          "provenance__smiles": null,
          "provenance__state_of_matter": "dummy estimator based on mw"
        }
      ],
      "products": [
        {
          "identifier": "28988ea0-6ab8-4ea7-a926-08616a9155d4",
          "smiles": "O=[N+]([O-])c1cn(CC(O)COCc2ccccc2)c(Br)n1",
          "state_of_matter": "SOLID",
          "molecular_weight": 357.1799000000002,
          "density": 1.4,
          "mass": 357.1799000000002,
          "is_produced_by": [
            "81bdbb96-3e48-4282-bb0c-c0c1fad63257"
          ],
          "is_consumed_by": [],
          "provenance__density": "dummy estimator based on mw",
          "provenance__is_consumed_by": null,
          "provenance__is_produced_by": null,
          "provenance__mass": null,
          "provenance__molecular_weight": "periodic table",
          "provenance__smiles": null,
          "provenance__state_of_matter": "dummy estimator based on mw"
        }
      ],
      "stoichiometry": {
        "9539a248-6bd4-4da9-9185-d41c00b77c65": 1.0,
        "24a3d62c-773c-4a44-8007-28ece31d24ea": 1.0,
        "28988ea0-6ab8-4ea7-a926-08616a9155d4": -1.0
      },
      "temperature": 323.39270448088644,
      "intended_ratios": {
        "9539a248-6bd4-4da9-9185-d41c00b77c65": 1.0,
        "24a3d62c-773c-4a44-8007-28ece31d24ea": 1.0,
        "0b93edf1-1f08-4362-8848-bee2f3cfcdc1": 1.0
      },
      "expected_yields": {
        "28988ea0-6ab8-4ea7-a926-08616a9155d4": 1.0
      },
      "reaction_extent": 1.0
    },
    {
      "identifier": "a68b6c73-5efd-4fda-9f87-c2ddf085bffd",
      "reactants": [
        {
          "identifier": "6242ddd5-2157-49f3-9b63-bb40584a660f",
          "smiles": "O=[N+]([O-])c1cn(CC(CO)OCc2ccc(OC(F)(F)F)cc2)c(Br)n1",
          "state_of_matter": "SOLID",
          "molecular_weight": 441.17726960000016,
          "density": 1.4,
          "mass": 441.17726960000016,
          "is_produced_by": [],
          "is_consumed_by": [
            "a68b6c73-5efd-4fda-9f87-c2ddf085bffd"
          ],
          "provenance__density": "dummy estimator based on mw",
          "provenance__is_consumed_by": null,
          "provenance__is_produced_by": null,
          "provenance__mass": null,
          "provenance__molecular_weight": "periodic table",
          "provenance__smiles": null,
          "provenance__state_of_matter": "dummy estimator based on mw"
        }
      ],
      "reagents": [
        {
          "identifier": "752a90b6-6f9d-4155-abdd-f4a8867e5994",
          "smiles": "CN(C)C=O",
          "state_of_matter": "LIQUID",
          "molecular_weight": 73.09378000000004,
          "density": 1.0,
          "mass": 73.09378000000004,
          "is_produced_by": [],
          "is_consumed_by": [
            "a68b6c73-5efd-4fda-9f87-c2ddf085bffd"
          ],
          "provenance__density": "dummy estimator based on mw",
          "provenance__is_consumed_by": null,
          "provenance__is_produced_by": null,
          "provenance__mass": null,
          "provenance__molecular_weight": "periodic table",
          "provenance__smiles": null,
          "provenance__state_of_matter": "dummy estimator based on mw"
        },
        {
          "identifier": "72d03e1c-1bc4-4416-8a4d-c527ec81a5ae",
          "smiles": "[NaH]",
          "state_of_matter": "SOLID",
          "molecular_weight": 23.99771,
          "density": 1.4,
          "mass": 23.99771,
          "is_produced_by": [],
          "is_consumed_by": [
            "a68b6c73-5efd-4fda-9f87-c2ddf085bffd"
          ],
          "provenance__density": "dummy estimator based on mw",
          "provenance__is_consumed_by": null,
          "provenance__is_produced_by": null,
          "provenance__mass": null,
          "provenance__molecular_weight": "periodic table",
          "provenance__smiles": null,
          "provenance__state_of_matter": "dummy estimator based on mw"
        }
      ],
      "products": [
        {
          "identifier": "21345fe4-f464-4183-85a2-5b15dc3832bc",
          "smiles": "O=[N+]([O-])c1cn2c(n1)OCC(OCc1ccc(OC(F)(F)F)cc1)C2",
          "state_of_matter": "SOLID",
          "molecular_weight": 360.26532960000014,
          "density": 1.4,
          "mass": 360.26532960000014,
          "is_produced_by": [
            "a68b6c73-5efd-4fda-9f87-c2ddf085bffd"
          ],
          "is_consumed_by": [],
          "provenance__density": "dummy estimator based on mw",
          "provenance__is_consumed_by": null,
          "provenance__is_produced_by": null,
          "provenance__mass": null,
          "provenance__molecular_weight": "periodic table",
          "provenance__smiles": null,
          "provenance__state_of_matter": "dummy estimator based on mw"
        }
      ],
      "stoichiometry": {
        "6242ddd5-2157-49f3-9b63-bb40584a660f": 1.0,
        "21345fe4-f464-4183-85a2-5b15dc3832bc": -1.0
      },
      "temperature": 315.6288124144077,
      "intended_ratios": {
        "6242ddd5-2157-49f3-9b63-bb40584a660f": 1.0,
        "752a90b6-6f9d-4155-abdd-f4a8867e5994": 1.0,
        "72d03e1c-1bc4-4416-8a4d-c527ec81a5ae": 1.0
      },
      "expected_yields": {
        "21345fe4-f464-4183-85a2-5b15dc3832bc": 1.0
      },
      "reaction_extent": 1.0
    },
    {
      "identifier": "0e1d5f51-c2e8-420e-875d-e29e5b1df779",
      "reactants": [
        {
          "identifier": "22459891-a19f-4e6b-bf3f-278a9a573172",
          "smiles": "O=[N+]([O-])c1cn(CC(COCc2ccccc2)OCc2ccc(OC(F)(F)F)cc2)c(Br)n1",
          "state_of_matter": "SOLID",
          "molecular_weight": 531.2998095999991,
          "density": 1.4,
          "mass": 531.2998095999991,
          "is_produced_by": [],
          "is_consumed_by": [
            "0e1d5f51-c2e8-420e-875d-e29e5b1df779"
          ],
          "provenance__density": "dummy estimator based on mw",
          "provenance__is_consumed_by": null,
          "provenance__is_produced_by": null,
          "provenance__mass": null,
          "provenance__molecular_weight": "periodic table",
          "provenance__smiles": null,
          "provenance__state_of_matter": "dummy estimator based on mw"
        }
      ],
      "reagents": [
        {
          "identifier": "a3a9a7a4-f18d-441e-b61a-29a25ad21d8e",
          "smiles": "CCO",
          "state_of_matter": "LIQUID",
          "molecular_weight": 46.06843999999999,
          "density": 1.0,
          "mass": 46.06843999999999,
          "is_produced_by": [],
          "is_consumed_by": [
            "0e1d5f51-c2e8-420e-875d-e29e5b1df779"
          ],
          "provenance__density": "dummy estimator based on mw",
          "provenance__is_consumed_by": null,
          "provenance__is_produced_by": null,
          "provenance__mass": null,
          "provenance__molecular_weight": "periodic table",
          "provenance__smiles": null,
          "provenance__state_of_matter": "dummy estimator based on mw"
        }
      ],
      "products": [
        {
          "identifier": "d730c704-70a7-4315-8714-e1a5ed418348",
          "smiles": "O=[N+]([O-])c1cn(CC(CO)OCc2ccc(OC(F)(F)F)cc2)c(Br)n1",
          "state_of_matter": "SOLID",
          "molecular_weight": 441.17726960000016,
          "density": 1.4,
          "mass": 441.17726960000016,
          "is_produced_by": [
            "0e1d5f51-c2e8-420e-875d-e29e5b1df779"
          ],
          "is_consumed_by": [],
          "provenance__density": "dummy estimator based on mw",
          "provenance__is_consumed_by": null,
          "provenance__is_produced_by": null,
          "provenance__mass": null,
          "provenance__molecular_weight": "periodic table",
          "provenance__smiles": null,
          "provenance__state_of_matter": "dummy estimator based on mw"
        }
      ],
      "stoichiometry": {
        "22459891-a19f-4e6b-bf3f-278a9a573172": 1.0,
        "d730c704-70a7-4315-8714-e1a5ed418348": -1.0
      },
      "temperature": 321.5209745943546,
      "intended_ratios": {
        "22459891-a19f-4e6b-bf3f-278a9a573172": 1.0,
        "a3a9a7a4-f18d-441e-b61a-29a25ad21d8e": 1.0
      },
      "expected_yields": {
        "d730c704-70a7-4315-8714-e1a5ed418348": 1.0
      },
      "reaction_extent": 1.0
    }
  ],
  "molecular_nodes": [
    "CCO",
    "CN(C)C=O",
    "CO",
    "FC(F)(F)Oc1ccc(CBr)cc1",
    "O=[N+]([O-])c1c[nH]c(Br)n1",
    "O=[N+]([O-])c1cn(CC(CO)OCc2ccc(OC(F)(F)F)cc2)c(Br)n1",
    "O=[N+]([O-])c1cn(CC(COCc2ccccc2)OCc2ccc(OC(F)(F)F)cc2)c(Br)n1",
    "O=[N+]([O-])c1cn(CC(O)COCc2ccccc2)c(Br)n1",
    "O=[N+]([O-])c1cn2c(n1)OCC(OCc1ccc(OC(F)(F)F)cc1)C2",
    "[NaH]",
    "c1ccc(COCC2CO2)cc1"
  ],
  "edges": [
    [
      "0e1d5f51-c2e8-420e-875d-e29e5b1df779",
      "O=[N+]([O-])c1cn(CC(CO)OCc2ccc(OC(F)(F)F)cc2)c(Br)n1"
    ],
    [
      "68b370c4-cf80-4456-8558-4405344ee7a7",
      "O=[N+]([O-])c1cn(CC(COCc2ccccc2)OCc2ccc(OC(F)(F)F)cc2)c(Br)n1"
    ],
    [
      "81bdbb96-3e48-4282-bb0c-c0c1fad63257",
      "O=[N+]([O-])c1cn(CC(O)COCc2ccccc2)c(Br)n1"
    ],
    [
      "CCO",
      "0e1d5f51-c2e8-420e-875d-e29e5b1df779"
    ],
    [
      "CN(C)C=O",
      "68b370c4-cf80-4456-8558-4405344ee7a7"
    ],
    [
      "CN(C)C=O",
      "a68b6c73-5efd-4fda-9f87-c2ddf085bffd"
    ],
    [
      "CO",
      "81bdbb96-3e48-4282-bb0c-c0c1fad63257"
    ],
    [
      "FC(F)(F)Oc1ccc(CBr)cc1",
      "68b370c4-cf80-4456-8558-4405344ee7a7"
    ],
    [
      "O=[N+]([O-])c1c[nH]c(Br)n1",
      "81bdbb96-3e48-4282-bb0c-c0c1fad63257"
    ],
    [
      "O=[N+]([O-])c1cn(CC(CO)OCc2ccc(OC(F)(F)F)cc2)c(Br)n1",
      "a68b6c73-5efd-4fda-9f87-c2ddf085bffd"
    ],
    [
      "O=[N+]([O-])c1cn(CC(COCc2ccccc2)OCc2ccc(OC(F)(F)F)cc2)c(Br)n1",
      "0e1d5f51-c2e8-420e-875d-e29e5b1df779"
    ],
    [
      "O=[N+]([O-])c1cn(CC(O)COCc2ccccc2)c(Br)n1",
      "68b370c4-cf80-4456-8558-4405344ee7a7"
    ],
    [
      "[NaH]",
      "68b370c4-cf80-4456-8558-4405344ee7a7"
    ],
    [
      "[NaH]",
      "a68b6c73-5efd-4fda-9f87-c2ddf085bffd"
    ],
    [
      "a68b6c73-5efd-4fda-9f87-c2ddf085bffd",
      "O=[N+]([O-])c1cn2c(n1)OCC(OCc1ccc(OC(F)(F)F)cc1)C2"
    ],
    [
      "c1ccc(COCC2CO2)cc1",
      "81bdbb96-3e48-4282-bb0c-c0c1fad63257"
    ]
  ]
}