{
  "identifier": "eb6e96f2-644a-4205-a306-1fce6e75905e",
  "chemical_reactions": [
    {
      "identifier": "3b3c5667-947d-4819-baf8-33e772b36594",
      "reactants": [
        {
          "identifier": "24e02969-2793-47e1-b332-161ff9c18089",
          "smiles": "CC(N)=O",
          "state_of_matter": "LIQUID",
          "molecular_weight": 59.06719999999999,
          "density": 1.0,
          "mass": 59.06719999999999,
          "is_produced_by": [],
          "is_consumed_by": [
            "3b3c5667-947d-4819-baf8-33e772b36594"
          ],
          "provenance__density": "dummy estimator based on mw",
          "provenance__is_consumed_by": null,
          "provenance__is_produced_by": null,
          "provenance__mass": null,
          "provenance__molecular_weight": "periodic table",
          "provenance__smiles": null,
          "provenance__state_of_matter": "dummy estimator based on mw"
        },
        {
          "identifier": "a2612d9f-ea2d-492b-bc8b-f0e4c15ff256",
          "smiles": "CNC(=O)c1nnc(Cl)cc1Nc1cccc(-c2ncn(C)n2)c1OC",
          "state_of_matter": "SOLID",
          "molecular_weight": 374.80488000000025,
          "density": 1.4,
          "mass": 374.80488000000025,
          "is_produced_by": [],
          "is_consumed_by": [
            "3b3c5667-947d-4819-baf8-33e772b36594"
          ],
          "provenance__density": "dummy estimator based on mw",
          "provenance__is_consumed_by": null,
          "provenance__is_produced_by": null,
          "provenance__mass": null,
          "provenance__molecular_weight": "periodic table",
          "provenance__smiles": null,
          "provenance__state_of_matter": "dummy estimator based on mw"
        }
      ],
      "reagents": [
        {
          "identifier": "afeea00f-c922-41fb-b765-da8ff86bc10e",
          "smiles": "C1COCCO1",
          "state_of_matter": "LIQUID",
          "molecular_weight": 88.10512000000004,
          "density": 1.0,
          "mass": 88.10512000000004,
          "is_produced_by": [],
          "is_consumed_by": [
            "3b3c5667-947d-4819-baf8-33e772b36594"
          ],
          "provenance__density": "dummy estimator based on mw",
          "provenance__is_consumed_by": null,
          "provenance__is_produced_by": null,
          "provenance__mass": null,
          "provenance__molecular_weight": "periodic table",
          "provenance__smiles": null,
          "provenance__state_of_matter": "dummy estimator based on mw"
        },
        {
          "identifier": "1436bd01-4c39-42b9-8328-0414f86b48ba",
          "smiles": "[Pd]",
          "state_of_matter": "SOLID",
          "molecular_weight": 106.42,
          "density": 1.4,
          "mass": 106.42,
          "is_produced_by": [],
          "is_consumed_by": [
            "3b3c5667-947d-4819-baf8-33e772b36594"
          ],
          "provenance__density": "dummy estimator based on mw",
          "provenance__is_consumed_by": null,
          "provenance__is_produced_by": null,
          "provenance__mass": null,
          "provenance__molecular_weight": "periodic table",
          "provenance__smiles": null,
          "provenance__state_of_matter": "dummy estimator based on mw"
        },
        {
          "identifier": "95ac44ac-3ec5-4844-86e4-d1398cb6c555",
          "smiles": "CC1(C)c2cccc(P(c3ccccc3)c3ccccc3)c2Oc2c(P(c3ccccc3)c3ccccc3)cccc21",
          "state_of_matter": "SOLID",
          "molecular_weight": 578.6183019999985,
          "density": 1.4,
          "mass": 578.6183019999985,
          "is_produced_by": [],
          "is_consumed_by": [
            "3b3c5667-947d-4819-baf8-33e772b36594"
          ],
          "provenance__density": "dummy estimator based on mw",
          "provenance__is_consumed_by": null,
          "provenance__is_produced_by": null,
          "provenance__mass": null,
          "provenance__molecular_weight": "periodic table",
          "provenance__smiles": null,
          "provenance__state_of_matter": "dummy estimator based on mw"
        },
        {
          "identifier": "db59413d-6902-48fc-9491-17daa3b48cba",
          "smiles": "O=C(O[Cs])O[Cs]",
          "state_of_matter": "SOLID",
          "molecular_weight": 325.8198,
          "density": 1.4,
          "mass": 325.8198,
          "is_produced_by": [],
          "is_consumed_by": [
            "3b3c5667-947d-4819-baf8-33e772b36594"
          ],
          "provenance__density": "dummy estimator based on mw",
          "provenance__is_consumed_by": null,
          "provenance__is_produced_by": null,
          "provenance__mass": null,
          "provenance__molecular_weight": "periodic table",
          "provenance__smiles": null,
          "provenance__state_of_matter": "dummy estimator based on mw"
        }
      ],
      "products": [
        {
          "identifier": "8a1ae258-9120-40e5-bc70-d536a1cd3ad6",
          "smiles": "CNC(=O)c1nnc(NC(C)=O)cc1Nc1cccc(-c2ncn(C)n2)c1OC",
          "state_of_matter": "SOLID",
          "molecular_weight": 397.41114000000033,
          "density": 1.4,
          "mass": 397.41114000000033,
          "is_produced_by": [
            "3b3c5667-947d-4819-baf8-33e772b36594"
          ],
          "is_consumed_by": [],
          "provenance__density": "dummy estimator based on mw",
          "provenance__is_consumed_by": null,
          "provenance__is_produced_by": null,
          "provenance__mass": null,
          "provenance__molecular_weight": "periodic table",
          "provenance__smiles": null,
          "provenance__state_of_matter": "dummy estimator based on mw"
        }
      ],
      "stoichiometry": {
        "24e02969-2793-47e1-b332-161ff9c18089": 1.0,
        "a2612d9f-ea2d-492b-bc8b-f0e4c15ff256": 1.0,
        "8a1ae258-9120-40e5-bc70-d536a1cd3ad6": -1.0
      },
      "temperature": 361.9062446594238,
      "intended_ratios": {
        "24e02969-2793-47e1-b332-161ff9c18089": 1.0,
        "a2612d9f-ea2d-492b-bc8b-f0e4c15ff256": 1.0,
        "afeea00f-c922-41fb-b765-da8ff86bc10e": 1.0,
        "1436bd01-4c39-42b9-8328-0414f86b48ba": 1.0,
        "95ac44ac-3ec5-4844-86e4-d1398cb6c555": 1.0,
        "db59413d-6902-48fc-9491-17daa3b48cba": 1.0
      },
      "expected_yields": {
        "8a1ae258-9120-40e5-bc70-d536a1cd3ad6": 1.0
      },
      "reaction_extent": 1.0
    },
    {
      "identifier": "23bda4f3-7b11-4067-9d2f-e698fed94f90",
      "reactants": [
        {
          "identifier": "95a57698-aaef-4840-b832-90f221211103",
          "smiles": "CN",
          "state_of_matter": "LIQUID",
          "molecular_weight": 31.05710000000001,
          "density": 1.0,
          "mass": 31.05710000000001,
          "is_produced_by": [],
          "is_consumed_by": [
            "23bda4f3-7b11-4067-9d2f-e698fed94f90"
          ],
          "provenance__density": "dummy estimator based on mw",
          "provenance__is_consumed_by": null,
          "provenance__is_produced_by": null,
          "provenance__mass": null,
          "provenance__molecular_weight": "periodic table",
          "provenance__smiles": null,
          "provenance__state_of_matter": "dummy estimator based on mw"
        },
        {
          "identifier": "dec1956a-459c-462a-a01f-986c1c7d3a4d",
          "smiles": "COC(=O)c1nnc(Cl)cc1Nc1cccc(-c2ncn(C)n2)c1OC",
          "state_of_matter": "SOLID",
          "molecular_weight": 375.7896400000002,
          "density": 1.4,
          "mass": 375.7896400000002,
          "is_produced_by": [],
          "is_consumed_by": [
            "23bda4f3-7b11-4067-9d2f-e698fed94f90"
          ],
          "provenance__density": "dummy estimator based on mw",
          "provenance__is_consumed_by": null,
          "provenance__is_produced_by": null,
          "provenance__mass": null,
          "provenance__molecular_weight": "periodic table",
          "provenance__smiles": null,
          "provenance__state_of_matter": "dummy estimator based on mw"
        }
      ],
      "reagents": [
        {
          "identifier": "e4164582-cc71-41dd-adbb-3cb5dd04a919",
          "smiles": "C1CCOC1",
          "state_of_matter": "LIQUID",
          "molecular_weight": 72.10572000000005,
          "density": 1.0,
          "mass": 72.10572000000005,
          "is_produced_by": [],
          "is_consumed_by": [
            "23bda4f3-7b11-4067-9d2f-e698fed94f90"
          ],
          "provenance__density": "dummy estimator based on mw",
          "provenance__is_consumed_by": null,
          "provenance__is_produced_by": null,
          "provenance__mass": null,
          "provenance__molecular_weight": "periodic table",
          "provenance__smiles": null,
          "provenance__state_of_matter": "dummy estimator based on mw"
        },
        {
          "identifier": "68cdd0a3-30d1-473f-8c38-f2dea2a89f32",
          "smiles": "[Li]N([Si](C)(C)C)[Si](C)(C)C",
          "state_of_matter": "SOLID",
          "molecular_weight": 167.3258199999998,
          "density": 1.4,
          "mass": 167.3258199999998,
          "is_produced_by": [],
          "is_consumed_by": [
            "23bda4f3-7b11-4067-9d2f-e698fed94f90"
          ],
          "provenance__density": "dummy estimator based on mw",
          "provenance__is_consumed_by": null,
          "provenance__is_produced_by": null,
          "provenance__mass": null,
          "provenance__molecular_weight": "periodic table",
          "provenance__smiles": null,
          "provenance__state_of_matter": "dummy estimator based on mw"
        }
      ],
      "products": [
        {
          "identifier": "65754628-9be1-43b3-a285-620e1a7dc19b",
          "smiles": "CNC(=O)c1nnc(Cl)cc1Nc1cccc(-c2ncn(C)n2)c1OC",
          "state_of_matter": "SOLID",
          "molecular_weight": 374.80488000000025,
          "density": 1.4,
          "mass": 374.80488000000025,
          "is_produced_by": [
            "23bda4f3-7b11-4067-9d2f-e698fed94f90"
          ],
          "is_consumed_by": [],
          "provenance__density": "dummy estimator based on mw",
          "provenance__is_consumed_by": null,
          "provenance__is_produced_by": null,
          "provenance__mass": null,
          "provenance__molecular_weight": "periodic table",
          "provenance__smiles": null,
          "provenance__state_of_matter": "dummy estimator based on mw"
        }
      ],
      "stoichiometry": {
        "95a57698-aaef-4840-b832-90f221211103": 1.0,
        "dec1956a-459c-462a-a01f-986c1c7d3a4d": 1.0,
        "65754628-9be1-43b3-a285-620e1a7dc19b": -1.0
      },
      "temperature": 235.2590293139219,
      "intended_ratios": {
        "95a57698-aaef-4840-b832-90f221211103": 1.0,
        "dec1956a-459c-462a-a01f-986c1c7d3a4d": 1.0,
        "e4164582-cc71-41dd-adbb-3cb5dd04a919": 1.0,
        "68cdd0a3-30d1-473f-8c38-f2dea2a89f32": 1.0
      },
      "expected_yields": {
        "65754628-9be1-43b3-a285-620e1a7dc19b": 1.0
      },
      "reaction_extent": 1.0
    },
    {
      "identifier": "dff656f9-15dc-45b7-956d-d7d88f98ca0c",
      "reactants": [
        {
          "identifier": "0a16da95-8930-4335-9356-27eaa200f3f4",
          "smiles": "CN",
          "state_of_matter": "LIQUID",
          "molecular_weight": 31.05710000000001,
          "density": 1.0,
          "mass": 31.05710000000001,
          "is_produced_by": [],
          "is_consumed_by": [
            "dff656f9-15dc-45b7-956d-d7d88f98ca0c"
          ],
          "provenance__density": "dummy estimator based on mw",
          "provenance__is_consumed_by": null,
          "provenance__is_produced_by": null,
          "provenance__mass": null,
          "provenance__molecular_weight": "periodic table",
          "provenance__smiles": null,
          "provenance__state_of_matter": "dummy estimator based on mw"
        },
        {
          "identifier": "f57f7bdb-a3ea-4971-9d82-6c6cbda3856c",
          "smiles": "O=Cc1cc(-c2ccccc2F)n(S(=O)(=O)c2cccnc2)c1",
          "state_of_matter": "SOLID",
          "molecular_weight": 331.3414832000002,
          "density": 1.4,
          "mass": 331.3414832000002,
          "is_produced_by": [],
          "is_consumed_by": [
            "dff656f9-15dc-45b7-956d-d7d88f98ca0c"
          ],
          "provenance__density": "dummy estimator based on mw",
          "provenance__is_consumed_by": null,
          "provenance__is_produced_by": null,
          "provenance__mass": null,
          "provenance__molecular_weight": "periodic table",
          "provenance__smiles": null,
          "provenance__state_of_matter": "dummy estimator based on mw"
        }
      ],
      "reagents": [
        {
          "identifier": "5e6a2628-4b99-4b83-8463-941d1a87e66f",
          "smiles": "CO",
          "state_of_matter": "LIQUID",
          "molecular_weight": 32.04186000000001,
          "density": 1.0,
          "mass": 32.04186000000001,
          "is_produced_by": [],
          "is_consumed_by": [
            "dff656f9-15dc-45b7-956d-d7d88f98ca0c"
          ],
          "provenance__density": "dummy estimator based on mw",
          "provenance__is_consumed_by": null,
          "provenance__is_produced_by": null,
          "provenance__mass": null,
          "provenance__molecular_weight": "periodic table",
          "provenance__smiles": null,
          "provenance__state_of_matter": "dummy estimator based on mw"
        },
        {
          "identifier": "368e6f35-78f4-4d5f-aadc-c14684e2823d",
          "smiles": "[BH4][Na]",
          "state_of_matter": "SOLID",
          "molecular_weight": 37.83252999999999,
          "density": 1.4,
          "mass": 37.83252999999999,
          "is_produced_by": [],
          "is_consumed_by": [
            "dff656f9-15dc-45b7-956d-d7d88f98ca0c"
          ],
          "provenance__density": "dummy estimator based on mw",
          "provenance__is_consumed_by": null,
          "provenance__is_produced_by": null,
          "provenance__mass": null,
          "provenance__molecular_weight": "periodic table",
          "provenance__smiles": null,
          "provenance__state_of_matter": "dummy estimator based on mw"
        },
        {
          "identifier": "d654abde-ae70-4a71-8c05-a39b37d16700",
          "smiles": "O=C(O)O[Na]",
          "state_of_matter": "SOLID",
          "molecular_weight": 84.00661000000001,
          "density": 1.4,
          "mass": 84.00661000000001,
          "is_produced_by": [],
          "is_consumed_by": [
            "dff656f9-15dc-45b7-956d-d7d88f98ca0c"
          ],
          "provenance__density": "dummy estimator based on mw",
          "provenance__is_consumed_by": null,
          "provenance__is_produced_by": null,
          "provenance__mass": null,
          "provenance__molecular_weight": "periodic table",
          "provenance__smiles": null,
          "provenance__state_of_matter": "dummy estimator based on mw"
        }
      ],
      "products": [
        {
          "identifier": "cbec6953-dc62-4759-bc8a-70d7f118c25a",
          "smiles": "CNCc1cc(-c2ccccc2F)n(S(=O)(=O)c2cccnc2)c1",
          "state_of_matter": "SOLID",
          "molecular_weight": 346.39918320000027,
          "density": 1.4,
          "mass": 346.39918320000027,
          "is_produced_by": [
            "dff656f9-15dc-45b7-956d-d7d88f98ca0c"
          ],
          "is_consumed_by": [],
          "provenance__density": "dummy estimator based on mw",
          "provenance__is_consumed_by": null,
          "provenance__is_produced_by": null,
          "provenance__mass": null,
          "provenance__molecular_weight": "periodic table",
          "provenance__smiles": null,
          "provenance__state_of_matter": "dummy estimator based on mw"
        }
      ],
      "stoichiometry": {
        "0a16da95-8930-4335-9356-27eaa200f3f4": 1.0,
        "f57f7bdb-a3ea-4971-9d82-6c6cbda3856c": 1.0,
        "cbec6953-dc62-4759-bc8a-70d7f118c25a": -1.0
      },
      "temperature": 294.2666636824608,
      "intended_ratios": {
        "0a16da95-8930-4335-9356-27eaa200f3f4": 1.0,
        "f57f7bdb-a3ea-4971-9d82-6c6cbda3856c": 1.0,
        "5e6a2628-4b99-4b83-8463-941d1a87e66f": 1.0,
        "368e6f35-78f4-4d5f-aadc-c14684e2823d": 1.0,
        "d654abde-ae70-4a71-8c05-a39b37d16700": 1.0
      },
      "expected_yields": {
        "cbec6953-dc62-4759-bc8a-70d7f118c25a": 1.0
      },
      "reaction_extent": 1.0
    },
    {
      "identifier": "1104b582-121f-4d50-9686-bd9aacc6980f",
      "reactants": [
        {
          "identifier": "d41ec7e0-0317-4f8d-ad1d-51c767584eed",
          "smiles": "CNC(=O)c1nnc(N)cc1Nc1cccc(-c2ncn(C)n2)c1OC",
          "state_of_matter": "SOLID",
          "molecular_weight": 355.3744600000003,
          "density": 1.4,
          "mass": 355.3744600000003,
          "is_produced_by": [],
          "is_consumed_by": [
            "1104b582-121f-4d50-9686-bd9aacc6980f"
          ],
          "provenance__density": "dummy estimator based on mw",
          "provenance__is_consumed_by": null,
          "provenance__is_produced_by": null,
          "provenance__mass": null,
          "provenance__molecular_weight": "periodic table",
          "provenance__smiles": null,
          "provenance__state_of_matter": "dummy estimator based on mw"
        },
        {
          "identifier": "c498bd6b-5f9d-427a-a0da-7b9eb3efc47d",
          "smiles": "O=C(O)C1CC1",
          "state_of_matter": "LIQUID",
          "molecular_weight": 86.08924000000003,
          "density": 1.0,
          "mass": 86.08924000000003,
          "is_produced_by": [],
          "is_consumed_by": [
            "1104b582-121f-4d50-9686-bd9aacc6980f"
          ],
          "provenance__density": "dummy estimator based on mw",
          "provenance__is_consumed_by": null,
          "provenance__is_produced_by": null,
          "provenance__mass": null,
          "provenance__molecular_weight": "periodic table",
          "provenance__smiles": null,
          "provenance__state_of_matter": "dummy estimator based on mw"
        }
      ],
      "reagents": [
        {
          "identifier": "c07d3065-c423-439d-a06b-9b72c1aa2dad",
          "smiles": "CN(C)C=O",
          "state_of_matter": "LIQUID",
          "molecular_weight": 73.09378000000004,
          "density": 1.0,
          "mass": 73.09378000000004,
          "is_produced_by": [],
          "is_consumed_by": [
            "1104b582-121f-4d50-9686-bd9aacc6980f"
          ],
          "provenance__density": "dummy estimator based on mw",
          "provenance__is_consumed_by": null,
          "provenance__is_produced_by": null,
          "provenance__mass": null,
          "provenance__molecular_weight": "periodic table",
          "provenance__smiles": null,
          "provenance__state_of_matter": "dummy estimator based on mw"
        },
        {
          "identifier": "9edb8de0-cc2e-4c30-81c5-68bb9512ea6e",
          "smiles": "CN(C)C(On1nnc2cccnc21)=[N+](C)C.F[P-](F)(F)(F)(F)F",
          "state_of_matter": "SOLID",
          "molecular_weight": 381.2378202000002,
          "density": 1.4,
          "mass": 381.2378202000002,
          "is_produced_by": [],
          "is_consumed_by": [
            "1104b582-121f-4d50-9686-bd9aacc6980f"
          ],
          "provenance__density": "dummy estimator based on mw",
          "provenance__is_consumed_by": null,
          "provenance__is_produced_by": null,
          "provenance__mass": null,
          "provenance__molecular_weight": "periodic table",
          "provenance__smiles": null,
          "provenance__state_of_matter": "dummy estimator based on mw"
        },
        {
          "identifier": "21f4d670-a18b-43ea-8033-abd98ced9cf0",
          "smiles": "CCN(C(C)C)C(C)C",
          "state_of_matter": "LIQUID",
          "molecular_weight": 129.24316000000007,
          "density": 1.0,
          "mass": 129.24316000000007,
          "is_produced_by": [],
          "is_consumed_by": [
            "1104b582-121f-4d50-9686-bd9aacc6980f"
          ],
          "provenance__density": "dummy estimator based on mw",
          "provenance__is_consumed_by": null,
          "provenance__is_produced_by": null,
          "provenance__mass": null,
          "provenance__molecular_weight": "periodic table",
          "provenance__smiles": null,
          "provenance__state_of_matter": "dummy estimator based on mw"
        }
      ],
      "products": [
        {
          "identifier": "937d63e9-730d-46e7-8bbe-e939a5c8a0d5",
          "smiles": "CNC(=O)c1nnc(NC(=O)C2CC2)cc1Nc1cccc(-c2ncn(C)n2)c1OC",
          "state_of_matter": "SOLID",
          "molecular_weight": 423.44842000000034,
          "density": 1.4,
          "mass": 423.44842000000034,
          "is_produced_by": [
            "1104b582-121f-4d50-9686-bd9aacc6980f"
          ],
          "is_consumed_by": [],
          "provenance__density": "dummy estimator based on mw",
          "provenance__is_consumed_by": null,
          "provenance__is_produced_by": null,
          "provenance__mass": null,
          "provenance__molecular_weight": "periodic table",
          "provenance__smiles": null,
          "provenance__state_of_matter": "dummy estimator based on mw"
        }
      ],
      "stoichiometry": {
        "d41ec7e0-0317-4f8d-ad1d-51c767584eed": 1.0,
        "c498bd6b-5f9d-427a-a0da-7b9eb3efc47d": 1.0,
        "937d63e9-730d-46e7-8bbe-e939a5c8a0d5": -1.0
      },
      "temperature": 292.6367393374443,
      "intended_ratios": {
        "d41ec7e0-0317-4f8d-ad1d-51c767584eed": 1.0,
        "c498bd6b-5f9d-427a-a0da-7b9eb3efc47d": 1.0,
        "c07d3065-c423-439d-a06b-9b72c1aa2dad": 1.0,
        "9edb8de0-cc2e-4c30-81c5-68bb9512ea6e": 1.0,
        "21f4d670-a18b-43ea-8033-abd98ced9cf0": 1.0
      },
      "expected_yields": {
        "937d63e9-730d-46e7-8bbe-e939a5c8a0d5": 1.0
      },
      "reaction_extent": 1.0
    },
    {
      "identifier": "519f2762-a4d2-49d4-abe1-1843b15bdc3e",
      "reactants": [
        {
          "identifier": "2db272de-4957-4e34-96e7-a08f82fee0c2",
          "smiles": "CNC(=O)c1nnc(NC(C)=O)cc1Nc1cccc(-c2ncn(C)n2)c1OC",
          "state_of_matter": "SOLID",
          "molecular_weight": 397.41114000000033,
          "density": 1.4,
          "mass": 397.41114000000033,
          "is_produced_by": [],
          "is_consumed_by": [
            "519f2762-a4d2-49d4-abe1-1843b15bdc3e"
          ],
          "provenance__density": "dummy estimator based on mw",
          "provenance__is_consumed_by": null,
          "provenance__is_produced_by": null,
          "provenance__mass": null,
          "provenance__molecular_weight": "periodic table",
          "provenance__smiles": null,
          "provenance__state_of_matter": "dummy estimator based on mw"
        }
      ],
      "reagents": [
        {
          "identifier": "0055be30-1c8e-4f63-9201-9db173a7f78d",
          "smiles": "CO",
          "state_of_matter": "LIQUID",
          "molecular_weight": 32.04186000000001,
          "density": 1.0,
          "mass": 32.04186000000001,
          "is_produced_by": [],
          "is_consumed_by": [
            "519f2762-a4d2-49d4-abe1-1843b15bdc3e"
          ],
          "provenance__density": "dummy estimator based on mw",
          "provenance__is_consumed_by": null,
          "provenance__is_produced_by": null,
          "provenance__mass": null,
          "provenance__molecular_weight": "periodic table",
          "provenance__smiles": null,
          "provenance__state_of_matter": "dummy estimator based on mw"
        }
      ],
      "products": [
        {
          "identifier": "0dce11d6-1e08-4592-bffb-e65a78bf2e97",
          "smiles": "CNC(=O)c1nnc(N)cc1Nc1cccc(-c2ncn(C)n2)c1OC",
          "state_of_matter": "SOLID",
          "molecular_weight": 355.3744600000003,
          "density": 1.4,
          "mass": 355.3744600000003,
          "is_produced_by": [
            "519f2762-a4d2-49d4-abe1-1843b15bdc3e"
          ],
          "is_consumed_by": [],
          "provenance__density": "dummy estimator based on mw",
          "provenance__is_consumed_by": null,
          "provenance__is_produced_by": null,
          "provenance__mass": null,
          "provenance__molecular_weight": "periodic table",
          "provenance__smiles": null,
          "provenance__state_of_matter": "dummy estimator based on mw"
        }
      ],
      "stoichiometry": {
        "2db272de-4957-4e34-96e7-a08f82fee0c2": 1.0,
        "0dce11d6-1e08-4592-bffb-e65a78bf2e97": -1.0
      },
      "temperature": 300.69668526649474,
      "intended_ratios": {
        "2db272de-4957-4e34-96e7-a08f82fee0c2": 1.0,
        "0055be30-1c8e-4f63-9201-9db173a7f78d": 1.0
      },
      "expected_yields": {
        "0dce11d6-1e08-4592-bffb-e65a78bf2e97": 1.0
      },
      "reaction_extent": 1.0
    },
    {
      "identifier": "144178d9-b87d-4178-9f63-64e3252c81cc",
      "reactants": [
        {
          "identifier": "7bb5668e-26b8-49db-b2f8-dd923568fbf8",
          "smiles": "COC(=O)c1nnc(Cl)cc1Cl",
          "state_of_matter": "SOLID",
          "molecular_weight": 207.01415999999992,
          "density": 1.4,
          "mass": 207.01415999999992,
          "is_produced_by": [],
          "is_consumed_by": [
            "144178d9-b87d-4178-9f63-64e3252c81cc"
          ],
          "provenance__density": "dummy estimator based on mw",
          "provenance__is_consumed_by": null,
          "provenance__is_produced_by": null,
          "provenance__mass": null,
          "provenance__molecular_weight": "periodic table",
          "provenance__smiles": null,
          "provenance__state_of_matter": "dummy estimator based on mw"
        },
        {
          "identifier": "c3ed178e-5e02-4c09-aed5-e4b518e180a5",
          "smiles": "COc1c(N)cccc1-c1ncn(C)n1",
          "state_of_matter": "SOLID",
          "molecular_weight": 205.2364199999999,
          "density": 1.4,
          "mass": 205.2364199999999,
          "is_produced_by": [],
          "is_consumed_by": [
            "144178d9-b87d-4178-9f63-64e3252c81cc"
          ],
          "provenance__density": "dummy estimator based on mw",
          "provenance__is_consumed_by": null,
          "provenance__is_produced_by": null,
          "provenance__mass": null,
          "provenance__molecular_weight": "periodic table",
          "provenance__smiles": null,
          "provenance__state_of_matter": "dummy estimator based on mw"
        }
      ],
      "reagents": [
        {
          "identifier": "9cf4d814-90c6-4736-bd8b-becdcafb1077",
          "smiles": "C1CCOC1",
          "state_of_matter": "LIQUID",
          "molecular_weight": 72.10572000000005,
          "density": 1.0,
          "mass": 72.10572000000005,
          "is_produced_by": [],
          "is_consumed_by": [
            "144178d9-b87d-4178-9f63-64e3252c81cc"
          ],
          "provenance__density": "dummy estimator based on mw",
          "provenance__is_consumed_by": null,
          "provenance__is_produced_by": null,
          "provenance__mass": null,
          "provenance__molecular_weight": "periodic table",
          "provenance__smiles": null,
          "provenance__state_of_matter": "dummy estimator based on mw"
        },
        {
          "identifier": "14fcd9f6-46e1-4b3e-9904-a3d58ec0a599",
          "smiles": "[Li]N([Si](C)(C)C)[Si](C)(C)C",
          "state_of_matter": "SOLID",
          "molecular_weight": 167.3258199999998,
          "density": 1.4,
          "mass": 167.3258199999998,
          "is_produced_by": [],
          "is_consumed_by": [
            "144178d9-b87d-4178-9f63-64e3252c81cc"
          ],
          "provenance__density": "dummy estimator based on mw",
          "provenance__is_consumed_by": null,
          "provenance__is_produced_by": null,
          "provenance__mass": null,
          "provenance__molecular_weight": "periodic table",
          "provenance__smiles": null,
          "provenance__state_of_matter": "dummy estimator based on mw"
        }
      ],
      "products": [
        {
          "identifier": "da23f8cd-8e28-4971-9c2e-47aafaae5eb6",
          "smiles": "COC(=O)c1nnc(Cl)cc1Nc1cccc(-c2ncn(C)n2)c1OC",
          "state_of_matter": "SOLID",
          "molecular_weight": 375.7896400000002,
          "density": 1.4,
          "mass": 375.7896400000002,
          "is_produced_by": [
            "144178d9-b87d-4178-9f63-64e3252c81cc"
          ],
          "is_consumed_by": [],
          "provenance__density": "dummy estimator based on mw",
          "provenance__is_consumed_by": null,
          "provenance__is_produced_by": null,
          "provenance__mass": null,
          "provenance__molecular_weight": "periodic table",
          "provenance__smiles": null,
          "provenance__state_of_matter": "dummy estimator based on mw"
        }
      ],
      "stoichiometry": {
        "7bb5668e-26b8-49db-b2f8-dd923568fbf8": 1.0,
        "c3ed178e-5e02-4c09-aed5-e4b518e180a5": 1.0,
        "da23f8cd-8e28-4971-9c2e-47aafaae5eb6": -1.0
      },
      "temperature": 277.9126183569431,
      "intended_ratios": {
        "7bb5668e-26b8-49db-b2f8-dd923568fbf8": 1.0,
        "c3ed178e-5e02-4c09-aed5-e4b518e180a5": 1.0,
        "9cf4d814-90c6-4736-bd8b-becdcafb1077": 1.0,
        "14fcd9f6-46e1-4b3e-9904-a3d58ec0a599": 1.0
      },
      "expected_yields": {
        "da23f8cd-8e28-4971-9c2e-47aafaae5eb6": 1.0
      },
      "reaction_extent": 1.0
    },
    {
      "identifier": "5898948b-7207-4f9c-a591-4c2e875275bd",
      "reactants": [
        {
          "identifier": "9d269134-d915-4cdb-92b6-aaabfac2136f",
          "smiles": "O=Cc1c[nH]c(-c2ccccc2F)c1",
          "state_of_matter": "LIQUID",
          "molecular_weight": 189.18572319999987,
          "density": 1.0,
          "mass": 189.18572319999987,
          "is_produced_by": [],
          "is_consumed_by": [
            "5898948b-7207-4f9c-a591-4c2e875275bd"
          ],
          "provenance__density": "dummy estimator based on mw",
          "provenance__is_consumed_by": null,
          "provenance__is_produced_by": null,
          "provenance__mass": null,
          "provenance__molecular_weight": "periodic table",
          "provenance__smiles": null,
          "provenance__state_of_matter": "dummy estimator based on mw"
        },
        {
          "identifier": "d1b25220-ccf0-4460-9951-9886705faffb",
          "smiles": "O=S(=O)(Cl)c1cccnc1",
          "state_of_matter": "LIQUID",
          "molecular_weight": 177.60875999999996,
          "density": 1.0,
          "mass": 177.60875999999996,
          "is_produced_by": [],
          "is_consumed_by": [
            "5898948b-7207-4f9c-a591-4c2e875275bd"
          ],
          "provenance__density": "dummy estimator based on mw",
          "provenance__is_consumed_by": null,
          "provenance__is_produced_by": null,
          "provenance__mass": null,
          "provenance__molecular_weight": "periodic table",
          "provenance__smiles": null,
          "provenance__state_of_matter": "dummy estimator based on mw"
        }
      ],
      "reagents": [
        {
          "identifier": "4c1a5d4f-d6c2-4c0e-b193-519e17b9fd35",
          "smiles": "C1CCOC1",
          "state_of_matter": "LIQUID",
          "molecular_weight": 72.10572000000005,
          "density": 1.0,
          "mass": 72.10572000000005,
          "is_produced_by": [],
          "is_consumed_by": [
            "5898948b-7207-4f9c-a591-4c2e875275bd"
          ],
          "provenance__density": "dummy estimator based on mw",
          "provenance__is_consumed_by": null,
          "provenance__is_produced_by": null,
          "provenance__mass": null,
          "provenance__molecular_weight": "periodic table",
          "provenance__smiles": null,
          "provenance__state_of_matter": "dummy estimator based on mw"
        },
        {
          "identifier": "7643b342-63fa-4599-a1bd-395f6c310452",
          "smiles": "[Na]Cl",
          "state_of_matter": "SOLID",
          "molecular_weight": 58.44277,
          "density": 1.4,
          "mass": 58.44277,
          "is_produced_by": [],
          "is_consumed_by": [
            "5898948b-7207-4f9c-a591-4c2e875275bd"
          ],
          "provenance__density": "dummy estimator based on mw",
          "provenance__is_consumed_by": null,
          "provenance__is_produced_by": null,
          "provenance__mass": null,
          "provenance__molecular_weight": "periodic table",
          "provenance__smiles": null,
          "provenance__state_of_matter": "dummy estimator based on mw"
        },
        {
          "identifier": "a3fe12c9-3645-4b3d-8bd7-cd8cb44db880",
          "smiles": "[NaH]",
          "state_of_matter": "SOLID",
          "molecular_weight": 23.99771,
          "density": 1.4,
          "mass": 23.99771,
          "is_produced_by": [],
          "is_consumed_by": [
            "5898948b-7207-4f9c-a591-4c2e875275bd"
          ],
          "provenance__density": "dummy estimator based on mw",
          "provenance__is_consumed_by": null,
          "provenance__is_produced_by": null,
          "provenance__mass": null,
          "provenance__molecular_weight": "periodic table",
          "provenance__smiles": null,
          "provenance__state_of_matter": "dummy estimator based on mw"
        },
        {
          "identifier": "656960e0-ec60-41b1-9cd2-de8f70d12b31",
          "smiles": "C1COCCOCCOCCOCCO1",
          "state_of_matter": "SOLID",
          "molecular_weight": 220.26279999999983,
          "density": 1.4,
          "mass": 220.26279999999983,
          "is_produced_by": [],
          "is_consumed_by": [
            "5898948b-7207-4f9c-a591-4c2e875275bd"
          ],
          "provenance__density": "dummy estimator based on mw",
          "provenance__is_consumed_by": null,
          "provenance__is_produced_by": null,
          "provenance__mass": null,
          "provenance__molecular_weight": "periodic table",
          "provenance__smiles": null,
          "provenance__state_of_matter": "dummy estimator based on mw"
        }
      ],
      "products": [
        {
          "identifier": "720bfe58-6440-47b2-b269-46773ac32ed2",
          "smiles": "O=Cc1cc(-c2ccccc2F)n(S(=O)(=O)c2cccnc2)c1",
          "state_of_matter": "SOLID",
          "molecular_weight": 331.3414832000002,
          "density": 1.4,
          "mass": 331.3414832000002,
          "is_produced_by": [
            "5898948b-7207-4f9c-a591-4c2e875275bd"
          ],
          "is_consumed_by": [],
          "provenance__density": "dummy estimator based on mw",
          "provenance__is_consumed_by": null,
          "provenance__is_produced_by": null,
          "provenance__mass": null,
          "provenance__molecular_weight": "periodic table",
          "provenance__smiles": null,
          "provenance__state_of_matter": "dummy estimator based on mw"
        }
      ],
      "stoichiometry": {
        "9d269134-d915-4cdb-92b6-aaabfac2136f": 1.0,
        "d1b25220-ccf0-4460-9951-9886705faffb": 1.0,
        "720bfe58-6440-47b2-b269-46773ac32ed2": -1.0
      },
      "temperature": 289.642726957798,
      "intended_ratios": {
        "9d269134-d915-4cdb-92b6-aaabfac2136f": 1.0,
        "d1b25220-ccf0-4460-9951-9886705faffb": 1.0,
        "4c1a5d4f-d6c2-4c0e-b193-519e17b9fd35": 1.0,
        "7643b342-63fa-4599-a1bd-395f6c310452": 1.0,
        "a3fe12c9-3645-4b3d-8bd7-cd8cb44db880": 1.0,
        "656960e0-ec60-41b1-9cd2-de8f70d12b31": 1.0
      },
      "expected_yields": {
        "720bfe58-6440-47b2-b269-46773ac32ed2": 1.0
      },
      "reaction_extent": 1.0
    }
  ],
  "molecular_nodes": [
    "C1CCOC1",
    "C1COCCO1",
    "C1COCCOCCOCCOCCO1",
    "CC(N)=O",
    "CC1(C)c2cccc(P(c3ccccc3)c3ccccc3)c2Oc2c(P(c3ccccc3)c3ccccc3)cccc21",
    "CCN(C(C)C)C(C)C",
    "CN",
    "CN(C)C(On1nnc2cccnc21)=[N+](C)C.F[P-](F)(F)(F)(F)F",
    "CN(C)C=O",
    "CNC(=O)c1nnc(Cl)cc1Nc1cccc(-c2ncn(C)n2)c1OC",
    "CNC(=O)c1nnc(N)cc1Nc1cccc(-c2ncn(C)n2)c1OC",
    "CNC(=O)c1nnc(NC(=O)C2CC2)cc1Nc1cccc(-c2ncn(C)n2)c1OC",
    "CNC(=O)c1nnc(NC(C)=O)cc1Nc1cccc(-c2ncn(C)n2)c1OC",
    "CNCc1cc(-c2ccccc2F)n(S(=O)(=O)c2cccnc2)c1",
    "CO",
    "COC(=O)c1nnc(Cl)cc1Cl",
    "COC(=O)c1nnc(Cl)cc1Nc1cccc(-c2ncn(C)n2)c1OC",
    "COc1c(N)cccc1-c1ncn(C)n1",
    "O=C(O)C1CC1",
    "O=C(O)O[Na]",
    "O=C(O[Cs])O[Cs]",
    "O=Cc1c[nH]c(-c2ccccc2F)c1",
    "O=Cc1cc(-c2ccccc2F)n(S(=O)(=O)c2cccnc2)c1",
    "O=S(=O)(Cl)c1cccnc1",
    "[BH4][Na]",
    "[Li]N([Si](C)(C)C)[Si](C)(C)C",
    "[NaH]",
    "[Na]Cl",
    "[Pd]"
  ],
  "edges": [
    [
      "1104b582-121f-4d50-9686-bd9aacc6980f",
      "CNC(=O)c1nnc(NC(=O)C2CC2)cc1Nc1cccc(-c2ncn(C)n2)c1OC"
    ],
    [
      "144178d9-b87d-4178-9f63-64e3252c81cc",
      "COC(=O)c1nnc(Cl)cc1Nc1cccc(-c2ncn(C)n2)c1OC"
    ],
    [
      "23bda4f3-7b11-4067-9d2f-e698fed94f90",
      "CNC(=O)c1nnc(Cl)cc1Nc1cccc(-c2ncn(C)n2)c1OC"
    ],
    [
      "3b3c5667-947d-4819-baf8-33e772b36594",
      "CNC(=O)c1nnc(NC(C)=O)cc1Nc1cccc(-c2ncn(C)n2)c1OC"
    ],
    [
      "519f2762-a4d2-49d4-abe1-1843b15bdc3e",
      "CNC(=O)c1nnc(N)cc1Nc1cccc(-c2ncn(C)n2)c1OC"
    ],
    [
      "5898948b-7207-4f9c-a591-4c2e875275bd",
      "O=Cc1cc(-c2ccccc2F)n(S(=O)(=O)c2cccnc2)c1"
    ],
    [
      "C1CCOC1",
      "144178d9-b87d-4178-9f63-64e3252c81cc"
    ],
    [
      "C1CCOC1",
      "23bda4f3-7b11-4067-9d2f-e698fed94f90"
    ],
    [
      "C1CCOC1",
      "5898948b-7207-4f9c-a591-4c2e875275bd"
    ],
    [
      "C1COCCO1",
      "3b3c5667-947d-4819-baf8-33e772b36594"
    ],
    [
      "C1COCCOCCOCCOCCO1",
      "5898948b-7207-4f9c-a591-4c2e875275bd"
    ],
    [
      "CC(N)=O",
      "3b3c5667-947d-4819-baf8-33e772b36594"
    ],
    [
      "CC1(C)c2cccc(P(c3ccccc3)c3ccccc3)c2Oc2c(P(c3ccccc3)c3ccccc3)cccc21",
      "3b3c5667-947d-4819-baf8-33e772b36594"
    ],
    [
      "CCN(C(C)C)C(C)C",
      "1104b582-121f-4d50-9686-bd9aacc6980f"
    ],
    [
      "CN",
      "23bda4f3-7b11-4067-9d2f-e698fed94f90"
    ],
    [
      "CN",
      "dff656f9-15dc-45b7-956d-d7d88f98ca0c"
    ],
    [
      "CN(C)C(On1nnc2cccnc21)=[N+](C)C.F[P-](F)(F)(F)(F)F",
      "1104b582-121f-4d50-9686-bd9aacc6980f"
    ],
    [
      "CN(C)C=O",
      "1104b582-121f-4d50-9686-bd9aacc6980f"
    ],
    [
      "CNC(=O)c1nnc(Cl)cc1Nc1cccc(-c2ncn(C)n2)c1OC",
      "3b3c5667-947d-4819-baf8-33e772b36594"
    ],
    [
      "CNC(=O)c1nnc(N)cc1Nc1cccc(-c2ncn(C)n2)c1OC",
      "1104b582-121f-4d50-9686-bd9aacc6980f"
    ],
    [
      "CNC(=O)c1nnc(NC(C)=O)cc1Nc1cccc(-c2ncn(C)n2)c1OC",
      "519f2762-a4d2-49d4-abe1-1843b15bdc3e"
    ],
    [
      "CO",
      "519f2762-a4d2-49d4-abe1-1843b15bdc3e"
    ],
    [
      "CO",
      "dff656f9-15dc-45b7-956d-d7d88f98ca0c"
    ],
    [
      "COC(=O)c1nnc(Cl)cc1Cl",
      "144178d9-b87d-4178-9f63-64e3252c81cc"
    ],
    [
      "COC(=O)c1nnc(Cl)cc1Nc1cccc(-c2ncn(C)n2)c1OC",
      "23bda4f3-7b11-4067-9d2f-e698fed94f90"
    ],
    [
      "COc1c(N)cccc1-c1ncn(C)n1",
      "144178d9-b87d-4178-9f63-64e3252c81cc"
    ],
    [
      "O=C(O)C1CC1",
      "1104b582-121f-4d50-9686-bd9aacc6980f"
    ],
    [
      "O=C(O)O[Na]",
      "dff656f9-15dc-45b7-956d-d7d88f98ca0c"
    ],
    [
      "O=C(O[Cs])O[Cs]",
      "3b3c5667-947d-4819-baf8-33e772b36594"
    ],
    [
      "O=Cc1c[nH]c(-c2ccccc2F)c1",
      "5898948b-7207-4f9c-a591-4c2e875275bd"
    ],
    [
      "O=Cc1cc(-c2ccccc2F)n(S(=O)(=O)c2cccnc2)c1",
      "dff656f9-15dc-45b7-956d-d7d88f98ca0c"
    ],
    [
      "O=S(=O)(Cl)c1cccnc1",
      "5898948b-7207-4f9c-a591-4c2e875275bd"
    ],
    [
      "[BH4][Na]",
      "dff656f9-15dc-45b7-956d-d7d88f98ca0c"
    ],
    [
      "[Li]N([Si](C)(C)C)[Si](C)(C)C",
      "144178d9-b87d-4178-9f63-64e3252c81cc"
    ],
    [
      "[Li]N([Si](C)(C)C)[Si](C)(C)C",
      "23bda4f3-7b11-4067-9d2f-e698fed94f90"
    ],
    [
      "[NaH]",
      "5898948b-7207-4f9c-a591-4c2e875275bd"
    ],
    [
      "[Na]Cl",
      "5898948b-7207-4f9c-a591-4c2e875275bd"
    ],
    [
      "[Pd]",
      "3b3c5667-947d-4819-baf8-33e772b36594"
    ],
    [
      "dff656f9-15dc-45b7-956d-d7d88f98ca0c",
      "CNCc1cc(-c2ccccc2F)n(S(=O)(=O)c2cccnc2)c1"
    ]
  ]
}