{
  "identifier": "7ff500d5-fffe-45e2-a2b4-b3e72df520cb",
  "chemical_reactions": [
    {
      "identifier": "d4b2313c-832c-453f-8b2c-87ac695ff1b5",
      "reactants": [
        {
          "identifier": "7ee3e179-ef74-4309-979d-c82fd25f61fc",
          "smiles": "Brc1ccc2c(c1)[nH]c1ccncc12",
          "state_of_matter": "SOLID",
          "molecular_weight": 247.09067999999988,
          "density": 1.4,
          "mass": 247.09067999999988,
          "is_produced_by": [],
          "is_consumed_by": [
            "d4b2313c-832c-453f-8b2c-87ac695ff1b5"
          ],
          "provenance__density": "dummy estimator based on mw",
          "provenance__is_consumed_by": null,
          "provenance__is_produced_by": null,
          "provenance__mass": null,
          "provenance__molecular_weight": "periodic table",
          "provenance__smiles": null,
          "provenance__state_of_matter": "dummy estimator based on mw"
        },
        {
          "identifier": "7a93ef1f-361c-481a-8e4e-f97656e45887",
          "smiles": "CC(C)(C)OC(=O)OC(=O)OC(C)(C)C",
          "state_of_matter": "SOLID",
          "molecular_weight": 218.24691999999976,
          "density": 1.4,
          "mass": 218.24691999999976,
          "is_produced_by": [],
          "is_consumed_by": [
            "d4b2313c-832c-453f-8b2c-87ac695ff1b5"
          ],
          "provenance__density": "dummy estimator based on mw",
          "provenance__is_consumed_by": null,
          "provenance__is_produced_by": null,
          "provenance__mass": null,
          "provenance__molecular_weight": "periodic table",
          "provenance__smiles": null,
          "provenance__state_of_matter": "dummy estimator based on mw"
        }
      ],
      "reagents": [
        {
          "identifier": "de4cd64d-54fa-4688-a095-2bb2915e2d45",
          "smiles": "C1CCOC1",
          "state_of_matter": "LIQUID",
          "molecular_weight": 72.10572000000005,
          "density": 1.0,
          "mass": 72.10572000000005,
          "is_produced_by": [],
          "is_consumed_by": [
            "d4b2313c-832c-453f-8b2c-87ac695ff1b5"
          ],
          "provenance__density": "dummy estimator based on mw",
          "provenance__is_consumed_by": null,
          "provenance__is_produced_by": null,
          "provenance__mass": null,
          "provenance__molecular_weight": "periodic table",
          "provenance__smiles": null,
          "provenance__state_of_matter": "dummy estimator based on mw"
        },
        {
          "identifier": "7235a63d-f4d7-48ad-a0eb-4da1dc6a17dd",
          "smiles": "CN(C)c1ccncc1",
          "state_of_matter": "LIQUID",
          "molecular_weight": 122.16770000000005,
          "density": 1.0,
          "mass": 122.16770000000005,
          "is_produced_by": [],
          "is_consumed_by": [
            "d4b2313c-832c-453f-8b2c-87ac695ff1b5"
          ],
          "provenance__density": "dummy estimator based on mw",
          "provenance__is_consumed_by": null,
          "provenance__is_produced_by": null,
          "provenance__mass": null,
          "provenance__molecular_weight": "periodic table",
          "provenance__smiles": null,
          "provenance__state_of_matter": "dummy estimator based on mw"
        }
      ],
      "products": [
        {
          "identifier": "0d33686c-f262-4003-8716-b757e2d5f920",
          "smiles": "CC(C)(C)OC(=O)n1c2ccncc2c2ccc(Br)cc21",
          "state_of_matter": "SOLID",
          "molecular_weight": 348.2144400000002,
          "density": 1.4,
          "mass": 348.2144400000002,
          "is_produced_by": [
            "d4b2313c-832c-453f-8b2c-87ac695ff1b5"
          ],
          "is_consumed_by": [],
          "provenance__density": "dummy estimator based on mw",
          "provenance__is_consumed_by": null,
          "provenance__is_produced_by": null,
          "provenance__mass": null,
          "provenance__molecular_weight": "periodic table",
          "provenance__smiles": null,
          "provenance__state_of_matter": "dummy estimator based on mw"
        }
      ],
      "stoichiometry": {
        "7ee3e179-ef74-4309-979d-c82fd25f61fc": 1.0,
        "7a93ef1f-361c-481a-8e4e-f97656e45887": 1.0,
        "0d33686c-f262-4003-8716-b757e2d5f920": -1.0
      },
      "temperature": 295.06918716430664,
      "intended_ratios": {
        "7ee3e179-ef74-4309-979d-c82fd25f61fc": 1.0,
        "7a93ef1f-361c-481a-8e4e-f97656e45887": 1.0,
        "de4cd64d-54fa-4688-a095-2bb2915e2d45": 1.0,
        "7235a63d-f4d7-48ad-a0eb-4da1dc6a17dd": 1.0
      },
      "expected_yields": {
        "0d33686c-f262-4003-8716-b757e2d5f920": 1.0
      },
      "reaction_extent": 1.0
    },
    {
      "identifier": "63af7bf3-2e78-48a7-970d-853348e75c71",
      "reactants": [
        {
          "identifier": "b42af268-24b1-4162-921c-06514a56f205",
          "smiles": "Brc1ccc2c3c([nH]c2c1)CCNC3",
          "state_of_matter": "SOLID",
          "molecular_weight": 251.12243999999984,
          "density": 1.4,
          "mass": 251.12243999999984,
          "is_produced_by": [],
          "is_consumed_by": [
            "63af7bf3-2e78-48a7-970d-853348e75c71"
          ],
          "provenance__density": "dummy estimator based on mw",
          "provenance__is_consumed_by": null,
          "provenance__is_produced_by": null,
          "provenance__mass": null,
          "provenance__molecular_weight": "periodic table",
          "provenance__smiles": null,
          "provenance__state_of_matter": "dummy estimator based on mw"
        }
      ],
      "reagents": [
        {
          "identifier": "4f84eec0-81bc-4cf7-ba57-7b317cd83f7f",
          "smiles": "ClC(Cl)Cl",
          "state_of_matter": "LIQUID",
          "molecular_weight": 119.37764000000001,
          "density": 1.0,
          "mass": 119.37764000000001,
          "is_produced_by": [],
          "is_consumed_by": [
            "63af7bf3-2e78-48a7-970d-853348e75c71"
          ],
          "provenance__density": "dummy estimator based on mw",
          "provenance__is_consumed_by": null,
          "provenance__is_produced_by": null,
          "provenance__mass": null,
          "provenance__molecular_weight": "periodic table",
          "provenance__smiles": null,
          "provenance__state_of_matter": "dummy estimator based on mw"
        },
        {
          "identifier": "d496de41-4c2d-40a2-9178-2187be7f7ad6",
          "smiles": "O=[Mn]=O",
          "state_of_matter": "LIQUID",
          "molecular_weight": 86.936849,
          "density": 1.0,
          "mass": 86.936849,
          "is_produced_by": [],
          "is_consumed_by": [
            "63af7bf3-2e78-48a7-970d-853348e75c71"
          ],
          "provenance__density": "dummy estimator based on mw",
          "provenance__is_consumed_by": null,
          "provenance__is_produced_by": null,
          "provenance__mass": null,
          "provenance__molecular_weight": "periodic table",
          "provenance__smiles": null,
          "provenance__state_of_matter": "dummy estimator based on mw"
        }
      ],
      "products": [
        {
          "identifier": "5f82d6d3-555a-44de-baab-0d122038f818",
          "smiles": "Brc1ccc2c(c1)[nH]c1ccncc12",
          "state_of_matter": "SOLID",
          "molecular_weight": 247.09067999999988,
          "density": 1.4,
          "mass": 247.09067999999988,
          "is_produced_by": [
            "63af7bf3-2e78-48a7-970d-853348e75c71"
          ],
          "is_consumed_by": [],
          "provenance__density": "dummy estimator based on mw",
          "provenance__is_consumed_by": null,
          "provenance__is_produced_by": null,
          "provenance__mass": null,
          "provenance__molecular_weight": "periodic table",
          "provenance__smiles": null,
          "provenance__state_of_matter": "dummy estimator based on mw"
        }
      ],
      "stoichiometry": {
        "b42af268-24b1-4162-921c-06514a56f205": 1.0,
        "5f82d6d3-555a-44de-baab-0d122038f818": -1.0
      },
      "temperature": 317.3802256464958,
      "intended_ratios": {
        "b42af268-24b1-4162-921c-06514a56f205": 1.0,
        "4f84eec0-81bc-4cf7-ba57-7b317cd83f7f": 1.0,
        "d496de41-4c2d-40a2-9178-2187be7f7ad6": 1.0
      },
      "expected_yields": {
        "5f82d6d3-555a-44de-baab-0d122038f818": 1.0
      },
      "reaction_extent": 1.0
    },
    {
      "identifier": "0b6d5dd1-1dd7-4478-b141-f4990ca7464e",
      "reactants": [
        {
          "identifier": "91a6e80c-23c6-4e88-aa50-6f97d00f68d3",
          "smiles": "CC(C)(C)OC(=O)n1c2ccncc2c2ccc(-c3ccc(F)nc3)cc21",
          "state_of_matter": "SOLID",
          "molecular_weight": 364.3928632000002,
          "density": 1.4,
          "mass": 364.3928632000002,
          "is_produced_by": [],
          "is_consumed_by": [
            "0b6d5dd1-1dd7-4478-b141-f4990ca7464e"
          ],
          "provenance__density": "dummy estimator based on mw",
          "provenance__is_consumed_by": null,
          "provenance__is_produced_by": null,
          "provenance__mass": null,
          "provenance__molecular_weight": "periodic table",
          "provenance__smiles": null,
          "provenance__state_of_matter": "dummy estimator based on mw"
        }
      ],
      "reagents": [
        {
          "identifier": "846c5a95-5e9d-4cfc-a0a7-dadb0184ae86",
          "smiles": "ClCCl",
          "state_of_matter": "LIQUID",
          "molecular_weight": 84.93258000000002,
          "density": 1.0,
          "mass": 84.93258000000002,
          "is_produced_by": [],
          "is_consumed_by": [
            "0b6d5dd1-1dd7-4478-b141-f4990ca7464e"
          ],
          "provenance__density": "dummy estimator based on mw",
          "provenance__is_consumed_by": null,
          "provenance__is_produced_by": null,
          "provenance__mass": null,
          "provenance__molecular_weight": "periodic table",
          "provenance__smiles": null,
          "provenance__state_of_matter": "dummy estimator based on mw"
        },
        {
          "identifier": "d4644b47-f611-494c-a11f-0351ce059ba8",
          "smiles": "O=C(O)C(F)(F)F",
          "state_of_matter": "LIQUID",
          "molecular_weight": 114.0233496,
          "density": 1.0,
          "mass": 114.0233496,
          "is_produced_by": [],
          "is_consumed_by": [
            "0b6d5dd1-1dd7-4478-b141-f4990ca7464e"
          ],
          "provenance__density": "dummy estimator based on mw",
          "provenance__is_consumed_by": null,
          "provenance__is_produced_by": null,
          "provenance__mass": null,
          "provenance__molecular_weight": "periodic table",
          "provenance__smiles": null,
          "provenance__state_of_matter": "dummy estimator based on mw"
        }
      ],
      "products": [
        {
          "identifier": "0bf83e65-c375-4f0d-9dd3-415fcfccc092",
          "smiles": "Fc1ccc(-c2ccc3c(c2)[nH]c2ccncc23)cn1",
          "state_of_matter": "SOLID",
          "molecular_weight": 263.2691032000001,
          "density": 1.4,
          "mass": 263.2691032000001,
          "is_produced_by": [
            "0b6d5dd1-1dd7-4478-b141-f4990ca7464e"
          ],
          "is_consumed_by": [],
          "provenance__density": "dummy estimator based on mw",
          "provenance__is_consumed_by": null,
          "provenance__is_produced_by": null,
          "provenance__mass": null,
          "provenance__molecular_weight": "periodic table",
          "provenance__smiles": null,
          "provenance__state_of_matter": "dummy estimator based on mw"
        }
      ],
      "stoichiometry": {
        "91a6e80c-23c6-4e88-aa50-6f97d00f68d3": 1.0,
        "0bf83e65-c375-4f0d-9dd3-415fcfccc092": -1.0
      },
      "temperature": 299.5983032941818,
      "intended_ratios": {
        "91a6e80c-23c6-4e88-aa50-6f97d00f68d3": 1.0,
        "846c5a95-5e9d-4cfc-a0a7-dadb0184ae86": 1.0,
        "d4644b47-f611-494c-a11f-0351ce059ba8": 1.0
      },
      "expected_yields": {
        "0bf83e65-c375-4f0d-9dd3-415fcfccc092": 1.0
      },
      "reaction_extent": 1.0
    },
    {
      "identifier": "8cac4b69-c2f2-4d70-b238-2d83c1c9c5c4",
      "reactants": [
        {
          "identifier": "9e46b2e5-7fed-4f0d-b2e2-a58906d2285a",
          "smiles": "CC(C)(C)OC(=O)n1c2ccncc2c2ccc(Br)cc21",
          "state_of_matter": "SOLID",
          "molecular_weight": 348.2144400000002,
          "density": 1.4,
          "mass": 348.2144400000002,
          "is_produced_by": [],
          "is_consumed_by": [
            "8cac4b69-c2f2-4d70-b238-2d83c1c9c5c4"
          ],
          "provenance__density": "dummy estimator based on mw",
          "provenance__is_consumed_by": null,
          "provenance__is_produced_by": null,
          "provenance__mass": null,
          "provenance__molecular_weight": "periodic table",
          "provenance__smiles": null,
          "provenance__state_of_matter": "dummy estimator based on mw"
        },
        {
          "identifier": "c5c7d58d-1a9b-41de-9922-d2d3a497beb1",
          "smiles": "OB(O)c1ccc(F)nc1",
          "state_of_matter": "LIQUID",
          "molecular_weight": 140.90810319999994,
          "density": 1.0,
          "mass": 140.90810319999994,
          "is_produced_by": [],
          "is_consumed_by": [
            "8cac4b69-c2f2-4d70-b238-2d83c1c9c5c4"
          ],
          "provenance__density": "dummy estimator based on mw",
          "provenance__is_consumed_by": null,
          "provenance__is_produced_by": null,
          "provenance__mass": null,
          "provenance__molecular_weight": "periodic table",
          "provenance__smiles": null,
          "provenance__state_of_matter": "dummy estimator based on mw"
        }
      ],
      "reagents": [
        {
          "identifier": "64b7ea1e-102d-4214-a9d0-f44952844990",
          "smiles": "O=C(O[K])O[K]",
          "state_of_matter": "SOLID",
          "molecular_weight": 138.2055,
          "density": 1.4,
          "mass": 138.2055,
          "is_produced_by": [],
          "is_consumed_by": [
            "8cac4b69-c2f2-4d70-b238-2d83c1c9c5c4"
          ],
          "provenance__density": "dummy estimator based on mw",
          "provenance__is_consumed_by": null,
          "provenance__is_produced_by": null,
          "provenance__mass": null,
          "provenance__molecular_weight": "periodic table",
          "provenance__smiles": null,
          "provenance__state_of_matter": "dummy estimator based on mw"
        },
        {
          "identifier": "30f9360a-c3f9-4496-ac9a-c31395eee007",
          "smiles": "C1COCCO1",
          "state_of_matter": "LIQUID",
          "molecular_weight": 88.10512000000004,
          "density": 1.0,
          "mass": 88.10512000000004,
          "is_produced_by": [],
          "is_consumed_by": [
            "8cac4b69-c2f2-4d70-b238-2d83c1c9c5c4"
          ],
          "provenance__density": "dummy estimator based on mw",
          "provenance__is_consumed_by": null,
          "provenance__is_produced_by": null,
          "provenance__mass": null,
          "provenance__molecular_weight": "periodic table",
          "provenance__smiles": null,
          "provenance__state_of_matter": "dummy estimator based on mw"
        },
        {
          "identifier": "0b242318-de69-40f7-834b-2d4756d5551a",
          "smiles": "C1=C[C-](P(c2ccccc2)c2ccccc2)C=C1.C1=C[C-](P(c2ccccc2)c2ccccc2)C=C1.[Fe+2]",
          "state_of_matter": "SOLID",
          "molecular_weight": 554.3786419999986,
          "density": 1.4,
          "mass": 554.3786419999986,
          "is_produced_by": [],
          "is_consumed_by": [
            "8cac4b69-c2f2-4d70-b238-2d83c1c9c5c4"
          ],
          "provenance__density": "dummy estimator based on mw",
          "provenance__is_consumed_by": null,
          "provenance__is_produced_by": null,
          "provenance__mass": null,
          "provenance__molecular_weight": "periodic table",
          "provenance__smiles": null,
          "provenance__state_of_matter": "dummy estimator based on mw"
        },
        {
          "identifier": "83dc3043-4794-42e5-a0d9-8f56314996be",
          "smiles": "Cl[Pd]Cl",
          "state_of_matter": "SOLID",
          "molecular_weight": 177.326,
          "density": 1.4,
          "mass": 177.326,
          "is_produced_by": [],
          "is_consumed_by": [
            "8cac4b69-c2f2-4d70-b238-2d83c1c9c5c4"
          ],
          "provenance__density": "dummy estimator based on mw",
          "provenance__is_consumed_by": null,
          "provenance__is_produced_by": null,
          "provenance__mass": null,
          "provenance__molecular_weight": "periodic table",
          "provenance__smiles": null,
          "provenance__state_of_matter": "dummy estimator based on mw"
        }
      ],
      "products": [
        {
          "identifier": "449721dc-9967-4311-9d66-011c6d5998df",
          "smiles": "CC(C)(C)OC(=O)n1c2ccncc2c2ccc(-c3ccc(F)nc3)cc21",
          "state_of_matter": "SOLID",
          "molecular_weight": 364.3928632000002,
          "density": 1.4,
          "mass": 364.3928632000002,
          "is_produced_by": [
            "8cac4b69-c2f2-4d70-b238-2d83c1c9c5c4"
          ],
          "is_consumed_by": [],
          "provenance__density": "dummy estimator based on mw",
          "provenance__is_consumed_by": null,
          "provenance__is_produced_by": null,
          "provenance__mass": null,
          "provenance__molecular_weight": "periodic table",
          "provenance__smiles": null,
          "provenance__state_of_matter": "dummy estimator based on mw"
        }
      ],
      "stoichiometry": {
        "9e46b2e5-7fed-4f0d-b2e2-a58906d2285a": 1.0,
        "c5c7d58d-1a9b-41de-9922-d2d3a497beb1": 1.0,
        "449721dc-9967-4311-9d66-011c6d5998df": -1.0
      },
      "temperature": 339.4547661960125,
      "intended_ratios": {
        "9e46b2e5-7fed-4f0d-b2e2-a58906d2285a": 1.0,
        "c5c7d58d-1a9b-41de-9922-d2d3a497beb1": 1.0,
        "64b7ea1e-102d-4214-a9d0-f44952844990": 1.0,
        "30f9360a-c3f9-4496-ac9a-c31395eee007": 1.0,
        "0b242318-de69-40f7-834b-2d4756d5551a": 1.0,
        "83dc3043-4794-42e5-a0d9-8f56314996be": 1.0
      },
      "expected_yields": {
        "449721dc-9967-4311-9d66-011c6d5998df": 1.0
      },
      "reaction_extent": 1.0
    },
    {
      "identifier": "9eab9ac5-e6d2-44b7-b9fa-b5233cbbb921",
      "reactants": [
        {
          "identifier": "3130cdcd-f11d-4331-9a77-fa9ad7954ba2",
          "smiles": "CC(C)N",
          "state_of_matter": "LIQUID",
          "molecular_weight": 59.11025999999998,
          "density": 1.0,
          "mass": 59.11025999999998,
          "is_produced_by": [],
          "is_consumed_by": [
            "9eab9ac5-e6d2-44b7-b9fa-b5233cbbb921"
          ],
          "provenance__density": "dummy estimator based on mw",
          "provenance__is_consumed_by": null,
          "provenance__is_produced_by": null,
          "provenance__mass": null,
          "provenance__molecular_weight": "periodic table",
          "provenance__smiles": null,
          "provenance__state_of_matter": "dummy estimator based on mw"
        },
        {
          "identifier": "c0c026af-708d-4bc9-8a18-b8bd0e533e15",
          "smiles": "O=C(OC(Cl)(Cl)Cl)OC(Cl)(Cl)Cl",
          "state_of_matter": "SOLID",
          "molecular_weight": 296.7483000000001,
          "density": 1.4,
          "mass": 296.7483000000001,
          "is_produced_by": [],
          "is_consumed_by": [
            "9eab9ac5-e6d2-44b7-b9fa-b5233cbbb921"
          ],
          "provenance__density": "dummy estimator based on mw",
          "provenance__is_consumed_by": null,
          "provenance__is_produced_by": null,
          "provenance__mass": null,
          "provenance__molecular_weight": "periodic table",
          "provenance__smiles": null,
          "provenance__state_of_matter": "dummy estimator based on mw"
        }
      ],
      "reagents": [
        {
          "identifier": "2fe5a9aa-2950-47b0-b9e4-691cddbe20b9",
          "smiles": "ClCCl",
          "state_of_matter": "LIQUID",
          "molecular_weight": 84.93258000000002,
          "density": 1.0,
          "mass": 84.93258000000002,
          "is_produced_by": [],
          "is_consumed_by": [
            "9eab9ac5-e6d2-44b7-b9fa-b5233cbbb921"
          ],
          "provenance__density": "dummy estimator based on mw",
          "provenance__is_consumed_by": null,
          "provenance__is_produced_by": null,
          "provenance__mass": null,
          "provenance__molecular_weight": "periodic table",
          "provenance__smiles": null,
          "provenance__state_of_matter": "dummy estimator based on mw"
        }
      ],
      "products": [
        {
          "identifier": "d0da713f-e675-45f5-b878-59f07b391e4d",
          "smiles": "CC(C)NC(=O)Cl",
          "state_of_matter": "LIQUID",
          "molecular_weight": 121.56542000000005,
          "density": 1.0,
          "mass": 121.56542000000005,
          "is_produced_by": [
            "9eab9ac5-e6d2-44b7-b9fa-b5233cbbb921"
          ],
          "is_consumed_by": [],
          "provenance__density": "dummy estimator based on mw",
          "provenance__is_consumed_by": null,
          "provenance__is_produced_by": null,
          "provenance__mass": null,
          "provenance__molecular_weight": "periodic table",
          "provenance__smiles": null,
          "provenance__state_of_matter": "dummy estimator based on mw"
        }
      ],
      "stoichiometry": {
        "3130cdcd-f11d-4331-9a77-fa9ad7954ba2": 1.0,
        "c0c026af-708d-4bc9-8a18-b8bd0e533e15": 1.0,
        "d0da713f-e675-45f5-b878-59f07b391e4d": -1.0
      },
      "temperature": 287.31718023419376,
      "intended_ratios": {
        "3130cdcd-f11d-4331-9a77-fa9ad7954ba2": 1.0,
        "c0c026af-708d-4bc9-8a18-b8bd0e533e15": 1.0,
        "2fe5a9aa-2950-47b0-b9e4-691cddbe20b9": 1.0
      },
      "expected_yields": {
        "d0da713f-e675-45f5-b878-59f07b391e4d": 1.0
      },
      "reaction_extent": 1.0
    },
    {
      "identifier": "4892f740-d8fb-4cad-a22b-68a534963535",
      "reactants": [
        {
          "identifier": "1a879121-370c-4ab2-ad2c-81c7abee6ead",
          "smiles": "CC(C)N1C(=O)CC(=O)NC1=O",
          "state_of_matter": "LIQUID",
          "molecular_weight": 170.16589999999994,
          "density": 1.0,
          "mass": 170.16589999999994,
          "is_produced_by": [],
          "is_consumed_by": [
            "4892f740-d8fb-4cad-a22b-68a534963535"
          ],
          "provenance__density": "dummy estimator based on mw",
          "provenance__is_consumed_by": null,
          "provenance__is_produced_by": null,
          "provenance__mass": null,
          "provenance__molecular_weight": "periodic table",
          "provenance__smiles": null,
          "provenance__state_of_matter": "dummy estimator based on mw"
        }
      ],
      "reagents": [
        {
          "identifier": "c0797123-9d21-4065-9a0d-a08f1cc69f9f",
          "smiles": "CN(C)C=O",
          "state_of_matter": "LIQUID",
          "molecular_weight": 73.09378000000004,
          "density": 1.0,
          "mass": 73.09378000000004,
          "is_produced_by": [],
          "is_consumed_by": [
            "4892f740-d8fb-4cad-a22b-68a534963535"
          ],
          "provenance__density": "dummy estimator based on mw",
          "provenance__is_consumed_by": null,
          "provenance__is_produced_by": null,
          "provenance__mass": null,
          "provenance__molecular_weight": "periodic table",
          "provenance__smiles": null,
          "provenance__state_of_matter": "dummy estimator based on mw"
        },
        {
          "identifier": "e9f0981a-4ed6-499a-850c-c87bd53a2eca",
          "smiles": "O",
          "state_of_matter": "LIQUID",
          "molecular_weight": 18.01528,
          "density": 1.0,
          "mass": 18.01528,
          "is_produced_by": [],
          "is_consumed_by": [
            "4892f740-d8fb-4cad-a22b-68a534963535"
          ],
          "provenance__density": "dummy estimator based on mw",
          "provenance__is_consumed_by": null,
          "provenance__is_produced_by": null,
          "provenance__mass": null,
          "provenance__molecular_weight": "periodic table",
          "provenance__smiles": null,
          "provenance__state_of_matter": "dummy estimator based on mw"
        },
        {
          "identifier": "774fe986-0fd8-4061-b741-57f393e878b2",
          "smiles": "O=C(O[K])O[K]",
          "state_of_matter": "SOLID",
          "molecular_weight": 138.2055,
          "density": 1.4,
          "mass": 138.2055,
          "is_produced_by": [],
          "is_consumed_by": [
            "4892f740-d8fb-4cad-a22b-68a534963535"
          ],
          "provenance__density": "dummy estimator based on mw",
          "provenance__is_consumed_by": null,
          "provenance__is_produced_by": null,
          "provenance__mass": null,
          "provenance__molecular_weight": "periodic table",
          "provenance__smiles": null,
          "provenance__state_of_matter": "dummy estimator based on mw"
        },
        {
          "identifier": "e081a887-43a7-4717-ad85-ba6779b59130",
          "smiles": "CI",
          "state_of_matter": "LIQUID",
          "molecular_weight": 141.93898999999996,
          "density": 1.0,
          "mass": 141.93898999999996,
          "is_produced_by": [],
          "is_consumed_by": [
            "4892f740-d8fb-4cad-a22b-68a534963535"
          ],
          "provenance__density": "dummy estimator based on mw",
          "provenance__is_consumed_by": null,
          "provenance__is_produced_by": null,
          "provenance__mass": null,
          "provenance__molecular_weight": "periodic table",
          "provenance__smiles": null,
          "provenance__state_of_matter": "dummy estimator based on mw"
        }
      ],
      "products": [
        {
          "identifier": "b99cb987-39e9-4c3c-bd79-3f8e844a218b",
          "smiles": "CC(C)n1c(=O)cc(Cl)[nH]c1=O",
          "state_of_matter": "LIQUID",
          "molecular_weight": 189.61949999999993,
          "density": 1.0,
          "mass": 189.61949999999993,
          "is_produced_by": [
            "4892f740-d8fb-4cad-a22b-68a534963535"
          ],
          "is_consumed_by": [],
          "provenance__density": "dummy estimator based on mw",
          "provenance__is_consumed_by": null,
          "provenance__is_produced_by": null,
          "provenance__mass": null,
          "provenance__molecular_weight": "periodic table",
          "provenance__smiles": null,
          "provenance__state_of_matter": "dummy estimator based on mw"
        }
      ],
      "stoichiometry": {
        "1a879121-370c-4ab2-ad2c-81c7abee6ead": 1.0,
        "b99cb987-39e9-4c3c-bd79-3f8e844a218b": -1.0
      },
      "temperature": 297.4154758930206,
      "intended_ratios": {
        "1a879121-370c-4ab2-ad2c-81c7abee6ead": 1.0,
        "c0797123-9d21-4065-9a0d-a08f1cc69f9f": 1.0,
        "e9f0981a-4ed6-499a-850c-c87bd53a2eca": 1.0,
        "774fe986-0fd8-4061-b741-57f393e878b2": 1.0,
        "e081a887-43a7-4717-ad85-ba6779b59130": 1.0
      },
      "expected_yields": {
        "b99cb987-39e9-4c3c-bd79-3f8e844a218b": 1.0
      },
      "reaction_extent": 1.0
    },
    {
      "identifier": "834cc8f1-0126-48a3-9bbd-a63f77c977db",
      "reactants": [
        {
          "identifier": "3b6ae3c1-11ad-45b4-b424-230aa41ac564",
          "smiles": "CC(C)NC(=O)Cl",
          "state_of_matter": "LIQUID",
          "molecular_weight": 121.56542000000005,
          "density": 1.0,
          "mass": 121.56542000000005,
          "is_produced_by": [],
          "is_consumed_by": [
            "834cc8f1-0126-48a3-9bbd-a63f77c977db"
          ],
          "provenance__density": "dummy estimator based on mw",
          "provenance__is_consumed_by": null,
          "provenance__is_produced_by": null,
          "provenance__mass": null,
          "provenance__molecular_weight": "periodic table",
          "provenance__smiles": null,
          "provenance__state_of_matter": "dummy estimator based on mw"
        },
        {
          "identifier": "7f221d8d-11cb-4eff-a8f1-430afba9ee06",
          "smiles": "CCOC(=O)CC(=O)Cl",
          "state_of_matter": "LIQUID",
          "molecular_weight": 150.56027999999995,
          "density": 1.0,
          "mass": 150.56027999999995,
          "is_produced_by": [],
          "is_consumed_by": [
            "834cc8f1-0126-48a3-9bbd-a63f77c977db"
          ],
          "provenance__density": "dummy estimator based on mw",
          "provenance__is_consumed_by": null,
          "provenance__is_produced_by": null,
          "provenance__mass": null,
          "provenance__molecular_weight": "periodic table",
          "provenance__smiles": null,
          "provenance__state_of_matter": "dummy estimator based on mw"
        }
      ],
      "reagents": [
        {
          "identifier": "82bb7dac-8cca-42f2-990a-161d3e9e1596",
          "smiles": "ClCCl",
          "state_of_matter": "LIQUID",
          "molecular_weight": 84.93258000000002,
          "density": 1.0,
          "mass": 84.93258000000002,
          "is_produced_by": [],
          "is_consumed_by": [
            "834cc8f1-0126-48a3-9bbd-a63f77c977db"
          ],
          "provenance__density": "dummy estimator based on mw",
          "provenance__is_consumed_by": null,
          "provenance__is_produced_by": null,
          "provenance__mass": null,
          "provenance__molecular_weight": "periodic table",
          "provenance__smiles": null,
          "provenance__state_of_matter": "dummy estimator based on mw"
        }
      ],
      "products": [
        {
          "identifier": "281e4517-49bb-4f28-a913-fa17d5472c3b",
          "smiles": "CCOC(=O)CC(=O)N(C(=O)Cl)C(C)C",
          "state_of_matter": "SOLID",
          "molecular_weight": 235.66475999999983,
          "density": 1.4,
          "mass": 235.66475999999983,
          "is_produced_by": [
            "834cc8f1-0126-48a3-9bbd-a63f77c977db"
          ],
          "is_consumed_by": [],
          "provenance__density": "dummy estimator based on mw",
          "provenance__is_consumed_by": null,
          "provenance__is_produced_by": null,
          "provenance__mass": null,
          "provenance__molecular_weight": "periodic table",
          "provenance__smiles": null,
          "provenance__state_of_matter": "dummy estimator based on mw"
        }
      ],
      "stoichiometry": {
        "3b6ae3c1-11ad-45b4-b424-230aa41ac564": 1.0,
        "7f221d8d-11cb-4eff-a8f1-430afba9ee06": 1.0,
        "281e4517-49bb-4f28-a913-fa17d5472c3b": -1.0
      },
      "temperature": 298.78428542017934,
      "intended_ratios": {
        "3b6ae3c1-11ad-45b4-b424-230aa41ac564": 1.0,
        "7f221d8d-11cb-4eff-a8f1-430afba9ee06": 1.0,
        "82bb7dac-8cca-42f2-990a-161d3e9e1596": 1.0
      },
      "expected_yields": {
        "281e4517-49bb-4f28-a913-fa17d5472c3b": 1.0
      },
      "reaction_extent": 1.0
    },
    {
      "identifier": "2bc9ccbc-f604-44cc-9ba8-1746948d4f5a",
      "reactants": [
        {
          "identifier": "a29d5237-8037-4b0b-8031-eb1149cdc48f",
          "smiles": "CC(C)n1c(=O)cc(Cl)[nH]c1=O",
          "state_of_matter": "LIQUID",
          "molecular_weight": 189.61949999999993,
          "density": 1.0,
          "mass": 189.61949999999993,
          "is_produced_by": [],
          "is_consumed_by": [
            "2bc9ccbc-f604-44cc-9ba8-1746948d4f5a"
          ],
          "provenance__density": "dummy estimator based on mw",
          "provenance__is_consumed_by": null,
          "provenance__is_produced_by": null,
          "provenance__mass": null,
          "provenance__molecular_weight": "periodic table",
          "provenance__smiles": null,
          "provenance__state_of_matter": "dummy estimator based on mw"
        },
        {
          "identifier": "931c4b29-3b47-4e1d-87e5-6b1628997b4d",
          "smiles": "CC(N)c1ccccc1",
          "state_of_matter": "LIQUID",
          "molecular_weight": 121.17964000000006,
          "density": 1.0,
          "mass": 121.17964000000006,
          "is_produced_by": [],
          "is_consumed_by": [
            "2bc9ccbc-f604-44cc-9ba8-1746948d4f5a"
          ],
          "provenance__density": "dummy estimator based on mw",
          "provenance__is_consumed_by": null,
          "provenance__is_produced_by": null,
          "provenance__mass": null,
          "provenance__molecular_weight": "periodic table",
          "provenance__smiles": null,
          "provenance__state_of_matter": "dummy estimator based on mw"
        }
      ],
      "reagents": [
        {
          "identifier": "5df75455-b93e-465f-9c4b-9f173c4dfb0e",
          "smiles": "CC#N",
          "state_of_matter": "LIQUID",
          "molecular_weight": 41.051919999999996,
          "density": 1.0,
          "mass": 41.051919999999996,
          "is_produced_by": [],
          "is_consumed_by": [
            "2bc9ccbc-f604-44cc-9ba8-1746948d4f5a"
          ],
          "provenance__density": "dummy estimator based on mw",
          "provenance__is_consumed_by": null,
          "provenance__is_produced_by": null,
          "provenance__mass": null,
          "provenance__molecular_weight": "periodic table",
          "provenance__smiles": null,
          "provenance__state_of_matter": "dummy estimator based on mw"
        }
      ],
      "products": [
        {
          "identifier": "c88173ec-95f4-4fea-9670-181a915ba0aa",
          "smiles": "CC(Nc1cc(=O)n(C(C)C)c(=O)[nH]1)c1ccccc1",
          "state_of_matter": "SOLID",
          "molecular_weight": 274.3382000000002,
          "density": 1.4,
          "mass": 274.3382000000002,
          "is_produced_by": [
            "2bc9ccbc-f604-44cc-9ba8-1746948d4f5a"
          ],
          "is_consumed_by": [],
          "provenance__density": "dummy estimator based on mw",
          "provenance__is_consumed_by": null,
          "provenance__is_produced_by": null,
          "provenance__mass": null,
          "provenance__molecular_weight": "periodic table",
          "provenance__smiles": null,
          "provenance__state_of_matter": "dummy estimator based on mw"
        }
      ],
      "stoichiometry": {
        "a29d5237-8037-4b0b-8031-eb1149cdc48f": 1.0,
        "931c4b29-3b47-4e1d-87e5-6b1628997b4d": 1.0,
        "c88173ec-95f4-4fea-9670-181a915ba0aa": -1.0
      },
      "temperature": 349.5068563520908,
      "intended_ratios": {
        "a29d5237-8037-4b0b-8031-eb1149cdc48f": 1.0,
        "931c4b29-3b47-4e1d-87e5-6b1628997b4d": 1.0,
        "5df75455-b93e-465f-9c4b-9f173c4dfb0e": 1.0
      },
      "expected_yields": {
        "c88173ec-95f4-4fea-9670-181a915ba0aa": 1.0
      },
      "reaction_extent": 1.0
    },
    {
      "identifier": "bc0f9ec9-8055-456d-920e-079fa9b3137e",
      "reactants": [
        {
          "identifier": "285f1e89-a7a5-43e5-bf79-70611af2f55a",
          "smiles": "CCOC(=O)CC(=O)N(C(=O)Cl)C(C)C",
          "state_of_matter": "SOLID",
          "molecular_weight": 235.66475999999983,
          "density": 1.4,
          "mass": 235.66475999999983,
          "is_produced_by": [],
          "is_consumed_by": [
            "bc0f9ec9-8055-456d-920e-079fa9b3137e"
          ],
          "provenance__density": "dummy estimator based on mw",
          "provenance__is_consumed_by": null,
          "provenance__is_produced_by": null,
          "provenance__mass": null,
          "provenance__molecular_weight": "periodic table",
          "provenance__smiles": null,
          "provenance__state_of_matter": "dummy estimator based on mw"
        }
      ],
      "reagents": [
        {
          "identifier": "7a42f928-6a60-48ae-b92a-add21acbbf23",
          "smiles": "ClCCl",
          "state_of_matter": "LIQUID",
          "molecular_weight": 84.93258000000002,
          "density": 1.0,
          "mass": 84.93258000000002,
          "is_produced_by": [],
          "is_consumed_by": [
            "bc0f9ec9-8055-456d-920e-079fa9b3137e"
          ],
          "provenance__density": "dummy estimator based on mw",
          "provenance__is_consumed_by": null,
          "provenance__is_produced_by": null,
          "provenance__mass": null,
          "provenance__molecular_weight": "periodic table",
          "provenance__smiles": null,
          "provenance__state_of_matter": "dummy estimator based on mw"
        }
      ],
      "products": [
        {
          "identifier": "35c15ed7-7468-4c8d-9a2d-79724403db9e",
          "smiles": "CCOC(=O)CC(=O)N(C(N)=O)C(C)C",
          "state_of_matter": "SOLID",
          "molecular_weight": 216.2343399999998,
          "density": 1.4,
          "mass": 216.2343399999998,
          "is_produced_by": [
            "bc0f9ec9-8055-456d-920e-079fa9b3137e"
          ],
          "is_consumed_by": [],
          "provenance__density": "dummy estimator based on mw",
          "provenance__is_consumed_by": null,
          "provenance__is_produced_by": null,
          "provenance__mass": null,
          "provenance__molecular_weight": "periodic table",
          "provenance__smiles": null,
          "provenance__state_of_matter": "dummy estimator based on mw"
        }
      ],
      "stoichiometry": {
        "285f1e89-a7a5-43e5-bf79-70611af2f55a": 1.0,
        "35c15ed7-7468-4c8d-9a2d-79724403db9e": -1.0
      },
      "temperature": 299.2253053843975,
      "intended_ratios": {
        "285f1e89-a7a5-43e5-bf79-70611af2f55a": 1.0,
        "7a42f928-6a60-48ae-b92a-add21acbbf23": 1.0
      },
      "expected_yields": {
        "35c15ed7-7468-4c8d-9a2d-79724403db9e": 1.0
      },
      "reaction_extent": 1.0
    },
    {
      "identifier": "4ded9331-ba5e-4885-97ee-8b4c06b621ce",
      "reactants": [
        {
          "identifier": "83497e7d-e6f9-42a7-b5d7-7dab30caecc9",
          "smiles": "CCOC(=O)CC(=O)N(C(N)=O)C(C)C",
          "state_of_matter": "SOLID",
          "molecular_weight": 216.2343399999998,
          "density": 1.4,
          "mass": 216.2343399999998,
          "is_produced_by": [],
          "is_consumed_by": [
            "4ded9331-ba5e-4885-97ee-8b4c06b621ce"
          ],
          "provenance__density": "dummy estimator based on mw",
          "provenance__is_consumed_by": null,
          "provenance__is_produced_by": null,
          "provenance__mass": null,
          "provenance__molecular_weight": "periodic table",
          "provenance__smiles": null,
          "provenance__state_of_matter": "dummy estimator based on mw"
        }
      ],
      "reagents": [
        {
          "identifier": "6dd12665-b6bf-415e-8525-4c999601033b",
          "smiles": "CCO",
          "state_of_matter": "LIQUID",
          "molecular_weight": 46.06843999999999,
          "density": 1.0,
          "mass": 46.06843999999999,
          "is_produced_by": [],
          "is_consumed_by": [
            "4ded9331-ba5e-4885-97ee-8b4c06b621ce"
          ],
          "provenance__density": "dummy estimator based on mw",
          "provenance__is_consumed_by": null,
          "provenance__is_produced_by": null,
          "provenance__mass": null,
          "provenance__molecular_weight": "periodic table",
          "provenance__smiles": null,
          "provenance__state_of_matter": "dummy estimator based on mw"
        },
        {
          "identifier": "c2866aa0-3487-481b-ada9-1c53cdf1c7f3",
          "smiles": "CCO[Na]",
          "state_of_matter": "SOLID",
          "molecular_weight": 68.05027000000003,
          "density": 1.4,
          "mass": 68.05027000000003,
          "is_produced_by": [],
          "is_consumed_by": [
            "4ded9331-ba5e-4885-97ee-8b4c06b621ce"
          ],
          "provenance__density": "dummy estimator based on mw",
          "provenance__is_consumed_by": null,
          "provenance__is_produced_by": null,
          "provenance__mass": null,
          "provenance__molecular_weight": "periodic table",
          "provenance__smiles": null,
          "provenance__state_of_matter": "dummy estimator based on mw"
        }
      ],
      "products": [
        {
          "identifier": "1f1a9522-8feb-4021-9910-380a99db50f4",
          "smiles": "CC(C)N1C(=O)CC(=O)NC1=O",
          "state_of_matter": "LIQUID",
          "molecular_weight": 170.16589999999994,
          "density": 1.0,
          "mass": 170.16589999999994,
          "is_produced_by": [
            "4ded9331-ba5e-4885-97ee-8b4c06b621ce"
          ],
          "is_consumed_by": [],
          "provenance__density": "dummy estimator based on mw",
          "provenance__is_consumed_by": null,
          "provenance__is_produced_by": null,
          "provenance__mass": null,
          "provenance__molecular_weight": "periodic table",
          "provenance__smiles": null,
          "provenance__state_of_matter": "dummy estimator based on mw"
        }
      ],
      "stoichiometry": {
        "83497e7d-e6f9-42a7-b5d7-7dab30caecc9": 1.0,
        "1f1a9522-8feb-4021-9910-380a99db50f4": -1.0
      },
      "temperature": 321.2602179586887,
      "intended_ratios": {
        "83497e7d-e6f9-42a7-b5d7-7dab30caecc9": 1.0,
        "6dd12665-b6bf-415e-8525-4c999601033b": 1.0,
        "c2866aa0-3487-481b-ada9-1c53cdf1c7f3": 1.0
      },
      "expected_yields": {
        "1f1a9522-8feb-4021-9910-380a99db50f4": 1.0
      },
      "reaction_extent": 1.0
    },
    {
      "identifier": "de3741b7-03fc-44d9-8cf8-9890617211ea",
      "reactants": [
        {
          "identifier": "27cb19a0-8913-4ce5-ae62-5389cb756eae",
          "smiles": "Cc1ccc(S(=O)(=O)Cl)cc1",
          "state_of_matter": "LIQUID",
          "molecular_weight": 190.64727999999988,
          "density": 1.0,
          "mass": 190.64727999999988,
          "is_produced_by": [],
          "is_consumed_by": [
            "de3741b7-03fc-44d9-8cf8-9890617211ea"
          ],
          "provenance__density": "dummy estimator based on mw",
          "provenance__is_consumed_by": null,
          "provenance__is_produced_by": null,
          "provenance__mass": null,
          "provenance__molecular_weight": "periodic table",
          "provenance__smiles": null,
          "provenance__state_of_matter": "dummy estimator based on mw"
        },
        {
          "identifier": "f4ee74c7-4c4b-45ad-8686-fa318d7a863d",
          "smiles": "Clc1cnc2[nH]cc(Cc3ccc(Cl)nc3)c2c1",
          "state_of_matter": "SOLID",
          "molecular_weight": 278.13666000000006,
          "density": 1.4,
          "mass": 278.13666000000006,
          "is_produced_by": [],
          "is_consumed_by": [
            "de3741b7-03fc-44d9-8cf8-9890617211ea"
          ],
          "provenance__density": "dummy estimator based on mw",
          "provenance__is_consumed_by": null,
          "provenance__is_produced_by": null,
          "provenance__mass": null,
          "provenance__molecular_weight": "periodic table",
          "provenance__smiles": null,
          "provenance__state_of_matter": "dummy estimator based on mw"
        }
      ],
      "reagents": [
        {
          "identifier": "fa7ee69c-d413-4c80-8b0d-719256b503a7",
          "smiles": "CN(C)C=O",
          "state_of_matter": "LIQUID",
          "molecular_weight": 73.09378000000004,
          "density": 1.0,
          "mass": 73.09378000000004,
          "is_produced_by": [],
          "is_consumed_by": [
            "de3741b7-03fc-44d9-8cf8-9890617211ea"
          ],
          "provenance__density": "dummy estimator based on mw",
          "provenance__is_consumed_by": null,
          "provenance__is_produced_by": null,
          "provenance__mass": null,
          "provenance__molecular_weight": "periodic table",
          "provenance__smiles": null,
          "provenance__state_of_matter": "dummy estimator based on mw"
        },
        {
          "identifier": "b974a5c0-17bd-4f3a-8139-53bf89642b0d",
          "smiles": "O",
          "state_of_matter": "LIQUID",
          "molecular_weight": 18.01528,
          "density": 1.0,
          "mass": 18.01528,
          "is_produced_by": [],
          "is_consumed_by": [
            "de3741b7-03fc-44d9-8cf8-9890617211ea"
          ],
          "provenance__density": "dummy estimator based on mw",
          "provenance__is_consumed_by": null,
          "provenance__is_produced_by": null,
          "provenance__mass": null,
          "provenance__molecular_weight": "periodic table",
          "provenance__smiles": null,
          "provenance__state_of_matter": "dummy estimator based on mw"
        },
        {
          "identifier": "dbbf1164-5baa-45a9-9965-f34d67185546",
          "smiles": "[NaH]",
          "state_of_matter": "SOLID",
          "molecular_weight": 23.99771,
          "density": 1.4,
          "mass": 23.99771,
          "is_produced_by": [],
          "is_consumed_by": [
            "de3741b7-03fc-44d9-8cf8-9890617211ea"
          ],
          "provenance__density": "dummy estimator based on mw",
          "provenance__is_consumed_by": null,
          "provenance__is_produced_by": null,
          "provenance__mass": null,
          "provenance__molecular_weight": "periodic table",
          "provenance__smiles": null,
          "provenance__state_of_matter": "dummy estimator based on mw"
        }
      ],
      "products": [
        {
          "identifier": "a729d3e5-1426-45fb-ba7b-d8ea61bccb63",
          "smiles": "Cc1ccc(S(=O)(=O)n2cc(Cc3ccc(Cl)nc3)c3cc(Cl)cnc32)cc1",
          "state_of_matter": "SOLID",
          "molecular_weight": 433.33094000000017,
          "density": 1.4,
          "mass": 433.33094000000017,
          "is_produced_by": [
            "de3741b7-03fc-44d9-8cf8-9890617211ea"
          ],
          "is_consumed_by": [],
          "provenance__density": "dummy estimator based on mw",
          "provenance__is_consumed_by": null,
          "provenance__is_produced_by": null,
          "provenance__mass": null,
          "provenance__molecular_weight": "periodic table",
          "provenance__smiles": null,
          "provenance__state_of_matter": "dummy estimator based on mw"
        }
      ],
      "stoichiometry": {
        "27cb19a0-8913-4ce5-ae62-5389cb756eae": 1.0,
        "f4ee74c7-4c4b-45ad-8686-fa318d7a863d": 1.0,
        "a729d3e5-1426-45fb-ba7b-d8ea61bccb63": -1.0
      },
      "temperature": 294.0366781532764,
      "intended_ratios": {
        "27cb19a0-8913-4ce5-ae62-5389cb756eae": 1.0,
        "f4ee74c7-4c4b-45ad-8686-fa318d7a863d": 1.0,
        "fa7ee69c-d413-4c80-8b0d-719256b503a7": 1.0,
        "b974a5c0-17bd-4f3a-8139-53bf89642b0d": 1.0,
        "dbbf1164-5baa-45a9-9965-f34d67185546": 1.0
      },
      "expected_yields": {
        "a729d3e5-1426-45fb-ba7b-d8ea61bccb63": 1.0
      },
      "reaction_extent": 1.0
    },
    {
      "identifier": "a7784040-17c4-4218-89a8-dc683b792ab7",
      "reactants": [
        {
          "identifier": "a5c28e5e-050a-4cfa-8865-e3752840b4de",
          "smiles": "Cc1ccc(S(=O)(=O)n2cc(Cc3ccc(Cl)nc3)c3cc(Cl)cnc32)cc1",
          "state_of_matter": "SOLID",
          "molecular_weight": 433.33094000000017,
          "density": 1.4,
          "mass": 433.33094000000017,
          "is_produced_by": [],
          "is_consumed_by": [
            "a7784040-17c4-4218-89a8-dc683b792ab7"
          ],
          "provenance__density": "dummy estimator based on mw",
          "provenance__is_consumed_by": null,
          "provenance__is_produced_by": null,
          "provenance__mass": null,
          "provenance__molecular_weight": "periodic table",
          "provenance__smiles": null,
          "provenance__state_of_matter": "dummy estimator based on mw"
        }
      ],
      "reagents": [
        {
          "identifier": "67d5ecaf-529a-4722-88df-51337b21b9a5",
          "smiles": "O=C(O)C(F)(F)F",
          "state_of_matter": "LIQUID",
          "molecular_weight": 114.0233496,
          "density": 1.0,
          "mass": 114.0233496,
          "is_produced_by": [],
          "is_consumed_by": [
            "a7784040-17c4-4218-89a8-dc683b792ab7"
          ],
          "provenance__density": "dummy estimator based on mw",
          "provenance__is_consumed_by": null,
          "provenance__is_produced_by": null,
          "provenance__mass": null,
          "provenance__molecular_weight": "periodic table",
          "provenance__smiles": null,
          "provenance__state_of_matter": "dummy estimator based on mw"
        }
      ],
      "products": [
        {
          "identifier": "ca7d7f24-c377-4df3-8f17-e1aa22394c15",
          "smiles": "Cc1ccc(S(=O)(=O)n2cc(Cc3ccc(N)nc3)c3cc(Cl)cnc32)cc1",
          "state_of_matter": "SOLID",
          "molecular_weight": 413.90052000000014,
          "density": 1.4,
          "mass": 413.90052000000014,
          "is_produced_by": [
            "a7784040-17c4-4218-89a8-dc683b792ab7"
          ],
          "is_consumed_by": [],
          "provenance__density": "dummy estimator based on mw",
          "provenance__is_consumed_by": null,
          "provenance__is_produced_by": null,
          "provenance__mass": null,
          "provenance__molecular_weight": "periodic table",
          "provenance__smiles": null,
          "provenance__state_of_matter": "dummy estimator based on mw"
        }
      ],
      "stoichiometry": {
        "a5c28e5e-050a-4cfa-8865-e3752840b4de": 1.0,
        "ca7d7f24-c377-4df3-8f17-e1aa22394c15": -1.0
      },
      "temperature": 354.8695926904678,
      "intended_ratios": {
        "a5c28e5e-050a-4cfa-8865-e3752840b4de": 1.0,
        "67d5ecaf-529a-4722-88df-51337b21b9a5": 1.0
      },
      "expected_yields": {
        "ca7d7f24-c377-4df3-8f17-e1aa22394c15": 1.0
      },
      "reaction_extent": 1.0
    },
    {
      "identifier": "6a055268-0251-4688-8e44-785bd52c04b4",
      "reactants": [
        {
          "identifier": "6431db77-9601-49db-ae2b-35f38df8631d",
          "smiles": "Cc1ccc(S(=O)(=O)n2cc(Cc3ccc(N)nc3)c3cc(Cl)cnc32)cc1",
          "state_of_matter": "SOLID",
          "molecular_weight": 413.90052000000014,
          "density": 1.4,
          "mass": 413.90052000000014,
          "is_produced_by": [],
          "is_consumed_by": [
            "6a055268-0251-4688-8e44-785bd52c04b4"
          ],
          "provenance__density": "dummy estimator based on mw",
          "provenance__is_consumed_by": null,
          "provenance__is_produced_by": null,
          "provenance__mass": null,
          "provenance__molecular_weight": "periodic table",
          "provenance__smiles": null,
          "provenance__state_of_matter": "dummy estimator based on mw"
        },
        {
          "identifier": "d1a61f02-8a2b-4a37-97e5-4d61048c53f8",
          "smiles": "O=C(O)c1ccc(C(F)(F)F)nc1",
          "state_of_matter": "LIQUID",
          "molecular_weight": 191.10736959999997,
          "density": 1.0,
          "mass": 191.10736959999997,
          "is_produced_by": [],
          "is_consumed_by": [
            "6a055268-0251-4688-8e44-785bd52c04b4"
          ],
          "provenance__density": "dummy estimator based on mw",
          "provenance__is_consumed_by": null,
          "provenance__is_produced_by": null,
          "provenance__mass": null,
          "provenance__molecular_weight": "periodic table",
          "provenance__smiles": null,
          "provenance__state_of_matter": "dummy estimator based on mw"
        }
      ],
      "reagents": [
        {
          "identifier": "233c97dd-478a-41f8-959d-ca161fc5af69",
          "smiles": "c1ccncc1",
          "state_of_matter": "LIQUID",
          "molecular_weight": 79.09990000000003,
          "density": 1.0,
          "mass": 79.09990000000003,
          "is_produced_by": [],
          "is_consumed_by": [
            "6a055268-0251-4688-8e44-785bd52c04b4"
          ],
          "provenance__density": "dummy estimator based on mw",
          "provenance__is_consumed_by": null,
          "provenance__is_produced_by": null,
          "provenance__mass": null,
          "provenance__molecular_weight": "periodic table",
          "provenance__smiles": null,
          "provenance__state_of_matter": "dummy estimator based on mw"
        },
        {
          "identifier": "335eb249-0b3b-49db-99dd-bdc5e5369d35",
          "smiles": "O=S(Cl)Cl",
          "state_of_matter": "LIQUID",
          "molecular_weight": 118.97040000000001,
          "density": 1.0,
          "mass": 118.97040000000001,
          "is_produced_by": [],
          "is_consumed_by": [
            "6a055268-0251-4688-8e44-785bd52c04b4"
          ],
          "provenance__density": "dummy estimator based on mw",
          "provenance__is_consumed_by": null,
          "provenance__is_produced_by": null,
          "provenance__mass": null,
          "provenance__molecular_weight": "periodic table",
          "provenance__smiles": null,
          "provenance__state_of_matter": "dummy estimator based on mw"
        }
      ],
      "products": [
        {
          "identifier": "33abf4ef-7aff-46c6-b753-43df0c5e98c6",
          "smiles": "Cc1ccc(S(=O)(=O)n2cc(Cc3ccc(NC(=O)c4ccc(C(F)(F)F)nc4)nc3)c3cc(Cl)cnc32)cc1",
          "state_of_matter": "SOLID",
          "molecular_weight": 586.9926095999992,
          "density": 1.4,
          "mass": 586.9926095999992,
          "is_produced_by": [
            "6a055268-0251-4688-8e44-785bd52c04b4"
          ],
          "is_consumed_by": [],
          "provenance__density": "dummy estimator based on mw",
          "provenance__is_consumed_by": null,
          "provenance__is_produced_by": null,
          "provenance__mass": null,
          "provenance__molecular_weight": "periodic table",
          "provenance__smiles": null,
          "provenance__state_of_matter": "dummy estimator based on mw"
        }
      ],
      "stoichiometry": {
        "6431db77-9601-49db-ae2b-35f38df8631d": 1.0,
        "d1a61f02-8a2b-4a37-97e5-4d61048c53f8": 1.0,
        "33abf4ef-7aff-46c6-b753-43df0c5e98c6": -1.0
      },
      "temperature": 328.6723099887371,
      "intended_ratios": {
        "6431db77-9601-49db-ae2b-35f38df8631d": 1.0,
        "d1a61f02-8a2b-4a37-97e5-4d61048c53f8": 1.0,
        "233c97dd-478a-41f8-959d-ca161fc5af69": 1.0,
        "335eb249-0b3b-49db-99dd-bdc5e5369d35": 1.0
      },
      "expected_yields": {
        "33abf4ef-7aff-46c6-b753-43df0c5e98c6": 1.0
      },
      "reaction_extent": 1.0
    },
    {
      "identifier": "e913708c-9af1-4f1c-a46b-69ee75658f62",
      "reactants": [
        {
          "identifier": "bb1cdc32-a6a6-4cc0-9b69-0486f7e9e967",
          "smiles": "Cc1ccc(S(=O)(=O)n2cc(Cc3ccc(NC(=O)c4ccc(C(F)(F)F)nc4)nc3)c3cc(Cl)cnc32)cc1",
          "state_of_matter": "SOLID",
          "molecular_weight": 586.9926095999992,
          "density": 1.4,
          "mass": 586.9926095999992,
          "is_produced_by": [],
          "is_consumed_by": [
            "e913708c-9af1-4f1c-a46b-69ee75658f62"
          ],
          "provenance__density": "dummy estimator based on mw",
          "provenance__is_consumed_by": null,
          "provenance__is_produced_by": null,
          "provenance__mass": null,
          "provenance__molecular_weight": "periodic table",
          "provenance__smiles": null,
          "provenance__state_of_matter": "dummy estimator based on mw"
        }
      ],
      "reagents": [
        {
          "identifier": "a0a18224-91cb-4aeb-8d04-c4f268e8a405",
          "smiles": "O",
          "state_of_matter": "LIQUID",
          "molecular_weight": 18.01528,
          "density": 1.0,
          "mass": 18.01528,
          "is_produced_by": [],
          "is_consumed_by": [
            "e913708c-9af1-4f1c-a46b-69ee75658f62"
          ],
          "provenance__density": "dummy estimator based on mw",
          "provenance__is_consumed_by": null,
          "provenance__is_produced_by": null,
          "provenance__mass": null,
          "provenance__molecular_weight": "periodic table",
          "provenance__smiles": null,
          "provenance__state_of_matter": "dummy estimator based on mw"
        },
        {
          "identifier": "61794801-7c42-4a23-b04f-de96fd2f6464",
          "smiles": "C1CCOC1",
          "state_of_matter": "LIQUID",
          "molecular_weight": 72.10572000000005,
          "density": 1.0,
          "mass": 72.10572000000005,
          "is_produced_by": [],
          "is_consumed_by": [
            "e913708c-9af1-4f1c-a46b-69ee75658f62"
          ],
          "provenance__density": "dummy estimator based on mw",
          "provenance__is_consumed_by": null,
          "provenance__is_produced_by": null,
          "provenance__mass": null,
          "provenance__molecular_weight": "periodic table",
          "provenance__smiles": null,
          "provenance__state_of_matter": "dummy estimator based on mw"
        },
        {
          "identifier": "3a6ce11d-ba6f-4d4c-b3b0-98f52f2fc6a5",
          "smiles": "CCCC[N+](CCCC)(CCCC)CCCC.[F-]",
          "state_of_matter": "SOLID",
          "molecular_weight": 261.46214319999973,
          "density": 1.4,
          "mass": 261.46214319999973,
          "is_produced_by": [],
          "is_consumed_by": [
            "e913708c-9af1-4f1c-a46b-69ee75658f62"
          ],
          "provenance__density": "dummy estimator based on mw",
          "provenance__is_consumed_by": null,
          "provenance__is_produced_by": null,
          "provenance__mass": null,
          "provenance__molecular_weight": "periodic table",
          "provenance__smiles": null,
          "provenance__state_of_matter": "dummy estimator based on mw"
        }
      ],
      "products": [
        {
          "identifier": "fddadee2-844a-43e5-8071-8d19a4554a86",
          "smiles": "O=C(Nc1ccc(Cc2c[nH]c3ncc(Cl)cc23)cn1)c1ccc(C(F)(F)F)nc1",
          "state_of_matter": "SOLID",
          "molecular_weight": 431.79832960000016,
          "density": 1.4,
          "mass": 431.79832960000016,
          "is_produced_by": [
            "e913708c-9af1-4f1c-a46b-69ee75658f62"
          ],
          "is_consumed_by": [],
          "provenance__density": "dummy estimator based on mw",
          "provenance__is_consumed_by": null,
          "provenance__is_produced_by": null,
          "provenance__mass": null,
          "provenance__molecular_weight": "periodic table",
          "provenance__smiles": null,
          "provenance__state_of_matter": "dummy estimator based on mw"
        }
      ],
      "stoichiometry": {
        "bb1cdc32-a6a6-4cc0-9b69-0486f7e9e967": 1.0,
        "fddadee2-844a-43e5-8071-8d19a4554a86": -1.0
      },
      "temperature": 316.97248406410216,
      "intended_ratios": {
        "bb1cdc32-a6a6-4cc0-9b69-0486f7e9e967": 1.0,
        "a0a18224-91cb-4aeb-8d04-c4f268e8a405": 1.0,
        "61794801-7c42-4a23-b04f-de96fd2f6464": 1.0,
        "3a6ce11d-ba6f-4d4c-b3b0-98f52f2fc6a5": 1.0
      },
      "expected_yields": {
        "fddadee2-844a-43e5-8071-8d19a4554a86": 1.0
      },
      "reaction_extent": 1.0
    },
    {
      "identifier": "e5f085bd-d462-4ef6-8721-21566d12bf4a",
      "reactants": [
        {
          "identifier": "19dad2f4-8f95-49e8-b84d-4fc47f1064a6",
          "smiles": "Clc1cnc2[nH]ccc2c1",
          "state_of_matter": "LIQUID",
          "molecular_weight": 152.58099999999993,
          "density": 1.0,
          "mass": 152.58099999999993,
          "is_produced_by": [],
          "is_consumed_by": [
            "e5f085bd-d462-4ef6-8721-21566d12bf4a"
          ],
          "provenance__density": "dummy estimator based on mw",
          "provenance__is_consumed_by": null,
          "provenance__is_produced_by": null,
          "provenance__mass": null,
          "provenance__molecular_weight": "periodic table",
          "provenance__smiles": null,
          "provenance__state_of_matter": "dummy estimator based on mw"
        },
        {
          "identifier": "d373f697-1102-413c-8ab4-38dcc0b3ffd1",
          "smiles": "O=Cc1ccc(Cl)nc1",
          "state_of_matter": "LIQUID",
          "molecular_weight": 141.55505999999997,
          "density": 1.0,
          "mass": 141.55505999999997,
          "is_produced_by": [],
          "is_consumed_by": [
            "e5f085bd-d462-4ef6-8721-21566d12bf4a"
          ],
          "provenance__density": "dummy estimator based on mw",
          "provenance__is_consumed_by": null,
          "provenance__is_produced_by": null,
          "provenance__mass": null,
          "provenance__molecular_weight": "periodic table",
          "provenance__smiles": null,
          "provenance__state_of_matter": "dummy estimator based on mw"
        }
      ],
      "reagents": [
        {
          "identifier": "460700fa-fcd5-4e79-bf0d-37eb19d6c13a",
          "smiles": "CO",
          "state_of_matter": "LIQUID",
          "molecular_weight": 32.04186000000001,
          "density": 1.0,
          "mass": 32.04186000000001,
          "is_produced_by": [],
          "is_consumed_by": [
            "e5f085bd-d462-4ef6-8721-21566d12bf4a"
          ],
          "provenance__density": "dummy estimator based on mw",
          "provenance__is_consumed_by": null,
          "provenance__is_produced_by": null,
          "provenance__mass": null,
          "provenance__molecular_weight": "periodic table",
          "provenance__smiles": null,
          "provenance__state_of_matter": "dummy estimator based on mw"
        },
        {
          "identifier": "41ca20aa-2d23-4204-a09b-d0d0c93786b9",
          "smiles": "O",
          "state_of_matter": "LIQUID",
          "molecular_weight": 18.01528,
          "density": 1.0,
          "mass": 18.01528,
          "is_produced_by": [],
          "is_consumed_by": [
            "e5f085bd-d462-4ef6-8721-21566d12bf4a"
          ],
          "provenance__density": "dummy estimator based on mw",
          "provenance__is_consumed_by": null,
          "provenance__is_produced_by": null,
          "provenance__mass": null,
          "provenance__molecular_weight": "periodic table",
          "provenance__smiles": null,
          "provenance__state_of_matter": "dummy estimator based on mw"
        },
        {
          "identifier": "cfa5ca81-1ae3-4e6b-be2b-e307cf74b372",
          "smiles": "O[K]",
          "state_of_matter": "SOLID",
          "molecular_weight": 56.10564,
          "density": 1.4,
          "mass": 56.10564,
          "is_produced_by": [],
          "is_consumed_by": [
            "e5f085bd-d462-4ef6-8721-21566d12bf4a"
          ],
          "provenance__density": "dummy estimator based on mw",
          "provenance__is_consumed_by": null,
          "provenance__is_produced_by": null,
          "provenance__mass": null,
          "provenance__molecular_weight": "periodic table",
          "provenance__smiles": null,
          "provenance__state_of_matter": "dummy estimator based on mw"
        }
      ],
      "products": [
        {
          "identifier": "1e42f588-1e6e-45eb-99fd-a189394f056e",
          "smiles": "OC(c1ccc(Cl)nc1)c1c[nH]c2ncc(Cl)cc12",
          "state_of_matter": "SOLID",
          "molecular_weight": 294.1360600000001,
          "density": 1.4,
          "mass": 294.1360600000001,
          "is_produced_by": [
            "e5f085bd-d462-4ef6-8721-21566d12bf4a"
          ],
          "is_consumed_by": [],
          "provenance__density": "dummy estimator based on mw",
          "provenance__is_consumed_by": null,
          "provenance__is_produced_by": null,
          "provenance__mass": null,
          "provenance__molecular_weight": "periodic table",
          "provenance__smiles": null,
          "provenance__state_of_matter": "dummy estimator based on mw"
        }
      ],
      "stoichiometry": {
        "19dad2f4-8f95-49e8-b84d-4fc47f1064a6": 1.0,
        "d373f697-1102-413c-8ab4-38dcc0b3ffd1": 1.0,
        "1e42f588-1e6e-45eb-99fd-a189394f056e": -1.0
      },
      "temperature": 281.2925557672977,
      "intended_ratios": {
        "19dad2f4-8f95-49e8-b84d-4fc47f1064a6": 1.0,
        "d373f697-1102-413c-8ab4-38dcc0b3ffd1": 1.0,
        "460700fa-fcd5-4e79-bf0d-37eb19d6c13a": 1.0,
        "41ca20aa-2d23-4204-a09b-d0d0c93786b9": 1.0,
        "cfa5ca81-1ae3-4e6b-be2b-e307cf74b372": 1.0
      },
      "expected_yields": {
        "1e42f588-1e6e-45eb-99fd-a189394f056e": 1.0
      },
      "reaction_extent": 1.0
    },
    {
      "identifier": "163a8e7e-d7fc-4790-b968-0c45b9c18c36",
      "reactants": [
        {
          "identifier": "bc35e899-085d-4b4e-8f71-2c1a85f51105",
          "smiles": "NNc1cccc(Br)c1",
          "state_of_matter": "LIQUID",
          "molecular_weight": 187.03717999999995,
          "density": 1.0,
          "mass": 187.03717999999995,
          "is_produced_by": [],
          "is_consumed_by": [
            "163a8e7e-d7fc-4790-b968-0c45b9c18c36"
          ],
          "provenance__density": "dummy estimator based on mw",
          "provenance__is_consumed_by": null,
          "provenance__is_produced_by": null,
          "provenance__mass": null,
          "provenance__molecular_weight": "periodic table",
          "provenance__smiles": null,
          "provenance__state_of_matter": "dummy estimator based on mw"
        },
        {
          "identifier": "d884108c-44f3-4000-91a3-3591faa86d20",
          "smiles": "O=C1CCNCC1",
          "state_of_matter": "LIQUID",
          "molecular_weight": 99.13106000000005,
          "density": 1.0,
          "mass": 99.13106000000005,
          "is_produced_by": [],
          "is_consumed_by": [
            "163a8e7e-d7fc-4790-b968-0c45b9c18c36"
          ],
          "provenance__density": "dummy estimator based on mw",
          "provenance__is_consumed_by": null,
          "provenance__is_produced_by": null,
          "provenance__mass": null,
          "provenance__molecular_weight": "periodic table",
          "provenance__smiles": null,
          "provenance__state_of_matter": "dummy estimator based on mw"
        }
      ],
      "reagents": [
        {
          "identifier": "b8581c65-7631-4262-950d-fbca79952b25",
          "smiles": "CCO",
          "state_of_matter": "LIQUID",
          "molecular_weight": 46.06843999999999,
          "density": 1.0,
          "mass": 46.06843999999999,
          "is_produced_by": [],
          "is_consumed_by": [
            "163a8e7e-d7fc-4790-b968-0c45b9c18c36"
          ],
          "provenance__density": "dummy estimator based on mw",
          "provenance__is_consumed_by": null,
          "provenance__is_produced_by": null,
          "provenance__mass": null,
          "provenance__molecular_weight": "periodic table",
          "provenance__smiles": null,
          "provenance__state_of_matter": "dummy estimator based on mw"
        },
        {
          "identifier": "2c9ea40f-67b6-423c-8935-1c683e181b8f",
          "smiles": "Cl",
          "state_of_matter": "LIQUID",
          "molecular_weight": 36.46094,
          "density": 1.0,
          "mass": 36.46094,
          "is_produced_by": [],
          "is_consumed_by": [
            "163a8e7e-d7fc-4790-b968-0c45b9c18c36"
          ],
          "provenance__density": "dummy estimator based on mw",
          "provenance__is_consumed_by": null,
          "provenance__is_produced_by": null,
          "provenance__mass": null,
          "provenance__molecular_weight": "periodic table",
          "provenance__smiles": null,
          "provenance__state_of_matter": "dummy estimator based on mw"
        }
      ],
      "products": [
        {
          "identifier": "064160d9-62c4-4c23-955c-62f338033635",
          "smiles": "Brc1ccc2c3c([nH]c2c1)CCNC3",
          "state_of_matter": "SOLID",
          "molecular_weight": 251.12243999999984,
          "density": 1.4,
          "mass": 251.12243999999984,
          "is_produced_by": [
            "163a8e7e-d7fc-4790-b968-0c45b9c18c36"
          ],
          "is_consumed_by": [],
          "provenance__density": "dummy estimator based on mw",
          "provenance__is_consumed_by": null,
          "provenance__is_produced_by": null,
          "provenance__mass": null,
          "provenance__molecular_weight": "periodic table",
          "provenance__smiles": null,
          "provenance__state_of_matter": "dummy estimator based on mw"
        }
      ],
      "stoichiometry": {
        "bc35e899-085d-4b4e-8f71-2c1a85f51105": 1.0,
        "d884108c-44f3-4000-91a3-3591faa86d20": 1.0,
        "064160d9-62c4-4c23-955c-62f338033635": -1.0
      },
      "temperature": 323.0150502026081,
      "intended_ratios": {
        "bc35e899-085d-4b4e-8f71-2c1a85f51105": 1.0,
        "d884108c-44f3-4000-91a3-3591faa86d20": 1.0,
        "b8581c65-7631-4262-950d-fbca79952b25": 1.0,
        "2c9ea40f-67b6-423c-8935-1c683e181b8f": 1.0
      },
      "expected_yields": {
        "064160d9-62c4-4c23-955c-62f338033635": 1.0
      },
      "reaction_extent": 1.0
    },
    {
      "identifier": "1099d705-41b4-4962-af71-968ecc71c103",
      "reactants": [
        {
          "identifier": "f6f4d3f2-ece7-4b02-a117-2fb38a8a347f",
          "smiles": "O=C(Nc1ccc(Cc2c[nH]c3ncc(Cl)cc23)cn1)c1ccc(C(F)(F)F)nc1",
          "state_of_matter": "SOLID",
          "molecular_weight": 431.79832960000016,
          "density": 1.4,
          "mass": 431.79832960000016,
          "is_produced_by": [],
          "is_consumed_by": [
            "1099d705-41b4-4962-af71-968ecc71c103"
          ],
          "provenance__density": "dummy estimator based on mw",
          "provenance__is_consumed_by": null,
          "provenance__is_produced_by": null,
          "provenance__mass": null,
          "provenance__molecular_weight": "periodic table",
          "provenance__smiles": null,
          "provenance__state_of_matter": "dummy estimator based on mw"
        }
      ],
      "reagents": [
        {
          "identifier": "9a18f3a6-a1bf-4e5b-bf7a-d20e6944f696",
          "smiles": "CC#N",
          "state_of_matter": "LIQUID",
          "molecular_weight": 41.051919999999996,
          "density": 1.0,
          "mass": 41.051919999999996,
          "is_produced_by": [],
          "is_consumed_by": [
            "1099d705-41b4-4962-af71-968ecc71c103"
          ],
          "provenance__density": "dummy estimator based on mw",
          "provenance__is_consumed_by": null,
          "provenance__is_produced_by": null,
          "provenance__mass": null,
          "provenance__molecular_weight": "periodic table",
          "provenance__smiles": null,
          "provenance__state_of_matter": "dummy estimator based on mw"
        },
        {
          "identifier": "179cdbca-1537-4f29-ad2c-349523a97585",
          "smiles": "O=C(O)C(F)(F)F",
          "state_of_matter": "LIQUID",
          "molecular_weight": 114.0233496,
          "density": 1.0,
          "mass": 114.0233496,
          "is_produced_by": [],
          "is_consumed_by": [
            "1099d705-41b4-4962-af71-968ecc71c103"
          ],
          "provenance__density": "dummy estimator based on mw",
          "provenance__is_consumed_by": null,
          "provenance__is_produced_by": null,
          "provenance__mass": null,
          "provenance__molecular_weight": "periodic table",
          "provenance__smiles": null,
          "provenance__state_of_matter": "dummy estimator based on mw"
        },
        {
          "identifier": "de28d84d-fd22-4a2e-86a7-7a4b1b077f8c",
          "smiles": "CC[SiH](CC)CC",
          "state_of_matter": "LIQUID",
          "molecular_weight": 116.27674000000007,
          "density": 1.0,
          "mass": 116.27674000000007,
          "is_produced_by": [],
          "is_consumed_by": [
            "1099d705-41b4-4962-af71-968ecc71c103"
          ],
          "provenance__density": "dummy estimator based on mw",
          "provenance__is_consumed_by": null,
          "provenance__is_produced_by": null,
          "provenance__mass": null,
          "provenance__molecular_weight": "periodic table",
          "provenance__smiles": null,
          "provenance__state_of_matter": "dummy estimator based on mw"
        }
      ],
      "products": [
        {
          "identifier": "4e9a9c1a-20b8-4818-81b2-5de0b8f29e2a",
          "smiles": "FC(F)(F)c1ccc(CNc2ccc(Cc3c[nH]c4ncc(Cl)cc34)cn2)cn1",
          "state_of_matter": "SOLID",
          "molecular_weight": 417.81480960000016,
          "density": 1.4,
          "mass": 417.81480960000016,
          "is_produced_by": [
            "1099d705-41b4-4962-af71-968ecc71c103"
          ],
          "is_consumed_by": [],
          "provenance__density": "dummy estimator based on mw",
          "provenance__is_consumed_by": null,
          "provenance__is_produced_by": null,
          "provenance__mass": null,
          "provenance__molecular_weight": "periodic table",
          "provenance__smiles": null,
          "provenance__state_of_matter": "dummy estimator based on mw"
        }
      ],
      "stoichiometry": {
        "f6f4d3f2-ece7-4b02-a117-2fb38a8a347f": 1.0,
        "4e9a9c1a-20b8-4818-81b2-5de0b8f29e2a": -1.0
      },
      "temperature": 327.5941164672374,
      "intended_ratios": {
        "f6f4d3f2-ece7-4b02-a117-2fb38a8a347f": 1.0,
        "9a18f3a6-a1bf-4e5b-bf7a-d20e6944f696": 1.0,
        "179cdbca-1537-4f29-ad2c-349523a97585": 1.0,
        "de28d84d-fd22-4a2e-86a7-7a4b1b077f8c": 1.0
      },
      "expected_yields": {
        "4e9a9c1a-20b8-4818-81b2-5de0b8f29e2a": 1.0
      },
      "reaction_extent": 1.0
    },
    {
      "identifier": "c7cd4028-08b6-4e00-8617-948c21daab07",
      "reactants": [
        {
          "identifier": "fedff6fb-f7dc-4e8b-925e-b2f51e812380",
          "smiles": "OC(c1ccc(Cl)nc1)c1c[nH]c2ncc(Cl)cc12",
          "state_of_matter": "SOLID",
          "molecular_weight": 294.1360600000001,
          "density": 1.4,
          "mass": 294.1360600000001,
          "is_produced_by": [],
          "is_consumed_by": [
            "c7cd4028-08b6-4e00-8617-948c21daab07"
          ],
          "provenance__density": "dummy estimator based on mw",
          "provenance__is_consumed_by": null,
          "provenance__is_produced_by": null,
          "provenance__mass": null,
          "provenance__molecular_weight": "periodic table",
          "provenance__smiles": null,
          "provenance__state_of_matter": "dummy estimator based on mw"
        }
      ],
      "reagents": [
        {
          "identifier": "d2fc0d66-9965-47f4-bcf1-f2dd9841b515",
          "smiles": "CC#N",
          "state_of_matter": "LIQUID",
          "molecular_weight": 41.051919999999996,
          "density": 1.0,
          "mass": 41.051919999999996,
          "is_produced_by": [],
          "is_consumed_by": [
            "c7cd4028-08b6-4e00-8617-948c21daab07"
          ],
          "provenance__density": "dummy estimator based on mw",
          "provenance__is_consumed_by": null,
          "provenance__is_produced_by": null,
          "provenance__mass": null,
          "provenance__molecular_weight": "periodic table",
          "provenance__smiles": null,
          "provenance__state_of_matter": "dummy estimator based on mw"
        },
        {
          "identifier": "a3b4b639-0664-448f-b563-3874a504b9b0",
          "smiles": "O=C(O)C(F)(F)F",
          "state_of_matter": "LIQUID",
          "molecular_weight": 114.0233496,
          "density": 1.0,
          "mass": 114.0233496,
          "is_produced_by": [],
          "is_consumed_by": [
            "c7cd4028-08b6-4e00-8617-948c21daab07"
          ],
          "provenance__density": "dummy estimator based on mw",
          "provenance__is_consumed_by": null,
          "provenance__is_produced_by": null,
          "provenance__mass": null,
          "provenance__molecular_weight": "periodic table",
          "provenance__smiles": null,
          "provenance__state_of_matter": "dummy estimator based on mw"
        },
        {
          "identifier": "8c496cd0-3083-41d8-abb5-12850dc34c2e",
          "smiles": "CC[SiH](CC)CC",
          "state_of_matter": "LIQUID",
          "molecular_weight": 116.27674000000007,
          "density": 1.0,
          "mass": 116.27674000000007,
          "is_produced_by": [],
          "is_consumed_by": [
            "c7cd4028-08b6-4e00-8617-948c21daab07"
          ],
          "provenance__density": "dummy estimator based on mw",
          "provenance__is_consumed_by": null,
          "provenance__is_produced_by": null,
          "provenance__mass": null,
          "provenance__molecular_weight": "periodic table",
          "provenance__smiles": null,
          "provenance__state_of_matter": "dummy estimator based on mw"
        }
      ],
      "products": [
        {
          "identifier": "cb0c5774-ad3b-400e-9c38-d690a9222c14",
          "smiles": "Clc1cnc2[nH]cc(Cc3ccc(Cl)nc3)c2c1",
          "state_of_matter": "SOLID",
          "molecular_weight": 278.13666000000006,
          "density": 1.4,
          "mass": 278.13666000000006,
          "is_produced_by": [
            "c7cd4028-08b6-4e00-8617-948c21daab07"
          ],
          "is_consumed_by": [],
          "provenance__density": "dummy estimator based on mw",
          "provenance__is_consumed_by": null,
          "provenance__is_produced_by": null,
          "provenance__mass": null,
          "provenance__molecular_weight": "periodic table",
          "provenance__smiles": null,
          "provenance__state_of_matter": "dummy estimator based on mw"
        }
      ],
      "stoichiometry": {
        "fedff6fb-f7dc-4e8b-925e-b2f51e812380": 1.0,
        "cb0c5774-ad3b-400e-9c38-d690a9222c14": -1.0
      },
      "temperature": 307.97120277285575,
      "intended_ratios": {
        "fedff6fb-f7dc-4e8b-925e-b2f51e812380": 1.0,
        "d2fc0d66-9965-47f4-bcf1-f2dd9841b515": 1.0,
        "a3b4b639-0664-448f-b563-3874a504b9b0": 1.0,
        "8c496cd0-3083-41d8-abb5-12850dc34c2e": 1.0
      },
      "expected_yields": {
        "cb0c5774-ad3b-400e-9c38-d690a9222c14": 1.0
      },
      "reaction_extent": 1.0
    }
  ],
  "molecular_nodes": [
    "Brc1ccc2c(c1)[nH]c1ccncc12",
    "Brc1ccc2c3c([nH]c2c1)CCNC3",
    "C1=C[C-](P(c2ccccc2)c2ccccc2)C=C1.C1=C[C-](P(c2ccccc2)c2ccccc2)C=C1.[Fe+2]",
    "C1CCOC1",
    "C1COCCO1",
    "CC#N",
    "CC(C)(C)OC(=O)OC(=O)OC(C)(C)C",
    "CC(C)(C)OC(=O)n1c2ccncc2c2ccc(-c3ccc(F)nc3)cc21",
    "CC(C)(C)OC(=O)n1c2ccncc2c2ccc(Br)cc21",
    "CC(C)N",
    "CC(C)N1C(=O)CC(=O)NC1=O",
    "CC(C)NC(=O)Cl",
    "CC(C)n1c(=O)cc(Cl)[nH]c1=O",
    "CC(N)c1ccccc1",
    "CC(Nc1cc(=O)n(C(C)C)c(=O)[nH]1)c1ccccc1",
    "CCCC[N+](CCCC)(CCCC)CCCC.[F-]",
    "CCO",
    "CCOC(=O)CC(=O)Cl",
    "CCOC(=O)CC(=O)N(C(=O)Cl)C(C)C",
    "CCOC(=O)CC(=O)N(C(N)=O)C(C)C",
    "CCO[Na]",
    "CC[SiH](CC)CC",
    "CI",
    "CN(C)C=O",
    "CN(C)c1ccncc1",
    "CO",
    "Cc1ccc(S(=O)(=O)Cl)cc1",
    "Cc1ccc(S(=O)(=O)n2cc(Cc3ccc(Cl)nc3)c3cc(Cl)cnc32)cc1",
    "Cc1ccc(S(=O)(=O)n2cc(Cc3ccc(N)nc3)c3cc(Cl)cnc32)cc1",
    "Cc1ccc(S(=O)(=O)n2cc(Cc3ccc(NC(=O)c4ccc(C(F)(F)F)nc4)nc3)c3cc(Cl)cnc32)cc1",
    "Cl",
    "ClC(Cl)Cl",
    "ClCCl",
    "Cl[Pd]Cl",
    "Clc1cnc2[nH]cc(Cc3ccc(Cl)nc3)c2c1",
    "Clc1cnc2[nH]ccc2c1",
    "FC(F)(F)c1ccc(CNc2ccc(Cc3c[nH]c4ncc(Cl)cc34)cn2)cn1",
    "Fc1ccc(-c2ccc3c(c2)[nH]c2ccncc23)cn1",
    "NNc1cccc(Br)c1",
    "O",
    "O=C(Nc1ccc(Cc2c[nH]c3ncc(Cl)cc23)cn1)c1ccc(C(F)(F)F)nc1",
    "O=C(O)C(F)(F)F",
    "O=C(O)c1ccc(C(F)(F)F)nc1",
    "O=C(OC(Cl)(Cl)Cl)OC(Cl)(Cl)Cl",
    "O=C(O[K])O[K]",
    "O=C1CCNCC1",
    "O=Cc1ccc(Cl)nc1",
    "O=S(Cl)Cl",
    "O=[Mn]=O",
    "OB(O)c1ccc(F)nc1",
    "OC(c1ccc(Cl)nc1)c1c[nH]c2ncc(Cl)cc12",
    "O[K]",
    "[NaH]",
    "c1ccncc1"
  ],
  "edges": [
    [
      "0b6d5dd1-1dd7-4478-b141-f4990ca7464e",
      "Fc1ccc(-c2ccc3c(c2)[nH]c2ccncc23)cn1"
    ],
    [
      "1099d705-41b4-4962-af71-968ecc71c103",
      "FC(F)(F)c1ccc(CNc2ccc(Cc3c[nH]c4ncc(Cl)cc34)cn2)cn1"
    ],
    [
      "163a8e7e-d7fc-4790-b968-0c45b9c18c36",
      "Brc1ccc2c3c([nH]c2c1)CCNC3"
    ],
    [
      "2bc9ccbc-f604-44cc-9ba8-1746948d4f5a",
      "CC(Nc1cc(=O)n(C(C)C)c(=O)[nH]1)c1ccccc1"
    ],
    [
      "4892f740-d8fb-4cad-a22b-68a534963535",
      "CC(C)n1c(=O)cc(Cl)[nH]c1=O"
    ],
    [
      "4ded9331-ba5e-4885-97ee-8b4c06b621ce",
      "CC(C)N1C(=O)CC(=O)NC1=O"
    ],
    [
      "63af7bf3-2e78-48a7-970d-853348e75c71",
      "Brc1ccc2c(c1)[nH]c1ccncc12"
    ],
    [
      "6a055268-0251-4688-8e44-785bd52c04b4",
      "Cc1ccc(S(=O)(=O)n2cc(Cc3ccc(NC(=O)c4ccc(C(F)(F)F)nc4)nc3)c3cc(Cl)cnc32)cc1"
    ],
    [
      "834cc8f1-0126-48a3-9bbd-a63f77c977db",
      "CCOC(=O)CC(=O)N(C(=O)Cl)C(C)C"
    ],
    [
      "8cac4b69-c2f2-4d70-b238-2d83c1c9c5c4",
      "CC(C)(C)OC(=O)n1c2ccncc2c2ccc(-c3ccc(F)nc3)cc21"
    ],
    [
      "9eab9ac5-e6d2-44b7-b9fa-b5233cbbb921",
      "CC(C)NC(=O)Cl"
    ],
    [
      "Brc1ccc2c(c1)[nH]c1ccncc12",
      "d4b2313c-832c-453f-8b2c-87ac695ff1b5"
    ],
    [
      "Brc1ccc2c3c([nH]c2c1)CCNC3",
      "63af7bf3-2e78-48a7-970d-853348e75c71"
    ],
    [
      "C1=C[C-](P(c2ccccc2)c2ccccc2)C=C1.C1=C[C-](P(c2ccccc2)c2ccccc2)C=C1.[Fe+2]",
      "8cac4b69-c2f2-4d70-b238-2d83c1c9c5c4"
    ],
    [
      "C1CCOC1",
      "d4b2313c-832c-453f-8b2c-87ac695ff1b5"
    ],
    [
      "C1CCOC1",
      "e913708c-9af1-4f1c-a46b-69ee75658f62"
    ],
    [
      "C1COCCO1",
      "8cac4b69-c2f2-4d70-b238-2d83c1c9c5c4"
    ],
    [
      "CC#N",
      "1099d705-41b4-4962-af71-968ecc71c103"
    ],
    [
      "CC#N",
      "2bc9ccbc-f604-44cc-9ba8-1746948d4f5a"
    ],
    [
      "CC#N",
      "c7cd4028-08b6-4e00-8617-948c21daab07"
    ],
    [
      "CC(C)(C)OC(=O)OC(=O)OC(C)(C)C",
      "d4b2313c-832c-453f-8b2c-87ac695ff1b5"
    ],
    [
      "CC(C)(C)OC(=O)n1c2ccncc2c2ccc(-c3ccc(F)nc3)cc21",
      "0b6d5dd1-1dd7-4478-b141-f4990ca7464e"
    ],
    [
      "CC(C)(C)OC(=O)n1c2ccncc2c2ccc(Br)cc21",
      "8cac4b69-c2f2-4d70-b238-2d83c1c9c5c4"
    ],
    [
      "CC(C)N",
      "9eab9ac5-e6d2-44b7-b9fa-b5233cbbb921"
    ],
    [
      "CC(C)N1C(=O)CC(=O)NC1=O",
      "4892f740-d8fb-4cad-a22b-68a534963535"
    ],
    [
      "CC(C)NC(=O)Cl",
      "834cc8f1-0126-48a3-9bbd-a63f77c977db"
    ],
    [
      "CC(C)n1c(=O)cc(Cl)[nH]c1=O",
      "2bc9ccbc-f604-44cc-9ba8-1746948d4f5a"
    ],
    [
      "CC(N)c1ccccc1",
      "2bc9ccbc-f604-44cc-9ba8-1746948d4f5a"
    ],
    [
      "CCCC[N+](CCCC)(CCCC)CCCC.[F-]",
      "e913708c-9af1-4f1c-a46b-69ee75658f62"
    ],
    [
      "CCO",
      "163a8e7e-d7fc-4790-b968-0c45b9c18c36"
    ],
    [
      "CCO",
      "4ded9331-ba5e-4885-97ee-8b4c06b621ce"
    ],
    [
      "CCOC(=O)CC(=O)Cl",
      "834cc8f1-0126-48a3-9bbd-a63f77c977db"
    ],
    [
      "CCOC(=O)CC(=O)N(C(=O)Cl)C(C)C",
      "bc0f9ec9-8055-456d-920e-079fa9b3137e"
    ],
    [
      "CCOC(=O)CC(=O)N(C(N)=O)C(C)C",
      "4ded9331-ba5e-4885-97ee-8b4c06b621ce"
    ],
    [
      "CCO[Na]",
      "4ded9331-ba5e-4885-97ee-8b4c06b621ce"
    ],
    [
      "CC[SiH](CC)CC",
      "1099d705-41b4-4962-af71-968ecc71c103"
    ],
    [
      "CC[SiH](CC)CC",
      "c7cd4028-08b6-4e00-8617-948c21daab07"
    ],
    [
      "CI",
      "4892f740-d8fb-4cad-a22b-68a534963535"
    ],
    [
      "CN(C)C=O",
      "4892f740-d8fb-4cad-a22b-68a534963535"
    ],
    [
      "CN(C)C=O",
      "de3741b7-03fc-44d9-8cf8-9890617211ea"
    ],
    [
      "CN(C)c1ccncc1",
      "d4b2313c-832c-453f-8b2c-87ac695ff1b5"
    ],
    [
      "CO",
      "e5f085bd-d462-4ef6-8721-21566d12bf4a"
    ],
    [
      "Cc1ccc(S(=O)(=O)Cl)cc1",
      "de3741b7-03fc-44d9-8cf8-9890617211ea"
    ],
    [
      "Cc1ccc(S(=O)(=O)n2cc(Cc3ccc(Cl)nc3)c3cc(Cl)cnc32)cc1",
      "a7784040-17c4-4218-89a8-dc683b792ab7"
    ],
    [
      "Cc1ccc(S(=O)(=O)n2cc(Cc3ccc(N)nc3)c3cc(Cl)cnc32)cc1",
      "6a055268-0251-4688-8e44-785bd52c04b4"
    ],
    [
      "Cc1ccc(S(=O)(=O)n2cc(Cc3ccc(NC(=O)c4ccc(C(F)(F)F)nc4)nc3)c3cc(Cl)cnc32)cc1",
      "e913708c-9af1-4f1c-a46b-69ee75658f62"
    ],
    [
      "Cl",
      "163a8e7e-d7fc-4790-b968-0c45b9c18c36"
    ],
    [
      "ClC(Cl)Cl",
      "63af7bf3-2e78-48a7-970d-853348e75c71"
    ],
    [
      "ClCCl",
      "0b6d5dd1-1dd7-4478-b141-f4990ca7464e"
    ],
    [
      "ClCCl",
      "834cc8f1-0126-48a3-9bbd-a63f77c977db"
    ],
    [
      "ClCCl",
      "9eab9ac5-e6d2-44b7-b9fa-b5233cbbb921"
    ],
    [
      "ClCCl",
      "bc0f9ec9-8055-456d-920e-079fa9b3137e"
    ],
    [
      "Cl[Pd]Cl",
      "8cac4b69-c2f2-4d70-b238-2d83c1c9c5c4"
    ],
    [
      "Clc1cnc2[nH]cc(Cc3ccc(Cl)nc3)c2c1",
      "de3741b7-03fc-44d9-8cf8-9890617211ea"
    ],
    [
      "Clc1cnc2[nH]ccc2c1",
      "e5f085bd-d462-4ef6-8721-21566d12bf4a"
    ],
    [
      "NNc1cccc(Br)c1",
      "163a8e7e-d7fc-4790-b968-0c45b9c18c36"
    ],
    [
      "O",
      "4892f740-d8fb-4cad-a22b-68a534963535"
    ],
    [
      "O",
      "de3741b7-03fc-44d9-8cf8-9890617211ea"
    ],
    [
      "O",
      "e5f085bd-d462-4ef6-8721-21566d12bf4a"
    ],
    [
      "O",
      "e913708c-9af1-4f1c-a46b-69ee75658f62"
    ],
    [
      "O=C(Nc1ccc(Cc2c[nH]c3ncc(Cl)cc23)cn1)c1ccc(C(F)(F)F)nc1",
      "1099d705-41b4-4962-af71-968ecc71c103"
    ],
    [
      "O=C(O)C(F)(F)F",
      "0b6d5dd1-1dd7-4478-b141-f4990ca7464e"
    ],
    [
      "O=C(O)C(F)(F)F",
      "1099d705-41b4-4962-af71-968ecc71c103"
    ],
    [
      "O=C(O)C(F)(F)F",
      "a7784040-17c4-4218-89a8-dc683b792ab7"
    ],
    [
      "O=C(O)C(F)(F)F",
      "c7cd4028-08b6-4e00-8617-948c21daab07"
    ],
    [
      "O=C(O)c1ccc(C(F)(F)F)nc1",
      "6a055268-0251-4688-8e44-785bd52c04b4"
    ],
    [
      "O=C(OC(Cl)(Cl)Cl)OC(Cl)(Cl)Cl",
      "9eab9ac5-e6d2-44b7-b9fa-b5233cbbb921"
    ],
    [
      "O=C(O[K])O[K]",
      "4892f740-d8fb-4cad-a22b-68a534963535"
    ],
    [
      "O=C(O[K])O[K]",
      "8cac4b69-c2f2-4d70-b238-2d83c1c9c5c4"
    ],
    [
      "O=C1CCNCC1",
      "163a8e7e-d7fc-4790-b968-0c45b9c18c36"
    ],
    [
      "O=Cc1ccc(Cl)nc1",
      "e5f085bd-d462-4ef6-8721-21566d12bf4a"
    ],
    [
      "O=S(Cl)Cl",
      "6a055268-0251-4688-8e44-785bd52c04b4"
    ],
    [
      "O=[Mn]=O",
      "63af7bf3-2e78-48a7-970d-853348e75c71"
    ],
    [
      "OB(O)c1ccc(F)nc1",
      "8cac4b69-c2f2-4d70-b238-2d83c1c9c5c4"
    ],
    [
      "OC(c1ccc(Cl)nc1)c1c[nH]c2ncc(Cl)cc12",
      "c7cd4028-08b6-4e00-8617-948c21daab07"
    ],
    [
      "O[K]",
      "e5f085bd-d462-4ef6-8721-21566d12bf4a"
    ],
    [
      "[NaH]",
      "de3741b7-03fc-44d9-8cf8-9890617211ea"
    ],
    [
      "a7784040-17c4-4218-89a8-dc683b792ab7",
      "Cc1ccc(S(=O)(=O)n2cc(Cc3ccc(N)nc3)c3cc(Cl)cnc32)cc1"
    ],
    [
      "bc0f9ec9-8055-456d-920e-079fa9b3137e",
      "CCOC(=O)CC(=O)N(C(N)=O)C(C)C"
    ],
    [
      "c1ccncc1",
      "6a055268-0251-4688-8e44-785bd52c04b4"
    ],
    [
      "c7cd4028-08b6-4e00-8617-948c21daab07",
      "Clc1cnc2[nH]cc(Cc3ccc(Cl)nc3)c2c1"
    ],
    [
      "d4b2313c-832c-453f-8b2c-87ac695ff1b5",
      "CC(C)(C)OC(=O)n1c2ccncc2c2ccc(Br)cc21"
    ],
    [
      "de3741b7-03fc-44d9-8cf8-9890617211ea",
      "Cc1ccc(S(=O)(=O)n2cc(Cc3ccc(Cl)nc3)c3cc(Cl)cnc32)cc1"
    ],
    [
      "e5f085bd-d462-4ef6-8721-21566d12bf4a",
      "OC(c1ccc(Cl)nc1)c1c[nH]c2ncc(Cl)cc12"
    ],
    [
      "e913708c-9af1-4f1c-a46b-69ee75658f62",
      "O=C(Nc1ccc(Cc2c[nH]c3ncc(Cl)cc23)cn1)c1ccc(C(F)(F)F)nc1"
    ]
  ]
}