{
  "identifier": "665d137f-67d4-4519-b039-6af23cb099a2",
  "chemical_reactions": [
    {
      "identifier": "f2011bf2-5ec6-47b4-b0d5-a2b754ef367e",
      "reactants": [
        {
          "identifier": "4acea36a-befc-4725-8a6d-bfb3d98498eb",
          "smiles": "CC(C)(C)NS(=O)(=O)c1cccc(N)c1",
          "state_of_matter": "SOLID",
          "molecular_weight": 228.31123999999977,
          "density": 1.4,
          "mass": 228.31123999999977,
          "is_produced_by": [],
          "is_consumed_by": [
            "f2011bf2-5ec6-47b4-b0d5-a2b754ef367e"
          ],
          "provenance__density": "dummy estimator based on mw",
          "provenance__is_consumed_by": null,
          "provenance__is_produced_by": null,
          "provenance__mass": null,
          "provenance__molecular_weight": "periodic table",
          "provenance__smiles": null,
          "provenance__state_of_matter": "dummy estimator based on mw"
        },
        {
          "identifier": "feb2ac5a-c6f8-447d-8aab-10e710bbe0c3",
          "smiles": "Cc1cnc(Cl)nc1Cl",
          "state_of_matter": "LIQUID",
          "molecular_weight": 163.00465999999994,
          "density": 1.0,
          "mass": 163.00465999999994,
          "is_produced_by": [],
          "is_consumed_by": [
            "f2011bf2-5ec6-47b4-b0d5-a2b754ef367e"
          ],
          "provenance__density": "dummy estimator based on mw",
          "provenance__is_consumed_by": null,
          "provenance__is_produced_by": null,
          "provenance__mass": null,
          "provenance__molecular_weight": "periodic table",
          "provenance__smiles": null,
          "provenance__state_of_matter": "dummy estimator based on mw"
        }
      ],
      "reagents": [
        {
          "identifier": "aee9f64a-2e2c-4960-9fd0-7eb08373a54f",
          "smiles": "CO",
          "state_of_matter": "LIQUID",
          "molecular_weight": 32.04186000000001,
          "density": 1.0,
          "mass": 32.04186000000001,
          "is_produced_by": [],
          "is_consumed_by": [
            "f2011bf2-5ec6-47b4-b0d5-a2b754ef367e"
          ],
          "provenance__density": "dummy estimator based on mw",
          "provenance__is_consumed_by": null,
          "provenance__is_produced_by": null,
          "provenance__mass": null,
          "provenance__molecular_weight": "periodic table",
          "provenance__smiles": null,
          "provenance__state_of_matter": "dummy estimator based on mw"
        }
      ],
      "products": [
        {
          "identifier": "3b1eaae7-9df4-41e4-a30f-557ad353a015",
          "smiles": "Cc1cnc(Cl)nc1Nc1cccc(S(=O)(=O)NC(C)(C)C)c1",
          "state_of_matter": "SOLID",
          "molecular_weight": 354.8549600000003,
          "density": 1.4,
          "mass": 354.8549600000003,
          "is_produced_by": [
            "f2011bf2-5ec6-47b4-b0d5-a2b754ef367e"
          ],
          "is_consumed_by": [],
          "provenance__density": "dummy estimator based on mw",
          "provenance__is_consumed_by": null,
          "provenance__is_produced_by": null,
          "provenance__mass": null,
          "provenance__molecular_weight": "periodic table",
          "provenance__smiles": null,
          "provenance__state_of_matter": "dummy estimator based on mw"
        }
      ],
      "stoichiometry": {
        "4acea36a-befc-4725-8a6d-bfb3d98498eb": 1.0,
        "feb2ac5a-c6f8-447d-8aab-10e710bbe0c3": 1.0,
        "3b1eaae7-9df4-41e4-a30f-557ad353a015": -1.0
      },
      "temperature": 324.2890065729618,
      "intended_ratios": {
        "4acea36a-befc-4725-8a6d-bfb3d98498eb": 1.0,
        "feb2ac5a-c6f8-447d-8aab-10e710bbe0c3": 1.0,
        "aee9f64a-2e2c-4960-9fd0-7eb08373a54f": 1.0
      },
      "expected_yields": {
        "3b1eaae7-9df4-41e4-a30f-557ad353a015": 1.0
      },
      "reaction_extent": 1.0
    },
    {
      "identifier": "8318adb3-3595-408d-a0c0-26bcb091fe92",
      "reactants": [
        {
          "identifier": "fe7a86c8-fe97-44ab-ad1c-8c8a2160172e",
          "smiles": "CC(C)n1nccc1-c1ncccc1CCl",
          "state_of_matter": "SOLID",
          "molecular_weight": 236.72059999999982,
          "density": 1.4,
          "mass": 236.72059999999982,
          "is_produced_by": [],
          "is_consumed_by": [
            "8318adb3-3595-408d-a0c0-26bcb091fe92"
          ],
          "provenance__density": "dummy estimator based on mw",
          "provenance__is_consumed_by": null,
          "provenance__is_produced_by": null,
          "provenance__mass": null,
          "provenance__molecular_weight": "periodic table",
          "provenance__smiles": null,
          "provenance__state_of_matter": "dummy estimator based on mw"
        },
        {
          "identifier": "64d9c36c-d074-4341-8471-b12ecccb8852",
          "smiles": "O=Cc1c(O)cccc1O",
          "state_of_matter": "LIQUID",
          "molecular_weight": 138.12073999999996,
          "density": 1.0,
          "mass": 138.12073999999996,
          "is_produced_by": [],
          "is_consumed_by": [
            "8318adb3-3595-408d-a0c0-26bcb091fe92"
          ],
          "provenance__density": "dummy estimator based on mw",
          "provenance__is_consumed_by": null,
          "provenance__is_produced_by": null,
          "provenance__mass": null,
          "provenance__molecular_weight": "periodic table",
          "provenance__smiles": null,
          "provenance__state_of_matter": "dummy estimator based on mw"
        }
      ],
      "reagents": [
        {
          "identifier": "3bbd9663-3479-4db6-81a5-66c890434503",
          "smiles": "CN(C)C=O",
          "state_of_matter": "LIQUID",
          "molecular_weight": 73.09378000000004,
          "density": 1.0,
          "mass": 73.09378000000004,
          "is_produced_by": [],
          "is_consumed_by": [
            "8318adb3-3595-408d-a0c0-26bcb091fe92"
          ],
          "provenance__density": "dummy estimator based on mw",
          "provenance__is_consumed_by": null,
          "provenance__is_produced_by": null,
          "provenance__mass": null,
          "provenance__molecular_weight": "periodic table",
          "provenance__smiles": null,
          "provenance__state_of_matter": "dummy estimator based on mw"
        },
        {
          "identifier": "99e74c43-951d-4eec-902e-bfda6d2e7f78",
          "smiles": "Cl",
          "state_of_matter": "LIQUID",
          "molecular_weight": 36.46094,
          "density": 1.0,
          "mass": 36.46094,
          "is_produced_by": [],
          "is_consumed_by": [
            "8318adb3-3595-408d-a0c0-26bcb091fe92"
          ],
          "provenance__density": "dummy estimator based on mw",
          "provenance__is_consumed_by": null,
          "provenance__is_produced_by": null,
          "provenance__mass": null,
          "provenance__molecular_weight": "periodic table",
          "provenance__smiles": null,
          "provenance__state_of_matter": "dummy estimator based on mw"
        },
        {
          "identifier": "b6c18c99-8069-4016-8e33-6804ec7472f9",
          "smiles": "O=C(O[K])O[K]",
          "state_of_matter": "SOLID",
          "molecular_weight": 138.2055,
          "density": 1.4,
          "mass": 138.2055,
          "is_produced_by": [],
          "is_consumed_by": [
            "8318adb3-3595-408d-a0c0-26bcb091fe92"
          ],
          "provenance__density": "dummy estimator based on mw",
          "provenance__is_consumed_by": null,
          "provenance__is_produced_by": null,
          "provenance__mass": null,
          "provenance__molecular_weight": "periodic table",
          "provenance__smiles": null,
          "provenance__state_of_matter": "dummy estimator based on mw"
        }
      ],
      "products": [
        {
          "identifier": "b439b115-d0c3-4537-be59-38035b8097df",
          "smiles": "CC(C)n1nccc1-c1ncccc1COc1cccc(O)c1C=O",
          "state_of_matter": "SOLID",
          "molecular_weight": 338.38040000000024,
          "density": 1.4,
          "mass": 338.38040000000024,
          "is_produced_by": [
            "8318adb3-3595-408d-a0c0-26bcb091fe92"
          ],
          "is_consumed_by": [],
          "provenance__density": "dummy estimator based on mw",
          "provenance__is_consumed_by": null,
          "provenance__is_produced_by": null,
          "provenance__mass": null,
          "provenance__molecular_weight": "periodic table",
          "provenance__smiles": null,
          "provenance__state_of_matter": "dummy estimator based on mw"
        }
      ],
      "stoichiometry": {
        "fe7a86c8-fe97-44ab-ad1c-8c8a2160172e": 1.0,
        "64d9c36c-d074-4341-8471-b12ecccb8852": 1.0,
        "b439b115-d0c3-4537-be59-38035b8097df": -1.0
      },
      "temperature": 305.7333455622196,
      "intended_ratios": {
        "fe7a86c8-fe97-44ab-ad1c-8c8a2160172e": 1.0,
        "64d9c36c-d074-4341-8471-b12ecccb8852": 1.0,
        "3bbd9663-3479-4db6-81a5-66c890434503": 1.0,
        "99e74c43-951d-4eec-902e-bfda6d2e7f78": 1.0,
        "b6c18c99-8069-4016-8e33-6804ec7472f9": 1.0
      },
      "expected_yields": {
        "b439b115-d0c3-4537-be59-38035b8097df": 1.0
      },
      "reaction_extent": 1.0
    },
    {
      "identifier": "0f228a26-0d71-46a7-a132-2d1a3780038d",
      "reactants": [
        {
          "identifier": "3fce856c-4e8a-4000-95c8-597a319e4dd7",
          "smiles": "CC(C)n1nccc1-c1ncccc1CO",
          "state_of_matter": "SOLID",
          "molecular_weight": 218.27493999999982,
          "density": 1.4,
          "mass": 218.27493999999982,
          "is_produced_by": [],
          "is_consumed_by": [
            "0f228a26-0d71-46a7-a132-2d1a3780038d"
          ],
          "provenance__density": "dummy estimator based on mw",
          "provenance__is_consumed_by": null,
          "provenance__is_produced_by": null,
          "provenance__mass": null,
          "provenance__molecular_weight": "periodic table",
          "provenance__smiles": null,
          "provenance__state_of_matter": "dummy estimator based on mw"
        }
      ],
      "reagents": [
        {
          "identifier": "fa8222d7-ad80-4316-9188-2cb1f5f8704f",
          "smiles": "ClCCl",
          "state_of_matter": "LIQUID",
          "molecular_weight": 84.93258000000002,
          "density": 1.0,
          "mass": 84.93258000000002,
          "is_produced_by": [],
          "is_consumed_by": [
            "0f228a26-0d71-46a7-a132-2d1a3780038d"
          ],
          "provenance__density": "dummy estimator based on mw",
          "provenance__is_consumed_by": null,
          "provenance__is_produced_by": null,
          "provenance__mass": null,
          "provenance__molecular_weight": "periodic table",
          "provenance__smiles": null,
          "provenance__state_of_matter": "dummy estimator based on mw"
        },
        {
          "identifier": "b1427bc0-6ed7-4571-af56-8f218b608ae0",
          "smiles": "CCN(CC)CC",
          "state_of_matter": "LIQUID",
          "molecular_weight": 101.19000000000008,
          "density": 1.0,
          "mass": 101.19000000000008,
          "is_produced_by": [],
          "is_consumed_by": [
            "0f228a26-0d71-46a7-a132-2d1a3780038d"
          ],
          "provenance__density": "dummy estimator based on mw",
          "provenance__is_consumed_by": null,
          "provenance__is_produced_by": null,
          "provenance__mass": null,
          "provenance__molecular_weight": "periodic table",
          "provenance__smiles": null,
          "provenance__state_of_matter": "dummy estimator based on mw"
        },
        {
          "identifier": "4690d861-aaf6-48c7-b33d-9b5b569320e0",
          "smiles": "CS(=O)(=O)Cl",
          "state_of_matter": "LIQUID",
          "molecular_weight": 114.55132000000002,
          "density": 1.0,
          "mass": 114.55132000000002,
          "is_produced_by": [],
          "is_consumed_by": [
            "0f228a26-0d71-46a7-a132-2d1a3780038d"
          ],
          "provenance__density": "dummy estimator based on mw",
          "provenance__is_consumed_by": null,
          "provenance__is_produced_by": null,
          "provenance__mass": null,
          "provenance__molecular_weight": "periodic table",
          "provenance__smiles": null,
          "provenance__state_of_matter": "dummy estimator based on mw"
        }
      ],
      "products": [
        {
          "identifier": "a397cc80-0f11-4ce8-b7de-1cbc0ac2e788",
          "smiles": "CC(C)n1nccc1-c1ncccc1CCl",
          "state_of_matter": "SOLID",
          "molecular_weight": 236.72059999999982,
          "density": 1.4,
          "mass": 236.72059999999982,
          "is_produced_by": [
            "0f228a26-0d71-46a7-a132-2d1a3780038d"
          ],
          "is_consumed_by": [],
          "provenance__density": "dummy estimator based on mw",
          "provenance__is_consumed_by": null,
          "provenance__is_produced_by": null,
          "provenance__mass": null,
          "provenance__molecular_weight": "periodic table",
          "provenance__smiles": null,
          "provenance__state_of_matter": "dummy estimator based on mw"
        }
      ],
      "stoichiometry": {
        "3fce856c-4e8a-4000-95c8-597a319e4dd7": 1.0,
        "a397cc80-0f11-4ce8-b7de-1cbc0ac2e788": -1.0
      },
      "temperature": 283.1918331205845,
      "intended_ratios": {
        "3fce856c-4e8a-4000-95c8-597a319e4dd7": 1.0,
        "fa8222d7-ad80-4316-9188-2cb1f5f8704f": 1.0,
        "b1427bc0-6ed7-4571-af56-8f218b608ae0": 1.0,
        "4690d861-aaf6-48c7-b33d-9b5b569320e0": 1.0
      },
      "expected_yields": {
        "a397cc80-0f11-4ce8-b7de-1cbc0ac2e788": 1.0
      },
      "reaction_extent": 1.0
    },
    {
      "identifier": "2b8e62c7-5e2b-4564-889c-96858ae89d47",
      "reactants": [
        {
          "identifier": "22189aa6-86c0-4515-b8e5-9c5cbcbd396e",
          "smiles": "CC(C)n1nccc1B1OC(C)(C)C(C)(C)O1",
          "state_of_matter": "SOLID",
          "molecular_weight": 237.12627999999975,
          "density": 1.4,
          "mass": 237.12627999999975,
          "is_produced_by": [],
          "is_consumed_by": [
            "2b8e62c7-5e2b-4564-889c-96858ae89d47"
          ],
          "provenance__density": "dummy estimator based on mw",
          "provenance__is_consumed_by": null,
          "provenance__is_produced_by": null,
          "provenance__mass": null,
          "provenance__molecular_weight": "periodic table",
          "provenance__smiles": null,
          "provenance__state_of_matter": "dummy estimator based on mw"
        },
        {
          "identifier": "cb2400eb-8ed9-4052-aec5-2174cee1264e",
          "smiles": "OCc1cccnc1Cl",
          "state_of_matter": "LIQUID",
          "molecular_weight": 143.57093999999995,
          "density": 1.0,
          "mass": 143.57093999999995,
          "is_produced_by": [],
          "is_consumed_by": [
            "2b8e62c7-5e2b-4564-889c-96858ae89d47"
          ],
          "provenance__density": "dummy estimator based on mw",
          "provenance__is_consumed_by": null,
          "provenance__is_produced_by": null,
          "provenance__mass": null,
          "provenance__molecular_weight": "periodic table",
          "provenance__smiles": null,
          "provenance__state_of_matter": "dummy estimator based on mw"
        }
      ],
      "reagents": [
        {
          "identifier": "87d6577c-bdf7-40b1-8a1b-eabdc768da1b",
          "smiles": "O",
          "state_of_matter": "LIQUID",
          "molecular_weight": 18.01528,
          "density": 1.0,
          "mass": 18.01528,
          "is_produced_by": [],
          "is_consumed_by": [
            "2b8e62c7-5e2b-4564-889c-96858ae89d47"
          ],
          "provenance__density": "dummy estimator based on mw",
          "provenance__is_consumed_by": null,
          "provenance__is_produced_by": null,
          "provenance__mass": null,
          "provenance__molecular_weight": "periodic table",
          "provenance__smiles": null,
          "provenance__state_of_matter": "dummy estimator based on mw"
        },
        {
          "identifier": "1c32d3d9-59b1-4721-8095-ae9d6c9d1560",
          "smiles": "C1COCCO1",
          "state_of_matter": "LIQUID",
          "molecular_weight": 88.10512000000004,
          "density": 1.0,
          "mass": 88.10512000000004,
          "is_produced_by": [],
          "is_consumed_by": [
            "2b8e62c7-5e2b-4564-889c-96858ae89d47"
          ],
          "provenance__density": "dummy estimator based on mw",
          "provenance__is_consumed_by": null,
          "provenance__is_produced_by": null,
          "provenance__mass": null,
          "provenance__molecular_weight": "periodic table",
          "provenance__smiles": null,
          "provenance__state_of_matter": "dummy estimator based on mw"
        },
        {
          "identifier": "2563a1d8-4361-4a33-b304-52dddfa1e08c",
          "smiles": "O=C(O)O[Na]",
          "state_of_matter": "SOLID",
          "molecular_weight": 84.00661000000001,
          "density": 1.4,
          "mass": 84.00661000000001,
          "is_produced_by": [],
          "is_consumed_by": [
            "2b8e62c7-5e2b-4564-889c-96858ae89d47"
          ],
          "provenance__density": "dummy estimator based on mw",
          "provenance__is_consumed_by": null,
          "provenance__is_produced_by": null,
          "provenance__mass": null,
          "provenance__molecular_weight": "periodic table",
          "provenance__smiles": null,
          "provenance__state_of_matter": "dummy estimator based on mw"
        }
      ],
      "products": [
        {
          "identifier": "a1069ce1-d689-4e07-b040-466ae324c827",
          "smiles": "CC(C)n1nccc1-c1ncccc1CO",
          "state_of_matter": "SOLID",
          "molecular_weight": 218.27493999999982,
          "density": 1.4,
          "mass": 218.27493999999982,
          "is_produced_by": [
            "2b8e62c7-5e2b-4564-889c-96858ae89d47"
          ],
          "is_consumed_by": [],
          "provenance__density": "dummy estimator based on mw",
          "provenance__is_consumed_by": null,
          "provenance__is_produced_by": null,
          "provenance__mass": null,
          "provenance__molecular_weight": "periodic table",
          "provenance__smiles": null,
          "provenance__state_of_matter": "dummy estimator based on mw"
        }
      ],
      "stoichiometry": {
        "22189aa6-86c0-4515-b8e5-9c5cbcbd396e": 1.0,
        "cb2400eb-8ed9-4052-aec5-2174cee1264e": 1.0,
        "a1069ce1-d689-4e07-b040-466ae324c827": -1.0
      },
      "temperature": 350.5005188763141,
      "intended_ratios": {
        "22189aa6-86c0-4515-b8e5-9c5cbcbd396e": 1.0,
        "cb2400eb-8ed9-4052-aec5-2174cee1264e": 1.0,
        "87d6577c-bdf7-40b1-8a1b-eabdc768da1b": 1.0,
        "1c32d3d9-59b1-4721-8095-ae9d6c9d1560": 1.0,
        "2563a1d8-4361-4a33-b304-52dddfa1e08c": 1.0
      },
      "expected_yields": {
        "a1069ce1-d689-4e07-b040-466ae324c827": 1.0
      },
      "reaction_extent": 1.0
    },
    {
      "identifier": "f15ad401-5248-44c0-867d-861f646ff5f0",
      "reactants": [
        {
          "identifier": "8d62116a-b188-4d94-b1f3-e71f60b87412",
          "smiles": "Cc1cnc(Cl)nc1Nc1cccc(S(=O)(=O)NC(C)(C)C)c1",
          "state_of_matter": "SOLID",
          "molecular_weight": 354.8549600000003,
          "density": 1.4,
          "mass": 354.8549600000003,
          "is_produced_by": [],
          "is_consumed_by": [
            "f15ad401-5248-44c0-867d-861f646ff5f0"
          ],
          "provenance__density": "dummy estimator based on mw",
          "provenance__is_consumed_by": null,
          "provenance__is_produced_by": null,
          "provenance__mass": null,
          "provenance__molecular_weight": "periodic table",
          "provenance__smiles": null,
          "provenance__state_of_matter": "dummy estimator based on mw"
        },
        {
          "identifier": "89ffbfd9-a40b-4552-9d00-f380520b1cb7",
          "smiles": "Nc1ccc(OCc2ccccc2)cc1",
          "state_of_matter": "LIQUID",
          "molecular_weight": 199.2484199999998,
          "density": 1.0,
          "mass": 199.2484199999998,
          "is_produced_by": [],
          "is_consumed_by": [
            "f15ad401-5248-44c0-867d-861f646ff5f0"
          ],
          "provenance__density": "dummy estimator based on mw",
          "provenance__is_consumed_by": null,
          "provenance__is_produced_by": null,
          "provenance__mass": null,
          "provenance__molecular_weight": "periodic table",
          "provenance__smiles": null,
          "provenance__state_of_matter": "dummy estimator based on mw"
        }
      ],
      "reagents": [
        {
          "identifier": "d109f22c-12e5-4df8-aade-cc09cb9a2de0",
          "smiles": "Cl",
          "state_of_matter": "LIQUID",
          "molecular_weight": 36.46094,
          "density": 1.0,
          "mass": 36.46094,
          "is_produced_by": [],
          "is_consumed_by": [
            "f15ad401-5248-44c0-867d-861f646ff5f0"
          ],
          "provenance__density": "dummy estimator based on mw",
          "provenance__is_consumed_by": null,
          "provenance__is_produced_by": null,
          "provenance__mass": null,
          "provenance__molecular_weight": "periodic table",
          "provenance__smiles": null,
          "provenance__state_of_matter": "dummy estimator based on mw"
        },
        {
          "identifier": "efc5b930-68ed-4793-829a-f2072739a9a8",
          "smiles": "C1COCCO1",
          "state_of_matter": "LIQUID",
          "molecular_weight": 88.10512000000004,
          "density": 1.0,
          "mass": 88.10512000000004,
          "is_produced_by": [],
          "is_consumed_by": [
            "f15ad401-5248-44c0-867d-861f646ff5f0"
          ],
          "provenance__density": "dummy estimator based on mw",
          "provenance__is_consumed_by": null,
          "provenance__is_produced_by": null,
          "provenance__mass": null,
          "provenance__molecular_weight": "periodic table",
          "provenance__smiles": null,
          "provenance__state_of_matter": "dummy estimator based on mw"
        }
      ],
      "products": [
        {
          "identifier": "52340210-7347-429f-9a95-190d6caa97ed",
          "smiles": "Cc1cnc(Nc2ccc(OCc3ccccc3)cc2)nc1Nc1cccc(S(=O)(=O)NC(C)(C)C)c1",
          "state_of_matter": "SOLID",
          "molecular_weight": 517.6424400000001,
          "density": 1.4,
          "mass": 517.6424400000001,
          "is_produced_by": [
            "f15ad401-5248-44c0-867d-861f646ff5f0"
          ],
          "is_consumed_by": [],
          "provenance__density": "dummy estimator based on mw",
          "provenance__is_consumed_by": null,
          "provenance__is_produced_by": null,
          "provenance__mass": null,
          "provenance__molecular_weight": "periodic table",
          "provenance__smiles": null,
          "provenance__state_of_matter": "dummy estimator based on mw"
        }
      ],
      "stoichiometry": {
        "8d62116a-b188-4d94-b1f3-e71f60b87412": 1.0,
        "89ffbfd9-a40b-4552-9d00-f380520b1cb7": 1.0,
        "52340210-7347-429f-9a95-190d6caa97ed": -1.0
      },
      "temperature": 369.8748215675354,
      "intended_ratios": {
        "8d62116a-b188-4d94-b1f3-e71f60b87412": 1.0,
        "89ffbfd9-a40b-4552-9d00-f380520b1cb7": 1.0,
        "d109f22c-12e5-4df8-aade-cc09cb9a2de0": 1.0,
        "efc5b930-68ed-4793-829a-f2072739a9a8": 1.0
      },
      "expected_yields": {
        "52340210-7347-429f-9a95-190d6caa97ed": 1.0
      },
      "reaction_extent": 1.0
    },
    {
      "identifier": "80c744c1-7e98-4c14-910a-f8069cbafc0f",
      "reactants": [
        {
          "identifier": "328d3082-f795-47db-9bc6-0f9c41cd8b91",
          "smiles": "Cc1cnc(Nc2ccc(O)cc2)nc1Nc1cccc(S(=O)(=O)NC(C)(C)C)c1",
          "state_of_matter": "SOLID",
          "molecular_weight": 427.51990000000035,
          "density": 1.4,
          "mass": 427.51990000000035,
          "is_produced_by": [],
          "is_consumed_by": [
            "80c744c1-7e98-4c14-910a-f8069cbafc0f"
          ],
          "provenance__density": "dummy estimator based on mw",
          "provenance__is_consumed_by": null,
          "provenance__is_produced_by": null,
          "provenance__mass": null,
          "provenance__molecular_weight": "periodic table",
          "provenance__smiles": null,
          "provenance__state_of_matter": "dummy estimator based on mw"
        },
        {
          "identifier": "47138c02-1cc0-4b07-968c-c7ce2dcd86c4",
          "smiles": "ClCCN1CCCC1",
          "state_of_matter": "LIQUID",
          "molecular_weight": 133.61917999999997,
          "density": 1.0,
          "mass": 133.61917999999997,
          "is_produced_by": [],
          "is_consumed_by": [
            "80c744c1-7e98-4c14-910a-f8069cbafc0f"
          ],
          "provenance__density": "dummy estimator based on mw",
          "provenance__is_consumed_by": null,
          "provenance__is_produced_by": null,
          "provenance__mass": null,
          "provenance__molecular_weight": "periodic table",
          "provenance__smiles": null,
          "provenance__state_of_matter": "dummy estimator based on mw"
        }
      ],
      "reagents": [
        {
          "identifier": "6f2f6fe5-d21b-46e8-9f32-0b037177e70d",
          "smiles": "O=C(O[K])O[K]",
          "state_of_matter": "SOLID",
          "molecular_weight": 138.2055,
          "density": 1.4,
          "mass": 138.2055,
          "is_produced_by": [],
          "is_consumed_by": [
            "80c744c1-7e98-4c14-910a-f8069cbafc0f"
          ],
          "provenance__density": "dummy estimator based on mw",
          "provenance__is_consumed_by": null,
          "provenance__is_produced_by": null,
          "provenance__mass": null,
          "provenance__molecular_weight": "periodic table",
          "provenance__smiles": null,
          "provenance__state_of_matter": "dummy estimator based on mw"
        },
        {
          "identifier": "d6a58808-3967-490f-aca9-9378885cec40",
          "smiles": "CC(C)=O",
          "state_of_matter": "LIQUID",
          "molecular_weight": 58.07913999999999,
          "density": 1.0,
          "mass": 58.07913999999999,
          "is_produced_by": [],
          "is_consumed_by": [
            "80c744c1-7e98-4c14-910a-f8069cbafc0f"
          ],
          "provenance__density": "dummy estimator based on mw",
          "provenance__is_consumed_by": null,
          "provenance__is_produced_by": null,
          "provenance__mass": null,
          "provenance__molecular_weight": "periodic table",
          "provenance__smiles": null,
          "provenance__state_of_matter": "dummy estimator based on mw"
        }
      ],
      "products": [
        {
          "identifier": "1e7c86e3-aaf6-498b-9071-f7034fbb23a7",
          "smiles": "Cc1cnc(Nc2ccc(OCCN3CCCC3)cc2)nc1Nc1cccc(S(=O)(=O)NC(C)(C)C)c1",
          "state_of_matter": "SOLID",
          "molecular_weight": 524.6781399999998,
          "density": 1.4,
          "mass": 524.6781399999998,
          "is_produced_by": [
            "80c744c1-7e98-4c14-910a-f8069cbafc0f"
          ],
          "is_consumed_by": [],
          "provenance__density": "dummy estimator based on mw",
          "provenance__is_consumed_by": null,
          "provenance__is_produced_by": null,
          "provenance__mass": null,
          "provenance__molecular_weight": "periodic table",
          "provenance__smiles": null,
          "provenance__state_of_matter": "dummy estimator based on mw"
        }
      ],
      "stoichiometry": {
        "328d3082-f795-47db-9bc6-0f9c41cd8b91": 1.0,
        "47138c02-1cc0-4b07-968c-c7ce2dcd86c4": 1.0,
        "1e7c86e3-aaf6-498b-9071-f7034fbb23a7": -1.0
      },
      "temperature": 346.08960286974906,
      "intended_ratios": {
        "328d3082-f795-47db-9bc6-0f9c41cd8b91": 1.0,
        "47138c02-1cc0-4b07-968c-c7ce2dcd86c4": 1.0,
        "6f2f6fe5-d21b-46e8-9f32-0b037177e70d": 1.0,
        "d6a58808-3967-490f-aca9-9378885cec40": 1.0
      },
      "expected_yields": {
        "1e7c86e3-aaf6-498b-9071-f7034fbb23a7": 1.0
      },
      "reaction_extent": 1.0
    },
    {
      "identifier": "21c5f9d3-a92e-4a8a-a1dd-99e07ed194c3",
      "reactants": [
        {
          "identifier": "111de68a-6a43-4545-bb9c-2353021eea1b",
          "smiles": "Cc1cnc(Nc2ccc(OCc3ccccc3)cc2)nc1Nc1cccc(S(=O)(=O)NC(C)(C)C)c1",
          "state_of_matter": "SOLID",
          "molecular_weight": 517.6424400000001,
          "density": 1.4,
          "mass": 517.6424400000001,
          "is_produced_by": [],
          "is_consumed_by": [
            "21c5f9d3-a92e-4a8a-a1dd-99e07ed194c3"
          ],
          "provenance__density": "dummy estimator based on mw",
          "provenance__is_consumed_by": null,
          "provenance__is_produced_by": null,
          "provenance__mass": null,
          "provenance__molecular_weight": "periodic table",
          "provenance__smiles": null,
          "provenance__state_of_matter": "dummy estimator based on mw"
        }
      ],
      "reagents": [
        {
          "identifier": "fe90d98b-acbd-4f54-84fa-76ae5d5f0f3c",
          "smiles": "CO",
          "state_of_matter": "LIQUID",
          "molecular_weight": 32.04186000000001,
          "density": 1.0,
          "mass": 32.04186000000001,
          "is_produced_by": [],
          "is_consumed_by": [
            "21c5f9d3-a92e-4a8a-a1dd-99e07ed194c3"
          ],
          "provenance__density": "dummy estimator based on mw",
          "provenance__is_consumed_by": null,
          "provenance__is_produced_by": null,
          "provenance__mass": null,
          "provenance__molecular_weight": "periodic table",
          "provenance__smiles": null,
          "provenance__state_of_matter": "dummy estimator based on mw"
        },
        {
          "identifier": "c66b906d-43ad-41f5-85bd-8d55b50a4f84",
          "smiles": "[Pd]",
          "state_of_matter": "SOLID",
          "molecular_weight": 106.42,
          "density": 1.4,
          "mass": 106.42,
          "is_produced_by": [],
          "is_consumed_by": [
            "21c5f9d3-a92e-4a8a-a1dd-99e07ed194c3"
          ],
          "provenance__density": "dummy estimator based on mw",
          "provenance__is_consumed_by": null,
          "provenance__is_produced_by": null,
          "provenance__mass": null,
          "provenance__molecular_weight": "periodic table",
          "provenance__smiles": null,
          "provenance__state_of_matter": "dummy estimator based on mw"
        }
      ],
      "products": [
        {
          "identifier": "cbf1a001-e1ca-40c4-a4d6-3058d8747797",
          "smiles": "Cc1cnc(Nc2ccc(O)cc2)nc1Nc1cccc(S(=O)(=O)NC(C)(C)C)c1",
          "state_of_matter": "SOLID",
          "molecular_weight": 427.51990000000035,
          "density": 1.4,
          "mass": 427.51990000000035,
          "is_produced_by": [
            "21c5f9d3-a92e-4a8a-a1dd-99e07ed194c3"
          ],
          "is_consumed_by": [],
          "provenance__density": "dummy estimator based on mw",
          "provenance__is_consumed_by": null,
          "provenance__is_produced_by": null,
          "provenance__mass": null,
          "provenance__molecular_weight": "periodic table",
          "provenance__smiles": null,
          "provenance__state_of_matter": "dummy estimator based on mw"
        }
      ],
      "stoichiometry": {
        "111de68a-6a43-4545-bb9c-2353021eea1b": 1.0,
        "cbf1a001-e1ca-40c4-a4d6-3058d8747797": -1.0
      },
      "temperature": 290.56993040442467,
      "intended_ratios": {
        "111de68a-6a43-4545-bb9c-2353021eea1b": 1.0,
        "fe90d98b-acbd-4f54-84fa-76ae5d5f0f3c": 1.0,
        "c66b906d-43ad-41f5-85bd-8d55b50a4f84": 1.0
      },
      "expected_yields": {
        "cbf1a001-e1ca-40c4-a4d6-3058d8747797": 1.0
      },
      "reaction_extent": 1.0
    }
  ],
  "molecular_nodes": [
    "C1COCCO1",
    "CC(C)(C)NS(=O)(=O)c1cccc(N)c1",
    "CC(C)=O",
    "CC(C)n1nccc1-c1ncccc1CCl",
    "CC(C)n1nccc1-c1ncccc1CO",
    "CC(C)n1nccc1-c1ncccc1COc1cccc(O)c1C=O",
    "CC(C)n1nccc1B1OC(C)(C)C(C)(C)O1",
    "CCN(CC)CC",
    "CN(C)C=O",
    "CO",
    "CS(=O)(=O)Cl",
    "Cc1cnc(Cl)nc1Cl",
    "Cc1cnc(Cl)nc1Nc1cccc(S(=O)(=O)NC(C)(C)C)c1",
    "Cc1cnc(Nc2ccc(O)cc2)nc1Nc1cccc(S(=O)(=O)NC(C)(C)C)c1",
    "Cc1cnc(Nc2ccc(OCCN3CCCC3)cc2)nc1Nc1cccc(S(=O)(=O)NC(C)(C)C)c1",
    "Cc1cnc(Nc2ccc(OCc3ccccc3)cc2)nc1Nc1cccc(S(=O)(=O)NC(C)(C)C)c1",
    "Cl",
    "ClCCN1CCCC1",
    "ClCCl",
    "Nc1ccc(OCc2ccccc2)cc1",
    "O",
    "O=C(O)O[Na]",
    "O=C(O[K])O[K]",
    "O=Cc1c(O)cccc1O",
    "OCc1cccnc1Cl",
    "[Pd]"
  ],
  "edges": [
    [
      "0f228a26-0d71-46a7-a132-2d1a3780038d",
      "CC(C)n1nccc1-c1ncccc1CCl"
    ],
    [
      "21c5f9d3-a92e-4a8a-a1dd-99e07ed194c3",
      "Cc1cnc(Nc2ccc(O)cc2)nc1Nc1cccc(S(=O)(=O)NC(C)(C)C)c1"
    ],
    [
      "2b8e62c7-5e2b-4564-889c-96858ae89d47",
      "CC(C)n1nccc1-c1ncccc1CO"
    ],
    [
      "80c744c1-7e98-4c14-910a-f8069cbafc0f",
      "Cc1cnc(Nc2ccc(OCCN3CCCC3)cc2)nc1Nc1cccc(S(=O)(=O)NC(C)(C)C)c1"
    ],
    [
      "8318adb3-3595-408d-a0c0-26bcb091fe92",
      "CC(C)n1nccc1-c1ncccc1COc1cccc(O)c1C=O"
    ],
    [
      "C1COCCO1",
      "2b8e62c7-5e2b-4564-889c-96858ae89d47"
    ],
    [
      "C1COCCO1",
      "f15ad401-5248-44c0-867d-861f646ff5f0"
    ],
    [
      "CC(C)(C)NS(=O)(=O)c1cccc(N)c1",
      "f2011bf2-5ec6-47b4-b0d5-a2b754ef367e"
    ],
    [
      "CC(C)=O",
      "80c744c1-7e98-4c14-910a-f8069cbafc0f"
    ],
    [
      "CC(C)n1nccc1-c1ncccc1CCl",
      "8318adb3-3595-408d-a0c0-26bcb091fe92"
    ],
    [
      "CC(C)n1nccc1-c1ncccc1CO",
      "0f228a26-0d71-46a7-a132-2d1a3780038d"
    ],
    [
      "CC(C)n1nccc1B1OC(C)(C)C(C)(C)O1",
      "2b8e62c7-5e2b-4564-889c-96858ae89d47"
    ],
    [
      "CCN(CC)CC",
      "0f228a26-0d71-46a7-a132-2d1a3780038d"
    ],
    [
      "CN(C)C=O",
      "8318adb3-3595-408d-a0c0-26bcb091fe92"
    ],
    [
      "CO",
      "21c5f9d3-a92e-4a8a-a1dd-99e07ed194c3"
    ],
    [
      "CO",
      "f2011bf2-5ec6-47b4-b0d5-a2b754ef367e"
    ],
    [
      "CS(=O)(=O)Cl",
      "0f228a26-0d71-46a7-a132-2d1a3780038d"
    ],
    [
      "Cc1cnc(Cl)nc1Cl",
      "f2011bf2-5ec6-47b4-b0d5-a2b754ef367e"
    ],
    [
      "Cc1cnc(Cl)nc1Nc1cccc(S(=O)(=O)NC(C)(C)C)c1",
      "f15ad401-5248-44c0-867d-861f646ff5f0"
    ],
    [
      "Cc1cnc(Nc2ccc(O)cc2)nc1Nc1cccc(S(=O)(=O)NC(C)(C)C)c1",
      "80c744c1-7e98-4c14-910a-f8069cbafc0f"
    ],
    [
      "Cc1cnc(Nc2ccc(OCc3ccccc3)cc2)nc1Nc1cccc(S(=O)(=O)NC(C)(C)C)c1",
      "21c5f9d3-a92e-4a8a-a1dd-99e07ed194c3"
    ],
    [
      "Cl",
      "8318adb3-3595-408d-a0c0-26bcb091fe92"
    ],
    [
      "Cl",
      "f15ad401-5248-44c0-867d-861f646ff5f0"
    ],
    [
      "ClCCN1CCCC1",
      "80c744c1-7e98-4c14-910a-f8069cbafc0f"
    ],
    [
      "ClCCl",
      "0f228a26-0d71-46a7-a132-2d1a3780038d"
    ],
    [
      "Nc1ccc(OCc2ccccc2)cc1",
      "f15ad401-5248-44c0-867d-861f646ff5f0"
    ],
    [
      "O",
      "2b8e62c7-5e2b-4564-889c-96858ae89d47"
    ],
    [
      "O=C(O)O[Na]",
      "2b8e62c7-5e2b-4564-889c-96858ae89d47"
    ],
    [
      "O=C(O[K])O[K]",
      "80c744c1-7e98-4c14-910a-f8069cbafc0f"
    ],
    [
      "O=C(O[K])O[K]",
      "8318adb3-3595-408d-a0c0-26bcb091fe92"
    ],
    [
      "O=Cc1c(O)cccc1O",
      "8318adb3-3595-408d-a0c0-26bcb091fe92"
    ],
    [
      "OCc1cccnc1Cl",
      "2b8e62c7-5e2b-4564-889c-96858ae89d47"
    ],
    [
      "[Pd]",
      "21c5f9d3-a92e-4a8a-a1dd-99e07ed194c3"
    ],
    [
      "f15ad401-5248-44c0-867d-861f646ff5f0",
      "Cc1cnc(Nc2ccc(OCc3ccccc3)cc2)nc1Nc1cccc(S(=O)(=O)NC(C)(C)C)c1"
    ],
    [
      "f2011bf2-5ec6-47b4-b0d5-a2b754ef367e",
      "Cc1cnc(Cl)nc1Nc1cccc(S(=O)(=O)NC(C)(C)C)c1"
    ]
  ]
}