{
  "identifier": "55b0147b-22eb-476d-a46d-13901114db66",
  "operation_graphs": [
    {
      "identifier": "ee69d934-926b-416e-bb52-8132da950125",
      "reaction": {
        "identifier": "7898b5b3-6245-40a1-a4b2-76ec26efe5e5",
        "reactants": [
          {
            "identifier": "4b247f32-ee1b-4aa7-911e-8be75a9a82d1",
            "smiles": "FC(F)(F)Oc1ccc(CBr)cc1",
            "state_of_matter": "SOLID",
            "molecular_weight": 255.03184959999987,
            "density": 1.4,
            "mass": 2.5503184959999987,
            "is_produced_by": [],
            "is_consumed_by": [
              "7898b5b3-6245-40a1-a4b2-76ec26efe5e5"
            ],
            "provenance__density": "dummy estimator based on mw",
            "provenance__is_consumed_by": null,
            "provenance__is_produced_by": null,
            "provenance__mass": null,
            "provenance__molecular_weight": "periodic table",
            "provenance__smiles": null,
            "provenance__state_of_matter": "dummy estimator based on mw"
          },
          {
            "identifier": "a13898c2-6a75-43f6-bc57-42425a6c4401",
            "smiles": "O=[N+]([O-])c1cn(CC(O)COCc2ccccc2)c(Br)n1",
            "state_of_matter": "SOLID",
            "molecular_weight": 357.1799000000002,
            "density": 1.4,
            "mass": 3.571799000000002,
            "is_produced_by": [],
            "is_consumed_by": [
              "7898b5b3-6245-40a1-a4b2-76ec26efe5e5"
            ],
            "provenance__density": "dummy estimator based on mw",
            "provenance__is_consumed_by": null,
            "provenance__is_produced_by": null,
            "provenance__mass": null,
            "provenance__molecular_weight": "periodic table",
            "provenance__smiles": null,
            "provenance__state_of_matter": "dummy estimator based on mw"
          }
        ],
        "reagents": [
          {
            "identifier": "00395ad0-1457-4b01-9216-3de54ebe7ba5",
            "smiles": "CN(C)C=O",
            "state_of_matter": "LIQUID",
            "molecular_weight": 73.09378000000004,
            "density": 1.0,
            "mass": 0.7309378000000004,
            "is_produced_by": [],
            "is_consumed_by": [
              "7898b5b3-6245-40a1-a4b2-76ec26efe5e5"
            ],
            "provenance__density": "dummy estimator based on mw",
            "provenance__is_consumed_by": null,
            "provenance__is_produced_by": null,
            "provenance__mass": null,
            "provenance__molecular_weight": "periodic table",
            "provenance__smiles": null,
            "provenance__state_of_matter": "dummy estimator based on mw"
          },
          {
            "identifier": "9d918510-bda0-468c-9ca1-53c3f6e857df",
            "smiles": "[NaH]",
            "state_of_matter": "SOLID",
            "molecular_weight": 23.99771,
            "density": 1.4,
            "mass": 0.23997710000000003,
            "is_produced_by": [],
            "is_consumed_by": [
              "7898b5b3-6245-40a1-a4b2-76ec26efe5e5"
            ],
            "provenance__density": "dummy estimator based on mw",
            "provenance__is_consumed_by": null,
            "provenance__is_produced_by": null,
            "provenance__mass": null,
            "provenance__molecular_weight": "periodic table",
            "provenance__smiles": null,
            "provenance__state_of_matter": "dummy estimator based on mw"
          }
        ],
        "products": [
          {
            "identifier": "43729a9c-4604-47e6-92c4-41de17813e50",
            "smiles": "O=[N+]([O-])c1cn(CC(COCc2ccccc2)OCc2ccc(OC(F)(F)F)cc2)c(Br)n1",
            "state_of_matter": "SOLID",
            "molecular_weight": 531.2998095999991,
            "density": 1.4,
            "mass": 5.312998095999991,
            "is_produced_by": [
              "7898b5b3-6245-40a1-a4b2-76ec26efe5e5"
            ],
            "is_consumed_by": [],
            "provenance__density": "dummy estimator based on mw",
            "provenance__is_consumed_by": null,
            "provenance__is_produced_by": null,
            "provenance__mass": null,
            "provenance__molecular_weight": "periodic table",
            "provenance__smiles": null,
            "provenance__state_of_matter": "dummy estimator based on mw"
          }
        ],
        "stoichiometry": {
          "4b247f32-ee1b-4aa7-911e-8be75a9a82d1": 1.0,
          "a13898c2-6a75-43f6-bc57-42425a6c4401": 1.0,
          "43729a9c-4604-47e6-92c4-41de17813e50": -1.0
        },
        "temperature": 279.3248981773853,
        "intended_ratios": {
          "4b247f32-ee1b-4aa7-911e-8be75a9a82d1": 1.0,
          "a13898c2-6a75-43f6-bc57-42425a6c4401": 1.0,
          "00395ad0-1457-4b01-9216-3de54ebe7ba5": 1.0,
          "9d918510-bda0-468c-9ca1-53c3f6e857df": 1.0
        },
        "expected_yields": {
          "43729a9c-4604-47e6-92c4-41de17813e50": 1.0
        },
        "reaction_extent": 0.01
      },
      "functional_modules": [],
      "make_solutions": {
        "9d918510-bda0-468c-9ca1-53c3f6e857df": {
          "identifier": "6470273b-46ab-4427-97b5-0111c11f8c4e",
          "type": "MakeSolution",
          "process_times": {},
          "from_reaction": "7898b5b3-6245-40a1-a4b2-76ec26efe5e5",
          "annotations": {
            "solid_chemical": {
              "identifier": "9d918510-bda0-468c-9ca1-53c3f6e857df",
              "smiles": "[NaH]",
              "state_of_matter": "SOLID",
              "molecular_weight": 23.99771,
              "density": 1.4,
              "mass": 0.23997710000000003,
              "is_produced_by": [],
              "is_consumed_by": [
                "7898b5b3-6245-40a1-a4b2-76ec26efe5e5"
              ],
              "provenance__density": "dummy estimator based on mw",
              "provenance__is_consumed_by": null,
              "provenance__is_produced_by": null,
              "provenance__mass": null,
              "provenance__molecular_weight": "periodic table",
              "provenance__smiles": null,
              "provenance__state_of_matter": "dummy estimator based on mw"
            },
            "liquid_chemical": {
              "identifier": "e4e23242-32b6-4a4d-8a49-0386a1466f2e",
              "smiles": "CN(C)C=O",
              "state_of_matter": "LIQUID",
              "molecular_weight": 73.09378000000004,
              "density": 1.0,
              "mass": 0.0275708464999347,
              "is_produced_by": [],
              "is_consumed_by": [
                "7898b5b3-6245-40a1-a4b2-76ec26efe5e5"
              ],
              "provenance__density": "dummy estimator based on mw",
              "provenance__is_consumed_by": null,
              "provenance__is_produced_by": null,
              "provenance__mass": null,
              "provenance__molecular_weight": "periodic table",
              "provenance__smiles": null,
              "provenance__state_of_matter": "dummy estimator based on mw"
            },
            "notes": "making CN(C)C=O solution for [NaH]"
          },
          "precedents": []
        },
        "4b247f32-ee1b-4aa7-911e-8be75a9a82d1": {
          "identifier": "9893555d-e4bb-41de-8216-c4353996879b",
          "type": "MakeSolution",
          "process_times": {},
          "from_reaction": "7898b5b3-6245-40a1-a4b2-76ec26efe5e5",
          "annotations": {
            "solid_chemical": {
              "identifier": "4b247f32-ee1b-4aa7-911e-8be75a9a82d1",
              "smiles": "FC(F)(F)Oc1ccc(CBr)cc1",
              "state_of_matter": "SOLID",
              "molecular_weight": 255.03184959999987,
              "density": 1.4,
              "mass": 2.5503184959999987,
              "is_produced_by": [],
              "is_consumed_by": [
                "7898b5b3-6245-40a1-a4b2-76ec26efe5e5"
              ],
              "provenance__density": "dummy estimator based on mw",
              "provenance__is_consumed_by": null,
              "provenance__is_produced_by": null,
              "provenance__mass": null,
              "provenance__molecular_weight": "periodic table",
              "provenance__smiles": null,
              "provenance__state_of_matter": "dummy estimator based on mw"
            },
            "liquid_chemical": {
              "identifier": "b15ece70-c39a-40e4-8ceb-c8b78992c1fc",
              "smiles": "CN(C)C=O",
              "state_of_matter": "LIQUID",
              "molecular_weight": 73.09378000000004,
              "density": 1.0,
              "mass": 0.2930047899535426,
              "is_produced_by": [],
              "is_consumed_by": [
                "7898b5b3-6245-40a1-a4b2-76ec26efe5e5"
              ],
              "provenance__density": "dummy estimator based on mw",
              "provenance__is_consumed_by": null,
              "provenance__is_produced_by": null,
              "provenance__mass": null,
              "provenance__molecular_weight": "periodic table",
              "provenance__smiles": null,
              "provenance__state_of_matter": "dummy estimator based on mw"
            },
            "notes": "making CN(C)C=O solution for FC(F)(F)Oc1ccc(CBr)cc1"
          },
          "precedents": []
        },
        "a13898c2-6a75-43f6-bc57-42425a6c4401": {
          "identifier": "b648f208-ef5b-4088-a9ad-2d62bb3b1ddf",
          "type": "MakeSolution",
          "process_times": {},
          "from_reaction": "7898b5b3-6245-40a1-a4b2-76ec26efe5e5",
          "annotations": {
            "solid_chemical": {
              "identifier": "a13898c2-6a75-43f6-bc57-42425a6c4401",
              "smiles": "O=[N+]([O-])c1cn(CC(O)COCc2ccccc2)c(Br)n1",
              "state_of_matter": "SOLID",
              "molecular_weight": 357.1799000000002,
              "density": 1.4,
              "mass": 3.571799000000002,
              "is_produced_by": [],
              "is_consumed_by": [
                "7898b5b3-6245-40a1-a4b2-76ec26efe5e5"
              ],
              "provenance__density": "dummy estimator based on mw",
              "provenance__is_consumed_by": null,
              "provenance__is_produced_by": null,
              "provenance__mass": null,
              "provenance__molecular_weight": "periodic table",
              "provenance__smiles": null,
              "provenance__state_of_matter": "dummy estimator based on mw"
            },
            "liquid_chemical": {
              "identifier": "8e368734-ef70-4b36-b2cc-a5c39ca62faf",
              "smiles": "CN(C)C=O",
              "state_of_matter": "LIQUID",
              "molecular_weight": 73.09378000000004,
              "density": 1.0,
              "mass": 0.41036216354652305,
              "is_produced_by": [],
              "is_consumed_by": [
                "7898b5b3-6245-40a1-a4b2-76ec26efe5e5"
              ],
              "provenance__density": "dummy estimator based on mw",
              "provenance__is_consumed_by": null,
              "provenance__is_produced_by": null,
              "provenance__mass": null,
              "provenance__molecular_weight": "periodic table",
              "provenance__smiles": null,
              "provenance__state_of_matter": "dummy estimator based on mw"
            },
            "notes": "making CN(C)C=O solution for O=[N+]([O-])c1cn(CC(O)COCc2ccccc2)c(Br)n1"
          },
          "precedents": [
            "181c1a34-b595-4ba4-a793-4f8353cafd47"
          ]
        }
      },
      "add_solutions": {
        "9d918510-bda0-468c-9ca1-53c3f6e857df": {
          "identifier": "73176268-50b0-4f74-aa83-627973d1b3f4",
          "type": "TransferLiquid",
          "process_times": {},
          "from_reaction": "7898b5b3-6245-40a1-a4b2-76ec26efe5e5",
          "annotations": {
            "chemical": {
              "identifier": "459c4cff-5208-4e0b-88f9-50e5cf614fe1",
              "smiles": "CN(C)C=O.[NaH]",
              "state_of_matter": "LIQUID",
              "molecular_weight": null,
              "density": 1.3445764953236197,
              "mass": 0.26754794649993474,
              "is_produced_by": [],
              "is_consumed_by": [
                "7898b5b3-6245-40a1-a4b2-76ec26efe5e5"
              ],
              "provenance__density": "dummy estimator based on mw",
              "provenance__is_consumed_by": null,
              "provenance__is_produced_by": null,
              "provenance__mass": null,
              "provenance__molecular_weight": "periodic table",
              "provenance__smiles": null,
              "provenance__state_of_matter": "dummy estimator based on mw"
            },
            "notes": "add solution [NaH] in CN(C)C=O"
          },
          "precedents": [
            "6470273b-46ab-4427-97b5-0111c11f8c4e"
          ]
        },
        "4b247f32-ee1b-4aa7-911e-8be75a9a82d1": {
          "identifier": "f2140933-e730-4d60-b2e8-142d775eb6c1",
          "type": "TransferLiquid",
          "process_times": {},
          "from_reaction": "7898b5b3-6245-40a1-a4b2-76ec26efe5e5",
          "annotations": {
            "chemical": {
              "identifier": "efcc21d6-e8da-4605-a852-57092c266338",
              "smiles": "CN(C)C=O.FC(F)(F)Oc1ccc(CBr)cc1",
              "state_of_matter": "LIQUID",
              "molecular_weight": null,
              "density": 1.3445764953236197,
              "mass": 2.8433232859535416,
              "is_produced_by": [],
              "is_consumed_by": [
                "7898b5b3-6245-40a1-a4b2-76ec26efe5e5"
              ],
              "provenance__density": "dummy estimator based on mw",
              "provenance__is_consumed_by": null,
              "provenance__is_produced_by": null,
              "provenance__mass": null,
              "provenance__molecular_weight": "periodic table",
              "provenance__smiles": null,
              "provenance__state_of_matter": "dummy estimator based on mw"
            },
            "notes": "add solution FC(F)(F)Oc1ccc(CBr)cc1 in CN(C)C=O"
          },
          "precedents": [
            "9893555d-e4bb-41de-8216-c4353996879b"
          ]
        },
        "a13898c2-6a75-43f6-bc57-42425a6c4401": {
          "identifier": "61a5c13e-759e-4fde-b056-ed1bd8ed750d",
          "type": "TransferLiquid",
          "process_times": {},
          "from_reaction": "7898b5b3-6245-40a1-a4b2-76ec26efe5e5",
          "annotations": {
            "chemical": {
              "identifier": "d3512b9f-1aae-4003-bb6e-a84f4e05a6f2",
              "smiles": "CN(C)C=O.O=[N+]([O-])c1cn(CC(O)COCc2ccccc2)c(Br)n1",
              "state_of_matter": "LIQUID",
              "molecular_weight": null,
              "density": 1.3445764953236197,
              "mass": 3.9821611635465253,
              "is_produced_by": [],
              "is_consumed_by": [
                "7898b5b3-6245-40a1-a4b2-76ec26efe5e5"
              ],
              "provenance__density": "dummy estimator based on mw",
              "provenance__is_consumed_by": null,
              "provenance__is_produced_by": null,
              "provenance__mass": null,
              "provenance__molecular_weight": "periodic table",
              "provenance__smiles": null,
              "provenance__state_of_matter": "dummy estimator based on mw"
            },
            "notes": "add solution O=[N+]([O-])c1cn(CC(O)COCc2ccccc2)c(Br)n1 in CN(C)C=O"
          },
          "precedents": [
            "b648f208-ef5b-4088-a9ad-2d62bb3b1ddf"
          ]
        }
      },
      "add_liquids": {},
      "heat": {
        "identifier": "fcd080e5-1908-412d-8f07-d86e2591f4d4",
        "type": "Heating",
        "process_times": {},
        "from_reaction": "7898b5b3-6245-40a1-a4b2-76ec26efe5e5",
        "annotations": {
          "temperature": 279.3248981773853,
          "notes": "heating the reaction vessel to afford product: O=[N+]([O-])c1cn(CC(COCc2ccccc2)OCc2ccc(OC(F)(F)F)cc2)c(Br)n1"
        },
        "precedents": [
          "73176268-50b0-4f74-aa83-627973d1b3f4",
          "f2140933-e730-4d60-b2e8-142d775eb6c1",
          "61a5c13e-759e-4fde-b056-ed1bd8ed750d",
          "6470273b-46ab-4427-97b5-0111c11f8c4e",
          "9893555d-e4bb-41de-8216-c4353996879b",
          "b648f208-ef5b-4088-a9ad-2d62bb3b1ddf"
        ]
      },
      "concentrate_and_purify": {
        "identifier": "edee548c-3726-406e-bb30-f26916b4d3ec",
        "type": "ConcentrationAndPurification",
        "process_times": {},
        "from_reaction": "7898b5b3-6245-40a1-a4b2-76ec26efe5e5",
        "annotations": {
          "chemical": {
            "identifier": "43729a9c-4604-47e6-92c4-41de17813e50",
            "smiles": "O=[N+]([O-])c1cn(CC(COCc2ccccc2)OCc2ccc(OC(F)(F)F)cc2)c(Br)n1",
            "state_of_matter": "SOLID",
            "molecular_weight": 531.2998095999991,
            "density": 1.4,
            "mass": 5.312998095999991,
            "is_produced_by": [
              "7898b5b3-6245-40a1-a4b2-76ec26efe5e5"
            ],
            "is_consumed_by": [],
            "provenance__density": "dummy estimator based on mw",
            "provenance__is_consumed_by": null,
            "provenance__is_produced_by": null,
            "provenance__mass": null,
            "provenance__molecular_weight": "periodic table",
            "provenance__smiles": null,
            "provenance__state_of_matter": "dummy estimator based on mw"
          },
          "notes": "purify and concentrate the product: O=[N+]([O-])c1cn(CC(COCc2ccccc2)OCc2ccc(OC(F)(F)F)cc2)c(Br)n1"
        },
        "precedents": [
          "fcd080e5-1908-412d-8f07-d86e2591f4d4"
        ]
      },
      "lmin": {
        "fcd080e5-1908-412d-8f07-d86e2591f4d4": {
          "edee548c-3726-406e-bb30-f26916b4d3ec": 23.481107042677905
        }
      },
      "lmax": {
        "6470273b-46ab-4427-97b5-0111c11f8c4e": {
          "fcd080e5-1908-412d-8f07-d86e2591f4d4": 38.964962206146446
        },
        "9893555d-e4bb-41de-8216-c4353996879b": {
          "fcd080e5-1908-412d-8f07-d86e2591f4d4": 65.00707058140524
        },
        "b648f208-ef5b-4088-a9ad-2d62bb3b1ddf": {
          "fcd080e5-1908-412d-8f07-d86e2591f4d4": 51.65439668064951
        }
      }
    },
    {
      "identifier": "4c922e30-37e6-4f2a-92fb-155e0cf4d66e",
      "reaction": {
        "identifier": "d64e739b-e5be-4bc9-8f58-20c277f06b53",
        "reactants": [
          {
            "identifier": "d8ea274e-5c88-43d7-baaa-e1214d9920af",
            "smiles": "O=[N+]([O-])c1c[nH]c(Br)n1",
            "state_of_matter": "LIQUID",
            "molecular_weight": 191.97087999999997,
            "density": 1.0,
            "mass": 1.9197087999999998,
            "is_produced_by": [],
            "is_consumed_by": [
              "d64e739b-e5be-4bc9-8f58-20c277f06b53"
            ],
            "provenance__density": "dummy estimator based on mw",
            "provenance__is_consumed_by": null,
            "provenance__is_produced_by": null,
            "provenance__mass": null,
            "provenance__molecular_weight": "periodic table",
            "provenance__smiles": null,
            "provenance__state_of_matter": "dummy estimator based on mw"
          },
          {
            "identifier": "e3cc3e5a-da2c-41c3-9337-bdd0a56815e2",
            "smiles": "c1ccc(COCC2CO2)cc1",
            "state_of_matter": "LIQUID",
            "molecular_weight": 164.20107999999988,
            "density": 1.0,
            "mass": 1.6420107999999989,
            "is_produced_by": [],
            "is_consumed_by": [
              "d64e739b-e5be-4bc9-8f58-20c277f06b53"
            ],
            "provenance__density": "dummy estimator based on mw",
            "provenance__is_consumed_by": null,
            "provenance__is_produced_by": null,
            "provenance__mass": null,
            "provenance__molecular_weight": "periodic table",
            "provenance__smiles": null,
            "provenance__state_of_matter": "dummy estimator based on mw"
          }
        ],
        "reagents": [
          {
            "identifier": "9046e3bc-77e6-4f76-b17a-ab231cf6b013",
            "smiles": "CO",
            "state_of_matter": "LIQUID",
            "molecular_weight": 32.04186000000001,
            "density": 1.0,
            "mass": 0.32041860000000005,
            "is_produced_by": [],
            "is_consumed_by": [
              "d64e739b-e5be-4bc9-8f58-20c277f06b53"
            ],
            "provenance__density": "dummy estimator based on mw",
            "provenance__is_consumed_by": null,
            "provenance__is_produced_by": null,
            "provenance__mass": null,
            "provenance__molecular_weight": "periodic table",
            "provenance__smiles": null,
            "provenance__state_of_matter": "dummy estimator based on mw"
          }
        ],
        "products": [
          {
            "identifier": "3140eec3-0ae2-4dff-8fae-44e7c6cbbd51",
            "smiles": "O=[N+]([O-])c1cn(CC(O)COCc2ccccc2)c(Br)n1",
            "state_of_matter": "SOLID",
            "molecular_weight": 357.1799000000002,
            "density": 1.4,
            "mass": 3.571799000000002,
            "is_produced_by": [
              "d64e739b-e5be-4bc9-8f58-20c277f06b53"
            ],
            "is_consumed_by": [],
            "provenance__density": "dummy estimator based on mw",
            "provenance__is_consumed_by": null,
            "provenance__is_produced_by": null,
            "provenance__mass": null,
            "provenance__molecular_weight": "periodic table",
            "provenance__smiles": null,
            "provenance__state_of_matter": "dummy estimator based on mw"
          }
        ],
        "stoichiometry": {
          "d8ea274e-5c88-43d7-baaa-e1214d9920af": 1.0,
          "e3cc3e5a-da2c-41c3-9337-bdd0a56815e2": 1.0,
          "3140eec3-0ae2-4dff-8fae-44e7c6cbbd51": -1.0
        },
        "temperature": 323.39270448088644,
        "intended_ratios": {
          "d8ea274e-5c88-43d7-baaa-e1214d9920af": 1.0,
          "e3cc3e5a-da2c-41c3-9337-bdd0a56815e2": 1.0,
          "9046e3bc-77e6-4f76-b17a-ab231cf6b013": 1.0
        },
        "expected_yields": {
          "3140eec3-0ae2-4dff-8fae-44e7c6cbbd51": 1.0
        },
        "reaction_extent": 0.01
      },
      "functional_modules": [],
      "make_solutions": {
        "d8ea274e-5c88-43d7-baaa-e1214d9920af": {
          "identifier": "8252dc44-fb03-46e7-aead-473b0511eefe",
          "type": "TransferLiquid",
          "process_times": {},
          "from_reaction": "d64e739b-e5be-4bc9-8f58-20c277f06b53",
          "annotations": {
            "chemical": {
              "identifier": "d8ea274e-5c88-43d7-baaa-e1214d9920af",
              "smiles": "O=[N+]([O-])c1c[nH]c(Br)n1",
              "state_of_matter": "LIQUID",
              "molecular_weight": 191.97087999999997,
              "density": 1.0,
              "mass": 1.9197087999999998,
              "is_produced_by": [],
              "is_consumed_by": [
                "d64e739b-e5be-4bc9-8f58-20c277f06b53"
              ],
              "provenance__density": "dummy estimator based on mw",
              "provenance__is_consumed_by": null,
              "provenance__is_produced_by": null,
              "provenance__mass": null,
              "provenance__molecular_weight": "periodic table",
              "provenance__smiles": null,
              "provenance__state_of_matter": "dummy estimator based on mw"
            },
            "notes": "add all solvent O=[N+]([O-])c1c[nH]c(Br)n1"
          },
          "precedents": []
        }
      },
      "add_solutions": {},
      "add_liquids": {
        "9046e3bc-77e6-4f76-b17a-ab231cf6b013": {
          "identifier": "4a327a73-d387-48f9-a5cc-092fef232384",
          "type": "TransferLiquid",
          "process_times": {},
          "from_reaction": "d64e739b-e5be-4bc9-8f58-20c277f06b53",
          "annotations": {
            "chemical": {
              "identifier": "9046e3bc-77e6-4f76-b17a-ab231cf6b013",
              "smiles": "CO",
              "state_of_matter": "LIQUID",
              "molecular_weight": 32.04186000000001,
              "density": 1.0,
              "mass": 0.32041860000000005,
              "is_produced_by": [],
              "is_consumed_by": [
                "d64e739b-e5be-4bc9-8f58-20c277f06b53"
              ],
              "provenance__density": "dummy estimator based on mw",
              "provenance__is_consumed_by": null,
              "provenance__is_produced_by": null,
              "provenance__mass": null,
              "provenance__molecular_weight": "periodic table",
              "provenance__smiles": null,
              "provenance__state_of_matter": "dummy estimator based on mw"
            },
            "notes": "add liquid CO"
          },
          "precedents": []
        },
        "e3cc3e5a-da2c-41c3-9337-bdd0a56815e2": {
          "identifier": "d0cfed15-939a-4737-b03f-e7a5d070dfae",
          "type": "TransferLiquid",
          "process_times": {},
          "from_reaction": "d64e739b-e5be-4bc9-8f58-20c277f06b53",
          "annotations": {
            "chemical": {
              "identifier": "e3cc3e5a-da2c-41c3-9337-bdd0a56815e2",
              "smiles": "c1ccc(COCC2CO2)cc1",
              "state_of_matter": "LIQUID",
              "molecular_weight": 164.20107999999988,
              "density": 1.0,
              "mass": 1.6420107999999989,
              "is_produced_by": [],
              "is_consumed_by": [
                "d64e739b-e5be-4bc9-8f58-20c277f06b53"
              ],
              "provenance__density": "dummy estimator based on mw",
              "provenance__is_consumed_by": null,
              "provenance__is_produced_by": null,
              "provenance__mass": null,
              "provenance__molecular_weight": "periodic table",
              "provenance__smiles": null,
              "provenance__state_of_matter": "dummy estimator based on mw"
            },
            "notes": "add liquid c1ccc(COCC2CO2)cc1"
          },
          "precedents": []
        }
      },
      "heat": {
        "identifier": "495e96e2-d635-4e5a-939b-50a68c254757",
        "type": "Heating",
        "process_times": {},
        "from_reaction": "d64e739b-e5be-4bc9-8f58-20c277f06b53",
        "annotations": {
          "temperature": 323.39270448088644,
          "notes": "heating the reaction vessel to afford product: O=[N+]([O-])c1cn(CC(O)COCc2ccccc2)c(Br)n1"
        },
        "precedents": [
          "4a327a73-d387-48f9-a5cc-092fef232384",
          "d0cfed15-939a-4737-b03f-e7a5d070dfae",
          "8252dc44-fb03-46e7-aead-473b0511eefe"
        ]
      },
      "concentrate_and_purify": {
        "identifier": "181c1a34-b595-4ba4-a793-4f8353cafd47",
        "type": "ConcentrationAndPurification",
        "process_times": {},
        "from_reaction": "d64e739b-e5be-4bc9-8f58-20c277f06b53",
        "annotations": {
          "chemical": {
            "identifier": "3140eec3-0ae2-4dff-8fae-44e7c6cbbd51",
            "smiles": "O=[N+]([O-])c1cn(CC(O)COCc2ccccc2)c(Br)n1",
            "state_of_matter": "SOLID",
            "molecular_weight": 357.1799000000002,
            "density": 1.4,
            "mass": 3.571799000000002,
            "is_produced_by": [
              "d64e739b-e5be-4bc9-8f58-20c277f06b53"
            ],
            "is_consumed_by": [],
            "provenance__density": "dummy estimator based on mw",
            "provenance__is_consumed_by": null,
            "provenance__is_produced_by": null,
            "provenance__mass": null,
            "provenance__molecular_weight": "periodic table",
            "provenance__smiles": null,
            "provenance__state_of_matter": "dummy estimator based on mw"
          },
          "notes": "purify and concentrate the product: O=[N+]([O-])c1cn(CC(O)COCc2ccccc2)c(Br)n1"
        },
        "precedents": [
          "495e96e2-d635-4e5a-939b-50a68c254757"
        ]
      },
      "lmin": {
        "495e96e2-d635-4e5a-939b-50a68c254757": {
          "181c1a34-b595-4ba4-a793-4f8353cafd47": 59.465151335479426
        }
      },
      "lmax": {}
    },
    {
      "identifier": "f75fd03d-0cbe-4877-8c90-e39ace746bb5",
      "reaction": {
        "identifier": "69388d8a-6779-4d42-beba-3099487ad7af",
        "reactants": [
          {
            "identifier": "9b70d613-017b-44e4-9a27-9d80b8ea8c02",
            "smiles": "O=[N+]([O-])c1cn(CC(CO)OCc2ccc(OC(F)(F)F)cc2)c(Br)n1",
            "state_of_matter": "SOLID",
            "molecular_weight": 441.17726960000016,
            "density": 1.4,
            "mass": 4.411772696000002,
            "is_produced_by": [],
            "is_consumed_by": [
              "69388d8a-6779-4d42-beba-3099487ad7af"
            ],
            "provenance__density": "dummy estimator based on mw",
            "provenance__is_consumed_by": null,
            "provenance__is_produced_by": null,
            "provenance__mass": null,
            "provenance__molecular_weight": "periodic table",
            "provenance__smiles": null,
            "provenance__state_of_matter": "dummy estimator based on mw"
          }
        ],
        "reagents": [
          {
            "identifier": "6928207d-c75d-4786-91bb-e82ae1e8cb0b",
            "smiles": "CN(C)C=O",
            "state_of_matter": "LIQUID",
            "molecular_weight": 73.09378000000004,
            "density": 1.0,
            "mass": 0.7309378000000004,
            "is_produced_by": [],
            "is_consumed_by": [
              "69388d8a-6779-4d42-beba-3099487ad7af"
            ],
            "provenance__density": "dummy estimator based on mw",
            "provenance__is_consumed_by": null,
            "provenance__is_produced_by": null,
            "provenance__mass": null,
            "provenance__molecular_weight": "periodic table",
            "provenance__smiles": null,
            "provenance__state_of_matter": "dummy estimator based on mw"
          },
          {
            "identifier": "6d5cdcd7-4ef6-4226-bb8c-ce119977e227",
            "smiles": "[NaH]",
            "state_of_matter": "SOLID",
            "molecular_weight": 23.99771,
            "density": 1.4,
            "mass": 0.23997710000000003,
            "is_produced_by": [],
            "is_consumed_by": [
              "69388d8a-6779-4d42-beba-3099487ad7af"
            ],
            "provenance__density": "dummy estimator based on mw",
            "provenance__is_consumed_by": null,
            "provenance__is_produced_by": null,
            "provenance__mass": null,
            "provenance__molecular_weight": "periodic table",
            "provenance__smiles": null,
            "provenance__state_of_matter": "dummy estimator based on mw"
          }
        ],
        "products": [
          {
            "identifier": "632b215f-38e3-48b5-bd03-50cf63f5ea50",
            "smiles": "O=[N+]([O-])c1cn2c(n1)OCC(OCc1ccc(OC(F)(F)F)cc1)C2",
            "state_of_matter": "SOLID",
            "molecular_weight": 360.26532960000014,
            "density": 1.4,
            "mass": 3.6026532960000015,
            "is_produced_by": [
              "69388d8a-6779-4d42-beba-3099487ad7af"
            ],
            "is_consumed_by": [],
            "provenance__density": "dummy estimator based on mw",
            "provenance__is_consumed_by": null,
            "provenance__is_produced_by": null,
            "provenance__mass": null,
            "provenance__molecular_weight": "periodic table",
            "provenance__smiles": null,
            "provenance__state_of_matter": "dummy estimator based on mw"
          }
        ],
        "stoichiometry": {
          "9b70d613-017b-44e4-9a27-9d80b8ea8c02": 1.0,
          "632b215f-38e3-48b5-bd03-50cf63f5ea50": -1.0
        },
        "temperature": 315.6288124144077,
        "intended_ratios": {
          "9b70d613-017b-44e4-9a27-9d80b8ea8c02": 1.0,
          "6928207d-c75d-4786-91bb-e82ae1e8cb0b": 1.0,
          "6d5cdcd7-4ef6-4226-bb8c-ce119977e227": 1.0
        },
        "expected_yields": {
          "632b215f-38e3-48b5-bd03-50cf63f5ea50": 1.0
        },
        "reaction_extent": 0.01
      },
      "functional_modules": [],
      "make_solutions": {
        "6d5cdcd7-4ef6-4226-bb8c-ce119977e227": {
          "identifier": "82e4e25d-721e-467d-9f07-cfd60517f6e5",
          "type": "MakeSolution",
          "process_times": {},
          "from_reaction": "69388d8a-6779-4d42-beba-3099487ad7af",
          "annotations": {
            "solid_chemical": {
              "identifier": "6d5cdcd7-4ef6-4226-bb8c-ce119977e227",
              "smiles": "[NaH]",
              "state_of_matter": "SOLID",
              "molecular_weight": 23.99771,
              "density": 1.4,
              "mass": 0.23997710000000003,
              "is_produced_by": [],
              "is_consumed_by": [
                "69388d8a-6779-4d42-beba-3099487ad7af"
              ],
              "provenance__density": "dummy estimator based on mw",
              "provenance__is_consumed_by": null,
              "provenance__is_produced_by": null,
              "provenance__mass": null,
              "provenance__molecular_weight": "periodic table",
              "provenance__smiles": null,
              "provenance__state_of_matter": "dummy estimator based on mw"
            },
            "liquid_chemical": {
              "identifier": "caf0ed9d-4552-415d-a396-fdc4c9f2ae93",
              "smiles": "CN(C)C=O",
              "state_of_matter": "LIQUID",
              "molecular_weight": 73.09378000000004,
              "density": 1.0,
              "mass": 0.03770803272248481,
              "is_produced_by": [],
              "is_consumed_by": [
                "69388d8a-6779-4d42-beba-3099487ad7af"
              ],
              "provenance__density": "dummy estimator based on mw",
              "provenance__is_consumed_by": null,
              "provenance__is_produced_by": null,
              "provenance__mass": null,
              "provenance__molecular_weight": "periodic table",
              "provenance__smiles": null,
              "provenance__state_of_matter": "dummy estimator based on mw"
            },
            "notes": "making CN(C)C=O solution for [NaH]"
          },
          "precedents": []
        },
        "9b70d613-017b-44e4-9a27-9d80b8ea8c02": {
          "identifier": "98c3690e-c80a-400f-930e-ea6aa32dc66e",
          "type": "MakeSolution",
          "process_times": {},
          "from_reaction": "69388d8a-6779-4d42-beba-3099487ad7af",
          "annotations": {
            "solid_chemical": {
              "identifier": "9b70d613-017b-44e4-9a27-9d80b8ea8c02",
              "smiles": "O=[N+]([O-])c1cn(CC(CO)OCc2ccc(OC(F)(F)F)cc2)c(Br)n1",
              "state_of_matter": "SOLID",
              "molecular_weight": 441.17726960000016,
              "density": 1.4,
              "mass": 4.411772696000002,
              "is_produced_by": [],
              "is_consumed_by": [
                "69388d8a-6779-4d42-beba-3099487ad7af"
              ],
              "provenance__density": "dummy estimator based on mw",
              "provenance__is_consumed_by": null,
              "provenance__is_produced_by": null,
              "provenance__mass": null,
              "provenance__molecular_weight": "periodic table",
              "provenance__smiles": null,
              "provenance__state_of_matter": "dummy estimator based on mw"
            },
            "liquid_chemical": {
              "identifier": "dee214a2-dcf7-4814-9be9-edcff44f89ef",
              "smiles": "CN(C)C=O",
              "state_of_matter": "LIQUID",
              "molecular_weight": 73.09378000000004,
              "density": 1.0,
              "mass": 0.6932297672775156,
              "is_produced_by": [],
              "is_consumed_by": [
                "69388d8a-6779-4d42-beba-3099487ad7af"
              ],
              "provenance__density": "dummy estimator based on mw",
              "provenance__is_consumed_by": null,
              "provenance__is_produced_by": null,
              "provenance__mass": null,
              "provenance__molecular_weight": "periodic table",
              "provenance__smiles": null,
              "provenance__state_of_matter": "dummy estimator based on mw"
            },
            "notes": "making CN(C)C=O solution for O=[N+]([O-])c1cn(CC(CO)OCc2ccc(OC(F)(F)F)cc2)c(Br)n1"
          },
          "precedents": [
            "4bc699a8-2e10-49e9-b0f0-622e2732e4cd"
          ]
        }
      },
      "add_solutions": {
        "6d5cdcd7-4ef6-4226-bb8c-ce119977e227": {
          "identifier": "313b9669-a7b9-4b92-839e-48675fbfd644",
          "type": "TransferLiquid",
          "process_times": {},
          "from_reaction": "69388d8a-6779-4d42-beba-3099487ad7af",
          "annotations": {
            "chemical": {
              "identifier": "bdded8b4-b460-45c3-98d5-c7bea29d6ef2",
              "smiles": "CN(C)C=O.[NaH]",
              "state_of_matter": "LIQUID",
              "molecular_weight": null,
              "density": 1.3278730141878488,
              "mass": 0.27768513272248485,
              "is_produced_by": [],
              "is_consumed_by": [
                "69388d8a-6779-4d42-beba-3099487ad7af"
              ],
              "provenance__density": "dummy estimator based on mw",
              "provenance__is_consumed_by": null,
              "provenance__is_produced_by": null,
              "provenance__mass": null,
              "provenance__molecular_weight": "periodic table",
              "provenance__smiles": null,
              "provenance__state_of_matter": "dummy estimator based on mw"
            },
            "notes": "add solution [NaH] in CN(C)C=O"
          },
          "precedents": [
            "82e4e25d-721e-467d-9f07-cfd60517f6e5"
          ]
        },
        "9b70d613-017b-44e4-9a27-9d80b8ea8c02": {
          "identifier": "9b4b7349-6a97-4d20-8ca4-83483ad29a89",
          "type": "TransferLiquid",
          "process_times": {},
          "from_reaction": "69388d8a-6779-4d42-beba-3099487ad7af",
          "annotations": {
            "chemical": {
              "identifier": "39c5f8d6-12d7-495d-b965-4c14a13e554d",
              "smiles": "CN(C)C=O.O=[N+]([O-])c1cn(CC(CO)OCc2ccc(OC(F)(F)F)cc2)c(Br)n1",
              "state_of_matter": "LIQUID",
              "molecular_weight": null,
              "density": 1.3278730141878488,
              "mass": 5.1050024632775175,
              "is_produced_by": [],
              "is_consumed_by": [
                "69388d8a-6779-4d42-beba-3099487ad7af"
              ],
              "provenance__density": "dummy estimator based on mw",
              "provenance__is_consumed_by": null,
              "provenance__is_produced_by": null,
              "provenance__mass": null,
              "provenance__molecular_weight": "periodic table",
              "provenance__smiles": null,
              "provenance__state_of_matter": "dummy estimator based on mw"
            },
            "notes": "add solution O=[N+]([O-])c1cn(CC(CO)OCc2ccc(OC(F)(F)F)cc2)c(Br)n1 in CN(C)C=O"
          },
          "precedents": [
            "98c3690e-c80a-400f-930e-ea6aa32dc66e"
          ]
        }
      },
      "add_liquids": {},
      "heat": {
        "identifier": "96b31b18-59e5-463d-b4bf-340342f53ccb",
        "type": "Heating",
        "process_times": {},
        "from_reaction": "69388d8a-6779-4d42-beba-3099487ad7af",
        "annotations": {
          "temperature": 315.6288124144077,
          "notes": "heating the reaction vessel to afford product: O=[N+]([O-])c1cn2c(n1)OCC(OCc1ccc(OC(F)(F)F)cc1)C2"
        },
        "precedents": [
          "313b9669-a7b9-4b92-839e-48675fbfd644",
          "9b4b7349-6a97-4d20-8ca4-83483ad29a89",
          "82e4e25d-721e-467d-9f07-cfd60517f6e5",
          "98c3690e-c80a-400f-930e-ea6aa32dc66e"
        ]
      },
      "concentrate_and_purify": {
        "identifier": "44bd996f-0343-4277-b24e-06a993cd96ae",
        "type": "ConcentrationAndPurification",
        "process_times": {},
        "from_reaction": "69388d8a-6779-4d42-beba-3099487ad7af",
        "annotations": {
          "chemical": {
            "identifier": "632b215f-38e3-48b5-bd03-50cf63f5ea50",
            "smiles": "O=[N+]([O-])c1cn2c(n1)OCC(OCc1ccc(OC(F)(F)F)cc1)C2",
            "state_of_matter": "SOLID",
            "molecular_weight": 360.26532960000014,
            "density": 1.4,
            "mass": 3.6026532960000015,
            "is_produced_by": [
              "69388d8a-6779-4d42-beba-3099487ad7af"
            ],
            "is_consumed_by": [],
            "provenance__density": "dummy estimator based on mw",
            "provenance__is_consumed_by": null,
            "provenance__is_produced_by": null,
            "provenance__mass": null,
            "provenance__molecular_weight": "periodic table",
            "provenance__smiles": null,
            "provenance__state_of_matter": "dummy estimator based on mw"
          },
          "notes": "purify and concentrate the product: O=[N+]([O-])c1cn2c(n1)OCC(OCc1ccc(OC(F)(F)F)cc1)C2"
        },
        "precedents": [
          "96b31b18-59e5-463d-b4bf-340342f53ccb"
        ]
      },
      "lmin": {
        "96b31b18-59e5-463d-b4bf-340342f53ccb": {
          "44bd996f-0343-4277-b24e-06a993cd96ae": 16.482046951877695
        }
      },
      "lmax": {
        "82e4e25d-721e-467d-9f07-cfd60517f6e5": {
          "96b31b18-59e5-463d-b4bf-340342f53ccb": 36.893784766524135
        },
        "98c3690e-c80a-400f-930e-ea6aa32dc66e": {
          "96b31b18-59e5-463d-b4bf-340342f53ccb": 73.83130397187445
        }
      }
    },
    {
      "identifier": "49f80ec7-6ce2-4515-846a-626567aa7cc2",
      "reaction": {
        "identifier": "bd572d5e-78d5-41a6-9279-8af903966065",
        "reactants": [
          {
            "identifier": "fe717b4c-f611-466f-bcca-08d37ddcba43",
            "smiles": "O=[N+]([O-])c1cn(CC(COCc2ccccc2)OCc2ccc(OC(F)(F)F)cc2)c(Br)n1",
            "state_of_matter": "SOLID",
            "molecular_weight": 531.2998095999991,
            "density": 1.4,
            "mass": 5.312998095999991,
            "is_produced_by": [],
            "is_consumed_by": [
              "bd572d5e-78d5-41a6-9279-8af903966065"
            ],
            "provenance__density": "dummy estimator based on mw",
            "provenance__is_consumed_by": null,
            "provenance__is_produced_by": null,
            "provenance__mass": null,
            "provenance__molecular_weight": "periodic table",
            "provenance__smiles": null,
            "provenance__state_of_matter": "dummy estimator based on mw"
          }
        ],
        "reagents": [
          {
            "identifier": "f502c9b9-ad4e-48ae-9349-36849f1aafd4",
            "smiles": "CCO",
            "state_of_matter": "LIQUID",
            "molecular_weight": 46.06843999999999,
            "density": 1.0,
            "mass": 0.4606843999999999,
            "is_produced_by": [],
            "is_consumed_by": [
              "bd572d5e-78d5-41a6-9279-8af903966065"
            ],
            "provenance__density": "dummy estimator based on mw",
            "provenance__is_consumed_by": null,
            "provenance__is_produced_by": null,
            "provenance__mass": null,
            "provenance__molecular_weight": "periodic table",
            "provenance__smiles": null,
            "provenance__state_of_matter": "dummy estimator based on mw"
          }
        ],
        "products": [
          {
            "identifier": "075940a0-5ab6-44de-81ea-a8a53273d3f1",
            "smiles": "O=[N+]([O-])c1cn(CC(CO)OCc2ccc(OC(F)(F)F)cc2)c(Br)n1",
            "state_of_matter": "SOLID",
            "molecular_weight": 441.17726960000016,
            "density": 1.4,
            "mass": 4.411772696000002,
            "is_produced_by": [
              "bd572d5e-78d5-41a6-9279-8af903966065"
            ],
            "is_consumed_by": [],
            "provenance__density": "dummy estimator based on mw",
            "provenance__is_consumed_by": null,
            "provenance__is_produced_by": null,
            "provenance__mass": null,
            "provenance__molecular_weight": "periodic table",
            "provenance__smiles": null,
            "provenance__state_of_matter": "dummy estimator based on mw"
          }
        ],
        "stoichiometry": {
          "fe717b4c-f611-466f-bcca-08d37ddcba43": 1.0,
          "075940a0-5ab6-44de-81ea-a8a53273d3f1": -1.0
        },
        "temperature": 321.5209745943546,
        "intended_ratios": {
          "fe717b4c-f611-466f-bcca-08d37ddcba43": 1.0,
          "f502c9b9-ad4e-48ae-9349-36849f1aafd4": 1.0
        },
        "expected_yields": {
          "075940a0-5ab6-44de-81ea-a8a53273d3f1": 1.0
        },
        "reaction_extent": 0.01
      },
      "functional_modules": [],
      "make_solutions": {
        "fe717b4c-f611-466f-bcca-08d37ddcba43": {
          "identifier": "8e47468a-94eb-41e7-bb7f-346ca3db5ec3",
          "type": "MakeSolution",
          "process_times": {},
          "from_reaction": "bd572d5e-78d5-41a6-9279-8af903966065",
          "annotations": {
            "solid_chemical": {
              "identifier": "fe717b4c-f611-466f-bcca-08d37ddcba43",
              "smiles": "O=[N+]([O-])c1cn(CC(COCc2ccccc2)OCc2ccc(OC(F)(F)F)cc2)c(Br)n1",
              "state_of_matter": "SOLID",
              "molecular_weight": 531.2998095999991,
              "density": 1.4,
              "mass": 5.312998095999991,
              "is_produced_by": [],
              "is_consumed_by": [
                "bd572d5e-78d5-41a6-9279-8af903966065"
              ],
              "provenance__density": "dummy estimator based on mw",
              "provenance__is_consumed_by": null,
              "provenance__is_produced_by": null,
              "provenance__mass": null,
              "provenance__molecular_weight": "periodic table",
              "provenance__smiles": null,
              "provenance__state_of_matter": "dummy estimator based on mw"
            },
            "liquid_chemical": {
              "identifier": "a6f61729-a5ff-460a-9c5a-8154e4aaef4b",
              "smiles": "CCO",
              "state_of_matter": "LIQUID",
              "molecular_weight": 46.06843999999999,
              "density": 1.0,
              "mass": 0.4606843999999999,
              "is_produced_by": [],
              "is_consumed_by": [
                "bd572d5e-78d5-41a6-9279-8af903966065"
              ],
              "provenance__density": "dummy estimator based on mw",
              "provenance__is_consumed_by": null,
              "provenance__is_produced_by": null,
              "provenance__mass": null,
              "provenance__molecular_weight": "periodic table",
              "provenance__smiles": null,
              "provenance__state_of_matter": "dummy estimator based on mw"
            },
            "notes": "making CCO solution for O=[N+]([O-])c1cn(CC(COCc2ccccc2)OCc2ccc(OC(F)(F)F)cc2)c(Br)n1"
          },
          "precedents": [
            "edee548c-3726-406e-bb30-f26916b4d3ec"
          ]
        }
      },
      "add_solutions": {
        "fe717b4c-f611-466f-bcca-08d37ddcba43": {
          "identifier": "29c1065f-9a82-4007-8ca3-5cb8ddc94c94",
          "type": "TransferLiquid",
          "process_times": {},
          "from_reaction": "bd572d5e-78d5-41a6-9279-8af903966065",
          "annotations": {
            "chemical": {
              "identifier": "91334727-15d3-4100-b98e-e4e25f1dfa57",
              "smiles": "CCO.O=[N+]([O-])c1cn(CC(COCc2ccccc2)OCc2ccc(OC(F)(F)F)cc2)c(Br)n1",
              "state_of_matter": "LIQUID",
              "molecular_weight": null,
              "density": 1.35669936922746,
              "mass": 5.773682495999991,
              "is_produced_by": [],
              "is_consumed_by": [
                "bd572d5e-78d5-41a6-9279-8af903966065"
              ],
              "provenance__density": "dummy estimator based on mw",
              "provenance__is_consumed_by": null,
              "provenance__is_produced_by": null,
              "provenance__mass": null,
              "provenance__molecular_weight": "periodic table",
              "provenance__smiles": null,
              "provenance__state_of_matter": "dummy estimator based on mw"
            },
            "notes": "add solution O=[N+]([O-])c1cn(CC(COCc2ccccc2)OCc2ccc(OC(F)(F)F)cc2)c(Br)n1 in CCO"
          },
          "precedents": [
            "8e47468a-94eb-41e7-bb7f-346ca3db5ec3"
          ]
        }
      },
      "add_liquids": {},
      "heat": {
        "identifier": "331ca0ff-21c6-4a70-a0df-f54e016ba18b",
        "type": "Heating",
        "process_times": {},
        "from_reaction": "bd572d5e-78d5-41a6-9279-8af903966065",
        "annotations": {
          "temperature": 321.5209745943546,
          "notes": "heating the reaction vessel to afford product: O=[N+]([O-])c1cn(CC(CO)OCc2ccc(OC(F)(F)F)cc2)c(Br)n1"
        },
        "precedents": [
          "29c1065f-9a82-4007-8ca3-5cb8ddc94c94",
          "8e47468a-94eb-41e7-bb7f-346ca3db5ec3"
        ]
      },
      "concentrate_and_purify": {
        "identifier": "4bc699a8-2e10-49e9-b0f0-622e2732e4cd",
        "type": "ConcentrationAndPurification",
        "process_times": {},
        "from_reaction": "bd572d5e-78d5-41a6-9279-8af903966065",
        "annotations": {
          "chemical": {
            "identifier": "075940a0-5ab6-44de-81ea-a8a53273d3f1",
            "smiles": "O=[N+]([O-])c1cn(CC(CO)OCc2ccc(OC(F)(F)F)cc2)c(Br)n1",
            "state_of_matter": "SOLID",
            "molecular_weight": 441.17726960000016,
            "density": 1.4,
            "mass": 4.411772696000002,
            "is_produced_by": [
              "bd572d5e-78d5-41a6-9279-8af903966065"
            ],
            "is_consumed_by": [],
            "provenance__density": "dummy estimator based on mw",
            "provenance__is_consumed_by": null,
            "provenance__is_produced_by": null,
            "provenance__mass": null,
            "provenance__molecular_weight": "periodic table",
            "provenance__smiles": null,
            "provenance__state_of_matter": "dummy estimator based on mw"
          },
          "notes": "purify and concentrate the product: O=[N+]([O-])c1cn(CC(CO)OCc2ccc(OC(F)(F)F)cc2)c(Br)n1"
        },
        "precedents": [
          "331ca0ff-21c6-4a70-a0df-f54e016ba18b"
        ]
      },
      "lmin": {
        "331ca0ff-21c6-4a70-a0df-f54e016ba18b": {
          "4bc699a8-2e10-49e9-b0f0-622e2732e4cd": 56.687703970170155
        }
      },
      "lmax": {
        "8e47468a-94eb-41e7-bb7f-346ca3db5ec3": {
          "331ca0ff-21c6-4a70-a0df-f54e016ba18b": 48.47278573196538
        }
      }
    }
  ],
  "adjacency_data": {
    "directed": true,
    "multigraph": false,
    "graph": [],
    "nodes": [
      {
        "id": "181c1a34-b595-4ba4-a793-4f8353cafd47"
      },
      {
        "id": "b648f208-ef5b-4088-a9ad-2d62bb3b1ddf"
      },
      {
        "id": "6470273b-46ab-4427-97b5-0111c11f8c4e"
      },
      {
        "id": "73176268-50b0-4f74-aa83-627973d1b3f4"
      },
      {
        "id": "9893555d-e4bb-41de-8216-c4353996879b"
      },
      {
        "id": "f2140933-e730-4d60-b2e8-142d775eb6c1"
      },
      {
        "id": "61a5c13e-759e-4fde-b056-ed1bd8ed750d"
      },
      {
        "id": "fcd080e5-1908-412d-8f07-d86e2591f4d4"
      },
      {
        "id": "edee548c-3726-406e-bb30-f26916b4d3ec"
      },
      {
        "id": "4a327a73-d387-48f9-a5cc-092fef232384"
      },
      {
        "id": "495e96e2-d635-4e5a-939b-50a68c254757"
      },
      {
        "id": "d0cfed15-939a-4737-b03f-e7a5d070dfae"
      },
      {
        "id": "8252dc44-fb03-46e7-aead-473b0511eefe"
      },
      {
        "id": "4bc699a8-2e10-49e9-b0f0-622e2732e4cd"
      },
      {
        "id": "98c3690e-c80a-400f-930e-ea6aa32dc66e"
      },
      {
        "id": "82e4e25d-721e-467d-9f07-cfd60517f6e5"
      },
      {
        "id": "313b9669-a7b9-4b92-839e-48675fbfd644"
      },
      {
        "id": "9b4b7349-6a97-4d20-8ca4-83483ad29a89"
      },
      {
        "id": "96b31b18-59e5-463d-b4bf-340342f53ccb"
      },
      {
        "id": "44bd996f-0343-4277-b24e-06a993cd96ae"
      },
      {
        "id": "8e47468a-94eb-41e7-bb7f-346ca3db5ec3"
      },
      {
        "id": "29c1065f-9a82-4007-8ca3-5cb8ddc94c94"
      },
      {
        "id": "331ca0ff-21c6-4a70-a0df-f54e016ba18b"
      }
    ],
    "adjacency": [
      [
        {
          "lmin": 0,
          "lmax": Infinity,
          "id": "b648f208-ef5b-4088-a9ad-2d62bb3b1ddf"
        }
      ],
      [
        {
          "lmin": 0,
          "lmax": Infinity,
          "id": "61a5c13e-759e-4fde-b056-ed1bd8ed750d"
        },
        {
          "lmin": 0,
          "lmax": 51.65439668064951,
          "id": "fcd080e5-1908-412d-8f07-d86e2591f4d4"
        }
      ],
      [
        {
          "lmin": 0,
          "lmax": Infinity,
          "id": "73176268-50b0-4f74-aa83-627973d1b3f4"
        },
        {
          "lmin": 0,
          "lmax": 38.964962206146446,
          "id": "fcd080e5-1908-412d-8f07-d86e2591f4d4"
        }
      ],
      [
        {
          "lmin": 0,
          "lmax": Infinity,
          "id": "fcd080e5-1908-412d-8f07-d86e2591f4d4"
        }
      ],
      [
        {
          "lmin": 0,
          "lmax": Infinity,
          "id": "f2140933-e730-4d60-b2e8-142d775eb6c1"
        },
        {
          "lmin": 0,
          "lmax": 65.00707058140524,
          "id": "fcd080e5-1908-412d-8f07-d86e2591f4d4"
        }
      ],
      [
        {
          "lmin": 0,
          "lmax": Infinity,
          "id": "fcd080e5-1908-412d-8f07-d86e2591f4d4"
        }
      ],
      [
        {
          "lmin": 0,
          "lmax": Infinity,
          "id": "fcd080e5-1908-412d-8f07-d86e2591f4d4"
        }
      ],
      [
        {
          "lmin": 23.481107042677905,
          "lmax": Infinity,
          "id": "edee548c-3726-406e-bb30-f26916b4d3ec"
        }
      ],
      [
        {
          "lmin": 0,
          "lmax": Infinity,
          "id": "8e47468a-94eb-41e7-bb7f-346ca3db5ec3"
        }
      ],
      [
        {
          "lmin": 0,
          "lmax": Infinity,
          "id": "495e96e2-d635-4e5a-939b-50a68c254757"
        }
      ],
      [
        {
          "lmin": 59.465151335479426,
          "lmax": Infinity,
          "id": "181c1a34-b595-4ba4-a793-4f8353cafd47"
        }
      ],
      [
        {
          "lmin": 0,
          "lmax": Infinity,
          "id": "495e96e2-d635-4e5a-939b-50a68c254757"
        }
      ],
      [
        {
          "lmin": 0,
          "lmax": Infinity,
          "id": "495e96e2-d635-4e5a-939b-50a68c254757"
        }
      ],
      [
        {
          "lmin": 0,
          "lmax": Infinity,
          "id": "98c3690e-c80a-400f-930e-ea6aa32dc66e"
        }
      ],
      [
        {
          "lmin": 0,
          "lmax": Infinity,
          "id": "9b4b7349-6a97-4d20-8ca4-83483ad29a89"
        },
        {
          "lmin": 0,
          "lmax": 73.83130397187445,
          "id": "96b31b18-59e5-463d-b4bf-340342f53ccb"
        }
      ],
      [
        {
          "lmin": 0,
          "lmax": Infinity,
          "id": "313b9669-a7b9-4b92-839e-48675fbfd644"
        },
        {
          "lmin": 0,
          "lmax": 36.893784766524135,
          "id": "96b31b18-59e5-463d-b4bf-340342f53ccb"
        }
      ],
      [
        {
          "lmin": 0,
          "lmax": Infinity,
          "id": "96b31b18-59e5-463d-b4bf-340342f53ccb"
        }
      ],
      [
        {
          "lmin": 0,
          "lmax": Infinity,
          "id": "96b31b18-59e5-463d-b4bf-340342f53ccb"
        }
      ],
      [
        {
          "lmin": 16.482046951877695,
          "lmax": Infinity,
          "id": "44bd996f-0343-4277-b24e-06a993cd96ae"
        }
      ],
      [],
      [
        {
          "lmin": 0,
          "lmax": Infinity,
          "id": "29c1065f-9a82-4007-8ca3-5cb8ddc94c94"
        },
        {
          "lmin": 0,
          "lmax": 48.47278573196538,
          "id": "331ca0ff-21c6-4a70-a0df-f54e016ba18b"
        }
      ],
      [
        {
          "lmin": 0,
          "lmax": Infinity,
          "id": "331ca0ff-21c6-4a70-a0df-f54e016ba18b"
        }
      ],
      [
        {
          "lmin": 56.687703970170155,
          "lmax": Infinity,
          "id": "4bc699a8-2e10-49e9-b0f0-622e2732e4cd"
        }
      ]
    ]
  }
}