{
  "identifier": "38819bcb-859c-47a6-8199-973359e9c50f",
  "chemical_reactions": [
    {
      "identifier": "cc2be108-2b6b-46af-8f7f-4e8ac4dc90e1",
      "reactants": [
        {
          "identifier": "54e9f26e-28f9-4183-8775-dedb57d23750",
          "smiles": "C1CCNC1",
          "state_of_matter": "LIQUID",
          "molecular_weight": 71.12096000000004,
          "density": 1.0,
          "mass": 71.12096000000004,
          "is_produced_by": [],
          "is_consumed_by": [
            "cc2be108-2b6b-46af-8f7f-4e8ac4dc90e1"
          ],
          "provenance__density": "dummy estimator based on mw",
          "provenance__is_consumed_by": null,
          "provenance__is_produced_by": null,
          "provenance__mass": null,
          "provenance__molecular_weight": "periodic table",
          "provenance__smiles": null,
          "provenance__state_of_matter": "dummy estimator based on mw"
        },
        {
          "identifier": "24ce864d-f7a9-48e7-a4b9-bf72347df2b0",
          "smiles": "CC(C)(C)c1ccccc1OS(=O)(=O)C(F)(F)F",
          "state_of_matter": "SOLID",
          "molecular_weight": 282.2793296000002,
          "density": 1.4,
          "mass": 282.2793296000002,
          "is_produced_by": [],
          "is_consumed_by": [
            "cc2be108-2b6b-46af-8f7f-4e8ac4dc90e1"
          ],
          "provenance__density": "dummy estimator based on mw",
          "provenance__is_consumed_by": null,
          "provenance__is_produced_by": null,
          "provenance__mass": null,
          "provenance__molecular_weight": "periodic table",
          "provenance__smiles": null,
          "provenance__state_of_matter": "dummy estimator based on mw"
        }
      ],
      "reagents": [
        {
          "identifier": "f2ccf09b-2f94-41c4-b99d-e59e43c99060",
          "smiles": "Cc1ccccc1",
          "state_of_matter": "LIQUID",
          "molecular_weight": 92.13842000000004,
          "density": 1.0,
          "mass": 92.13842000000004,
          "is_produced_by": [],
          "is_consumed_by": [
            "cc2be108-2b6b-46af-8f7f-4e8ac4dc90e1"
          ],
          "provenance__density": "dummy estimator based on mw",
          "provenance__is_consumed_by": null,
          "provenance__is_produced_by": null,
          "provenance__mass": null,
          "provenance__molecular_weight": "periodic table",
          "provenance__smiles": null,
          "provenance__state_of_matter": "dummy estimator based on mw"
        },
        {
          "identifier": "3080bea0-9209-4fe7-ac6c-d6ef680a0f48",
          "smiles": "CC(=O)[O-].CC(=O)[O-].[Pd+2]",
          "state_of_matter": "SOLID",
          "molecular_weight": 224.50803999999994,
          "density": 1.4,
          "mass": 224.50803999999994,
          "is_produced_by": [],
          "is_consumed_by": [
            "cc2be108-2b6b-46af-8f7f-4e8ac4dc90e1"
          ],
          "provenance__density": "dummy estimator based on mw",
          "provenance__is_consumed_by": null,
          "provenance__is_produced_by": null,
          "provenance__mass": null,
          "provenance__molecular_weight": "periodic table",
          "provenance__smiles": null,
          "provenance__state_of_matter": "dummy estimator based on mw"
        },
        {
          "identifier": "0c87499f-80f7-4205-8622-7727158970aa",
          "smiles": "O=C(O[Cs])O[Cs]",
          "state_of_matter": "SOLID",
          "molecular_weight": 325.8198,
          "density": 1.4,
          "mass": 325.8198,
          "is_produced_by": [],
          "is_consumed_by": [
            "cc2be108-2b6b-46af-8f7f-4e8ac4dc90e1"
          ],
          "provenance__density": "dummy estimator based on mw",
          "provenance__is_consumed_by": null,
          "provenance__is_produced_by": null,
          "provenance__mass": null,
          "provenance__molecular_weight": "periodic table",
          "provenance__smiles": null,
          "provenance__state_of_matter": "dummy estimator based on mw"
        },
        {
          "identifier": "a5f5e312-4695-4e3c-801d-2b8f6d003df1",
          "smiles": "c1ccc(P(c2ccccc2)c2ccc3ccccc3c2c2c(P(c3ccccc3)c3ccccc3)ccc3ccccc32)cc1",
          "state_of_matter": "SOLID",
          "molecular_weight": 622.6724019999987,
          "density": 1.4,
          "mass": 622.6724019999987,
          "is_produced_by": [],
          "is_consumed_by": [
            "cc2be108-2b6b-46af-8f7f-4e8ac4dc90e1"
          ],
          "provenance__density": "dummy estimator based on mw",
          "provenance__is_consumed_by": null,
          "provenance__is_produced_by": null,
          "provenance__mass": null,
          "provenance__molecular_weight": "periodic table",
          "provenance__smiles": null,
          "provenance__state_of_matter": "dummy estimator based on mw"
        }
      ],
      "products": [
        {
          "identifier": "120e21ab-6a92-44f3-8fc4-24fb56c2450e",
          "smiles": "CC(C)(C)c1ccccc1N1CCCC1",
          "state_of_matter": "SOLID",
          "molecular_weight": 203.32323999999974,
          "density": 1.4,
          "mass": 203.32323999999974,
          "is_produced_by": [
            "cc2be108-2b6b-46af-8f7f-4e8ac4dc90e1"
          ],
          "is_consumed_by": [],
          "provenance__density": "dummy estimator based on mw",
          "provenance__is_consumed_by": null,
          "provenance__is_produced_by": null,
          "provenance__mass": null,
          "provenance__molecular_weight": "periodic table",
          "provenance__smiles": null,
          "provenance__state_of_matter": "dummy estimator based on mw"
        }
      ],
      "stoichiometry": {
        "54e9f26e-28f9-4183-8775-dedb57d23750": 1.0,
        "24ce864d-f7a9-48e7-a4b9-bf72347df2b0": 1.0,
        "120e21ab-6a92-44f3-8fc4-24fb56c2450e": -1.0
      },
      "temperature": 355.681005603075,
      "intended_ratios": {
        "54e9f26e-28f9-4183-8775-dedb57d23750": 1.0,
        "24ce864d-f7a9-48e7-a4b9-bf72347df2b0": 1.0,
        "f2ccf09b-2f94-41c4-b99d-e59e43c99060": 1.0,
        "3080bea0-9209-4fe7-ac6c-d6ef680a0f48": 1.0,
        "0c87499f-80f7-4205-8622-7727158970aa": 1.0,
        "a5f5e312-4695-4e3c-801d-2b8f6d003df1": 1.0
      },
      "expected_yields": {
        "120e21ab-6a92-44f3-8fc4-24fb56c2450e": 1.0
      },
      "reaction_extent": 1.0
    },
    {
      "identifier": "99e3f427-cec3-455a-8091-edea5e79cae1",
      "reactants": [
        {
          "identifier": "5b8a3c60-00cd-493f-9482-3a437bfea124",
          "smiles": "CC(C)(C)OC(=O)N1CCC(=C2c3ccc(Cl)cc3CCc3cccnc32)CC1",
          "state_of_matter": "SOLID",
          "molecular_weight": 410.9363800000003,
          "density": 1.4,
          "mass": 410.9363800000003,
          "is_produced_by": [],
          "is_consumed_by": [
            "99e3f427-cec3-455a-8091-edea5e79cae1"
          ],
          "provenance__density": "dummy estimator based on mw",
          "provenance__is_consumed_by": null,
          "provenance__is_produced_by": null,
          "provenance__mass": null,
          "provenance__molecular_weight": "periodic table",
          "provenance__smiles": null,
          "provenance__state_of_matter": "dummy estimator based on mw"
        }
      ],
      "reagents": [
        {
          "identifier": "9991bfd8-c381-4c43-826a-74a41a7ed527",
          "smiles": "CC(=O)O",
          "state_of_matter": "LIQUID",
          "molecular_weight": 60.051959999999994,
          "density": 1.0,
          "mass": 60.051959999999994,
          "is_produced_by": [],
          "is_consumed_by": [
            "99e3f427-cec3-455a-8091-edea5e79cae1"
          ],
          "provenance__density": "dummy estimator based on mw",
          "provenance__is_consumed_by": null,
          "provenance__is_produced_by": null,
          "provenance__mass": null,
          "provenance__molecular_weight": "periodic table",
          "provenance__smiles": null,
          "provenance__state_of_matter": "dummy estimator based on mw"
        },
        {
          "identifier": "cafe1ea2-36dc-422c-ae0f-4aeb93e67568",
          "smiles": "BrBr",
          "state_of_matter": "LIQUID",
          "molecular_weight": 159.808,
          "density": 1.0,
          "mass": 159.808,
          "is_produced_by": [],
          "is_consumed_by": [
            "99e3f427-cec3-455a-8091-edea5e79cae1"
          ],
          "provenance__density": "dummy estimator based on mw",
          "provenance__is_consumed_by": null,
          "provenance__is_produced_by": null,
          "provenance__mass": null,
          "provenance__molecular_weight": "periodic table",
          "provenance__smiles": null,
          "provenance__state_of_matter": "dummy estimator based on mw"
        }
      ],
      "products": [
        {
          "identifier": "11bf9de4-b425-4c31-890e-8095b02d4d90",
          "smiles": "CC(C)(C)OC(=O)N1CCC(=C2c3ncccc3CCc3cc(Cl)cc(Br)c32)CC1",
          "state_of_matter": "SOLID",
          "molecular_weight": 489.8324400000003,
          "density": 1.4,
          "mass": 489.8324400000003,
          "is_produced_by": [
            "99e3f427-cec3-455a-8091-edea5e79cae1"
          ],
          "is_consumed_by": [],
          "provenance__density": "dummy estimator based on mw",
          "provenance__is_consumed_by": null,
          "provenance__is_produced_by": null,
          "provenance__mass": null,
          "provenance__molecular_weight": "periodic table",
          "provenance__smiles": null,
          "provenance__state_of_matter": "dummy estimator based on mw"
        }
      ],
      "stoichiometry": {
        "5b8a3c60-00cd-493f-9482-3a437bfea124": 1.0,
        "11bf9de4-b425-4c31-890e-8095b02d4d90": -1.0
      },
      "temperature": 296.42936775684353,
      "intended_ratios": {
        "5b8a3c60-00cd-493f-9482-3a437bfea124": 1.0,
        "9991bfd8-c381-4c43-826a-74a41a7ed527": 1.0,
        "cafe1ea2-36dc-422c-ae0f-4aeb93e67568": 1.0
      },
      "expected_yields": {
        "11bf9de4-b425-4c31-890e-8095b02d4d90": 1.0
      },
      "reaction_extent": 1.0
    },
    {
      "identifier": "abcfca71-3d82-4909-b090-833ee6e3e170",
      "reactants": [
        {
          "identifier": "620a67a4-9318-417d-a3d6-37435bea7a7b",
          "smiles": "CC(C)(C)OC(=O)N1CCC(=C2c3ncc(Br)cc3CCc3cc(Cl)cc(Br)c32)CC1",
          "state_of_matter": "SOLID",
          "molecular_weight": 568.728499999999,
          "density": 1.4,
          "mass": 568.728499999999,
          "is_produced_by": [],
          "is_consumed_by": [
            "abcfca71-3d82-4909-b090-833ee6e3e170"
          ],
          "provenance__density": "dummy estimator based on mw",
          "provenance__is_consumed_by": null,
          "provenance__is_produced_by": null,
          "provenance__mass": null,
          "provenance__molecular_weight": "periodic table",
          "provenance__smiles": null,
          "provenance__state_of_matter": "dummy estimator based on mw"
        }
      ],
      "reagents": [
        {
          "identifier": "23b5d388-20f9-478e-a646-b8835a391eb7",
          "smiles": "ClCCl",
          "state_of_matter": "LIQUID",
          "molecular_weight": 84.93258000000002,
          "density": 1.0,
          "mass": 84.93258000000002,
          "is_produced_by": [],
          "is_consumed_by": [
            "abcfca71-3d82-4909-b090-833ee6e3e170"
          ],
          "provenance__density": "dummy estimator based on mw",
          "provenance__is_consumed_by": null,
          "provenance__is_produced_by": null,
          "provenance__mass": null,
          "provenance__molecular_weight": "periodic table",
          "provenance__smiles": null,
          "provenance__state_of_matter": "dummy estimator based on mw"
        },
        {
          "identifier": "c8145e7b-341a-404c-ae1c-75e83d156add",
          "smiles": "O=C(O)C(F)(F)F",
          "state_of_matter": "LIQUID",
          "molecular_weight": 114.0233496,
          "density": 1.0,
          "mass": 114.0233496,
          "is_produced_by": [],
          "is_consumed_by": [
            "abcfca71-3d82-4909-b090-833ee6e3e170"
          ],
          "provenance__density": "dummy estimator based on mw",
          "provenance__is_consumed_by": null,
          "provenance__is_produced_by": null,
          "provenance__mass": null,
          "provenance__molecular_weight": "periodic table",
          "provenance__smiles": null,
          "provenance__state_of_matter": "dummy estimator based on mw"
        }
      ],
      "products": [
        {
          "identifier": "6f4397c7-7dd9-458c-842b-8c94d1314a4b",
          "smiles": "Clc1cc(Br)c2c(c1)CCc1cc(Br)cnc1C2=C1CCNCC1",
          "state_of_matter": "SOLID",
          "molecular_weight": 468.6126800000001,
          "density": 1.4,
          "mass": 468.6126800000001,
          "is_produced_by": [
            "abcfca71-3d82-4909-b090-833ee6e3e170"
          ],
          "is_consumed_by": [],
          "provenance__density": "dummy estimator based on mw",
          "provenance__is_consumed_by": null,
          "provenance__is_produced_by": null,
          "provenance__mass": null,
          "provenance__molecular_weight": "periodic table",
          "provenance__smiles": null,
          "provenance__state_of_matter": "dummy estimator based on mw"
        }
      ],
      "stoichiometry": {
        "620a67a4-9318-417d-a3d6-37435bea7a7b": 1.0,
        "6f4397c7-7dd9-458c-842b-8c94d1314a4b": -1.0
      },
      "temperature": 293.481430631876,
      "intended_ratios": {
        "620a67a4-9318-417d-a3d6-37435bea7a7b": 1.0,
        "23b5d388-20f9-478e-a646-b8835a391eb7": 1.0,
        "c8145e7b-341a-404c-ae1c-75e83d156add": 1.0
      },
      "expected_yields": {
        "6f4397c7-7dd9-458c-842b-8c94d1314a4b": 1.0
      },
      "reaction_extent": 1.0
    },
    {
      "identifier": "4f77ac75-603f-4938-93f9-11e4ad14ca54",
      "reactants": [
        {
          "identifier": "a667c59a-5632-4333-a257-489a03455eb7",
          "smiles": "CC(C)(C)OC(=O)N1CCC(=C2c3ncccc3CCc3cc(Cl)cc(Br)c32)CC1",
          "state_of_matter": "SOLID",
          "molecular_weight": 489.8324400000003,
          "density": 1.4,
          "mass": 489.8324400000003,
          "is_produced_by": [],
          "is_consumed_by": [
            "4f77ac75-603f-4938-93f9-11e4ad14ca54"
          ],
          "provenance__density": "dummy estimator based on mw",
          "provenance__is_consumed_by": null,
          "provenance__is_produced_by": null,
          "provenance__mass": null,
          "provenance__molecular_weight": "periodic table",
          "provenance__smiles": null,
          "provenance__state_of_matter": "dummy estimator based on mw"
        }
      ],
      "reagents": [
        {
          "identifier": "378c8941-5e8e-4df7-afb0-3da66a6875a5",
          "smiles": "CN(C)C=O",
          "state_of_matter": "LIQUID",
          "molecular_weight": 73.09378000000004,
          "density": 1.0,
          "mass": 73.09378000000004,
          "is_produced_by": [],
          "is_consumed_by": [
            "4f77ac75-603f-4938-93f9-11e4ad14ca54"
          ],
          "provenance__density": "dummy estimator based on mw",
          "provenance__is_consumed_by": null,
          "provenance__is_produced_by": null,
          "provenance__mass": null,
          "provenance__molecular_weight": "periodic table",
          "provenance__smiles": null,
          "provenance__state_of_matter": "dummy estimator based on mw"
        },
        {
          "identifier": "c3b3387a-831f-4c4a-b7e4-aced51c1b46a",
          "smiles": "[NaH]",
          "state_of_matter": "SOLID",
          "molecular_weight": 23.99771,
          "density": 1.4,
          "mass": 23.99771,
          "is_produced_by": [],
          "is_consumed_by": [
            "4f77ac75-603f-4938-93f9-11e4ad14ca54"
          ],
          "provenance__density": "dummy estimator based on mw",
          "provenance__is_consumed_by": null,
          "provenance__is_produced_by": null,
          "provenance__mass": null,
          "provenance__molecular_weight": "periodic table",
          "provenance__smiles": null,
          "provenance__state_of_matter": "dummy estimator based on mw"
        }
      ],
      "products": [
        {
          "identifier": "c6b0e9a9-a5b2-48a3-b5c6-485c88203201",
          "smiles": "CC(C)(C)OC(=O)N1CCC(=C2c3ncc(Br)cc3CCc3cc(Cl)cc(Br)c32)CC1",
          "state_of_matter": "SOLID",
          "molecular_weight": 568.728499999999,
          "density": 1.4,
          "mass": 568.728499999999,
          "is_produced_by": [
            "4f77ac75-603f-4938-93f9-11e4ad14ca54"
          ],
          "is_consumed_by": [],
          "provenance__density": "dummy estimator based on mw",
          "provenance__is_consumed_by": null,
          "provenance__is_produced_by": null,
          "provenance__mass": null,
          "provenance__molecular_weight": "periodic table",
          "provenance__smiles": null,
          "provenance__state_of_matter": "dummy estimator based on mw"
        }
      ],
      "stoichiometry": {
        "a667c59a-5632-4333-a257-489a03455eb7": 1.0,
        "c6b0e9a9-a5b2-48a3-b5c6-485c88203201": -1.0
      },
      "temperature": 297.4380413711071,
      "intended_ratios": {
        "a667c59a-5632-4333-a257-489a03455eb7": 1.0,
        "378c8941-5e8e-4df7-afb0-3da66a6875a5": 1.0,
        "c3b3387a-831f-4c4a-b7e4-aced51c1b46a": 1.0
      },
      "expected_yields": {
        "c6b0e9a9-a5b2-48a3-b5c6-485c88203201": 1.0
      },
      "reaction_extent": 1.0
    },
    {
      "identifier": "f2021411-4956-4933-b850-6a7fb56c496e",
      "reactants": [
        {
          "identifier": "92aebd4f-e562-4eaa-926d-6cd811d4929c",
          "smiles": "CC(C)(C)OC(=O)OC(=O)OC(C)(C)C",
          "state_of_matter": "SOLID",
          "molecular_weight": 218.24691999999976,
          "density": 1.4,
          "mass": 218.24691999999976,
          "is_produced_by": [],
          "is_consumed_by": [
            "f2021411-4956-4933-b850-6a7fb56c496e"
          ],
          "provenance__density": "dummy estimator based on mw",
          "provenance__is_consumed_by": null,
          "provenance__is_produced_by": null,
          "provenance__mass": null,
          "provenance__molecular_weight": "periodic table",
          "provenance__smiles": null,
          "provenance__state_of_matter": "dummy estimator based on mw"
        },
        {
          "identifier": "39cbf488-c825-4d2f-8cc4-56df78585321",
          "smiles": "Clc1ccc2c(c1)CCc1cccnc1C2=C1CCNCC1",
          "state_of_matter": "SOLID",
          "molecular_weight": 310.8205600000003,
          "density": 1.4,
          "mass": 310.8205600000003,
          "is_produced_by": [],
          "is_consumed_by": [
            "f2021411-4956-4933-b850-6a7fb56c496e"
          ],
          "provenance__density": "dummy estimator based on mw",
          "provenance__is_consumed_by": null,
          "provenance__is_produced_by": null,
          "provenance__mass": null,
          "provenance__molecular_weight": "periodic table",
          "provenance__smiles": null,
          "provenance__state_of_matter": "dummy estimator based on mw"
        }
      ],
      "reagents": [
        {
          "identifier": "c71d4596-f9a7-45b4-8d06-0dc854639504",
          "smiles": "ClCCl",
          "state_of_matter": "LIQUID",
          "molecular_weight": 84.93258000000002,
          "density": 1.0,
          "mass": 84.93258000000002,
          "is_produced_by": [],
          "is_consumed_by": [
            "f2021411-4956-4933-b850-6a7fb56c496e"
          ],
          "provenance__density": "dummy estimator based on mw",
          "provenance__is_consumed_by": null,
          "provenance__is_produced_by": null,
          "provenance__mass": null,
          "provenance__molecular_weight": "periodic table",
          "provenance__smiles": null,
          "provenance__state_of_matter": "dummy estimator based on mw"
        },
        {
          "identifier": "8499a82d-617c-477b-a1a2-0dcb2091711b",
          "smiles": "CCN(CC)CC",
          "state_of_matter": "LIQUID",
          "molecular_weight": 101.19000000000008,
          "density": 1.0,
          "mass": 101.19000000000008,
          "is_produced_by": [],
          "is_consumed_by": [
            "f2021411-4956-4933-b850-6a7fb56c496e"
          ],
          "provenance__density": "dummy estimator based on mw",
          "provenance__is_consumed_by": null,
          "provenance__is_produced_by": null,
          "provenance__mass": null,
          "provenance__molecular_weight": "periodic table",
          "provenance__smiles": null,
          "provenance__state_of_matter": "dummy estimator based on mw"
        }
      ],
      "products": [
        {
          "identifier": "92a44652-b29f-4347-ad45-c01260462b22",
          "smiles": "CC(C)(C)OC(=O)N1CCC(=C2c3ccc(Cl)cc3CCc3cccnc32)CC1",
          "state_of_matter": "SOLID",
          "molecular_weight": 410.9363800000003,
          "density": 1.4,
          "mass": 410.9363800000003,
          "is_produced_by": [
            "f2021411-4956-4933-b850-6a7fb56c496e"
          ],
          "is_consumed_by": [],
          "provenance__density": "dummy estimator based on mw",
          "provenance__is_consumed_by": null,
          "provenance__is_produced_by": null,
          "provenance__mass": null,
          "provenance__molecular_weight": "periodic table",
          "provenance__smiles": null,
          "provenance__state_of_matter": "dummy estimator based on mw"
        }
      ],
      "stoichiometry": {
        "92aebd4f-e562-4eaa-926d-6cd811d4929c": 1.0,
        "39cbf488-c825-4d2f-8cc4-56df78585321": 1.0,
        "92a44652-b29f-4347-ad45-c01260462b22": -1.0
      },
      "temperature": 274.6511415660381,
      "intended_ratios": {
        "92aebd4f-e562-4eaa-926d-6cd811d4929c": 1.0,
        "39cbf488-c825-4d2f-8cc4-56df78585321": 1.0,
        "c71d4596-f9a7-45b4-8d06-0dc854639504": 1.0,
        "8499a82d-617c-477b-a1a2-0dcb2091711b": 1.0
      },
      "expected_yields": {
        "92a44652-b29f-4347-ad45-c01260462b22": 1.0
      },
      "reaction_extent": 1.0
    },
    {
      "identifier": "ce4322ed-1031-4ee5-b136-e4b4121771f7",
      "reactants": [
        {
          "identifier": "b47f5e3f-9787-48bf-93ef-92b6d6c2b837",
          "smiles": "CC(C)(C)c1cc(B(O)O)ccc1N1CCCC1",
          "state_of_matter": "SOLID",
          "molecular_weight": 247.14097999999973,
          "density": 1.4,
          "mass": 247.14097999999973,
          "is_produced_by": [],
          "is_consumed_by": [
            "ce4322ed-1031-4ee5-b136-e4b4121771f7"
          ],
          "provenance__density": "dummy estimator based on mw",
          "provenance__is_consumed_by": null,
          "provenance__is_produced_by": null,
          "provenance__mass": null,
          "provenance__molecular_weight": "periodic table",
          "provenance__smiles": null,
          "provenance__state_of_matter": "dummy estimator based on mw"
        },
        {
          "identifier": "ba6c83d1-9913-401a-83ec-174cea9285b3",
          "smiles": "COC(=O)c1ccc(-c2ccc(OCCO)c(Br)c2)cc1",
          "state_of_matter": "SOLID",
          "molecular_weight": 351.19190000000026,
          "density": 1.4,
          "mass": 351.19190000000026,
          "is_produced_by": [],
          "is_consumed_by": [
            "ce4322ed-1031-4ee5-b136-e4b4121771f7"
          ],
          "provenance__density": "dummy estimator based on mw",
          "provenance__is_consumed_by": null,
          "provenance__is_produced_by": null,
          "provenance__mass": null,
          "provenance__molecular_weight": "periodic table",
          "provenance__smiles": null,
          "provenance__state_of_matter": "dummy estimator based on mw"
        }
      ],
      "reagents": [
        {
          "identifier": "5cd47d05-fa39-444c-807a-9dcd04f4d378",
          "smiles": "O",
          "state_of_matter": "LIQUID",
          "molecular_weight": 18.01528,
          "density": 1.0,
          "mass": 18.01528,
          "is_produced_by": [],
          "is_consumed_by": [
            "ce4322ed-1031-4ee5-b136-e4b4121771f7"
          ],
          "provenance__density": "dummy estimator based on mw",
          "provenance__is_consumed_by": null,
          "provenance__is_produced_by": null,
          "provenance__mass": null,
          "provenance__molecular_weight": "periodic table",
          "provenance__smiles": null,
          "provenance__state_of_matter": "dummy estimator based on mw"
        },
        {
          "identifier": "c2239940-4a3d-444d-923d-13d4445009d4",
          "smiles": "O=C(O[K])O[K]",
          "state_of_matter": "SOLID",
          "molecular_weight": 138.2055,
          "density": 1.4,
          "mass": 138.2055,
          "is_produced_by": [],
          "is_consumed_by": [
            "ce4322ed-1031-4ee5-b136-e4b4121771f7"
          ],
          "provenance__density": "dummy estimator based on mw",
          "provenance__is_consumed_by": null,
          "provenance__is_produced_by": null,
          "provenance__mass": null,
          "provenance__molecular_weight": "periodic table",
          "provenance__smiles": null,
          "provenance__state_of_matter": "dummy estimator based on mw"
        },
        {
          "identifier": "fc2440b0-acd7-4d77-b802-d674fc1f2d52",
          "smiles": "C1COCCO1",
          "state_of_matter": "LIQUID",
          "molecular_weight": 88.10512000000004,
          "density": 1.0,
          "mass": 88.10512000000004,
          "is_produced_by": [],
          "is_consumed_by": [
            "ce4322ed-1031-4ee5-b136-e4b4121771f7"
          ],
          "provenance__density": "dummy estimator based on mw",
          "provenance__is_consumed_by": null,
          "provenance__is_produced_by": null,
          "provenance__mass": null,
          "provenance__molecular_weight": "periodic table",
          "provenance__smiles": null,
          "provenance__state_of_matter": "dummy estimator based on mw"
        }
      ],
      "products": [
        {
          "identifier": "151d1e99-e3a2-4c29-9a08-c7debdc043d8",
          "smiles": "COC(=O)c1ccc(-c2ccc(OCCO)c(-c3ccc(N4CCCC4)c(C(C)(C)C)c3)c2)cc1",
          "state_of_matter": "SOLID",
          "molecular_weight": 473.60320000000047,
          "density": 1.4,
          "mass": 473.60320000000047,
          "is_produced_by": [
            "ce4322ed-1031-4ee5-b136-e4b4121771f7"
          ],
          "is_consumed_by": [],
          "provenance__density": "dummy estimator based on mw",
          "provenance__is_consumed_by": null,
          "provenance__is_produced_by": null,
          "provenance__mass": null,
          "provenance__molecular_weight": "periodic table",
          "provenance__smiles": null,
          "provenance__state_of_matter": "dummy estimator based on mw"
        }
      ],
      "stoichiometry": {
        "b47f5e3f-9787-48bf-93ef-92b6d6c2b837": 1.0,
        "ba6c83d1-9913-401a-83ec-174cea9285b3": 1.0,
        "151d1e99-e3a2-4c29-9a08-c7debdc043d8": -1.0
      },
      "temperature": 337.429408711195,
      "intended_ratios": {
        "b47f5e3f-9787-48bf-93ef-92b6d6c2b837": 1.0,
        "ba6c83d1-9913-401a-83ec-174cea9285b3": 1.0,
        "5cd47d05-fa39-444c-807a-9dcd04f4d378": 1.0,
        "c2239940-4a3d-444d-923d-13d4445009d4": 1.0,
        "fc2440b0-acd7-4d77-b802-d674fc1f2d52": 1.0
      },
      "expected_yields": {
        "151d1e99-e3a2-4c29-9a08-c7debdc043d8": 1.0
      },
      "reaction_extent": 1.0
    },
    {
      "identifier": "664e2a68-f1ea-4e2d-a306-7c0cafc65f1e",
      "reactants": [
        {
          "identifier": "6580e427-8d34-42a3-982e-ddf7199bf5c6",
          "smiles": "CC(C)(C)c1cc(Br)ccc1N1CCCC1",
          "state_of_matter": "SOLID",
          "molecular_weight": 282.2193000000003,
          "density": 1.4,
          "mass": 282.2193000000003,
          "is_produced_by": [],
          "is_consumed_by": [
            "664e2a68-f1ea-4e2d-a306-7c0cafc65f1e"
          ],
          "provenance__density": "dummy estimator based on mw",
          "provenance__is_consumed_by": null,
          "provenance__is_produced_by": null,
          "provenance__mass": null,
          "provenance__molecular_weight": "periodic table",
          "provenance__smiles": null,
          "provenance__state_of_matter": "dummy estimator based on mw"
        }
      ],
      "reagents": [
        {
          "identifier": "ce67daa8-f5a9-42bc-9247-a3d3bff2e572",
          "smiles": "C1CCOC1",
          "state_of_matter": "LIQUID",
          "molecular_weight": 72.10572000000005,
          "density": 1.0,
          "mass": 72.10572000000005,
          "is_produced_by": [],
          "is_consumed_by": [
            "664e2a68-f1ea-4e2d-a306-7c0cafc65f1e"
          ],
          "provenance__density": "dummy estimator based on mw",
          "provenance__is_consumed_by": null,
          "provenance__is_produced_by": null,
          "provenance__mass": null,
          "provenance__molecular_weight": "periodic table",
          "provenance__smiles": null,
          "provenance__state_of_matter": "dummy estimator based on mw"
        },
        {
          "identifier": "75090bbf-cd04-4836-9b8e-fe67a23ec5c6",
          "smiles": "[Li]CCCC",
          "state_of_matter": "SOLID",
          "molecular_weight": 64.05525999999999,
          "density": 1.4,
          "mass": 64.05525999999999,
          "is_produced_by": [],
          "is_consumed_by": [
            "664e2a68-f1ea-4e2d-a306-7c0cafc65f1e"
          ],
          "provenance__density": "dummy estimator based on mw",
          "provenance__is_consumed_by": null,
          "provenance__is_produced_by": null,
          "provenance__mass": null,
          "provenance__molecular_weight": "periodic table",
          "provenance__smiles": null,
          "provenance__state_of_matter": "dummy estimator based on mw"
        },
        {
          "identifier": "8a76a4d3-dd58-4424-b9ae-91bd3413a775",
          "smiles": "CC(C)OB(OC(C)C)OC(C)C",
          "state_of_matter": "LIQUID",
          "molecular_weight": 188.07223999999977,
          "density": 1.0,
          "mass": 188.07223999999977,
          "is_produced_by": [],
          "is_consumed_by": [
            "664e2a68-f1ea-4e2d-a306-7c0cafc65f1e"
          ],
          "provenance__density": "dummy estimator based on mw",
          "provenance__is_consumed_by": null,
          "provenance__is_produced_by": null,
          "provenance__mass": null,
          "provenance__molecular_weight": "periodic table",
          "provenance__smiles": null,
          "provenance__state_of_matter": "dummy estimator based on mw"
        }
      ],
      "products": [
        {
          "identifier": "1daf4d4c-1db5-4e7f-a3f2-02dfd38c2bce",
          "smiles": "CC(C)(C)c1cc(B(O)O)ccc1N1CCCC1",
          "state_of_matter": "SOLID",
          "molecular_weight": 247.14097999999973,
          "density": 1.4,
          "mass": 247.14097999999973,
          "is_produced_by": [
            "664e2a68-f1ea-4e2d-a306-7c0cafc65f1e"
          ],
          "is_consumed_by": [],
          "provenance__density": "dummy estimator based on mw",
          "provenance__is_consumed_by": null,
          "provenance__is_produced_by": null,
          "provenance__mass": null,
          "provenance__molecular_weight": "periodic table",
          "provenance__smiles": null,
          "provenance__state_of_matter": "dummy estimator based on mw"
        }
      ],
      "stoichiometry": {
        "6580e427-8d34-42a3-982e-ddf7199bf5c6": 1.0,
        "1daf4d4c-1db5-4e7f-a3f2-02dfd38c2bce": -1.0
      },
      "temperature": 190.80204177796838,
      "intended_ratios": {
        "6580e427-8d34-42a3-982e-ddf7199bf5c6": 1.0,
        "ce67daa8-f5a9-42bc-9247-a3d3bff2e572": 1.0,
        "75090bbf-cd04-4836-9b8e-fe67a23ec5c6": 1.0,
        "8a76a4d3-dd58-4424-b9ae-91bd3413a775": 1.0
      },
      "expected_yields": {
        "1daf4d4c-1db5-4e7f-a3f2-02dfd38c2bce": 1.0
      },
      "reaction_extent": 1.0
    },
    {
      "identifier": "4fc94d8e-24f1-4e43-823b-4b6e3a3b5d4b",
      "reactants": [
        {
          "identifier": "778115b1-9087-417b-b976-fd35b5dc7cf2",
          "smiles": "CC(C)(C)c1ccccc1N1CCCC1",
          "state_of_matter": "SOLID",
          "molecular_weight": 203.32323999999974,
          "density": 1.4,
          "mass": 203.32323999999974,
          "is_produced_by": [],
          "is_consumed_by": [
            "4fc94d8e-24f1-4e43-823b-4b6e3a3b5d4b"
          ],
          "provenance__density": "dummy estimator based on mw",
          "provenance__is_consumed_by": null,
          "provenance__is_produced_by": null,
          "provenance__mass": null,
          "provenance__molecular_weight": "periodic table",
          "provenance__smiles": null,
          "provenance__state_of_matter": "dummy estimator based on mw"
        }
      ],
      "reagents": [
        {
          "identifier": "411a9eeb-88e6-49c5-b68a-37c22ffb1b8e",
          "smiles": "BrBr",
          "state_of_matter": "LIQUID",
          "molecular_weight": 159.808,
          "density": 1.0,
          "mass": 159.808,
          "is_produced_by": [],
          "is_consumed_by": [
            "4fc94d8e-24f1-4e43-823b-4b6e3a3b5d4b"
          ],
          "provenance__density": "dummy estimator based on mw",
          "provenance__is_consumed_by": null,
          "provenance__is_produced_by": null,
          "provenance__mass": null,
          "provenance__molecular_weight": "periodic table",
          "provenance__smiles": null,
          "provenance__state_of_matter": "dummy estimator based on mw"
        }
      ],
      "products": [
        {
          "identifier": "d32a1724-5390-4f15-a81f-cdc2a66bf9c7",
          "smiles": "CC(C)(C)c1cc(Br)ccc1N1CCCC1",
          "state_of_matter": "SOLID",
          "molecular_weight": 282.2193000000003,
          "density": 1.4,
          "mass": 282.2193000000003,
          "is_produced_by": [
            "4fc94d8e-24f1-4e43-823b-4b6e3a3b5d4b"
          ],
          "is_consumed_by": [],
          "provenance__density": "dummy estimator based on mw",
          "provenance__is_consumed_by": null,
          "provenance__is_produced_by": null,
          "provenance__mass": null,
          "provenance__molecular_weight": "periodic table",
          "provenance__smiles": null,
          "provenance__state_of_matter": "dummy estimator based on mw"
        }
      ],
      "stoichiometry": {
        "778115b1-9087-417b-b976-fd35b5dc7cf2": 1.0,
        "d32a1724-5390-4f15-a81f-cdc2a66bf9c7": -1.0
      },
      "temperature": 312.1091839492321,
      "intended_ratios": {
        "778115b1-9087-417b-b976-fd35b5dc7cf2": 1.0,
        "411a9eeb-88e6-49c5-b68a-37c22ffb1b8e": 1.0
      },
      "expected_yields": {
        "d32a1724-5390-4f15-a81f-cdc2a66bf9c7": 1.0
      },
      "reaction_extent": 1.0
    },
    {
      "identifier": "e89b0c8c-914d-47a9-a113-cffdd78b5162",
      "reactants": [
        {
          "identifier": "2efbabf3-d16d-4a83-9662-9565a20eab10",
          "smiles": "CC(C)(C)c1ccccc1O",
          "state_of_matter": "LIQUID",
          "molecular_weight": 150.21755999999988,
          "density": 1.0,
          "mass": 150.21755999999988,
          "is_produced_by": [],
          "is_consumed_by": [
            "e89b0c8c-914d-47a9-a113-cffdd78b5162"
          ],
          "provenance__density": "dummy estimator based on mw",
          "provenance__is_consumed_by": null,
          "provenance__is_produced_by": null,
          "provenance__mass": null,
          "provenance__molecular_weight": "periodic table",
          "provenance__smiles": null,
          "provenance__state_of_matter": "dummy estimator based on mw"
        },
        {
          "identifier": "66ed4d19-67cf-4e48-8fe5-b43cbb0aa382",
          "smiles": "O=S(=O)(OS(=O)(=O)C(F)(F)F)C(F)(F)F",
          "state_of_matter": "SOLID",
          "molecular_weight": 282.1388191999999,
          "density": 1.4,
          "mass": 282.1388191999999,
          "is_produced_by": [],
          "is_consumed_by": [
            "e89b0c8c-914d-47a9-a113-cffdd78b5162"
          ],
          "provenance__density": "dummy estimator based on mw",
          "provenance__is_consumed_by": null,
          "provenance__is_produced_by": null,
          "provenance__mass": null,
          "provenance__molecular_weight": "periodic table",
          "provenance__smiles": null,
          "provenance__state_of_matter": "dummy estimator based on mw"
        }
      ],
      "reagents": [
        {
          "identifier": "f93b41da-6d9a-4757-a07c-e173bd3abf20",
          "smiles": "ClCCl",
          "state_of_matter": "LIQUID",
          "molecular_weight": 84.93258000000002,
          "density": 1.0,
          "mass": 84.93258000000002,
          "is_produced_by": [],
          "is_consumed_by": [
            "e89b0c8c-914d-47a9-a113-cffdd78b5162"
          ],
          "provenance__density": "dummy estimator based on mw",
          "provenance__is_consumed_by": null,
          "provenance__is_produced_by": null,
          "provenance__mass": null,
          "provenance__molecular_weight": "periodic table",
          "provenance__smiles": null,
          "provenance__state_of_matter": "dummy estimator based on mw"
        },
        {
          "identifier": "6805e1d7-82a2-487a-8533-42df519118e1",
          "smiles": "CCN(CC)CC",
          "state_of_matter": "LIQUID",
          "molecular_weight": 101.19000000000008,
          "density": 1.0,
          "mass": 101.19000000000008,
          "is_produced_by": [],
          "is_consumed_by": [
            "e89b0c8c-914d-47a9-a113-cffdd78b5162"
          ],
          "provenance__density": "dummy estimator based on mw",
          "provenance__is_consumed_by": null,
          "provenance__is_produced_by": null,
          "provenance__mass": null,
          "provenance__molecular_weight": "periodic table",
          "provenance__smiles": null,
          "provenance__state_of_matter": "dummy estimator based on mw"
        }
      ],
      "products": [
        {
          "identifier": "e5c68379-c848-4341-9533-63e2edeb756c",
          "smiles": "CC(C)(C)c1ccccc1OS(=O)(=O)C(F)(F)F",
          "state_of_matter": "SOLID",
          "molecular_weight": 282.2793296000002,
          "density": 1.4,
          "mass": 282.2793296000002,
          "is_produced_by": [
            "e89b0c8c-914d-47a9-a113-cffdd78b5162"
          ],
          "is_consumed_by": [],
          "provenance__density": "dummy estimator based on mw",
          "provenance__is_consumed_by": null,
          "provenance__is_produced_by": null,
          "provenance__mass": null,
          "provenance__molecular_weight": "periodic table",
          "provenance__smiles": null,
          "provenance__state_of_matter": "dummy estimator based on mw"
        }
      ],
      "stoichiometry": {
        "2efbabf3-d16d-4a83-9662-9565a20eab10": 1.0,
        "66ed4d19-67cf-4e48-8fe5-b43cbb0aa382": 1.0,
        "e5c68379-c848-4341-9533-63e2edeb756c": -1.0
      },
      "temperature": 255.63681197762486,
      "intended_ratios": {
        "2efbabf3-d16d-4a83-9662-9565a20eab10": 1.0,
        "66ed4d19-67cf-4e48-8fe5-b43cbb0aa382": 1.0,
        "f93b41da-6d9a-4757-a07c-e173bd3abf20": 1.0,
        "6805e1d7-82a2-487a-8533-42df519118e1": 1.0
      },
      "expected_yields": {
        "e5c68379-c848-4341-9533-63e2edeb756c": 1.0
      },
      "reaction_extent": 1.0
    },
    {
      "identifier": "2c3fa672-eee7-4a25-a56a-71d0a09783c3",
      "reactants": [
        {
          "identifier": "1d1a6642-8dea-4dd5-be7b-0760662f2abc",
          "smiles": "COC(=O)c1ccc(-c2ccc(O)c(Br)c2)cc1",
          "state_of_matter": "SOLID",
          "molecular_weight": 307.1393400000002,
          "density": 1.4,
          "mass": 307.1393400000002,
          "is_produced_by": [],
          "is_consumed_by": [
            "2c3fa672-eee7-4a25-a56a-71d0a09783c3"
          ],
          "provenance__density": "dummy estimator based on mw",
          "provenance__is_consumed_by": null,
          "provenance__is_produced_by": null,
          "provenance__mass": null,
          "provenance__molecular_weight": "periodic table",
          "provenance__smiles": null,
          "provenance__state_of_matter": "dummy estimator based on mw"
        },
        {
          "identifier": "5ca3699a-479b-4396-9791-0bac2fb50f31",
          "smiles": "OCCBr",
          "state_of_matter": "LIQUID",
          "molecular_weight": 124.96450000000003,
          "density": 1.0,
          "mass": 124.96450000000003,
          "is_produced_by": [],
          "is_consumed_by": [
            "2c3fa672-eee7-4a25-a56a-71d0a09783c3"
          ],
          "provenance__density": "dummy estimator based on mw",
          "provenance__is_consumed_by": null,
          "provenance__is_produced_by": null,
          "provenance__mass": null,
          "provenance__molecular_weight": "periodic table",
          "provenance__smiles": null,
          "provenance__state_of_matter": "dummy estimator based on mw"
        }
      ],
      "reagents": [
        {
          "identifier": "fe26dfec-0e40-4431-aae4-a27ec0f1d3b5",
          "smiles": "CN(C)C=O",
          "state_of_matter": "LIQUID",
          "molecular_weight": 73.09378000000004,
          "density": 1.0,
          "mass": 73.09378000000004,
          "is_produced_by": [],
          "is_consumed_by": [
            "2c3fa672-eee7-4a25-a56a-71d0a09783c3"
          ],
          "provenance__density": "dummy estimator based on mw",
          "provenance__is_consumed_by": null,
          "provenance__is_produced_by": null,
          "provenance__mass": null,
          "provenance__molecular_weight": "periodic table",
          "provenance__smiles": null,
          "provenance__state_of_matter": "dummy estimator based on mw"
        },
        {
          "identifier": "258fd628-a9cb-405d-8261-8ec6882f2ee4",
          "smiles": "O=C(O[K])O[K]",
          "state_of_matter": "SOLID",
          "molecular_weight": 138.2055,
          "density": 1.4,
          "mass": 138.2055,
          "is_produced_by": [],
          "is_consumed_by": [
            "2c3fa672-eee7-4a25-a56a-71d0a09783c3"
          ],
          "provenance__density": "dummy estimator based on mw",
          "provenance__is_consumed_by": null,
          "provenance__is_produced_by": null,
          "provenance__mass": null,
          "provenance__molecular_weight": "periodic table",
          "provenance__smiles": null,
          "provenance__state_of_matter": "dummy estimator based on mw"
        }
      ],
      "products": [
        {
          "identifier": "f15d2982-43e4-48f2-8db8-a85bb2d325e6",
          "smiles": "COC(=O)c1ccc(-c2ccc(OCCO)c(Br)c2)cc1",
          "state_of_matter": "SOLID",
          "molecular_weight": 351.19190000000026,
          "density": 1.4,
          "mass": 351.19190000000026,
          "is_produced_by": [
            "2c3fa672-eee7-4a25-a56a-71d0a09783c3"
          ],
          "is_consumed_by": [],
          "provenance__density": "dummy estimator based on mw",
          "provenance__is_consumed_by": null,
          "provenance__is_produced_by": null,
          "provenance__mass": null,
          "provenance__molecular_weight": "periodic table",
          "provenance__smiles": null,
          "provenance__state_of_matter": "dummy estimator based on mw"
        }
      ],
      "stoichiometry": {
        "1d1a6642-8dea-4dd5-be7b-0760662f2abc": 1.0,
        "5ca3699a-479b-4396-9791-0bac2fb50f31": 1.0,
        "f15d2982-43e4-48f2-8db8-a85bb2d325e6": -1.0
      },
      "temperature": 300.2687226712703,
      "intended_ratios": {
        "1d1a6642-8dea-4dd5-be7b-0760662f2abc": 1.0,
        "5ca3699a-479b-4396-9791-0bac2fb50f31": 1.0,
        "fe26dfec-0e40-4431-aae4-a27ec0f1d3b5": 1.0,
        "258fd628-a9cb-405d-8261-8ec6882f2ee4": 1.0
      },
      "expected_yields": {
        "f15d2982-43e4-48f2-8db8-a85bb2d325e6": 1.0
      },
      "reaction_extent": 1.0
    },
    {
      "identifier": "877510f4-e57a-4a21-9d7b-b25e56f22712",
      "reactants": [
        {
          "identifier": "b1f7254f-728c-45bb-8490-8b5561ee2668",
          "smiles": "COC(=O)c1ccc(-c2ccc(O)cc2)cc1",
          "state_of_matter": "SOLID",
          "molecular_weight": 228.24327999999986,
          "density": 1.4,
          "mass": 228.24327999999986,
          "is_produced_by": [],
          "is_consumed_by": [
            "877510f4-e57a-4a21-9d7b-b25e56f22712"
          ],
          "provenance__density": "dummy estimator based on mw",
          "provenance__is_consumed_by": null,
          "provenance__is_produced_by": null,
          "provenance__mass": null,
          "provenance__molecular_weight": "periodic table",
          "provenance__smiles": null,
          "provenance__state_of_matter": "dummy estimator based on mw"
        }
      ],
      "reagents": [
        {
          "identifier": "ce83c012-f2b8-47ce-a451-13ab7b8b833e",
          "smiles": "CC(=O)O",
          "state_of_matter": "LIQUID",
          "molecular_weight": 60.051959999999994,
          "density": 1.0,
          "mass": 60.051959999999994,
          "is_produced_by": [],
          "is_consumed_by": [
            "877510f4-e57a-4a21-9d7b-b25e56f22712"
          ],
          "provenance__density": "dummy estimator based on mw",
          "provenance__is_consumed_by": null,
          "provenance__is_produced_by": null,
          "provenance__mass": null,
          "provenance__molecular_weight": "periodic table",
          "provenance__smiles": null,
          "provenance__state_of_matter": "dummy estimator based on mw"
        },
        {
          "identifier": "161e78a9-be28-472e-99ae-86944fb6067c",
          "smiles": "BrBr",
          "state_of_matter": "LIQUID",
          "molecular_weight": 159.808,
          "density": 1.0,
          "mass": 159.808,
          "is_produced_by": [],
          "is_consumed_by": [
            "877510f4-e57a-4a21-9d7b-b25e56f22712"
          ],
          "provenance__density": "dummy estimator based on mw",
          "provenance__is_consumed_by": null,
          "provenance__is_produced_by": null,
          "provenance__mass": null,
          "provenance__molecular_weight": "periodic table",
          "provenance__smiles": null,
          "provenance__state_of_matter": "dummy estimator based on mw"
        }
      ],
      "products": [
        {
          "identifier": "3f0e00e8-f45f-441e-a7ad-b25765086f49",
          "smiles": "COC(=O)c1ccc(-c2ccc(O)c(Br)c2)cc1",
          "state_of_matter": "SOLID",
          "molecular_weight": 307.1393400000002,
          "density": 1.4,
          "mass": 307.1393400000002,
          "is_produced_by": [
            "877510f4-e57a-4a21-9d7b-b25e56f22712"
          ],
          "is_consumed_by": [],
          "provenance__density": "dummy estimator based on mw",
          "provenance__is_consumed_by": null,
          "provenance__is_produced_by": null,
          "provenance__mass": null,
          "provenance__molecular_weight": "periodic table",
          "provenance__smiles": null,
          "provenance__state_of_matter": "dummy estimator based on mw"
        }
      ],
      "stoichiometry": {
        "b1f7254f-728c-45bb-8490-8b5561ee2668": 1.0,
        "3f0e00e8-f45f-441e-a7ad-b25765086f49": -1.0
      },
      "temperature": 294.12755874395367,
      "intended_ratios": {
        "b1f7254f-728c-45bb-8490-8b5561ee2668": 1.0,
        "ce83c012-f2b8-47ce-a451-13ab7b8b833e": 1.0,
        "161e78a9-be28-472e-99ae-86944fb6067c": 1.0
      },
      "expected_yields": {
        "3f0e00e8-f45f-441e-a7ad-b25765086f49": 1.0
      },
      "reaction_extent": 1.0
    },
    {
      "identifier": "1250bef4-9633-401b-ab6f-3e4de8eae875",
      "reactants": [
        {
          "identifier": "46e180c1-c8a5-4ef4-b5cf-bc6b68b3b380",
          "smiles": "COC(=O)c1ccc(-c2ccc(OCCO)c(-c3ccc(N4CCCC4)c(C(C)(C)C)c3)c2)cc1",
          "state_of_matter": "SOLID",
          "molecular_weight": 473.60320000000047,
          "density": 1.4,
          "mass": 473.60320000000047,
          "is_produced_by": [],
          "is_consumed_by": [
            "1250bef4-9633-401b-ab6f-3e4de8eae875"
          ],
          "provenance__density": "dummy estimator based on mw",
          "provenance__is_consumed_by": null,
          "provenance__is_produced_by": null,
          "provenance__mass": null,
          "provenance__molecular_weight": "periodic table",
          "provenance__smiles": null,
          "provenance__state_of_matter": "dummy estimator based on mw"
        }
      ],
      "reagents": [
        {
          "identifier": "bd65daac-a001-45d0-9d26-768000d35a14",
          "smiles": "C1CCOC1",
          "state_of_matter": "LIQUID",
          "molecular_weight": 72.10572000000005,
          "density": 1.0,
          "mass": 72.10572000000005,
          "is_produced_by": [],
          "is_consumed_by": [
            "1250bef4-9633-401b-ab6f-3e4de8eae875"
          ],
          "provenance__density": "dummy estimator based on mw",
          "provenance__is_consumed_by": null,
          "provenance__is_produced_by": null,
          "provenance__mass": null,
          "provenance__molecular_weight": "periodic table",
          "provenance__smiles": null,
          "provenance__state_of_matter": "dummy estimator based on mw"
        },
        {
          "identifier": "6592a411-dd7b-4d6a-99ff-3017f24bacb5",
          "smiles": "[Li]O",
          "state_of_matter": "SOLID",
          "molecular_weight": 23.94834,
          "density": 1.4,
          "mass": 23.94834,
          "is_produced_by": [],
          "is_consumed_by": [
            "1250bef4-9633-401b-ab6f-3e4de8eae875"
          ],
          "provenance__density": "dummy estimator based on mw",
          "provenance__is_consumed_by": null,
          "provenance__is_produced_by": null,
          "provenance__mass": null,
          "provenance__molecular_weight": "periodic table",
          "provenance__smiles": null,
          "provenance__state_of_matter": "dummy estimator based on mw"
        }
      ],
      "products": [
        {
          "identifier": "9d7ff8ae-dd04-497b-bc2f-45637ed5bef4",
          "smiles": "CC(C)(C)c1cc(-c2cc(-c3ccc(C(=O)O)cc3)ccc2OCCO)ccc1N1CCCC1",
          "state_of_matter": "SOLID",
          "molecular_weight": 459.5766200000004,
          "density": 1.4,
          "mass": 459.5766200000004,
          "is_produced_by": [
            "1250bef4-9633-401b-ab6f-3e4de8eae875"
          ],
          "is_consumed_by": [],
          "provenance__density": "dummy estimator based on mw",
          "provenance__is_consumed_by": null,
          "provenance__is_produced_by": null,
          "provenance__mass": null,
          "provenance__molecular_weight": "periodic table",
          "provenance__smiles": null,
          "provenance__state_of_matter": "dummy estimator based on mw"
        }
      ],
      "stoichiometry": {
        "46e180c1-c8a5-4ef4-b5cf-bc6b68b3b380": 1.0,
        "9d7ff8ae-dd04-497b-bc2f-45637ed5bef4": -1.0
      },
      "temperature": 301.09843543767926,
      "intended_ratios": {
        "46e180c1-c8a5-4ef4-b5cf-bc6b68b3b380": 1.0,
        "bd65daac-a001-45d0-9d26-768000d35a14": 1.0,
        "6592a411-dd7b-4d6a-99ff-3017f24bacb5": 1.0
      },
      "expected_yields": {
        "9d7ff8ae-dd04-497b-bc2f-45637ed5bef4": 1.0
      },
      "reaction_extent": 1.0
    },
    {
      "identifier": "84c847cf-892f-4605-856a-3fe00240d9e2",
      "reactants": [
        {
          "identifier": "1bedc8cd-05e9-4f55-be34-14fe0f59dd55",
          "smiles": "C[Si](C)(C)N=C=O",
          "state_of_matter": "LIQUID",
          "molecular_weight": 115.20586000000003,
          "density": 1.0,
          "mass": 115.20586000000003,
          "is_produced_by": [],
          "is_consumed_by": [
            "84c847cf-892f-4605-856a-3fe00240d9e2"
          ],
          "provenance__density": "dummy estimator based on mw",
          "provenance__is_consumed_by": null,
          "provenance__is_produced_by": null,
          "provenance__mass": null,
          "provenance__molecular_weight": "periodic table",
          "provenance__smiles": null,
          "provenance__state_of_matter": "dummy estimator based on mw"
        },
        {
          "identifier": "40a03042-32b0-4887-96b1-dfed1b8baea3",
          "smiles": "O=C(CC1CCNCC1)N1CCC(C2c3ncc(Br)cc3CCc3cc(Cl)cc(Br)c32)CC1",
          "state_of_matter": "SOLID",
          "molecular_weight": 595.7968999999988,
          "density": 1.4,
          "mass": 595.7968999999988,
          "is_produced_by": [],
          "is_consumed_by": [
            "84c847cf-892f-4605-856a-3fe00240d9e2"
          ],
          "provenance__density": "dummy estimator based on mw",
          "provenance__is_consumed_by": null,
          "provenance__is_produced_by": null,
          "provenance__mass": null,
          "provenance__molecular_weight": "periodic table",
          "provenance__smiles": null,
          "provenance__state_of_matter": "dummy estimator based on mw"
        }
      ],
      "reagents": [
        {
          "identifier": "22d9d5f8-e2c7-4abc-a6a0-a16987a33b2a",
          "smiles": "ClCCl",
          "state_of_matter": "LIQUID",
          "molecular_weight": 84.93258000000002,
          "density": 1.0,
          "mass": 84.93258000000002,
          "is_produced_by": [],
          "is_consumed_by": [
            "84c847cf-892f-4605-856a-3fe00240d9e2"
          ],
          "provenance__density": "dummy estimator based on mw",
          "provenance__is_consumed_by": null,
          "provenance__is_produced_by": null,
          "provenance__mass": null,
          "provenance__molecular_weight": "periodic table",
          "provenance__smiles": null,
          "provenance__state_of_matter": "dummy estimator based on mw"
        }
      ],
      "products": [
        {
          "identifier": "cbdeaabf-047a-40ed-a8cd-9c67f16fe954",
          "smiles": "NC(=O)N1CCC(CC(=O)N2CCC(C3c4ncc(Br)cc4CCc4cc(Cl)cc(Br)c43)CC2)CC1",
          "state_of_matter": "SOLID",
          "molecular_weight": 638.8216399999989,
          "density": 1.4,
          "mass": 638.8216399999989,
          "is_produced_by": [
            "84c847cf-892f-4605-856a-3fe00240d9e2"
          ],
          "is_consumed_by": [],
          "provenance__density": "dummy estimator based on mw",
          "provenance__is_consumed_by": null,
          "provenance__is_produced_by": null,
          "provenance__mass": null,
          "provenance__molecular_weight": "periodic table",
          "provenance__smiles": null,
          "provenance__state_of_matter": "dummy estimator based on mw"
        }
      ],
      "stoichiometry": {
        "1bedc8cd-05e9-4f55-be34-14fe0f59dd55": 1.0,
        "40a03042-32b0-4887-96b1-dfed1b8baea3": 1.0,
        "cbdeaabf-047a-40ed-a8cd-9c67f16fe954": -1.0
      },
      "temperature": 286.6168689250946,
      "intended_ratios": {
        "1bedc8cd-05e9-4f55-be34-14fe0f59dd55": 1.0,
        "40a03042-32b0-4887-96b1-dfed1b8baea3": 1.0,
        "22d9d5f8-e2c7-4abc-a6a0-a16987a33b2a": 1.0
      },
      "expected_yields": {
        "cbdeaabf-047a-40ed-a8cd-9c67f16fe954": 1.0
      },
      "reaction_extent": 1.0
    },
    {
      "identifier": "08ba02e4-8550-4822-af58-5016677f6a02",
      "reactants": [
        {
          "identifier": "eac4b86f-4ae8-45a3-8731-a2e467e0603d",
          "smiles": "Clc1cc(Br)c2c(c1)CCc1cc(Br)cnc1C2=C1CCNCC1",
          "state_of_matter": "SOLID",
          "molecular_weight": 468.6126800000001,
          "density": 1.4,
          "mass": 468.6126800000001,
          "is_produced_by": [],
          "is_consumed_by": [
            "08ba02e4-8550-4822-af58-5016677f6a02"
          ],
          "provenance__density": "dummy estimator based on mw",
          "provenance__is_consumed_by": null,
          "provenance__is_produced_by": null,
          "provenance__mass": null,
          "provenance__molecular_weight": "periodic table",
          "provenance__smiles": null,
          "provenance__state_of_matter": "dummy estimator based on mw"
        }
      ],
      "reagents": [
        {
          "identifier": "928f341c-c130-4b02-9cca-aac02d9cdfb8",
          "smiles": "ClCCl",
          "state_of_matter": "LIQUID",
          "molecular_weight": 84.93258000000002,
          "density": 1.0,
          "mass": 84.93258000000002,
          "is_produced_by": [],
          "is_consumed_by": [
            "08ba02e4-8550-4822-af58-5016677f6a02"
          ],
          "provenance__density": "dummy estimator based on mw",
          "provenance__is_consumed_by": null,
          "provenance__is_produced_by": null,
          "provenance__mass": null,
          "provenance__molecular_weight": "periodic table",
          "provenance__smiles": null,
          "provenance__state_of_matter": "dummy estimator based on mw"
        },
        {
          "identifier": "a303a9cf-9d61-4146-8360-9cfb4554f32a",
          "smiles": "O=C(O)C(F)(F)F",
          "state_of_matter": "LIQUID",
          "molecular_weight": 114.0233496,
          "density": 1.0,
          "mass": 114.0233496,
          "is_produced_by": [],
          "is_consumed_by": [
            "08ba02e4-8550-4822-af58-5016677f6a02"
          ],
          "provenance__density": "dummy estimator based on mw",
          "provenance__is_consumed_by": null,
          "provenance__is_produced_by": null,
          "provenance__mass": null,
          "provenance__molecular_weight": "periodic table",
          "provenance__smiles": null,
          "provenance__state_of_matter": "dummy estimator based on mw"
        }
      ],
      "products": [
        {
          "identifier": "609f1143-046f-430b-a94c-0483a957d85d",
          "smiles": "Clc1cc(Br)c2c(c1)CCc1cc(Br)cnc1C2C1CCNCC1",
          "state_of_matter": "SOLID",
          "molecular_weight": 470.62856000000016,
          "density": 1.4,
          "mass": 470.62856000000016,
          "is_produced_by": [
            "08ba02e4-8550-4822-af58-5016677f6a02"
          ],
          "is_consumed_by": [],
          "provenance__density": "dummy estimator based on mw",
          "provenance__is_consumed_by": null,
          "provenance__is_produced_by": null,
          "provenance__mass": null,
          "provenance__molecular_weight": "periodic table",
          "provenance__smiles": null,
          "provenance__state_of_matter": "dummy estimator based on mw"
        }
      ],
      "stoichiometry": {
        "eac4b86f-4ae8-45a3-8731-a2e467e0603d": 1.0,
        "609f1143-046f-430b-a94c-0483a957d85d": -1.0
      },
      "temperature": 283.66671758294103,
      "intended_ratios": {
        "eac4b86f-4ae8-45a3-8731-a2e467e0603d": 1.0,
        "928f341c-c130-4b02-9cca-aac02d9cdfb8": 1.0,
        "a303a9cf-9d61-4146-8360-9cfb4554f32a": 1.0
      },
      "expected_yields": {
        "609f1143-046f-430b-a94c-0483a957d85d": 1.0
      },
      "reaction_extent": 1.0
    },
    {
      "identifier": "3d4ccc77-e74b-4378-a58e-2f30d1e53990",
      "reactants": [
        {
          "identifier": "29d23901-c7c2-4ea6-a030-7b5c688262fa",
          "smiles": "Clc1cc(Br)c2c(c1)CCc1cc(Br)cnc1C2C1CCNCC1",
          "state_of_matter": "SOLID",
          "molecular_weight": 470.62856000000016,
          "density": 1.4,
          "mass": 470.62856000000016,
          "is_produced_by": [],
          "is_consumed_by": [
            "3d4ccc77-e74b-4378-a58e-2f30d1e53990"
          ],
          "provenance__density": "dummy estimator based on mw",
          "provenance__is_consumed_by": null,
          "provenance__is_produced_by": null,
          "provenance__mass": null,
          "provenance__molecular_weight": "periodic table",
          "provenance__smiles": null,
          "provenance__state_of_matter": "dummy estimator based on mw"
        },
        {
          "identifier": "47e4e693-061d-4ba1-999c-cc0128fd0b69",
          "smiles": "O=C(O)CC1CCNCC1",
          "state_of_matter": "LIQUID",
          "molecular_weight": 143.18361999999988,
          "density": 1.0,
          "mass": 143.18361999999988,
          "is_produced_by": [],
          "is_consumed_by": [
            "3d4ccc77-e74b-4378-a58e-2f30d1e53990"
          ],
          "provenance__density": "dummy estimator based on mw",
          "provenance__is_consumed_by": null,
          "provenance__is_produced_by": null,
          "provenance__mass": null,
          "provenance__molecular_weight": "periodic table",
          "provenance__smiles": null,
          "provenance__state_of_matter": "dummy estimator based on mw"
        }
      ],
      "reagents": [
        {
          "identifier": "5d205e72-5995-444d-8db2-3a54b8bc8c77",
          "smiles": "CN(C)C=O",
          "state_of_matter": "LIQUID",
          "molecular_weight": 73.09378000000004,
          "density": 1.0,
          "mass": 73.09378000000004,
          "is_produced_by": [],
          "is_consumed_by": [
            "3d4ccc77-e74b-4378-a58e-2f30d1e53990"
          ],
          "provenance__density": "dummy estimator based on mw",
          "provenance__is_consumed_by": null,
          "provenance__is_produced_by": null,
          "provenance__mass": null,
          "provenance__molecular_weight": "periodic table",
          "provenance__smiles": null,
          "provenance__state_of_matter": "dummy estimator based on mw"
        },
        {
          "identifier": "347b443d-ffc5-4962-a838-1dbc7518bea1",
          "smiles": "CN(C)C(On1nnc2cccnc21)=[N+](C)C.F[P-](F)(F)(F)(F)F",
          "state_of_matter": "SOLID",
          "molecular_weight": 381.2378202000002,
          "density": 1.4,
          "mass": 381.2378202000002,
          "is_produced_by": [],
          "is_consumed_by": [
            "3d4ccc77-e74b-4378-a58e-2f30d1e53990"
          ],
          "provenance__density": "dummy estimator based on mw",
          "provenance__is_consumed_by": null,
          "provenance__is_produced_by": null,
          "provenance__mass": null,
          "provenance__molecular_weight": "periodic table",
          "provenance__smiles": null,
          "provenance__state_of_matter": "dummy estimator based on mw"
        },
        {
          "identifier": "95769db6-7438-460b-ac6b-5499fc67f793",
          "smiles": "CCN(C(C)C)C(C)C",
          "state_of_matter": "LIQUID",
          "molecular_weight": 129.24316000000007,
          "density": 1.0,
          "mass": 129.24316000000007,
          "is_produced_by": [],
          "is_consumed_by": [
            "3d4ccc77-e74b-4378-a58e-2f30d1e53990"
          ],
          "provenance__density": "dummy estimator based on mw",
          "provenance__is_consumed_by": null,
          "provenance__is_produced_by": null,
          "provenance__mass": null,
          "provenance__molecular_weight": "periodic table",
          "provenance__smiles": null,
          "provenance__state_of_matter": "dummy estimator based on mw"
        }
      ],
      "products": [
        {
          "identifier": "c9b56108-f75f-41e4-a54c-64d1906fe1f7",
          "smiles": "O=C(CC1CCNCC1)N1CCC(C2c3ncc(Br)cc3CCc3cc(Cl)cc(Br)c32)CC1",
          "state_of_matter": "SOLID",
          "molecular_weight": 595.7968999999988,
          "density": 1.4,
          "mass": 595.7968999999988,
          "is_produced_by": [
            "3d4ccc77-e74b-4378-a58e-2f30d1e53990"
          ],
          "is_consumed_by": [],
          "provenance__density": "dummy estimator based on mw",
          "provenance__is_consumed_by": null,
          "provenance__is_produced_by": null,
          "provenance__mass": null,
          "provenance__molecular_weight": "periodic table",
          "provenance__smiles": null,
          "provenance__state_of_matter": "dummy estimator based on mw"
        }
      ],
      "stoichiometry": {
        "29d23901-c7c2-4ea6-a030-7b5c688262fa": 1.0,
        "47e4e693-061d-4ba1-999c-cc0128fd0b69": 1.0,
        "c9b56108-f75f-41e4-a54c-64d1906fe1f7": -1.0
      },
      "temperature": 280.4004216134548,
      "intended_ratios": {
        "29d23901-c7c2-4ea6-a030-7b5c688262fa": 1.0,
        "47e4e693-061d-4ba1-999c-cc0128fd0b69": 1.0,
        "5d205e72-5995-444d-8db2-3a54b8bc8c77": 1.0,
        "347b443d-ffc5-4962-a838-1dbc7518bea1": 1.0,
        "95769db6-7438-460b-ac6b-5499fc67f793": 1.0
      },
      "expected_yields": {
        "c9b56108-f75f-41e4-a54c-64d1906fe1f7": 1.0
      },
      "reaction_extent": 1.0
    },
    {
      "identifier": "2713947d-922f-4d43-ace9-da4305bf80c3",
      "reactants": [
        {
          "identifier": "ba1c7a68-02e6-4a5a-9c0e-3d1844d62338",
          "smiles": "NC(=O)OCC(Cc1ccccc1)N1C(=O)c2ccccc2C1=O",
          "state_of_matter": "SOLID",
          "molecular_weight": 324.3306400000002,
          "density": 1.4,
          "mass": 324.3306400000002,
          "is_produced_by": [],
          "is_consumed_by": [
            "2713947d-922f-4d43-ace9-da4305bf80c3"
          ],
          "provenance__density": "dummy estimator based on mw",
          "provenance__is_consumed_by": null,
          "provenance__is_produced_by": null,
          "provenance__mass": null,
          "provenance__molecular_weight": "periodic table",
          "provenance__smiles": null,
          "provenance__state_of_matter": "dummy estimator based on mw"
        }
      ],
      "reagents": [
        {
          "identifier": "952f1441-8af2-488b-be6f-e71c8ffb424f",
          "smiles": "CCO",
          "state_of_matter": "LIQUID",
          "molecular_weight": 46.06843999999999,
          "density": 1.0,
          "mass": 46.06843999999999,
          "is_produced_by": [],
          "is_consumed_by": [
            "2713947d-922f-4d43-ace9-da4305bf80c3"
          ],
          "provenance__density": "dummy estimator based on mw",
          "provenance__is_consumed_by": null,
          "provenance__is_produced_by": null,
          "provenance__mass": null,
          "provenance__molecular_weight": "periodic table",
          "provenance__smiles": null,
          "provenance__state_of_matter": "dummy estimator based on mw"
        },
        {
          "identifier": "5d3ee652-9aa7-48d4-aa7f-d54b99c56fcd",
          "smiles": "O",
          "state_of_matter": "LIQUID",
          "molecular_weight": 18.01528,
          "density": 1.0,
          "mass": 18.01528,
          "is_produced_by": [],
          "is_consumed_by": [
            "2713947d-922f-4d43-ace9-da4305bf80c3"
          ],
          "provenance__density": "dummy estimator based on mw",
          "provenance__is_consumed_by": null,
          "provenance__is_produced_by": null,
          "provenance__mass": null,
          "provenance__molecular_weight": "periodic table",
          "provenance__smiles": null,
          "provenance__state_of_matter": "dummy estimator based on mw"
        },
        {
          "identifier": "2228a00e-4185-4b02-984e-426ceea60c31",
          "smiles": "NN",
          "state_of_matter": "LIQUID",
          "molecular_weight": 32.04516,
          "density": 1.0,
          "mass": 32.04516,
          "is_produced_by": [],
          "is_consumed_by": [
            "2713947d-922f-4d43-ace9-da4305bf80c3"
          ],
          "provenance__density": "dummy estimator based on mw",
          "provenance__is_consumed_by": null,
          "provenance__is_produced_by": null,
          "provenance__mass": null,
          "provenance__molecular_weight": "periodic table",
          "provenance__smiles": null,
          "provenance__state_of_matter": "dummy estimator based on mw"
        }
      ],
      "products": [
        {
          "identifier": "e472cd9c-37ba-4688-a97d-b95e79bf47c8",
          "smiles": "NC(=O)OCC(N)Cc1ccccc1",
          "state_of_matter": "LIQUID",
          "molecular_weight": 194.23035999999985,
          "density": 1.0,
          "mass": 194.23035999999985,
          "is_produced_by": [
            "2713947d-922f-4d43-ace9-da4305bf80c3"
          ],
          "is_consumed_by": [],
          "provenance__density": "dummy estimator based on mw",
          "provenance__is_consumed_by": null,
          "provenance__is_produced_by": null,
          "provenance__mass": null,
          "provenance__molecular_weight": "periodic table",
          "provenance__smiles": null,
          "provenance__state_of_matter": "dummy estimator based on mw"
        }
      ],
      "stoichiometry": {
        "ba1c7a68-02e6-4a5a-9c0e-3d1844d62338": 1.0,
        "e472cd9c-37ba-4688-a97d-b95e79bf47c8": -1.0
      },
      "temperature": 317.4692176401615,
      "intended_ratios": {
        "ba1c7a68-02e6-4a5a-9c0e-3d1844d62338": 1.0,
        "952f1441-8af2-488b-be6f-e71c8ffb424f": 1.0,
        "5d3ee652-9aa7-48d4-aa7f-d54b99c56fcd": 1.0,
        "2228a00e-4185-4b02-984e-426ceea60c31": 1.0
      },
      "expected_yields": {
        "e472cd9c-37ba-4688-a97d-b95e79bf47c8": 1.0
      },
      "reaction_extent": 1.0
    },
    {
      "identifier": "e2df04ff-d62e-4800-a911-52beb03bc7d7",
      "reactants": [
        {
          "identifier": "4bdcd7e3-73c8-40cf-8645-bfba97cf70d8",
          "smiles": "O=C(Cl)C(Cc1ccccc1)N1C(=O)c2ccccc2C1=O",
          "state_of_matter": "SOLID",
          "molecular_weight": 313.73508000000015,
          "density": 1.4,
          "mass": 313.73508000000015,
          "is_produced_by": [],
          "is_consumed_by": [
            "e2df04ff-d62e-4800-a911-52beb03bc7d7"
          ],
          "provenance__density": "dummy estimator based on mw",
          "provenance__is_consumed_by": null,
          "provenance__is_produced_by": null,
          "provenance__mass": null,
          "provenance__molecular_weight": "periodic table",
          "provenance__smiles": null,
          "provenance__state_of_matter": "dummy estimator based on mw"
        }
      ],
      "reagents": [
        {
          "identifier": "ebfca752-a12c-40a7-a4de-7ff04a268b15",
          "smiles": "c1ccncc1",
          "state_of_matter": "LIQUID",
          "molecular_weight": 79.09990000000003,
          "density": 1.0,
          "mass": 79.09990000000003,
          "is_produced_by": [],
          "is_consumed_by": [
            "e2df04ff-d62e-4800-a911-52beb03bc7d7"
          ],
          "provenance__density": "dummy estimator based on mw",
          "provenance__is_consumed_by": null,
          "provenance__is_produced_by": null,
          "provenance__mass": null,
          "provenance__molecular_weight": "periodic table",
          "provenance__smiles": null,
          "provenance__state_of_matter": "dummy estimator based on mw"
        }
      ],
      "products": [
        {
          "identifier": "74d12d87-398f-4974-b39d-47dce7f35154",
          "smiles": "O=CC(Cc1ccccc1)N1C(=O)c2ccccc2C1=O",
          "state_of_matter": "SOLID",
          "molecular_weight": 279.2900200000002,
          "density": 1.4,
          "mass": 279.2900200000002,
          "is_produced_by": [
            "e2df04ff-d62e-4800-a911-52beb03bc7d7"
          ],
          "is_consumed_by": [],
          "provenance__density": "dummy estimator based on mw",
          "provenance__is_consumed_by": null,
          "provenance__is_produced_by": null,
          "provenance__mass": null,
          "provenance__molecular_weight": "periodic table",
          "provenance__smiles": null,
          "provenance__state_of_matter": "dummy estimator based on mw"
        }
      ],
      "stoichiometry": {
        "4bdcd7e3-73c8-40cf-8645-bfba97cf70d8": 1.0,
        "74d12d87-398f-4974-b39d-47dce7f35154": -1.0
      },
      "temperature": 317.42750569581983,
      "intended_ratios": {
        "4bdcd7e3-73c8-40cf-8645-bfba97cf70d8": 1.0,
        "ebfca752-a12c-40a7-a4de-7ff04a268b15": 1.0
      },
      "expected_yields": {
        "74d12d87-398f-4974-b39d-47dce7f35154": 1.0
      },
      "reaction_extent": 1.0
    },
    {
      "identifier": "7c659934-18cf-424f-b172-739cfe5c849f",
      "reactants": [
        {
          "identifier": "1a8404fd-4112-46e7-8404-3a28fdedd8ce",
          "smiles": "O=C(Cl)Oc1ccccc1",
          "state_of_matter": "LIQUID",
          "molecular_weight": 156.56639999999996,
          "density": 1.0,
          "mass": 156.56639999999996,
          "is_produced_by": [],
          "is_consumed_by": [
            "7c659934-18cf-424f-b172-739cfe5c849f"
          ],
          "provenance__density": "dummy estimator based on mw",
          "provenance__is_consumed_by": null,
          "provenance__is_produced_by": null,
          "provenance__mass": null,
          "provenance__molecular_weight": "periodic table",
          "provenance__smiles": null,
          "provenance__state_of_matter": "dummy estimator based on mw"
        },
        {
          "identifier": "cd4587ef-70ae-4b3f-8526-d507b1db0018",
          "smiles": "O=C1c2ccccc2C(=O)N1C(CO)Cc1ccccc1",
          "state_of_matter": "SOLID",
          "molecular_weight": 281.30590000000024,
          "density": 1.4,
          "mass": 281.30590000000024,
          "is_produced_by": [],
          "is_consumed_by": [
            "7c659934-18cf-424f-b172-739cfe5c849f"
          ],
          "provenance__density": "dummy estimator based on mw",
          "provenance__is_consumed_by": null,
          "provenance__is_produced_by": null,
          "provenance__mass": null,
          "provenance__molecular_weight": "periodic table",
          "provenance__smiles": null,
          "provenance__state_of_matter": "dummy estimator based on mw"
        }
      ],
      "reagents": [
        {
          "identifier": "7ecd35e8-bc4b-4835-892c-4e40c69e6a88",
          "smiles": "ClCCl",
          "state_of_matter": "LIQUID",
          "molecular_weight": 84.93258000000002,
          "density": 1.0,
          "mass": 84.93258000000002,
          "is_produced_by": [],
          "is_consumed_by": [
            "7c659934-18cf-424f-b172-739cfe5c849f"
          ],
          "provenance__density": "dummy estimator based on mw",
          "provenance__is_consumed_by": null,
          "provenance__is_produced_by": null,
          "provenance__mass": null,
          "provenance__molecular_weight": "periodic table",
          "provenance__smiles": null,
          "provenance__state_of_matter": "dummy estimator based on mw"
        },
        {
          "identifier": "e3c58ef9-f748-4f59-b02d-7358b25d8515",
          "smiles": "c1ccncc1",
          "state_of_matter": "LIQUID",
          "molecular_weight": 79.09990000000003,
          "density": 1.0,
          "mass": 79.09990000000003,
          "is_produced_by": [],
          "is_consumed_by": [
            "7c659934-18cf-424f-b172-739cfe5c849f"
          ],
          "provenance__density": "dummy estimator based on mw",
          "provenance__is_consumed_by": null,
          "provenance__is_produced_by": null,
          "provenance__mass": null,
          "provenance__molecular_weight": "periodic table",
          "provenance__smiles": null,
          "provenance__state_of_matter": "dummy estimator based on mw"
        }
      ],
      "products": [
        {
          "identifier": "6ac3636d-2a18-4c63-b7d6-fa994a67e023",
          "smiles": "O=C(OCC(Cc1ccccc1)N1C(=O)c2ccccc2C1=O)Oc1ccccc1",
          "state_of_matter": "SOLID",
          "molecular_weight": 401.4113600000002,
          "density": 1.4,
          "mass": 401.4113600000002,
          "is_produced_by": [
            "7c659934-18cf-424f-b172-739cfe5c849f"
          ],
          "is_consumed_by": [],
          "provenance__density": "dummy estimator based on mw",
          "provenance__is_consumed_by": null,
          "provenance__is_produced_by": null,
          "provenance__mass": null,
          "provenance__molecular_weight": "periodic table",
          "provenance__smiles": null,
          "provenance__state_of_matter": "dummy estimator based on mw"
        }
      ],
      "stoichiometry": {
        "1a8404fd-4112-46e7-8404-3a28fdedd8ce": 1.0,
        "cd4587ef-70ae-4b3f-8526-d507b1db0018": 1.0,
        "6ac3636d-2a18-4c63-b7d6-fa994a67e023": -1.0
      },
      "temperature": 284.061108738184,
      "intended_ratios": {
        "1a8404fd-4112-46e7-8404-3a28fdedd8ce": 1.0,
        "cd4587ef-70ae-4b3f-8526-d507b1db0018": 1.0,
        "7ecd35e8-bc4b-4835-892c-4e40c69e6a88": 1.0,
        "e3c58ef9-f748-4f59-b02d-7358b25d8515": 1.0
      },
      "expected_yields": {
        "6ac3636d-2a18-4c63-b7d6-fa994a67e023": 1.0
      },
      "reaction_extent": 1.0
    },
    {
      "identifier": "583f3426-e069-45e4-938a-52e4b4bd358f",
      "reactants": [
        {
          "identifier": "bf6155db-df36-4397-9387-b011312e1ee6",
          "smiles": "O=C(O)C(Cc1ccccc1)N1C(=O)c2ccccc2C1=O",
          "state_of_matter": "SOLID",
          "molecular_weight": 295.2894200000002,
          "density": 1.4,
          "mass": 295.2894200000002,
          "is_produced_by": [],
          "is_consumed_by": [
            "583f3426-e069-45e4-938a-52e4b4bd358f"
          ],
          "provenance__density": "dummy estimator based on mw",
          "provenance__is_consumed_by": null,
          "provenance__is_produced_by": null,
          "provenance__mass": null,
          "provenance__molecular_weight": "periodic table",
          "provenance__smiles": null,
          "provenance__state_of_matter": "dummy estimator based on mw"
        }
      ],
      "reagents": [
        {
          "identifier": "6230b0d0-7ece-4f4e-8778-e31f94b2ac3a",
          "smiles": "CN(C)C=O",
          "state_of_matter": "LIQUID",
          "molecular_weight": 73.09378000000004,
          "density": 1.0,
          "mass": 73.09378000000004,
          "is_produced_by": [],
          "is_consumed_by": [
            "583f3426-e069-45e4-938a-52e4b4bd358f"
          ],
          "provenance__density": "dummy estimator based on mw",
          "provenance__is_consumed_by": null,
          "provenance__is_produced_by": null,
          "provenance__mass": null,
          "provenance__molecular_weight": "periodic table",
          "provenance__smiles": null,
          "provenance__state_of_matter": "dummy estimator based on mw"
        },
        {
          "identifier": "be896f38-e6f8-4838-b21b-5fb79a5bb6b2",
          "smiles": "ClCCl",
          "state_of_matter": "LIQUID",
          "molecular_weight": 84.93258000000002,
          "density": 1.0,
          "mass": 84.93258000000002,
          "is_produced_by": [],
          "is_consumed_by": [
            "583f3426-e069-45e4-938a-52e4b4bd358f"
          ],
          "provenance__density": "dummy estimator based on mw",
          "provenance__is_consumed_by": null,
          "provenance__is_produced_by": null,
          "provenance__mass": null,
          "provenance__molecular_weight": "periodic table",
          "provenance__smiles": null,
          "provenance__state_of_matter": "dummy estimator based on mw"
        },
        {
          "identifier": "db2a01c2-e401-46f7-897e-1618c27ce8d6",
          "smiles": "O=C(Cl)C(=O)Cl",
          "state_of_matter": "LIQUID",
          "molecular_weight": 126.92620000000001,
          "density": 1.0,
          "mass": 126.92620000000001,
          "is_produced_by": [],
          "is_consumed_by": [
            "583f3426-e069-45e4-938a-52e4b4bd358f"
          ],
          "provenance__density": "dummy estimator based on mw",
          "provenance__is_consumed_by": null,
          "provenance__is_produced_by": null,
          "provenance__mass": null,
          "provenance__molecular_weight": "periodic table",
          "provenance__smiles": null,
          "provenance__state_of_matter": "dummy estimator based on mw"
        }
      ],
      "products": [
        {
          "identifier": "b9eae217-e636-47f8-b4e5-0d2d5b3cc61a",
          "smiles": "O=C(Cl)C(Cc1ccccc1)N1C(=O)c2ccccc2C1=O",
          "state_of_matter": "SOLID",
          "molecular_weight": 313.73508000000015,
          "density": 1.4,
          "mass": 313.73508000000015,
          "is_produced_by": [
            "583f3426-e069-45e4-938a-52e4b4bd358f"
          ],
          "is_consumed_by": [],
          "provenance__density": "dummy estimator based on mw",
          "provenance__is_consumed_by": null,
          "provenance__is_produced_by": null,
          "provenance__mass": null,
          "provenance__molecular_weight": "periodic table",
          "provenance__smiles": null,
          "provenance__state_of_matter": "dummy estimator based on mw"
        }
      ],
      "stoichiometry": {
        "bf6155db-df36-4397-9387-b011312e1ee6": 1.0,
        "b9eae217-e636-47f8-b4e5-0d2d5b3cc61a": -1.0
      },
      "temperature": 293.7473646283149,
      "intended_ratios": {
        "bf6155db-df36-4397-9387-b011312e1ee6": 1.0,
        "6230b0d0-7ece-4f4e-8778-e31f94b2ac3a": 1.0,
        "be896f38-e6f8-4838-b21b-5fb79a5bb6b2": 1.0,
        "db2a01c2-e401-46f7-897e-1618c27ce8d6": 1.0
      },
      "expected_yields": {
        "b9eae217-e636-47f8-b4e5-0d2d5b3cc61a": 1.0
      },
      "reaction_extent": 1.0
    },
    {
      "identifier": "9bac9bd5-822f-4eb4-ad7a-e5a65c15b16c",
      "reactants": [
        {
          "identifier": "cfc3421b-ad0c-4313-8b5e-b5a79bc543fb",
          "smiles": "O=C(OCC(Cc1ccccc1)N1C(=O)c2ccccc2C1=O)Oc1ccccc1",
          "state_of_matter": "SOLID",
          "molecular_weight": 401.4113600000002,
          "density": 1.4,
          "mass": 401.4113600000002,
          "is_produced_by": [],
          "is_consumed_by": [
            "9bac9bd5-822f-4eb4-ad7a-e5a65c15b16c"
          ],
          "provenance__density": "dummy estimator based on mw",
          "provenance__is_consumed_by": null,
          "provenance__is_produced_by": null,
          "provenance__mass": null,
          "provenance__molecular_weight": "periodic table",
          "provenance__smiles": null,
          "provenance__state_of_matter": "dummy estimator based on mw"
        }
      ],
      "reagents": [
        {
          "identifier": "6a82f5a7-d57e-4a9f-9d83-b788418d76b3",
          "smiles": "CN",
          "state_of_matter": "LIQUID",
          "molecular_weight": 31.05710000000001,
          "density": 1.0,
          "mass": 31.05710000000001,
          "is_produced_by": [],
          "is_consumed_by": [
            "9bac9bd5-822f-4eb4-ad7a-e5a65c15b16c"
          ],
          "provenance__density": "dummy estimator based on mw",
          "provenance__is_consumed_by": null,
          "provenance__is_produced_by": null,
          "provenance__mass": null,
          "provenance__molecular_weight": "periodic table",
          "provenance__smiles": null,
          "provenance__state_of_matter": "dummy estimator based on mw"
        }
      ],
      "products": [
        {
          "identifier": "f269d83f-c4ca-4e81-8524-2c865438f7e2",
          "smiles": "NC(=O)OCC(Cc1ccccc1)N1C(=O)c2ccccc2C1=O",
          "state_of_matter": "SOLID",
          "molecular_weight": 324.3306400000002,
          "density": 1.4,
          "mass": 324.3306400000002,
          "is_produced_by": [
            "9bac9bd5-822f-4eb4-ad7a-e5a65c15b16c"
          ],
          "is_consumed_by": [],
          "provenance__density": "dummy estimator based on mw",
          "provenance__is_consumed_by": null,
          "provenance__is_produced_by": null,
          "provenance__mass": null,
          "provenance__molecular_weight": "periodic table",
          "provenance__smiles": null,
          "provenance__state_of_matter": "dummy estimator based on mw"
        }
      ],
      "stoichiometry": {
        "cfc3421b-ad0c-4313-8b5e-b5a79bc543fb": 1.0,
        "f269d83f-c4ca-4e81-8524-2c865438f7e2": -1.0
      },
      "temperature": 351.4032031238079,
      "intended_ratios": {
        "cfc3421b-ad0c-4313-8b5e-b5a79bc543fb": 1.0,
        "6a82f5a7-d57e-4a9f-9d83-b788418d76b3": 1.0
      },
      "expected_yields": {
        "f269d83f-c4ca-4e81-8524-2c865438f7e2": 1.0
      },
      "reaction_extent": 1.0
    },
    {
      "identifier": "322031e7-1d8e-473c-8ed8-6ad76e54fb16",
      "reactants": [
        {
          "identifier": "f3e3f8fa-b3f7-431a-8b07-c4678a2a728b",
          "smiles": "O=CC(Cc1ccccc1)N1C(=O)c2ccccc2C1=O",
          "state_of_matter": "SOLID",
          "molecular_weight": 279.2900200000002,
          "density": 1.4,
          "mass": 279.2900200000002,
          "is_produced_by": [],
          "is_consumed_by": [
            "322031e7-1d8e-473c-8ed8-6ad76e54fb16"
          ],
          "provenance__density": "dummy estimator based on mw",
          "provenance__is_consumed_by": null,
          "provenance__is_produced_by": null,
          "provenance__mass": null,
          "provenance__molecular_weight": "periodic table",
          "provenance__smiles": null,
          "provenance__state_of_matter": "dummy estimator based on mw"
        }
      ],
      "reagents": [
        {
          "identifier": "baa839c5-b154-4fdc-bf96-95c25ead5874",
          "smiles": "CO",
          "state_of_matter": "LIQUID",
          "molecular_weight": 32.04186000000001,
          "density": 1.0,
          "mass": 32.04186000000001,
          "is_produced_by": [],
          "is_consumed_by": [
            "322031e7-1d8e-473c-8ed8-6ad76e54fb16"
          ],
          "provenance__density": "dummy estimator based on mw",
          "provenance__is_consumed_by": null,
          "provenance__is_produced_by": null,
          "provenance__mass": null,
          "provenance__molecular_weight": "periodic table",
          "provenance__smiles": null,
          "provenance__state_of_matter": "dummy estimator based on mw"
        },
        {
          "identifier": "2aead42f-894f-452a-aebf-d36cff19bf27",
          "smiles": "[BH4][Na]",
          "state_of_matter": "SOLID",
          "molecular_weight": 37.83252999999999,
          "density": 1.4,
          "mass": 37.83252999999999,
          "is_produced_by": [],
          "is_consumed_by": [
            "322031e7-1d8e-473c-8ed8-6ad76e54fb16"
          ],
          "provenance__density": "dummy estimator based on mw",
          "provenance__is_consumed_by": null,
          "provenance__is_produced_by": null,
          "provenance__mass": null,
          "provenance__molecular_weight": "periodic table",
          "provenance__smiles": null,
          "provenance__state_of_matter": "dummy estimator based on mw"
        }
      ],
      "products": [
        {
          "identifier": "14eab3e3-5433-4799-8af5-fc843b7dc497",
          "smiles": "O=C1c2ccccc2C(=O)N1C(CO)Cc1ccccc1",
          "state_of_matter": "SOLID",
          "molecular_weight": 281.30590000000024,
          "density": 1.4,
          "mass": 281.30590000000024,
          "is_produced_by": [
            "322031e7-1d8e-473c-8ed8-6ad76e54fb16"
          ],
          "is_consumed_by": [],
          "provenance__density": "dummy estimator based on mw",
          "provenance__is_consumed_by": null,
          "provenance__is_produced_by": null,
          "provenance__mass": null,
          "provenance__molecular_weight": "periodic table",
          "provenance__smiles": null,
          "provenance__state_of_matter": "dummy estimator based on mw"
        }
      ],
      "stoichiometry": {
        "f3e3f8fa-b3f7-431a-8b07-c4678a2a728b": 1.0,
        "14eab3e3-5433-4799-8af5-fc843b7dc497": -1.0
      },
      "temperature": 286.01925821900363,
      "intended_ratios": {
        "f3e3f8fa-b3f7-431a-8b07-c4678a2a728b": 1.0,
        "baa839c5-b154-4fdc-bf96-95c25ead5874": 1.0,
        "2aead42f-894f-452a-aebf-d36cff19bf27": 1.0
      },
      "expected_yields": {
        "14eab3e3-5433-4799-8af5-fc843b7dc497": 1.0
      },
      "reaction_extent": 1.0
    }
  ],
  "molecular_nodes": [
    "BrBr",
    "C1CCNC1",
    "C1CCOC1",
    "C1COCCO1",
    "CC(=O)O",
    "CC(=O)[O-].CC(=O)[O-].[Pd+2]",
    "CC(C)(C)OC(=O)N1CCC(=C2c3ccc(Cl)cc3CCc3cccnc32)CC1",
    "CC(C)(C)OC(=O)N1CCC(=C2c3ncc(Br)cc3CCc3cc(Cl)cc(Br)c32)CC1",
    "CC(C)(C)OC(=O)N1CCC(=C2c3ncccc3CCc3cc(Cl)cc(Br)c32)CC1",
    "CC(C)(C)OC(=O)OC(=O)OC(C)(C)C",
    "CC(C)(C)c1cc(-c2cc(-c3ccc(C(=O)O)cc3)ccc2OCCO)ccc1N1CCCC1",
    "CC(C)(C)c1cc(B(O)O)ccc1N1CCCC1",
    "CC(C)(C)c1cc(Br)ccc1N1CCCC1",
    "CC(C)(C)c1ccccc1N1CCCC1",
    "CC(C)(C)c1ccccc1O",
    "CC(C)(C)c1ccccc1OS(=O)(=O)C(F)(F)F",
    "CC(C)OB(OC(C)C)OC(C)C",
    "CCN(C(C)C)C(C)C",
    "CCN(CC)CC",
    "CCO",
    "CN",
    "CN(C)C(On1nnc2cccnc21)=[N+](C)C.F[P-](F)(F)(F)(F)F",
    "CN(C)C=O",
    "CO",
    "COC(=O)c1ccc(-c2ccc(O)c(Br)c2)cc1",
    "COC(=O)c1ccc(-c2ccc(O)cc2)cc1",
    "COC(=O)c1ccc(-c2ccc(OCCO)c(-c3ccc(N4CCCC4)c(C(C)(C)C)c3)c2)cc1",
    "COC(=O)c1ccc(-c2ccc(OCCO)c(Br)c2)cc1",
    "C[Si](C)(C)N=C=O",
    "Cc1ccccc1",
    "ClCCl",
    "Clc1cc(Br)c2c(c1)CCc1cc(Br)cnc1C2=C1CCNCC1",
    "Clc1cc(Br)c2c(c1)CCc1cc(Br)cnc1C2C1CCNCC1",
    "Clc1ccc2c(c1)CCc1cccnc1C2=C1CCNCC1",
    "NC(=O)N1CCC(CC(=O)N2CCC(C3c4ncc(Br)cc4CCc4cc(Cl)cc(Br)c43)CC2)CC1",
    "NC(=O)OCC(Cc1ccccc1)N1C(=O)c2ccccc2C1=O",
    "NC(=O)OCC(N)Cc1ccccc1",
    "NN",
    "O",
    "O=C(CC1CCNCC1)N1CCC(C2c3ncc(Br)cc3CCc3cc(Cl)cc(Br)c32)CC1",
    "O=C(Cl)C(=O)Cl",
    "O=C(Cl)C(Cc1ccccc1)N1C(=O)c2ccccc2C1=O",
    "O=C(Cl)Oc1ccccc1",
    "O=C(O)C(Cc1ccccc1)N1C(=O)c2ccccc2C1=O",
    "O=C(O)C(F)(F)F",
    "O=C(O)CC1CCNCC1",
    "O=C(OCC(Cc1ccccc1)N1C(=O)c2ccccc2C1=O)Oc1ccccc1",
    "O=C(O[Cs])O[Cs]",
    "O=C(O[K])O[K]",
    "O=C1c2ccccc2C(=O)N1C(CO)Cc1ccccc1",
    "O=CC(Cc1ccccc1)N1C(=O)c2ccccc2C1=O",
    "O=S(=O)(OS(=O)(=O)C(F)(F)F)C(F)(F)F",
    "OCCBr",
    "[BH4][Na]",
    "[Li]CCCC",
    "[Li]O",
    "[NaH]",
    "c1ccc(P(c2ccccc2)c2ccc3ccccc3c2c2c(P(c3ccccc3)c3ccccc3)ccc3ccccc32)cc1",
    "c1ccncc1"
  ],
  "edges": [
    [
      "08ba02e4-8550-4822-af58-5016677f6a02",
      "Clc1cc(Br)c2c(c1)CCc1cc(Br)cnc1C2C1CCNCC1"
    ],
    [
      "1250bef4-9633-401b-ab6f-3e4de8eae875",
      "CC(C)(C)c1cc(-c2cc(-c3ccc(C(=O)O)cc3)ccc2OCCO)ccc1N1CCCC1"
    ],
    [
      "2713947d-922f-4d43-ace9-da4305bf80c3",
      "NC(=O)OCC(N)Cc1ccccc1"
    ],
    [
      "2c3fa672-eee7-4a25-a56a-71d0a09783c3",
      "COC(=O)c1ccc(-c2ccc(OCCO)c(Br)c2)cc1"
    ],
    [
      "322031e7-1d8e-473c-8ed8-6ad76e54fb16",
      "O=C1c2ccccc2C(=O)N1C(CO)Cc1ccccc1"
    ],
    [
      "3d4ccc77-e74b-4378-a58e-2f30d1e53990",
      "O=C(CC1CCNCC1)N1CCC(C2c3ncc(Br)cc3CCc3cc(Cl)cc(Br)c32)CC1"
    ],
    [
      "4f77ac75-603f-4938-93f9-11e4ad14ca54",
      "CC(C)(C)OC(=O)N1CCC(=C2c3ncc(Br)cc3CCc3cc(Cl)cc(Br)c32)CC1"
    ],
    [
      "4fc94d8e-24f1-4e43-823b-4b6e3a3b5d4b",
      "CC(C)(C)c1cc(Br)ccc1N1CCCC1"
    ],
    [
      "583f3426-e069-45e4-938a-52e4b4bd358f",
      "O=C(Cl)C(Cc1ccccc1)N1C(=O)c2ccccc2C1=O"
    ],
    [
      "664e2a68-f1ea-4e2d-a306-7c0cafc65f1e",
      "CC(C)(C)c1cc(B(O)O)ccc1N1CCCC1"
    ],
    [
      "7c659934-18cf-424f-b172-739cfe5c849f",
      "O=C(OCC(Cc1ccccc1)N1C(=O)c2ccccc2C1=O)Oc1ccccc1"
    ],
    [
      "84c847cf-892f-4605-856a-3fe00240d9e2",
      "NC(=O)N1CCC(CC(=O)N2CCC(C3c4ncc(Br)cc4CCc4cc(Cl)cc(Br)c43)CC2)CC1"
    ],
    [
      "877510f4-e57a-4a21-9d7b-b25e56f22712",
      "COC(=O)c1ccc(-c2ccc(O)c(Br)c2)cc1"
    ],
    [
      "99e3f427-cec3-455a-8091-edea5e79cae1",
      "CC(C)(C)OC(=O)N1CCC(=C2c3ncccc3CCc3cc(Cl)cc(Br)c32)CC1"
    ],
    [
      "9bac9bd5-822f-4eb4-ad7a-e5a65c15b16c",
      "NC(=O)OCC(Cc1ccccc1)N1C(=O)c2ccccc2C1=O"
    ],
    [
      "BrBr",
      "4fc94d8e-24f1-4e43-823b-4b6e3a3b5d4b"
    ],
    [
      "BrBr",
      "877510f4-e57a-4a21-9d7b-b25e56f22712"
    ],
    [
      "BrBr",
      "99e3f427-cec3-455a-8091-edea5e79cae1"
    ],
    [
      "C1CCNC1",
      "cc2be108-2b6b-46af-8f7f-4e8ac4dc90e1"
    ],
    [
      "C1CCOC1",
      "1250bef4-9633-401b-ab6f-3e4de8eae875"
    ],
    [
      "C1CCOC1",
      "664e2a68-f1ea-4e2d-a306-7c0cafc65f1e"
    ],
    [
      "C1COCCO1",
      "ce4322ed-1031-4ee5-b136-e4b4121771f7"
    ],
    [
      "CC(=O)O",
      "877510f4-e57a-4a21-9d7b-b25e56f22712"
    ],
    [
      "CC(=O)O",
      "99e3f427-cec3-455a-8091-edea5e79cae1"
    ],
    [
      "CC(=O)[O-].CC(=O)[O-].[Pd+2]",
      "cc2be108-2b6b-46af-8f7f-4e8ac4dc90e1"
    ],
    [
      "CC(C)(C)OC(=O)N1CCC(=C2c3ccc(Cl)cc3CCc3cccnc32)CC1",
      "99e3f427-cec3-455a-8091-edea5e79cae1"
    ],
    [
      "CC(C)(C)OC(=O)N1CCC(=C2c3ncc(Br)cc3CCc3cc(Cl)cc(Br)c32)CC1",
      "abcfca71-3d82-4909-b090-833ee6e3e170"
    ],
    [
      "CC(C)(C)OC(=O)N1CCC(=C2c3ncccc3CCc3cc(Cl)cc(Br)c32)CC1",
      "4f77ac75-603f-4938-93f9-11e4ad14ca54"
    ],
    [
      "CC(C)(C)OC(=O)OC(=O)OC(C)(C)C",
      "f2021411-4956-4933-b850-6a7fb56c496e"
    ],
    [
      "CC(C)(C)c1cc(B(O)O)ccc1N1CCCC1",
      "ce4322ed-1031-4ee5-b136-e4b4121771f7"
    ],
    [
      "CC(C)(C)c1cc(Br)ccc1N1CCCC1",
      "664e2a68-f1ea-4e2d-a306-7c0cafc65f1e"
    ],
    [
      "CC(C)(C)c1ccccc1N1CCCC1",
      "4fc94d8e-24f1-4e43-823b-4b6e3a3b5d4b"
    ],
    [
      "CC(C)(C)c1ccccc1O",
      "e89b0c8c-914d-47a9-a113-cffdd78b5162"
    ],
    [
      "CC(C)(C)c1ccccc1OS(=O)(=O)C(F)(F)F",
      "cc2be108-2b6b-46af-8f7f-4e8ac4dc90e1"
    ],
    [
      "CC(C)OB(OC(C)C)OC(C)C",
      "664e2a68-f1ea-4e2d-a306-7c0cafc65f1e"
    ],
    [
      "CCN(C(C)C)C(C)C",
      "3d4ccc77-e74b-4378-a58e-2f30d1e53990"
    ],
    [
      "CCN(CC)CC",
      "e89b0c8c-914d-47a9-a113-cffdd78b5162"
    ],
    [
      "CCN(CC)CC",
      "f2021411-4956-4933-b850-6a7fb56c496e"
    ],
    [
      "CCO",
      "2713947d-922f-4d43-ace9-da4305bf80c3"
    ],
    [
      "CN",
      "9bac9bd5-822f-4eb4-ad7a-e5a65c15b16c"
    ],
    [
      "CN(C)C(On1nnc2cccnc21)=[N+](C)C.F[P-](F)(F)(F)(F)F",
      "3d4ccc77-e74b-4378-a58e-2f30d1e53990"
    ],
    [
      "CN(C)C=O",
      "2c3fa672-eee7-4a25-a56a-71d0a09783c3"
    ],
    [
      "CN(C)C=O",
      "3d4ccc77-e74b-4378-a58e-2f30d1e53990"
    ],
    [
      "CN(C)C=O",
      "4f77ac75-603f-4938-93f9-11e4ad14ca54"
    ],
    [
      "CN(C)C=O",
      "583f3426-e069-45e4-938a-52e4b4bd358f"
    ],
    [
      "CO",
      "322031e7-1d8e-473c-8ed8-6ad76e54fb16"
    ],
    [
      "COC(=O)c1ccc(-c2ccc(O)c(Br)c2)cc1",
      "2c3fa672-eee7-4a25-a56a-71d0a09783c3"
    ],
    [
      "COC(=O)c1ccc(-c2ccc(O)cc2)cc1",
      "877510f4-e57a-4a21-9d7b-b25e56f22712"
    ],
    [
      "COC(=O)c1ccc(-c2ccc(OCCO)c(-c3ccc(N4CCCC4)c(C(C)(C)C)c3)c2)cc1",
      "1250bef4-9633-401b-ab6f-3e4de8eae875"
    ],
    [
      "COC(=O)c1ccc(-c2ccc(OCCO)c(Br)c2)cc1",
      "ce4322ed-1031-4ee5-b136-e4b4121771f7"
    ],
    [
      "C[Si](C)(C)N=C=O",
      "84c847cf-892f-4605-856a-3fe00240d9e2"
    ],
    [
      "Cc1ccccc1",
      "cc2be108-2b6b-46af-8f7f-4e8ac4dc90e1"
    ],
    [
      "ClCCl",
      "08ba02e4-8550-4822-af58-5016677f6a02"
    ],
    [
      "ClCCl",
      "583f3426-e069-45e4-938a-52e4b4bd358f"
    ],
    [
      "ClCCl",
      "7c659934-18cf-424f-b172-739cfe5c849f"
    ],
    [
      "ClCCl",
      "84c847cf-892f-4605-856a-3fe00240d9e2"
    ],
    [
      "ClCCl",
      "abcfca71-3d82-4909-b090-833ee6e3e170"
    ],
    [
      "ClCCl",
      "e89b0c8c-914d-47a9-a113-cffdd78b5162"
    ],
    [
      "ClCCl",
      "f2021411-4956-4933-b850-6a7fb56c496e"
    ],
    [
      "Clc1cc(Br)c2c(c1)CCc1cc(Br)cnc1C2=C1CCNCC1",
      "08ba02e4-8550-4822-af58-5016677f6a02"
    ],
    [
      "Clc1cc(Br)c2c(c1)CCc1cc(Br)cnc1C2C1CCNCC1",
      "3d4ccc77-e74b-4378-a58e-2f30d1e53990"
    ],
    [
      "Clc1ccc2c(c1)CCc1cccnc1C2=C1CCNCC1",
      "f2021411-4956-4933-b850-6a7fb56c496e"
    ],
    [
      "NC(=O)OCC(Cc1ccccc1)N1C(=O)c2ccccc2C1=O",
      "2713947d-922f-4d43-ace9-da4305bf80c3"
    ],
    [
      "NN",
      "2713947d-922f-4d43-ace9-da4305bf80c3"
    ],
    [
      "O",
      "2713947d-922f-4d43-ace9-da4305bf80c3"
    ],
    [
      "O",
      "ce4322ed-1031-4ee5-b136-e4b4121771f7"
    ],
    [
      "O=C(CC1CCNCC1)N1CCC(C2c3ncc(Br)cc3CCc3cc(Cl)cc(Br)c32)CC1",
      "84c847cf-892f-4605-856a-3fe00240d9e2"
    ],
    [
      "O=C(Cl)C(=O)Cl",
      "583f3426-e069-45e4-938a-52e4b4bd358f"
    ],
    [
      "O=C(Cl)C(Cc1ccccc1)N1C(=O)c2ccccc2C1=O",
      "e2df04ff-d62e-4800-a911-52beb03bc7d7"
    ],
    [
      "O=C(Cl)Oc1ccccc1",
      "7c659934-18cf-424f-b172-739cfe5c849f"
    ],
    [
      "O=C(O)C(Cc1ccccc1)N1C(=O)c2ccccc2C1=O",
      "583f3426-e069-45e4-938a-52e4b4bd358f"
    ],
    [
      "O=C(O)C(F)(F)F",
      "08ba02e4-8550-4822-af58-5016677f6a02"
    ],
    [
      "O=C(O)C(F)(F)F",
      "abcfca71-3d82-4909-b090-833ee6e3e170"
    ],
    [
      "O=C(O)CC1CCNCC1",
      "3d4ccc77-e74b-4378-a58e-2f30d1e53990"
    ],
    [
      "O=C(OCC(Cc1ccccc1)N1C(=O)c2ccccc2C1=O)Oc1ccccc1",
      "9bac9bd5-822f-4eb4-ad7a-e5a65c15b16c"
    ],
    [
      "O=C(O[Cs])O[Cs]",
      "cc2be108-2b6b-46af-8f7f-4e8ac4dc90e1"
    ],
    [
      "O=C(O[K])O[K]",
      "2c3fa672-eee7-4a25-a56a-71d0a09783c3"
    ],
    [
      "O=C(O[K])O[K]",
      "ce4322ed-1031-4ee5-b136-e4b4121771f7"
    ],
    [
      "O=C1c2ccccc2C(=O)N1C(CO)Cc1ccccc1",
      "7c659934-18cf-424f-b172-739cfe5c849f"
    ],
    [
      "O=CC(Cc1ccccc1)N1C(=O)c2ccccc2C1=O",
      "322031e7-1d8e-473c-8ed8-6ad76e54fb16"
    ],
    [
      "O=S(=O)(OS(=O)(=O)C(F)(F)F)C(F)(F)F",
      "e89b0c8c-914d-47a9-a113-cffdd78b5162"
    ],
    [
      "OCCBr",
      "2c3fa672-eee7-4a25-a56a-71d0a09783c3"
    ],
    [
      "[BH4][Na]",
      "322031e7-1d8e-473c-8ed8-6ad76e54fb16"
    ],
    [
      "[Li]CCCC",
      "664e2a68-f1ea-4e2d-a306-7c0cafc65f1e"
    ],
    [
      "[Li]O",
      "1250bef4-9633-401b-ab6f-3e4de8eae875"
    ],
    [
      "[NaH]",
      "4f77ac75-603f-4938-93f9-11e4ad14ca54"
    ],
    [
      "abcfca71-3d82-4909-b090-833ee6e3e170",
      "Clc1cc(Br)c2c(c1)CCc1cc(Br)cnc1C2=C1CCNCC1"
    ],
    [
      "c1ccc(P(c2ccccc2)c2ccc3ccccc3c2c2c(P(c3ccccc3)c3ccccc3)ccc3ccccc32)cc1",
      "cc2be108-2b6b-46af-8f7f-4e8ac4dc90e1"
    ],
    [
      "c1ccncc1",
      "7c659934-18cf-424f-b172-739cfe5c849f"
    ],
    [
      "c1ccncc1",
      "e2df04ff-d62e-4800-a911-52beb03bc7d7"
    ],
    [
      "cc2be108-2b6b-46af-8f7f-4e8ac4dc90e1",
      "CC(C)(C)c1ccccc1N1CCCC1"
    ],
    [
      "ce4322ed-1031-4ee5-b136-e4b4121771f7",
      "COC(=O)c1ccc(-c2ccc(OCCO)c(-c3ccc(N4CCCC4)c(C(C)(C)C)c3)c2)cc1"
    ],
    [
      "e2df04ff-d62e-4800-a911-52beb03bc7d7",
      "O=CC(Cc1ccccc1)N1C(=O)c2ccccc2C1=O"
    ],
    [
      "e89b0c8c-914d-47a9-a113-cffdd78b5162",
      "CC(C)(C)c1ccccc1OS(=O)(=O)C(F)(F)F"
    ],
    [
      "f2021411-4956-4933-b850-6a7fb56c496e",
      "CC(C)(C)OC(=O)N1CCC(=C2c3ccc(Cl)cc3CCc3cccnc32)CC1"
    ]
  ]
}