{
  "identifier": "869ed837-b320-4327-8718-aad3df722451",
  "chemical_reactions": [
    {
      "identifier": "13ff3103-444a-444e-aa13-272d47f71fbf",
      "reactants": [
        {
          "identifier": "b92ac191-f00b-4fb0-a77f-481b1fcdfd0c",
          "smiles": "CC(C)(C)OC(=O)N1CCC(=C2c3ccc(Cl)cc3CCc3cccnc32)CC1",
          "state_of_matter": "SOLID",
          "molecular_weight": 410.9363800000003,
          "density": 1.4,
          "mass": 4.109363800000003,
          "is_produced_by": [],
          "is_consumed_by": [
            "13ff3103-444a-444e-aa13-272d47f71fbf"
          ],
          "provenance__density": "dummy estimator based on mw",
          "provenance__is_consumed_by": null,
          "provenance__is_produced_by": null,
          "provenance__mass": null,
          "provenance__molecular_weight": "periodic table",
          "provenance__smiles": null,
          "provenance__state_of_matter": "dummy estimator based on mw"
        }
      ],
      "reagents": [
        {
          "identifier": "c7a9c6c7-2b62-4c21-b5d4-b2dd8f2f8819",
          "smiles": "CC(=O)O",
          "state_of_matter": "LIQUID",
          "molecular_weight": 60.051959999999994,
          "density": 1.0,
          "mass": 0.6005195999999999,
          "is_produced_by": [],
          "is_consumed_by": [
            "13ff3103-444a-444e-aa13-272d47f71fbf"
          ],
          "provenance__density": "dummy estimator based on mw",
          "provenance__is_consumed_by": null,
          "provenance__is_produced_by": null,
          "provenance__mass": null,
          "provenance__molecular_weight": "periodic table",
          "provenance__smiles": null,
          "provenance__state_of_matter": "dummy estimator based on mw"
        },
        {
          "identifier": "e49eafa9-3482-41ce-af4b-a48c21fe3881",
          "smiles": "BrBr",
          "state_of_matter": "LIQUID",
          "molecular_weight": 159.808,
          "density": 1.0,
          "mass": 1.59808,
          "is_produced_by": [],
          "is_consumed_by": [
            "13ff3103-444a-444e-aa13-272d47f71fbf"
          ],
          "provenance__density": "dummy estimator based on mw",
          "provenance__is_consumed_by": null,
          "provenance__is_produced_by": null,
          "provenance__mass": null,
          "provenance__molecular_weight": "periodic table",
          "provenance__smiles": null,
          "provenance__state_of_matter": "dummy estimator based on mw"
        }
      ],
      "products": [
        {
          "identifier": "12069edb-ff16-41cc-8dd3-03be56f5ee9c",
          "smiles": "CC(C)(C)OC(=O)N1CCC(=C2c3ncccc3CCc3cc(Cl)cc(Br)c32)CC1",
          "state_of_matter": "SOLID",
          "molecular_weight": 489.8324400000003,
          "density": 1.4,
          "mass": 4.8983244000000035,
          "is_produced_by": [
            "13ff3103-444a-444e-aa13-272d47f71fbf"
          ],
          "is_consumed_by": [],
          "provenance__density": "dummy estimator based on mw",
          "provenance__is_consumed_by": null,
          "provenance__is_produced_by": null,
          "provenance__mass": null,
          "provenance__molecular_weight": "periodic table",
          "provenance__smiles": null,
          "provenance__state_of_matter": "dummy estimator based on mw"
        }
      ],
      "stoichiometry": {
        "b92ac191-f00b-4fb0-a77f-481b1fcdfd0c": 1.0,
        "12069edb-ff16-41cc-8dd3-03be56f5ee9c": -1.0
      },
      "temperature": 296.42936775684353,
      "intended_ratios": {
        "b92ac191-f00b-4fb0-a77f-481b1fcdfd0c": 1.0,
        "c7a9c6c7-2b62-4c21-b5d4-b2dd8f2f8819": 1.0,
        "e49eafa9-3482-41ce-af4b-a48c21fe3881": 1.0
      },
      "expected_yields": {
        "12069edb-ff16-41cc-8dd3-03be56f5ee9c": 1.0
      },
      "reaction_extent": 0.01
    },
    {
      "identifier": "42644b52-c961-4262-b7cc-c1e61d5cfdc2",
      "reactants": [
        {
          "identifier": "7032ce8a-d3a5-4978-934e-e888d812000b",
          "smiles": "CC(C)(C)OC(=O)N1CCC(=C2c3ncc(Br)cc3CCc3cc(Cl)cc(Br)c32)CC1",
          "state_of_matter": "SOLID",
          "molecular_weight": 568.728499999999,
          "density": 1.4,
          "mass": 5.68728499999999,
          "is_produced_by": [],
          "is_consumed_by": [
            "42644b52-c961-4262-b7cc-c1e61d5cfdc2"
          ],
          "provenance__density": "dummy estimator based on mw",
          "provenance__is_consumed_by": null,
          "provenance__is_produced_by": null,
          "provenance__mass": null,
          "provenance__molecular_weight": "periodic table",
          "provenance__smiles": null,
          "provenance__state_of_matter": "dummy estimator based on mw"
        }
      ],
      "reagents": [
        {
          "identifier": "02da6596-b9ce-4ddc-9394-7d8bf37e7f3d",
          "smiles": "ClCCl",
          "state_of_matter": "LIQUID",
          "molecular_weight": 84.93258000000002,
          "density": 1.0,
          "mass": 0.8493258000000001,
          "is_produced_by": [],
          "is_consumed_by": [
            "42644b52-c961-4262-b7cc-c1e61d5cfdc2"
          ],
          "provenance__density": "dummy estimator based on mw",
          "provenance__is_consumed_by": null,
          "provenance__is_produced_by": null,
          "provenance__mass": null,
          "provenance__molecular_weight": "periodic table",
          "provenance__smiles": null,
          "provenance__state_of_matter": "dummy estimator based on mw"
        },
        {
          "identifier": "2c8bd6d2-c61b-4a0c-984d-4aa67b9bdf33",
          "smiles": "O=C(O)C(F)(F)F",
          "state_of_matter": "LIQUID",
          "molecular_weight": 114.0233496,
          "density": 1.0,
          "mass": 1.140233496,
          "is_produced_by": [],
          "is_consumed_by": [
            "42644b52-c961-4262-b7cc-c1e61d5cfdc2"
          ],
          "provenance__density": "dummy estimator based on mw",
          "provenance__is_consumed_by": null,
          "provenance__is_produced_by": null,
          "provenance__mass": null,
          "provenance__molecular_weight": "periodic table",
          "provenance__smiles": null,
          "provenance__state_of_matter": "dummy estimator based on mw"
        }
      ],
      "products": [
        {
          "identifier": "634c9cc0-0da7-4700-9d2d-996ffedfc5af",
          "smiles": "Clc1cc(Br)c2c(c1)CCc1cc(Br)cnc1C2=C1CCNCC1",
          "state_of_matter": "SOLID",
          "molecular_weight": 468.6126800000001,
          "density": 1.4,
          "mass": 4.686126800000001,
          "is_produced_by": [
            "42644b52-c961-4262-b7cc-c1e61d5cfdc2"
          ],
          "is_consumed_by": [],
          "provenance__density": "dummy estimator based on mw",
          "provenance__is_consumed_by": null,
          "provenance__is_produced_by": null,
          "provenance__mass": null,
          "provenance__molecular_weight": "periodic table",
          "provenance__smiles": null,
          "provenance__state_of_matter": "dummy estimator based on mw"
        }
      ],
      "stoichiometry": {
        "7032ce8a-d3a5-4978-934e-e888d812000b": 1.0,
        "634c9cc0-0da7-4700-9d2d-996ffedfc5af": -1.0
      },
      "temperature": 293.481430631876,
      "intended_ratios": {
        "7032ce8a-d3a5-4978-934e-e888d812000b": 1.0,
        "02da6596-b9ce-4ddc-9394-7d8bf37e7f3d": 1.0,
        "2c8bd6d2-c61b-4a0c-984d-4aa67b9bdf33": 1.0
      },
      "expected_yields": {
        "634c9cc0-0da7-4700-9d2d-996ffedfc5af": 1.0
      },
      "reaction_extent": 0.01
    },
    {
      "identifier": "da376a20-12d5-4f89-b17d-20f214b86774",
      "reactants": [
        {
          "identifier": "bf1c69f6-6bbe-4287-80d9-7c91dfda0f21",
          "smiles": "CC(C)(C)OC(=O)N1CCC(=C2c3ncccc3CCc3cc(Cl)cc(Br)c32)CC1",
          "state_of_matter": "SOLID",
          "molecular_weight": 489.8324400000003,
          "density": 1.4,
          "mass": 4.8983244000000035,
          "is_produced_by": [],
          "is_consumed_by": [
            "da376a20-12d5-4f89-b17d-20f214b86774"
          ],
          "provenance__density": "dummy estimator based on mw",
          "provenance__is_consumed_by": null,
          "provenance__is_produced_by": null,
          "provenance__mass": null,
          "provenance__molecular_weight": "periodic table",
          "provenance__smiles": null,
          "provenance__state_of_matter": "dummy estimator based on mw"
        }
      ],
      "reagents": [
        {
          "identifier": "74140e21-436f-430f-85d8-a9cae0ae45cb",
          "smiles": "CN(C)C=O",
          "state_of_matter": "LIQUID",
          "molecular_weight": 73.09378000000004,
          "density": 1.0,
          "mass": 0.7309378000000004,
          "is_produced_by": [],
          "is_consumed_by": [
            "da376a20-12d5-4f89-b17d-20f214b86774"
          ],
          "provenance__density": "dummy estimator based on mw",
          "provenance__is_consumed_by": null,
          "provenance__is_produced_by": null,
          "provenance__mass": null,
          "provenance__molecular_weight": "periodic table",
          "provenance__smiles": null,
          "provenance__state_of_matter": "dummy estimator based on mw"
        },
        {
          "identifier": "39e5cbea-d4ff-4160-ac70-36e4740f0126",
          "smiles": "[NaH]",
          "state_of_matter": "SOLID",
          "molecular_weight": 23.99771,
          "density": 1.4,
          "mass": 0.23997710000000003,
          "is_produced_by": [],
          "is_consumed_by": [
            "da376a20-12d5-4f89-b17d-20f214b86774"
          ],
          "provenance__density": "dummy estimator based on mw",
          "provenance__is_consumed_by": null,
          "provenance__is_produced_by": null,
          "provenance__mass": null,
          "provenance__molecular_weight": "periodic table",
          "provenance__smiles": null,
          "provenance__state_of_matter": "dummy estimator based on mw"
        }
      ],
      "products": [
        {
          "identifier": "87284297-0cb8-4b55-a4a6-23a3c1916c88",
          "smiles": "CC(C)(C)OC(=O)N1CCC(=C2c3ncc(Br)cc3CCc3cc(Cl)cc(Br)c32)CC1",
          "state_of_matter": "SOLID",
          "molecular_weight": 568.728499999999,
          "density": 1.4,
          "mass": 5.68728499999999,
          "is_produced_by": [
            "da376a20-12d5-4f89-b17d-20f214b86774"
          ],
          "is_consumed_by": [],
          "provenance__density": "dummy estimator based on mw",
          "provenance__is_consumed_by": null,
          "provenance__is_produced_by": null,
          "provenance__mass": null,
          "provenance__molecular_weight": "periodic table",
          "provenance__smiles": null,
          "provenance__state_of_matter": "dummy estimator based on mw"
        }
      ],
      "stoichiometry": {
        "bf1c69f6-6bbe-4287-80d9-7c91dfda0f21": 1.0,
        "87284297-0cb8-4b55-a4a6-23a3c1916c88": -1.0
      },
      "temperature": 297.4380413711071,
      "intended_ratios": {
        "bf1c69f6-6bbe-4287-80d9-7c91dfda0f21": 1.0,
        "74140e21-436f-430f-85d8-a9cae0ae45cb": 1.0,
        "39e5cbea-d4ff-4160-ac70-36e4740f0126": 1.0
      },
      "expected_yields": {
        "87284297-0cb8-4b55-a4a6-23a3c1916c88": 1.0
      },
      "reaction_extent": 0.01
    },
    {
      "identifier": "d92b821c-8562-4eee-9707-5f077d5b5cd5",
      "reactants": [
        {
          "identifier": "337cc6cf-618e-48de-9160-da74bd37f7be",
          "smiles": "CC(C)(C)OC(=O)OC(=O)OC(C)(C)C",
          "state_of_matter": "SOLID",
          "molecular_weight": 218.24691999999976,
          "density": 1.4,
          "mass": 2.1824691999999977,
          "is_produced_by": [],
          "is_consumed_by": [
            "d92b821c-8562-4eee-9707-5f077d5b5cd5"
          ],
          "provenance__density": "dummy estimator based on mw",
          "provenance__is_consumed_by": null,
          "provenance__is_produced_by": null,
          "provenance__mass": null,
          "provenance__molecular_weight": "periodic table",
          "provenance__smiles": null,
          "provenance__state_of_matter": "dummy estimator based on mw"
        },
        {
          "identifier": "c86143bc-586a-4b71-8f4a-ae82fa62af64",
          "smiles": "Clc1ccc2c(c1)CCc1cccnc1C2=C1CCNCC1",
          "state_of_matter": "SOLID",
          "molecular_weight": 310.8205600000003,
          "density": 1.4,
          "mass": 3.108205600000003,
          "is_produced_by": [],
          "is_consumed_by": [
            "d92b821c-8562-4eee-9707-5f077d5b5cd5"
          ],
          "provenance__density": "dummy estimator based on mw",
          "provenance__is_consumed_by": null,
          "provenance__is_produced_by": null,
          "provenance__mass": null,
          "provenance__molecular_weight": "periodic table",
          "provenance__smiles": null,
          "provenance__state_of_matter": "dummy estimator based on mw"
        }
      ],
      "reagents": [
        {
          "identifier": "93fb815c-fc03-491f-b4e5-03a689a76c93",
          "smiles": "ClCCl",
          "state_of_matter": "LIQUID",
          "molecular_weight": 84.93258000000002,
          "density": 1.0,
          "mass": 0.8493258000000001,
          "is_produced_by": [],
          "is_consumed_by": [
            "d92b821c-8562-4eee-9707-5f077d5b5cd5"
          ],
          "provenance__density": "dummy estimator based on mw",
          "provenance__is_consumed_by": null,
          "provenance__is_produced_by": null,
          "provenance__mass": null,
          "provenance__molecular_weight": "periodic table",
          "provenance__smiles": null,
          "provenance__state_of_matter": "dummy estimator based on mw"
        },
        {
          "identifier": "d8e64ea9-b967-4f89-83ed-a8be2de1da5d",
          "smiles": "CCN(CC)CC",
          "state_of_matter": "LIQUID",
          "molecular_weight": 101.19000000000008,
          "density": 1.0,
          "mass": 1.011900000000001,
          "is_produced_by": [],
          "is_consumed_by": [
            "d92b821c-8562-4eee-9707-5f077d5b5cd5"
          ],
          "provenance__density": "dummy estimator based on mw",
          "provenance__is_consumed_by": null,
          "provenance__is_produced_by": null,
          "provenance__mass": null,
          "provenance__molecular_weight": "periodic table",
          "provenance__smiles": null,
          "provenance__state_of_matter": "dummy estimator based on mw"
        }
      ],
      "products": [
        {
          "identifier": "a2781ff1-fecd-42f6-8bdd-0d0d7c493739",
          "smiles": "CC(C)(C)OC(=O)N1CCC(=C2c3ccc(Cl)cc3CCc3cccnc32)CC1",
          "state_of_matter": "SOLID",
          "molecular_weight": 410.9363800000003,
          "density": 1.4,
          "mass": 4.109363800000003,
          "is_produced_by": [
            "d92b821c-8562-4eee-9707-5f077d5b5cd5"
          ],
          "is_consumed_by": [],
          "provenance__density": "dummy estimator based on mw",
          "provenance__is_consumed_by": null,
          "provenance__is_produced_by": null,
          "provenance__mass": null,
          "provenance__molecular_weight": "periodic table",
          "provenance__smiles": null,
          "provenance__state_of_matter": "dummy estimator based on mw"
        }
      ],
      "stoichiometry": {
        "337cc6cf-618e-48de-9160-da74bd37f7be": 1.0,
        "c86143bc-586a-4b71-8f4a-ae82fa62af64": 1.0,
        "a2781ff1-fecd-42f6-8bdd-0d0d7c493739": -1.0
      },
      "temperature": 274.6511415660381,
      "intended_ratios": {
        "337cc6cf-618e-48de-9160-da74bd37f7be": 1.0,
        "c86143bc-586a-4b71-8f4a-ae82fa62af64": 1.0,
        "93fb815c-fc03-491f-b4e5-03a689a76c93": 1.0,
        "d8e64ea9-b967-4f89-83ed-a8be2de1da5d": 1.0
      },
      "expected_yields": {
        "a2781ff1-fecd-42f6-8bdd-0d0d7c493739": 1.0
      },
      "reaction_extent": 0.01
    },
    {
      "identifier": "c5e1c638-77eb-4146-828f-b03f669bbe0e",
      "reactants": [
        {
          "identifier": "6b724006-50f8-4e70-aa9b-3e39c88c8925",
          "smiles": "C[Si](C)(C)N=C=O",
          "state_of_matter": "LIQUID",
          "molecular_weight": 115.20586000000003,
          "density": 1.0,
          "mass": 1.1520586000000004,
          "is_produced_by": [],
          "is_consumed_by": [
            "c5e1c638-77eb-4146-828f-b03f669bbe0e"
          ],
          "provenance__density": "dummy estimator based on mw",
          "provenance__is_consumed_by": null,
          "provenance__is_produced_by": null,
          "provenance__mass": null,
          "provenance__molecular_weight": "periodic table",
          "provenance__smiles": null,
          "provenance__state_of_matter": "dummy estimator based on mw"
        },
        {
          "identifier": "1a4375df-f049-4123-a434-1b1c59f08c44",
          "smiles": "O=C(CC1CCNCC1)N1CCC(C2c3ncc(Br)cc3CCc3cc(Cl)cc(Br)c32)CC1",
          "state_of_matter": "SOLID",
          "molecular_weight": 595.7968999999988,
          "density": 1.4,
          "mass": 5.957968999999988,
          "is_produced_by": [],
          "is_consumed_by": [
            "c5e1c638-77eb-4146-828f-b03f669bbe0e"
          ],
          "provenance__density": "dummy estimator based on mw",
          "provenance__is_consumed_by": null,
          "provenance__is_produced_by": null,
          "provenance__mass": null,
          "provenance__molecular_weight": "periodic table",
          "provenance__smiles": null,
          "provenance__state_of_matter": "dummy estimator based on mw"
        }
      ],
      "reagents": [
        {
          "identifier": "7dda8b74-c369-4dfa-955f-258fa2186f9b",
          "smiles": "ClCCl",
          "state_of_matter": "LIQUID",
          "molecular_weight": 84.93258000000002,
          "density": 1.0,
          "mass": 0.8493258000000001,
          "is_produced_by": [],
          "is_consumed_by": [
            "c5e1c638-77eb-4146-828f-b03f669bbe0e"
          ],
          "provenance__density": "dummy estimator based on mw",
          "provenance__is_consumed_by": null,
          "provenance__is_produced_by": null,
          "provenance__mass": null,
          "provenance__molecular_weight": "periodic table",
          "provenance__smiles": null,
          "provenance__state_of_matter": "dummy estimator based on mw"
        }
      ],
      "products": [
        {
          "identifier": "65cba645-4486-4283-b774-210b51a1f1c3",
          "smiles": "NC(=O)N1CCC(CC(=O)N2CCC(C3c4ncc(Br)cc4CCc4cc(Cl)cc(Br)c43)CC2)CC1",
          "state_of_matter": "SOLID",
          "molecular_weight": 638.8216399999989,
          "density": 1.4,
          "mass": 6.388216399999989,
          "is_produced_by": [
            "c5e1c638-77eb-4146-828f-b03f669bbe0e"
          ],
          "is_consumed_by": [],
          "provenance__density": "dummy estimator based on mw",
          "provenance__is_consumed_by": null,
          "provenance__is_produced_by": null,
          "provenance__mass": null,
          "provenance__molecular_weight": "periodic table",
          "provenance__smiles": null,
          "provenance__state_of_matter": "dummy estimator based on mw"
        }
      ],
      "stoichiometry": {
        "6b724006-50f8-4e70-aa9b-3e39c88c8925": 1.0,
        "1a4375df-f049-4123-a434-1b1c59f08c44": 1.0,
        "65cba645-4486-4283-b774-210b51a1f1c3": -1.0
      },
      "temperature": 286.6168689250946,
      "intended_ratios": {
        "6b724006-50f8-4e70-aa9b-3e39c88c8925": 1.0,
        "1a4375df-f049-4123-a434-1b1c59f08c44": 1.0,
        "7dda8b74-c369-4dfa-955f-258fa2186f9b": 1.0
      },
      "expected_yields": {
        "65cba645-4486-4283-b774-210b51a1f1c3": 1.0
      },
      "reaction_extent": 0.01
    },
    {
      "identifier": "8505102f-8fae-4e2c-9882-f3b0a69e72ce",
      "reactants": [
        {
          "identifier": "1d965b1a-9dcb-4782-b36d-8685310bb3d7",
          "smiles": "Clc1cc(Br)c2c(c1)CCc1cc(Br)cnc1C2=C1CCNCC1",
          "state_of_matter": "SOLID",
          "molecular_weight": 468.6126800000001,
          "density": 1.4,
          "mass": 4.686126800000001,
          "is_produced_by": [],
          "is_consumed_by": [
            "8505102f-8fae-4e2c-9882-f3b0a69e72ce"
          ],
          "provenance__density": "dummy estimator based on mw",
          "provenance__is_consumed_by": null,
          "provenance__is_produced_by": null,
          "provenance__mass": null,
          "provenance__molecular_weight": "periodic table",
          "provenance__smiles": null,
          "provenance__state_of_matter": "dummy estimator based on mw"
        }
      ],
      "reagents": [
        {
          "identifier": "0c42cbaa-49c3-4c4a-85d8-72f7361d0183",
          "smiles": "ClCCl",
          "state_of_matter": "LIQUID",
          "molecular_weight": 84.93258000000002,
          "density": 1.0,
          "mass": 0.8493258000000001,
          "is_produced_by": [],
          "is_consumed_by": [
            "8505102f-8fae-4e2c-9882-f3b0a69e72ce"
          ],
          "provenance__density": "dummy estimator based on mw",
          "provenance__is_consumed_by": null,
          "provenance__is_produced_by": null,
          "provenance__mass": null,
          "provenance__molecular_weight": "periodic table",
          "provenance__smiles": null,
          "provenance__state_of_matter": "dummy estimator based on mw"
        },
        {
          "identifier": "654f16be-1530-4441-883f-2def37867c02",
          "smiles": "O=C(O)C(F)(F)F",
          "state_of_matter": "LIQUID",
          "molecular_weight": 114.0233496,
          "density": 1.0,
          "mass": 1.140233496,
          "is_produced_by": [],
          "is_consumed_by": [
            "8505102f-8fae-4e2c-9882-f3b0a69e72ce"
          ],
          "provenance__density": "dummy estimator based on mw",
          "provenance__is_consumed_by": null,
          "provenance__is_produced_by": null,
          "provenance__mass": null,
          "provenance__molecular_weight": "periodic table",
          "provenance__smiles": null,
          "provenance__state_of_matter": "dummy estimator based on mw"
        }
      ],
      "products": [
        {
          "identifier": "d9e19b69-0243-4263-bcc9-b01ee1bbefb7",
          "smiles": "Clc1cc(Br)c2c(c1)CCc1cc(Br)cnc1C2C1CCNCC1",
          "state_of_matter": "SOLID",
          "molecular_weight": 470.62856000000016,
          "density": 1.4,
          "mass": 4.706285600000002,
          "is_produced_by": [
            "8505102f-8fae-4e2c-9882-f3b0a69e72ce"
          ],
          "is_consumed_by": [],
          "provenance__density": "dummy estimator based on mw",
          "provenance__is_consumed_by": null,
          "provenance__is_produced_by": null,
          "provenance__mass": null,
          "provenance__molecular_weight": "periodic table",
          "provenance__smiles": null,
          "provenance__state_of_matter": "dummy estimator based on mw"
        }
      ],
      "stoichiometry": {
        "1d965b1a-9dcb-4782-b36d-8685310bb3d7": 1.0,
        "d9e19b69-0243-4263-bcc9-b01ee1bbefb7": -1.0
      },
      "temperature": 283.66671758294103,
      "intended_ratios": {
        "1d965b1a-9dcb-4782-b36d-8685310bb3d7": 1.0,
        "0c42cbaa-49c3-4c4a-85d8-72f7361d0183": 1.0,
        "654f16be-1530-4441-883f-2def37867c02": 1.0
      },
      "expected_yields": {
        "d9e19b69-0243-4263-bcc9-b01ee1bbefb7": 1.0
      },
      "reaction_extent": 0.01
    },
    {
      "identifier": "458f54bc-1c32-4e91-89ef-4c2b63a720fe",
      "reactants": [
        {
          "identifier": "d3ecdfc5-bc25-4bd9-ab12-86a4eec032e8",
          "smiles": "Clc1cc(Br)c2c(c1)CCc1cc(Br)cnc1C2C1CCNCC1",
          "state_of_matter": "SOLID",
          "molecular_weight": 470.62856000000016,
          "density": 1.4,
          "mass": 4.706285600000002,
          "is_produced_by": [],
          "is_consumed_by": [
            "458f54bc-1c32-4e91-89ef-4c2b63a720fe"
          ],
          "provenance__density": "dummy estimator based on mw",
          "provenance__is_consumed_by": null,
          "provenance__is_produced_by": null,
          "provenance__mass": null,
          "provenance__molecular_weight": "periodic table",
          "provenance__smiles": null,
          "provenance__state_of_matter": "dummy estimator based on mw"
        },
        {
          "identifier": "fb21836b-d733-487f-8e9c-579e06e70fc4",
          "smiles": "O=C(O)CC1CCNCC1",
          "state_of_matter": "LIQUID",
          "molecular_weight": 143.18361999999988,
          "density": 1.0,
          "mass": 1.431836199999999,
          "is_produced_by": [],
          "is_consumed_by": [
            "458f54bc-1c32-4e91-89ef-4c2b63a720fe"
          ],
          "provenance__density": "dummy estimator based on mw",
          "provenance__is_consumed_by": null,
          "provenance__is_produced_by": null,
          "provenance__mass": null,
          "provenance__molecular_weight": "periodic table",
          "provenance__smiles": null,
          "provenance__state_of_matter": "dummy estimator based on mw"
        }
      ],
      "reagents": [
        {
          "identifier": "3c43df48-d7c5-4a12-96f7-ee92438e298a",
          "smiles": "CN(C)C=O",
          "state_of_matter": "LIQUID",
          "molecular_weight": 73.09378000000004,
          "density": 1.0,
          "mass": 0.7309378000000004,
          "is_produced_by": [],
          "is_consumed_by": [
            "458f54bc-1c32-4e91-89ef-4c2b63a720fe"
          ],
          "provenance__density": "dummy estimator based on mw",
          "provenance__is_consumed_by": null,
          "provenance__is_produced_by": null,
          "provenance__mass": null,
          "provenance__molecular_weight": "periodic table",
          "provenance__smiles": null,
          "provenance__state_of_matter": "dummy estimator based on mw"
        },
        {
          "identifier": "319c73a5-8853-407a-aea4-30b0c69c8a5c",
          "smiles": "CN(C)C(On1nnc2cccnc21)=[N+](C)C.F[P-](F)(F)(F)(F)F",
          "state_of_matter": "SOLID",
          "molecular_weight": 381.2378202000002,
          "density": 1.4,
          "mass": 3.8123782020000023,
          "is_produced_by": [],
          "is_consumed_by": [
            "458f54bc-1c32-4e91-89ef-4c2b63a720fe"
          ],
          "provenance__density": "dummy estimator based on mw",
          "provenance__is_consumed_by": null,
          "provenance__is_produced_by": null,
          "provenance__mass": null,
          "provenance__molecular_weight": "periodic table",
          "provenance__smiles": null,
          "provenance__state_of_matter": "dummy estimator based on mw"
        },
        {
          "identifier": "ead117ea-5bad-4ca6-ae7a-b65ab946639e",
          "smiles": "CCN(C(C)C)C(C)C",
          "state_of_matter": "LIQUID",
          "molecular_weight": 129.24316000000007,
          "density": 1.0,
          "mass": 1.2924316000000007,
          "is_produced_by": [],
          "is_consumed_by": [
            "458f54bc-1c32-4e91-89ef-4c2b63a720fe"
          ],
          "provenance__density": "dummy estimator based on mw",
          "provenance__is_consumed_by": null,
          "provenance__is_produced_by": null,
          "provenance__mass": null,
          "provenance__molecular_weight": "periodic table",
          "provenance__smiles": null,
          "provenance__state_of_matter": "dummy estimator based on mw"
        }
      ],
      "products": [
        {
          "identifier": "5c2dbc44-0b64-4668-aa35-2f35bc366a20",
          "smiles": "O=C(CC1CCNCC1)N1CCC(C2c3ncc(Br)cc3CCc3cc(Cl)cc(Br)c32)CC1",
          "state_of_matter": "SOLID",
          "molecular_weight": 595.7968999999988,
          "density": 1.4,
          "mass": 5.957968999999988,
          "is_produced_by": [
            "458f54bc-1c32-4e91-89ef-4c2b63a720fe"
          ],
          "is_consumed_by": [],
          "provenance__density": "dummy estimator based on mw",
          "provenance__is_consumed_by": null,
          "provenance__is_produced_by": null,
          "provenance__mass": null,
          "provenance__molecular_weight": "periodic table",
          "provenance__smiles": null,
          "provenance__state_of_matter": "dummy estimator based on mw"
        }
      ],
      "stoichiometry": {
        "d3ecdfc5-bc25-4bd9-ab12-86a4eec032e8": 1.0,
        "fb21836b-d733-487f-8e9c-579e06e70fc4": 1.0,
        "5c2dbc44-0b64-4668-aa35-2f35bc366a20": -1.0
      },
      "temperature": 280.4004216134548,
      "intended_ratios": {
        "d3ecdfc5-bc25-4bd9-ab12-86a4eec032e8": 1.0,
        "fb21836b-d733-487f-8e9c-579e06e70fc4": 1.0,
        "3c43df48-d7c5-4a12-96f7-ee92438e298a": 1.0,
        "319c73a5-8853-407a-aea4-30b0c69c8a5c": 1.0,
        "ead117ea-5bad-4ca6-ae7a-b65ab946639e": 1.0
      },
      "expected_yields": {
        "5c2dbc44-0b64-4668-aa35-2f35bc366a20": 1.0
      },
      "reaction_extent": 0.01
    }
  ],
  "molecular_nodes": [
    "BrBr",
    "CC(=O)O",
    "CC(C)(C)OC(=O)N1CCC(=C2c3ccc(Cl)cc3CCc3cccnc32)CC1",
    "CC(C)(C)OC(=O)N1CCC(=C2c3ncc(Br)cc3CCc3cc(Cl)cc(Br)c32)CC1",
    "CC(C)(C)OC(=O)N1CCC(=C2c3ncccc3CCc3cc(Cl)cc(Br)c32)CC1",
    "CC(C)(C)OC(=O)OC(=O)OC(C)(C)C",
    "CCN(C(C)C)C(C)C",
    "CCN(CC)CC",
    "CN(C)C(On1nnc2cccnc21)=[N+](C)C.F[P-](F)(F)(F)(F)F",
    "CN(C)C=O",
    "C[Si](C)(C)N=C=O",
    "ClCCl",
    "Clc1cc(Br)c2c(c1)CCc1cc(Br)cnc1C2=C1CCNCC1",
    "Clc1cc(Br)c2c(c1)CCc1cc(Br)cnc1C2C1CCNCC1",
    "Clc1ccc2c(c1)CCc1cccnc1C2=C1CCNCC1",
    "NC(=O)N1CCC(CC(=O)N2CCC(C3c4ncc(Br)cc4CCc4cc(Cl)cc(Br)c43)CC2)CC1",
    "O=C(CC1CCNCC1)N1CCC(C2c3ncc(Br)cc3CCc3cc(Cl)cc(Br)c32)CC1",
    "O=C(O)C(F)(F)F",
    "O=C(O)CC1CCNCC1",
    "[NaH]"
  ],
  "edges": [
    [
      "13ff3103-444a-444e-aa13-272d47f71fbf",
      "CC(C)(C)OC(=O)N1CCC(=C2c3ncccc3CCc3cc(Cl)cc(Br)c32)CC1"
    ],
    [
      "42644b52-c961-4262-b7cc-c1e61d5cfdc2",
      "Clc1cc(Br)c2c(c1)CCc1cc(Br)cnc1C2=C1CCNCC1"
    ],
    [
      "458f54bc-1c32-4e91-89ef-4c2b63a720fe",
      "O=C(CC1CCNCC1)N1CCC(C2c3ncc(Br)cc3CCc3cc(Cl)cc(Br)c32)CC1"
    ],
    [
      "8505102f-8fae-4e2c-9882-f3b0a69e72ce",
      "Clc1cc(Br)c2c(c1)CCc1cc(Br)cnc1C2C1CCNCC1"
    ],
    [
      "BrBr",
      "13ff3103-444a-444e-aa13-272d47f71fbf"
    ],
    [
      "CC(=O)O",
      "13ff3103-444a-444e-aa13-272d47f71fbf"
    ],
    [
      "CC(C)(C)OC(=O)N1CCC(=C2c3ccc(Cl)cc3CCc3cccnc32)CC1",
      "13ff3103-444a-444e-aa13-272d47f71fbf"
    ],
    [
      "CC(C)(C)OC(=O)N1CCC(=C2c3ncc(Br)cc3CCc3cc(Cl)cc(Br)c32)CC1",
      "42644b52-c961-4262-b7cc-c1e61d5cfdc2"
    ],
    [
      "CC(C)(C)OC(=O)N1CCC(=C2c3ncccc3CCc3cc(Cl)cc(Br)c32)CC1",
      "da376a20-12d5-4f89-b17d-20f214b86774"
    ],
    [
      "CC(C)(C)OC(=O)OC(=O)OC(C)(C)C",
      "d92b821c-8562-4eee-9707-5f077d5b5cd5"
    ],
    [
      "CCN(C(C)C)C(C)C",
      "458f54bc-1c32-4e91-89ef-4c2b63a720fe"
    ],
    [
      "CCN(CC)CC",
      "d92b821c-8562-4eee-9707-5f077d5b5cd5"
    ],
    [
      "CN(C)C(On1nnc2cccnc21)=[N+](C)C.F[P-](F)(F)(F)(F)F",
      "458f54bc-1c32-4e91-89ef-4c2b63a720fe"
    ],
    [
      "CN(C)C=O",
      "458f54bc-1c32-4e91-89ef-4c2b63a720fe"
    ],
    [
      "CN(C)C=O",
      "da376a20-12d5-4f89-b17d-20f214b86774"
    ],
    [
      "C[Si](C)(C)N=C=O",
      "c5e1c638-77eb-4146-828f-b03f669bbe0e"
    ],
    [
      "ClCCl",
      "42644b52-c961-4262-b7cc-c1e61d5cfdc2"
    ],
    [
      "ClCCl",
      "8505102f-8fae-4e2c-9882-f3b0a69e72ce"
    ],
    [
      "ClCCl",
      "c5e1c638-77eb-4146-828f-b03f669bbe0e"
    ],
    [
      "ClCCl",
      "d92b821c-8562-4eee-9707-5f077d5b5cd5"
    ],
    [
      "Clc1cc(Br)c2c(c1)CCc1cc(Br)cnc1C2=C1CCNCC1",
      "8505102f-8fae-4e2c-9882-f3b0a69e72ce"
    ],
    [
      "Clc1cc(Br)c2c(c1)CCc1cc(Br)cnc1C2C1CCNCC1",
      "458f54bc-1c32-4e91-89ef-4c2b63a720fe"
    ],
    [
      "Clc1ccc2c(c1)CCc1cccnc1C2=C1CCNCC1",
      "d92b821c-8562-4eee-9707-5f077d5b5cd5"
    ],
    [
      "O=C(CC1CCNCC1)N1CCC(C2c3ncc(Br)cc3CCc3cc(Cl)cc(Br)c32)CC1",
      "c5e1c638-77eb-4146-828f-b03f669bbe0e"
    ],
    [
      "O=C(O)C(F)(F)F",
      "42644b52-c961-4262-b7cc-c1e61d5cfdc2"
    ],
    [
      "O=C(O)C(F)(F)F",
      "8505102f-8fae-4e2c-9882-f3b0a69e72ce"
    ],
    [
      "O=C(O)CC1CCNCC1",
      "458f54bc-1c32-4e91-89ef-4c2b63a720fe"
    ],
    [
      "[NaH]",
      "da376a20-12d5-4f89-b17d-20f214b86774"
    ],
    [
      "c5e1c638-77eb-4146-828f-b03f669bbe0e",
      "NC(=O)N1CCC(CC(=O)N2CCC(C3c4ncc(Br)cc4CCc4cc(Cl)cc(Br)c43)CC2)CC1"
    ],
    [
      "d92b821c-8562-4eee-9707-5f077d5b5cd5",
      "CC(C)(C)OC(=O)N1CCC(=C2c3ccc(Cl)cc3CCc3cccnc32)CC1"
    ],
    [
      "da376a20-12d5-4f89-b17d-20f214b86774",
      "CC(C)(C)OC(=O)N1CCC(=C2c3ncc(Br)cc3CCc3cc(Cl)cc(Br)c32)CC1"
    ]
  ]
}