{
  "identifier": "537c21ab-25d4-4f82-a6a3-3e3bb6d54ab6",
  "chemical_reactions": [
    {
      "identifier": "a642584b-1180-4d78-85c3-7390f647cd4e",
      "reactants": [
        {
          "identifier": "afdf4dba-33a2-45c1-85c0-2829f52e639d",
          "smiles": "C=Cc1ccccc1",
          "state_of_matter": "LIQUID",
          "molecular_weight": 104.14912000000004,
          "density": 1.0,
          "mass": 104.14912000000004,
          "is_produced_by": [],
          "is_consumed_by": [
            "a642584b-1180-4d78-85c3-7390f647cd4e"
          ],
          "provenance__density": "dummy estimator based on mw",
          "provenance__is_consumed_by": null,
          "provenance__is_produced_by": null,
          "provenance__mass": null,
          "provenance__molecular_weight": "periodic table",
          "provenance__smiles": null,
          "provenance__state_of_matter": "dummy estimator based on mw"
        },
        {
          "identifier": "4e5668dc-bbd2-40eb-abe4-98a867682d65",
          "smiles": "CC(C)c1c(O)cc(Br)cc1O",
          "state_of_matter": "SOLID",
          "molecular_weight": 231.08643999999987,
          "density": 1.4,
          "mass": 231.08643999999987,
          "is_produced_by": [],
          "is_consumed_by": [
            "a642584b-1180-4d78-85c3-7390f647cd4e"
          ],
          "provenance__density": "dummy estimator based on mw",
          "provenance__is_consumed_by": null,
          "provenance__is_produced_by": null,
          "provenance__mass": null,
          "provenance__molecular_weight": "periodic table",
          "provenance__smiles": null,
          "provenance__state_of_matter": "dummy estimator based on mw"
        }
      ],
      "reagents": [
        {
          "identifier": "f8a0c1f7-6d93-47cd-8b43-64c24006d21c",
          "smiles": "CN(C)C=O",
          "state_of_matter": "LIQUID",
          "molecular_weight": 73.09378000000004,
          "density": 1.0,
          "mass": 73.09378000000004,
          "is_produced_by": [],
          "is_consumed_by": [
            "a642584b-1180-4d78-85c3-7390f647cd4e"
          ],
          "provenance__density": "dummy estimator based on mw",
          "provenance__is_consumed_by": null,
          "provenance__is_produced_by": null,
          "provenance__mass": null,
          "provenance__molecular_weight": "periodic table",
          "provenance__smiles": null,
          "provenance__state_of_matter": "dummy estimator based on mw"
        },
        {
          "identifier": "a553ba13-7973-4b57-ac46-0cd5dc3ced84",
          "smiles": "CCN(CC)CC",
          "state_of_matter": "LIQUID",
          "molecular_weight": 101.19000000000008,
          "density": 1.0,
          "mass": 101.19000000000008,
          "is_produced_by": [],
          "is_consumed_by": [
            "a642584b-1180-4d78-85c3-7390f647cd4e"
          ],
          "provenance__density": "dummy estimator based on mw",
          "provenance__is_consumed_by": null,
          "provenance__is_produced_by": null,
          "provenance__mass": null,
          "provenance__molecular_weight": "periodic table",
          "provenance__smiles": null,
          "provenance__state_of_matter": "dummy estimator based on mw"
        },
        {
          "identifier": "b37daec3-d0fc-4bda-becb-71b1abbb29fa",
          "smiles": "c1ccc(P(c2ccccc2)c2ccccc2)cc1",
          "state_of_matter": "SOLID",
          "molecular_weight": 262.28546099999994,
          "density": 1.4,
          "mass": 262.28546099999994,
          "is_produced_by": [],
          "is_consumed_by": [
            "a642584b-1180-4d78-85c3-7390f647cd4e"
          ],
          "provenance__density": "dummy estimator based on mw",
          "provenance__is_consumed_by": null,
          "provenance__is_produced_by": null,
          "provenance__mass": null,
          "provenance__molecular_weight": "periodic table",
          "provenance__smiles": null,
          "provenance__state_of_matter": "dummy estimator based on mw"
        },
        {
          "identifier": "3389eebd-093a-4600-8be0-aad74973f846",
          "smiles": "CC(=O)[O-].CC(=O)[O-].[Pd+2]",
          "state_of_matter": "SOLID",
          "molecular_weight": 224.50803999999994,
          "density": 1.4,
          "mass": 224.50803999999994,
          "is_produced_by": [],
          "is_consumed_by": [
            "a642584b-1180-4d78-85c3-7390f647cd4e"
          ],
          "provenance__density": "dummy estimator based on mw",
          "provenance__is_consumed_by": null,
          "provenance__is_produced_by": null,
          "provenance__mass": null,
          "provenance__molecular_weight": "periodic table",
          "provenance__smiles": null,
          "provenance__state_of_matter": "dummy estimator based on mw"
        }
      ],
      "products": [
        {
          "identifier": "0aab1b94-1cf2-47f0-88da-16ef2d3c705a",
          "smiles": "CC(C)c1c(O)cc(C=Cc2ccccc2)cc1O",
          "state_of_matter": "SOLID",
          "molecular_weight": 254.32361999999975,
          "density": 1.4,
          "mass": 254.32361999999975,
          "is_produced_by": [
            "a642584b-1180-4d78-85c3-7390f647cd4e"
          ],
          "is_consumed_by": [],
          "provenance__density": "dummy estimator based on mw",
          "provenance__is_consumed_by": null,
          "provenance__is_produced_by": null,
          "provenance__mass": null,
          "provenance__molecular_weight": "periodic table",
          "provenance__smiles": null,
          "provenance__state_of_matter": "dummy estimator based on mw"
        }
      ],
      "stoichiometry": {
        "afdf4dba-33a2-45c1-85c0-2829f52e639d": 1.0,
        "4e5668dc-bbd2-40eb-abe4-98a867682d65": 1.0,
        "0aab1b94-1cf2-47f0-88da-16ef2d3c705a": -1.0
      },
      "temperature": 353.7789930403232,
      "intended_ratios": {
        "afdf4dba-33a2-45c1-85c0-2829f52e639d": 1.0,
        "4e5668dc-bbd2-40eb-abe4-98a867682d65": 1.0,
        "f8a0c1f7-6d93-47cd-8b43-64c24006d21c": 1.0,
        "a553ba13-7973-4b57-ac46-0cd5dc3ced84": 1.0,
        "b37daec3-d0fc-4bda-becb-71b1abbb29fa": 1.0,
        "3389eebd-093a-4600-8be0-aad74973f846": 1.0
      },
      "expected_yields": {
        "0aab1b94-1cf2-47f0-88da-16ef2d3c705a": 1.0
      },
      "reaction_extent": 1.0
    },
    {
      "identifier": "19dbc659-8950-4a7c-91e7-5bf995ba790f",
      "reactants": [
        {
          "identifier": "e9ef66f4-62ee-4338-b5af-69e42f7e2571",
          "smiles": "CC(C)N",
          "state_of_matter": "LIQUID",
          "molecular_weight": 59.11025999999998,
          "density": 1.0,
          "mass": 59.11025999999998,
          "is_produced_by": [],
          "is_consumed_by": [
            "19dbc659-8950-4a7c-91e7-5bf995ba790f"
          ],
          "provenance__density": "dummy estimator based on mw",
          "provenance__is_consumed_by": null,
          "provenance__is_produced_by": null,
          "provenance__mass": null,
          "provenance__molecular_weight": "periodic table",
          "provenance__smiles": null,
          "provenance__state_of_matter": "dummy estimator based on mw"
        },
        {
          "identifier": "32227b85-a692-42a8-8d07-415721824f95",
          "smiles": "O=C(OC(Cl)(Cl)Cl)OC(Cl)(Cl)Cl",
          "state_of_matter": "SOLID",
          "molecular_weight": 296.7483000000001,
          "density": 1.4,
          "mass": 296.7483000000001,
          "is_produced_by": [],
          "is_consumed_by": [
            "19dbc659-8950-4a7c-91e7-5bf995ba790f"
          ],
          "provenance__density": "dummy estimator based on mw",
          "provenance__is_consumed_by": null,
          "provenance__is_produced_by": null,
          "provenance__mass": null,
          "provenance__molecular_weight": "periodic table",
          "provenance__smiles": null,
          "provenance__state_of_matter": "dummy estimator based on mw"
        }
      ],
      "reagents": [
        {
          "identifier": "83909ee8-493a-4ced-b990-fbbbd79e365c",
          "smiles": "ClCCl",
          "state_of_matter": "LIQUID",
          "molecular_weight": 84.93258000000002,
          "density": 1.0,
          "mass": 84.93258000000002,
          "is_produced_by": [],
          "is_consumed_by": [
            "19dbc659-8950-4a7c-91e7-5bf995ba790f"
          ],
          "provenance__density": "dummy estimator based on mw",
          "provenance__is_consumed_by": null,
          "provenance__is_produced_by": null,
          "provenance__mass": null,
          "provenance__molecular_weight": "periodic table",
          "provenance__smiles": null,
          "provenance__state_of_matter": "dummy estimator based on mw"
        }
      ],
      "products": [
        {
          "identifier": "11ca570c-859b-4437-ba1b-5af0eefb5c1a",
          "smiles": "CC(C)NC(=O)Cl",
          "state_of_matter": "LIQUID",
          "molecular_weight": 121.56542000000005,
          "density": 1.0,
          "mass": 121.56542000000005,
          "is_produced_by": [
            "19dbc659-8950-4a7c-91e7-5bf995ba790f"
          ],
          "is_consumed_by": [],
          "provenance__density": "dummy estimator based on mw",
          "provenance__is_consumed_by": null,
          "provenance__is_produced_by": null,
          "provenance__mass": null,
          "provenance__molecular_weight": "periodic table",
          "provenance__smiles": null,
          "provenance__state_of_matter": "dummy estimator based on mw"
        }
      ],
      "stoichiometry": {
        "e9ef66f4-62ee-4338-b5af-69e42f7e2571": 1.0,
        "32227b85-a692-42a8-8d07-415721824f95": 1.0,
        "11ca570c-859b-4437-ba1b-5af0eefb5c1a": -1.0
      },
      "temperature": 287.31718023419376,
      "intended_ratios": {
        "e9ef66f4-62ee-4338-b5af-69e42f7e2571": 1.0,
        "32227b85-a692-42a8-8d07-415721824f95": 1.0,
        "83909ee8-493a-4ced-b990-fbbbd79e365c": 1.0
      },
      "expected_yields": {
        "11ca570c-859b-4437-ba1b-5af0eefb5c1a": 1.0
      },
      "reaction_extent": 1.0
    },
    {
      "identifier": "c6ca70ef-88e7-4730-a453-4c2fbfb6500a",
      "reactants": [
        {
          "identifier": "ed63e80a-0b98-49ff-953e-c936b01965cf",
          "smiles": "CC(C)N1C(=O)CC(=O)NC1=O",
          "state_of_matter": "LIQUID",
          "molecular_weight": 170.16589999999994,
          "density": 1.0,
          "mass": 170.16589999999994,
          "is_produced_by": [],
          "is_consumed_by": [
            "c6ca70ef-88e7-4730-a453-4c2fbfb6500a"
          ],
          "provenance__density": "dummy estimator based on mw",
          "provenance__is_consumed_by": null,
          "provenance__is_produced_by": null,
          "provenance__mass": null,
          "provenance__molecular_weight": "periodic table",
          "provenance__smiles": null,
          "provenance__state_of_matter": "dummy estimator based on mw"
        }
      ],
      "reagents": [
        {
          "identifier": "f0620c5d-ff17-404c-b408-72654c3ee1aa",
          "smiles": "CN(C)C=O",
          "state_of_matter": "LIQUID",
          "molecular_weight": 73.09378000000004,
          "density": 1.0,
          "mass": 73.09378000000004,
          "is_produced_by": [],
          "is_consumed_by": [
            "c6ca70ef-88e7-4730-a453-4c2fbfb6500a"
          ],
          "provenance__density": "dummy estimator based on mw",
          "provenance__is_consumed_by": null,
          "provenance__is_produced_by": null,
          "provenance__mass": null,
          "provenance__molecular_weight": "periodic table",
          "provenance__smiles": null,
          "provenance__state_of_matter": "dummy estimator based on mw"
        },
        {
          "identifier": "32b595e7-52c4-465a-9dfe-b7465ceadcdb",
          "smiles": "O",
          "state_of_matter": "LIQUID",
          "molecular_weight": 18.01528,
          "density": 1.0,
          "mass": 18.01528,
          "is_produced_by": [],
          "is_consumed_by": [
            "c6ca70ef-88e7-4730-a453-4c2fbfb6500a"
          ],
          "provenance__density": "dummy estimator based on mw",
          "provenance__is_consumed_by": null,
          "provenance__is_produced_by": null,
          "provenance__mass": null,
          "provenance__molecular_weight": "periodic table",
          "provenance__smiles": null,
          "provenance__state_of_matter": "dummy estimator based on mw"
        },
        {
          "identifier": "4ae4fd84-14fb-4ec3-b795-bba9a5a45377",
          "smiles": "O=C(O[K])O[K]",
          "state_of_matter": "SOLID",
          "molecular_weight": 138.2055,
          "density": 1.4,
          "mass": 138.2055,
          "is_produced_by": [],
          "is_consumed_by": [
            "c6ca70ef-88e7-4730-a453-4c2fbfb6500a"
          ],
          "provenance__density": "dummy estimator based on mw",
          "provenance__is_consumed_by": null,
          "provenance__is_produced_by": null,
          "provenance__mass": null,
          "provenance__molecular_weight": "periodic table",
          "provenance__smiles": null,
          "provenance__state_of_matter": "dummy estimator based on mw"
        },
        {
          "identifier": "0e90e39f-2a57-4ed4-9ae8-eaa5e50a906a",
          "smiles": "CI",
          "state_of_matter": "LIQUID",
          "molecular_weight": 141.93898999999996,
          "density": 1.0,
          "mass": 141.93898999999996,
          "is_produced_by": [],
          "is_consumed_by": [
            "c6ca70ef-88e7-4730-a453-4c2fbfb6500a"
          ],
          "provenance__density": "dummy estimator based on mw",
          "provenance__is_consumed_by": null,
          "provenance__is_produced_by": null,
          "provenance__mass": null,
          "provenance__molecular_weight": "periodic table",
          "provenance__smiles": null,
          "provenance__state_of_matter": "dummy estimator based on mw"
        }
      ],
      "products": [
        {
          "identifier": "6193dc91-32fa-4912-861b-b761465abe9e",
          "smiles": "CC(C)n1c(=O)cc(Cl)[nH]c1=O",
          "state_of_matter": "LIQUID",
          "molecular_weight": 189.61949999999993,
          "density": 1.0,
          "mass": 189.61949999999993,
          "is_produced_by": [
            "c6ca70ef-88e7-4730-a453-4c2fbfb6500a"
          ],
          "is_consumed_by": [],
          "provenance__density": "dummy estimator based on mw",
          "provenance__is_consumed_by": null,
          "provenance__is_produced_by": null,
          "provenance__mass": null,
          "provenance__molecular_weight": "periodic table",
          "provenance__smiles": null,
          "provenance__state_of_matter": "dummy estimator based on mw"
        }
      ],
      "stoichiometry": {
        "ed63e80a-0b98-49ff-953e-c936b01965cf": 1.0,
        "6193dc91-32fa-4912-861b-b761465abe9e": -1.0
      },
      "temperature": 297.4154758930206,
      "intended_ratios": {
        "ed63e80a-0b98-49ff-953e-c936b01965cf": 1.0,
        "f0620c5d-ff17-404c-b408-72654c3ee1aa": 1.0,
        "32b595e7-52c4-465a-9dfe-b7465ceadcdb": 1.0,
        "4ae4fd84-14fb-4ec3-b795-bba9a5a45377": 1.0,
        "0e90e39f-2a57-4ed4-9ae8-eaa5e50a906a": 1.0
      },
      "expected_yields": {
        "6193dc91-32fa-4912-861b-b761465abe9e": 1.0
      },
      "reaction_extent": 1.0
    },
    {
      "identifier": "cded29b2-b971-4e04-b64a-4f71e7759e9f",
      "reactants": [
        {
          "identifier": "6bd60f5f-893f-427c-97c6-6bec429b8ddb",
          "smiles": "CC(C)NC(=O)Cl",
          "state_of_matter": "LIQUID",
          "molecular_weight": 121.56542000000005,
          "density": 1.0,
          "mass": 121.56542000000005,
          "is_produced_by": [],
          "is_consumed_by": [
            "cded29b2-b971-4e04-b64a-4f71e7759e9f"
          ],
          "provenance__density": "dummy estimator based on mw",
          "provenance__is_consumed_by": null,
          "provenance__is_produced_by": null,
          "provenance__mass": null,
          "provenance__molecular_weight": "periodic table",
          "provenance__smiles": null,
          "provenance__state_of_matter": "dummy estimator based on mw"
        },
        {
          "identifier": "b897b02d-f00c-49df-9eb6-7173c5f281e4",
          "smiles": "CCOC(=O)CC(=O)Cl",
          "state_of_matter": "LIQUID",
          "molecular_weight": 150.56027999999995,
          "density": 1.0,
          "mass": 150.56027999999995,
          "is_produced_by": [],
          "is_consumed_by": [
            "cded29b2-b971-4e04-b64a-4f71e7759e9f"
          ],
          "provenance__density": "dummy estimator based on mw",
          "provenance__is_consumed_by": null,
          "provenance__is_produced_by": null,
          "provenance__mass": null,
          "provenance__molecular_weight": "periodic table",
          "provenance__smiles": null,
          "provenance__state_of_matter": "dummy estimator based on mw"
        }
      ],
      "reagents": [
        {
          "identifier": "06166fff-9da6-4364-a930-e46f88d224e1",
          "smiles": "ClCCl",
          "state_of_matter": "LIQUID",
          "molecular_weight": 84.93258000000002,
          "density": 1.0,
          "mass": 84.93258000000002,
          "is_produced_by": [],
          "is_consumed_by": [
            "cded29b2-b971-4e04-b64a-4f71e7759e9f"
          ],
          "provenance__density": "dummy estimator based on mw",
          "provenance__is_consumed_by": null,
          "provenance__is_produced_by": null,
          "provenance__mass": null,
          "provenance__molecular_weight": "periodic table",
          "provenance__smiles": null,
          "provenance__state_of_matter": "dummy estimator based on mw"
        }
      ],
      "products": [
        {
          "identifier": "c54a1c25-e5a6-4818-a5b5-3c70344b92db",
          "smiles": "CCOC(=O)CC(=O)N(C(=O)Cl)C(C)C",
          "state_of_matter": "SOLID",
          "molecular_weight": 235.66475999999983,
          "density": 1.4,
          "mass": 235.66475999999983,
          "is_produced_by": [
            "cded29b2-b971-4e04-b64a-4f71e7759e9f"
          ],
          "is_consumed_by": [],
          "provenance__density": "dummy estimator based on mw",
          "provenance__is_consumed_by": null,
          "provenance__is_produced_by": null,
          "provenance__mass": null,
          "provenance__molecular_weight": "periodic table",
          "provenance__smiles": null,
          "provenance__state_of_matter": "dummy estimator based on mw"
        }
      ],
      "stoichiometry": {
        "6bd60f5f-893f-427c-97c6-6bec429b8ddb": 1.0,
        "b897b02d-f00c-49df-9eb6-7173c5f281e4": 1.0,
        "c54a1c25-e5a6-4818-a5b5-3c70344b92db": -1.0
      },
      "temperature": 298.78428542017934,
      "intended_ratios": {
        "6bd60f5f-893f-427c-97c6-6bec429b8ddb": 1.0,
        "b897b02d-f00c-49df-9eb6-7173c5f281e4": 1.0,
        "06166fff-9da6-4364-a930-e46f88d224e1": 1.0
      },
      "expected_yields": {
        "c54a1c25-e5a6-4818-a5b5-3c70344b92db": 1.0
      },
      "reaction_extent": 1.0
    },
    {
      "identifier": "cfcd17ce-b5a3-4654-b0ce-2a4d6b1801e8",
      "reactants": [
        {
          "identifier": "5ce6f011-0bb0-4abd-b9f6-41f641763ad6",
          "smiles": "CC(C)O",
          "state_of_matter": "LIQUID",
          "molecular_weight": 60.095019999999984,
          "density": 1.0,
          "mass": 60.095019999999984,
          "is_produced_by": [],
          "is_consumed_by": [
            "cfcd17ce-b5a3-4654-b0ce-2a4d6b1801e8"
          ],
          "provenance__density": "dummy estimator based on mw",
          "provenance__is_consumed_by": null,
          "provenance__is_produced_by": null,
          "provenance__mass": null,
          "provenance__molecular_weight": "periodic table",
          "provenance__smiles": null,
          "provenance__state_of_matter": "dummy estimator based on mw"
        },
        {
          "identifier": "8b49aec7-940d-4ddc-bc25-7c22d68e402d",
          "smiles": "Oc1cc(O)cc(Br)c1",
          "state_of_matter": "LIQUID",
          "molecular_weight": 189.00669999999994,
          "density": 1.0,
          "mass": 189.00669999999994,
          "is_produced_by": [],
          "is_consumed_by": [
            "cfcd17ce-b5a3-4654-b0ce-2a4d6b1801e8"
          ],
          "provenance__density": "dummy estimator based on mw",
          "provenance__is_consumed_by": null,
          "provenance__is_produced_by": null,
          "provenance__mass": null,
          "provenance__molecular_weight": "periodic table",
          "provenance__smiles": null,
          "provenance__state_of_matter": "dummy estimator based on mw"
        }
      ],
      "reagents": [
        {
          "identifier": "8a2fa448-7a94-4c4e-84c7-19d7a106a01e",
          "smiles": "O=S(=O)(O)O",
          "state_of_matter": "LIQUID",
          "molecular_weight": 98.07848,
          "density": 1.0,
          "mass": 98.07848,
          "is_produced_by": [],
          "is_consumed_by": [
            "cfcd17ce-b5a3-4654-b0ce-2a4d6b1801e8"
          ],
          "provenance__density": "dummy estimator based on mw",
          "provenance__is_consumed_by": null,
          "provenance__is_produced_by": null,
          "provenance__mass": null,
          "provenance__molecular_weight": "periodic table",
          "provenance__smiles": null,
          "provenance__state_of_matter": "dummy estimator based on mw"
        }
      ],
      "products": [
        {
          "identifier": "97e816b1-7f01-4c7b-96f9-bef439786130",
          "smiles": "CC(C)c1c(O)cc(Br)cc1O",
          "state_of_matter": "SOLID",
          "molecular_weight": 231.08643999999987,
          "density": 1.4,
          "mass": 231.08643999999987,
          "is_produced_by": [
            "cfcd17ce-b5a3-4654-b0ce-2a4d6b1801e8"
          ],
          "is_consumed_by": [],
          "provenance__density": "dummy estimator based on mw",
          "provenance__is_consumed_by": null,
          "provenance__is_produced_by": null,
          "provenance__mass": null,
          "provenance__molecular_weight": "periodic table",
          "provenance__smiles": null,
          "provenance__state_of_matter": "dummy estimator based on mw"
        }
      ],
      "stoichiometry": {
        "5ce6f011-0bb0-4abd-b9f6-41f641763ad6": 1.0,
        "8b49aec7-940d-4ddc-bc25-7c22d68e402d": 1.0,
        "97e816b1-7f01-4c7b-96f9-bef439786130": -1.0
      },
      "temperature": 299.26102591753005,
      "intended_ratios": {
        "5ce6f011-0bb0-4abd-b9f6-41f641763ad6": 1.0,
        "8b49aec7-940d-4ddc-bc25-7c22d68e402d": 1.0,
        "8a2fa448-7a94-4c4e-84c7-19d7a106a01e": 1.0
      },
      "expected_yields": {
        "97e816b1-7f01-4c7b-96f9-bef439786130": 1.0
      },
      "reaction_extent": 1.0
    },
    {
      "identifier": "2587abb0-a927-4878-89c0-889e99484a39",
      "reactants": [
        {
          "identifier": "b660aba1-2c90-4451-81c9-68625f19d909",
          "smiles": "CC(C)n1c(=O)cc(Cl)[nH]c1=O",
          "state_of_matter": "LIQUID",
          "molecular_weight": 189.61949999999993,
          "density": 1.0,
          "mass": 189.61949999999993,
          "is_produced_by": [],
          "is_consumed_by": [
            "2587abb0-a927-4878-89c0-889e99484a39"
          ],
          "provenance__density": "dummy estimator based on mw",
          "provenance__is_consumed_by": null,
          "provenance__is_produced_by": null,
          "provenance__mass": null,
          "provenance__molecular_weight": "periodic table",
          "provenance__smiles": null,
          "provenance__state_of_matter": "dummy estimator based on mw"
        },
        {
          "identifier": "75df4cda-2e10-40d6-a1ee-fc2708ffd45e",
          "smiles": "CC(N)c1ccccc1",
          "state_of_matter": "LIQUID",
          "molecular_weight": 121.17964000000006,
          "density": 1.0,
          "mass": 121.17964000000006,
          "is_produced_by": [],
          "is_consumed_by": [
            "2587abb0-a927-4878-89c0-889e99484a39"
          ],
          "provenance__density": "dummy estimator based on mw",
          "provenance__is_consumed_by": null,
          "provenance__is_produced_by": null,
          "provenance__mass": null,
          "provenance__molecular_weight": "periodic table",
          "provenance__smiles": null,
          "provenance__state_of_matter": "dummy estimator based on mw"
        }
      ],
      "reagents": [
        {
          "identifier": "69c168b7-1228-48f9-9d1c-cf9cfe408949",
          "smiles": "CC#N",
          "state_of_matter": "LIQUID",
          "molecular_weight": 41.051919999999996,
          "density": 1.0,
          "mass": 41.051919999999996,
          "is_produced_by": [],
          "is_consumed_by": [
            "2587abb0-a927-4878-89c0-889e99484a39"
          ],
          "provenance__density": "dummy estimator based on mw",
          "provenance__is_consumed_by": null,
          "provenance__is_produced_by": null,
          "provenance__mass": null,
          "provenance__molecular_weight": "periodic table",
          "provenance__smiles": null,
          "provenance__state_of_matter": "dummy estimator based on mw"
        }
      ],
      "products": [
        {
          "identifier": "e3b4d9be-04de-4e57-ba09-4595488e31ef",
          "smiles": "CC(Nc1cc(=O)n(C(C)C)c(=O)[nH]1)c1ccccc1",
          "state_of_matter": "SOLID",
          "molecular_weight": 274.3382000000002,
          "density": 1.4,
          "mass": 274.3382000000002,
          "is_produced_by": [
            "2587abb0-a927-4878-89c0-889e99484a39"
          ],
          "is_consumed_by": [],
          "provenance__density": "dummy estimator based on mw",
          "provenance__is_consumed_by": null,
          "provenance__is_produced_by": null,
          "provenance__mass": null,
          "provenance__molecular_weight": "periodic table",
          "provenance__smiles": null,
          "provenance__state_of_matter": "dummy estimator based on mw"
        }
      ],
      "stoichiometry": {
        "b660aba1-2c90-4451-81c9-68625f19d909": 1.0,
        "75df4cda-2e10-40d6-a1ee-fc2708ffd45e": 1.0,
        "e3b4d9be-04de-4e57-ba09-4595488e31ef": -1.0
      },
      "temperature": 349.5068563520908,
      "intended_ratios": {
        "b660aba1-2c90-4451-81c9-68625f19d909": 1.0,
        "75df4cda-2e10-40d6-a1ee-fc2708ffd45e": 1.0,
        "69c168b7-1228-48f9-9d1c-cf9cfe408949": 1.0
      },
      "expected_yields": {
        "e3b4d9be-04de-4e57-ba09-4595488e31ef": 1.0
      },
      "reaction_extent": 1.0
    },
    {
      "identifier": "907e2d3f-22e5-403e-b83b-bce75db5f140",
      "reactants": [
        {
          "identifier": "770ed4f4-568f-4afb-9d64-b12abe4e07b7",
          "smiles": "CCOC(=O)CC(=O)N(C(=O)Cl)C(C)C",
          "state_of_matter": "SOLID",
          "molecular_weight": 235.66475999999983,
          "density": 1.4,
          "mass": 235.66475999999983,
          "is_produced_by": [],
          "is_consumed_by": [
            "907e2d3f-22e5-403e-b83b-bce75db5f140"
          ],
          "provenance__density": "dummy estimator based on mw",
          "provenance__is_consumed_by": null,
          "provenance__is_produced_by": null,
          "provenance__mass": null,
          "provenance__molecular_weight": "periodic table",
          "provenance__smiles": null,
          "provenance__state_of_matter": "dummy estimator based on mw"
        }
      ],
      "reagents": [
        {
          "identifier": "166b1553-ef2a-4599-87fc-c7a1d994ce04",
          "smiles": "ClCCl",
          "state_of_matter": "LIQUID",
          "molecular_weight": 84.93258000000002,
          "density": 1.0,
          "mass": 84.93258000000002,
          "is_produced_by": [],
          "is_consumed_by": [
            "907e2d3f-22e5-403e-b83b-bce75db5f140"
          ],
          "provenance__density": "dummy estimator based on mw",
          "provenance__is_consumed_by": null,
          "provenance__is_produced_by": null,
          "provenance__mass": null,
          "provenance__molecular_weight": "periodic table",
          "provenance__smiles": null,
          "provenance__state_of_matter": "dummy estimator based on mw"
        }
      ],
      "products": [
        {
          "identifier": "d102f24a-a386-48e8-9c37-3b577b44a517",
          "smiles": "CCOC(=O)CC(=O)N(C(N)=O)C(C)C",
          "state_of_matter": "SOLID",
          "molecular_weight": 216.2343399999998,
          "density": 1.4,
          "mass": 216.2343399999998,
          "is_produced_by": [
            "907e2d3f-22e5-403e-b83b-bce75db5f140"
          ],
          "is_consumed_by": [],
          "provenance__density": "dummy estimator based on mw",
          "provenance__is_consumed_by": null,
          "provenance__is_produced_by": null,
          "provenance__mass": null,
          "provenance__molecular_weight": "periodic table",
          "provenance__smiles": null,
          "provenance__state_of_matter": "dummy estimator based on mw"
        }
      ],
      "stoichiometry": {
        "770ed4f4-568f-4afb-9d64-b12abe4e07b7": 1.0,
        "d102f24a-a386-48e8-9c37-3b577b44a517": -1.0
      },
      "temperature": 299.2253053843975,
      "intended_ratios": {
        "770ed4f4-568f-4afb-9d64-b12abe4e07b7": 1.0,
        "166b1553-ef2a-4599-87fc-c7a1d994ce04": 1.0
      },
      "expected_yields": {
        "d102f24a-a386-48e8-9c37-3b577b44a517": 1.0
      },
      "reaction_extent": 1.0
    },
    {
      "identifier": "e3240dcf-9e09-48ae-98ea-67a2357db62c",
      "reactants": [
        {
          "identifier": "35eec6ea-7320-4d76-99ca-e24647ba1a1e",
          "smiles": "CCOC(=O)CC(=O)N(C(N)=O)C(C)C",
          "state_of_matter": "SOLID",
          "molecular_weight": 216.2343399999998,
          "density": 1.4,
          "mass": 216.2343399999998,
          "is_produced_by": [],
          "is_consumed_by": [
            "e3240dcf-9e09-48ae-98ea-67a2357db62c"
          ],
          "provenance__density": "dummy estimator based on mw",
          "provenance__is_consumed_by": null,
          "provenance__is_produced_by": null,
          "provenance__mass": null,
          "provenance__molecular_weight": "periodic table",
          "provenance__smiles": null,
          "provenance__state_of_matter": "dummy estimator based on mw"
        }
      ],
      "reagents": [
        {
          "identifier": "8b637e34-a29a-41df-9c01-7719586a92c9",
          "smiles": "CCO",
          "state_of_matter": "LIQUID",
          "molecular_weight": 46.06843999999999,
          "density": 1.0,
          "mass": 46.06843999999999,
          "is_produced_by": [],
          "is_consumed_by": [
            "e3240dcf-9e09-48ae-98ea-67a2357db62c"
          ],
          "provenance__density": "dummy estimator based on mw",
          "provenance__is_consumed_by": null,
          "provenance__is_produced_by": null,
          "provenance__mass": null,
          "provenance__molecular_weight": "periodic table",
          "provenance__smiles": null,
          "provenance__state_of_matter": "dummy estimator based on mw"
        },
        {
          "identifier": "d7b3d31a-7891-41e2-a780-a63b660a42b0",
          "smiles": "CCO[Na]",
          "state_of_matter": "SOLID",
          "molecular_weight": 68.05027000000003,
          "density": 1.4,
          "mass": 68.05027000000003,
          "is_produced_by": [],
          "is_consumed_by": [
            "e3240dcf-9e09-48ae-98ea-67a2357db62c"
          ],
          "provenance__density": "dummy estimator based on mw",
          "provenance__is_consumed_by": null,
          "provenance__is_produced_by": null,
          "provenance__mass": null,
          "provenance__molecular_weight": "periodic table",
          "provenance__smiles": null,
          "provenance__state_of_matter": "dummy estimator based on mw"
        }
      ],
      "products": [
        {
          "identifier": "f3205deb-db6e-4932-9b69-7a9f8067d479",
          "smiles": "CC(C)N1C(=O)CC(=O)NC1=O",
          "state_of_matter": "LIQUID",
          "molecular_weight": 170.16589999999994,
          "density": 1.0,
          "mass": 170.16589999999994,
          "is_produced_by": [
            "e3240dcf-9e09-48ae-98ea-67a2357db62c"
          ],
          "is_consumed_by": [],
          "provenance__density": "dummy estimator based on mw",
          "provenance__is_consumed_by": null,
          "provenance__is_produced_by": null,
          "provenance__mass": null,
          "provenance__molecular_weight": "periodic table",
          "provenance__smiles": null,
          "provenance__state_of_matter": "dummy estimator based on mw"
        }
      ],
      "stoichiometry": {
        "35eec6ea-7320-4d76-99ca-e24647ba1a1e": 1.0,
        "f3205deb-db6e-4932-9b69-7a9f8067d479": -1.0
      },
      "temperature": 321.2602179586887,
      "intended_ratios": {
        "35eec6ea-7320-4d76-99ca-e24647ba1a1e": 1.0,
        "8b637e34-a29a-41df-9c01-7719586a92c9": 1.0,
        "d7b3d31a-7891-41e2-a780-a63b660a42b0": 1.0
      },
      "expected_yields": {
        "f3205deb-db6e-4932-9b69-7a9f8067d479": 1.0
      },
      "reaction_extent": 1.0
    },
    {
      "identifier": "a95ab613-5c78-474e-aa3b-58aeb22ec2e3",
      "reactants": [
        {
          "identifier": "b5b0e710-d320-4239-b9c2-48a8559d16c2",
          "smiles": "CSc1ccc(O)cc1",
          "state_of_matter": "LIQUID",
          "molecular_weight": 140.20281999999992,
          "density": 1.0,
          "mass": 140.20281999999992,
          "is_produced_by": [],
          "is_consumed_by": [
            "a95ab613-5c78-474e-aa3b-58aeb22ec2e3"
          ],
          "provenance__density": "dummy estimator based on mw",
          "provenance__is_consumed_by": null,
          "provenance__is_produced_by": null,
          "provenance__mass": null,
          "provenance__molecular_weight": "periodic table",
          "provenance__smiles": null,
          "provenance__state_of_matter": "dummy estimator based on mw"
        },
        {
          "identifier": "ba53f3d6-8248-4ceb-87df-6c35c5754a2b",
          "smiles": "Cn1c([N+](=O)[O-])cnc1CO",
          "state_of_matter": "LIQUID",
          "molecular_weight": 158.13531999999992,
          "density": 1.0,
          "mass": 158.13531999999992,
          "is_produced_by": [],
          "is_consumed_by": [
            "a95ab613-5c78-474e-aa3b-58aeb22ec2e3"
          ],
          "provenance__density": "dummy estimator based on mw",
          "provenance__is_consumed_by": null,
          "provenance__is_produced_by": null,
          "provenance__mass": null,
          "provenance__molecular_weight": "periodic table",
          "provenance__smiles": null,
          "provenance__state_of_matter": "dummy estimator based on mw"
        }
      ],
      "reagents": [
        {
          "identifier": "9356e3d2-5205-457e-b2a5-b3e3ed7c2fdd",
          "smiles": "C1CCOC1",
          "state_of_matter": "LIQUID",
          "molecular_weight": 72.10572000000005,
          "density": 1.0,
          "mass": 72.10572000000005,
          "is_produced_by": [],
          "is_consumed_by": [
            "a95ab613-5c78-474e-aa3b-58aeb22ec2e3"
          ],
          "provenance__density": "dummy estimator based on mw",
          "provenance__is_consumed_by": null,
          "provenance__is_produced_by": null,
          "provenance__mass": null,
          "provenance__molecular_weight": "periodic table",
          "provenance__smiles": null,
          "provenance__state_of_matter": "dummy estimator based on mw"
        },
        {
          "identifier": "adf6b930-fbc0-4375-a68c-c4c2b259fe0e",
          "smiles": "c1ccc(P(c2ccccc2)c2ccccc2)cc1",
          "state_of_matter": "SOLID",
          "molecular_weight": 262.28546099999994,
          "density": 1.4,
          "mass": 262.28546099999994,
          "is_produced_by": [],
          "is_consumed_by": [
            "a95ab613-5c78-474e-aa3b-58aeb22ec2e3"
          ],
          "provenance__density": "dummy estimator based on mw",
          "provenance__is_consumed_by": null,
          "provenance__is_produced_by": null,
          "provenance__mass": null,
          "provenance__molecular_weight": "periodic table",
          "provenance__smiles": null,
          "provenance__state_of_matter": "dummy estimator based on mw"
        },
        {
          "identifier": "f3a98be4-b09c-4b6b-990a-bd9d90f53ba5",
          "smiles": "CCOC(=O)N=NC(=O)OCC",
          "state_of_matter": "LIQUID",
          "molecular_weight": 174.1545999999999,
          "density": 1.0,
          "mass": 174.1545999999999,
          "is_produced_by": [],
          "is_consumed_by": [
            "a95ab613-5c78-474e-aa3b-58aeb22ec2e3"
          ],
          "provenance__density": "dummy estimator based on mw",
          "provenance__is_consumed_by": null,
          "provenance__is_produced_by": null,
          "provenance__mass": null,
          "provenance__molecular_weight": "periodic table",
          "provenance__smiles": null,
          "provenance__state_of_matter": "dummy estimator based on mw"
        }
      ],
      "products": [
        {
          "identifier": "79db98af-091d-417f-92cb-5f2e0b1fa1bb",
          "smiles": "CSc1ccc(OCc2ncc([N+](=O)[O-])n2C)cc1",
          "state_of_matter": "SOLID",
          "molecular_weight": 280.3228600000002,
          "density": 1.4,
          "mass": 280.3228600000002,
          "is_produced_by": [
            "a95ab613-5c78-474e-aa3b-58aeb22ec2e3"
          ],
          "is_consumed_by": [],
          "provenance__density": "dummy estimator based on mw",
          "provenance__is_consumed_by": null,
          "provenance__is_produced_by": null,
          "provenance__mass": null,
          "provenance__molecular_weight": "periodic table",
          "provenance__smiles": null,
          "provenance__state_of_matter": "dummy estimator based on mw"
        }
      ],
      "stoichiometry": {
        "b5b0e710-d320-4239-b9c2-48a8559d16c2": 1.0,
        "ba53f3d6-8248-4ceb-87df-6c35c5754a2b": 1.0,
        "79db98af-091d-417f-92cb-5f2e0b1fa1bb": -1.0
      },
      "temperature": 283.99080734252925,
      "intended_ratios": {
        "b5b0e710-d320-4239-b9c2-48a8559d16c2": 1.0,
        "ba53f3d6-8248-4ceb-87df-6c35c5754a2b": 1.0,
        "9356e3d2-5205-457e-b2a5-b3e3ed7c2fdd": 1.0,
        "adf6b930-fbc0-4375-a68c-c4c2b259fe0e": 1.0,
        "f3a98be4-b09c-4b6b-990a-bd9d90f53ba5": 1.0
      },
      "expected_yields": {
        "79db98af-091d-417f-92cb-5f2e0b1fa1bb": 1.0
      },
      "reaction_extent": 1.0
    },
    {
      "identifier": "8ef08389-16c4-4683-a9d8-d7df174b5d35",
      "reactants": [
        {
          "identifier": "da83f4f2-8d9e-44af-8e2d-ecc373935501",
          "smiles": "Cc1ccc(S(=O)(=O)Cl)cc1",
          "state_of_matter": "LIQUID",
          "molecular_weight": 190.64727999999988,
          "density": 1.0,
          "mass": 190.64727999999988,
          "is_produced_by": [],
          "is_consumed_by": [
            "8ef08389-16c4-4683-a9d8-d7df174b5d35"
          ],
          "provenance__density": "dummy estimator based on mw",
          "provenance__is_consumed_by": null,
          "provenance__is_produced_by": null,
          "provenance__mass": null,
          "provenance__molecular_weight": "periodic table",
          "provenance__smiles": null,
          "provenance__state_of_matter": "dummy estimator based on mw"
        },
        {
          "identifier": "7ceef771-ba86-433d-b1b9-f2edb3f72033",
          "smiles": "Clc1cnc2[nH]cc(Cc3ccc(Cl)nc3)c2c1",
          "state_of_matter": "SOLID",
          "molecular_weight": 278.13666000000006,
          "density": 1.4,
          "mass": 278.13666000000006,
          "is_produced_by": [],
          "is_consumed_by": [
            "8ef08389-16c4-4683-a9d8-d7df174b5d35"
          ],
          "provenance__density": "dummy estimator based on mw",
          "provenance__is_consumed_by": null,
          "provenance__is_produced_by": null,
          "provenance__mass": null,
          "provenance__molecular_weight": "periodic table",
          "provenance__smiles": null,
          "provenance__state_of_matter": "dummy estimator based on mw"
        }
      ],
      "reagents": [
        {
          "identifier": "6a55e034-dcaf-4aca-951d-8d1b4f5fdd63",
          "smiles": "CN(C)C=O",
          "state_of_matter": "LIQUID",
          "molecular_weight": 73.09378000000004,
          "density": 1.0,
          "mass": 73.09378000000004,
          "is_produced_by": [],
          "is_consumed_by": [
            "8ef08389-16c4-4683-a9d8-d7df174b5d35"
          ],
          "provenance__density": "dummy estimator based on mw",
          "provenance__is_consumed_by": null,
          "provenance__is_produced_by": null,
          "provenance__mass": null,
          "provenance__molecular_weight": "periodic table",
          "provenance__smiles": null,
          "provenance__state_of_matter": "dummy estimator based on mw"
        },
        {
          "identifier": "914f1dbf-3e3c-4d32-9de4-b058c9ce9815",
          "smiles": "O",
          "state_of_matter": "LIQUID",
          "molecular_weight": 18.01528,
          "density": 1.0,
          "mass": 18.01528,
          "is_produced_by": [],
          "is_consumed_by": [
            "8ef08389-16c4-4683-a9d8-d7df174b5d35"
          ],
          "provenance__density": "dummy estimator based on mw",
          "provenance__is_consumed_by": null,
          "provenance__is_produced_by": null,
          "provenance__mass": null,
          "provenance__molecular_weight": "periodic table",
          "provenance__smiles": null,
          "provenance__state_of_matter": "dummy estimator based on mw"
        },
        {
          "identifier": "a6f1177c-0983-4690-af9b-ede3312a7845",
          "smiles": "[NaH]",
          "state_of_matter": "SOLID",
          "molecular_weight": 23.99771,
          "density": 1.4,
          "mass": 23.99771,
          "is_produced_by": [],
          "is_consumed_by": [
            "8ef08389-16c4-4683-a9d8-d7df174b5d35"
          ],
          "provenance__density": "dummy estimator based on mw",
          "provenance__is_consumed_by": null,
          "provenance__is_produced_by": null,
          "provenance__mass": null,
          "provenance__molecular_weight": "periodic table",
          "provenance__smiles": null,
          "provenance__state_of_matter": "dummy estimator based on mw"
        }
      ],
      "products": [
        {
          "identifier": "35b8468a-fbfe-47e4-92ed-d8fa11ace857",
          "smiles": "Cc1ccc(S(=O)(=O)n2cc(Cc3ccc(Cl)nc3)c3cc(Cl)cnc32)cc1",
          "state_of_matter": "SOLID",
          "molecular_weight": 433.33094000000017,
          "density": 1.4,
          "mass": 433.33094000000017,
          "is_produced_by": [
            "8ef08389-16c4-4683-a9d8-d7df174b5d35"
          ],
          "is_consumed_by": [],
          "provenance__density": "dummy estimator based on mw",
          "provenance__is_consumed_by": null,
          "provenance__is_produced_by": null,
          "provenance__mass": null,
          "provenance__molecular_weight": "periodic table",
          "provenance__smiles": null,
          "provenance__state_of_matter": "dummy estimator based on mw"
        }
      ],
      "stoichiometry": {
        "da83f4f2-8d9e-44af-8e2d-ecc373935501": 1.0,
        "7ceef771-ba86-433d-b1b9-f2edb3f72033": 1.0,
        "35b8468a-fbfe-47e4-92ed-d8fa11ace857": -1.0
      },
      "temperature": 294.0366781532764,
      "intended_ratios": {
        "da83f4f2-8d9e-44af-8e2d-ecc373935501": 1.0,
        "7ceef771-ba86-433d-b1b9-f2edb3f72033": 1.0,
        "6a55e034-dcaf-4aca-951d-8d1b4f5fdd63": 1.0,
        "914f1dbf-3e3c-4d32-9de4-b058c9ce9815": 1.0,
        "a6f1177c-0983-4690-af9b-ede3312a7845": 1.0
      },
      "expected_yields": {
        "35b8468a-fbfe-47e4-92ed-d8fa11ace857": 1.0
      },
      "reaction_extent": 1.0
    },
    {
      "identifier": "e67dda69-833d-41a3-bb63-e671b3c0ceec",
      "reactants": [
        {
          "identifier": "22eff5d1-4905-47db-a841-d10558093a6a",
          "smiles": "Cc1ccc(S(=O)(=O)n2cc(Cc3ccc(Cl)nc3)c3cc(Cl)cnc32)cc1",
          "state_of_matter": "SOLID",
          "molecular_weight": 433.33094000000017,
          "density": 1.4,
          "mass": 433.33094000000017,
          "is_produced_by": [],
          "is_consumed_by": [
            "e67dda69-833d-41a3-bb63-e671b3c0ceec"
          ],
          "provenance__density": "dummy estimator based on mw",
          "provenance__is_consumed_by": null,
          "provenance__is_produced_by": null,
          "provenance__mass": null,
          "provenance__molecular_weight": "periodic table",
          "provenance__smiles": null,
          "provenance__state_of_matter": "dummy estimator based on mw"
        }
      ],
      "reagents": [
        {
          "identifier": "73d8a2af-4d2c-4bc3-b356-2fa9fa45c076",
          "smiles": "O=C(O)C(F)(F)F",
          "state_of_matter": "LIQUID",
          "molecular_weight": 114.0233496,
          "density": 1.0,
          "mass": 114.0233496,
          "is_produced_by": [],
          "is_consumed_by": [
            "e67dda69-833d-41a3-bb63-e671b3c0ceec"
          ],
          "provenance__density": "dummy estimator based on mw",
          "provenance__is_consumed_by": null,
          "provenance__is_produced_by": null,
          "provenance__mass": null,
          "provenance__molecular_weight": "periodic table",
          "provenance__smiles": null,
          "provenance__state_of_matter": "dummy estimator based on mw"
        }
      ],
      "products": [
        {
          "identifier": "642d119d-3193-4888-9a80-fcbc20f42966",
          "smiles": "Cc1ccc(S(=O)(=O)n2cc(Cc3ccc(N)nc3)c3cc(Cl)cnc32)cc1",
          "state_of_matter": "SOLID",
          "molecular_weight": 413.90052000000014,
          "density": 1.4,
          "mass": 413.90052000000014,
          "is_produced_by": [
            "e67dda69-833d-41a3-bb63-e671b3c0ceec"
          ],
          "is_consumed_by": [],
          "provenance__density": "dummy estimator based on mw",
          "provenance__is_consumed_by": null,
          "provenance__is_produced_by": null,
          "provenance__mass": null,
          "provenance__molecular_weight": "periodic table",
          "provenance__smiles": null,
          "provenance__state_of_matter": "dummy estimator based on mw"
        }
      ],
      "stoichiometry": {
        "22eff5d1-4905-47db-a841-d10558093a6a": 1.0,
        "642d119d-3193-4888-9a80-fcbc20f42966": -1.0
      },
      "temperature": 354.8695926904678,
      "intended_ratios": {
        "22eff5d1-4905-47db-a841-d10558093a6a": 1.0,
        "73d8a2af-4d2c-4bc3-b356-2fa9fa45c076": 1.0
      },
      "expected_yields": {
        "642d119d-3193-4888-9a80-fcbc20f42966": 1.0
      },
      "reaction_extent": 1.0
    },
    {
      "identifier": "6799cc6b-898d-4dbe-86d7-1edf4cac99bf",
      "reactants": [
        {
          "identifier": "dd2d939e-71aa-42d0-9217-ffa8b911c074",
          "smiles": "Cc1ccc(S(=O)(=O)n2cc(Cc3ccc(N)nc3)c3cc(Cl)cnc32)cc1",
          "state_of_matter": "SOLID",
          "molecular_weight": 413.90052000000014,
          "density": 1.4,
          "mass": 413.90052000000014,
          "is_produced_by": [],
          "is_consumed_by": [
            "6799cc6b-898d-4dbe-86d7-1edf4cac99bf"
          ],
          "provenance__density": "dummy estimator based on mw",
          "provenance__is_consumed_by": null,
          "provenance__is_produced_by": null,
          "provenance__mass": null,
          "provenance__molecular_weight": "periodic table",
          "provenance__smiles": null,
          "provenance__state_of_matter": "dummy estimator based on mw"
        },
        {
          "identifier": "aeb2bcfa-2fde-4bf6-831e-459d1f9a384d",
          "smiles": "O=C(O)c1ccc(C(F)(F)F)nc1",
          "state_of_matter": "LIQUID",
          "molecular_weight": 191.10736959999997,
          "density": 1.0,
          "mass": 191.10736959999997,
          "is_produced_by": [],
          "is_consumed_by": [
            "6799cc6b-898d-4dbe-86d7-1edf4cac99bf"
          ],
          "provenance__density": "dummy estimator based on mw",
          "provenance__is_consumed_by": null,
          "provenance__is_produced_by": null,
          "provenance__mass": null,
          "provenance__molecular_weight": "periodic table",
          "provenance__smiles": null,
          "provenance__state_of_matter": "dummy estimator based on mw"
        }
      ],
      "reagents": [
        {
          "identifier": "2c0b0f60-3d55-4c42-b05c-c01399a2521f",
          "smiles": "c1ccncc1",
          "state_of_matter": "LIQUID",
          "molecular_weight": 79.09990000000003,
          "density": 1.0,
          "mass": 79.09990000000003,
          "is_produced_by": [],
          "is_consumed_by": [
            "6799cc6b-898d-4dbe-86d7-1edf4cac99bf"
          ],
          "provenance__density": "dummy estimator based on mw",
          "provenance__is_consumed_by": null,
          "provenance__is_produced_by": null,
          "provenance__mass": null,
          "provenance__molecular_weight": "periodic table",
          "provenance__smiles": null,
          "provenance__state_of_matter": "dummy estimator based on mw"
        },
        {
          "identifier": "41f92eed-6f2e-4b1c-a15a-33ba674952a9",
          "smiles": "O=S(Cl)Cl",
          "state_of_matter": "LIQUID",
          "molecular_weight": 118.97040000000001,
          "density": 1.0,
          "mass": 118.97040000000001,
          "is_produced_by": [],
          "is_consumed_by": [
            "6799cc6b-898d-4dbe-86d7-1edf4cac99bf"
          ],
          "provenance__density": "dummy estimator based on mw",
          "provenance__is_consumed_by": null,
          "provenance__is_produced_by": null,
          "provenance__mass": null,
          "provenance__molecular_weight": "periodic table",
          "provenance__smiles": null,
          "provenance__state_of_matter": "dummy estimator based on mw"
        }
      ],
      "products": [
        {
          "identifier": "af04c05e-6b1c-4669-808d-fd51380b6475",
          "smiles": "Cc1ccc(S(=O)(=O)n2cc(Cc3ccc(NC(=O)c4ccc(C(F)(F)F)nc4)nc3)c3cc(Cl)cnc32)cc1",
          "state_of_matter": "SOLID",
          "molecular_weight": 586.9926095999992,
          "density": 1.4,
          "mass": 586.9926095999992,
          "is_produced_by": [
            "6799cc6b-898d-4dbe-86d7-1edf4cac99bf"
          ],
          "is_consumed_by": [],
          "provenance__density": "dummy estimator based on mw",
          "provenance__is_consumed_by": null,
          "provenance__is_produced_by": null,
          "provenance__mass": null,
          "provenance__molecular_weight": "periodic table",
          "provenance__smiles": null,
          "provenance__state_of_matter": "dummy estimator based on mw"
        }
      ],
      "stoichiometry": {
        "dd2d939e-71aa-42d0-9217-ffa8b911c074": 1.0,
        "aeb2bcfa-2fde-4bf6-831e-459d1f9a384d": 1.0,
        "af04c05e-6b1c-4669-808d-fd51380b6475": -1.0
      },
      "temperature": 328.6723099887371,
      "intended_ratios": {
        "dd2d939e-71aa-42d0-9217-ffa8b911c074": 1.0,
        "aeb2bcfa-2fde-4bf6-831e-459d1f9a384d": 1.0,
        "2c0b0f60-3d55-4c42-b05c-c01399a2521f": 1.0,
        "41f92eed-6f2e-4b1c-a15a-33ba674952a9": 1.0
      },
      "expected_yields": {
        "af04c05e-6b1c-4669-808d-fd51380b6475": 1.0
      },
      "reaction_extent": 1.0
    },
    {
      "identifier": "f25d46eb-1044-41f5-810b-fe235436dd72",
      "reactants": [
        {
          "identifier": "a5ea759c-3d01-4a63-aa2b-3529c2952d29",
          "smiles": "Cc1ccc(S(=O)(=O)n2cc(Cc3ccc(NC(=O)c4ccc(C(F)(F)F)nc4)nc3)c3cc(Cl)cnc32)cc1",
          "state_of_matter": "SOLID",
          "molecular_weight": 586.9926095999992,
          "density": 1.4,
          "mass": 586.9926095999992,
          "is_produced_by": [],
          "is_consumed_by": [
            "f25d46eb-1044-41f5-810b-fe235436dd72"
          ],
          "provenance__density": "dummy estimator based on mw",
          "provenance__is_consumed_by": null,
          "provenance__is_produced_by": null,
          "provenance__mass": null,
          "provenance__molecular_weight": "periodic table",
          "provenance__smiles": null,
          "provenance__state_of_matter": "dummy estimator based on mw"
        }
      ],
      "reagents": [
        {
          "identifier": "b3054aa6-343f-4265-8987-57238b5a82e2",
          "smiles": "O",
          "state_of_matter": "LIQUID",
          "molecular_weight": 18.01528,
          "density": 1.0,
          "mass": 18.01528,
          "is_produced_by": [],
          "is_consumed_by": [
            "f25d46eb-1044-41f5-810b-fe235436dd72"
          ],
          "provenance__density": "dummy estimator based on mw",
          "provenance__is_consumed_by": null,
          "provenance__is_produced_by": null,
          "provenance__mass": null,
          "provenance__molecular_weight": "periodic table",
          "provenance__smiles": null,
          "provenance__state_of_matter": "dummy estimator based on mw"
        },
        {
          "identifier": "1a185835-35d3-4a7e-b932-4b766ef8661c",
          "smiles": "C1CCOC1",
          "state_of_matter": "LIQUID",
          "molecular_weight": 72.10572000000005,
          "density": 1.0,
          "mass": 72.10572000000005,
          "is_produced_by": [],
          "is_consumed_by": [
            "f25d46eb-1044-41f5-810b-fe235436dd72"
          ],
          "provenance__density": "dummy estimator based on mw",
          "provenance__is_consumed_by": null,
          "provenance__is_produced_by": null,
          "provenance__mass": null,
          "provenance__molecular_weight": "periodic table",
          "provenance__smiles": null,
          "provenance__state_of_matter": "dummy estimator based on mw"
        },
        {
          "identifier": "466d65e5-4bda-4b67-af06-fe3281ff6eb8",
          "smiles": "CCCC[N+](CCCC)(CCCC)CCCC.[F-]",
          "state_of_matter": "SOLID",
          "molecular_weight": 261.46214319999973,
          "density": 1.4,
          "mass": 261.46214319999973,
          "is_produced_by": [],
          "is_consumed_by": [
            "f25d46eb-1044-41f5-810b-fe235436dd72"
          ],
          "provenance__density": "dummy estimator based on mw",
          "provenance__is_consumed_by": null,
          "provenance__is_produced_by": null,
          "provenance__mass": null,
          "provenance__molecular_weight": "periodic table",
          "provenance__smiles": null,
          "provenance__state_of_matter": "dummy estimator based on mw"
        }
      ],
      "products": [
        {
          "identifier": "f9689c0b-de1a-4824-946a-ef3cf931265a",
          "smiles": "O=C(Nc1ccc(Cc2c[nH]c3ncc(Cl)cc23)cn1)c1ccc(C(F)(F)F)nc1",
          "state_of_matter": "SOLID",
          "molecular_weight": 431.79832960000016,
          "density": 1.4,
          "mass": 431.79832960000016,
          "is_produced_by": [
            "f25d46eb-1044-41f5-810b-fe235436dd72"
          ],
          "is_consumed_by": [],
          "provenance__density": "dummy estimator based on mw",
          "provenance__is_consumed_by": null,
          "provenance__is_produced_by": null,
          "provenance__mass": null,
          "provenance__molecular_weight": "periodic table",
          "provenance__smiles": null,
          "provenance__state_of_matter": "dummy estimator based on mw"
        }
      ],
      "stoichiometry": {
        "a5ea759c-3d01-4a63-aa2b-3529c2952d29": 1.0,
        "f9689c0b-de1a-4824-946a-ef3cf931265a": -1.0
      },
      "temperature": 316.97248406410216,
      "intended_ratios": {
        "a5ea759c-3d01-4a63-aa2b-3529c2952d29": 1.0,
        "b3054aa6-343f-4265-8987-57238b5a82e2": 1.0,
        "1a185835-35d3-4a7e-b932-4b766ef8661c": 1.0,
        "466d65e5-4bda-4b67-af06-fe3281ff6eb8": 1.0
      },
      "expected_yields": {
        "f9689c0b-de1a-4824-946a-ef3cf931265a": 1.0
      },
      "reaction_extent": 1.0
    },
    {
      "identifier": "6562caca-fb34-49a5-bc6e-b53e7f76d6a0",
      "reactants": [
        {
          "identifier": "29a4381b-1266-48b5-bd87-a4cd4173f973",
          "smiles": "Clc1cnc2[nH]ccc2c1",
          "state_of_matter": "LIQUID",
          "molecular_weight": 152.58099999999993,
          "density": 1.0,
          "mass": 152.58099999999993,
          "is_produced_by": [],
          "is_consumed_by": [
            "6562caca-fb34-49a5-bc6e-b53e7f76d6a0"
          ],
          "provenance__density": "dummy estimator based on mw",
          "provenance__is_consumed_by": null,
          "provenance__is_produced_by": null,
          "provenance__mass": null,
          "provenance__molecular_weight": "periodic table",
          "provenance__smiles": null,
          "provenance__state_of_matter": "dummy estimator based on mw"
        },
        {
          "identifier": "928b265f-8d48-497e-8bc7-6b97bdf07de2",
          "smiles": "O=Cc1ccc(Cl)nc1",
          "state_of_matter": "LIQUID",
          "molecular_weight": 141.55505999999997,
          "density": 1.0,
          "mass": 141.55505999999997,
          "is_produced_by": [],
          "is_consumed_by": [
            "6562caca-fb34-49a5-bc6e-b53e7f76d6a0"
          ],
          "provenance__density": "dummy estimator based on mw",
          "provenance__is_consumed_by": null,
          "provenance__is_produced_by": null,
          "provenance__mass": null,
          "provenance__molecular_weight": "periodic table",
          "provenance__smiles": null,
          "provenance__state_of_matter": "dummy estimator based on mw"
        }
      ],
      "reagents": [
        {
          "identifier": "8d3bb9e5-0500-4c15-b0eb-07e969f14189",
          "smiles": "CO",
          "state_of_matter": "LIQUID",
          "molecular_weight": 32.04186000000001,
          "density": 1.0,
          "mass": 32.04186000000001,
          "is_produced_by": [],
          "is_consumed_by": [
            "6562caca-fb34-49a5-bc6e-b53e7f76d6a0"
          ],
          "provenance__density": "dummy estimator based on mw",
          "provenance__is_consumed_by": null,
          "provenance__is_produced_by": null,
          "provenance__mass": null,
          "provenance__molecular_weight": "periodic table",
          "provenance__smiles": null,
          "provenance__state_of_matter": "dummy estimator based on mw"
        },
        {
          "identifier": "d3d72c48-be04-447b-a53f-fb9acffd42e0",
          "smiles": "O",
          "state_of_matter": "LIQUID",
          "molecular_weight": 18.01528,
          "density": 1.0,
          "mass": 18.01528,
          "is_produced_by": [],
          "is_consumed_by": [
            "6562caca-fb34-49a5-bc6e-b53e7f76d6a0"
          ],
          "provenance__density": "dummy estimator based on mw",
          "provenance__is_consumed_by": null,
          "provenance__is_produced_by": null,
          "provenance__mass": null,
          "provenance__molecular_weight": "periodic table",
          "provenance__smiles": null,
          "provenance__state_of_matter": "dummy estimator based on mw"
        },
        {
          "identifier": "51ec32d1-a97f-47a9-b375-8843a2d5233a",
          "smiles": "O[K]",
          "state_of_matter": "SOLID",
          "molecular_weight": 56.10564,
          "density": 1.4,
          "mass": 56.10564,
          "is_produced_by": [],
          "is_consumed_by": [
            "6562caca-fb34-49a5-bc6e-b53e7f76d6a0"
          ],
          "provenance__density": "dummy estimator based on mw",
          "provenance__is_consumed_by": null,
          "provenance__is_produced_by": null,
          "provenance__mass": null,
          "provenance__molecular_weight": "periodic table",
          "provenance__smiles": null,
          "provenance__state_of_matter": "dummy estimator based on mw"
        }
      ],
      "products": [
        {
          "identifier": "023b565f-4fd4-48ef-96b4-9e5526b6dd66",
          "smiles": "OC(c1ccc(Cl)nc1)c1c[nH]c2ncc(Cl)cc12",
          "state_of_matter": "SOLID",
          "molecular_weight": 294.1360600000001,
          "density": 1.4,
          "mass": 294.1360600000001,
          "is_produced_by": [
            "6562caca-fb34-49a5-bc6e-b53e7f76d6a0"
          ],
          "is_consumed_by": [],
          "provenance__density": "dummy estimator based on mw",
          "provenance__is_consumed_by": null,
          "provenance__is_produced_by": null,
          "provenance__mass": null,
          "provenance__molecular_weight": "periodic table",
          "provenance__smiles": null,
          "provenance__state_of_matter": "dummy estimator based on mw"
        }
      ],
      "stoichiometry": {
        "29a4381b-1266-48b5-bd87-a4cd4173f973": 1.0,
        "928b265f-8d48-497e-8bc7-6b97bdf07de2": 1.0,
        "023b565f-4fd4-48ef-96b4-9e5526b6dd66": -1.0
      },
      "temperature": 281.2925557672977,
      "intended_ratios": {
        "29a4381b-1266-48b5-bd87-a4cd4173f973": 1.0,
        "928b265f-8d48-497e-8bc7-6b97bdf07de2": 1.0,
        "8d3bb9e5-0500-4c15-b0eb-07e969f14189": 1.0,
        "d3d72c48-be04-447b-a53f-fb9acffd42e0": 1.0,
        "51ec32d1-a97f-47a9-b375-8843a2d5233a": 1.0
      },
      "expected_yields": {
        "023b565f-4fd4-48ef-96b4-9e5526b6dd66": 1.0
      },
      "reaction_extent": 1.0
    },
    {
      "identifier": "c7f9900a-b686-4b80-ad5f-fbbc47daffa2",
      "reactants": [
        {
          "identifier": "9b236a2a-f505-4aac-8af7-4303a96b7c91",
          "smiles": "O=C(Nc1ccc(Cc2c[nH]c3ncc(Cl)cc23)cn1)c1ccc(C(F)(F)F)nc1",
          "state_of_matter": "SOLID",
          "molecular_weight": 431.79832960000016,
          "density": 1.4,
          "mass": 431.79832960000016,
          "is_produced_by": [],
          "is_consumed_by": [
            "c7f9900a-b686-4b80-ad5f-fbbc47daffa2"
          ],
          "provenance__density": "dummy estimator based on mw",
          "provenance__is_consumed_by": null,
          "provenance__is_produced_by": null,
          "provenance__mass": null,
          "provenance__molecular_weight": "periodic table",
          "provenance__smiles": null,
          "provenance__state_of_matter": "dummy estimator based on mw"
        }
      ],
      "reagents": [
        {
          "identifier": "d004236c-e139-49fa-9609-9937de830894",
          "smiles": "CC#N",
          "state_of_matter": "LIQUID",
          "molecular_weight": 41.051919999999996,
          "density": 1.0,
          "mass": 41.051919999999996,
          "is_produced_by": [],
          "is_consumed_by": [
            "c7f9900a-b686-4b80-ad5f-fbbc47daffa2"
          ],
          "provenance__density": "dummy estimator based on mw",
          "provenance__is_consumed_by": null,
          "provenance__is_produced_by": null,
          "provenance__mass": null,
          "provenance__molecular_weight": "periodic table",
          "provenance__smiles": null,
          "provenance__state_of_matter": "dummy estimator based on mw"
        },
        {
          "identifier": "0905e8d4-393f-47a4-ad95-f6b640576209",
          "smiles": "O=C(O)C(F)(F)F",
          "state_of_matter": "LIQUID",
          "molecular_weight": 114.0233496,
          "density": 1.0,
          "mass": 114.0233496,
          "is_produced_by": [],
          "is_consumed_by": [
            "c7f9900a-b686-4b80-ad5f-fbbc47daffa2"
          ],
          "provenance__density": "dummy estimator based on mw",
          "provenance__is_consumed_by": null,
          "provenance__is_produced_by": null,
          "provenance__mass": null,
          "provenance__molecular_weight": "periodic table",
          "provenance__smiles": null,
          "provenance__state_of_matter": "dummy estimator based on mw"
        },
        {
          "identifier": "b2d86b5d-8e6e-4e90-8b97-bb46a4ebf977",
          "smiles": "CC[SiH](CC)CC",
          "state_of_matter": "LIQUID",
          "molecular_weight": 116.27674000000007,
          "density": 1.0,
          "mass": 116.27674000000007,
          "is_produced_by": [],
          "is_consumed_by": [
            "c7f9900a-b686-4b80-ad5f-fbbc47daffa2"
          ],
          "provenance__density": "dummy estimator based on mw",
          "provenance__is_consumed_by": null,
          "provenance__is_produced_by": null,
          "provenance__mass": null,
          "provenance__molecular_weight": "periodic table",
          "provenance__smiles": null,
          "provenance__state_of_matter": "dummy estimator based on mw"
        }
      ],
      "products": [
        {
          "identifier": "963f3cd6-cd85-4215-9ec6-e99e57c1fe0e",
          "smiles": "FC(F)(F)c1ccc(CNc2ccc(Cc3c[nH]c4ncc(Cl)cc34)cn2)cn1",
          "state_of_matter": "SOLID",
          "molecular_weight": 417.81480960000016,
          "density": 1.4,
          "mass": 417.81480960000016,
          "is_produced_by": [
            "c7f9900a-b686-4b80-ad5f-fbbc47daffa2"
          ],
          "is_consumed_by": [],
          "provenance__density": "dummy estimator based on mw",
          "provenance__is_consumed_by": null,
          "provenance__is_produced_by": null,
          "provenance__mass": null,
          "provenance__molecular_weight": "periodic table",
          "provenance__smiles": null,
          "provenance__state_of_matter": "dummy estimator based on mw"
        }
      ],
      "stoichiometry": {
        "9b236a2a-f505-4aac-8af7-4303a96b7c91": 1.0,
        "963f3cd6-cd85-4215-9ec6-e99e57c1fe0e": -1.0
      },
      "temperature": 327.5941164672374,
      "intended_ratios": {
        "9b236a2a-f505-4aac-8af7-4303a96b7c91": 1.0,
        "d004236c-e139-49fa-9609-9937de830894": 1.0,
        "0905e8d4-393f-47a4-ad95-f6b640576209": 1.0,
        "b2d86b5d-8e6e-4e90-8b97-bb46a4ebf977": 1.0
      },
      "expected_yields": {
        "963f3cd6-cd85-4215-9ec6-e99e57c1fe0e": 1.0
      },
      "reaction_extent": 1.0
    },
    {
      "identifier": "41d17d2b-13de-4889-a968-4e13faf1a7d2",
      "reactants": [
        {
          "identifier": "3d698a9c-e166-4f7d-b71c-31a49eeb448e",
          "smiles": "OC(c1ccc(Cl)nc1)c1c[nH]c2ncc(Cl)cc12",
          "state_of_matter": "SOLID",
          "molecular_weight": 294.1360600000001,
          "density": 1.4,
          "mass": 294.1360600000001,
          "is_produced_by": [],
          "is_consumed_by": [
            "41d17d2b-13de-4889-a968-4e13faf1a7d2"
          ],
          "provenance__density": "dummy estimator based on mw",
          "provenance__is_consumed_by": null,
          "provenance__is_produced_by": null,
          "provenance__mass": null,
          "provenance__molecular_weight": "periodic table",
          "provenance__smiles": null,
          "provenance__state_of_matter": "dummy estimator based on mw"
        }
      ],
      "reagents": [
        {
          "identifier": "a82df114-eade-401c-a1b3-85a69144b685",
          "smiles": "CC#N",
          "state_of_matter": "LIQUID",
          "molecular_weight": 41.051919999999996,
          "density": 1.0,
          "mass": 41.051919999999996,
          "is_produced_by": [],
          "is_consumed_by": [
            "41d17d2b-13de-4889-a968-4e13faf1a7d2"
          ],
          "provenance__density": "dummy estimator based on mw",
          "provenance__is_consumed_by": null,
          "provenance__is_produced_by": null,
          "provenance__mass": null,
          "provenance__molecular_weight": "periodic table",
          "provenance__smiles": null,
          "provenance__state_of_matter": "dummy estimator based on mw"
        },
        {
          "identifier": "a641faf1-bbb5-43c3-8e46-d06530c81992",
          "smiles": "O=C(O)C(F)(F)F",
          "state_of_matter": "LIQUID",
          "molecular_weight": 114.0233496,
          "density": 1.0,
          "mass": 114.0233496,
          "is_produced_by": [],
          "is_consumed_by": [
            "41d17d2b-13de-4889-a968-4e13faf1a7d2"
          ],
          "provenance__density": "dummy estimator based on mw",
          "provenance__is_consumed_by": null,
          "provenance__is_produced_by": null,
          "provenance__mass": null,
          "provenance__molecular_weight": "periodic table",
          "provenance__smiles": null,
          "provenance__state_of_matter": "dummy estimator based on mw"
        },
        {
          "identifier": "23425846-16de-471c-a9a5-33d6cdfecf9d",
          "smiles": "CC[SiH](CC)CC",
          "state_of_matter": "LIQUID",
          "molecular_weight": 116.27674000000007,
          "density": 1.0,
          "mass": 116.27674000000007,
          "is_produced_by": [],
          "is_consumed_by": [
            "41d17d2b-13de-4889-a968-4e13faf1a7d2"
          ],
          "provenance__density": "dummy estimator based on mw",
          "provenance__is_consumed_by": null,
          "provenance__is_produced_by": null,
          "provenance__mass": null,
          "provenance__molecular_weight": "periodic table",
          "provenance__smiles": null,
          "provenance__state_of_matter": "dummy estimator based on mw"
        }
      ],
      "products": [
        {
          "identifier": "f5a5ad41-549f-4d4b-8bce-e63b6ad7c000",
          "smiles": "Clc1cnc2[nH]cc(Cc3ccc(Cl)nc3)c2c1",
          "state_of_matter": "SOLID",
          "molecular_weight": 278.13666000000006,
          "density": 1.4,
          "mass": 278.13666000000006,
          "is_produced_by": [
            "41d17d2b-13de-4889-a968-4e13faf1a7d2"
          ],
          "is_consumed_by": [],
          "provenance__density": "dummy estimator based on mw",
          "provenance__is_consumed_by": null,
          "provenance__is_produced_by": null,
          "provenance__mass": null,
          "provenance__molecular_weight": "periodic table",
          "provenance__smiles": null,
          "provenance__state_of_matter": "dummy estimator based on mw"
        }
      ],
      "stoichiometry": {
        "3d698a9c-e166-4f7d-b71c-31a49eeb448e": 1.0,
        "f5a5ad41-549f-4d4b-8bce-e63b6ad7c000": -1.0
      },
      "temperature": 307.97120277285575,
      "intended_ratios": {
        "3d698a9c-e166-4f7d-b71c-31a49eeb448e": 1.0,
        "a82df114-eade-401c-a1b3-85a69144b685": 1.0,
        "a641faf1-bbb5-43c3-8e46-d06530c81992": 1.0,
        "23425846-16de-471c-a9a5-33d6cdfecf9d": 1.0
      },
      "expected_yields": {
        "f5a5ad41-549f-4d4b-8bce-e63b6ad7c000": 1.0
      },
      "reaction_extent": 1.0
    }
  ],
  "molecular_nodes": [
    "C1CCOC1",
    "C=Cc1ccccc1",
    "CC#N",
    "CC(=O)[O-].CC(=O)[O-].[Pd+2]",
    "CC(C)N",
    "CC(C)N1C(=O)CC(=O)NC1=O",
    "CC(C)NC(=O)Cl",
    "CC(C)O",
    "CC(C)c1c(O)cc(Br)cc1O",
    "CC(C)c1c(O)cc(C=Cc2ccccc2)cc1O",
    "CC(C)n1c(=O)cc(Cl)[nH]c1=O",
    "CC(N)c1ccccc1",
    "CC(Nc1cc(=O)n(C(C)C)c(=O)[nH]1)c1ccccc1",
    "CCCC[N+](CCCC)(CCCC)CCCC.[F-]",
    "CCN(CC)CC",
    "CCO",
    "CCOC(=O)CC(=O)Cl",
    "CCOC(=O)CC(=O)N(C(=O)Cl)C(C)C",
    "CCOC(=O)CC(=O)N(C(N)=O)C(C)C",
    "CCOC(=O)N=NC(=O)OCC",
    "CCO[Na]",
    "CC[SiH](CC)CC",
    "CI",
    "CN(C)C=O",
    "CO",
    "CSc1ccc(O)cc1",
    "CSc1ccc(OCc2ncc([N+](=O)[O-])n2C)cc1",
    "Cc1ccc(S(=O)(=O)Cl)cc1",
    "Cc1ccc(S(=O)(=O)n2cc(Cc3ccc(Cl)nc3)c3cc(Cl)cnc32)cc1",
    "Cc1ccc(S(=O)(=O)n2cc(Cc3ccc(N)nc3)c3cc(Cl)cnc32)cc1",
    "Cc1ccc(S(=O)(=O)n2cc(Cc3ccc(NC(=O)c4ccc(C(F)(F)F)nc4)nc3)c3cc(Cl)cnc32)cc1",
    "ClCCl",
    "Clc1cnc2[nH]cc(Cc3ccc(Cl)nc3)c2c1",
    "Clc1cnc2[nH]ccc2c1",
    "Cn1c([N+](=O)[O-])cnc1CO",
    "FC(F)(F)c1ccc(CNc2ccc(Cc3c[nH]c4ncc(Cl)cc34)cn2)cn1",
    "O",
    "O=C(Nc1ccc(Cc2c[nH]c3ncc(Cl)cc23)cn1)c1ccc(C(F)(F)F)nc1",
    "O=C(O)C(F)(F)F",
    "O=C(O)c1ccc(C(F)(F)F)nc1",
    "O=C(OC(Cl)(Cl)Cl)OC(Cl)(Cl)Cl",
    "O=C(O[K])O[K]",
    "O=Cc1ccc(Cl)nc1",
    "O=S(=O)(O)O",
    "O=S(Cl)Cl",
    "OC(c1ccc(Cl)nc1)c1c[nH]c2ncc(Cl)cc12",
    "O[K]",
    "Oc1cc(O)cc(Br)c1",
    "[NaH]",
    "c1ccc(P(c2ccccc2)c2ccccc2)cc1",
    "c1ccncc1"
  ],
  "edges": [
    [
      "19dbc659-8950-4a7c-91e7-5bf995ba790f",
      "CC(C)NC(=O)Cl"
    ],
    [
      "2587abb0-a927-4878-89c0-889e99484a39",
      "CC(Nc1cc(=O)n(C(C)C)c(=O)[nH]1)c1ccccc1"
    ],
    [
      "41d17d2b-13de-4889-a968-4e13faf1a7d2",
      "Clc1cnc2[nH]cc(Cc3ccc(Cl)nc3)c2c1"
    ],
    [
      "6562caca-fb34-49a5-bc6e-b53e7f76d6a0",
      "OC(c1ccc(Cl)nc1)c1c[nH]c2ncc(Cl)cc12"
    ],
    [
      "6799cc6b-898d-4dbe-86d7-1edf4cac99bf",
      "Cc1ccc(S(=O)(=O)n2cc(Cc3ccc(NC(=O)c4ccc(C(F)(F)F)nc4)nc3)c3cc(Cl)cnc32)cc1"
    ],
    [
      "8ef08389-16c4-4683-a9d8-d7df174b5d35",
      "Cc1ccc(S(=O)(=O)n2cc(Cc3ccc(Cl)nc3)c3cc(Cl)cnc32)cc1"
    ],
    [
      "907e2d3f-22e5-403e-b83b-bce75db5f140",
      "CCOC(=O)CC(=O)N(C(N)=O)C(C)C"
    ],
    [
      "C1CCOC1",
      "a95ab613-5c78-474e-aa3b-58aeb22ec2e3"
    ],
    [
      "C1CCOC1",
      "f25d46eb-1044-41f5-810b-fe235436dd72"
    ],
    [
      "C=Cc1ccccc1",
      "a642584b-1180-4d78-85c3-7390f647cd4e"
    ],
    [
      "CC#N",
      "2587abb0-a927-4878-89c0-889e99484a39"
    ],
    [
      "CC#N",
      "41d17d2b-13de-4889-a968-4e13faf1a7d2"
    ],
    [
      "CC#N",
      "c7f9900a-b686-4b80-ad5f-fbbc47daffa2"
    ],
    [
      "CC(=O)[O-].CC(=O)[O-].[Pd+2]",
      "a642584b-1180-4d78-85c3-7390f647cd4e"
    ],
    [
      "CC(C)N",
      "19dbc659-8950-4a7c-91e7-5bf995ba790f"
    ],
    [
      "CC(C)N1C(=O)CC(=O)NC1=O",
      "c6ca70ef-88e7-4730-a453-4c2fbfb6500a"
    ],
    [
      "CC(C)NC(=O)Cl",
      "cded29b2-b971-4e04-b64a-4f71e7759e9f"
    ],
    [
      "CC(C)O",
      "cfcd17ce-b5a3-4654-b0ce-2a4d6b1801e8"
    ],
    [
      "CC(C)c1c(O)cc(Br)cc1O",
      "a642584b-1180-4d78-85c3-7390f647cd4e"
    ],
    [
      "CC(C)n1c(=O)cc(Cl)[nH]c1=O",
      "2587abb0-a927-4878-89c0-889e99484a39"
    ],
    [
      "CC(N)c1ccccc1",
      "2587abb0-a927-4878-89c0-889e99484a39"
    ],
    [
      "CCCC[N+](CCCC)(CCCC)CCCC.[F-]",
      "f25d46eb-1044-41f5-810b-fe235436dd72"
    ],
    [
      "CCN(CC)CC",
      "a642584b-1180-4d78-85c3-7390f647cd4e"
    ],
    [
      "CCO",
      "e3240dcf-9e09-48ae-98ea-67a2357db62c"
    ],
    [
      "CCOC(=O)CC(=O)Cl",
      "cded29b2-b971-4e04-b64a-4f71e7759e9f"
    ],
    [
      "CCOC(=O)CC(=O)N(C(=O)Cl)C(C)C",
      "907e2d3f-22e5-403e-b83b-bce75db5f140"
    ],
    [
      "CCOC(=O)CC(=O)N(C(N)=O)C(C)C",
      "e3240dcf-9e09-48ae-98ea-67a2357db62c"
    ],
    [
      "CCOC(=O)N=NC(=O)OCC",
      "a95ab613-5c78-474e-aa3b-58aeb22ec2e3"
    ],
    [
      "CCO[Na]",
      "e3240dcf-9e09-48ae-98ea-67a2357db62c"
    ],
    [
      "CC[SiH](CC)CC",
      "41d17d2b-13de-4889-a968-4e13faf1a7d2"
    ],
    [
      "CC[SiH](CC)CC",
      "c7f9900a-b686-4b80-ad5f-fbbc47daffa2"
    ],
    [
      "CI",
      "c6ca70ef-88e7-4730-a453-4c2fbfb6500a"
    ],
    [
      "CN(C)C=O",
      "8ef08389-16c4-4683-a9d8-d7df174b5d35"
    ],
    [
      "CN(C)C=O",
      "a642584b-1180-4d78-85c3-7390f647cd4e"
    ],
    [
      "CN(C)C=O",
      "c6ca70ef-88e7-4730-a453-4c2fbfb6500a"
    ],
    [
      "CO",
      "6562caca-fb34-49a5-bc6e-b53e7f76d6a0"
    ],
    [
      "CSc1ccc(O)cc1",
      "a95ab613-5c78-474e-aa3b-58aeb22ec2e3"
    ],
    [
      "Cc1ccc(S(=O)(=O)Cl)cc1",
      "8ef08389-16c4-4683-a9d8-d7df174b5d35"
    ],
    [
      "Cc1ccc(S(=O)(=O)n2cc(Cc3ccc(Cl)nc3)c3cc(Cl)cnc32)cc1",
      "e67dda69-833d-41a3-bb63-e671b3c0ceec"
    ],
    [
      "Cc1ccc(S(=O)(=O)n2cc(Cc3ccc(N)nc3)c3cc(Cl)cnc32)cc1",
      "6799cc6b-898d-4dbe-86d7-1edf4cac99bf"
    ],
    [
      "Cc1ccc(S(=O)(=O)n2cc(Cc3ccc(NC(=O)c4ccc(C(F)(F)F)nc4)nc3)c3cc(Cl)cnc32)cc1",
      "f25d46eb-1044-41f5-810b-fe235436dd72"
    ],
    [
      "ClCCl",
      "19dbc659-8950-4a7c-91e7-5bf995ba790f"
    ],
    [
      "ClCCl",
      "907e2d3f-22e5-403e-b83b-bce75db5f140"
    ],
    [
      "ClCCl",
      "cded29b2-b971-4e04-b64a-4f71e7759e9f"
    ],
    [
      "Clc1cnc2[nH]cc(Cc3ccc(Cl)nc3)c2c1",
      "8ef08389-16c4-4683-a9d8-d7df174b5d35"
    ],
    [
      "Clc1cnc2[nH]ccc2c1",
      "6562caca-fb34-49a5-bc6e-b53e7f76d6a0"
    ],
    [
      "Cn1c([N+](=O)[O-])cnc1CO",
      "a95ab613-5c78-474e-aa3b-58aeb22ec2e3"
    ],
    [
      "O",
      "6562caca-fb34-49a5-bc6e-b53e7f76d6a0"
    ],
    [
      "O",
      "8ef08389-16c4-4683-a9d8-d7df174b5d35"
    ],
    [
      "O",
      "c6ca70ef-88e7-4730-a453-4c2fbfb6500a"
    ],
    [
      "O",
      "f25d46eb-1044-41f5-810b-fe235436dd72"
    ],
    [
      "O=C(Nc1ccc(Cc2c[nH]c3ncc(Cl)cc23)cn1)c1ccc(C(F)(F)F)nc1",
      "c7f9900a-b686-4b80-ad5f-fbbc47daffa2"
    ],
    [
      "O=C(O)C(F)(F)F",
      "41d17d2b-13de-4889-a968-4e13faf1a7d2"
    ],
    [
      "O=C(O)C(F)(F)F",
      "c7f9900a-b686-4b80-ad5f-fbbc47daffa2"
    ],
    [
      "O=C(O)C(F)(F)F",
      "e67dda69-833d-41a3-bb63-e671b3c0ceec"
    ],
    [
      "O=C(O)c1ccc(C(F)(F)F)nc1",
      "6799cc6b-898d-4dbe-86d7-1edf4cac99bf"
    ],
    [
      "O=C(OC(Cl)(Cl)Cl)OC(Cl)(Cl)Cl",
      "19dbc659-8950-4a7c-91e7-5bf995ba790f"
    ],
    [
      "O=C(O[K])O[K]",
      "c6ca70ef-88e7-4730-a453-4c2fbfb6500a"
    ],
    [
      "O=Cc1ccc(Cl)nc1",
      "6562caca-fb34-49a5-bc6e-b53e7f76d6a0"
    ],
    [
      "O=S(=O)(O)O",
      "cfcd17ce-b5a3-4654-b0ce-2a4d6b1801e8"
    ],
    [
      "O=S(Cl)Cl",
      "6799cc6b-898d-4dbe-86d7-1edf4cac99bf"
    ],
    [
      "OC(c1ccc(Cl)nc1)c1c[nH]c2ncc(Cl)cc12",
      "41d17d2b-13de-4889-a968-4e13faf1a7d2"
    ],
    [
      "O[K]",
      "6562caca-fb34-49a5-bc6e-b53e7f76d6a0"
    ],
    [
      "Oc1cc(O)cc(Br)c1",
      "cfcd17ce-b5a3-4654-b0ce-2a4d6b1801e8"
    ],
    [
      "[NaH]",
      "8ef08389-16c4-4683-a9d8-d7df174b5d35"
    ],
    [
      "a642584b-1180-4d78-85c3-7390f647cd4e",
      "CC(C)c1c(O)cc(C=Cc2ccccc2)cc1O"
    ],
    [
      "a95ab613-5c78-474e-aa3b-58aeb22ec2e3",
      "CSc1ccc(OCc2ncc([N+](=O)[O-])n2C)cc1"
    ],
    [
      "c1ccc(P(c2ccccc2)c2ccccc2)cc1",
      "a642584b-1180-4d78-85c3-7390f647cd4e"
    ],
    [
      "c1ccc(P(c2ccccc2)c2ccccc2)cc1",
      "a95ab613-5c78-474e-aa3b-58aeb22ec2e3"
    ],
    [
      "c1ccncc1",
      "6799cc6b-898d-4dbe-86d7-1edf4cac99bf"
    ],
    [
      "c6ca70ef-88e7-4730-a453-4c2fbfb6500a",
      "CC(C)n1c(=O)cc(Cl)[nH]c1=O"
    ],
    [
      "c7f9900a-b686-4b80-ad5f-fbbc47daffa2",
      "FC(F)(F)c1ccc(CNc2ccc(Cc3c[nH]c4ncc(Cl)cc34)cn2)cn1"
    ],
    [
      "cded29b2-b971-4e04-b64a-4f71e7759e9f",
      "CCOC(=O)CC(=O)N(C(=O)Cl)C(C)C"
    ],
    [
      "cfcd17ce-b5a3-4654-b0ce-2a4d6b1801e8",
      "CC(C)c1c(O)cc(Br)cc1O"
    ],
    [
      "e3240dcf-9e09-48ae-98ea-67a2357db62c",
      "CC(C)N1C(=O)CC(=O)NC1=O"
    ],
    [
      "e67dda69-833d-41a3-bb63-e671b3c0ceec",
      "Cc1ccc(S(=O)(=O)n2cc(Cc3ccc(N)nc3)c3cc(Cl)cnc32)cc1"
    ],
    [
      "f25d46eb-1044-41f5-810b-fe235436dd72",
      "O=C(Nc1ccc(Cc2c[nH]c3ncc(Cl)cc23)cn1)c1ccc(C(F)(F)F)nc1"
    ]
  ]
}