{
  "identifier": "4041e2d7-1379-452e-8382-777fc2b13a5e",
  "chemical_reactions": [
    {
      "identifier": "cc966697-c572-4ead-b88b-4256305e389f",
      "reactants": [
        {
          "identifier": "5a4aae46-beea-428c-998f-9e4ef39fc229",
          "smiles": "C1CCNC1",
          "state_of_matter": "LIQUID",
          "molecular_weight": 71.12096000000004,
          "density": 1.0,
          "mass": 0.7112096000000004,
          "is_produced_by": [],
          "is_consumed_by": [
            "cc966697-c572-4ead-b88b-4256305e389f"
          ],
          "provenance__density": "dummy estimator based on mw",
          "provenance__is_consumed_by": null,
          "provenance__is_produced_by": null,
          "provenance__mass": null,
          "provenance__molecular_weight": "periodic table",
          "provenance__smiles": null,
          "provenance__state_of_matter": "dummy estimator based on mw"
        },
        {
          "identifier": "1298a693-650a-494e-9544-ad3946a17792",
          "smiles": "CC(C)(C)c1ccccc1OS(=O)(=O)C(F)(F)F",
          "state_of_matter": "SOLID",
          "molecular_weight": 282.2793296000002,
          "density": 1.4,
          "mass": 2.822793296000002,
          "is_produced_by": [],
          "is_consumed_by": [
            "cc966697-c572-4ead-b88b-4256305e389f"
          ],
          "provenance__density": "dummy estimator based on mw",
          "provenance__is_consumed_by": null,
          "provenance__is_produced_by": null,
          "provenance__mass": null,
          "provenance__molecular_weight": "periodic table",
          "provenance__smiles": null,
          "provenance__state_of_matter": "dummy estimator based on mw"
        }
      ],
      "reagents": [
        {
          "identifier": "2d0e9e4f-ae4d-4d4d-9e2b-6691f35929b1",
          "smiles": "Cc1ccccc1",
          "state_of_matter": "LIQUID",
          "molecular_weight": 92.13842000000004,
          "density": 1.0,
          "mass": 0.9213842000000004,
          "is_produced_by": [],
          "is_consumed_by": [
            "cc966697-c572-4ead-b88b-4256305e389f"
          ],
          "provenance__density": "dummy estimator based on mw",
          "provenance__is_consumed_by": null,
          "provenance__is_produced_by": null,
          "provenance__mass": null,
          "provenance__molecular_weight": "periodic table",
          "provenance__smiles": null,
          "provenance__state_of_matter": "dummy estimator based on mw"
        },
        {
          "identifier": "9dd461e3-176f-4126-9105-7a93ee94a274",
          "smiles": "CC(=O)[O-].CC(=O)[O-].[Pd+2]",
          "state_of_matter": "SOLID",
          "molecular_weight": 224.50803999999994,
          "density": 1.4,
          "mass": 2.2450803999999995,
          "is_produced_by": [],
          "is_consumed_by": [
            "cc966697-c572-4ead-b88b-4256305e389f"
          ],
          "provenance__density": "dummy estimator based on mw",
          "provenance__is_consumed_by": null,
          "provenance__is_produced_by": null,
          "provenance__mass": null,
          "provenance__molecular_weight": "periodic table",
          "provenance__smiles": null,
          "provenance__state_of_matter": "dummy estimator based on mw"
        },
        {
          "identifier": "56e58b48-6106-45c2-be3f-590e2931c036",
          "smiles": "O=C(O[Cs])O[Cs]",
          "state_of_matter": "SOLID",
          "molecular_weight": 325.8198,
          "density": 1.4,
          "mass": 3.258198,
          "is_produced_by": [],
          "is_consumed_by": [
            "cc966697-c572-4ead-b88b-4256305e389f"
          ],
          "provenance__density": "dummy estimator based on mw",
          "provenance__is_consumed_by": null,
          "provenance__is_produced_by": null,
          "provenance__mass": null,
          "provenance__molecular_weight": "periodic table",
          "provenance__smiles": null,
          "provenance__state_of_matter": "dummy estimator based on mw"
        },
        {
          "identifier": "6900d143-ee93-457f-93d3-914c191aa8bf",
          "smiles": "c1ccc(P(c2ccccc2)c2ccc3ccccc3c2c2c(P(c3ccccc3)c3ccccc3)ccc3ccccc32)cc1",
          "state_of_matter": "SOLID",
          "molecular_weight": 622.6724019999987,
          "density": 1.4,
          "mass": 6.2267240199999865,
          "is_produced_by": [],
          "is_consumed_by": [
            "cc966697-c572-4ead-b88b-4256305e389f"
          ],
          "provenance__density": "dummy estimator based on mw",
          "provenance__is_consumed_by": null,
          "provenance__is_produced_by": null,
          "provenance__mass": null,
          "provenance__molecular_weight": "periodic table",
          "provenance__smiles": null,
          "provenance__state_of_matter": "dummy estimator based on mw"
        }
      ],
      "products": [
        {
          "identifier": "50c52539-ee62-445f-9e3d-c70d0389d405",
          "smiles": "CC(C)(C)c1ccccc1N1CCCC1",
          "state_of_matter": "SOLID",
          "molecular_weight": 203.32323999999974,
          "density": 1.4,
          "mass": 2.0332323999999975,
          "is_produced_by": [
            "cc966697-c572-4ead-b88b-4256305e389f"
          ],
          "is_consumed_by": [],
          "provenance__density": "dummy estimator based on mw",
          "provenance__is_consumed_by": null,
          "provenance__is_produced_by": null,
          "provenance__mass": null,
          "provenance__molecular_weight": "periodic table",
          "provenance__smiles": null,
          "provenance__state_of_matter": "dummy estimator based on mw"
        }
      ],
      "stoichiometry": {
        "5a4aae46-beea-428c-998f-9e4ef39fc229": 1.0,
        "1298a693-650a-494e-9544-ad3946a17792": 1.0,
        "50c52539-ee62-445f-9e3d-c70d0389d405": -1.0
      },
      "temperature": 355.681005603075,
      "intended_ratios": {
        "5a4aae46-beea-428c-998f-9e4ef39fc229": 1.0,
        "1298a693-650a-494e-9544-ad3946a17792": 1.0,
        "2d0e9e4f-ae4d-4d4d-9e2b-6691f35929b1": 1.0,
        "9dd461e3-176f-4126-9105-7a93ee94a274": 1.0,
        "56e58b48-6106-45c2-be3f-590e2931c036": 1.0,
        "6900d143-ee93-457f-93d3-914c191aa8bf": 1.0
      },
      "expected_yields": {
        "50c52539-ee62-445f-9e3d-c70d0389d405": 1.0
      },
      "reaction_extent": 0.01
    },
    {
      "identifier": "2a93defb-edc4-4957-80b9-7d7e5fec592c",
      "reactants": [
        {
          "identifier": "4e97c284-1605-41a9-b0f2-fc06fcefc4e1",
          "smiles": "CC(C)(C)c1cc(B(O)O)ccc1N1CCCC1",
          "state_of_matter": "SOLID",
          "molecular_weight": 247.14097999999973,
          "density": 1.4,
          "mass": 2.4714097999999973,
          "is_produced_by": [],
          "is_consumed_by": [
            "2a93defb-edc4-4957-80b9-7d7e5fec592c"
          ],
          "provenance__density": "dummy estimator based on mw",
          "provenance__is_consumed_by": null,
          "provenance__is_produced_by": null,
          "provenance__mass": null,
          "provenance__molecular_weight": "periodic table",
          "provenance__smiles": null,
          "provenance__state_of_matter": "dummy estimator based on mw"
        },
        {
          "identifier": "0805a075-4492-4d50-8b6c-ae43025c135e",
          "smiles": "COC(=O)c1ccc(-c2ccc(OCCO)c(Br)c2)cc1",
          "state_of_matter": "SOLID",
          "molecular_weight": 351.19190000000026,
          "density": 1.4,
          "mass": 3.5119190000000025,
          "is_produced_by": [],
          "is_consumed_by": [
            "2a93defb-edc4-4957-80b9-7d7e5fec592c"
          ],
          "provenance__density": "dummy estimator based on mw",
          "provenance__is_consumed_by": null,
          "provenance__is_produced_by": null,
          "provenance__mass": null,
          "provenance__molecular_weight": "periodic table",
          "provenance__smiles": null,
          "provenance__state_of_matter": "dummy estimator based on mw"
        }
      ],
      "reagents": [
        {
          "identifier": "b2baf482-30b7-478f-a8fe-b9e3b1086faa",
          "smiles": "O",
          "state_of_matter": "LIQUID",
          "molecular_weight": 18.01528,
          "density": 1.0,
          "mass": 0.1801528,
          "is_produced_by": [],
          "is_consumed_by": [
            "2a93defb-edc4-4957-80b9-7d7e5fec592c"
          ],
          "provenance__density": "dummy estimator based on mw",
          "provenance__is_consumed_by": null,
          "provenance__is_produced_by": null,
          "provenance__mass": null,
          "provenance__molecular_weight": "periodic table",
          "provenance__smiles": null,
          "provenance__state_of_matter": "dummy estimator based on mw"
        },
        {
          "identifier": "b68e8c5c-499d-4c2f-ac42-ab7b85eb6855",
          "smiles": "O=C(O[K])O[K]",
          "state_of_matter": "SOLID",
          "molecular_weight": 138.2055,
          "density": 1.4,
          "mass": 1.382055,
          "is_produced_by": [],
          "is_consumed_by": [
            "2a93defb-edc4-4957-80b9-7d7e5fec592c"
          ],
          "provenance__density": "dummy estimator based on mw",
          "provenance__is_consumed_by": null,
          "provenance__is_produced_by": null,
          "provenance__mass": null,
          "provenance__molecular_weight": "periodic table",
          "provenance__smiles": null,
          "provenance__state_of_matter": "dummy estimator based on mw"
        },
        {
          "identifier": "b1af28c8-9dd7-4e85-a87f-f782ab92f518",
          "smiles": "C1COCCO1",
          "state_of_matter": "LIQUID",
          "molecular_weight": 88.10512000000004,
          "density": 1.0,
          "mass": 0.8810512000000005,
          "is_produced_by": [],
          "is_consumed_by": [
            "2a93defb-edc4-4957-80b9-7d7e5fec592c"
          ],
          "provenance__density": "dummy estimator based on mw",
          "provenance__is_consumed_by": null,
          "provenance__is_produced_by": null,
          "provenance__mass": null,
          "provenance__molecular_weight": "periodic table",
          "provenance__smiles": null,
          "provenance__state_of_matter": "dummy estimator based on mw"
        }
      ],
      "products": [
        {
          "identifier": "a0abe394-d106-4d05-8739-3b18a5622673",
          "smiles": "COC(=O)c1ccc(-c2ccc(OCCO)c(-c3ccc(N4CCCC4)c(C(C)(C)C)c3)c2)cc1",
          "state_of_matter": "SOLID",
          "molecular_weight": 473.60320000000047,
          "density": 1.4,
          "mass": 4.736032000000005,
          "is_produced_by": [
            "2a93defb-edc4-4957-80b9-7d7e5fec592c"
          ],
          "is_consumed_by": [],
          "provenance__density": "dummy estimator based on mw",
          "provenance__is_consumed_by": null,
          "provenance__is_produced_by": null,
          "provenance__mass": null,
          "provenance__molecular_weight": "periodic table",
          "provenance__smiles": null,
          "provenance__state_of_matter": "dummy estimator based on mw"
        }
      ],
      "stoichiometry": {
        "4e97c284-1605-41a9-b0f2-fc06fcefc4e1": 1.0,
        "0805a075-4492-4d50-8b6c-ae43025c135e": 1.0,
        "a0abe394-d106-4d05-8739-3b18a5622673": -1.0
      },
      "temperature": 337.429408711195,
      "intended_ratios": {
        "4e97c284-1605-41a9-b0f2-fc06fcefc4e1": 1.0,
        "0805a075-4492-4d50-8b6c-ae43025c135e": 1.0,
        "b2baf482-30b7-478f-a8fe-b9e3b1086faa": 1.0,
        "b68e8c5c-499d-4c2f-ac42-ab7b85eb6855": 1.0,
        "b1af28c8-9dd7-4e85-a87f-f782ab92f518": 1.0
      },
      "expected_yields": {
        "a0abe394-d106-4d05-8739-3b18a5622673": 1.0
      },
      "reaction_extent": 0.01
    },
    {
      "identifier": "5e90efab-44ee-4696-acf6-64878b44531c",
      "reactants": [
        {
          "identifier": "9c0305ae-0de5-4fcf-8adb-a522a9bf2f4e",
          "smiles": "CC(C)(C)c1cc(Br)ccc1N1CCCC1",
          "state_of_matter": "SOLID",
          "molecular_weight": 282.2193000000003,
          "density": 1.4,
          "mass": 2.822193000000003,
          "is_produced_by": [],
          "is_consumed_by": [
            "5e90efab-44ee-4696-acf6-64878b44531c"
          ],
          "provenance__density": "dummy estimator based on mw",
          "provenance__is_consumed_by": null,
          "provenance__is_produced_by": null,
          "provenance__mass": null,
          "provenance__molecular_weight": "periodic table",
          "provenance__smiles": null,
          "provenance__state_of_matter": "dummy estimator based on mw"
        }
      ],
      "reagents": [
        {
          "identifier": "0529c184-88f5-4a83-a03d-8fd2824ff5f5",
          "smiles": "C1CCOC1",
          "state_of_matter": "LIQUID",
          "molecular_weight": 72.10572000000005,
          "density": 1.0,
          "mass": 0.7210572000000005,
          "is_produced_by": [],
          "is_consumed_by": [
            "5e90efab-44ee-4696-acf6-64878b44531c"
          ],
          "provenance__density": "dummy estimator based on mw",
          "provenance__is_consumed_by": null,
          "provenance__is_produced_by": null,
          "provenance__mass": null,
          "provenance__molecular_weight": "periodic table",
          "provenance__smiles": null,
          "provenance__state_of_matter": "dummy estimator based on mw"
        },
        {
          "identifier": "e8b25240-f08f-462c-a29b-4915ed4f5e3e",
          "smiles": "[Li]CCCC",
          "state_of_matter": "SOLID",
          "molecular_weight": 64.05525999999999,
          "density": 1.4,
          "mass": 0.6405525999999999,
          "is_produced_by": [],
          "is_consumed_by": [
            "5e90efab-44ee-4696-acf6-64878b44531c"
          ],
          "provenance__density": "dummy estimator based on mw",
          "provenance__is_consumed_by": null,
          "provenance__is_produced_by": null,
          "provenance__mass": null,
          "provenance__molecular_weight": "periodic table",
          "provenance__smiles": null,
          "provenance__state_of_matter": "dummy estimator based on mw"
        },
        {
          "identifier": "e786c336-e15e-4426-a99f-794467be2cd2",
          "smiles": "CC(C)OB(OC(C)C)OC(C)C",
          "state_of_matter": "LIQUID",
          "molecular_weight": 188.07223999999977,
          "density": 1.0,
          "mass": 1.8807223999999978,
          "is_produced_by": [],
          "is_consumed_by": [
            "5e90efab-44ee-4696-acf6-64878b44531c"
          ],
          "provenance__density": "dummy estimator based on mw",
          "provenance__is_consumed_by": null,
          "provenance__is_produced_by": null,
          "provenance__mass": null,
          "provenance__molecular_weight": "periodic table",
          "provenance__smiles": null,
          "provenance__state_of_matter": "dummy estimator based on mw"
        }
      ],
      "products": [
        {
          "identifier": "9101767c-5825-4a74-b00b-f72c103a0af5",
          "smiles": "CC(C)(C)c1cc(B(O)O)ccc1N1CCCC1",
          "state_of_matter": "SOLID",
          "molecular_weight": 247.14097999999973,
          "density": 1.4,
          "mass": 2.4714097999999973,
          "is_produced_by": [
            "5e90efab-44ee-4696-acf6-64878b44531c"
          ],
          "is_consumed_by": [],
          "provenance__density": "dummy estimator based on mw",
          "provenance__is_consumed_by": null,
          "provenance__is_produced_by": null,
          "provenance__mass": null,
          "provenance__molecular_weight": "periodic table",
          "provenance__smiles": null,
          "provenance__state_of_matter": "dummy estimator based on mw"
        }
      ],
      "stoichiometry": {
        "9c0305ae-0de5-4fcf-8adb-a522a9bf2f4e": 1.0,
        "9101767c-5825-4a74-b00b-f72c103a0af5": -1.0
      },
      "temperature": 190.80204177796838,
      "intended_ratios": {
        "9c0305ae-0de5-4fcf-8adb-a522a9bf2f4e": 1.0,
        "0529c184-88f5-4a83-a03d-8fd2824ff5f5": 1.0,
        "e8b25240-f08f-462c-a29b-4915ed4f5e3e": 1.0,
        "e786c336-e15e-4426-a99f-794467be2cd2": 1.0
      },
      "expected_yields": {
        "9101767c-5825-4a74-b00b-f72c103a0af5": 1.0
      },
      "reaction_extent": 0.01
    },
    {
      "identifier": "2bbaa3cf-999c-419e-b6ec-bcd72e92eadd",
      "reactants": [
        {
          "identifier": "80ad014d-ceb2-45bf-b86a-ecc9cee2d796",
          "smiles": "CC(C)(C)c1ccccc1N1CCCC1",
          "state_of_matter": "SOLID",
          "molecular_weight": 203.32323999999974,
          "density": 1.4,
          "mass": 2.0332323999999975,
          "is_produced_by": [],
          "is_consumed_by": [
            "2bbaa3cf-999c-419e-b6ec-bcd72e92eadd"
          ],
          "provenance__density": "dummy estimator based on mw",
          "provenance__is_consumed_by": null,
          "provenance__is_produced_by": null,
          "provenance__mass": null,
          "provenance__molecular_weight": "periodic table",
          "provenance__smiles": null,
          "provenance__state_of_matter": "dummy estimator based on mw"
        }
      ],
      "reagents": [
        {
          "identifier": "b0fbe416-6888-4a35-afeb-5fbc9a9560bb",
          "smiles": "BrBr",
          "state_of_matter": "LIQUID",
          "molecular_weight": 159.808,
          "density": 1.0,
          "mass": 1.59808,
          "is_produced_by": [],
          "is_consumed_by": [
            "2bbaa3cf-999c-419e-b6ec-bcd72e92eadd"
          ],
          "provenance__density": "dummy estimator based on mw",
          "provenance__is_consumed_by": null,
          "provenance__is_produced_by": null,
          "provenance__mass": null,
          "provenance__molecular_weight": "periodic table",
          "provenance__smiles": null,
          "provenance__state_of_matter": "dummy estimator based on mw"
        }
      ],
      "products": [
        {
          "identifier": "9b19e818-066b-4d4e-8513-93332b6125c6",
          "smiles": "CC(C)(C)c1cc(Br)ccc1N1CCCC1",
          "state_of_matter": "SOLID",
          "molecular_weight": 282.2193000000003,
          "density": 1.4,
          "mass": 2.822193000000003,
          "is_produced_by": [
            "2bbaa3cf-999c-419e-b6ec-bcd72e92eadd"
          ],
          "is_consumed_by": [],
          "provenance__density": "dummy estimator based on mw",
          "provenance__is_consumed_by": null,
          "provenance__is_produced_by": null,
          "provenance__mass": null,
          "provenance__molecular_weight": "periodic table",
          "provenance__smiles": null,
          "provenance__state_of_matter": "dummy estimator based on mw"
        }
      ],
      "stoichiometry": {
        "80ad014d-ceb2-45bf-b86a-ecc9cee2d796": 1.0,
        "9b19e818-066b-4d4e-8513-93332b6125c6": -1.0
      },
      "temperature": 312.1091839492321,
      "intended_ratios": {
        "80ad014d-ceb2-45bf-b86a-ecc9cee2d796": 1.0,
        "b0fbe416-6888-4a35-afeb-5fbc9a9560bb": 1.0
      },
      "expected_yields": {
        "9b19e818-066b-4d4e-8513-93332b6125c6": 1.0
      },
      "reaction_extent": 0.01
    },
    {
      "identifier": "e21839a0-7662-4caf-aff3-ea795d31eaff",
      "reactants": [
        {
          "identifier": "cb044481-7a5e-4a13-9775-40503d417c21",
          "smiles": "CC(C)(C)c1ccccc1O",
          "state_of_matter": "LIQUID",
          "molecular_weight": 150.21755999999988,
          "density": 1.0,
          "mass": 1.5021755999999988,
          "is_produced_by": [],
          "is_consumed_by": [
            "e21839a0-7662-4caf-aff3-ea795d31eaff"
          ],
          "provenance__density": "dummy estimator based on mw",
          "provenance__is_consumed_by": null,
          "provenance__is_produced_by": null,
          "provenance__mass": null,
          "provenance__molecular_weight": "periodic table",
          "provenance__smiles": null,
          "provenance__state_of_matter": "dummy estimator based on mw"
        },
        {
          "identifier": "34bc577b-fdf7-4b6e-b093-3bb1ed194c6e",
          "smiles": "O=S(=O)(OS(=O)(=O)C(F)(F)F)C(F)(F)F",
          "state_of_matter": "SOLID",
          "molecular_weight": 282.1388191999999,
          "density": 1.4,
          "mass": 2.821388191999999,
          "is_produced_by": [],
          "is_consumed_by": [
            "e21839a0-7662-4caf-aff3-ea795d31eaff"
          ],
          "provenance__density": "dummy estimator based on mw",
          "provenance__is_consumed_by": null,
          "provenance__is_produced_by": null,
          "provenance__mass": null,
          "provenance__molecular_weight": "periodic table",
          "provenance__smiles": null,
          "provenance__state_of_matter": "dummy estimator based on mw"
        }
      ],
      "reagents": [
        {
          "identifier": "597b69ff-cba1-493a-91de-57653c8213dc",
          "smiles": "ClCCl",
          "state_of_matter": "LIQUID",
          "molecular_weight": 84.93258000000002,
          "density": 1.0,
          "mass": 0.8493258000000001,
          "is_produced_by": [],
          "is_consumed_by": [
            "e21839a0-7662-4caf-aff3-ea795d31eaff"
          ],
          "provenance__density": "dummy estimator based on mw",
          "provenance__is_consumed_by": null,
          "provenance__is_produced_by": null,
          "provenance__mass": null,
          "provenance__molecular_weight": "periodic table",
          "provenance__smiles": null,
          "provenance__state_of_matter": "dummy estimator based on mw"
        },
        {
          "identifier": "a02c4ac1-16c5-42ee-9b3a-d7ff2cfab461",
          "smiles": "CCN(CC)CC",
          "state_of_matter": "LIQUID",
          "molecular_weight": 101.19000000000008,
          "density": 1.0,
          "mass": 1.011900000000001,
          "is_produced_by": [],
          "is_consumed_by": [
            "e21839a0-7662-4caf-aff3-ea795d31eaff"
          ],
          "provenance__density": "dummy estimator based on mw",
          "provenance__is_consumed_by": null,
          "provenance__is_produced_by": null,
          "provenance__mass": null,
          "provenance__molecular_weight": "periodic table",
          "provenance__smiles": null,
          "provenance__state_of_matter": "dummy estimator based on mw"
        }
      ],
      "products": [
        {
          "identifier": "c54d226c-95e6-45df-a0b0-66e19a2c563c",
          "smiles": "CC(C)(C)c1ccccc1OS(=O)(=O)C(F)(F)F",
          "state_of_matter": "SOLID",
          "molecular_weight": 282.2793296000002,
          "density": 1.4,
          "mass": 2.822793296000002,
          "is_produced_by": [
            "e21839a0-7662-4caf-aff3-ea795d31eaff"
          ],
          "is_consumed_by": [],
          "provenance__density": "dummy estimator based on mw",
          "provenance__is_consumed_by": null,
          "provenance__is_produced_by": null,
          "provenance__mass": null,
          "provenance__molecular_weight": "periodic table",
          "provenance__smiles": null,
          "provenance__state_of_matter": "dummy estimator based on mw"
        }
      ],
      "stoichiometry": {
        "cb044481-7a5e-4a13-9775-40503d417c21": 1.0,
        "34bc577b-fdf7-4b6e-b093-3bb1ed194c6e": 1.0,
        "c54d226c-95e6-45df-a0b0-66e19a2c563c": -1.0
      },
      "temperature": 255.63681197762486,
      "intended_ratios": {
        "cb044481-7a5e-4a13-9775-40503d417c21": 1.0,
        "34bc577b-fdf7-4b6e-b093-3bb1ed194c6e": 1.0,
        "597b69ff-cba1-493a-91de-57653c8213dc": 1.0,
        "a02c4ac1-16c5-42ee-9b3a-d7ff2cfab461": 1.0
      },
      "expected_yields": {
        "c54d226c-95e6-45df-a0b0-66e19a2c563c": 1.0
      },
      "reaction_extent": 0.01
    },
    {
      "identifier": "e0d75b27-2c6c-4f3e-817a-889b91d6d0db",
      "reactants": [
        {
          "identifier": "3f348593-c9c7-4cac-a8a9-c462f3742cc0",
          "smiles": "CC(C)N",
          "state_of_matter": "LIQUID",
          "molecular_weight": 59.11025999999998,
          "density": 1.0,
          "mass": 0.5911025999999998,
          "is_produced_by": [],
          "is_consumed_by": [
            "e0d75b27-2c6c-4f3e-817a-889b91d6d0db"
          ],
          "provenance__density": "dummy estimator based on mw",
          "provenance__is_consumed_by": null,
          "provenance__is_produced_by": null,
          "provenance__mass": null,
          "provenance__molecular_weight": "periodic table",
          "provenance__smiles": null,
          "provenance__state_of_matter": "dummy estimator based on mw"
        },
        {
          "identifier": "a44a8062-dc54-4e3f-a7b3-29e5d55294ad",
          "smiles": "O=C(O)COc1cccc(-c2nc(Nc3ccc4[nH]ncc4c3)c3ccccc3n2)c1",
          "state_of_matter": "SOLID",
          "molecular_weight": 411.41278000000017,
          "density": 1.4,
          "mass": 4.114127800000002,
          "is_produced_by": [],
          "is_consumed_by": [
            "e0d75b27-2c6c-4f3e-817a-889b91d6d0db"
          ],
          "provenance__density": "dummy estimator based on mw",
          "provenance__is_consumed_by": null,
          "provenance__is_produced_by": null,
          "provenance__mass": null,
          "provenance__molecular_weight": "periodic table",
          "provenance__smiles": null,
          "provenance__state_of_matter": "dummy estimator based on mw"
        }
      ],
      "reagents": [
        {
          "identifier": "c54182db-113c-493f-89b7-333c536b7d3d",
          "smiles": "CN(C)C=O",
          "state_of_matter": "LIQUID",
          "molecular_weight": 73.09378000000004,
          "density": 1.0,
          "mass": 0.7309378000000004,
          "is_produced_by": [],
          "is_consumed_by": [
            "e0d75b27-2c6c-4f3e-817a-889b91d6d0db"
          ],
          "provenance__density": "dummy estimator based on mw",
          "provenance__is_consumed_by": null,
          "provenance__is_produced_by": null,
          "provenance__mass": null,
          "provenance__molecular_weight": "periodic table",
          "provenance__smiles": null,
          "provenance__state_of_matter": "dummy estimator based on mw"
        },
        {
          "identifier": "1c447564-a1ea-4920-8681-5b1640d3ea5a",
          "smiles": "ClCCl",
          "state_of_matter": "LIQUID",
          "molecular_weight": 84.93258000000002,
          "density": 1.0,
          "mass": 0.8493258000000001,
          "is_produced_by": [],
          "is_consumed_by": [
            "e0d75b27-2c6c-4f3e-817a-889b91d6d0db"
          ],
          "provenance__density": "dummy estimator based on mw",
          "provenance__is_consumed_by": null,
          "provenance__is_produced_by": null,
          "provenance__mass": null,
          "provenance__molecular_weight": "periodic table",
          "provenance__smiles": null,
          "provenance__state_of_matter": "dummy estimator based on mw"
        },
        {
          "identifier": "8458bb0f-77e8-4467-bf0f-4296c3d561a2",
          "smiles": "CCN(C(C)C)C(C)C",
          "state_of_matter": "LIQUID",
          "molecular_weight": 129.24316000000007,
          "density": 1.0,
          "mass": 1.2924316000000007,
          "is_produced_by": [],
          "is_consumed_by": [
            "e0d75b27-2c6c-4f3e-817a-889b91d6d0db"
          ],
          "provenance__density": "dummy estimator based on mw",
          "provenance__is_consumed_by": null,
          "provenance__is_produced_by": null,
          "provenance__mass": null,
          "provenance__molecular_weight": "periodic table",
          "provenance__smiles": null,
          "provenance__state_of_matter": "dummy estimator based on mw"
        },
        {
          "identifier": "9340e28e-c953-4ddb-84c8-0928d9ad3401",
          "smiles": "F[P-](F)(F)(F)(F)F.c1ccc2c(c1)nnn2O[P+](N1CCCC1)(N1CCCC1)N1CCCC1",
          "state_of_matter": "SOLID",
          "molecular_weight": 521.4004011999998,
          "density": 1.4,
          "mass": 5.214004011999998,
          "is_produced_by": [],
          "is_consumed_by": [
            "e0d75b27-2c6c-4f3e-817a-889b91d6d0db"
          ],
          "provenance__density": "dummy estimator based on mw",
          "provenance__is_consumed_by": null,
          "provenance__is_produced_by": null,
          "provenance__mass": null,
          "provenance__molecular_weight": "periodic table",
          "provenance__smiles": null,
          "provenance__state_of_matter": "dummy estimator based on mw"
        }
      ],
      "products": [
        {
          "identifier": "b27e64cd-71f2-4025-a6ec-21186a3b7ee0",
          "smiles": "CC(C)NC(=O)COc1cccc(-c2nc(Nc3ccc4[nH]ncc4c3)c3ccccc3n2)c1",
          "state_of_matter": "SOLID",
          "molecular_weight": 452.5077600000003,
          "density": 1.4,
          "mass": 4.525077600000003,
          "is_produced_by": [
            "e0d75b27-2c6c-4f3e-817a-889b91d6d0db"
          ],
          "is_consumed_by": [],
          "provenance__density": "dummy estimator based on mw",
          "provenance__is_consumed_by": null,
          "provenance__is_produced_by": null,
          "provenance__mass": null,
          "provenance__molecular_weight": "periodic table",
          "provenance__smiles": null,
          "provenance__state_of_matter": "dummy estimator based on mw"
        }
      ],
      "stoichiometry": {
        "3f348593-c9c7-4cac-a8a9-c462f3742cc0": 1.0,
        "a44a8062-dc54-4e3f-a7b3-29e5d55294ad": 1.0,
        "b27e64cd-71f2-4025-a6ec-21186a3b7ee0": -1.0
      },
      "temperature": 294.2399628281593,
      "intended_ratios": {
        "3f348593-c9c7-4cac-a8a9-c462f3742cc0": 1.0,
        "a44a8062-dc54-4e3f-a7b3-29e5d55294ad": 1.0,
        "c54182db-113c-493f-89b7-333c536b7d3d": 1.0,
        "1c447564-a1ea-4920-8681-5b1640d3ea5a": 1.0,
        "8458bb0f-77e8-4467-bf0f-4296c3d561a2": 1.0,
        "9340e28e-c953-4ddb-84c8-0928d9ad3401": 1.0
      },
      "expected_yields": {
        "b27e64cd-71f2-4025-a6ec-21186a3b7ee0": 1.0
      },
      "reaction_extent": 0.01
    },
    {
      "identifier": "918992dc-db71-4340-b14c-2116385d5abd",
      "reactants": [
        {
          "identifier": "5b7a6819-42e0-4051-b2f2-3a718b04685f",
          "smiles": "COC(=O)CBr",
          "state_of_matter": "LIQUID",
          "molecular_weight": 152.97459999999995,
          "density": 1.0,
          "mass": 1.5297459999999996,
          "is_produced_by": [],
          "is_consumed_by": [
            "918992dc-db71-4340-b14c-2116385d5abd"
          ],
          "provenance__density": "dummy estimator based on mw",
          "provenance__is_consumed_by": null,
          "provenance__is_produced_by": null,
          "provenance__mass": null,
          "provenance__molecular_weight": "periodic table",
          "provenance__smiles": null,
          "provenance__state_of_matter": "dummy estimator based on mw"
        },
        {
          "identifier": "e6709a1b-ae72-4f33-84d0-9438ac00f6dc",
          "smiles": "Oc1cccc(-c2nc(Nc3ccc4[nH]ncc4c3)c3ccccc3n2)c1",
          "state_of_matter": "SOLID",
          "molecular_weight": 353.37670000000014,
          "density": 1.4,
          "mass": 3.5337670000000014,
          "is_produced_by": [],
          "is_consumed_by": [
            "918992dc-db71-4340-b14c-2116385d5abd"
          ],
          "provenance__density": "dummy estimator based on mw",
          "provenance__is_consumed_by": null,
          "provenance__is_produced_by": null,
          "provenance__mass": null,
          "provenance__molecular_weight": "periodic table",
          "provenance__smiles": null,
          "provenance__state_of_matter": "dummy estimator based on mw"
        }
      ],
      "reagents": [
        {
          "identifier": "8ae8daf1-c4d6-4d47-adc1-05df381a2b67",
          "smiles": "CN(C)C=O",
          "state_of_matter": "LIQUID",
          "molecular_weight": 73.09378000000004,
          "density": 1.0,
          "mass": 0.7309378000000004,
          "is_produced_by": [],
          "is_consumed_by": [
            "918992dc-db71-4340-b14c-2116385d5abd"
          ],
          "provenance__density": "dummy estimator based on mw",
          "provenance__is_consumed_by": null,
          "provenance__is_produced_by": null,
          "provenance__mass": null,
          "provenance__molecular_weight": "periodic table",
          "provenance__smiles": null,
          "provenance__state_of_matter": "dummy estimator based on mw"
        },
        {
          "identifier": "e655a79a-0fe0-4d10-ae5b-a3c63e132dcd",
          "smiles": "O=C(O[K])O[K]",
          "state_of_matter": "SOLID",
          "molecular_weight": 138.2055,
          "density": 1.4,
          "mass": 1.382055,
          "is_produced_by": [],
          "is_consumed_by": [
            "918992dc-db71-4340-b14c-2116385d5abd"
          ],
          "provenance__density": "dummy estimator based on mw",
          "provenance__is_consumed_by": null,
          "provenance__is_produced_by": null,
          "provenance__mass": null,
          "provenance__molecular_weight": "periodic table",
          "provenance__smiles": null,
          "provenance__state_of_matter": "dummy estimator based on mw"
        },
        {
          "identifier": "513759b5-71be-4ddf-bbd8-4e6358fe9094",
          "smiles": "ClCCl",
          "state_of_matter": "LIQUID",
          "molecular_weight": 84.93258000000002,
          "density": 1.0,
          "mass": 0.8493258000000001,
          "is_produced_by": [],
          "is_consumed_by": [
            "918992dc-db71-4340-b14c-2116385d5abd"
          ],
          "provenance__density": "dummy estimator based on mw",
          "provenance__is_consumed_by": null,
          "provenance__is_produced_by": null,
          "provenance__mass": null,
          "provenance__molecular_weight": "periodic table",
          "provenance__smiles": null,
          "provenance__state_of_matter": "dummy estimator based on mw"
        }
      ],
      "products": [
        {
          "identifier": "53e4224f-7e12-4d4e-a734-2926e16b256e",
          "smiles": "COC(=O)COc1cccc(-c2nc(Nc3ccc4[nH]ncc4c3)c3ccccc3n2)c1",
          "state_of_matter": "SOLID",
          "molecular_weight": 425.43936000000025,
          "density": 1.4,
          "mass": 4.254393600000003,
          "is_produced_by": [
            "918992dc-db71-4340-b14c-2116385d5abd"
          ],
          "is_consumed_by": [],
          "provenance__density": "dummy estimator based on mw",
          "provenance__is_consumed_by": null,
          "provenance__is_produced_by": null,
          "provenance__mass": null,
          "provenance__molecular_weight": "periodic table",
          "provenance__smiles": null,
          "provenance__state_of_matter": "dummy estimator based on mw"
        }
      ],
      "stoichiometry": {
        "5b7a6819-42e0-4051-b2f2-3a718b04685f": 1.0,
        "e6709a1b-ae72-4f33-84d0-9438ac00f6dc": 1.0,
        "53e4224f-7e12-4d4e-a734-2926e16b256e": -1.0
      },
      "temperature": 318.9238932073116,
      "intended_ratios": {
        "5b7a6819-42e0-4051-b2f2-3a718b04685f": 1.0,
        "e6709a1b-ae72-4f33-84d0-9438ac00f6dc": 1.0,
        "8ae8daf1-c4d6-4d47-adc1-05df381a2b67": 1.0,
        "e655a79a-0fe0-4d10-ae5b-a3c63e132dcd": 1.0,
        "513759b5-71be-4ddf-bbd8-4e6358fe9094": 1.0
      },
      "expected_yields": {
        "53e4224f-7e12-4d4e-a734-2926e16b256e": 1.0
      },
      "reaction_extent": 0.01
    },
    {
      "identifier": "3a53e4dc-097a-4943-a07e-b7ed6219cd1f",
      "reactants": [
        {
          "identifier": "85eafb2a-ac93-49ca-982f-482c621b9ef4",
          "smiles": "COC(=O)COc1cccc(-c2nc(Nc3ccc4[nH]ncc4c3)c3ccccc3n2)c1",
          "state_of_matter": "SOLID",
          "molecular_weight": 425.43936000000025,
          "density": 1.4,
          "mass": 4.254393600000003,
          "is_produced_by": [],
          "is_consumed_by": [
            "3a53e4dc-097a-4943-a07e-b7ed6219cd1f"
          ],
          "provenance__density": "dummy estimator based on mw",
          "provenance__is_consumed_by": null,
          "provenance__is_produced_by": null,
          "provenance__mass": null,
          "provenance__molecular_weight": "periodic table",
          "provenance__smiles": null,
          "provenance__state_of_matter": "dummy estimator based on mw"
        }
      ],
      "reagents": [
        {
          "identifier": "457e17f6-8010-48ca-b478-6234ac991a96",
          "smiles": "CN(C)C=O",
          "state_of_matter": "LIQUID",
          "molecular_weight": 73.09378000000004,
          "density": 1.0,
          "mass": 0.7309378000000004,
          "is_produced_by": [],
          "is_consumed_by": [
            "3a53e4dc-097a-4943-a07e-b7ed6219cd1f"
          ],
          "provenance__density": "dummy estimator based on mw",
          "provenance__is_consumed_by": null,
          "provenance__is_produced_by": null,
          "provenance__mass": null,
          "provenance__molecular_weight": "periodic table",
          "provenance__smiles": null,
          "provenance__state_of_matter": "dummy estimator based on mw"
        },
        {
          "identifier": "14251c1b-3eb4-4880-b31a-d7c5751631d8",
          "smiles": "ClCCl",
          "state_of_matter": "LIQUID",
          "molecular_weight": 84.93258000000002,
          "density": 1.0,
          "mass": 0.8493258000000001,
          "is_produced_by": [],
          "is_consumed_by": [
            "3a53e4dc-097a-4943-a07e-b7ed6219cd1f"
          ],
          "provenance__density": "dummy estimator based on mw",
          "provenance__is_consumed_by": null,
          "provenance__is_produced_by": null,
          "provenance__mass": null,
          "provenance__molecular_weight": "periodic table",
          "provenance__smiles": null,
          "provenance__state_of_matter": "dummy estimator based on mw"
        },
        {
          "identifier": "f9511bda-8046-4712-bdea-bcb741064f3d",
          "smiles": "CCN(C(C)C)C(C)C",
          "state_of_matter": "LIQUID",
          "molecular_weight": 129.24316000000007,
          "density": 1.0,
          "mass": 1.2924316000000007,
          "is_produced_by": [],
          "is_consumed_by": [
            "3a53e4dc-097a-4943-a07e-b7ed6219cd1f"
          ],
          "provenance__density": "dummy estimator based on mw",
          "provenance__is_consumed_by": null,
          "provenance__is_produced_by": null,
          "provenance__mass": null,
          "provenance__molecular_weight": "periodic table",
          "provenance__smiles": null,
          "provenance__state_of_matter": "dummy estimator based on mw"
        },
        {
          "identifier": "120bcc98-dea3-4879-955d-ee52446ae9fa",
          "smiles": "F[P-](F)(F)(F)(F)F.c1ccc2c(c1)nnn2O[P+](N1CCCC1)(N1CCCC1)N1CCCC1",
          "state_of_matter": "SOLID",
          "molecular_weight": 521.4004011999998,
          "density": 1.4,
          "mass": 5.214004011999998,
          "is_produced_by": [],
          "is_consumed_by": [
            "3a53e4dc-097a-4943-a07e-b7ed6219cd1f"
          ],
          "provenance__density": "dummy estimator based on mw",
          "provenance__is_consumed_by": null,
          "provenance__is_produced_by": null,
          "provenance__mass": null,
          "provenance__molecular_weight": "periodic table",
          "provenance__smiles": null,
          "provenance__state_of_matter": "dummy estimator based on mw"
        }
      ],
      "products": [
        {
          "identifier": "2a2e1455-e9c1-4161-a363-d7d45e4f15c8",
          "smiles": "O=C(O)COc1cccc(-c2nc(Nc3ccc4[nH]ncc4c3)c3ccccc3n2)c1",
          "state_of_matter": "SOLID",
          "molecular_weight": 411.41278000000017,
          "density": 1.4,
          "mass": 4.114127800000002,
          "is_produced_by": [
            "3a53e4dc-097a-4943-a07e-b7ed6219cd1f"
          ],
          "is_consumed_by": [],
          "provenance__density": "dummy estimator based on mw",
          "provenance__is_consumed_by": null,
          "provenance__is_produced_by": null,
          "provenance__mass": null,
          "provenance__molecular_weight": "periodic table",
          "provenance__smiles": null,
          "provenance__state_of_matter": "dummy estimator based on mw"
        }
      ],
      "stoichiometry": {
        "85eafb2a-ac93-49ca-982f-482c621b9ef4": 1.0,
        "2a2e1455-e9c1-4161-a363-d7d45e4f15c8": -1.0
      },
      "temperature": 300.959981739521,
      "intended_ratios": {
        "85eafb2a-ac93-49ca-982f-482c621b9ef4": 1.0,
        "457e17f6-8010-48ca-b478-6234ac991a96": 1.0,
        "14251c1b-3eb4-4880-b31a-d7c5751631d8": 1.0,
        "f9511bda-8046-4712-bdea-bcb741064f3d": 1.0,
        "120bcc98-dea3-4879-955d-ee52446ae9fa": 1.0
      },
      "expected_yields": {
        "2a2e1455-e9c1-4161-a363-d7d45e4f15c8": 1.0
      },
      "reaction_extent": 0.01
    },
    {
      "identifier": "07a2f393-897c-4fbd-9e60-07b2e0f0da9f",
      "reactants": [
        {
          "identifier": "7ec0689e-15cb-46cb-9120-0b2a6ec96076",
          "smiles": "COC(=O)c1ccc(-c2ccc(O)c(Br)c2)cc1",
          "state_of_matter": "SOLID",
          "molecular_weight": 307.1393400000002,
          "density": 1.4,
          "mass": 3.0713934000000016,
          "is_produced_by": [],
          "is_consumed_by": [
            "07a2f393-897c-4fbd-9e60-07b2e0f0da9f"
          ],
          "provenance__density": "dummy estimator based on mw",
          "provenance__is_consumed_by": null,
          "provenance__is_produced_by": null,
          "provenance__mass": null,
          "provenance__molecular_weight": "periodic table",
          "provenance__smiles": null,
          "provenance__state_of_matter": "dummy estimator based on mw"
        },
        {
          "identifier": "1ec9b72c-0866-4a8b-8466-cad762c96d08",
          "smiles": "OCCBr",
          "state_of_matter": "LIQUID",
          "molecular_weight": 124.96450000000003,
          "density": 1.0,
          "mass": 1.2496450000000003,
          "is_produced_by": [],
          "is_consumed_by": [
            "07a2f393-897c-4fbd-9e60-07b2e0f0da9f"
          ],
          "provenance__density": "dummy estimator based on mw",
          "provenance__is_consumed_by": null,
          "provenance__is_produced_by": null,
          "provenance__mass": null,
          "provenance__molecular_weight": "periodic table",
          "provenance__smiles": null,
          "provenance__state_of_matter": "dummy estimator based on mw"
        }
      ],
      "reagents": [
        {
          "identifier": "a2dbbaab-a933-4810-b25d-c3cd29c8b0a8",
          "smiles": "CN(C)C=O",
          "state_of_matter": "LIQUID",
          "molecular_weight": 73.09378000000004,
          "density": 1.0,
          "mass": 0.7309378000000004,
          "is_produced_by": [],
          "is_consumed_by": [
            "07a2f393-897c-4fbd-9e60-07b2e0f0da9f"
          ],
          "provenance__density": "dummy estimator based on mw",
          "provenance__is_consumed_by": null,
          "provenance__is_produced_by": null,
          "provenance__mass": null,
          "provenance__molecular_weight": "periodic table",
          "provenance__smiles": null,
          "provenance__state_of_matter": "dummy estimator based on mw"
        },
        {
          "identifier": "4efd7900-b8f7-42aa-a7cf-4b87bcdc560f",
          "smiles": "O=C(O[K])O[K]",
          "state_of_matter": "SOLID",
          "molecular_weight": 138.2055,
          "density": 1.4,
          "mass": 1.382055,
          "is_produced_by": [],
          "is_consumed_by": [
            "07a2f393-897c-4fbd-9e60-07b2e0f0da9f"
          ],
          "provenance__density": "dummy estimator based on mw",
          "provenance__is_consumed_by": null,
          "provenance__is_produced_by": null,
          "provenance__mass": null,
          "provenance__molecular_weight": "periodic table",
          "provenance__smiles": null,
          "provenance__state_of_matter": "dummy estimator based on mw"
        }
      ],
      "products": [
        {
          "identifier": "e47f4a74-c014-4b84-a585-1d20ff9ed971",
          "smiles": "COC(=O)c1ccc(-c2ccc(OCCO)c(Br)c2)cc1",
          "state_of_matter": "SOLID",
          "molecular_weight": 351.19190000000026,
          "density": 1.4,
          "mass": 3.5119190000000025,
          "is_produced_by": [
            "07a2f393-897c-4fbd-9e60-07b2e0f0da9f"
          ],
          "is_consumed_by": [],
          "provenance__density": "dummy estimator based on mw",
          "provenance__is_consumed_by": null,
          "provenance__is_produced_by": null,
          "provenance__mass": null,
          "provenance__molecular_weight": "periodic table",
          "provenance__smiles": null,
          "provenance__state_of_matter": "dummy estimator based on mw"
        }
      ],
      "stoichiometry": {
        "7ec0689e-15cb-46cb-9120-0b2a6ec96076": 1.0,
        "1ec9b72c-0866-4a8b-8466-cad762c96d08": 1.0,
        "e47f4a74-c014-4b84-a585-1d20ff9ed971": -1.0
      },
      "temperature": 300.2687226712703,
      "intended_ratios": {
        "7ec0689e-15cb-46cb-9120-0b2a6ec96076": 1.0,
        "1ec9b72c-0866-4a8b-8466-cad762c96d08": 1.0,
        "a2dbbaab-a933-4810-b25d-c3cd29c8b0a8": 1.0,
        "4efd7900-b8f7-42aa-a7cf-4b87bcdc560f": 1.0
      },
      "expected_yields": {
        "e47f4a74-c014-4b84-a585-1d20ff9ed971": 1.0
      },
      "reaction_extent": 0.01
    },
    {
      "identifier": "4881fe02-4a67-4fd5-815f-f20489875368",
      "reactants": [
        {
          "identifier": "f122f70d-5d01-4f31-b822-f7f55ce18b02",
          "smiles": "COC(=O)c1ccc(-c2ccc(O)cc2)cc1",
          "state_of_matter": "SOLID",
          "molecular_weight": 228.24327999999986,
          "density": 1.4,
          "mass": 2.2824327999999987,
          "is_produced_by": [],
          "is_consumed_by": [
            "4881fe02-4a67-4fd5-815f-f20489875368"
          ],
          "provenance__density": "dummy estimator based on mw",
          "provenance__is_consumed_by": null,
          "provenance__is_produced_by": null,
          "provenance__mass": null,
          "provenance__molecular_weight": "periodic table",
          "provenance__smiles": null,
          "provenance__state_of_matter": "dummy estimator based on mw"
        }
      ],
      "reagents": [
        {
          "identifier": "347ac6b9-658d-453b-82e9-a9878c99a355",
          "smiles": "CC(=O)O",
          "state_of_matter": "LIQUID",
          "molecular_weight": 60.051959999999994,
          "density": 1.0,
          "mass": 0.6005195999999999,
          "is_produced_by": [],
          "is_consumed_by": [
            "4881fe02-4a67-4fd5-815f-f20489875368"
          ],
          "provenance__density": "dummy estimator based on mw",
          "provenance__is_consumed_by": null,
          "provenance__is_produced_by": null,
          "provenance__mass": null,
          "provenance__molecular_weight": "periodic table",
          "provenance__smiles": null,
          "provenance__state_of_matter": "dummy estimator based on mw"
        },
        {
          "identifier": "257f578a-c952-4e0d-95dd-da8dd8961ad8",
          "smiles": "BrBr",
          "state_of_matter": "LIQUID",
          "molecular_weight": 159.808,
          "density": 1.0,
          "mass": 1.59808,
          "is_produced_by": [],
          "is_consumed_by": [
            "4881fe02-4a67-4fd5-815f-f20489875368"
          ],
          "provenance__density": "dummy estimator based on mw",
          "provenance__is_consumed_by": null,
          "provenance__is_produced_by": null,
          "provenance__mass": null,
          "provenance__molecular_weight": "periodic table",
          "provenance__smiles": null,
          "provenance__state_of_matter": "dummy estimator based on mw"
        }
      ],
      "products": [
        {
          "identifier": "bb3d788f-e369-431b-89ba-8beaa83c511e",
          "smiles": "COC(=O)c1ccc(-c2ccc(O)c(Br)c2)cc1",
          "state_of_matter": "SOLID",
          "molecular_weight": 307.1393400000002,
          "density": 1.4,
          "mass": 3.0713934000000016,
          "is_produced_by": [
            "4881fe02-4a67-4fd5-815f-f20489875368"
          ],
          "is_consumed_by": [],
          "provenance__density": "dummy estimator based on mw",
          "provenance__is_consumed_by": null,
          "provenance__is_produced_by": null,
          "provenance__mass": null,
          "provenance__molecular_weight": "periodic table",
          "provenance__smiles": null,
          "provenance__state_of_matter": "dummy estimator based on mw"
        }
      ],
      "stoichiometry": {
        "f122f70d-5d01-4f31-b822-f7f55ce18b02": 1.0,
        "bb3d788f-e369-431b-89ba-8beaa83c511e": -1.0
      },
      "temperature": 294.12755874395367,
      "intended_ratios": {
        "f122f70d-5d01-4f31-b822-f7f55ce18b02": 1.0,
        "347ac6b9-658d-453b-82e9-a9878c99a355": 1.0,
        "257f578a-c952-4e0d-95dd-da8dd8961ad8": 1.0
      },
      "expected_yields": {
        "bb3d788f-e369-431b-89ba-8beaa83c511e": 1.0
      },
      "reaction_extent": 0.01
    },
    {
      "identifier": "772b618b-e34b-4bb5-a79c-1545fbea87d1",
      "reactants": [
        {
          "identifier": "05a11c69-fecf-4308-be0c-3ffe07d76918",
          "smiles": "COC(=O)c1ccc(-c2ccc(OCCO)c(-c3ccc(N4CCCC4)c(C(C)(C)C)c3)c2)cc1",
          "state_of_matter": "SOLID",
          "molecular_weight": 473.60320000000047,
          "density": 1.4,
          "mass": 4.736032000000005,
          "is_produced_by": [],
          "is_consumed_by": [
            "772b618b-e34b-4bb5-a79c-1545fbea87d1"
          ],
          "provenance__density": "dummy estimator based on mw",
          "provenance__is_consumed_by": null,
          "provenance__is_produced_by": null,
          "provenance__mass": null,
          "provenance__molecular_weight": "periodic table",
          "provenance__smiles": null,
          "provenance__state_of_matter": "dummy estimator based on mw"
        }
      ],
      "reagents": [
        {
          "identifier": "606f2051-492c-44c9-845a-7bf81b639a40",
          "smiles": "C1CCOC1",
          "state_of_matter": "LIQUID",
          "molecular_weight": 72.10572000000005,
          "density": 1.0,
          "mass": 0.7210572000000005,
          "is_produced_by": [],
          "is_consumed_by": [
            "772b618b-e34b-4bb5-a79c-1545fbea87d1"
          ],
          "provenance__density": "dummy estimator based on mw",
          "provenance__is_consumed_by": null,
          "provenance__is_produced_by": null,
          "provenance__mass": null,
          "provenance__molecular_weight": "periodic table",
          "provenance__smiles": null,
          "provenance__state_of_matter": "dummy estimator based on mw"
        },
        {
          "identifier": "96793d5b-46d5-4fb5-8529-b112f0daf416",
          "smiles": "[Li]O",
          "state_of_matter": "SOLID",
          "molecular_weight": 23.94834,
          "density": 1.4,
          "mass": 0.2394834,
          "is_produced_by": [],
          "is_consumed_by": [
            "772b618b-e34b-4bb5-a79c-1545fbea87d1"
          ],
          "provenance__density": "dummy estimator based on mw",
          "provenance__is_consumed_by": null,
          "provenance__is_produced_by": null,
          "provenance__mass": null,
          "provenance__molecular_weight": "periodic table",
          "provenance__smiles": null,
          "provenance__state_of_matter": "dummy estimator based on mw"
        }
      ],
      "products": [
        {
          "identifier": "221dcb91-3e8c-4198-809d-c11169ff14ca",
          "smiles": "CC(C)(C)c1cc(-c2cc(-c3ccc(C(=O)O)cc3)ccc2OCCO)ccc1N1CCCC1",
          "state_of_matter": "SOLID",
          "molecular_weight": 459.5766200000004,
          "density": 1.4,
          "mass": 4.595766200000004,
          "is_produced_by": [
            "772b618b-e34b-4bb5-a79c-1545fbea87d1"
          ],
          "is_consumed_by": [],
          "provenance__density": "dummy estimator based on mw",
          "provenance__is_consumed_by": null,
          "provenance__is_produced_by": null,
          "provenance__mass": null,
          "provenance__molecular_weight": "periodic table",
          "provenance__smiles": null,
          "provenance__state_of_matter": "dummy estimator based on mw"
        }
      ],
      "stoichiometry": {
        "05a11c69-fecf-4308-be0c-3ffe07d76918": 1.0,
        "221dcb91-3e8c-4198-809d-c11169ff14ca": -1.0
      },
      "temperature": 301.09843543767926,
      "intended_ratios": {
        "05a11c69-fecf-4308-be0c-3ffe07d76918": 1.0,
        "606f2051-492c-44c9-845a-7bf81b639a40": 1.0,
        "96793d5b-46d5-4fb5-8529-b112f0daf416": 1.0
      },
      "expected_yields": {
        "221dcb91-3e8c-4198-809d-c11169ff14ca": 1.0
      },
      "reaction_extent": 0.01
    },
    {
      "identifier": "fb14bf2c-ee87-4ff5-a3ca-3b555b89e7ca",
      "reactants": [
        {
          "identifier": "c3894b25-bf48-4228-9d8c-42ca0e3864b3",
          "smiles": "NC(=O)c1ccccc1N",
          "state_of_matter": "LIQUID",
          "molecular_weight": 136.15121999999994,
          "density": 1.0,
          "mass": 1.3615121999999995,
          "is_produced_by": [],
          "is_consumed_by": [
            "fb14bf2c-ee87-4ff5-a3ca-3b555b89e7ca"
          ],
          "provenance__density": "dummy estimator based on mw",
          "provenance__is_consumed_by": null,
          "provenance__is_produced_by": null,
          "provenance__mass": null,
          "provenance__molecular_weight": "periodic table",
          "provenance__smiles": null,
          "provenance__state_of_matter": "dummy estimator based on mw"
        },
        {
          "identifier": "4b791633-4cee-445f-81e9-e329bbe6bfe9",
          "smiles": "O=Cc1cccc(O)c1",
          "state_of_matter": "LIQUID",
          "molecular_weight": 122.12134000000003,
          "density": 1.0,
          "mass": 1.2212134000000003,
          "is_produced_by": [],
          "is_consumed_by": [
            "fb14bf2c-ee87-4ff5-a3ca-3b555b89e7ca"
          ],
          "provenance__density": "dummy estimator based on mw",
          "provenance__is_consumed_by": null,
          "provenance__is_produced_by": null,
          "provenance__mass": null,
          "provenance__molecular_weight": "periodic table",
          "provenance__smiles": null,
          "provenance__state_of_matter": "dummy estimator based on mw"
        }
      ],
      "reagents": [
        {
          "identifier": "2f87ca43-8150-4d0a-8d6e-cb9946321231",
          "smiles": "O",
          "state_of_matter": "LIQUID",
          "molecular_weight": 18.01528,
          "density": 1.0,
          "mass": 0.1801528,
          "is_produced_by": [],
          "is_consumed_by": [
            "fb14bf2c-ee87-4ff5-a3ca-3b555b89e7ca"
          ],
          "provenance__density": "dummy estimator based on mw",
          "provenance__is_consumed_by": null,
          "provenance__is_produced_by": null,
          "provenance__mass": null,
          "provenance__molecular_weight": "periodic table",
          "provenance__smiles": null,
          "provenance__state_of_matter": "dummy estimator based on mw"
        },
        {
          "identifier": "673013f4-486d-44cb-b2dc-6d6a973b2704",
          "smiles": "Cc1ccc(S(=O)(=O)O)cc1",
          "state_of_matter": "LIQUID",
          "molecular_weight": 172.20161999999988,
          "density": 1.0,
          "mass": 1.7220161999999988,
          "is_produced_by": [],
          "is_consumed_by": [
            "fb14bf2c-ee87-4ff5-a3ca-3b555b89e7ca"
          ],
          "provenance__density": "dummy estimator based on mw",
          "provenance__is_consumed_by": null,
          "provenance__is_produced_by": null,
          "provenance__mass": null,
          "provenance__molecular_weight": "periodic table",
          "provenance__smiles": null,
          "provenance__state_of_matter": "dummy estimator based on mw"
        },
        {
          "identifier": "f84ced52-ad8a-4a7b-b1a0-32d60e4d71f4",
          "smiles": "CC(=O)N(C)C",
          "state_of_matter": "LIQUID",
          "molecular_weight": 87.12036000000005,
          "density": 1.0,
          "mass": 0.8712036000000005,
          "is_produced_by": [],
          "is_consumed_by": [
            "fb14bf2c-ee87-4ff5-a3ca-3b555b89e7ca"
          ],
          "provenance__density": "dummy estimator based on mw",
          "provenance__is_consumed_by": null,
          "provenance__is_produced_by": null,
          "provenance__mass": null,
          "provenance__molecular_weight": "periodic table",
          "provenance__smiles": null,
          "provenance__state_of_matter": "dummy estimator based on mw"
        },
        {
          "identifier": "cf5efd96-afe5-4537-bfa2-eab1a7e33759",
          "smiles": "O=S(O)O[Na]",
          "state_of_matter": "SOLID",
          "molecular_weight": 104.06090999999999,
          "density": 1.4,
          "mass": 1.0406091,
          "is_produced_by": [],
          "is_consumed_by": [
            "fb14bf2c-ee87-4ff5-a3ca-3b555b89e7ca"
          ],
          "provenance__density": "dummy estimator based on mw",
          "provenance__is_consumed_by": null,
          "provenance__is_produced_by": null,
          "provenance__mass": null,
          "provenance__molecular_weight": "periodic table",
          "provenance__smiles": null,
          "provenance__state_of_matter": "dummy estimator based on mw"
        }
      ],
      "products": [
        {
          "identifier": "0b2f11a6-5e9a-4d63-852e-ff4ac8b27095",
          "smiles": "O=c1[nH]c(-c2cccc(O)c2)nc2ccccc12",
          "state_of_matter": "SOLID",
          "molecular_weight": 238.24139999999983,
          "density": 1.4,
          "mass": 2.3824139999999985,
          "is_produced_by": [
            "fb14bf2c-ee87-4ff5-a3ca-3b555b89e7ca"
          ],
          "is_consumed_by": [],
          "provenance__density": "dummy estimator based on mw",
          "provenance__is_consumed_by": null,
          "provenance__is_produced_by": null,
          "provenance__mass": null,
          "provenance__molecular_weight": "periodic table",
          "provenance__smiles": null,
          "provenance__state_of_matter": "dummy estimator based on mw"
        }
      ],
      "stoichiometry": {
        "c3894b25-bf48-4228-9d8c-42ca0e3864b3": 1.0,
        "4b791633-4cee-445f-81e9-e329bbe6bfe9": 1.0,
        "0b2f11a6-5e9a-4d63-852e-ff4ac8b27095": -1.0
      },
      "temperature": 409.73255438804625,
      "intended_ratios": {
        "c3894b25-bf48-4228-9d8c-42ca0e3864b3": 1.0,
        "4b791633-4cee-445f-81e9-e329bbe6bfe9": 1.0,
        "2f87ca43-8150-4d0a-8d6e-cb9946321231": 1.0,
        "673013f4-486d-44cb-b2dc-6d6a973b2704": 1.0,
        "f84ced52-ad8a-4a7b-b1a0-32d60e4d71f4": 1.0,
        "cf5efd96-afe5-4537-bfa2-eab1a7e33759": 1.0
      },
      "expected_yields": {
        "0b2f11a6-5e9a-4d63-852e-ff4ac8b27095": 1.0
      },
      "reaction_extent": 0.01
    },
    {
      "identifier": "09d2130b-c673-4ac3-9367-1eb7f264593b",
      "reactants": [
        {
          "identifier": "65b152c4-7972-4f7c-9b3a-2f4bdbf7a3f3",
          "smiles": "Nc1ccc2[nH]ncc2c1",
          "state_of_matter": "LIQUID",
          "molecular_weight": 133.15057999999996,
          "density": 1.0,
          "mass": 1.3315057999999997,
          "is_produced_by": [],
          "is_consumed_by": [
            "09d2130b-c673-4ac3-9367-1eb7f264593b"
          ],
          "provenance__density": "dummy estimator based on mw",
          "provenance__is_consumed_by": null,
          "provenance__is_produced_by": null,
          "provenance__mass": null,
          "provenance__molecular_weight": "periodic table",
          "provenance__smiles": null,
          "provenance__state_of_matter": "dummy estimator based on mw"
        },
        {
          "identifier": "caafbda4-cdda-4ef1-bddb-88ee241ee6cc",
          "smiles": "Oc1cccc(-c2nc(Cl)c3ccccc3n2)c1",
          "state_of_matter": "SOLID",
          "molecular_weight": 256.68705999999986,
          "density": 1.4,
          "mass": 2.566870599999999,
          "is_produced_by": [],
          "is_consumed_by": [
            "09d2130b-c673-4ac3-9367-1eb7f264593b"
          ],
          "provenance__density": "dummy estimator based on mw",
          "provenance__is_consumed_by": null,
          "provenance__is_produced_by": null,
          "provenance__mass": null,
          "provenance__molecular_weight": "periodic table",
          "provenance__smiles": null,
          "provenance__state_of_matter": "dummy estimator based on mw"
        }
      ],
      "reagents": [
        {
          "identifier": "d9848321-392c-491b-a4e4-8359da7439ac",
          "smiles": "CCO",
          "state_of_matter": "LIQUID",
          "molecular_weight": 46.06843999999999,
          "density": 1.0,
          "mass": 0.4606843999999999,
          "is_produced_by": [],
          "is_consumed_by": [
            "09d2130b-c673-4ac3-9367-1eb7f264593b"
          ],
          "provenance__density": "dummy estimator based on mw",
          "provenance__is_consumed_by": null,
          "provenance__is_produced_by": null,
          "provenance__mass": null,
          "provenance__molecular_weight": "periodic table",
          "provenance__smiles": null,
          "provenance__state_of_matter": "dummy estimator based on mw"
        }
      ],
      "products": [
        {
          "identifier": "2487ec46-ef47-44d6-b4e1-c3f168575c38",
          "smiles": "Oc1cccc(-c2nc(Nc3ccc4[nH]ncc4c3)c3ccccc3n2)c1",
          "state_of_matter": "SOLID",
          "molecular_weight": 353.37670000000014,
          "density": 1.4,
          "mass": 3.5337670000000014,
          "is_produced_by": [
            "09d2130b-c673-4ac3-9367-1eb7f264593b"
          ],
          "is_consumed_by": [],
          "provenance__density": "dummy estimator based on mw",
          "provenance__is_consumed_by": null,
          "provenance__is_produced_by": null,
          "provenance__mass": null,
          "provenance__molecular_weight": "periodic table",
          "provenance__smiles": null,
          "provenance__state_of_matter": "dummy estimator based on mw"
        }
      ],
      "stoichiometry": {
        "65b152c4-7972-4f7c-9b3a-2f4bdbf7a3f3": 1.0,
        "caafbda4-cdda-4ef1-bddb-88ee241ee6cc": 1.0,
        "2487ec46-ef47-44d6-b4e1-c3f168575c38": -1.0
      },
      "temperature": 340.5299314498901,
      "intended_ratios": {
        "65b152c4-7972-4f7c-9b3a-2f4bdbf7a3f3": 1.0,
        "caafbda4-cdda-4ef1-bddb-88ee241ee6cc": 1.0,
        "d9848321-392c-491b-a4e4-8359da7439ac": 1.0
      },
      "expected_yields": {
        "2487ec46-ef47-44d6-b4e1-c3f168575c38": 1.0
      },
      "reaction_extent": 0.01
    },
    {
      "identifier": "70277681-5db4-4884-9500-473e79ff1415",
      "reactants": [
        {
          "identifier": "6ff93b99-40a5-4c0c-bd32-93255e2e91dc",
          "smiles": "O=c1[nH]c(-c2cccc(O)c2)nc2ccccc12",
          "state_of_matter": "SOLID",
          "molecular_weight": 238.24139999999983,
          "density": 1.4,
          "mass": 2.3824139999999985,
          "is_produced_by": [],
          "is_consumed_by": [
            "70277681-5db4-4884-9500-473e79ff1415"
          ],
          "provenance__density": "dummy estimator based on mw",
          "provenance__is_consumed_by": null,
          "provenance__is_produced_by": null,
          "provenance__mass": null,
          "provenance__molecular_weight": "periodic table",
          "provenance__smiles": null,
          "provenance__state_of_matter": "dummy estimator based on mw"
        }
      ],
      "reagents": [
        {
          "identifier": "8ede23ec-b272-45f1-9085-363e8c1aa65c",
          "smiles": "CN(C)C=O",
          "state_of_matter": "LIQUID",
          "molecular_weight": 73.09378000000004,
          "density": 1.0,
          "mass": 0.7309378000000004,
          "is_produced_by": [],
          "is_consumed_by": [
            "70277681-5db4-4884-9500-473e79ff1415"
          ],
          "provenance__density": "dummy estimator based on mw",
          "provenance__is_consumed_by": null,
          "provenance__is_produced_by": null,
          "provenance__mass": null,
          "provenance__molecular_weight": "periodic table",
          "provenance__smiles": null,
          "provenance__state_of_matter": "dummy estimator based on mw"
        },
        {
          "identifier": "26dd3338-21bf-4756-b397-2f5cf010d728",
          "smiles": "O=S(Cl)Cl",
          "state_of_matter": "LIQUID",
          "molecular_weight": 118.97040000000001,
          "density": 1.0,
          "mass": 1.189704,
          "is_produced_by": [],
          "is_consumed_by": [
            "70277681-5db4-4884-9500-473e79ff1415"
          ],
          "provenance__density": "dummy estimator based on mw",
          "provenance__is_consumed_by": null,
          "provenance__is_produced_by": null,
          "provenance__mass": null,
          "provenance__molecular_weight": "periodic table",
          "provenance__smiles": null,
          "provenance__state_of_matter": "dummy estimator based on mw"
        }
      ],
      "products": [
        {
          "identifier": "61b1ebec-d508-4a8c-9f0d-bbe0a6702560",
          "smiles": "Oc1cccc(-c2nc(Cl)c3ccccc3n2)c1",
          "state_of_matter": "SOLID",
          "molecular_weight": 256.68705999999986,
          "density": 1.4,
          "mass": 2.566870599999999,
          "is_produced_by": [
            "70277681-5db4-4884-9500-473e79ff1415"
          ],
          "is_consumed_by": [],
          "provenance__density": "dummy estimator based on mw",
          "provenance__is_consumed_by": null,
          "provenance__is_produced_by": null,
          "provenance__mass": null,
          "provenance__molecular_weight": "periodic table",
          "provenance__smiles": null,
          "provenance__state_of_matter": "dummy estimator based on mw"
        }
      ],
      "stoichiometry": {
        "6ff93b99-40a5-4c0c-bd32-93255e2e91dc": 1.0,
        "61b1ebec-d508-4a8c-9f0d-bbe0a6702560": -1.0
      },
      "temperature": 305.41619151234624,
      "intended_ratios": {
        "6ff93b99-40a5-4c0c-bd32-93255e2e91dc": 1.0,
        "8ede23ec-b272-45f1-9085-363e8c1aa65c": 1.0,
        "26dd3338-21bf-4756-b397-2f5cf010d728": 1.0
      },
      "expected_yields": {
        "61b1ebec-d508-4a8c-9f0d-bbe0a6702560": 1.0
      },
      "reaction_extent": 0.01
    }
  ],
  "molecular_nodes": [
    "BrBr",
    "C1CCNC1",
    "C1CCOC1",
    "C1COCCO1",
    "CC(=O)N(C)C",
    "CC(=O)O",
    "CC(=O)[O-].CC(=O)[O-].[Pd+2]",
    "CC(C)(C)c1cc(-c2cc(-c3ccc(C(=O)O)cc3)ccc2OCCO)ccc1N1CCCC1",
    "CC(C)(C)c1cc(B(O)O)ccc1N1CCCC1",
    "CC(C)(C)c1cc(Br)ccc1N1CCCC1",
    "CC(C)(C)c1ccccc1N1CCCC1",
    "CC(C)(C)c1ccccc1O",
    "CC(C)(C)c1ccccc1OS(=O)(=O)C(F)(F)F",
    "CC(C)N",
    "CC(C)NC(=O)COc1cccc(-c2nc(Nc3ccc4[nH]ncc4c3)c3ccccc3n2)c1",
    "CC(C)OB(OC(C)C)OC(C)C",
    "CCN(C(C)C)C(C)C",
    "CCN(CC)CC",
    "CCO",
    "CN(C)C=O",
    "COC(=O)CBr",
    "COC(=O)COc1cccc(-c2nc(Nc3ccc4[nH]ncc4c3)c3ccccc3n2)c1",
    "COC(=O)c1ccc(-c2ccc(O)c(Br)c2)cc1",
    "COC(=O)c1ccc(-c2ccc(O)cc2)cc1",
    "COC(=O)c1ccc(-c2ccc(OCCO)c(-c3ccc(N4CCCC4)c(C(C)(C)C)c3)c2)cc1",
    "COC(=O)c1ccc(-c2ccc(OCCO)c(Br)c2)cc1",
    "Cc1ccc(S(=O)(=O)O)cc1",
    "Cc1ccccc1",
    "ClCCl",
    "F[P-](F)(F)(F)(F)F.c1ccc2c(c1)nnn2O[P+](N1CCCC1)(N1CCCC1)N1CCCC1",
    "NC(=O)c1ccccc1N",
    "Nc1ccc2[nH]ncc2c1",
    "O",
    "O=C(O)COc1cccc(-c2nc(Nc3ccc4[nH]ncc4c3)c3ccccc3n2)c1",
    "O=C(O[Cs])O[Cs]",
    "O=C(O[K])O[K]",
    "O=Cc1cccc(O)c1",
    "O=S(=O)(OS(=O)(=O)C(F)(F)F)C(F)(F)F",
    "O=S(Cl)Cl",
    "O=S(O)O[Na]",
    "O=c1[nH]c(-c2cccc(O)c2)nc2ccccc12",
    "OCCBr",
    "Oc1cccc(-c2nc(Cl)c3ccccc3n2)c1",
    "Oc1cccc(-c2nc(Nc3ccc4[nH]ncc4c3)c3ccccc3n2)c1",
    "[Li]CCCC",
    "[Li]O",
    "c1ccc(P(c2ccccc2)c2ccc3ccccc3c2c2c(P(c3ccccc3)c3ccccc3)ccc3ccccc32)cc1"
  ],
  "edges": [
    [
      "07a2f393-897c-4fbd-9e60-07b2e0f0da9f",
      "COC(=O)c1ccc(-c2ccc(OCCO)c(Br)c2)cc1"
    ],
    [
      "09d2130b-c673-4ac3-9367-1eb7f264593b",
      "Oc1cccc(-c2nc(Nc3ccc4[nH]ncc4c3)c3ccccc3n2)c1"
    ],
    [
      "2a93defb-edc4-4957-80b9-7d7e5fec592c",
      "COC(=O)c1ccc(-c2ccc(OCCO)c(-c3ccc(N4CCCC4)c(C(C)(C)C)c3)c2)cc1"
    ],
    [
      "2bbaa3cf-999c-419e-b6ec-bcd72e92eadd",
      "CC(C)(C)c1cc(Br)ccc1N1CCCC1"
    ],
    [
      "3a53e4dc-097a-4943-a07e-b7ed6219cd1f",
      "O=C(O)COc1cccc(-c2nc(Nc3ccc4[nH]ncc4c3)c3ccccc3n2)c1"
    ],
    [
      "4881fe02-4a67-4fd5-815f-f20489875368",
      "COC(=O)c1ccc(-c2ccc(O)c(Br)c2)cc1"
    ],
    [
      "5e90efab-44ee-4696-acf6-64878b44531c",
      "CC(C)(C)c1cc(B(O)O)ccc1N1CCCC1"
    ],
    [
      "70277681-5db4-4884-9500-473e79ff1415",
      "Oc1cccc(-c2nc(Cl)c3ccccc3n2)c1"
    ],
    [
      "772b618b-e34b-4bb5-a79c-1545fbea87d1",
      "CC(C)(C)c1cc(-c2cc(-c3ccc(C(=O)O)cc3)ccc2OCCO)ccc1N1CCCC1"
    ],
    [
      "918992dc-db71-4340-b14c-2116385d5abd",
      "COC(=O)COc1cccc(-c2nc(Nc3ccc4[nH]ncc4c3)c3ccccc3n2)c1"
    ],
    [
      "BrBr",
      "2bbaa3cf-999c-419e-b6ec-bcd72e92eadd"
    ],
    [
      "BrBr",
      "4881fe02-4a67-4fd5-815f-f20489875368"
    ],
    [
      "C1CCNC1",
      "cc966697-c572-4ead-b88b-4256305e389f"
    ],
    [
      "C1CCOC1",
      "5e90efab-44ee-4696-acf6-64878b44531c"
    ],
    [
      "C1CCOC1",
      "772b618b-e34b-4bb5-a79c-1545fbea87d1"
    ],
    [
      "C1COCCO1",
      "2a93defb-edc4-4957-80b9-7d7e5fec592c"
    ],
    [
      "CC(=O)N(C)C",
      "fb14bf2c-ee87-4ff5-a3ca-3b555b89e7ca"
    ],
    [
      "CC(=O)O",
      "4881fe02-4a67-4fd5-815f-f20489875368"
    ],
    [
      "CC(=O)[O-].CC(=O)[O-].[Pd+2]",
      "cc966697-c572-4ead-b88b-4256305e389f"
    ],
    [
      "CC(C)(C)c1cc(B(O)O)ccc1N1CCCC1",
      "2a93defb-edc4-4957-80b9-7d7e5fec592c"
    ],
    [
      "CC(C)(C)c1cc(Br)ccc1N1CCCC1",
      "5e90efab-44ee-4696-acf6-64878b44531c"
    ],
    [
      "CC(C)(C)c1ccccc1N1CCCC1",
      "2bbaa3cf-999c-419e-b6ec-bcd72e92eadd"
    ],
    [
      "CC(C)(C)c1ccccc1O",
      "e21839a0-7662-4caf-aff3-ea795d31eaff"
    ],
    [
      "CC(C)(C)c1ccccc1OS(=O)(=O)C(F)(F)F",
      "cc966697-c572-4ead-b88b-4256305e389f"
    ],
    [
      "CC(C)N",
      "e0d75b27-2c6c-4f3e-817a-889b91d6d0db"
    ],
    [
      "CC(C)OB(OC(C)C)OC(C)C",
      "5e90efab-44ee-4696-acf6-64878b44531c"
    ],
    [
      "CCN(C(C)C)C(C)C",
      "3a53e4dc-097a-4943-a07e-b7ed6219cd1f"
    ],
    [
      "CCN(C(C)C)C(C)C",
      "e0d75b27-2c6c-4f3e-817a-889b91d6d0db"
    ],
    [
      "CCN(CC)CC",
      "e21839a0-7662-4caf-aff3-ea795d31eaff"
    ],
    [
      "CCO",
      "09d2130b-c673-4ac3-9367-1eb7f264593b"
    ],
    [
      "CN(C)C=O",
      "07a2f393-897c-4fbd-9e60-07b2e0f0da9f"
    ],
    [
      "CN(C)C=O",
      "3a53e4dc-097a-4943-a07e-b7ed6219cd1f"
    ],
    [
      "CN(C)C=O",
      "70277681-5db4-4884-9500-473e79ff1415"
    ],
    [
      "CN(C)C=O",
      "918992dc-db71-4340-b14c-2116385d5abd"
    ],
    [
      "CN(C)C=O",
      "e0d75b27-2c6c-4f3e-817a-889b91d6d0db"
    ],
    [
      "COC(=O)CBr",
      "918992dc-db71-4340-b14c-2116385d5abd"
    ],
    [
      "COC(=O)COc1cccc(-c2nc(Nc3ccc4[nH]ncc4c3)c3ccccc3n2)c1",
      "3a53e4dc-097a-4943-a07e-b7ed6219cd1f"
    ],
    [
      "COC(=O)c1ccc(-c2ccc(O)c(Br)c2)cc1",
      "07a2f393-897c-4fbd-9e60-07b2e0f0da9f"
    ],
    [
      "COC(=O)c1ccc(-c2ccc(O)cc2)cc1",
      "4881fe02-4a67-4fd5-815f-f20489875368"
    ],
    [
      "COC(=O)c1ccc(-c2ccc(OCCO)c(-c3ccc(N4CCCC4)c(C(C)(C)C)c3)c2)cc1",
      "772b618b-e34b-4bb5-a79c-1545fbea87d1"
    ],
    [
      "COC(=O)c1ccc(-c2ccc(OCCO)c(Br)c2)cc1",
      "2a93defb-edc4-4957-80b9-7d7e5fec592c"
    ],
    [
      "Cc1ccc(S(=O)(=O)O)cc1",
      "fb14bf2c-ee87-4ff5-a3ca-3b555b89e7ca"
    ],
    [
      "Cc1ccccc1",
      "cc966697-c572-4ead-b88b-4256305e389f"
    ],
    [
      "ClCCl",
      "3a53e4dc-097a-4943-a07e-b7ed6219cd1f"
    ],
    [
      "ClCCl",
      "918992dc-db71-4340-b14c-2116385d5abd"
    ],
    [
      "ClCCl",
      "e0d75b27-2c6c-4f3e-817a-889b91d6d0db"
    ],
    [
      "ClCCl",
      "e21839a0-7662-4caf-aff3-ea795d31eaff"
    ],
    [
      "F[P-](F)(F)(F)(F)F.c1ccc2c(c1)nnn2O[P+](N1CCCC1)(N1CCCC1)N1CCCC1",
      "3a53e4dc-097a-4943-a07e-b7ed6219cd1f"
    ],
    [
      "F[P-](F)(F)(F)(F)F.c1ccc2c(c1)nnn2O[P+](N1CCCC1)(N1CCCC1)N1CCCC1",
      "e0d75b27-2c6c-4f3e-817a-889b91d6d0db"
    ],
    [
      "NC(=O)c1ccccc1N",
      "fb14bf2c-ee87-4ff5-a3ca-3b555b89e7ca"
    ],
    [
      "Nc1ccc2[nH]ncc2c1",
      "09d2130b-c673-4ac3-9367-1eb7f264593b"
    ],
    [
      "O",
      "2a93defb-edc4-4957-80b9-7d7e5fec592c"
    ],
    [
      "O",
      "fb14bf2c-ee87-4ff5-a3ca-3b555b89e7ca"
    ],
    [
      "O=C(O)COc1cccc(-c2nc(Nc3ccc4[nH]ncc4c3)c3ccccc3n2)c1",
      "e0d75b27-2c6c-4f3e-817a-889b91d6d0db"
    ],
    [
      "O=C(O[Cs])O[Cs]",
      "cc966697-c572-4ead-b88b-4256305e389f"
    ],
    [
      "O=C(O[K])O[K]",
      "07a2f393-897c-4fbd-9e60-07b2e0f0da9f"
    ],
    [
      "O=C(O[K])O[K]",
      "2a93defb-edc4-4957-80b9-7d7e5fec592c"
    ],
    [
      "O=C(O[K])O[K]",
      "918992dc-db71-4340-b14c-2116385d5abd"
    ],
    [
      "O=Cc1cccc(O)c1",
      "fb14bf2c-ee87-4ff5-a3ca-3b555b89e7ca"
    ],
    [
      "O=S(=O)(OS(=O)(=O)C(F)(F)F)C(F)(F)F",
      "e21839a0-7662-4caf-aff3-ea795d31eaff"
    ],
    [
      "O=S(Cl)Cl",
      "70277681-5db4-4884-9500-473e79ff1415"
    ],
    [
      "O=S(O)O[Na]",
      "fb14bf2c-ee87-4ff5-a3ca-3b555b89e7ca"
    ],
    [
      "O=c1[nH]c(-c2cccc(O)c2)nc2ccccc12",
      "70277681-5db4-4884-9500-473e79ff1415"
    ],
    [
      "OCCBr",
      "07a2f393-897c-4fbd-9e60-07b2e0f0da9f"
    ],
    [
      "Oc1cccc(-c2nc(Cl)c3ccccc3n2)c1",
      "09d2130b-c673-4ac3-9367-1eb7f264593b"
    ],
    [
      "Oc1cccc(-c2nc(Nc3ccc4[nH]ncc4c3)c3ccccc3n2)c1",
      "918992dc-db71-4340-b14c-2116385d5abd"
    ],
    [
      "[Li]CCCC",
      "5e90efab-44ee-4696-acf6-64878b44531c"
    ],
    [
      "[Li]O",
      "772b618b-e34b-4bb5-a79c-1545fbea87d1"
    ],
    [
      "c1ccc(P(c2ccccc2)c2ccc3ccccc3c2c2c(P(c3ccccc3)c3ccccc3)ccc3ccccc32)cc1",
      "cc966697-c572-4ead-b88b-4256305e389f"
    ],
    [
      "cc966697-c572-4ead-b88b-4256305e389f",
      "CC(C)(C)c1ccccc1N1CCCC1"
    ],
    [
      "e0d75b27-2c6c-4f3e-817a-889b91d6d0db",
      "CC(C)NC(=O)COc1cccc(-c2nc(Nc3ccc4[nH]ncc4c3)c3ccccc3n2)c1"
    ],
    [
      "e21839a0-7662-4caf-aff3-ea795d31eaff",
      "CC(C)(C)c1ccccc1OS(=O)(=O)C(F)(F)F"
    ],
    [
      "fb14bf2c-ee87-4ff5-a3ca-3b555b89e7ca",
      "O=c1[nH]c(-c2cccc(O)c2)nc2ccccc12"
    ]
  ]
}