{
  "identifier": "5758f8d4-1c1f-4861-a2e6-4286d8db98df",
  "operation_graphs": [
    {
      "identifier": "b100ccf1-c8bc-40ec-b95f-3a9ec4f968ab",
      "reaction": {
        "identifier": "0d7e1eb2-af24-4ee2-b1eb-e04188482e36",
        "reactants": [
          {
            "identifier": "e0bdaba4-1e66-444f-a597-fbabd5d17eaf",
            "smiles": "CC(C)(C)OC(=O)NCCN(CCO)CC1CC1",
            "state_of_matter": "SOLID",
            "molecular_weight": 258.3571399999998,
            "density": 1.4,
            "mass": 2.583571399999998,
            "is_produced_by": [],
            "is_consumed_by": [
              "0d7e1eb2-af24-4ee2-b1eb-e04188482e36"
            ],
            "provenance__density": "dummy estimator based on mw",
            "provenance__is_consumed_by": null,
            "provenance__is_produced_by": null,
            "provenance__mass": null,
            "provenance__molecular_weight": "periodic table",
            "provenance__smiles": null,
            "provenance__state_of_matter": "dummy estimator based on mw"
          }
        ],
        "reagents": [
          {
            "identifier": "f029520a-3205-4649-9b0e-9fb10b63660b",
            "smiles": "Cl",
            "state_of_matter": "LIQUID",
            "molecular_weight": 36.46094,
            "density": 1.0,
            "mass": 0.36460940000000003,
            "is_produced_by": [],
            "is_consumed_by": [
              "0d7e1eb2-af24-4ee2-b1eb-e04188482e36"
            ],
            "provenance__density": "dummy estimator based on mw",
            "provenance__is_consumed_by": null,
            "provenance__is_produced_by": null,
            "provenance__mass": null,
            "provenance__molecular_weight": "periodic table",
            "provenance__smiles": null,
            "provenance__state_of_matter": "dummy estimator based on mw"
          },
          {
            "identifier": "ba1e804d-7d43-4bed-a7b1-2b52d3430cb9",
            "smiles": "C1COCCO1",
            "state_of_matter": "LIQUID",
            "molecular_weight": 88.10512000000004,
            "density": 1.0,
            "mass": 0.8810512000000005,
            "is_produced_by": [],
            "is_consumed_by": [
              "0d7e1eb2-af24-4ee2-b1eb-e04188482e36"
            ],
            "provenance__density": "dummy estimator based on mw",
            "provenance__is_consumed_by": null,
            "provenance__is_produced_by": null,
            "provenance__mass": null,
            "provenance__molecular_weight": "periodic table",
            "provenance__smiles": null,
            "provenance__state_of_matter": "dummy estimator based on mw"
          }
        ],
        "products": [
          {
            "identifier": "07e46fe6-7dd7-41ce-a274-7a5036dd8ef0",
            "smiles": "NCCN(CCO)CC1CC1",
            "state_of_matter": "LIQUID",
            "molecular_weight": 158.2413199999998,
            "density": 1.0,
            "mass": 1.582413199999998,
            "is_produced_by": [
              "0d7e1eb2-af24-4ee2-b1eb-e04188482e36"
            ],
            "is_consumed_by": [],
            "provenance__density": "dummy estimator based on mw",
            "provenance__is_consumed_by": null,
            "provenance__is_produced_by": null,
            "provenance__mass": null,
            "provenance__molecular_weight": "periodic table",
            "provenance__smiles": null,
            "provenance__state_of_matter": "dummy estimator based on mw"
          }
        ],
        "stoichiometry": {
          "e0bdaba4-1e66-444f-a597-fbabd5d17eaf": 1.0,
          "07e46fe6-7dd7-41ce-a274-7a5036dd8ef0": -1.0
        },
        "temperature": 295.06736369132994,
        "intended_ratios": {
          "e0bdaba4-1e66-444f-a597-fbabd5d17eaf": 1.0,
          "f029520a-3205-4649-9b0e-9fb10b63660b": 1.0,
          "ba1e804d-7d43-4bed-a7b1-2b52d3430cb9": 1.0
        },
        "expected_yields": {
          "07e46fe6-7dd7-41ce-a274-7a5036dd8ef0": 1.0
        },
        "reaction_extent": 0.01
      },
      "functional_modules": [],
      "make_solutions": {
        "e0bdaba4-1e66-444f-a597-fbabd5d17eaf": {
          "identifier": "1e454c9a-8231-4dcb-8429-e6cce0e3fe9d",
          "type": "MakeSolution",
          "process_times": {},
          "from_reaction": "0d7e1eb2-af24-4ee2-b1eb-e04188482e36",
          "annotations": {
            "solid_chemical": {
              "identifier": "e0bdaba4-1e66-444f-a597-fbabd5d17eaf",
              "smiles": "CC(C)(C)OC(=O)NCCN(CCO)CC1CC1",
              "state_of_matter": "SOLID",
              "molecular_weight": 258.3571399999998,
              "density": 1.4,
              "mass": 2.583571399999998,
              "is_produced_by": [],
              "is_consumed_by": [
                "0d7e1eb2-af24-4ee2-b1eb-e04188482e36"
              ],
              "provenance__density": "dummy estimator based on mw",
              "provenance__is_consumed_by": null,
              "provenance__is_produced_by": null,
              "provenance__mass": null,
              "provenance__molecular_weight": "periodic table",
              "provenance__smiles": null,
              "provenance__state_of_matter": "dummy estimator based on mw"
            },
            "liquid_chemical": {
              "identifier": "d7f2cdb2-0d52-4de2-a474-8316e9731ae7",
              "smiles": "C1COCCO1",
              "state_of_matter": "LIQUID",
              "molecular_weight": 88.10512000000004,
              "density": 1.0,
              "mass": 0.8810512000000005,
              "is_produced_by": [],
              "is_consumed_by": [
                "0d7e1eb2-af24-4ee2-b1eb-e04188482e36"
              ],
              "provenance__density": "dummy estimator based on mw",
              "provenance__is_consumed_by": null,
              "provenance__is_produced_by": null,
              "provenance__mass": null,
              "provenance__molecular_weight": "periodic table",
              "provenance__smiles": null,
              "provenance__state_of_matter": "dummy estimator based on mw"
            },
            "notes": "making C1COCCO1 solution for CC(C)(C)OC(=O)NCCN(CCO)CC1CC1"
          },
          "precedents": [
            "5d30736a-0f62-4f71-873b-75766468ad08"
          ]
        }
      },
      "add_solutions": {
        "e0bdaba4-1e66-444f-a597-fbabd5d17eaf": {
          "identifier": "11502d66-44f0-418f-ae5b-028ae859d64c",
          "type": "TransferLiquid",
          "process_times": {},
          "from_reaction": "0d7e1eb2-af24-4ee2-b1eb-e04188482e36",
          "annotations": {
            "chemical": {
              "identifier": "693ce27a-de38-4fde-a5ae-59921006ac49",
              "smiles": "C1COCCO1.CC(C)(C)OC(=O)NCCN(CCO)CC1CC1",
              "state_of_matter": "LIQUID",
              "molecular_weight": null,
              "density": 1.2707406068888276,
              "mass": 3.4646225999999984,
              "is_produced_by": [],
              "is_consumed_by": [
                "0d7e1eb2-af24-4ee2-b1eb-e04188482e36"
              ],
              "provenance__density": "dummy estimator based on mw",
              "provenance__is_consumed_by": null,
              "provenance__is_produced_by": null,
              "provenance__mass": null,
              "provenance__molecular_weight": "periodic table",
              "provenance__smiles": null,
              "provenance__state_of_matter": "dummy estimator based on mw"
            },
            "notes": "add solution CC(C)(C)OC(=O)NCCN(CCO)CC1CC1 in C1COCCO1"
          },
          "precedents": [
            "1e454c9a-8231-4dcb-8429-e6cce0e3fe9d"
          ]
        }
      },
      "add_liquids": {
        "f029520a-3205-4649-9b0e-9fb10b63660b": {
          "identifier": "1f6fd2c6-0e14-4b22-996d-85fc0717c806",
          "type": "TransferLiquid",
          "process_times": {},
          "from_reaction": "0d7e1eb2-af24-4ee2-b1eb-e04188482e36",
          "annotations": {
            "chemical": {
              "identifier": "f029520a-3205-4649-9b0e-9fb10b63660b",
              "smiles": "Cl",
              "state_of_matter": "LIQUID",
              "molecular_weight": 36.46094,
              "density": 1.0,
              "mass": 0.36460940000000003,
              "is_produced_by": [],
              "is_consumed_by": [
                "0d7e1eb2-af24-4ee2-b1eb-e04188482e36"
              ],
              "provenance__density": "dummy estimator based on mw",
              "provenance__is_consumed_by": null,
              "provenance__is_produced_by": null,
              "provenance__mass": null,
              "provenance__molecular_weight": "periodic table",
              "provenance__smiles": null,
              "provenance__state_of_matter": "dummy estimator based on mw"
            },
            "notes": "add liquid Cl"
          },
          "precedents": []
        }
      },
      "heat": {
        "identifier": "91e304e8-8ec2-4be6-ac3b-920d23dd1387",
        "type": "Heating",
        "process_times": {},
        "from_reaction": "0d7e1eb2-af24-4ee2-b1eb-e04188482e36",
        "annotations": {
          "temperature": 295.06736369132994,
          "notes": "heating the reaction vessel to afford product: NCCN(CCO)CC1CC1"
        },
        "precedents": [
          "1f6fd2c6-0e14-4b22-996d-85fc0717c806",
          "11502d66-44f0-418f-ae5b-028ae859d64c"
        ]
      },
      "concentrate_and_purify": {
        "identifier": "08937abb-7d59-412d-87c7-d5953c1652ab",
        "type": "ConcentrationAndPurification",
        "process_times": {},
        "from_reaction": "0d7e1eb2-af24-4ee2-b1eb-e04188482e36",
        "annotations": {
          "chemical": {
            "identifier": "07e46fe6-7dd7-41ce-a274-7a5036dd8ef0",
            "smiles": "NCCN(CCO)CC1CC1",
            "state_of_matter": "LIQUID",
            "molecular_weight": 158.2413199999998,
            "density": 1.0,
            "mass": 1.582413199999998,
            "is_produced_by": [
              "0d7e1eb2-af24-4ee2-b1eb-e04188482e36"
            ],
            "is_consumed_by": [],
            "provenance__density": "dummy estimator based on mw",
            "provenance__is_consumed_by": null,
            "provenance__is_produced_by": null,
            "provenance__mass": null,
            "provenance__molecular_weight": "periodic table",
            "provenance__smiles": null,
            "provenance__state_of_matter": "dummy estimator based on mw"
          },
          "notes": "purify and concentrate the product: NCCN(CCO)CC1CC1"
        },
        "precedents": [
          "91e304e8-8ec2-4be6-ac3b-920d23dd1387"
        ]
      },
      "lmin": {
        "91e304e8-8ec2-4be6-ac3b-920d23dd1387": {
          "08937abb-7d59-412d-87c7-d5953c1652ab": 43.6701729741697
        }
      },
      "lmax": {
        "1e454c9a-8231-4dcb-8429-e6cce0e3fe9d": {
          "91e304e8-8ec2-4be6-ac3b-920d23dd1387": 65.41666117917262
        }
      }
    },
    {
      "identifier": "05d38ebb-00b4-4dad-a318-670d5b9e1566",
      "reaction": {
        "identifier": "9e008d55-df41-4500-ba1a-045c3cc30570",
        "reactants": [
          {
            "identifier": "dacff690-28c0-4e3f-82f3-d3b9a99ba5ba",
            "smiles": "CC(C)(C)OC(=O)NCCN",
            "state_of_matter": "LIQUID",
            "molecular_weight": 160.21413999999984,
            "density": 1.0,
            "mass": 1.6021413999999985,
            "is_produced_by": [],
            "is_consumed_by": [
              "9e008d55-df41-4500-ba1a-045c3cc30570"
            ],
            "provenance__density": "dummy estimator based on mw",
            "provenance__is_consumed_by": null,
            "provenance__is_produced_by": null,
            "provenance__mass": null,
            "provenance__molecular_weight": "periodic table",
            "provenance__smiles": null,
            "provenance__state_of_matter": "dummy estimator based on mw"
          },
          {
            "identifier": "91ec23d7-2375-4b09-a246-89ed82d6f671",
            "smiles": "O=CC1CC1",
            "state_of_matter": "LIQUID",
            "molecular_weight": 70.08984000000004,
            "density": 1.0,
            "mass": 0.7008984000000004,
            "is_produced_by": [],
            "is_consumed_by": [
              "9e008d55-df41-4500-ba1a-045c3cc30570"
            ],
            "provenance__density": "dummy estimator based on mw",
            "provenance__is_consumed_by": null,
            "provenance__is_produced_by": null,
            "provenance__mass": null,
            "provenance__molecular_weight": "periodic table",
            "provenance__smiles": null,
            "provenance__state_of_matter": "dummy estimator based on mw"
          }
        ],
        "reagents": [
          {
            "identifier": "c629ca34-dc4b-4b95-b229-5d3d0d04a6a2",
            "smiles": "O[Na]",
            "state_of_matter": "SOLID",
            "molecular_weight": 39.99711,
            "density": 1.4,
            "mass": 0.3999711,
            "is_produced_by": [],
            "is_consumed_by": [
              "9e008d55-df41-4500-ba1a-045c3cc30570"
            ],
            "provenance__density": "dummy estimator based on mw",
            "provenance__is_consumed_by": null,
            "provenance__is_produced_by": null,
            "provenance__mass": null,
            "provenance__molecular_weight": "periodic table",
            "provenance__smiles": null,
            "provenance__state_of_matter": "dummy estimator based on mw"
          },
          {
            "identifier": "2a332a2d-04b2-4cd1-a6f7-d4c5c96557df",
            "smiles": "ClCCCl",
            "state_of_matter": "LIQUID",
            "molecular_weight": 98.95916000000003,
            "density": 1.0,
            "mass": 0.9895916000000002,
            "is_produced_by": [],
            "is_consumed_by": [
              "9e008d55-df41-4500-ba1a-045c3cc30570"
            ],
            "provenance__density": "dummy estimator based on mw",
            "provenance__is_consumed_by": null,
            "provenance__is_produced_by": null,
            "provenance__mass": null,
            "provenance__molecular_weight": "periodic table",
            "provenance__smiles": null,
            "provenance__state_of_matter": "dummy estimator based on mw"
          },
          {
            "identifier": "64bf022b-fdbb-45f0-9e57-def662fc587b",
            "smiles": "CC(=O)O[BH-](OC(C)=O)OC(C)=O.[Na+]",
            "state_of_matter": "SOLID",
            "molecular_weight": 211.94076999999987,
            "density": 1.4,
            "mass": 2.1194076999999987,
            "is_produced_by": [],
            "is_consumed_by": [
              "9e008d55-df41-4500-ba1a-045c3cc30570"
            ],
            "provenance__density": "dummy estimator based on mw",
            "provenance__is_consumed_by": null,
            "provenance__is_produced_by": null,
            "provenance__mass": null,
            "provenance__molecular_weight": "periodic table",
            "provenance__smiles": null,
            "provenance__state_of_matter": "dummy estimator based on mw"
          }
        ],
        "products": [
          {
            "identifier": "0c75d4df-48bf-4ca6-a601-da3a2e433a97",
            "smiles": "CC(C)(C)OC(=O)NCCNCC1CC1",
            "state_of_matter": "SOLID",
            "molecular_weight": 214.30457999999976,
            "density": 1.4,
            "mass": 2.1430457999999977,
            "is_produced_by": [
              "9e008d55-df41-4500-ba1a-045c3cc30570"
            ],
            "is_consumed_by": [],
            "provenance__density": "dummy estimator based on mw",
            "provenance__is_consumed_by": null,
            "provenance__is_produced_by": null,
            "provenance__mass": null,
            "provenance__molecular_weight": "periodic table",
            "provenance__smiles": null,
            "provenance__state_of_matter": "dummy estimator based on mw"
          }
        ],
        "stoichiometry": {
          "dacff690-28c0-4e3f-82f3-d3b9a99ba5ba": 1.0,
          "91ec23d7-2375-4b09-a246-89ed82d6f671": 1.0,
          "0c75d4df-48bf-4ca6-a601-da3a2e433a97": -1.0
        },
        "temperature": 317.3727363824844,
        "intended_ratios": {
          "dacff690-28c0-4e3f-82f3-d3b9a99ba5ba": 1.0,
          "91ec23d7-2375-4b09-a246-89ed82d6f671": 1.0,
          "c629ca34-dc4b-4b95-b229-5d3d0d04a6a2": 1.0,
          "2a332a2d-04b2-4cd1-a6f7-d4c5c96557df": 1.0,
          "64bf022b-fdbb-45f0-9e57-def662fc587b": 1.0
        },
        "expected_yields": {
          "0c75d4df-48bf-4ca6-a601-da3a2e433a97": 1.0
        },
        "reaction_extent": 0.01
      },
      "functional_modules": [],
      "make_solutions": {
        "c629ca34-dc4b-4b95-b229-5d3d0d04a6a2": {
          "identifier": "2a7445db-8820-4a95-b69c-b09f5d7897a3",
          "type": "MakeSolution",
          "process_times": {},
          "from_reaction": "9e008d55-df41-4500-ba1a-045c3cc30570",
          "annotations": {
            "solid_chemical": {
              "identifier": "c629ca34-dc4b-4b95-b229-5d3d0d04a6a2",
              "smiles": "O[Na]",
              "state_of_matter": "SOLID",
              "molecular_weight": 39.99711,
              "density": 1.4,
              "mass": 0.3999711,
              "is_produced_by": [],
              "is_consumed_by": [
                "9e008d55-df41-4500-ba1a-045c3cc30570"
              ],
              "provenance__density": "dummy estimator based on mw",
              "provenance__is_consumed_by": null,
              "provenance__is_produced_by": null,
              "provenance__mass": null,
              "provenance__molecular_weight": "periodic table",
              "provenance__smiles": null,
              "provenance__state_of_matter": "dummy estimator based on mw"
            },
            "liquid_chemical": {
              "identifier": "3a8ba901-e76c-41c4-8700-9347846d074b",
              "smiles": "CC(C)(C)OC(=O)NCCN",
              "state_of_matter": "LIQUID",
              "molecular_weight": 160.21413999999984,
              "density": 1.0,
              "mass": 0.25435248487188183,
              "is_produced_by": [],
              "is_consumed_by": [
                "9e008d55-df41-4500-ba1a-045c3cc30570"
              ],
              "provenance__density": "dummy estimator based on mw",
              "provenance__is_consumed_by": null,
              "provenance__is_produced_by": null,
              "provenance__mass": null,
              "provenance__molecular_weight": "periodic table",
              "provenance__smiles": null,
              "provenance__state_of_matter": "dummy estimator based on mw"
            },
            "notes": "making CC(C)(C)OC(=O)NCCN solution for O[Na]"
          },
          "precedents": []
        },
        "64bf022b-fdbb-45f0-9e57-def662fc587b": {
          "identifier": "78f85daf-3bde-4305-b6b4-144724bf2c81",
          "type": "MakeSolution",
          "process_times": {},
          "from_reaction": "9e008d55-df41-4500-ba1a-045c3cc30570",
          "annotations": {
            "solid_chemical": {
              "identifier": "64bf022b-fdbb-45f0-9e57-def662fc587b",
              "smiles": "CC(=O)O[BH-](OC(C)=O)OC(C)=O.[Na+]",
              "state_of_matter": "SOLID",
              "molecular_weight": 211.94076999999987,
              "density": 1.4,
              "mass": 2.1194076999999987,
              "is_produced_by": [],
              "is_consumed_by": [
                "9e008d55-df41-4500-ba1a-045c3cc30570"
              ],
              "provenance__density": "dummy estimator based on mw",
              "provenance__is_consumed_by": null,
              "provenance__is_produced_by": null,
              "provenance__mass": null,
              "provenance__molecular_weight": "periodic table",
              "provenance__smiles": null,
              "provenance__state_of_matter": "dummy estimator based on mw"
            },
            "liquid_chemical": {
              "identifier": "bbc9c37b-2cd3-4591-8f81-2b5499e7cfca",
              "smiles": "CC(C)(C)OC(=O)NCCN",
              "state_of_matter": "LIQUID",
              "molecular_weight": 160.21413999999984,
              "density": 1.0,
              "mass": 1.3477889151281166,
              "is_produced_by": [],
              "is_consumed_by": [
                "9e008d55-df41-4500-ba1a-045c3cc30570"
              ],
              "provenance__density": "dummy estimator based on mw",
              "provenance__is_consumed_by": null,
              "provenance__is_produced_by": null,
              "provenance__mass": null,
              "provenance__molecular_weight": "periodic table",
              "provenance__smiles": null,
              "provenance__state_of_matter": "dummy estimator based on mw"
            },
            "notes": "making CC(C)(C)OC(=O)NCCN solution for CC(=O)O[BH-](OC(C)=O)OC(C)=O.[Na+]"
          },
          "precedents": []
        }
      },
      "add_solutions": {
        "c629ca34-dc4b-4b95-b229-5d3d0d04a6a2": {
          "identifier": "90f81e3e-e01e-49c5-8b45-13ff2ef905a4",
          "type": "TransferLiquid",
          "process_times": {},
          "from_reaction": "9e008d55-df41-4500-ba1a-045c3cc30570",
          "annotations": {
            "chemical": {
              "identifier": "718ce82e-3e3c-4d1d-a53f-dc0d9258843c",
              "smiles": "CC(C)(C)OC(=O)NCCN.O[Na]",
              "state_of_matter": "LIQUID",
              "molecular_weight": null,
              "density": 1.2116068448141846,
              "mass": 0.6543235848718818,
              "is_produced_by": [],
              "is_consumed_by": [
                "9e008d55-df41-4500-ba1a-045c3cc30570"
              ],
              "provenance__density": "dummy estimator based on mw",
              "provenance__is_consumed_by": null,
              "provenance__is_produced_by": null,
              "provenance__mass": null,
              "provenance__molecular_weight": "periodic table",
              "provenance__smiles": null,
              "provenance__state_of_matter": "dummy estimator based on mw"
            },
            "notes": "add solution O[Na] in CC(C)(C)OC(=O)NCCN"
          },
          "precedents": [
            "2a7445db-8820-4a95-b69c-b09f5d7897a3"
          ]
        },
        "64bf022b-fdbb-45f0-9e57-def662fc587b": {
          "identifier": "867045b3-6eba-4ea0-b48b-00b6b468f37c",
          "type": "TransferLiquid",
          "process_times": {},
          "from_reaction": "9e008d55-df41-4500-ba1a-045c3cc30570",
          "annotations": {
            "chemical": {
              "identifier": "160f6099-5609-4db2-84b8-0a06a6aa9dda",
              "smiles": "CC(C)(C)OC(=O)NCCN.CC(=O)O[BH-](OC(C)=O)OC(C)=O.[Na+]",
              "state_of_matter": "LIQUID",
              "molecular_weight": null,
              "density": 1.2116068448141848,
              "mass": 3.467196615128115,
              "is_produced_by": [],
              "is_consumed_by": [
                "9e008d55-df41-4500-ba1a-045c3cc30570"
              ],
              "provenance__density": "dummy estimator based on mw",
              "provenance__is_consumed_by": null,
              "provenance__is_produced_by": null,
              "provenance__mass": null,
              "provenance__molecular_weight": "periodic table",
              "provenance__smiles": null,
              "provenance__state_of_matter": "dummy estimator based on mw"
            },
            "notes": "add solution CC(=O)O[BH-](OC(C)=O)OC(C)=O.[Na+] in CC(C)(C)OC(=O)NCCN"
          },
          "precedents": [
            "78f85daf-3bde-4305-b6b4-144724bf2c81"
          ]
        }
      },
      "add_liquids": {
        "91ec23d7-2375-4b09-a246-89ed82d6f671": {
          "identifier": "c85e3f81-88b1-425d-95f5-3f2759ff9270",
          "type": "TransferLiquid",
          "process_times": {},
          "from_reaction": "9e008d55-df41-4500-ba1a-045c3cc30570",
          "annotations": {
            "chemical": {
              "identifier": "91ec23d7-2375-4b09-a246-89ed82d6f671",
              "smiles": "O=CC1CC1",
              "state_of_matter": "LIQUID",
              "molecular_weight": 70.08984000000004,
              "density": 1.0,
              "mass": 0.7008984000000004,
              "is_produced_by": [],
              "is_consumed_by": [
                "9e008d55-df41-4500-ba1a-045c3cc30570"
              ],
              "provenance__density": "dummy estimator based on mw",
              "provenance__is_consumed_by": null,
              "provenance__is_produced_by": null,
              "provenance__mass": null,
              "provenance__molecular_weight": "periodic table",
              "provenance__smiles": null,
              "provenance__state_of_matter": "dummy estimator based on mw"
            },
            "notes": "add liquid O=CC1CC1"
          },
          "precedents": []
        },
        "2a332a2d-04b2-4cd1-a6f7-d4c5c96557df": {
          "identifier": "e99a0c50-a958-4b86-ba2b-6882060222eb",
          "type": "TransferLiquid",
          "process_times": {},
          "from_reaction": "9e008d55-df41-4500-ba1a-045c3cc30570",
          "annotations": {
            "chemical": {
              "identifier": "2a332a2d-04b2-4cd1-a6f7-d4c5c96557df",
              "smiles": "ClCCCl",
              "state_of_matter": "LIQUID",
              "molecular_weight": 98.95916000000003,
              "density": 1.0,
              "mass": 0.9895916000000002,
              "is_produced_by": [],
              "is_consumed_by": [
                "9e008d55-df41-4500-ba1a-045c3cc30570"
              ],
              "provenance__density": "dummy estimator based on mw",
              "provenance__is_consumed_by": null,
              "provenance__is_produced_by": null,
              "provenance__mass": null,
              "provenance__molecular_weight": "periodic table",
              "provenance__smiles": null,
              "provenance__state_of_matter": "dummy estimator based on mw"
            },
            "notes": "add liquid ClCCCl"
          },
          "precedents": []
        }
      },
      "heat": {
        "identifier": "7ab6f47b-a9cf-408a-9aba-3381b5007f4d",
        "type": "Heating",
        "process_times": {},
        "from_reaction": "9e008d55-df41-4500-ba1a-045c3cc30570",
        "annotations": {
          "temperature": 317.3727363824844,
          "notes": "heating the reaction vessel to afford product: CC(C)(C)OC(=O)NCCNCC1CC1"
        },
        "precedents": [
          "c85e3f81-88b1-425d-95f5-3f2759ff9270",
          "e99a0c50-a958-4b86-ba2b-6882060222eb",
          "90f81e3e-e01e-49c5-8b45-13ff2ef905a4",
          "867045b3-6eba-4ea0-b48b-00b6b468f37c"
        ]
      },
      "concentrate_and_purify": {
        "identifier": "a948e2ef-5748-4352-b098-4b43ef0b942a",
        "type": "ConcentrationAndPurification",
        "process_times": {},
        "from_reaction": "9e008d55-df41-4500-ba1a-045c3cc30570",
        "annotations": {
          "chemical": {
            "identifier": "0c75d4df-48bf-4ca6-a601-da3a2e433a97",
            "smiles": "CC(C)(C)OC(=O)NCCNCC1CC1",
            "state_of_matter": "SOLID",
            "molecular_weight": 214.30457999999976,
            "density": 1.4,
            "mass": 2.1430457999999977,
            "is_produced_by": [
              "9e008d55-df41-4500-ba1a-045c3cc30570"
            ],
            "is_consumed_by": [],
            "provenance__density": "dummy estimator based on mw",
            "provenance__is_consumed_by": null,
            "provenance__is_produced_by": null,
            "provenance__mass": null,
            "provenance__molecular_weight": "periodic table",
            "provenance__smiles": null,
            "provenance__state_of_matter": "dummy estimator based on mw"
          },
          "notes": "purify and concentrate the product: CC(C)(C)OC(=O)NCCNCC1CC1"
        },
        "precedents": [
          "7ab6f47b-a9cf-408a-9aba-3381b5007f4d"
        ]
      },
      "lmin": {
        "7ab6f47b-a9cf-408a-9aba-3381b5007f4d": {
          "a948e2ef-5748-4352-b098-4b43ef0b942a": 54.59717707103038
        }
      },
      "lmax": {
        "2a7445db-8820-4a95-b69c-b09f5d7897a3": {
          "7ab6f47b-a9cf-408a-9aba-3381b5007f4d": 81.22646285045602
        },
        "78f85daf-3bde-4305-b6b4-144724bf2c81": {
          "7ab6f47b-a9cf-408a-9aba-3381b5007f4d": 37.94065686268479
        }
      }
    },
    {
      "identifier": "771faadd-f503-4119-8b48-d31a9b0e0700",
      "reaction": {
        "identifier": "4e497a05-8cb3-429e-a039-14870cf19a6e",
        "reactants": [
          {
            "identifier": "00df954a-ca0a-474c-befa-81d60bc7dfd3",
            "smiles": "CC(C)(C)OC(=O)NCCNCC1CC1",
            "state_of_matter": "SOLID",
            "molecular_weight": 214.30457999999976,
            "density": 1.4,
            "mass": 2.1430457999999977,
            "is_produced_by": [],
            "is_consumed_by": [
              "4e497a05-8cb3-429e-a039-14870cf19a6e"
            ],
            "provenance__density": "dummy estimator based on mw",
            "provenance__is_consumed_by": null,
            "provenance__is_produced_by": null,
            "provenance__mass": null,
            "provenance__molecular_weight": "periodic table",
            "provenance__smiles": null,
            "provenance__state_of_matter": "dummy estimator based on mw"
          },
          {
            "identifier": "229b20fc-1400-4276-bd6d-75123b00943a",
            "smiles": "OCCBr",
            "state_of_matter": "LIQUID",
            "molecular_weight": 124.96450000000003,
            "density": 1.0,
            "mass": 1.2496450000000003,
            "is_produced_by": [],
            "is_consumed_by": [
              "4e497a05-8cb3-429e-a039-14870cf19a6e"
            ],
            "provenance__density": "dummy estimator based on mw",
            "provenance__is_consumed_by": null,
            "provenance__is_produced_by": null,
            "provenance__mass": null,
            "provenance__molecular_weight": "periodic table",
            "provenance__smiles": null,
            "provenance__state_of_matter": "dummy estimator based on mw"
          }
        ],
        "reagents": [
          {
            "identifier": "da30fd65-67fa-4a5c-a9ff-a39eb6bec6e8",
            "smiles": "CC#N",
            "state_of_matter": "LIQUID",
            "molecular_weight": 41.051919999999996,
            "density": 1.0,
            "mass": 0.4105192,
            "is_produced_by": [],
            "is_consumed_by": [
              "4e497a05-8cb3-429e-a039-14870cf19a6e"
            ],
            "provenance__density": "dummy estimator based on mw",
            "provenance__is_consumed_by": null,
            "provenance__is_produced_by": null,
            "provenance__mass": null,
            "provenance__molecular_weight": "periodic table",
            "provenance__smiles": null,
            "provenance__state_of_matter": "dummy estimator based on mw"
          },
          {
            "identifier": "bb54bd1f-0a2f-4ec5-9440-bb3e21a91a42",
            "smiles": "O=C(O[K])O[K]",
            "state_of_matter": "SOLID",
            "molecular_weight": 138.2055,
            "density": 1.4,
            "mass": 1.382055,
            "is_produced_by": [],
            "is_consumed_by": [
              "4e497a05-8cb3-429e-a039-14870cf19a6e"
            ],
            "provenance__density": "dummy estimator based on mw",
            "provenance__is_consumed_by": null,
            "provenance__is_produced_by": null,
            "provenance__mass": null,
            "provenance__molecular_weight": "periodic table",
            "provenance__smiles": null,
            "provenance__state_of_matter": "dummy estimator based on mw"
          }
        ],
        "products": [
          {
            "identifier": "b9a18850-6bf9-4df0-949c-f0d439501419",
            "smiles": "CC(C)(C)OC(=O)NCCN(CCO)CC1CC1",
            "state_of_matter": "SOLID",
            "molecular_weight": 258.3571399999998,
            "density": 1.4,
            "mass": 2.583571399999998,
            "is_produced_by": [
              "4e497a05-8cb3-429e-a039-14870cf19a6e"
            ],
            "is_consumed_by": [],
            "provenance__density": "dummy estimator based on mw",
            "provenance__is_consumed_by": null,
            "provenance__is_produced_by": null,
            "provenance__mass": null,
            "provenance__molecular_weight": "periodic table",
            "provenance__smiles": null,
            "provenance__state_of_matter": "dummy estimator based on mw"
          }
        ],
        "stoichiometry": {
          "00df954a-ca0a-474c-befa-81d60bc7dfd3": 1.0,
          "229b20fc-1400-4276-bd6d-75123b00943a": 1.0,
          "b9a18850-6bf9-4df0-949c-f0d439501419": -1.0
        },
        "temperature": 294.64868127107616,
        "intended_ratios": {
          "00df954a-ca0a-474c-befa-81d60bc7dfd3": 1.0,
          "229b20fc-1400-4276-bd6d-75123b00943a": 1.0,
          "da30fd65-67fa-4a5c-a9ff-a39eb6bec6e8": 1.0,
          "bb54bd1f-0a2f-4ec5-9440-bb3e21a91a42": 1.0
        },
        "expected_yields": {
          "b9a18850-6bf9-4df0-949c-f0d439501419": 1.0
        },
        "reaction_extent": 0.01
      },
      "functional_modules": [],
      "make_solutions": {
        "bb54bd1f-0a2f-4ec5-9440-bb3e21a91a42": {
          "identifier": "b17aba1a-3c9e-4a3d-8e9b-3122ff0b7115",
          "type": "MakeSolution",
          "process_times": {},
          "from_reaction": "4e497a05-8cb3-429e-a039-14870cf19a6e",
          "annotations": {
            "solid_chemical": {
              "identifier": "bb54bd1f-0a2f-4ec5-9440-bb3e21a91a42",
              "smiles": "O=C(O[K])O[K]",
              "state_of_matter": "SOLID",
              "molecular_weight": 138.2055,
              "density": 1.4,
              "mass": 1.382055,
              "is_produced_by": [],
              "is_consumed_by": [
                "4e497a05-8cb3-429e-a039-14870cf19a6e"
              ],
              "provenance__density": "dummy estimator based on mw",
              "provenance__is_consumed_by": null,
              "provenance__is_produced_by": null,
              "provenance__mass": null,
              "provenance__molecular_weight": "periodic table",
              "provenance__smiles": null,
              "provenance__state_of_matter": "dummy estimator based on mw"
            },
            "liquid_chemical": {
              "identifier": "3b38cfee-060f-4d15-9386-5ac0cd1e4de8",
              "smiles": "OCCBr",
              "state_of_matter": "LIQUID",
              "molecular_weight": 124.96450000000003,
              "density": 1.0,
              "mass": 0.48993722973113324,
              "is_produced_by": [],
              "is_consumed_by": [
                "4e497a05-8cb3-429e-a039-14870cf19a6e"
              ],
              "provenance__density": "dummy estimator based on mw",
              "provenance__is_consumed_by": null,
              "provenance__is_produced_by": null,
              "provenance__mass": null,
              "provenance__molecular_weight": "periodic table",
              "provenance__smiles": null,
              "provenance__state_of_matter": "dummy estimator based on mw"
            },
            "notes": "making OCCBr solution for O=C(O[K])O[K]"
          },
          "precedents": []
        },
        "00df954a-ca0a-474c-befa-81d60bc7dfd3": {
          "identifier": "2c939024-13ad-4486-8b2e-00955988d998",
          "type": "MakeSolution",
          "process_times": {},
          "from_reaction": "4e497a05-8cb3-429e-a039-14870cf19a6e",
          "annotations": {
            "solid_chemical": {
              "identifier": "00df954a-ca0a-474c-befa-81d60bc7dfd3",
              "smiles": "CC(C)(C)OC(=O)NCCNCC1CC1",
              "state_of_matter": "SOLID",
              "molecular_weight": 214.30457999999976,
              "density": 1.4,
              "mass": 2.1430457999999977,
              "is_produced_by": [],
              "is_consumed_by": [
                "4e497a05-8cb3-429e-a039-14870cf19a6e"
              ],
              "provenance__density": "dummy estimator based on mw",
              "provenance__is_consumed_by": null,
              "provenance__is_produced_by": null,
              "provenance__mass": null,
              "provenance__molecular_weight": "periodic table",
              "provenance__smiles": null,
              "provenance__state_of_matter": "dummy estimator based on mw"
            },
            "liquid_chemical": {
              "identifier": "55df7930-8a58-4d42-9741-c183a9703bac",
              "smiles": "OCCBr",
              "state_of_matter": "LIQUID",
              "molecular_weight": 124.96450000000003,
              "density": 1.0,
              "mass": 0.759707770268867,
              "is_produced_by": [],
              "is_consumed_by": [
                "4e497a05-8cb3-429e-a039-14870cf19a6e"
              ],
              "provenance__density": "dummy estimator based on mw",
              "provenance__is_consumed_by": null,
              "provenance__is_produced_by": null,
              "provenance__mass": null,
              "provenance__molecular_weight": "periodic table",
              "provenance__smiles": null,
              "provenance__state_of_matter": "dummy estimator based on mw"
            },
            "notes": "making OCCBr solution for CC(C)(C)OC(=O)NCCNCC1CC1"
          },
          "precedents": [
            "a948e2ef-5748-4352-b098-4b43ef0b942a"
          ]
        }
      },
      "add_solutions": {
        "bb54bd1f-0a2f-4ec5-9440-bb3e21a91a42": {
          "identifier": "11885986-4812-45e8-a6c4-9e7a7c5da151",
          "type": "TransferLiquid",
          "process_times": {},
          "from_reaction": "4e497a05-8cb3-429e-a039-14870cf19a6e",
          "annotations": {
            "chemical": {
              "identifier": "27bd805a-7224-4079-aec5-0bd75a4b6563",
              "smiles": "OCCBr.O=C(O[K])O[K]",
              "state_of_matter": "LIQUID",
              "molecular_weight": null,
              "density": 1.2673263004133126,
              "mass": 1.8719922297311333,
              "is_produced_by": [],
              "is_consumed_by": [
                "4e497a05-8cb3-429e-a039-14870cf19a6e"
              ],
              "provenance__density": "dummy estimator based on mw",
              "provenance__is_consumed_by": null,
              "provenance__is_produced_by": null,
              "provenance__mass": null,
              "provenance__molecular_weight": "periodic table",
              "provenance__smiles": null,
              "provenance__state_of_matter": "dummy estimator based on mw"
            },
            "notes": "add solution O=C(O[K])O[K] in OCCBr"
          },
          "precedents": [
            "b17aba1a-3c9e-4a3d-8e9b-3122ff0b7115"
          ]
        },
        "00df954a-ca0a-474c-befa-81d60bc7dfd3": {
          "identifier": "de71cf54-21aa-4774-ae59-5802d0cd64de",
          "type": "TransferLiquid",
          "process_times": {},
          "from_reaction": "4e497a05-8cb3-429e-a039-14870cf19a6e",
          "annotations": {
            "chemical": {
              "identifier": "cbbe710a-87bf-4357-8932-21bc3fffa946",
              "smiles": "OCCBr.CC(C)(C)OC(=O)NCCNCC1CC1",
              "state_of_matter": "LIQUID",
              "molecular_weight": null,
              "density": 1.2673263004133124,
              "mass": 2.9027535702688647,
              "is_produced_by": [],
              "is_consumed_by": [
                "4e497a05-8cb3-429e-a039-14870cf19a6e"
              ],
              "provenance__density": "dummy estimator based on mw",
              "provenance__is_consumed_by": null,
              "provenance__is_produced_by": null,
              "provenance__mass": null,
              "provenance__molecular_weight": "periodic table",
              "provenance__smiles": null,
              "provenance__state_of_matter": "dummy estimator based on mw"
            },
            "notes": "add solution CC(C)(C)OC(=O)NCCNCC1CC1 in OCCBr"
          },
          "precedents": [
            "2c939024-13ad-4486-8b2e-00955988d998"
          ]
        }
      },
      "add_liquids": {
        "da30fd65-67fa-4a5c-a9ff-a39eb6bec6e8": {
          "identifier": "7d88af31-f452-45b2-a1e8-34fd1315f485",
          "type": "TransferLiquid",
          "process_times": {},
          "from_reaction": "4e497a05-8cb3-429e-a039-14870cf19a6e",
          "annotations": {
            "chemical": {
              "identifier": "da30fd65-67fa-4a5c-a9ff-a39eb6bec6e8",
              "smiles": "CC#N",
              "state_of_matter": "LIQUID",
              "molecular_weight": 41.051919999999996,
              "density": 1.0,
              "mass": 0.4105192,
              "is_produced_by": [],
              "is_consumed_by": [
                "4e497a05-8cb3-429e-a039-14870cf19a6e"
              ],
              "provenance__density": "dummy estimator based on mw",
              "provenance__is_consumed_by": null,
              "provenance__is_produced_by": null,
              "provenance__mass": null,
              "provenance__molecular_weight": "periodic table",
              "provenance__smiles": null,
              "provenance__state_of_matter": "dummy estimator based on mw"
            },
            "notes": "add liquid CC#N"
          },
          "precedents": []
        }
      },
      "heat": {
        "identifier": "7c7a182d-83b1-445e-8969-9927e17fbe22",
        "type": "Heating",
        "process_times": {},
        "from_reaction": "4e497a05-8cb3-429e-a039-14870cf19a6e",
        "annotations": {
          "temperature": 294.64868127107616,
          "notes": "heating the reaction vessel to afford product: CC(C)(C)OC(=O)NCCN(CCO)CC1CC1"
        },
        "precedents": [
          "7d88af31-f452-45b2-a1e8-34fd1315f485",
          "11885986-4812-45e8-a6c4-9e7a7c5da151",
          "de71cf54-21aa-4774-ae59-5802d0cd64de"
        ]
      },
      "concentrate_and_purify": {
        "identifier": "5d30736a-0f62-4f71-873b-75766468ad08",
        "type": "ConcentrationAndPurification",
        "process_times": {},
        "from_reaction": "4e497a05-8cb3-429e-a039-14870cf19a6e",
        "annotations": {
          "chemical": {
            "identifier": "b9a18850-6bf9-4df0-949c-f0d439501419",
            "smiles": "CC(C)(C)OC(=O)NCCN(CCO)CC1CC1",
            "state_of_matter": "SOLID",
            "molecular_weight": 258.3571399999998,
            "density": 1.4,
            "mass": 2.583571399999998,
            "is_produced_by": [
              "4e497a05-8cb3-429e-a039-14870cf19a6e"
            ],
            "is_consumed_by": [],
            "provenance__density": "dummy estimator based on mw",
            "provenance__is_consumed_by": null,
            "provenance__is_produced_by": null,
            "provenance__mass": null,
            "provenance__molecular_weight": "periodic table",
            "provenance__smiles": null,
            "provenance__state_of_matter": "dummy estimator based on mw"
          },
          "notes": "purify and concentrate the product: CC(C)(C)OC(=O)NCCN(CCO)CC1CC1"
        },
        "precedents": [
          "7c7a182d-83b1-445e-8969-9927e17fbe22"
        ]
      },
      "lmin": {
        "7c7a182d-83b1-445e-8969-9927e17fbe22": {
          "5d30736a-0f62-4f71-873b-75766468ad08": 25.514879073209023
        }
      },
      "lmax": {
        "b17aba1a-3c9e-4a3d-8e9b-3122ff0b7115": {
          "7c7a182d-83b1-445e-8969-9927e17fbe22": 74.90915287185518
        },
        "2c939024-13ad-4486-8b2e-00955988d998": {
          "7c7a182d-83b1-445e-8969-9927e17fbe22": 79.73416625745574
        }
      }
    },
    {
      "identifier": "2c5a7076-2bff-4041-baea-4895ae6ba82d",
      "reaction": {
        "identifier": "9072f299-ff2b-4f57-b255-377da2466955",
        "reactants": [
          {
            "identifier": "3bfa6765-6608-4db8-bd24-ada0391c58b3",
            "smiles": "COC(=O)c1ccc(N)cc1",
            "state_of_matter": "LIQUID",
            "molecular_weight": 151.1625599999999,
            "density": 1.0,
            "mass": 1.511625599999999,
            "is_produced_by": [],
            "is_consumed_by": [
              "9072f299-ff2b-4f57-b255-377da2466955"
            ],
            "provenance__density": "dummy estimator based on mw",
            "provenance__is_consumed_by": null,
            "provenance__is_produced_by": null,
            "provenance__mass": null,
            "provenance__molecular_weight": "periodic table",
            "provenance__smiles": null,
            "provenance__state_of_matter": "dummy estimator based on mw"
          },
          {
            "identifier": "42baa7cd-a32b-445c-a491-3c31872da7a8",
            "smiles": "O=S(=O)(Cl)c1cccc2cccnc12",
            "state_of_matter": "SOLID",
            "molecular_weight": 227.66743999999989,
            "density": 1.4,
            "mass": 2.2766743999999988,
            "is_produced_by": [],
            "is_consumed_by": [
              "9072f299-ff2b-4f57-b255-377da2466955"
            ],
            "provenance__density": "dummy estimator based on mw",
            "provenance__is_consumed_by": null,
            "provenance__is_produced_by": null,
            "provenance__mass": null,
            "provenance__molecular_weight": "periodic table",
            "provenance__smiles": null,
            "provenance__state_of_matter": "dummy estimator based on mw"
          }
        ],
        "reagents": [
          {
            "identifier": "e19c8ef6-ba95-4f32-850c-c4ce89aadebe",
            "smiles": "c1ccncc1",
            "state_of_matter": "LIQUID",
            "molecular_weight": 79.09990000000003,
            "density": 1.0,
            "mass": 0.7909990000000003,
            "is_produced_by": [],
            "is_consumed_by": [
              "9072f299-ff2b-4f57-b255-377da2466955"
            ],
            "provenance__density": "dummy estimator based on mw",
            "provenance__is_consumed_by": null,
            "provenance__is_produced_by": null,
            "provenance__mass": null,
            "provenance__molecular_weight": "periodic table",
            "provenance__smiles": null,
            "provenance__state_of_matter": "dummy estimator based on mw"
          }
        ],
        "products": [
          {
            "identifier": "79bee300-70c4-442a-aec7-136829c94b55",
            "smiles": "COC(=O)c1ccc(NS(=O)(=O)c2cccc3cccnc23)cc1",
            "state_of_matter": "SOLID",
            "molecular_weight": 342.36906000000016,
            "density": 1.4,
            "mass": 3.423690600000002,
            "is_produced_by": [
              "9072f299-ff2b-4f57-b255-377da2466955"
            ],
            "is_consumed_by": [],
            "provenance__density": "dummy estimator based on mw",
            "provenance__is_consumed_by": null,
            "provenance__is_produced_by": null,
            "provenance__mass": null,
            "provenance__molecular_weight": "periodic table",
            "provenance__smiles": null,
            "provenance__state_of_matter": "dummy estimator based on mw"
          }
        ],
        "stoichiometry": {
          "3bfa6765-6608-4db8-bd24-ada0391c58b3": 1.0,
          "42baa7cd-a32b-445c-a491-3c31872da7a8": 1.0,
          "79bee300-70c4-442a-aec7-136829c94b55": -1.0
        },
        "temperature": 313.1208207070827,
        "intended_ratios": {
          "3bfa6765-6608-4db8-bd24-ada0391c58b3": 1.0,
          "42baa7cd-a32b-445c-a491-3c31872da7a8": 1.0,
          "e19c8ef6-ba95-4f32-850c-c4ce89aadebe": 1.0
        },
        "expected_yields": {
          "79bee300-70c4-442a-aec7-136829c94b55": 1.0
        },
        "reaction_extent": 0.01
      },
      "functional_modules": [],
      "make_solutions": {
        "42baa7cd-a32b-445c-a491-3c31872da7a8": {
          "identifier": "2c930c1c-f89f-44de-8e8c-671751c9e568",
          "type": "MakeSolution",
          "process_times": {},
          "from_reaction": "9072f299-ff2b-4f57-b255-377da2466955",
          "annotations": {
            "solid_chemical": {
              "identifier": "42baa7cd-a32b-445c-a491-3c31872da7a8",
              "smiles": "O=S(=O)(Cl)c1cccc2cccnc12",
              "state_of_matter": "SOLID",
              "molecular_weight": 227.66743999999989,
              "density": 1.4,
              "mass": 2.2766743999999988,
              "is_produced_by": [],
              "is_consumed_by": [
                "9072f299-ff2b-4f57-b255-377da2466955"
              ],
              "provenance__density": "dummy estimator based on mw",
              "provenance__is_consumed_by": null,
              "provenance__is_produced_by": null,
              "provenance__mass": null,
              "provenance__molecular_weight": "periodic table",
              "provenance__smiles": null,
              "provenance__state_of_matter": "dummy estimator based on mw"
            },
            "liquid_chemical": {
              "identifier": "3e34136d-2231-47dd-85e2-8a34fe8f2f92",
              "smiles": "COC(=O)c1ccc(N)cc1",
              "state_of_matter": "LIQUID",
              "molecular_weight": 151.1625599999999,
              "density": 1.0,
              "mass": 1.511625599999999,
              "is_produced_by": [],
              "is_consumed_by": [
                "9072f299-ff2b-4f57-b255-377da2466955"
              ],
              "provenance__density": "dummy estimator based on mw",
              "provenance__is_consumed_by": null,
              "provenance__is_produced_by": null,
              "provenance__mass": null,
              "provenance__molecular_weight": "periodic table",
              "provenance__smiles": null,
              "provenance__state_of_matter": "dummy estimator based on mw"
            },
            "notes": "making COC(=O)c1ccc(N)cc1 solution for O=S(=O)(Cl)c1cccc2cccnc12"
          },
          "precedents": []
        }
      },
      "add_solutions": {
        "42baa7cd-a32b-445c-a491-3c31872da7a8": {
          "identifier": "7626e66b-bd70-460d-990d-6663dd9e8103",
          "type": "TransferLiquid",
          "process_times": {},
          "from_reaction": "9072f299-ff2b-4f57-b255-377da2466955",
          "annotations": {
            "chemical": {
              "identifier": "ca42cc3a-2657-42eb-b37a-86c901b10207",
              "smiles": "COC(=O)c1ccc(N)cc1.O=S(=O)(Cl)c1cccc2cccnc12",
              "state_of_matter": "LIQUID",
              "molecular_weight": null,
              "density": 1.2073025439049816,
              "mass": 3.788299999999998,
              "is_produced_by": [],
              "is_consumed_by": [
                "9072f299-ff2b-4f57-b255-377da2466955"
              ],
              "provenance__density": "dummy estimator based on mw",
              "provenance__is_consumed_by": null,
              "provenance__is_produced_by": null,
              "provenance__mass": null,
              "provenance__molecular_weight": "periodic table",
              "provenance__smiles": null,
              "provenance__state_of_matter": "dummy estimator based on mw"
            },
            "notes": "add solution O=S(=O)(Cl)c1cccc2cccnc12 in COC(=O)c1ccc(N)cc1"
          },
          "precedents": [
            "2c930c1c-f89f-44de-8e8c-671751c9e568"
          ]
        }
      },
      "add_liquids": {
        "e19c8ef6-ba95-4f32-850c-c4ce89aadebe": {
          "identifier": "a54d16f6-cfcc-4438-aecb-4e35ee988200",
          "type": "TransferLiquid",
          "process_times": {},
          "from_reaction": "9072f299-ff2b-4f57-b255-377da2466955",
          "annotations": {
            "chemical": {
              "identifier": "e19c8ef6-ba95-4f32-850c-c4ce89aadebe",
              "smiles": "c1ccncc1",
              "state_of_matter": "LIQUID",
              "molecular_weight": 79.09990000000003,
              "density": 1.0,
              "mass": 0.7909990000000003,
              "is_produced_by": [],
              "is_consumed_by": [
                "9072f299-ff2b-4f57-b255-377da2466955"
              ],
              "provenance__density": "dummy estimator based on mw",
              "provenance__is_consumed_by": null,
              "provenance__is_produced_by": null,
              "provenance__mass": null,
              "provenance__molecular_weight": "periodic table",
              "provenance__smiles": null,
              "provenance__state_of_matter": "dummy estimator based on mw"
            },
            "notes": "add liquid c1ccncc1"
          },
          "precedents": []
        }
      },
      "heat": {
        "identifier": "f741d851-51ad-4a69-8817-9dec5dfdc1c8",
        "type": "Heating",
        "process_times": {},
        "from_reaction": "9072f299-ff2b-4f57-b255-377da2466955",
        "annotations": {
          "temperature": 313.1208207070827,
          "notes": "heating the reaction vessel to afford product: COC(=O)c1ccc(NS(=O)(=O)c2cccc3cccnc23)cc1"
        },
        "precedents": [
          "a54d16f6-cfcc-4438-aecb-4e35ee988200",
          "7626e66b-bd70-460d-990d-6663dd9e8103"
        ]
      },
      "concentrate_and_purify": {
        "identifier": "505a1878-74a1-4198-9f6f-77aa5caa3287",
        "type": "ConcentrationAndPurification",
        "process_times": {},
        "from_reaction": "9072f299-ff2b-4f57-b255-377da2466955",
        "annotations": {
          "chemical": {
            "identifier": "79bee300-70c4-442a-aec7-136829c94b55",
            "smiles": "COC(=O)c1ccc(NS(=O)(=O)c2cccc3cccnc23)cc1",
            "state_of_matter": "SOLID",
            "molecular_weight": 342.36906000000016,
            "density": 1.4,
            "mass": 3.423690600000002,
            "is_produced_by": [
              "9072f299-ff2b-4f57-b255-377da2466955"
            ],
            "is_consumed_by": [],
            "provenance__density": "dummy estimator based on mw",
            "provenance__is_consumed_by": null,
            "provenance__is_produced_by": null,
            "provenance__mass": null,
            "provenance__molecular_weight": "periodic table",
            "provenance__smiles": null,
            "provenance__state_of_matter": "dummy estimator based on mw"
          },
          "notes": "purify and concentrate the product: COC(=O)c1ccc(NS(=O)(=O)c2cccc3cccnc23)cc1"
        },
        "precedents": [
          "f741d851-51ad-4a69-8817-9dec5dfdc1c8"
        ]
      },
      "lmin": {
        "f741d851-51ad-4a69-8817-9dec5dfdc1c8": {
          "505a1878-74a1-4198-9f6f-77aa5caa3287": 14.036155343623538
        }
      },
      "lmax": {
        "2c930c1c-f89f-44de-8e8c-671751c9e568": {
          "f741d851-51ad-4a69-8817-9dec5dfdc1c8": 65.67461558832653
        }
      }
    },
    {
      "identifier": "db0fd835-4e2c-4c17-b34d-1277effc6b90",
      "reaction": {
        "identifier": "2369008e-7c5b-4e59-9296-0fe2ce5a0b3e",
        "reactants": [
          {
            "identifier": "7147684a-0df4-4e47-bbeb-3e9ee4490533",
            "smiles": "COC(=O)c1ccc(NS(=O)(=O)c2cccc3cccnc23)cc1",
            "state_of_matter": "SOLID",
            "molecular_weight": 342.36906000000016,
            "density": 1.4,
            "mass": 3.423690600000002,
            "is_produced_by": [],
            "is_consumed_by": [
              "2369008e-7c5b-4e59-9296-0fe2ce5a0b3e"
            ],
            "provenance__density": "dummy estimator based on mw",
            "provenance__is_consumed_by": null,
            "provenance__is_produced_by": null,
            "provenance__mass": null,
            "provenance__molecular_weight": "periodic table",
            "provenance__smiles": null,
            "provenance__state_of_matter": "dummy estimator based on mw"
          },
          {
            "identifier": "5b066a4f-233f-436a-a1ef-38e8b0456501",
            "smiles": "NCCN(CCO)CC1CC1",
            "state_of_matter": "LIQUID",
            "molecular_weight": 158.2413199999998,
            "density": 1.0,
            "mass": 1.582413199999998,
            "is_produced_by": [],
            "is_consumed_by": [
              "2369008e-7c5b-4e59-9296-0fe2ce5a0b3e"
            ],
            "provenance__density": "dummy estimator based on mw",
            "provenance__is_consumed_by": null,
            "provenance__is_produced_by": null,
            "provenance__mass": null,
            "provenance__molecular_weight": "periodic table",
            "provenance__smiles": null,
            "provenance__state_of_matter": "dummy estimator based on mw"
          }
        ],
        "reagents": [
          {
            "identifier": "00f237c2-6156-4d85-82ae-5958b90a78b7",
            "smiles": "Cc1ccccc1",
            "state_of_matter": "LIQUID",
            "molecular_weight": 92.13842000000004,
            "density": 1.0,
            "mass": 0.9213842000000004,
            "is_produced_by": [],
            "is_consumed_by": [
              "2369008e-7c5b-4e59-9296-0fe2ce5a0b3e"
            ],
            "provenance__density": "dummy estimator based on mw",
            "provenance__is_consumed_by": null,
            "provenance__is_produced_by": null,
            "provenance__mass": null,
            "provenance__molecular_weight": "periodic table",
            "provenance__smiles": null,
            "provenance__state_of_matter": "dummy estimator based on mw"
          },
          {
            "identifier": "0fbd4b9d-e112-4e13-9500-8b5df180c4c0",
            "smiles": "C[Al](C)C",
            "state_of_matter": "LIQUID",
            "molecular_weight": 72.08509800000004,
            "density": 1.0,
            "mass": 0.7208509800000005,
            "is_produced_by": [],
            "is_consumed_by": [
              "2369008e-7c5b-4e59-9296-0fe2ce5a0b3e"
            ],
            "provenance__density": "dummy estimator based on mw",
            "provenance__is_consumed_by": null,
            "provenance__is_produced_by": null,
            "provenance__mass": null,
            "provenance__molecular_weight": "periodic table",
            "provenance__smiles": null,
            "provenance__state_of_matter": "dummy estimator based on mw"
          }
        ],
        "products": [
          {
            "identifier": "dba33197-c5a4-4d44-b942-d39b111d7654",
            "smiles": "O=C(NCCN(CCO)CC1CC1)c1ccc(NS(=O)(=O)c2cccc3cccnc23)cc1",
            "state_of_matter": "SOLID",
            "molecular_weight": 468.5685200000002,
            "density": 1.4,
            "mass": 4.685685200000002,
            "is_produced_by": [
              "2369008e-7c5b-4e59-9296-0fe2ce5a0b3e"
            ],
            "is_consumed_by": [],
            "provenance__density": "dummy estimator based on mw",
            "provenance__is_consumed_by": null,
            "provenance__is_produced_by": null,
            "provenance__mass": null,
            "provenance__molecular_weight": "periodic table",
            "provenance__smiles": null,
            "provenance__state_of_matter": "dummy estimator based on mw"
          }
        ],
        "stoichiometry": {
          "7147684a-0df4-4e47-bbeb-3e9ee4490533": 1.0,
          "5b066a4f-233f-436a-a1ef-38e8b0456501": 1.0,
          "dba33197-c5a4-4d44-b942-d39b111d7654": -1.0
        },
        "temperature": 324.87014089822765,
        "intended_ratios": {
          "7147684a-0df4-4e47-bbeb-3e9ee4490533": 1.0,
          "5b066a4f-233f-436a-a1ef-38e8b0456501": 1.0,
          "00f237c2-6156-4d85-82ae-5958b90a78b7": 1.0,
          "0fbd4b9d-e112-4e13-9500-8b5df180c4c0": 1.0
        },
        "expected_yields": {
          "dba33197-c5a4-4d44-b942-d39b111d7654": 1.0
        },
        "reaction_extent": 0.01
      },
      "functional_modules": [],
      "make_solutions": {
        "7147684a-0df4-4e47-bbeb-3e9ee4490533": {
          "identifier": "7e1c341c-bcba-4c7a-a266-42b9d9747f0d",
          "type": "MakeSolution",
          "process_times": {},
          "from_reaction": "2369008e-7c5b-4e59-9296-0fe2ce5a0b3e",
          "annotations": {
            "solid_chemical": {
              "identifier": "7147684a-0df4-4e47-bbeb-3e9ee4490533",
              "smiles": "COC(=O)c1ccc(NS(=O)(=O)c2cccc3cccnc23)cc1",
              "state_of_matter": "SOLID",
              "molecular_weight": 342.36906000000016,
              "density": 1.4,
              "mass": 3.423690600000002,
              "is_produced_by": [],
              "is_consumed_by": [
                "2369008e-7c5b-4e59-9296-0fe2ce5a0b3e"
              ],
              "provenance__density": "dummy estimator based on mw",
              "provenance__is_consumed_by": null,
              "provenance__is_produced_by": null,
              "provenance__mass": null,
              "provenance__molecular_weight": "periodic table",
              "provenance__smiles": null,
              "provenance__state_of_matter": "dummy estimator based on mw"
            },
            "liquid_chemical": {
              "identifier": "2dd0e91d-2c21-4871-a317-0f7621d7d415",
              "smiles": "NCCN(CCO)CC1CC1",
              "state_of_matter": "LIQUID",
              "molecular_weight": 158.2413199999998,
              "density": 1.0,
              "mass": 1.582413199999998,
              "is_produced_by": [],
              "is_consumed_by": [
                "2369008e-7c5b-4e59-9296-0fe2ce5a0b3e"
              ],
              "provenance__density": "dummy estimator based on mw",
              "provenance__is_consumed_by": null,
              "provenance__is_produced_by": null,
              "provenance__mass": null,
              "provenance__molecular_weight": "periodic table",
              "provenance__smiles": null,
              "provenance__state_of_matter": "dummy estimator based on mw"
            },
            "notes": "making NCCN(CCO)CC1CC1 solution for COC(=O)c1ccc(NS(=O)(=O)c2cccc3cccnc23)cc1"
          },
          "precedents": [
            "505a1878-74a1-4198-9f6f-77aa5caa3287",
            "08937abb-7d59-412d-87c7-d5953c1652ab"
          ]
        }
      },
      "add_solutions": {
        "7147684a-0df4-4e47-bbeb-3e9ee4490533": {
          "identifier": "0c288b11-837a-4eb3-82cd-6e08590df70d",
          "type": "TransferLiquid",
          "process_times": {},
          "from_reaction": "2369008e-7c5b-4e59-9296-0fe2ce5a0b3e",
          "annotations": {
            "chemical": {
              "identifier": "8bb2cc73-6821-4c4c-9603-7540e557e9e2",
              "smiles": "NCCN(CCO)CC1CC1.COC(=O)c1ccc(NS(=O)(=O)c2cccc3cccnc23)cc1",
              "state_of_matter": "LIQUID",
              "molecular_weight": null,
              "density": 1.2428550210276907,
              "mass": 5.0061038,
              "is_produced_by": [],
              "is_consumed_by": [
                "2369008e-7c5b-4e59-9296-0fe2ce5a0b3e"
              ],
              "provenance__density": "dummy estimator based on mw",
              "provenance__is_consumed_by": null,
              "provenance__is_produced_by": null,
              "provenance__mass": null,
              "provenance__molecular_weight": "periodic table",
              "provenance__smiles": null,
              "provenance__state_of_matter": "dummy estimator based on mw"
            },
            "notes": "add solution COC(=O)c1ccc(NS(=O)(=O)c2cccc3cccnc23)cc1 in NCCN(CCO)CC1CC1"
          },
          "precedents": [
            "7e1c341c-bcba-4c7a-a266-42b9d9747f0d"
          ]
        }
      },
      "add_liquids": {
        "0fbd4b9d-e112-4e13-9500-8b5df180c4c0": {
          "identifier": "0705a19c-25cc-4254-940e-ff5880f930a9",
          "type": "TransferLiquid",
          "process_times": {},
          "from_reaction": "2369008e-7c5b-4e59-9296-0fe2ce5a0b3e",
          "annotations": {
            "chemical": {
              "identifier": "0fbd4b9d-e112-4e13-9500-8b5df180c4c0",
              "smiles": "C[Al](C)C",
              "state_of_matter": "LIQUID",
              "molecular_weight": 72.08509800000004,
              "density": 1.0,
              "mass": 0.7208509800000005,
              "is_produced_by": [],
              "is_consumed_by": [
                "2369008e-7c5b-4e59-9296-0fe2ce5a0b3e"
              ],
              "provenance__density": "dummy estimator based on mw",
              "provenance__is_consumed_by": null,
              "provenance__is_produced_by": null,
              "provenance__mass": null,
              "provenance__molecular_weight": "periodic table",
              "provenance__smiles": null,
              "provenance__state_of_matter": "dummy estimator based on mw"
            },
            "notes": "add liquid C[Al](C)C"
          },
          "precedents": []
        },
        "00f237c2-6156-4d85-82ae-5958b90a78b7": {
          "identifier": "2c458dee-4334-423b-9e24-fbe080c15d11",
          "type": "TransferLiquid",
          "process_times": {},
          "from_reaction": "2369008e-7c5b-4e59-9296-0fe2ce5a0b3e",
          "annotations": {
            "chemical": {
              "identifier": "00f237c2-6156-4d85-82ae-5958b90a78b7",
              "smiles": "Cc1ccccc1",
              "state_of_matter": "LIQUID",
              "molecular_weight": 92.13842000000004,
              "density": 1.0,
              "mass": 0.9213842000000004,
              "is_produced_by": [],
              "is_consumed_by": [
                "2369008e-7c5b-4e59-9296-0fe2ce5a0b3e"
              ],
              "provenance__density": "dummy estimator based on mw",
              "provenance__is_consumed_by": null,
              "provenance__is_produced_by": null,
              "provenance__mass": null,
              "provenance__molecular_weight": "periodic table",
              "provenance__smiles": null,
              "provenance__state_of_matter": "dummy estimator based on mw"
            },
            "notes": "add liquid Cc1ccccc1"
          },
          "precedents": []
        }
      },
      "heat": {
        "identifier": "a6c8bf82-7ce4-47c1-ba30-d20089984263",
        "type": "Heating",
        "process_times": {},
        "from_reaction": "2369008e-7c5b-4e59-9296-0fe2ce5a0b3e",
        "annotations": {
          "temperature": 324.87014089822765,
          "notes": "heating the reaction vessel to afford product: O=C(NCCN(CCO)CC1CC1)c1ccc(NS(=O)(=O)c2cccc3cccnc23)cc1"
        },
        "precedents": [
          "0705a19c-25cc-4254-940e-ff5880f930a9",
          "2c458dee-4334-423b-9e24-fbe080c15d11",
          "0c288b11-837a-4eb3-82cd-6e08590df70d"
        ]
      },
      "concentrate_and_purify": {
        "identifier": "9deba53f-256b-40a2-a830-e7b778602031",
        "type": "ConcentrationAndPurification",
        "process_times": {},
        "from_reaction": "2369008e-7c5b-4e59-9296-0fe2ce5a0b3e",
        "annotations": {
          "chemical": {
            "identifier": "dba33197-c5a4-4d44-b942-d39b111d7654",
            "smiles": "O=C(NCCN(CCO)CC1CC1)c1ccc(NS(=O)(=O)c2cccc3cccnc23)cc1",
            "state_of_matter": "SOLID",
            "molecular_weight": 468.5685200000002,
            "density": 1.4,
            "mass": 4.685685200000002,
            "is_produced_by": [
              "2369008e-7c5b-4e59-9296-0fe2ce5a0b3e"
            ],
            "is_consumed_by": [],
            "provenance__density": "dummy estimator based on mw",
            "provenance__is_consumed_by": null,
            "provenance__is_produced_by": null,
            "provenance__mass": null,
            "provenance__molecular_weight": "periodic table",
            "provenance__smiles": null,
            "provenance__state_of_matter": "dummy estimator based on mw"
          },
          "notes": "purify and concentrate the product: O=C(NCCN(CCO)CC1CC1)c1ccc(NS(=O)(=O)c2cccc3cccnc23)cc1"
        },
        "precedents": [
          "a6c8bf82-7ce4-47c1-ba30-d20089984263"
        ]
      },
      "lmin": {
        "a6c8bf82-7ce4-47c1-ba30-d20089984263": {
          "9deba53f-256b-40a2-a830-e7b778602031": 44.929134448767336
        }
      },
      "lmax": {
        "7e1c341c-bcba-4c7a-a266-42b9d9747f0d": {
          "a6c8bf82-7ce4-47c1-ba30-d20089984263": 39.604786741472466
        }
      }
    },
    {
      "identifier": "f24533a3-b142-42d5-8d39-870e7c0b81b2",
      "reaction": {
        "identifier": "1b7cb1c1-e7d7-474c-b67a-07196e65b6d4",
        "reactants": [
          {
            "identifier": "afaefb2e-5063-4b4d-bad1-eeb18b0e2ced",
            "smiles": "O=C(NCCN(CCO)CC1CC1)c1ccc(NS(=O)(=O)c2cccc3cccnc23)cc1",
            "state_of_matter": "SOLID",
            "molecular_weight": 468.5685200000002,
            "density": 1.4,
            "mass": 4.685685200000002,
            "is_produced_by": [],
            "is_consumed_by": [
              "1b7cb1c1-e7d7-474c-b67a-07196e65b6d4"
            ],
            "provenance__density": "dummy estimator based on mw",
            "provenance__is_consumed_by": null,
            "provenance__is_produced_by": null,
            "provenance__mass": null,
            "provenance__molecular_weight": "periodic table",
            "provenance__smiles": null,
            "provenance__state_of_matter": "dummy estimator based on mw"
          }
        ],
        "reagents": [
          {
            "identifier": "45817f63-ded9-4a59-a404-8f4889caa8c6",
            "smiles": "ClCCl",
            "state_of_matter": "LIQUID",
            "molecular_weight": 84.93258000000002,
            "density": 1.0,
            "mass": 0.8493258000000001,
            "is_produced_by": [],
            "is_consumed_by": [
              "1b7cb1c1-e7d7-474c-b67a-07196e65b6d4"
            ],
            "provenance__density": "dummy estimator based on mw",
            "provenance__is_consumed_by": null,
            "provenance__is_produced_by": null,
            "provenance__mass": null,
            "provenance__molecular_weight": "periodic table",
            "provenance__smiles": null,
            "provenance__state_of_matter": "dummy estimator based on mw"
          },
          {
            "identifier": "9642c44a-0d6b-456e-bd01-9f325a0bc102",
            "smiles": "O=C(O)O[Na]",
            "state_of_matter": "SOLID",
            "molecular_weight": 84.00661000000001,
            "density": 1.4,
            "mass": 0.8400661000000001,
            "is_produced_by": [],
            "is_consumed_by": [
              "1b7cb1c1-e7d7-474c-b67a-07196e65b6d4"
            ],
            "provenance__density": "dummy estimator based on mw",
            "provenance__is_consumed_by": null,
            "provenance__is_produced_by": null,
            "provenance__mass": null,
            "provenance__molecular_weight": "periodic table",
            "provenance__smiles": null,
            "provenance__state_of_matter": "dummy estimator based on mw"
          },
          {
            "identifier": "f851b392-38df-4d87-af50-2369e7fbeddf",
            "smiles": "CC(=O)OI1(OC(C)=O)(OC(C)=O)OC(=O)c2ccccc21",
            "state_of_matter": "SOLID",
            "molecular_weight": 424.1419900000001,
            "density": 1.4,
            "mass": 4.241419900000001,
            "is_produced_by": [],
            "is_consumed_by": [
              "1b7cb1c1-e7d7-474c-b67a-07196e65b6d4"
            ],
            "provenance__density": "dummy estimator based on mw",
            "provenance__is_consumed_by": null,
            "provenance__is_produced_by": null,
            "provenance__mass": null,
            "provenance__molecular_weight": "periodic table",
            "provenance__smiles": null,
            "provenance__state_of_matter": "dummy estimator based on mw"
          }
        ],
        "products": [
          {
            "identifier": "c1cfd703-e77d-4153-b364-f9a7ae638bc8",
            "smiles": "O=CCN(CCNC(=O)c1ccc(NS(=O)(=O)c2cccc3cccnc23)cc1)CC1CC1",
            "state_of_matter": "SOLID",
            "molecular_weight": 466.5526400000003,
            "density": 1.4,
            "mass": 4.665526400000003,
            "is_produced_by": [
              "1b7cb1c1-e7d7-474c-b67a-07196e65b6d4"
            ],
            "is_consumed_by": [],
            "provenance__density": "dummy estimator based on mw",
            "provenance__is_consumed_by": null,
            "provenance__is_produced_by": null,
            "provenance__mass": null,
            "provenance__molecular_weight": "periodic table",
            "provenance__smiles": null,
            "provenance__state_of_matter": "dummy estimator based on mw"
          }
        ],
        "stoichiometry": {
          "afaefb2e-5063-4b4d-bad1-eeb18b0e2ced": 1.0,
          "c1cfd703-e77d-4153-b364-f9a7ae638bc8": -1.0
        },
        "temperature": 299.559163749218,
        "intended_ratios": {
          "afaefb2e-5063-4b4d-bad1-eeb18b0e2ced": 1.0,
          "45817f63-ded9-4a59-a404-8f4889caa8c6": 1.0,
          "9642c44a-0d6b-456e-bd01-9f325a0bc102": 1.0,
          "f851b392-38df-4d87-af50-2369e7fbeddf": 1.0
        },
        "expected_yields": {
          "c1cfd703-e77d-4153-b364-f9a7ae638bc8": 1.0
        },
        "reaction_extent": 0.01
      },
      "functional_modules": [],
      "make_solutions": {
        "9642c44a-0d6b-456e-bd01-9f325a0bc102": {
          "identifier": "2fdc2d71-f292-4be1-b91e-8ffc265b9941",
          "type": "MakeSolution",
          "process_times": {},
          "from_reaction": "1b7cb1c1-e7d7-474c-b67a-07196e65b6d4",
          "annotations": {
            "solid_chemical": {
              "identifier": "9642c44a-0d6b-456e-bd01-9f325a0bc102",
              "smiles": "O=C(O)O[Na]",
              "state_of_matter": "SOLID",
              "molecular_weight": 84.00661000000001,
              "density": 1.4,
              "mass": 0.8400661000000001,
              "is_produced_by": [],
              "is_consumed_by": [
                "1b7cb1c1-e7d7-474c-b67a-07196e65b6d4"
              ],
              "provenance__density": "dummy estimator based on mw",
              "provenance__is_consumed_by": null,
              "provenance__is_produced_by": null,
              "provenance__mass": null,
              "provenance__molecular_weight": "periodic table",
              "provenance__smiles": null,
              "provenance__state_of_matter": "dummy estimator based on mw"
            },
            "liquid_chemical": {
              "identifier": "7fb20053-39e7-4eab-842c-80d5324999fb",
              "smiles": "ClCCl",
              "state_of_matter": "LIQUID",
              "molecular_weight": 84.93258000000002,
              "density": 1.0,
              "mass": 0.07304979075572873,
              "is_produced_by": [],
              "is_consumed_by": [
                "1b7cb1c1-e7d7-474c-b67a-07196e65b6d4"
              ],
              "provenance__density": "dummy estimator based on mw",
              "provenance__is_consumed_by": null,
              "provenance__is_produced_by": null,
              "provenance__mass": null,
              "provenance__molecular_weight": "periodic table",
              "provenance__smiles": null,
              "provenance__state_of_matter": "dummy estimator based on mw"
            },
            "notes": "making ClCCl solution for O=C(O)O[Na]"
          },
          "precedents": []
        },
        "f851b392-38df-4d87-af50-2369e7fbeddf": {
          "identifier": "a4c61bfd-c237-49df-85a1-e15bc874ed6d",
          "type": "MakeSolution",
          "process_times": {},
          "from_reaction": "1b7cb1c1-e7d7-474c-b67a-07196e65b6d4",
          "annotations": {
            "solid_chemical": {
              "identifier": "f851b392-38df-4d87-af50-2369e7fbeddf",
              "smiles": "CC(=O)OI1(OC(C)=O)(OC(C)=O)OC(=O)c2ccccc21",
              "state_of_matter": "SOLID",
              "molecular_weight": 424.1419900000001,
              "density": 1.4,
              "mass": 4.241419900000001,
              "is_produced_by": [],
              "is_consumed_by": [
                "1b7cb1c1-e7d7-474c-b67a-07196e65b6d4"
              ],
              "provenance__density": "dummy estimator based on mw",
              "provenance__is_consumed_by": null,
              "provenance__is_produced_by": null,
              "provenance__mass": null,
              "provenance__molecular_weight": "periodic table",
              "provenance__smiles": null,
              "provenance__state_of_matter": "dummy estimator based on mw"
            },
            "liquid_chemical": {
              "identifier": "978a2d34-19d9-482a-afbf-fabf057bc06c",
              "smiles": "ClCCl",
              "state_of_matter": "LIQUID",
              "molecular_weight": 84.93258000000002,
              "density": 1.0,
              "mass": 0.36882197270212896,
              "is_produced_by": [],
              "is_consumed_by": [
                "1b7cb1c1-e7d7-474c-b67a-07196e65b6d4"
              ],
              "provenance__density": "dummy estimator based on mw",
              "provenance__is_consumed_by": null,
              "provenance__is_produced_by": null,
              "provenance__mass": null,
              "provenance__molecular_weight": "periodic table",
              "provenance__smiles": null,
              "provenance__state_of_matter": "dummy estimator based on mw"
            },
            "notes": "making ClCCl solution for CC(=O)OI1(OC(C)=O)(OC(C)=O)OC(=O)c2ccccc21"
          },
          "precedents": []
        },
        "afaefb2e-5063-4b4d-bad1-eeb18b0e2ced": {
          "identifier": "502f8a97-bd1c-4f8a-a608-3727b5b9ee0d",
          "type": "MakeSolution",
          "process_times": {},
          "from_reaction": "1b7cb1c1-e7d7-474c-b67a-07196e65b6d4",
          "annotations": {
            "solid_chemical": {
              "identifier": "afaefb2e-5063-4b4d-bad1-eeb18b0e2ced",
              "smiles": "O=C(NCCN(CCO)CC1CC1)c1ccc(NS(=O)(=O)c2cccc3cccnc23)cc1",
              "state_of_matter": "SOLID",
              "molecular_weight": 468.5685200000002,
              "density": 1.4,
              "mass": 4.685685200000002,
              "is_produced_by": [],
              "is_consumed_by": [
                "1b7cb1c1-e7d7-474c-b67a-07196e65b6d4"
              ],
              "provenance__density": "dummy estimator based on mw",
              "provenance__is_consumed_by": null,
              "provenance__is_produced_by": null,
              "provenance__mass": null,
              "provenance__molecular_weight": "periodic table",
              "provenance__smiles": null,
              "provenance__state_of_matter": "dummy estimator based on mw"
            },
            "liquid_chemical": {
              "identifier": "19e7f4dc-2154-476a-a4f3-6525dfdfc7dc",
              "smiles": "ClCCl",
              "state_of_matter": "LIQUID",
              "molecular_weight": 84.93258000000002,
              "density": 1.0,
              "mass": 0.40745403654214235,
              "is_produced_by": [],
              "is_consumed_by": [
                "1b7cb1c1-e7d7-474c-b67a-07196e65b6d4"
              ],
              "provenance__density": "dummy estimator based on mw",
              "provenance__is_consumed_by": null,
              "provenance__is_produced_by": null,
              "provenance__mass": null,
              "provenance__molecular_weight": "periodic table",
              "provenance__smiles": null,
              "provenance__state_of_matter": "dummy estimator based on mw"
            },
            "notes": "making ClCCl solution for O=C(NCCN(CCO)CC1CC1)c1ccc(NS(=O)(=O)c2cccc3cccnc23)cc1"
          },
          "precedents": [
            "9deba53f-256b-40a2-a830-e7b778602031"
          ]
        }
      },
      "add_solutions": {
        "9642c44a-0d6b-456e-bd01-9f325a0bc102": {
          "identifier": "3f0968a4-6561-4357-9bce-dbd515b37830",
          "type": "TransferLiquid",
          "process_times": {},
          "from_reaction": "1b7cb1c1-e7d7-474c-b67a-07196e65b6d4",
          "annotations": {
            "chemical": {
              "identifier": "18b85e4c-0a30-4a04-9b52-c9e1cb44901e",
              "smiles": "ClCCl.O=C(O)O[Na]",
              "state_of_matter": "LIQUID",
              "molecular_weight": null,
              "density": 1.3565888481401096,
              "mass": 0.9131158907557289,
              "is_produced_by": [],
              "is_consumed_by": [
                "1b7cb1c1-e7d7-474c-b67a-07196e65b6d4"
              ],
              "provenance__density": "dummy estimator based on mw",
              "provenance__is_consumed_by": null,
              "provenance__is_produced_by": null,
              "provenance__mass": null,
              "provenance__molecular_weight": "periodic table",
              "provenance__smiles": null,
              "provenance__state_of_matter": "dummy estimator based on mw"
            },
            "notes": "add solution O=C(O)O[Na] in ClCCl"
          },
          "precedents": [
            "2fdc2d71-f292-4be1-b91e-8ffc265b9941"
          ]
        },
        "f851b392-38df-4d87-af50-2369e7fbeddf": {
          "identifier": "8f9a23be-9495-43a8-a142-a046ff0474b2",
          "type": "TransferLiquid",
          "process_times": {},
          "from_reaction": "1b7cb1c1-e7d7-474c-b67a-07196e65b6d4",
          "annotations": {
            "chemical": {
              "identifier": "fb9a1a24-8ed4-40b0-8d7b-29332795c9a3",
              "smiles": "ClCCl.CC(=O)OI1(OC(C)=O)(OC(C)=O)OC(=O)c2ccccc21",
              "state_of_matter": "LIQUID",
              "molecular_weight": null,
              "density": 1.3565888481401096,
              "mass": 4.61024187270213,
              "is_produced_by": [],
              "is_consumed_by": [
                "1b7cb1c1-e7d7-474c-b67a-07196e65b6d4"
              ],
              "provenance__density": "dummy estimator based on mw",
              "provenance__is_consumed_by": null,
              "provenance__is_produced_by": null,
              "provenance__mass": null,
              "provenance__molecular_weight": "periodic table",
              "provenance__smiles": null,
              "provenance__state_of_matter": "dummy estimator based on mw"
            },
            "notes": "add solution CC(=O)OI1(OC(C)=O)(OC(C)=O)OC(=O)c2ccccc21 in ClCCl"
          },
          "precedents": [
            "a4c61bfd-c237-49df-85a1-e15bc874ed6d"
          ]
        },
        "afaefb2e-5063-4b4d-bad1-eeb18b0e2ced": {
          "identifier": "c810e2d9-a8b5-4f9c-aa17-d2af4cb768b9",
          "type": "TransferLiquid",
          "process_times": {},
          "from_reaction": "1b7cb1c1-e7d7-474c-b67a-07196e65b6d4",
          "annotations": {
            "chemical": {
              "identifier": "857b0708-98be-4f74-bf5f-91302cb61b20",
              "smiles": "ClCCl.O=C(NCCN(CCO)CC1CC1)c1ccc(NS(=O)(=O)c2cccc3cccnc23)cc1",
              "state_of_matter": "LIQUID",
              "molecular_weight": null,
              "density": 1.3565888481401096,
              "mass": 5.093139236542144,
              "is_produced_by": [],
              "is_consumed_by": [
                "1b7cb1c1-e7d7-474c-b67a-07196e65b6d4"
              ],
              "provenance__density": "dummy estimator based on mw",
              "provenance__is_consumed_by": null,
              "provenance__is_produced_by": null,
              "provenance__mass": null,
              "provenance__molecular_weight": "periodic table",
              "provenance__smiles": null,
              "provenance__state_of_matter": "dummy estimator based on mw"
            },
            "notes": "add solution O=C(NCCN(CCO)CC1CC1)c1ccc(NS(=O)(=O)c2cccc3cccnc23)cc1 in ClCCl"
          },
          "precedents": [
            "502f8a97-bd1c-4f8a-a608-3727b5b9ee0d"
          ]
        }
      },
      "add_liquids": {},
      "heat": {
        "identifier": "3a966183-51eb-4372-89be-3389b99dee1c",
        "type": "Heating",
        "process_times": {},
        "from_reaction": "1b7cb1c1-e7d7-474c-b67a-07196e65b6d4",
        "annotations": {
          "temperature": 299.559163749218,
          "notes": "heating the reaction vessel to afford product: O=CCN(CCNC(=O)c1ccc(NS(=O)(=O)c2cccc3cccnc23)cc1)CC1CC1"
        },
        "precedents": [
          "3f0968a4-6561-4357-9bce-dbd515b37830",
          "8f9a23be-9495-43a8-a142-a046ff0474b2",
          "c810e2d9-a8b5-4f9c-aa17-d2af4cb768b9"
        ]
      },
      "concentrate_and_purify": {
        "identifier": "baaa6ba3-4201-4833-9c79-7a274260b4a1",
        "type": "ConcentrationAndPurification",
        "process_times": {},
        "from_reaction": "1b7cb1c1-e7d7-474c-b67a-07196e65b6d4",
        "annotations": {
          "chemical": {
            "identifier": "c1cfd703-e77d-4153-b364-f9a7ae638bc8",
            "smiles": "O=CCN(CCNC(=O)c1ccc(NS(=O)(=O)c2cccc3cccnc23)cc1)CC1CC1",
            "state_of_matter": "SOLID",
            "molecular_weight": 466.5526400000003,
            "density": 1.4,
            "mass": 4.665526400000003,
            "is_produced_by": [
              "1b7cb1c1-e7d7-474c-b67a-07196e65b6d4"
            ],
            "is_consumed_by": [],
            "provenance__density": "dummy estimator based on mw",
            "provenance__is_consumed_by": null,
            "provenance__is_produced_by": null,
            "provenance__mass": null,
            "provenance__molecular_weight": "periodic table",
            "provenance__smiles": null,
            "provenance__state_of_matter": "dummy estimator based on mw"
          },
          "notes": "purify and concentrate the product: O=CCN(CCNC(=O)c1ccc(NS(=O)(=O)c2cccc3cccnc23)cc1)CC1CC1"
        },
        "precedents": [
          "3a966183-51eb-4372-89be-3389b99dee1c"
        ]
      },
      "lmin": {
        "3a966183-51eb-4372-89be-3389b99dee1c": {
          "baaa6ba3-4201-4833-9c79-7a274260b4a1": 21.15489104293264
        }
      },
      "lmax": {
        "2fdc2d71-f292-4be1-b91e-8ffc265b9941": {
          "3a966183-51eb-4372-89be-3389b99dee1c": 56.88811959861877
        },
        "a4c61bfd-c237-49df-85a1-e15bc874ed6d": {
          "3a966183-51eb-4372-89be-3389b99dee1c": 72.62099856529684
        },
        "502f8a97-bd1c-4f8a-a608-3727b5b9ee0d": {
          "3a966183-51eb-4372-89be-3389b99dee1c": 70.42651201850984
        }
      }
    }
  ],
  "adjacency_data": {
    "directed": true,
    "multigraph": false,
    "graph": [],
    "nodes": [
      {
        "id": "5d30736a-0f62-4f71-873b-75766468ad08"
      },
      {
        "id": "1e454c9a-8231-4dcb-8429-e6cce0e3fe9d"
      },
      {
        "id": "11502d66-44f0-418f-ae5b-028ae859d64c"
      },
      {
        "id": "1f6fd2c6-0e14-4b22-996d-85fc0717c806"
      },
      {
        "id": "91e304e8-8ec2-4be6-ac3b-920d23dd1387"
      },
      {
        "id": "08937abb-7d59-412d-87c7-d5953c1652ab"
      },
      {
        "id": "2a7445db-8820-4a95-b69c-b09f5d7897a3"
      },
      {
        "id": "90f81e3e-e01e-49c5-8b45-13ff2ef905a4"
      },
      {
        "id": "78f85daf-3bde-4305-b6b4-144724bf2c81"
      },
      {
        "id": "867045b3-6eba-4ea0-b48b-00b6b468f37c"
      },
      {
        "id": "c85e3f81-88b1-425d-95f5-3f2759ff9270"
      },
      {
        "id": "7ab6f47b-a9cf-408a-9aba-3381b5007f4d"
      },
      {
        "id": "e99a0c50-a958-4b86-ba2b-6882060222eb"
      },
      {
        "id": "a948e2ef-5748-4352-b098-4b43ef0b942a"
      },
      {
        "id": "2c939024-13ad-4486-8b2e-00955988d998"
      },
      {
        "id": "b17aba1a-3c9e-4a3d-8e9b-3122ff0b7115"
      },
      {
        "id": "11885986-4812-45e8-a6c4-9e7a7c5da151"
      },
      {
        "id": "de71cf54-21aa-4774-ae59-5802d0cd64de"
      },
      {
        "id": "7d88af31-f452-45b2-a1e8-34fd1315f485"
      },
      {
        "id": "7c7a182d-83b1-445e-8969-9927e17fbe22"
      },
      {
        "id": "2c930c1c-f89f-44de-8e8c-671751c9e568"
      },
      {
        "id": "7626e66b-bd70-460d-990d-6663dd9e8103"
      },
      {
        "id": "a54d16f6-cfcc-4438-aecb-4e35ee988200"
      },
      {
        "id": "f741d851-51ad-4a69-8817-9dec5dfdc1c8"
      },
      {
        "id": "505a1878-74a1-4198-9f6f-77aa5caa3287"
      },
      {
        "id": "7e1c341c-bcba-4c7a-a266-42b9d9747f0d"
      },
      {
        "id": "0c288b11-837a-4eb3-82cd-6e08590df70d"
      },
      {
        "id": "0705a19c-25cc-4254-940e-ff5880f930a9"
      },
      {
        "id": "a6c8bf82-7ce4-47c1-ba30-d20089984263"
      },
      {
        "id": "2c458dee-4334-423b-9e24-fbe080c15d11"
      },
      {
        "id": "9deba53f-256b-40a2-a830-e7b778602031"
      },
      {
        "id": "502f8a97-bd1c-4f8a-a608-3727b5b9ee0d"
      },
      {
        "id": "2fdc2d71-f292-4be1-b91e-8ffc265b9941"
      },
      {
        "id": "3f0968a4-6561-4357-9bce-dbd515b37830"
      },
      {
        "id": "a4c61bfd-c237-49df-85a1-e15bc874ed6d"
      },
      {
        "id": "8f9a23be-9495-43a8-a142-a046ff0474b2"
      },
      {
        "id": "c810e2d9-a8b5-4f9c-aa17-d2af4cb768b9"
      },
      {
        "id": "3a966183-51eb-4372-89be-3389b99dee1c"
      },
      {
        "id": "baaa6ba3-4201-4833-9c79-7a274260b4a1"
      }
    ],
    "adjacency": [
      [
        {
          "lmin": 0,
          "lmax": Infinity,
          "id": "1e454c9a-8231-4dcb-8429-e6cce0e3fe9d"
        }
      ],
      [
        {
          "lmin": 0,
          "lmax": Infinity,
          "id": "11502d66-44f0-418f-ae5b-028ae859d64c"
        },
        {
          "lmax": 65.41666117917262,
          "id": "91e304e8-8ec2-4be6-ac3b-920d23dd1387"
        }
      ],
      [
        {
          "lmin": 0,
          "lmax": Infinity,
          "id": "91e304e8-8ec2-4be6-ac3b-920d23dd1387"
        }
      ],
      [
        {
          "lmin": 0,
          "lmax": Infinity,
          "id": "91e304e8-8ec2-4be6-ac3b-920d23dd1387"
        }
      ],
      [
        {
          "lmin": 43.6701729741697,
          "lmax": Infinity,
          "id": "08937abb-7d59-412d-87c7-d5953c1652ab"
        }
      ],
      [
        {
          "lmin": 0,
          "lmax": Infinity,
          "id": "7e1c341c-bcba-4c7a-a266-42b9d9747f0d"
        }
      ],
      [
        {
          "lmin": 0,
          "lmax": Infinity,
          "id": "90f81e3e-e01e-49c5-8b45-13ff2ef905a4"
        },
        {
          "lmax": 81.22646285045602,
          "id": "7ab6f47b-a9cf-408a-9aba-3381b5007f4d"
        }
      ],
      [
        {
          "lmin": 0,
          "lmax": Infinity,
          "id": "7ab6f47b-a9cf-408a-9aba-3381b5007f4d"
        }
      ],
      [
        {
          "lmin": 0,
          "lmax": Infinity,
          "id": "867045b3-6eba-4ea0-b48b-00b6b468f37c"
        },
        {
          "lmax": 37.94065686268479,
          "id": "7ab6f47b-a9cf-408a-9aba-3381b5007f4d"
        }
      ],
      [
        {
          "lmin": 0,
          "lmax": Infinity,
          "id": "7ab6f47b-a9cf-408a-9aba-3381b5007f4d"
        }
      ],
      [
        {
          "lmin": 0,
          "lmax": Infinity,
          "id": "7ab6f47b-a9cf-408a-9aba-3381b5007f4d"
        }
      ],
      [
        {
          "lmin": 54.59717707103038,
          "lmax": Infinity,
          "id": "a948e2ef-5748-4352-b098-4b43ef0b942a"
        }
      ],
      [
        {
          "lmin": 0,
          "lmax": Infinity,
          "id": "7ab6f47b-a9cf-408a-9aba-3381b5007f4d"
        }
      ],
      [
        {
          "lmin": 0,
          "lmax": Infinity,
          "id": "2c939024-13ad-4486-8b2e-00955988d998"
        }
      ],
      [
        {
          "lmin": 0,
          "lmax": Infinity,
          "id": "de71cf54-21aa-4774-ae59-5802d0cd64de"
        },
        {
          "lmax": 79.73416625745574,
          "id": "7c7a182d-83b1-445e-8969-9927e17fbe22"
        }
      ],
      [
        {
          "lmin": 0,
          "lmax": Infinity,
          "id": "11885986-4812-45e8-a6c4-9e7a7c5da151"
        },
        {
          "lmax": 74.90915287185518,
          "id": "7c7a182d-83b1-445e-8969-9927e17fbe22"
        }
      ],
      [
        {
          "lmin": 0,
          "lmax": Infinity,
          "id": "7c7a182d-83b1-445e-8969-9927e17fbe22"
        }
      ],
      [
        {
          "lmin": 0,
          "lmax": Infinity,
          "id": "7c7a182d-83b1-445e-8969-9927e17fbe22"
        }
      ],
      [
        {
          "lmin": 0,
          "lmax": Infinity,
          "id": "7c7a182d-83b1-445e-8969-9927e17fbe22"
        }
      ],
      [
        {
          "lmin": 25.514879073209023,
          "lmax": Infinity,
          "id": "5d30736a-0f62-4f71-873b-75766468ad08"
        }
      ],
      [
        {
          "lmin": 0,
          "lmax": Infinity,
          "id": "7626e66b-bd70-460d-990d-6663dd9e8103"
        },
        {
          "lmax": 65.67461558832653,
          "id": "f741d851-51ad-4a69-8817-9dec5dfdc1c8"
        }
      ],
      [
        {
          "lmin": 0,
          "lmax": Infinity,
          "id": "f741d851-51ad-4a69-8817-9dec5dfdc1c8"
        }
      ],
      [
        {
          "lmin": 0,
          "lmax": Infinity,
          "id": "f741d851-51ad-4a69-8817-9dec5dfdc1c8"
        }
      ],
      [
        {
          "lmin": 14.036155343623538,
          "lmax": Infinity,
          "id": "505a1878-74a1-4198-9f6f-77aa5caa3287"
        }
      ],
      [
        {
          "lmin": 0,
          "lmax": Infinity,
          "id": "7e1c341c-bcba-4c7a-a266-42b9d9747f0d"
        }
      ],
      [
        {
          "lmin": 0,
          "lmax": Infinity,
          "id": "0c288b11-837a-4eb3-82cd-6e08590df70d"
        },
        {
          "lmax": 39.604786741472466,
          "id": "a6c8bf82-7ce4-47c1-ba30-d20089984263"
        }
      ],
      [
        {
          "lmin": 0,
          "lmax": Infinity,
          "id": "a6c8bf82-7ce4-47c1-ba30-d20089984263"
        }
      ],
      [
        {
          "lmin": 0,
          "lmax": Infinity,
          "id": "a6c8bf82-7ce4-47c1-ba30-d20089984263"
        }
      ],
      [
        {
          "lmin": 44.929134448767336,
          "lmax": Infinity,
          "id": "9deba53f-256b-40a2-a830-e7b778602031"
        }
      ],
      [
        {
          "lmin": 0,
          "lmax": Infinity,
          "id": "a6c8bf82-7ce4-47c1-ba30-d20089984263"
        }
      ],
      [
        {
          "lmin": 0,
          "lmax": Infinity,
          "id": "502f8a97-bd1c-4f8a-a608-3727b5b9ee0d"
        }
      ],
      [
        {
          "lmin": 0,
          "lmax": Infinity,
          "id": "c810e2d9-a8b5-4f9c-aa17-d2af4cb768b9"
        },
        {
          "lmax": 70.42651201850984,
          "id": "3a966183-51eb-4372-89be-3389b99dee1c"
        }
      ],
      [
        {
          "lmin": 0,
          "lmax": Infinity,
          "id": "3f0968a4-6561-4357-9bce-dbd515b37830"
        },
        {
          "lmax": 56.88811959861877,
          "id": "3a966183-51eb-4372-89be-3389b99dee1c"
        }
      ],
      [
        {
          "lmin": 0,
          "lmax": Infinity,
          "id": "3a966183-51eb-4372-89be-3389b99dee1c"
        }
      ],
      [
        {
          "lmin": 0,
          "lmax": Infinity,
          "id": "8f9a23be-9495-43a8-a142-a046ff0474b2"
        },
        {
          "lmax": 72.62099856529684,
          "id": "3a966183-51eb-4372-89be-3389b99dee1c"
        }
      ],
      [
        {
          "lmin": 0,
          "lmax": Infinity,
          "id": "3a966183-51eb-4372-89be-3389b99dee1c"
        }
      ],
      [
        {
          "lmin": 0,
          "lmax": Infinity,
          "id": "3a966183-51eb-4372-89be-3389b99dee1c"
        }
      ],
      [
        {
          "lmin": 21.15489104293264,
          "lmax": Infinity,
          "id": "baaa6ba3-4201-4833-9c79-7a274260b4a1"
        }
      ],
      []
    ]
  }
}