{
  "identifier": "79f4958b-0982-4989-9a04-00a1a5f4ff3d",
  "chemical_reactions": [
    {
      "identifier": "0d7e1eb2-af24-4ee2-b1eb-e04188482e36",
      "reactants": [
        {
          "identifier": "e0bdaba4-1e66-444f-a597-fbabd5d17eaf",
          "smiles": "CC(C)(C)OC(=O)NCCN(CCO)CC1CC1",
          "state_of_matter": "SOLID",
          "molecular_weight": 258.3571399999998,
          "density": 1.4,
          "mass": 258.3571399999998,
          "is_produced_by": [],
          "is_consumed_by": [
            "0d7e1eb2-af24-4ee2-b1eb-e04188482e36"
          ],
          "provenance__density": "dummy estimator based on mw",
          "provenance__is_consumed_by": null,
          "provenance__is_produced_by": null,
          "provenance__mass": null,
          "provenance__molecular_weight": "periodic table",
          "provenance__smiles": null,
          "provenance__state_of_matter": "dummy estimator based on mw"
        }
      ],
      "reagents": [
        {
          "identifier": "f029520a-3205-4649-9b0e-9fb10b63660b",
          "smiles": "Cl",
          "state_of_matter": "LIQUID",
          "molecular_weight": 36.46094,
          "density": 1.0,
          "mass": 36.46094,
          "is_produced_by": [],
          "is_consumed_by": [
            "0d7e1eb2-af24-4ee2-b1eb-e04188482e36"
          ],
          "provenance__density": "dummy estimator based on mw",
          "provenance__is_consumed_by": null,
          "provenance__is_produced_by": null,
          "provenance__mass": null,
          "provenance__molecular_weight": "periodic table",
          "provenance__smiles": null,
          "provenance__state_of_matter": "dummy estimator based on mw"
        },
        {
          "identifier": "ba1e804d-7d43-4bed-a7b1-2b52d3430cb9",
          "smiles": "C1COCCO1",
          "state_of_matter": "LIQUID",
          "molecular_weight": 88.10512000000004,
          "density": 1.0,
          "mass": 88.10512000000004,
          "is_produced_by": [],
          "is_consumed_by": [
            "0d7e1eb2-af24-4ee2-b1eb-e04188482e36"
          ],
          "provenance__density": "dummy estimator based on mw",
          "provenance__is_consumed_by": null,
          "provenance__is_produced_by": null,
          "provenance__mass": null,
          "provenance__molecular_weight": "periodic table",
          "provenance__smiles": null,
          "provenance__state_of_matter": "dummy estimator based on mw"
        }
      ],
      "products": [
        {
          "identifier": "07e46fe6-7dd7-41ce-a274-7a5036dd8ef0",
          "smiles": "NCCN(CCO)CC1CC1",
          "state_of_matter": "LIQUID",
          "molecular_weight": 158.2413199999998,
          "density": 1.0,
          "mass": 158.2413199999998,
          "is_produced_by": [
            "0d7e1eb2-af24-4ee2-b1eb-e04188482e36"
          ],
          "is_consumed_by": [],
          "provenance__density": "dummy estimator based on mw",
          "provenance__is_consumed_by": null,
          "provenance__is_produced_by": null,
          "provenance__mass": null,
          "provenance__molecular_weight": "periodic table",
          "provenance__smiles": null,
          "provenance__state_of_matter": "dummy estimator based on mw"
        }
      ],
      "stoichiometry": {
        "e0bdaba4-1e66-444f-a597-fbabd5d17eaf": 1.0,
        "07e46fe6-7dd7-41ce-a274-7a5036dd8ef0": -1.0
      },
      "temperature": 295.06736369132994,
      "intended_ratios": {
        "e0bdaba4-1e66-444f-a597-fbabd5d17eaf": 1.0,
        "f029520a-3205-4649-9b0e-9fb10b63660b": 1.0,
        "ba1e804d-7d43-4bed-a7b1-2b52d3430cb9": 1.0
      },
      "expected_yields": {
        "07e46fe6-7dd7-41ce-a274-7a5036dd8ef0": 1.0
      },
      "reaction_extent": 1.0
    },
    {
      "identifier": "9e008d55-df41-4500-ba1a-045c3cc30570",
      "reactants": [
        {
          "identifier": "dacff690-28c0-4e3f-82f3-d3b9a99ba5ba",
          "smiles": "CC(C)(C)OC(=O)NCCN",
          "state_of_matter": "LIQUID",
          "molecular_weight": 160.21413999999984,
          "density": 1.0,
          "mass": 160.21413999999984,
          "is_produced_by": [],
          "is_consumed_by": [
            "9e008d55-df41-4500-ba1a-045c3cc30570"
          ],
          "provenance__density": "dummy estimator based on mw",
          "provenance__is_consumed_by": null,
          "provenance__is_produced_by": null,
          "provenance__mass": null,
          "provenance__molecular_weight": "periodic table",
          "provenance__smiles": null,
          "provenance__state_of_matter": "dummy estimator based on mw"
        },
        {
          "identifier": "91ec23d7-2375-4b09-a246-89ed82d6f671",
          "smiles": "O=CC1CC1",
          "state_of_matter": "LIQUID",
          "molecular_weight": 70.08984000000004,
          "density": 1.0,
          "mass": 70.08984000000004,
          "is_produced_by": [],
          "is_consumed_by": [
            "9e008d55-df41-4500-ba1a-045c3cc30570"
          ],
          "provenance__density": "dummy estimator based on mw",
          "provenance__is_consumed_by": null,
          "provenance__is_produced_by": null,
          "provenance__mass": null,
          "provenance__molecular_weight": "periodic table",
          "provenance__smiles": null,
          "provenance__state_of_matter": "dummy estimator based on mw"
        }
      ],
      "reagents": [
        {
          "identifier": "c629ca34-dc4b-4b95-b229-5d3d0d04a6a2",
          "smiles": "O[Na]",
          "state_of_matter": "SOLID",
          "molecular_weight": 39.99711,
          "density": 1.4,
          "mass": 39.99711,
          "is_produced_by": [],
          "is_consumed_by": [
            "9e008d55-df41-4500-ba1a-045c3cc30570"
          ],
          "provenance__density": "dummy estimator based on mw",
          "provenance__is_consumed_by": null,
          "provenance__is_produced_by": null,
          "provenance__mass": null,
          "provenance__molecular_weight": "periodic table",
          "provenance__smiles": null,
          "provenance__state_of_matter": "dummy estimator based on mw"
        },
        {
          "identifier": "2a332a2d-04b2-4cd1-a6f7-d4c5c96557df",
          "smiles": "ClCCCl",
          "state_of_matter": "LIQUID",
          "molecular_weight": 98.95916000000003,
          "density": 1.0,
          "mass": 98.95916000000003,
          "is_produced_by": [],
          "is_consumed_by": [
            "9e008d55-df41-4500-ba1a-045c3cc30570"
          ],
          "provenance__density": "dummy estimator based on mw",
          "provenance__is_consumed_by": null,
          "provenance__is_produced_by": null,
          "provenance__mass": null,
          "provenance__molecular_weight": "periodic table",
          "provenance__smiles": null,
          "provenance__state_of_matter": "dummy estimator based on mw"
        },
        {
          "identifier": "64bf022b-fdbb-45f0-9e57-def662fc587b",
          "smiles": "CC(=O)O[BH-](OC(C)=O)OC(C)=O.[Na+]",
          "state_of_matter": "SOLID",
          "molecular_weight": 211.94076999999987,
          "density": 1.4,
          "mass": 211.94076999999987,
          "is_produced_by": [],
          "is_consumed_by": [
            "9e008d55-df41-4500-ba1a-045c3cc30570"
          ],
          "provenance__density": "dummy estimator based on mw",
          "provenance__is_consumed_by": null,
          "provenance__is_produced_by": null,
          "provenance__mass": null,
          "provenance__molecular_weight": "periodic table",
          "provenance__smiles": null,
          "provenance__state_of_matter": "dummy estimator based on mw"
        }
      ],
      "products": [
        {
          "identifier": "0c75d4df-48bf-4ca6-a601-da3a2e433a97",
          "smiles": "CC(C)(C)OC(=O)NCCNCC1CC1",
          "state_of_matter": "SOLID",
          "molecular_weight": 214.30457999999976,
          "density": 1.4,
          "mass": 214.30457999999976,
          "is_produced_by": [
            "9e008d55-df41-4500-ba1a-045c3cc30570"
          ],
          "is_consumed_by": [],
          "provenance__density": "dummy estimator based on mw",
          "provenance__is_consumed_by": null,
          "provenance__is_produced_by": null,
          "provenance__mass": null,
          "provenance__molecular_weight": "periodic table",
          "provenance__smiles": null,
          "provenance__state_of_matter": "dummy estimator based on mw"
        }
      ],
      "stoichiometry": {
        "dacff690-28c0-4e3f-82f3-d3b9a99ba5ba": 1.0,
        "91ec23d7-2375-4b09-a246-89ed82d6f671": 1.0,
        "0c75d4df-48bf-4ca6-a601-da3a2e433a97": -1.0
      },
      "temperature": 317.3727363824844,
      "intended_ratios": {
        "dacff690-28c0-4e3f-82f3-d3b9a99ba5ba": 1.0,
        "91ec23d7-2375-4b09-a246-89ed82d6f671": 1.0,
        "c629ca34-dc4b-4b95-b229-5d3d0d04a6a2": 1.0,
        "2a332a2d-04b2-4cd1-a6f7-d4c5c96557df": 1.0,
        "64bf022b-fdbb-45f0-9e57-def662fc587b": 1.0
      },
      "expected_yields": {
        "0c75d4df-48bf-4ca6-a601-da3a2e433a97": 1.0
      },
      "reaction_extent": 1.0
    },
    {
      "identifier": "4e497a05-8cb3-429e-a039-14870cf19a6e",
      "reactants": [
        {
          "identifier": "00df954a-ca0a-474c-befa-81d60bc7dfd3",
          "smiles": "CC(C)(C)OC(=O)NCCNCC1CC1",
          "state_of_matter": "SOLID",
          "molecular_weight": 214.30457999999976,
          "density": 1.4,
          "mass": 214.30457999999976,
          "is_produced_by": [],
          "is_consumed_by": [
            "4e497a05-8cb3-429e-a039-14870cf19a6e"
          ],
          "provenance__density": "dummy estimator based on mw",
          "provenance__is_consumed_by": null,
          "provenance__is_produced_by": null,
          "provenance__mass": null,
          "provenance__molecular_weight": "periodic table",
          "provenance__smiles": null,
          "provenance__state_of_matter": "dummy estimator based on mw"
        },
        {
          "identifier": "229b20fc-1400-4276-bd6d-75123b00943a",
          "smiles": "OCCBr",
          "state_of_matter": "LIQUID",
          "molecular_weight": 124.96450000000003,
          "density": 1.0,
          "mass": 124.96450000000003,
          "is_produced_by": [],
          "is_consumed_by": [
            "4e497a05-8cb3-429e-a039-14870cf19a6e"
          ],
          "provenance__density": "dummy estimator based on mw",
          "provenance__is_consumed_by": null,
          "provenance__is_produced_by": null,
          "provenance__mass": null,
          "provenance__molecular_weight": "periodic table",
          "provenance__smiles": null,
          "provenance__state_of_matter": "dummy estimator based on mw"
        }
      ],
      "reagents": [
        {
          "identifier": "da30fd65-67fa-4a5c-a9ff-a39eb6bec6e8",
          "smiles": "CC#N",
          "state_of_matter": "LIQUID",
          "molecular_weight": 41.051919999999996,
          "density": 1.0,
          "mass": 41.051919999999996,
          "is_produced_by": [],
          "is_consumed_by": [
            "4e497a05-8cb3-429e-a039-14870cf19a6e"
          ],
          "provenance__density": "dummy estimator based on mw",
          "provenance__is_consumed_by": null,
          "provenance__is_produced_by": null,
          "provenance__mass": null,
          "provenance__molecular_weight": "periodic table",
          "provenance__smiles": null,
          "provenance__state_of_matter": "dummy estimator based on mw"
        },
        {
          "identifier": "bb54bd1f-0a2f-4ec5-9440-bb3e21a91a42",
          "smiles": "O=C(O[K])O[K]",
          "state_of_matter": "SOLID",
          "molecular_weight": 138.2055,
          "density": 1.4,
          "mass": 138.2055,
          "is_produced_by": [],
          "is_consumed_by": [
            "4e497a05-8cb3-429e-a039-14870cf19a6e"
          ],
          "provenance__density": "dummy estimator based on mw",
          "provenance__is_consumed_by": null,
          "provenance__is_produced_by": null,
          "provenance__mass": null,
          "provenance__molecular_weight": "periodic table",
          "provenance__smiles": null,
          "provenance__state_of_matter": "dummy estimator based on mw"
        }
      ],
      "products": [
        {
          "identifier": "b9a18850-6bf9-4df0-949c-f0d439501419",
          "smiles": "CC(C)(C)OC(=O)NCCN(CCO)CC1CC1",
          "state_of_matter": "SOLID",
          "molecular_weight": 258.3571399999998,
          "density": 1.4,
          "mass": 258.3571399999998,
          "is_produced_by": [
            "4e497a05-8cb3-429e-a039-14870cf19a6e"
          ],
          "is_consumed_by": [],
          "provenance__density": "dummy estimator based on mw",
          "provenance__is_consumed_by": null,
          "provenance__is_produced_by": null,
          "provenance__mass": null,
          "provenance__molecular_weight": "periodic table",
          "provenance__smiles": null,
          "provenance__state_of_matter": "dummy estimator based on mw"
        }
      ],
      "stoichiometry": {
        "00df954a-ca0a-474c-befa-81d60bc7dfd3": 1.0,
        "229b20fc-1400-4276-bd6d-75123b00943a": 1.0,
        "b9a18850-6bf9-4df0-949c-f0d439501419": -1.0
      },
      "temperature": 294.64868127107616,
      "intended_ratios": {
        "00df954a-ca0a-474c-befa-81d60bc7dfd3": 1.0,
        "229b20fc-1400-4276-bd6d-75123b00943a": 1.0,
        "da30fd65-67fa-4a5c-a9ff-a39eb6bec6e8": 1.0,
        "bb54bd1f-0a2f-4ec5-9440-bb3e21a91a42": 1.0
      },
      "expected_yields": {
        "b9a18850-6bf9-4df0-949c-f0d439501419": 1.0
      },
      "reaction_extent": 1.0
    },
    {
      "identifier": "9072f299-ff2b-4f57-b255-377da2466955",
      "reactants": [
        {
          "identifier": "3bfa6765-6608-4db8-bd24-ada0391c58b3",
          "smiles": "COC(=O)c1ccc(N)cc1",
          "state_of_matter": "LIQUID",
          "molecular_weight": 151.1625599999999,
          "density": 1.0,
          "mass": 151.1625599999999,
          "is_produced_by": [],
          "is_consumed_by": [
            "9072f299-ff2b-4f57-b255-377da2466955"
          ],
          "provenance__density": "dummy estimator based on mw",
          "provenance__is_consumed_by": null,
          "provenance__is_produced_by": null,
          "provenance__mass": null,
          "provenance__molecular_weight": "periodic table",
          "provenance__smiles": null,
          "provenance__state_of_matter": "dummy estimator based on mw"
        },
        {
          "identifier": "42baa7cd-a32b-445c-a491-3c31872da7a8",
          "smiles": "O=S(=O)(Cl)c1cccc2cccnc12",
          "state_of_matter": "SOLID",
          "molecular_weight": 227.66743999999989,
          "density": 1.4,
          "mass": 227.66743999999989,
          "is_produced_by": [],
          "is_consumed_by": [
            "9072f299-ff2b-4f57-b255-377da2466955"
          ],
          "provenance__density": "dummy estimator based on mw",
          "provenance__is_consumed_by": null,
          "provenance__is_produced_by": null,
          "provenance__mass": null,
          "provenance__molecular_weight": "periodic table",
          "provenance__smiles": null,
          "provenance__state_of_matter": "dummy estimator based on mw"
        }
      ],
      "reagents": [
        {
          "identifier": "e19c8ef6-ba95-4f32-850c-c4ce89aadebe",
          "smiles": "c1ccncc1",
          "state_of_matter": "LIQUID",
          "molecular_weight": 79.09990000000003,
          "density": 1.0,
          "mass": 79.09990000000003,
          "is_produced_by": [],
          "is_consumed_by": [
            "9072f299-ff2b-4f57-b255-377da2466955"
          ],
          "provenance__density": "dummy estimator based on mw",
          "provenance__is_consumed_by": null,
          "provenance__is_produced_by": null,
          "provenance__mass": null,
          "provenance__molecular_weight": "periodic table",
          "provenance__smiles": null,
          "provenance__state_of_matter": "dummy estimator based on mw"
        }
      ],
      "products": [
        {
          "identifier": "79bee300-70c4-442a-aec7-136829c94b55",
          "smiles": "COC(=O)c1ccc(NS(=O)(=O)c2cccc3cccnc23)cc1",
          "state_of_matter": "SOLID",
          "molecular_weight": 342.36906000000016,
          "density": 1.4,
          "mass": 342.36906000000016,
          "is_produced_by": [
            "9072f299-ff2b-4f57-b255-377da2466955"
          ],
          "is_consumed_by": [],
          "provenance__density": "dummy estimator based on mw",
          "provenance__is_consumed_by": null,
          "provenance__is_produced_by": null,
          "provenance__mass": null,
          "provenance__molecular_weight": "periodic table",
          "provenance__smiles": null,
          "provenance__state_of_matter": "dummy estimator based on mw"
        }
      ],
      "stoichiometry": {
        "3bfa6765-6608-4db8-bd24-ada0391c58b3": 1.0,
        "42baa7cd-a32b-445c-a491-3c31872da7a8": 1.0,
        "79bee300-70c4-442a-aec7-136829c94b55": -1.0
      },
      "temperature": 313.1208207070827,
      "intended_ratios": {
        "3bfa6765-6608-4db8-bd24-ada0391c58b3": 1.0,
        "42baa7cd-a32b-445c-a491-3c31872da7a8": 1.0,
        "e19c8ef6-ba95-4f32-850c-c4ce89aadebe": 1.0
      },
      "expected_yields": {
        "79bee300-70c4-442a-aec7-136829c94b55": 1.0
      },
      "reaction_extent": 1.0
    },
    {
      "identifier": "2369008e-7c5b-4e59-9296-0fe2ce5a0b3e",
      "reactants": [
        {
          "identifier": "7147684a-0df4-4e47-bbeb-3e9ee4490533",
          "smiles": "COC(=O)c1ccc(NS(=O)(=O)c2cccc3cccnc23)cc1",
          "state_of_matter": "SOLID",
          "molecular_weight": 342.36906000000016,
          "density": 1.4,
          "mass": 342.36906000000016,
          "is_produced_by": [],
          "is_consumed_by": [
            "2369008e-7c5b-4e59-9296-0fe2ce5a0b3e"
          ],
          "provenance__density": "dummy estimator based on mw",
          "provenance__is_consumed_by": null,
          "provenance__is_produced_by": null,
          "provenance__mass": null,
          "provenance__molecular_weight": "periodic table",
          "provenance__smiles": null,
          "provenance__state_of_matter": "dummy estimator based on mw"
        },
        {
          "identifier": "5b066a4f-233f-436a-a1ef-38e8b0456501",
          "smiles": "NCCN(CCO)CC1CC1",
          "state_of_matter": "LIQUID",
          "molecular_weight": 158.2413199999998,
          "density": 1.0,
          "mass": 158.2413199999998,
          "is_produced_by": [],
          "is_consumed_by": [
            "2369008e-7c5b-4e59-9296-0fe2ce5a0b3e"
          ],
          "provenance__density": "dummy estimator based on mw",
          "provenance__is_consumed_by": null,
          "provenance__is_produced_by": null,
          "provenance__mass": null,
          "provenance__molecular_weight": "periodic table",
          "provenance__smiles": null,
          "provenance__state_of_matter": "dummy estimator based on mw"
        }
      ],
      "reagents": [
        {
          "identifier": "00f237c2-6156-4d85-82ae-5958b90a78b7",
          "smiles": "Cc1ccccc1",
          "state_of_matter": "LIQUID",
          "molecular_weight": 92.13842000000004,
          "density": 1.0,
          "mass": 92.13842000000004,
          "is_produced_by": [],
          "is_consumed_by": [
            "2369008e-7c5b-4e59-9296-0fe2ce5a0b3e"
          ],
          "provenance__density": "dummy estimator based on mw",
          "provenance__is_consumed_by": null,
          "provenance__is_produced_by": null,
          "provenance__mass": null,
          "provenance__molecular_weight": "periodic table",
          "provenance__smiles": null,
          "provenance__state_of_matter": "dummy estimator based on mw"
        },
        {
          "identifier": "0fbd4b9d-e112-4e13-9500-8b5df180c4c0",
          "smiles": "C[Al](C)C",
          "state_of_matter": "LIQUID",
          "molecular_weight": 72.08509800000004,
          "density": 1.0,
          "mass": 72.08509800000004,
          "is_produced_by": [],
          "is_consumed_by": [
            "2369008e-7c5b-4e59-9296-0fe2ce5a0b3e"
          ],
          "provenance__density": "dummy estimator based on mw",
          "provenance__is_consumed_by": null,
          "provenance__is_produced_by": null,
          "provenance__mass": null,
          "provenance__molecular_weight": "periodic table",
          "provenance__smiles": null,
          "provenance__state_of_matter": "dummy estimator based on mw"
        }
      ],
      "products": [
        {
          "identifier": "dba33197-c5a4-4d44-b942-d39b111d7654",
          "smiles": "O=C(NCCN(CCO)CC1CC1)c1ccc(NS(=O)(=O)c2cccc3cccnc23)cc1",
          "state_of_matter": "SOLID",
          "molecular_weight": 468.5685200000002,
          "density": 1.4,
          "mass": 468.5685200000002,
          "is_produced_by": [
            "2369008e-7c5b-4e59-9296-0fe2ce5a0b3e"
          ],
          "is_consumed_by": [],
          "provenance__density": "dummy estimator based on mw",
          "provenance__is_consumed_by": null,
          "provenance__is_produced_by": null,
          "provenance__mass": null,
          "provenance__molecular_weight": "periodic table",
          "provenance__smiles": null,
          "provenance__state_of_matter": "dummy estimator based on mw"
        }
      ],
      "stoichiometry": {
        "7147684a-0df4-4e47-bbeb-3e9ee4490533": 1.0,
        "5b066a4f-233f-436a-a1ef-38e8b0456501": 1.0,
        "dba33197-c5a4-4d44-b942-d39b111d7654": -1.0
      },
      "temperature": 324.87014089822765,
      "intended_ratios": {
        "7147684a-0df4-4e47-bbeb-3e9ee4490533": 1.0,
        "5b066a4f-233f-436a-a1ef-38e8b0456501": 1.0,
        "00f237c2-6156-4d85-82ae-5958b90a78b7": 1.0,
        "0fbd4b9d-e112-4e13-9500-8b5df180c4c0": 1.0
      },
      "expected_yields": {
        "dba33197-c5a4-4d44-b942-d39b111d7654": 1.0
      },
      "reaction_extent": 1.0
    },
    {
      "identifier": "1b7cb1c1-e7d7-474c-b67a-07196e65b6d4",
      "reactants": [
        {
          "identifier": "afaefb2e-5063-4b4d-bad1-eeb18b0e2ced",
          "smiles": "O=C(NCCN(CCO)CC1CC1)c1ccc(NS(=O)(=O)c2cccc3cccnc23)cc1",
          "state_of_matter": "SOLID",
          "molecular_weight": 468.5685200000002,
          "density": 1.4,
          "mass": 468.5685200000002,
          "is_produced_by": [],
          "is_consumed_by": [
            "1b7cb1c1-e7d7-474c-b67a-07196e65b6d4"
          ],
          "provenance__density": "dummy estimator based on mw",
          "provenance__is_consumed_by": null,
          "provenance__is_produced_by": null,
          "provenance__mass": null,
          "provenance__molecular_weight": "periodic table",
          "provenance__smiles": null,
          "provenance__state_of_matter": "dummy estimator based on mw"
        }
      ],
      "reagents": [
        {
          "identifier": "45817f63-ded9-4a59-a404-8f4889caa8c6",
          "smiles": "ClCCl",
          "state_of_matter": "LIQUID",
          "molecular_weight": 84.93258000000002,
          "density": 1.0,
          "mass": 84.93258000000002,
          "is_produced_by": [],
          "is_consumed_by": [
            "1b7cb1c1-e7d7-474c-b67a-07196e65b6d4"
          ],
          "provenance__density": "dummy estimator based on mw",
          "provenance__is_consumed_by": null,
          "provenance__is_produced_by": null,
          "provenance__mass": null,
          "provenance__molecular_weight": "periodic table",
          "provenance__smiles": null,
          "provenance__state_of_matter": "dummy estimator based on mw"
        },
        {
          "identifier": "9642c44a-0d6b-456e-bd01-9f325a0bc102",
          "smiles": "O=C(O)O[Na]",
          "state_of_matter": "SOLID",
          "molecular_weight": 84.00661000000001,
          "density": 1.4,
          "mass": 84.00661000000001,
          "is_produced_by": [],
          "is_consumed_by": [
            "1b7cb1c1-e7d7-474c-b67a-07196e65b6d4"
          ],
          "provenance__density": "dummy estimator based on mw",
          "provenance__is_consumed_by": null,
          "provenance__is_produced_by": null,
          "provenance__mass": null,
          "provenance__molecular_weight": "periodic table",
          "provenance__smiles": null,
          "provenance__state_of_matter": "dummy estimator based on mw"
        },
        {
          "identifier": "f851b392-38df-4d87-af50-2369e7fbeddf",
          "smiles": "CC(=O)OI1(OC(C)=O)(OC(C)=O)OC(=O)c2ccccc21",
          "state_of_matter": "SOLID",
          "molecular_weight": 424.1419900000001,
          "density": 1.4,
          "mass": 424.1419900000001,
          "is_produced_by": [],
          "is_consumed_by": [
            "1b7cb1c1-e7d7-474c-b67a-07196e65b6d4"
          ],
          "provenance__density": "dummy estimator based on mw",
          "provenance__is_consumed_by": null,
          "provenance__is_produced_by": null,
          "provenance__mass": null,
          "provenance__molecular_weight": "periodic table",
          "provenance__smiles": null,
          "provenance__state_of_matter": "dummy estimator based on mw"
        }
      ],
      "products": [
        {
          "identifier": "c1cfd703-e77d-4153-b364-f9a7ae638bc8",
          "smiles": "O=CCN(CCNC(=O)c1ccc(NS(=O)(=O)c2cccc3cccnc23)cc1)CC1CC1",
          "state_of_matter": "SOLID",
          "molecular_weight": 466.5526400000003,
          "density": 1.4,
          "mass": 466.5526400000003,
          "is_produced_by": [
            "1b7cb1c1-e7d7-474c-b67a-07196e65b6d4"
          ],
          "is_consumed_by": [],
          "provenance__density": "dummy estimator based on mw",
          "provenance__is_consumed_by": null,
          "provenance__is_produced_by": null,
          "provenance__mass": null,
          "provenance__molecular_weight": "periodic table",
          "provenance__smiles": null,
          "provenance__state_of_matter": "dummy estimator based on mw"
        }
      ],
      "stoichiometry": {
        "afaefb2e-5063-4b4d-bad1-eeb18b0e2ced": 1.0,
        "c1cfd703-e77d-4153-b364-f9a7ae638bc8": -1.0
      },
      "temperature": 299.559163749218,
      "intended_ratios": {
        "afaefb2e-5063-4b4d-bad1-eeb18b0e2ced": 1.0,
        "45817f63-ded9-4a59-a404-8f4889caa8c6": 1.0,
        "9642c44a-0d6b-456e-bd01-9f325a0bc102": 1.0,
        "f851b392-38df-4d87-af50-2369e7fbeddf": 1.0
      },
      "expected_yields": {
        "c1cfd703-e77d-4153-b364-f9a7ae638bc8": 1.0
      },
      "reaction_extent": 1.0
    }
  ],
  "molecular_nodes": [
    "C1COCCO1",
    "CC#N",
    "CC(=O)OI1(OC(C)=O)(OC(C)=O)OC(=O)c2ccccc21",
    "CC(=O)O[BH-](OC(C)=O)OC(C)=O.[Na+]",
    "CC(C)(C)OC(=O)NCCN",
    "CC(C)(C)OC(=O)NCCN(CCO)CC1CC1",
    "CC(C)(C)OC(=O)NCCNCC1CC1",
    "COC(=O)c1ccc(N)cc1",
    "COC(=O)c1ccc(NS(=O)(=O)c2cccc3cccnc23)cc1",
    "C[Al](C)C",
    "Cc1ccccc1",
    "Cl",
    "ClCCCl",
    "ClCCl",
    "NCCN(CCO)CC1CC1",
    "O=C(NCCN(CCO)CC1CC1)c1ccc(NS(=O)(=O)c2cccc3cccnc23)cc1",
    "O=C(O)O[Na]",
    "O=C(O[K])O[K]",
    "O=CC1CC1",
    "O=CCN(CCNC(=O)c1ccc(NS(=O)(=O)c2cccc3cccnc23)cc1)CC1CC1",
    "O=S(=O)(Cl)c1cccc2cccnc12",
    "OCCBr",
    "O[Na]",
    "c1ccncc1"
  ],
  "edges": [
    [
      "0d7e1eb2-af24-4ee2-b1eb-e04188482e36",
      "NCCN(CCO)CC1CC1"
    ],
    [
      "1b7cb1c1-e7d7-474c-b67a-07196e65b6d4",
      "O=CCN(CCNC(=O)c1ccc(NS(=O)(=O)c2cccc3cccnc23)cc1)CC1CC1"
    ],
    [
      "2369008e-7c5b-4e59-9296-0fe2ce5a0b3e",
      "O=C(NCCN(CCO)CC1CC1)c1ccc(NS(=O)(=O)c2cccc3cccnc23)cc1"
    ],
    [
      "4e497a05-8cb3-429e-a039-14870cf19a6e",
      "CC(C)(C)OC(=O)NCCN(CCO)CC1CC1"
    ],
    [
      "9072f299-ff2b-4f57-b255-377da2466955",
      "COC(=O)c1ccc(NS(=O)(=O)c2cccc3cccnc23)cc1"
    ],
    [
      "9e008d55-df41-4500-ba1a-045c3cc30570",
      "CC(C)(C)OC(=O)NCCNCC1CC1"
    ],
    [
      "C1COCCO1",
      "0d7e1eb2-af24-4ee2-b1eb-e04188482e36"
    ],
    [
      "CC#N",
      "4e497a05-8cb3-429e-a039-14870cf19a6e"
    ],
    [
      "CC(=O)OI1(OC(C)=O)(OC(C)=O)OC(=O)c2ccccc21",
      "1b7cb1c1-e7d7-474c-b67a-07196e65b6d4"
    ],
    [
      "CC(=O)O[BH-](OC(C)=O)OC(C)=O.[Na+]",
      "9e008d55-df41-4500-ba1a-045c3cc30570"
    ],
    [
      "CC(C)(C)OC(=O)NCCN",
      "9e008d55-df41-4500-ba1a-045c3cc30570"
    ],
    [
      "CC(C)(C)OC(=O)NCCN(CCO)CC1CC1",
      "0d7e1eb2-af24-4ee2-b1eb-e04188482e36"
    ],
    [
      "CC(C)(C)OC(=O)NCCNCC1CC1",
      "4e497a05-8cb3-429e-a039-14870cf19a6e"
    ],
    [
      "COC(=O)c1ccc(N)cc1",
      "9072f299-ff2b-4f57-b255-377da2466955"
    ],
    [
      "COC(=O)c1ccc(NS(=O)(=O)c2cccc3cccnc23)cc1",
      "2369008e-7c5b-4e59-9296-0fe2ce5a0b3e"
    ],
    [
      "C[Al](C)C",
      "2369008e-7c5b-4e59-9296-0fe2ce5a0b3e"
    ],
    [
      "Cc1ccccc1",
      "2369008e-7c5b-4e59-9296-0fe2ce5a0b3e"
    ],
    [
      "Cl",
      "0d7e1eb2-af24-4ee2-b1eb-e04188482e36"
    ],
    [
      "ClCCCl",
      "9e008d55-df41-4500-ba1a-045c3cc30570"
    ],
    [
      "ClCCl",
      "1b7cb1c1-e7d7-474c-b67a-07196e65b6d4"
    ],
    [
      "NCCN(CCO)CC1CC1",
      "2369008e-7c5b-4e59-9296-0fe2ce5a0b3e"
    ],
    [
      "O=C(NCCN(CCO)CC1CC1)c1ccc(NS(=O)(=O)c2cccc3cccnc23)cc1",
      "1b7cb1c1-e7d7-474c-b67a-07196e65b6d4"
    ],
    [
      "O=C(O)O[Na]",
      "1b7cb1c1-e7d7-474c-b67a-07196e65b6d4"
    ],
    [
      "O=C(O[K])O[K]",
      "4e497a05-8cb3-429e-a039-14870cf19a6e"
    ],
    [
      "O=CC1CC1",
      "9e008d55-df41-4500-ba1a-045c3cc30570"
    ],
    [
      "O=S(=O)(Cl)c1cccc2cccnc12",
      "9072f299-ff2b-4f57-b255-377da2466955"
    ],
    [
      "OCCBr",
      "4e497a05-8cb3-429e-a039-14870cf19a6e"
    ],
    [
      "O[Na]",
      "9e008d55-df41-4500-ba1a-045c3cc30570"
    ],
    [
      "c1ccncc1",
      "9072f299-ff2b-4f57-b255-377da2466955"
    ]
  ]
}