{
  "identifier": "8d2f41b5-859f-49d3-ab0a-5f02b95d683b",
  "operation_graphs": [
    {
      "identifier": "c40567be-c62a-4e55-a5c5-032c6c4d8c93",
      "reaction": {
        "identifier": "578b953b-c290-4c7a-9103-5333a5e52d35",
        "reactants": [
          {
            "identifier": "2dfc37d5-bca0-44a2-95ff-81e83a13fe6b",
            "smiles": "Brc1ccc2c(c1)[nH]c1ccncc12",
            "state_of_matter": "SOLID",
            "molecular_weight": 247.09067999999988,
            "density": 1.4,
            "mass": 2.470906799999999,
            "is_produced_by": [],
            "is_consumed_by": [
              "578b953b-c290-4c7a-9103-5333a5e52d35"
            ],
            "provenance__density": "dummy estimator based on mw",
            "provenance__is_consumed_by": null,
            "provenance__is_produced_by": null,
            "provenance__mass": null,
            "provenance__molecular_weight": "periodic table",
            "provenance__smiles": null,
            "provenance__state_of_matter": "dummy estimator based on mw"
          },
          {
            "identifier": "0b823035-fa32-48d1-ab5f-4de165830773",
            "smiles": "CC(C)(C)OC(=O)OC(=O)OC(C)(C)C",
            "state_of_matter": "SOLID",
            "molecular_weight": 218.24691999999976,
            "density": 1.4,
            "mass": 2.1824691999999977,
            "is_produced_by": [],
            "is_consumed_by": [
              "578b953b-c290-4c7a-9103-5333a5e52d35"
            ],
            "provenance__density": "dummy estimator based on mw",
            "provenance__is_consumed_by": null,
            "provenance__is_produced_by": null,
            "provenance__mass": null,
            "provenance__molecular_weight": "periodic table",
            "provenance__smiles": null,
            "provenance__state_of_matter": "dummy estimator based on mw"
          }
        ],
        "reagents": [
          {
            "identifier": "07bf146e-57c6-41e8-9ff0-377a352d05fa",
            "smiles": "C1CCOC1",
            "state_of_matter": "LIQUID",
            "molecular_weight": 72.10572000000005,
            "density": 1.0,
            "mass": 0.7210572000000005,
            "is_produced_by": [],
            "is_consumed_by": [
              "578b953b-c290-4c7a-9103-5333a5e52d35"
            ],
            "provenance__density": "dummy estimator based on mw",
            "provenance__is_consumed_by": null,
            "provenance__is_produced_by": null,
            "provenance__mass": null,
            "provenance__molecular_weight": "periodic table",
            "provenance__smiles": null,
            "provenance__state_of_matter": "dummy estimator based on mw"
          },
          {
            "identifier": "91fa29be-bc2e-4736-bcc3-42b906a0c0eb",
            "smiles": "CN(C)c1ccncc1",
            "state_of_matter": "LIQUID",
            "molecular_weight": 122.16770000000005,
            "density": 1.0,
            "mass": 1.2216770000000006,
            "is_produced_by": [],
            "is_consumed_by": [
              "578b953b-c290-4c7a-9103-5333a5e52d35"
            ],
            "provenance__density": "dummy estimator based on mw",
            "provenance__is_consumed_by": null,
            "provenance__is_produced_by": null,
            "provenance__mass": null,
            "provenance__molecular_weight": "periodic table",
            "provenance__smiles": null,
            "provenance__state_of_matter": "dummy estimator based on mw"
          }
        ],
        "products": [
          {
            "identifier": "f204814e-8a9e-4fc4-9ce9-4c8a5aa402e4",
            "smiles": "CC(C)(C)OC(=O)n1c2ccncc2c2ccc(Br)cc21",
            "state_of_matter": "SOLID",
            "molecular_weight": 348.2144400000002,
            "density": 1.4,
            "mass": 3.482144400000002,
            "is_produced_by": [
              "578b953b-c290-4c7a-9103-5333a5e52d35"
            ],
            "is_consumed_by": [],
            "provenance__density": "dummy estimator based on mw",
            "provenance__is_consumed_by": null,
            "provenance__is_produced_by": null,
            "provenance__mass": null,
            "provenance__molecular_weight": "periodic table",
            "provenance__smiles": null,
            "provenance__state_of_matter": "dummy estimator based on mw"
          }
        ],
        "stoichiometry": {
          "2dfc37d5-bca0-44a2-95ff-81e83a13fe6b": 1.0,
          "0b823035-fa32-48d1-ab5f-4de165830773": 1.0,
          "f204814e-8a9e-4fc4-9ce9-4c8a5aa402e4": -1.0
        },
        "temperature": 295.06918716430664,
        "intended_ratios": {
          "2dfc37d5-bca0-44a2-95ff-81e83a13fe6b": 1.0,
          "0b823035-fa32-48d1-ab5f-4de165830773": 1.0,
          "07bf146e-57c6-41e8-9ff0-377a352d05fa": 1.0,
          "91fa29be-bc2e-4736-bcc3-42b906a0c0eb": 1.0
        },
        "expected_yields": {
          "f204814e-8a9e-4fc4-9ce9-4c8a5aa402e4": 1.0
        },
        "reaction_extent": 0.01
      },
      "functional_modules": [],
      "make_solutions": {
        "0b823035-fa32-48d1-ab5f-4de165830773": {
          "identifier": "8d553597-a6f1-496c-a66e-1fa1f55158e1",
          "type": "MakeSolution",
          "process_times": {},
          "from_reaction": "578b953b-c290-4c7a-9103-5333a5e52d35",
          "annotations": {
            "solid_chemical": {
              "identifier": "0b823035-fa32-48d1-ab5f-4de165830773",
              "smiles": "CC(C)(C)OC(=O)OC(=O)OC(C)(C)C",
              "state_of_matter": "SOLID",
              "molecular_weight": 218.24691999999976,
              "density": 1.4,
              "mass": 2.1824691999999977,
              "is_produced_by": [],
              "is_consumed_by": [
                "578b953b-c290-4c7a-9103-5333a5e52d35"
              ],
              "provenance__density": "dummy estimator based on mw",
              "provenance__is_consumed_by": null,
              "provenance__is_produced_by": null,
              "provenance__mass": null,
              "provenance__molecular_weight": "periodic table",
              "provenance__smiles": null,
              "provenance__state_of_matter": "dummy estimator based on mw"
            },
            "liquid_chemical": {
              "identifier": "2689cfa9-fb6f-44fe-aecc-a6183f57251d",
              "smiles": "CN(C)c1ccncc1",
              "state_of_matter": "LIQUID",
              "molecular_weight": 122.16770000000005,
              "density": 1.0,
              "mass": 0.572975926477551,
              "is_produced_by": [],
              "is_consumed_by": [
                "578b953b-c290-4c7a-9103-5333a5e52d35"
              ],
              "provenance__density": "dummy estimator based on mw",
              "provenance__is_consumed_by": null,
              "provenance__is_produced_by": null,
              "provenance__mass": null,
              "provenance__molecular_weight": "periodic table",
              "provenance__smiles": null,
              "provenance__state_of_matter": "dummy estimator based on mw"
            },
            "notes": "making CN(C)c1ccncc1 solution for CC(C)(C)OC(=O)OC(=O)OC(C)(C)C"
          },
          "precedents": []
        },
        "2dfc37d5-bca0-44a2-95ff-81e83a13fe6b": {
          "identifier": "27b9647b-e71b-45f1-81bc-2523721ffa8c",
          "type": "MakeSolution",
          "process_times": {},
          "from_reaction": "578b953b-c290-4c7a-9103-5333a5e52d35",
          "annotations": {
            "solid_chemical": {
              "identifier": "2dfc37d5-bca0-44a2-95ff-81e83a13fe6b",
              "smiles": "Brc1ccc2c(c1)[nH]c1ccncc12",
              "state_of_matter": "SOLID",
              "molecular_weight": 247.09067999999988,
              "density": 1.4,
              "mass": 2.470906799999999,
              "is_produced_by": [],
              "is_consumed_by": [
                "578b953b-c290-4c7a-9103-5333a5e52d35"
              ],
              "provenance__density": "dummy estimator based on mw",
              "provenance__is_consumed_by": null,
              "provenance__is_produced_by": null,
              "provenance__mass": null,
              "provenance__molecular_weight": "periodic table",
              "provenance__smiles": null,
              "provenance__state_of_matter": "dummy estimator based on mw"
            },
            "liquid_chemical": {
              "identifier": "bb52139b-a64a-4160-98c3-2d3810412728",
              "smiles": "CN(C)c1ccncc1",
              "state_of_matter": "LIQUID",
              "molecular_weight": 122.16770000000005,
              "density": 1.0,
              "mass": 0.6487010735224495,
              "is_produced_by": [],
              "is_consumed_by": [
                "578b953b-c290-4c7a-9103-5333a5e52d35"
              ],
              "provenance__density": "dummy estimator based on mw",
              "provenance__is_consumed_by": null,
              "provenance__is_produced_by": null,
              "provenance__mass": null,
              "provenance__molecular_weight": "periodic table",
              "provenance__smiles": null,
              "provenance__state_of_matter": "dummy estimator based on mw"
            },
            "notes": "making CN(C)c1ccncc1 solution for Brc1ccc2c(c1)[nH]c1ccncc12"
          },
          "precedents": [
            "b734c886-8267-423a-8135-dfbdddef7371"
          ]
        }
      },
      "add_solutions": {
        "0b823035-fa32-48d1-ab5f-4de165830773": {
          "identifier": "f6a3b799-3e68-4d7f-9cf2-fb9a5cebce3e",
          "type": "TransferLiquid",
          "process_times": {},
          "from_reaction": "578b953b-c290-4c7a-9103-5333a5e52d35",
          "annotations": {
            "chemical": {
              "identifier": "13ed0420-8a5f-4ca3-abe5-b4f7a54079b6",
              "smiles": "CN(C)c1ccncc1.CC(C)(C)OC(=O)OC(=O)OC(C)(C)C",
              "state_of_matter": "LIQUID",
              "molecular_weight": null,
              "density": 1.2924939011337984,
              "mass": 2.755445126477549,
              "is_produced_by": [],
              "is_consumed_by": [
                "578b953b-c290-4c7a-9103-5333a5e52d35"
              ],
              "provenance__density": "dummy estimator based on mw",
              "provenance__is_consumed_by": null,
              "provenance__is_produced_by": null,
              "provenance__mass": null,
              "provenance__molecular_weight": "periodic table",
              "provenance__smiles": null,
              "provenance__state_of_matter": "dummy estimator based on mw"
            },
            "notes": "add solution CC(C)(C)OC(=O)OC(=O)OC(C)(C)C in CN(C)c1ccncc1"
          },
          "precedents": [
            "8d553597-a6f1-496c-a66e-1fa1f55158e1"
          ]
        },
        "2dfc37d5-bca0-44a2-95ff-81e83a13fe6b": {
          "identifier": "4548aea2-d436-4bd5-b00b-728bd85735ff",
          "type": "TransferLiquid",
          "process_times": {},
          "from_reaction": "578b953b-c290-4c7a-9103-5333a5e52d35",
          "annotations": {
            "chemical": {
              "identifier": "d54d82ca-00ff-400a-8cd0-6c720e1a9e71",
              "smiles": "CN(C)c1ccncc1.Brc1ccc2c(c1)[nH]c1ccncc12",
              "state_of_matter": "LIQUID",
              "molecular_weight": null,
              "density": 1.2924939011337981,
              "mass": 3.1196078735224484,
              "is_produced_by": [],
              "is_consumed_by": [
                "578b953b-c290-4c7a-9103-5333a5e52d35"
              ],
              "provenance__density": "dummy estimator based on mw",
              "provenance__is_consumed_by": null,
              "provenance__is_produced_by": null,
              "provenance__mass": null,
              "provenance__molecular_weight": "periodic table",
              "provenance__smiles": null,
              "provenance__state_of_matter": "dummy estimator based on mw"
            },
            "notes": "add solution Brc1ccc2c(c1)[nH]c1ccncc12 in CN(C)c1ccncc1"
          },
          "precedents": [
            "27b9647b-e71b-45f1-81bc-2523721ffa8c"
          ]
        }
      },
      "add_liquids": {
        "07bf146e-57c6-41e8-9ff0-377a352d05fa": {
          "identifier": "e3448e02-990a-4b83-ba53-04b7af90e558",
          "type": "TransferLiquid",
          "process_times": {},
          "from_reaction": "578b953b-c290-4c7a-9103-5333a5e52d35",
          "annotations": {
            "chemical": {
              "identifier": "07bf146e-57c6-41e8-9ff0-377a352d05fa",
              "smiles": "C1CCOC1",
              "state_of_matter": "LIQUID",
              "molecular_weight": 72.10572000000005,
              "density": 1.0,
              "mass": 0.7210572000000005,
              "is_produced_by": [],
              "is_consumed_by": [
                "578b953b-c290-4c7a-9103-5333a5e52d35"
              ],
              "provenance__density": "dummy estimator based on mw",
              "provenance__is_consumed_by": null,
              "provenance__is_produced_by": null,
              "provenance__mass": null,
              "provenance__molecular_weight": "periodic table",
              "provenance__smiles": null,
              "provenance__state_of_matter": "dummy estimator based on mw"
            },
            "notes": "add liquid C1CCOC1"
          },
          "precedents": []
        }
      },
      "heat": {
        "identifier": "949bd27d-df99-40c8-a4ca-c50f92087c88",
        "type": "Heating",
        "process_times": {},
        "from_reaction": "578b953b-c290-4c7a-9103-5333a5e52d35",
        "annotations": {
          "temperature": 295.06918716430664,
          "notes": "heating the reaction vessel to afford product: CC(C)(C)OC(=O)n1c2ccncc2c2ccc(Br)cc21"
        },
        "precedents": [
          "e3448e02-990a-4b83-ba53-04b7af90e558",
          "f6a3b799-3e68-4d7f-9cf2-fb9a5cebce3e",
          "4548aea2-d436-4bd5-b00b-728bd85735ff",
          "8d553597-a6f1-496c-a66e-1fa1f55158e1",
          "27b9647b-e71b-45f1-81bc-2523721ffa8c"
        ]
      },
      "concentrate_and_purify": {
        "identifier": "8c980a87-a2b9-406e-9cbf-21d0e771bf02",
        "type": "ConcentrationAndPurification",
        "process_times": {},
        "from_reaction": "578b953b-c290-4c7a-9103-5333a5e52d35",
        "annotations": {
          "chemical": {
            "identifier": "f204814e-8a9e-4fc4-9ce9-4c8a5aa402e4",
            "smiles": "CC(C)(C)OC(=O)n1c2ccncc2c2ccc(Br)cc21",
            "state_of_matter": "SOLID",
            "molecular_weight": 348.2144400000002,
            "density": 1.4,
            "mass": 3.482144400000002,
            "is_produced_by": [
              "578b953b-c290-4c7a-9103-5333a5e52d35"
            ],
            "is_consumed_by": [],
            "provenance__density": "dummy estimator based on mw",
            "provenance__is_consumed_by": null,
            "provenance__is_produced_by": null,
            "provenance__mass": null,
            "provenance__molecular_weight": "periodic table",
            "provenance__smiles": null,
            "provenance__state_of_matter": "dummy estimator based on mw"
          },
          "notes": "purify and concentrate the product: CC(C)(C)OC(=O)n1c2ccncc2c2ccc(Br)cc21"
        },
        "precedents": [
          "949bd27d-df99-40c8-a4ca-c50f92087c88"
        ]
      },
      "lmin": {
        "949bd27d-df99-40c8-a4ca-c50f92087c88": {
          "8c980a87-a2b9-406e-9cbf-21d0e771bf02": 50.16725270731011
        }
      },
      "lmax": {
        "8d553597-a6f1-496c-a66e-1fa1f55158e1": {
          "949bd27d-df99-40c8-a4ca-c50f92087c88": 38.549663634529466
        },
        "27b9647b-e71b-45f1-81bc-2523721ffa8c": {
          "949bd27d-df99-40c8-a4ca-c50f92087c88": 62.57939746140073
        }
      }
    },
    {
      "identifier": "f1fef547-7444-40db-b221-4d312327b319",
      "reaction": {
        "identifier": "23ea8542-1a60-4259-8254-57b0d30b03ff",
        "reactants": [
          {
            "identifier": "c127b292-f184-41a7-9b00-d4e26422cb4a",
            "smiles": "Brc1ccc2c3c([nH]c2c1)CCNC3",
            "state_of_matter": "SOLID",
            "molecular_weight": 251.12243999999984,
            "density": 1.4,
            "mass": 2.5112243999999984,
            "is_produced_by": [],
            "is_consumed_by": [
              "23ea8542-1a60-4259-8254-57b0d30b03ff"
            ],
            "provenance__density": "dummy estimator based on mw",
            "provenance__is_consumed_by": null,
            "provenance__is_produced_by": null,
            "provenance__mass": null,
            "provenance__molecular_weight": "periodic table",
            "provenance__smiles": null,
            "provenance__state_of_matter": "dummy estimator based on mw"
          }
        ],
        "reagents": [
          {
            "identifier": "eb2d1fb1-26b4-42bd-a704-2a21b4ed4aaf",
            "smiles": "ClC(Cl)Cl",
            "state_of_matter": "LIQUID",
            "molecular_weight": 119.37764000000001,
            "density": 1.0,
            "mass": 1.1937764000000002,
            "is_produced_by": [],
            "is_consumed_by": [
              "23ea8542-1a60-4259-8254-57b0d30b03ff"
            ],
            "provenance__density": "dummy estimator based on mw",
            "provenance__is_consumed_by": null,
            "provenance__is_produced_by": null,
            "provenance__mass": null,
            "provenance__molecular_weight": "periodic table",
            "provenance__smiles": null,
            "provenance__state_of_matter": "dummy estimator based on mw"
          },
          {
            "identifier": "332ccff5-b93c-431b-bad2-03ee7888dc5a",
            "smiles": "O=[Mn]=O",
            "state_of_matter": "LIQUID",
            "molecular_weight": 86.936849,
            "density": 1.0,
            "mass": 0.8693684899999999,
            "is_produced_by": [],
            "is_consumed_by": [
              "23ea8542-1a60-4259-8254-57b0d30b03ff"
            ],
            "provenance__density": "dummy estimator based on mw",
            "provenance__is_consumed_by": null,
            "provenance__is_produced_by": null,
            "provenance__mass": null,
            "provenance__molecular_weight": "periodic table",
            "provenance__smiles": null,
            "provenance__state_of_matter": "dummy estimator based on mw"
          }
        ],
        "products": [
          {
            "identifier": "4763537d-d6a9-4639-81b7-66293f0d2f2d",
            "smiles": "Brc1ccc2c(c1)[nH]c1ccncc12",
            "state_of_matter": "SOLID",
            "molecular_weight": 247.09067999999988,
            "density": 1.4,
            "mass": 2.470906799999999,
            "is_produced_by": [
              "23ea8542-1a60-4259-8254-57b0d30b03ff"
            ],
            "is_consumed_by": [],
            "provenance__density": "dummy estimator based on mw",
            "provenance__is_consumed_by": null,
            "provenance__is_produced_by": null,
            "provenance__mass": null,
            "provenance__molecular_weight": "periodic table",
            "provenance__smiles": null,
            "provenance__state_of_matter": "dummy estimator based on mw"
          }
        ],
        "stoichiometry": {
          "c127b292-f184-41a7-9b00-d4e26422cb4a": 1.0,
          "4763537d-d6a9-4639-81b7-66293f0d2f2d": -1.0
        },
        "temperature": 317.3802256464958,
        "intended_ratios": {
          "c127b292-f184-41a7-9b00-d4e26422cb4a": 1.0,
          "eb2d1fb1-26b4-42bd-a704-2a21b4ed4aaf": 1.0,
          "332ccff5-b93c-431b-bad2-03ee7888dc5a": 1.0
        },
        "expected_yields": {
          "4763537d-d6a9-4639-81b7-66293f0d2f2d": 1.0
        },
        "reaction_extent": 0.01
      },
      "functional_modules": [],
      "make_solutions": {
        "c127b292-f184-41a7-9b00-d4e26422cb4a": {
          "identifier": "2be43847-f069-45b3-8fee-e1dec63ee68e",
          "type": "MakeSolution",
          "process_times": {},
          "from_reaction": "23ea8542-1a60-4259-8254-57b0d30b03ff",
          "annotations": {
            "solid_chemical": {
              "identifier": "c127b292-f184-41a7-9b00-d4e26422cb4a",
              "smiles": "Brc1ccc2c3c([nH]c2c1)CCNC3",
              "state_of_matter": "SOLID",
              "molecular_weight": 251.12243999999984,
              "density": 1.4,
              "mass": 2.5112243999999984,
              "is_produced_by": [],
              "is_consumed_by": [
                "23ea8542-1a60-4259-8254-57b0d30b03ff"
              ],
              "provenance__density": "dummy estimator based on mw",
              "provenance__is_consumed_by": null,
              "provenance__is_produced_by": null,
              "provenance__mass": null,
              "provenance__molecular_weight": "periodic table",
              "provenance__smiles": null,
              "provenance__state_of_matter": "dummy estimator based on mw"
            },
            "liquid_chemical": {
              "identifier": "eb9e2ec1-024a-4799-a1b8-0570e218dd29",
              "smiles": "ClC(Cl)Cl",
              "state_of_matter": "LIQUID",
              "molecular_weight": 119.37764000000001,
              "density": 1.0,
              "mass": 1.1937764000000002,
              "is_produced_by": [],
              "is_consumed_by": [
                "23ea8542-1a60-4259-8254-57b0d30b03ff"
              ],
              "provenance__density": "dummy estimator based on mw",
              "provenance__is_consumed_by": null,
              "provenance__is_produced_by": null,
              "provenance__mass": null,
              "provenance__molecular_weight": "periodic table",
              "provenance__smiles": null,
              "provenance__state_of_matter": "dummy estimator based on mw"
            },
            "notes": "making ClC(Cl)Cl solution for Brc1ccc2c3c([nH]c2c1)CCNC3"
          },
          "precedents": [
            "cb68ce1c-af6e-45ea-a6ee-e326d4a254ae"
          ]
        }
      },
      "add_solutions": {
        "c127b292-f184-41a7-9b00-d4e26422cb4a": {
          "identifier": "c2920058-5a91-4175-9254-a72d5752be20",
          "type": "TransferLiquid",
          "process_times": {},
          "from_reaction": "23ea8542-1a60-4259-8254-57b0d30b03ff",
          "annotations": {
            "chemical": {
              "identifier": "3493fd83-1870-49cf-b55d-f8bd578c1e5e",
              "smiles": "ClC(Cl)Cl.Brc1ccc2c3c([nH]c2c1)CCNC3",
              "state_of_matter": "LIQUID",
              "molecular_weight": null,
              "density": 1.2401642634151746,
              "mass": 3.7050007999999988,
              "is_produced_by": [],
              "is_consumed_by": [
                "23ea8542-1a60-4259-8254-57b0d30b03ff"
              ],
              "provenance__density": "dummy estimator based on mw",
              "provenance__is_consumed_by": null,
              "provenance__is_produced_by": null,
              "provenance__mass": null,
              "provenance__molecular_weight": "periodic table",
              "provenance__smiles": null,
              "provenance__state_of_matter": "dummy estimator based on mw"
            },
            "notes": "add solution Brc1ccc2c3c([nH]c2c1)CCNC3 in ClC(Cl)Cl"
          },
          "precedents": [
            "2be43847-f069-45b3-8fee-e1dec63ee68e"
          ]
        }
      },
      "add_liquids": {
        "332ccff5-b93c-431b-bad2-03ee7888dc5a": {
          "identifier": "b78d3d4f-0033-47cd-8d3f-30f4512191ca",
          "type": "TransferLiquid",
          "process_times": {},
          "from_reaction": "23ea8542-1a60-4259-8254-57b0d30b03ff",
          "annotations": {
            "chemical": {
              "identifier": "332ccff5-b93c-431b-bad2-03ee7888dc5a",
              "smiles": "O=[Mn]=O",
              "state_of_matter": "LIQUID",
              "molecular_weight": 86.936849,
              "density": 1.0,
              "mass": 0.8693684899999999,
              "is_produced_by": [],
              "is_consumed_by": [
                "23ea8542-1a60-4259-8254-57b0d30b03ff"
              ],
              "provenance__density": "dummy estimator based on mw",
              "provenance__is_consumed_by": null,
              "provenance__is_produced_by": null,
              "provenance__mass": null,
              "provenance__molecular_weight": "periodic table",
              "provenance__smiles": null,
              "provenance__state_of_matter": "dummy estimator based on mw"
            },
            "notes": "add liquid O=[Mn]=O"
          },
          "precedents": []
        }
      },
      "heat": {
        "identifier": "c05fef1f-01f7-4ca6-a63b-099f16631205",
        "type": "Heating",
        "process_times": {},
        "from_reaction": "23ea8542-1a60-4259-8254-57b0d30b03ff",
        "annotations": {
          "temperature": 317.3802256464958,
          "notes": "heating the reaction vessel to afford product: Brc1ccc2c(c1)[nH]c1ccncc12"
        },
        "precedents": [
          "b78d3d4f-0033-47cd-8d3f-30f4512191ca",
          "c2920058-5a91-4175-9254-a72d5752be20",
          "2be43847-f069-45b3-8fee-e1dec63ee68e"
        ]
      },
      "concentrate_and_purify": {
        "identifier": "b734c886-8267-423a-8135-dfbdddef7371",
        "type": "ConcentrationAndPurification",
        "process_times": {},
        "from_reaction": "23ea8542-1a60-4259-8254-57b0d30b03ff",
        "annotations": {
          "chemical": {
            "identifier": "4763537d-d6a9-4639-81b7-66293f0d2f2d",
            "smiles": "Brc1ccc2c(c1)[nH]c1ccncc12",
            "state_of_matter": "SOLID",
            "molecular_weight": 247.09067999999988,
            "density": 1.4,
            "mass": 2.470906799999999,
            "is_produced_by": [
              "23ea8542-1a60-4259-8254-57b0d30b03ff"
            ],
            "is_consumed_by": [],
            "provenance__density": "dummy estimator based on mw",
            "provenance__is_consumed_by": null,
            "provenance__is_produced_by": null,
            "provenance__mass": null,
            "provenance__molecular_weight": "periodic table",
            "provenance__smiles": null,
            "provenance__state_of_matter": "dummy estimator based on mw"
          },
          "notes": "purify and concentrate the product: Brc1ccc2c(c1)[nH]c1ccncc12"
        },
        "precedents": [
          "c05fef1f-01f7-4ca6-a63b-099f16631205"
        ]
      },
      "lmin": {
        "c05fef1f-01f7-4ca6-a63b-099f16631205": {
          "b734c886-8267-423a-8135-dfbdddef7371": 14.560797691511294
        }
      },
      "lmax": {
        "2be43847-f069-45b3-8fee-e1dec63ee68e": {
          "c05fef1f-01f7-4ca6-a63b-099f16631205": 89.5932932138687
        }
      }
    },
    {
      "identifier": "9092f980-ae5f-4b5f-be11-56368be2fcd2",
      "reaction": {
        "identifier": "5fa59cdc-5894-4c25-8dc3-8e596e68057d",
        "reactants": [
          {
            "identifier": "7f2180eb-c23e-4e2b-ae11-a0e905a4fc52",
            "smiles": "CC(C)(C)OC(=O)n1c2ccncc2c2ccc(-c3ccc(F)nc3)cc21",
            "state_of_matter": "SOLID",
            "molecular_weight": 364.3928632000002,
            "density": 1.4,
            "mass": 3.643928632000002,
            "is_produced_by": [],
            "is_consumed_by": [
              "5fa59cdc-5894-4c25-8dc3-8e596e68057d"
            ],
            "provenance__density": "dummy estimator based on mw",
            "provenance__is_consumed_by": null,
            "provenance__is_produced_by": null,
            "provenance__mass": null,
            "provenance__molecular_weight": "periodic table",
            "provenance__smiles": null,
            "provenance__state_of_matter": "dummy estimator based on mw"
          }
        ],
        "reagents": [
          {
            "identifier": "d7e516c6-6a62-4cff-9050-cff63e30b1c2",
            "smiles": "ClCCl",
            "state_of_matter": "LIQUID",
            "molecular_weight": 84.93258000000002,
            "density": 1.0,
            "mass": 0.8493258000000001,
            "is_produced_by": [],
            "is_consumed_by": [
              "5fa59cdc-5894-4c25-8dc3-8e596e68057d"
            ],
            "provenance__density": "dummy estimator based on mw",
            "provenance__is_consumed_by": null,
            "provenance__is_produced_by": null,
            "provenance__mass": null,
            "provenance__molecular_weight": "periodic table",
            "provenance__smiles": null,
            "provenance__state_of_matter": "dummy estimator based on mw"
          },
          {
            "identifier": "99b2ecdf-ccaa-4ed3-8ea3-5fbe5be6c69f",
            "smiles": "O=C(O)C(F)(F)F",
            "state_of_matter": "LIQUID",
            "molecular_weight": 114.0233496,
            "density": 1.0,
            "mass": 1.140233496,
            "is_produced_by": [],
            "is_consumed_by": [
              "5fa59cdc-5894-4c25-8dc3-8e596e68057d"
            ],
            "provenance__density": "dummy estimator based on mw",
            "provenance__is_consumed_by": null,
            "provenance__is_produced_by": null,
            "provenance__mass": null,
            "provenance__molecular_weight": "periodic table",
            "provenance__smiles": null,
            "provenance__state_of_matter": "dummy estimator based on mw"
          }
        ],
        "products": [
          {
            "identifier": "b64e8a5e-1c33-4ffa-9527-0b1c13a2577b",
            "smiles": "Fc1ccc(-c2ccc3c(c2)[nH]c2ccncc23)cn1",
            "state_of_matter": "SOLID",
            "molecular_weight": 263.2691032000001,
            "density": 1.4,
            "mass": 2.6326910320000008,
            "is_produced_by": [
              "5fa59cdc-5894-4c25-8dc3-8e596e68057d"
            ],
            "is_consumed_by": [],
            "provenance__density": "dummy estimator based on mw",
            "provenance__is_consumed_by": null,
            "provenance__is_produced_by": null,
            "provenance__mass": null,
            "provenance__molecular_weight": "periodic table",
            "provenance__smiles": null,
            "provenance__state_of_matter": "dummy estimator based on mw"
          }
        ],
        "stoichiometry": {
          "7f2180eb-c23e-4e2b-ae11-a0e905a4fc52": 1.0,
          "b64e8a5e-1c33-4ffa-9527-0b1c13a2577b": -1.0
        },
        "temperature": 299.5983032941818,
        "intended_ratios": {
          "7f2180eb-c23e-4e2b-ae11-a0e905a4fc52": 1.0,
          "d7e516c6-6a62-4cff-9050-cff63e30b1c2": 1.0,
          "99b2ecdf-ccaa-4ed3-8ea3-5fbe5be6c69f": 1.0
        },
        "expected_yields": {
          "b64e8a5e-1c33-4ffa-9527-0b1c13a2577b": 1.0
        },
        "reaction_extent": 0.01
      },
      "functional_modules": [],
      "make_solutions": {
        "7f2180eb-c23e-4e2b-ae11-a0e905a4fc52": {
          "identifier": "f358d81d-9d22-4872-b881-ac95bde77e9d",
          "type": "MakeSolution",
          "process_times": {},
          "from_reaction": "5fa59cdc-5894-4c25-8dc3-8e596e68057d",
          "annotations": {
            "solid_chemical": {
              "identifier": "7f2180eb-c23e-4e2b-ae11-a0e905a4fc52",
              "smiles": "CC(C)(C)OC(=O)n1c2ccncc2c2ccc(-c3ccc(F)nc3)cc21",
              "state_of_matter": "SOLID",
              "molecular_weight": 364.3928632000002,
              "density": 1.4,
              "mass": 3.643928632000002,
              "is_produced_by": [],
              "is_consumed_by": [
                "5fa59cdc-5894-4c25-8dc3-8e596e68057d"
              ],
              "provenance__density": "dummy estimator based on mw",
              "provenance__is_consumed_by": null,
              "provenance__is_produced_by": null,
              "provenance__mass": null,
              "provenance__molecular_weight": "periodic table",
              "provenance__smiles": null,
              "provenance__state_of_matter": "dummy estimator based on mw"
            },
            "liquid_chemical": {
              "identifier": "830d24a2-207b-4501-b8ef-d9686af95cb6",
              "smiles": "O=C(O)C(F)(F)F",
              "state_of_matter": "LIQUID",
              "molecular_weight": 114.0233496,
              "density": 1.0,
              "mass": 1.140233496,
              "is_produced_by": [],
              "is_consumed_by": [
                "5fa59cdc-5894-4c25-8dc3-8e596e68057d"
              ],
              "provenance__density": "dummy estimator based on mw",
              "provenance__is_consumed_by": null,
              "provenance__is_produced_by": null,
              "provenance__mass": null,
              "provenance__molecular_weight": "periodic table",
              "provenance__smiles": null,
              "provenance__state_of_matter": "dummy estimator based on mw"
            },
            "notes": "making O=C(O)C(F)(F)F solution for CC(C)(C)OC(=O)n1c2ccncc2c2ccc(-c3ccc(F)nc3)cc21"
          },
          "precedents": [
            "3b1770d1-6906-4a7b-ad02-9663fa8fd20d"
          ]
        }
      },
      "add_solutions": {
        "7f2180eb-c23e-4e2b-ae11-a0e905a4fc52": {
          "identifier": "37c08aac-02db-4273-ae91-ae7b46220760",
          "type": "TransferLiquid",
          "process_times": {},
          "from_reaction": "5fa59cdc-5894-4c25-8dc3-8e596e68057d",
          "annotations": {
            "chemical": {
              "identifier": "b8a1ea06-317c-4641-99df-874896a1fd36",
              "smiles": "O=C(O)C(F)(F)F.CC(C)(C)OC(=O)n1c2ccncc2c2ccc(-c3ccc(F)nc3)cc21",
              "state_of_matter": "LIQUID",
              "molecular_weight": null,
              "density": 1.2781489271767126,
              "mass": 4.784162128000002,
              "is_produced_by": [],
              "is_consumed_by": [
                "5fa59cdc-5894-4c25-8dc3-8e596e68057d"
              ],
              "provenance__density": "dummy estimator based on mw",
              "provenance__is_consumed_by": null,
              "provenance__is_produced_by": null,
              "provenance__mass": null,
              "provenance__molecular_weight": "periodic table",
              "provenance__smiles": null,
              "provenance__state_of_matter": "dummy estimator based on mw"
            },
            "notes": "add solution CC(C)(C)OC(=O)n1c2ccncc2c2ccc(-c3ccc(F)nc3)cc21 in O=C(O)C(F)(F)F"
          },
          "precedents": [
            "f358d81d-9d22-4872-b881-ac95bde77e9d"
          ]
        }
      },
      "add_liquids": {
        "d7e516c6-6a62-4cff-9050-cff63e30b1c2": {
          "identifier": "aef5ea01-162b-49be-8654-b4a3f34c2863",
          "type": "TransferLiquid",
          "process_times": {},
          "from_reaction": "5fa59cdc-5894-4c25-8dc3-8e596e68057d",
          "annotations": {
            "chemical": {
              "identifier": "d7e516c6-6a62-4cff-9050-cff63e30b1c2",
              "smiles": "ClCCl",
              "state_of_matter": "LIQUID",
              "molecular_weight": 84.93258000000002,
              "density": 1.0,
              "mass": 0.8493258000000001,
              "is_produced_by": [],
              "is_consumed_by": [
                "5fa59cdc-5894-4c25-8dc3-8e596e68057d"
              ],
              "provenance__density": "dummy estimator based on mw",
              "provenance__is_consumed_by": null,
              "provenance__is_produced_by": null,
              "provenance__mass": null,
              "provenance__molecular_weight": "periodic table",
              "provenance__smiles": null,
              "provenance__state_of_matter": "dummy estimator based on mw"
            },
            "notes": "add liquid ClCCl"
          },
          "precedents": []
        }
      },
      "heat": {
        "identifier": "95b71e37-1ba4-422f-902f-9148c752ec40",
        "type": "Heating",
        "process_times": {},
        "from_reaction": "5fa59cdc-5894-4c25-8dc3-8e596e68057d",
        "annotations": {
          "temperature": 299.5983032941818,
          "notes": "heating the reaction vessel to afford product: Fc1ccc(-c2ccc3c(c2)[nH]c2ccncc23)cn1"
        },
        "precedents": [
          "aef5ea01-162b-49be-8654-b4a3f34c2863",
          "37c08aac-02db-4273-ae91-ae7b46220760",
          "f358d81d-9d22-4872-b881-ac95bde77e9d"
        ]
      },
      "concentrate_and_purify": {
        "identifier": "d136b083-8d1c-4095-9c1e-bc917abd68df",
        "type": "ConcentrationAndPurification",
        "process_times": {},
        "from_reaction": "5fa59cdc-5894-4c25-8dc3-8e596e68057d",
        "annotations": {
          "chemical": {
            "identifier": "b64e8a5e-1c33-4ffa-9527-0b1c13a2577b",
            "smiles": "Fc1ccc(-c2ccc3c(c2)[nH]c2ccncc23)cn1",
            "state_of_matter": "SOLID",
            "molecular_weight": 263.2691032000001,
            "density": 1.4,
            "mass": 2.6326910320000008,
            "is_produced_by": [
              "5fa59cdc-5894-4c25-8dc3-8e596e68057d"
            ],
            "is_consumed_by": [],
            "provenance__density": "dummy estimator based on mw",
            "provenance__is_consumed_by": null,
            "provenance__is_produced_by": null,
            "provenance__mass": null,
            "provenance__molecular_weight": "periodic table",
            "provenance__smiles": null,
            "provenance__state_of_matter": "dummy estimator based on mw"
          },
          "notes": "purify and concentrate the product: Fc1ccc(-c2ccc3c(c2)[nH]c2ccncc23)cn1"
        },
        "precedents": [
          "95b71e37-1ba4-422f-902f-9148c752ec40"
        ]
      },
      "lmin": {
        "95b71e37-1ba4-422f-902f-9148c752ec40": {
          "d136b083-8d1c-4095-9c1e-bc917abd68df": 53.75436436680728
        }
      },
      "lmax": {
        "f358d81d-9d22-4872-b881-ac95bde77e9d": {
          "95b71e37-1ba4-422f-902f-9148c752ec40": 89.87829786516747
        }
      }
    },
    {
      "identifier": "86eed113-5e34-4e4d-a004-36613150e0a0",
      "reaction": {
        "identifier": "7af38cb7-9b5c-4c9d-ad28-1f20e3ca2154",
        "reactants": [
          {
            "identifier": "02cd4820-fb4c-4ffc-b7bc-92c9915eefd8",
            "smiles": "CC(C)(C)OC(=O)n1c2ccncc2c2ccc(Br)cc21",
            "state_of_matter": "SOLID",
            "molecular_weight": 348.2144400000002,
            "density": 1.4,
            "mass": 3.482144400000002,
            "is_produced_by": [],
            "is_consumed_by": [
              "7af38cb7-9b5c-4c9d-ad28-1f20e3ca2154"
            ],
            "provenance__density": "dummy estimator based on mw",
            "provenance__is_consumed_by": null,
            "provenance__is_produced_by": null,
            "provenance__mass": null,
            "provenance__molecular_weight": "periodic table",
            "provenance__smiles": null,
            "provenance__state_of_matter": "dummy estimator based on mw"
          },
          {
            "identifier": "844bb164-bd91-4a8d-a985-6087c689f97b",
            "smiles": "OB(O)c1ccc(F)nc1",
            "state_of_matter": "LIQUID",
            "molecular_weight": 140.90810319999994,
            "density": 1.0,
            "mass": 1.4090810319999993,
            "is_produced_by": [],
            "is_consumed_by": [
              "7af38cb7-9b5c-4c9d-ad28-1f20e3ca2154"
            ],
            "provenance__density": "dummy estimator based on mw",
            "provenance__is_consumed_by": null,
            "provenance__is_produced_by": null,
            "provenance__mass": null,
            "provenance__molecular_weight": "periodic table",
            "provenance__smiles": null,
            "provenance__state_of_matter": "dummy estimator based on mw"
          }
        ],
        "reagents": [
          {
            "identifier": "98d9cf6f-2f25-4ab5-8dd0-8df894d0bacb",
            "smiles": "O=C(O[K])O[K]",
            "state_of_matter": "SOLID",
            "molecular_weight": 138.2055,
            "density": 1.4,
            "mass": 1.382055,
            "is_produced_by": [],
            "is_consumed_by": [
              "7af38cb7-9b5c-4c9d-ad28-1f20e3ca2154"
            ],
            "provenance__density": "dummy estimator based on mw",
            "provenance__is_consumed_by": null,
            "provenance__is_produced_by": null,
            "provenance__mass": null,
            "provenance__molecular_weight": "periodic table",
            "provenance__smiles": null,
            "provenance__state_of_matter": "dummy estimator based on mw"
          },
          {
            "identifier": "0ec28f78-b396-46fc-a137-7c597437544c",
            "smiles": "C1COCCO1",
            "state_of_matter": "LIQUID",
            "molecular_weight": 88.10512000000004,
            "density": 1.0,
            "mass": 0.8810512000000005,
            "is_produced_by": [],
            "is_consumed_by": [
              "7af38cb7-9b5c-4c9d-ad28-1f20e3ca2154"
            ],
            "provenance__density": "dummy estimator based on mw",
            "provenance__is_consumed_by": null,
            "provenance__is_produced_by": null,
            "provenance__mass": null,
            "provenance__molecular_weight": "periodic table",
            "provenance__smiles": null,
            "provenance__state_of_matter": "dummy estimator based on mw"
          },
          {
            "identifier": "16bae5a7-dd75-4789-b561-67040668b9f1",
            "smiles": "C1=C[C-](P(c2ccccc2)c2ccccc2)C=C1.C1=C[C-](P(c2ccccc2)c2ccccc2)C=C1.[Fe+2]",
            "state_of_matter": "SOLID",
            "molecular_weight": 554.3786419999986,
            "density": 1.4,
            "mass": 5.543786419999987,
            "is_produced_by": [],
            "is_consumed_by": [
              "7af38cb7-9b5c-4c9d-ad28-1f20e3ca2154"
            ],
            "provenance__density": "dummy estimator based on mw",
            "provenance__is_consumed_by": null,
            "provenance__is_produced_by": null,
            "provenance__mass": null,
            "provenance__molecular_weight": "periodic table",
            "provenance__smiles": null,
            "provenance__state_of_matter": "dummy estimator based on mw"
          },
          {
            "identifier": "d67697df-e901-4570-b7b1-41d924a002d0",
            "smiles": "Cl[Pd]Cl",
            "state_of_matter": "SOLID",
            "molecular_weight": 177.326,
            "density": 1.4,
            "mass": 1.77326,
            "is_produced_by": [],
            "is_consumed_by": [
              "7af38cb7-9b5c-4c9d-ad28-1f20e3ca2154"
            ],
            "provenance__density": "dummy estimator based on mw",
            "provenance__is_consumed_by": null,
            "provenance__is_produced_by": null,
            "provenance__mass": null,
            "provenance__molecular_weight": "periodic table",
            "provenance__smiles": null,
            "provenance__state_of_matter": "dummy estimator based on mw"
          }
        ],
        "products": [
          {
            "identifier": "3e3e452b-0f74-46d8-9e7d-162d5b6324d9",
            "smiles": "CC(C)(C)OC(=O)n1c2ccncc2c2ccc(-c3ccc(F)nc3)cc21",
            "state_of_matter": "SOLID",
            "molecular_weight": 364.3928632000002,
            "density": 1.4,
            "mass": 3.643928632000002,
            "is_produced_by": [
              "7af38cb7-9b5c-4c9d-ad28-1f20e3ca2154"
            ],
            "is_consumed_by": [],
            "provenance__density": "dummy estimator based on mw",
            "provenance__is_consumed_by": null,
            "provenance__is_produced_by": null,
            "provenance__mass": null,
            "provenance__molecular_weight": "periodic table",
            "provenance__smiles": null,
            "provenance__state_of_matter": "dummy estimator based on mw"
          }
        ],
        "stoichiometry": {
          "02cd4820-fb4c-4ffc-b7bc-92c9915eefd8": 1.0,
          "844bb164-bd91-4a8d-a985-6087c689f97b": 1.0,
          "3e3e452b-0f74-46d8-9e7d-162d5b6324d9": -1.0
        },
        "temperature": 339.4547661960125,
        "intended_ratios": {
          "02cd4820-fb4c-4ffc-b7bc-92c9915eefd8": 1.0,
          "844bb164-bd91-4a8d-a985-6087c689f97b": 1.0,
          "98d9cf6f-2f25-4ab5-8dd0-8df894d0bacb": 1.0,
          "0ec28f78-b396-46fc-a137-7c597437544c": 1.0,
          "16bae5a7-dd75-4789-b561-67040668b9f1": 1.0,
          "d67697df-e901-4570-b7b1-41d924a002d0": 1.0
        },
        "expected_yields": {
          "3e3e452b-0f74-46d8-9e7d-162d5b6324d9": 1.0
        },
        "reaction_extent": 0.01
      },
      "functional_modules": [],
      "make_solutions": {
        "98d9cf6f-2f25-4ab5-8dd0-8df894d0bacb": {
          "identifier": "d9ec6e41-7f97-40cc-8be9-1a570e60422d",
          "type": "MakeSolution",
          "process_times": {},
          "from_reaction": "7af38cb7-9b5c-4c9d-ad28-1f20e3ca2154",
          "annotations": {
            "solid_chemical": {
              "identifier": "98d9cf6f-2f25-4ab5-8dd0-8df894d0bacb",
              "smiles": "O=C(O[K])O[K]",
              "state_of_matter": "SOLID",
              "molecular_weight": 138.2055,
              "density": 1.4,
              "mass": 1.382055,
              "is_produced_by": [],
              "is_consumed_by": [
                "7af38cb7-9b5c-4c9d-ad28-1f20e3ca2154"
              ],
              "provenance__density": "dummy estimator based on mw",
              "provenance__is_consumed_by": null,
              "provenance__is_produced_by": null,
              "provenance__mass": null,
              "provenance__molecular_weight": "periodic table",
              "provenance__smiles": null,
              "provenance__state_of_matter": "dummy estimator based on mw"
            },
            "liquid_chemical": {
              "identifier": "0d924c6b-12ba-482f-ae45-5638a5c45d20",
              "smiles": "OB(O)c1ccc(F)nc1",
              "state_of_matter": "LIQUID",
              "molecular_weight": 140.90810319999994,
              "density": 1.0,
              "mass": 0.15987096184228888,
              "is_produced_by": [],
              "is_consumed_by": [
                "7af38cb7-9b5c-4c9d-ad28-1f20e3ca2154"
              ],
              "provenance__density": "dummy estimator based on mw",
              "provenance__is_consumed_by": null,
              "provenance__is_produced_by": null,
              "provenance__mass": null,
              "provenance__molecular_weight": "periodic table",
              "provenance__smiles": null,
              "provenance__state_of_matter": "dummy estimator based on mw"
            },
            "notes": "making OB(O)c1ccc(F)nc1 solution for O=C(O[K])O[K]"
          },
          "precedents": []
        },
        "d67697df-e901-4570-b7b1-41d924a002d0": {
          "identifier": "769b7f74-24e2-4a8f-893a-076f01df3131",
          "type": "MakeSolution",
          "process_times": {},
          "from_reaction": "7af38cb7-9b5c-4c9d-ad28-1f20e3ca2154",
          "annotations": {
            "solid_chemical": {
              "identifier": "d67697df-e901-4570-b7b1-41d924a002d0",
              "smiles": "Cl[Pd]Cl",
              "state_of_matter": "SOLID",
              "molecular_weight": 177.326,
              "density": 1.4,
              "mass": 1.77326,
              "is_produced_by": [],
              "is_consumed_by": [
                "7af38cb7-9b5c-4c9d-ad28-1f20e3ca2154"
              ],
              "provenance__density": "dummy estimator based on mw",
              "provenance__is_consumed_by": null,
              "provenance__is_produced_by": null,
              "provenance__mass": null,
              "provenance__molecular_weight": "periodic table",
              "provenance__smiles": null,
              "provenance__state_of_matter": "dummy estimator based on mw"
            },
            "liquid_chemical": {
              "identifier": "b60f3e5e-af3e-4130-a225-4fb4b2132399",
              "smiles": "OB(O)c1ccc(F)nc1",
              "state_of_matter": "LIQUID",
              "molecular_weight": 140.90810319999994,
              "density": 1.0,
              "mass": 0.20512409549291252,
              "is_produced_by": [],
              "is_consumed_by": [
                "7af38cb7-9b5c-4c9d-ad28-1f20e3ca2154"
              ],
              "provenance__density": "dummy estimator based on mw",
              "provenance__is_consumed_by": null,
              "provenance__is_produced_by": null,
              "provenance__mass": null,
              "provenance__molecular_weight": "periodic table",
              "provenance__smiles": null,
              "provenance__state_of_matter": "dummy estimator based on mw"
            },
            "notes": "making OB(O)c1ccc(F)nc1 solution for Cl[Pd]Cl"
          },
          "precedents": []
        },
        "02cd4820-fb4c-4ffc-b7bc-92c9915eefd8": {
          "identifier": "1bfaafd8-b7c2-4c04-8bc6-b5d8db8671c1",
          "type": "MakeSolution",
          "process_times": {},
          "from_reaction": "7af38cb7-9b5c-4c9d-ad28-1f20e3ca2154",
          "annotations": {
            "solid_chemical": {
              "identifier": "02cd4820-fb4c-4ffc-b7bc-92c9915eefd8",
              "smiles": "CC(C)(C)OC(=O)n1c2ccncc2c2ccc(Br)cc21",
              "state_of_matter": "SOLID",
              "molecular_weight": 348.2144400000002,
              "density": 1.4,
              "mass": 3.482144400000002,
              "is_produced_by": [],
              "is_consumed_by": [
                "7af38cb7-9b5c-4c9d-ad28-1f20e3ca2154"
              ],
              "provenance__density": "dummy estimator based on mw",
              "provenance__is_consumed_by": null,
              "provenance__is_produced_by": null,
              "provenance__mass": null,
              "provenance__molecular_weight": "periodic table",
              "provenance__smiles": null,
              "provenance__state_of_matter": "dummy estimator based on mw"
            },
            "liquid_chemical": {
              "identifier": "952bf9fb-e8d5-490d-84c1-b99742e0bf91",
              "smiles": "OB(O)c1ccc(F)nc1",
              "state_of_matter": "LIQUID",
              "molecular_weight": 140.90810319999994,
              "density": 1.0,
              "mass": 0.40280146195465466,
              "is_produced_by": [],
              "is_consumed_by": [
                "7af38cb7-9b5c-4c9d-ad28-1f20e3ca2154"
              ],
              "provenance__density": "dummy estimator based on mw",
              "provenance__is_consumed_by": null,
              "provenance__is_produced_by": null,
              "provenance__mass": null,
              "provenance__molecular_weight": "periodic table",
              "provenance__smiles": null,
              "provenance__state_of_matter": "dummy estimator based on mw"
            },
            "notes": "making OB(O)c1ccc(F)nc1 solution for CC(C)(C)OC(=O)n1c2ccncc2c2ccc(Br)cc21"
          },
          "precedents": [
            "8c980a87-a2b9-406e-9cbf-21d0e771bf02"
          ]
        },
        "16bae5a7-dd75-4789-b561-67040668b9f1": {
          "identifier": "4acda70d-e52b-458e-ab22-881331088c10",
          "type": "MakeSolution",
          "process_times": {},
          "from_reaction": "7af38cb7-9b5c-4c9d-ad28-1f20e3ca2154",
          "annotations": {
            "solid_chemical": {
              "identifier": "16bae5a7-dd75-4789-b561-67040668b9f1",
              "smiles": "C1=C[C-](P(c2ccccc2)c2ccccc2)C=C1.C1=C[C-](P(c2ccccc2)c2ccccc2)C=C1.[Fe+2]",
              "state_of_matter": "SOLID",
              "molecular_weight": 554.3786419999986,
              "density": 1.4,
              "mass": 5.543786419999987,
              "is_produced_by": [],
              "is_consumed_by": [
                "7af38cb7-9b5c-4c9d-ad28-1f20e3ca2154"
              ],
              "provenance__density": "dummy estimator based on mw",
              "provenance__is_consumed_by": null,
              "provenance__is_produced_by": null,
              "provenance__mass": null,
              "provenance__molecular_weight": "periodic table",
              "provenance__smiles": null,
              "provenance__state_of_matter": "dummy estimator based on mw"
            },
            "liquid_chemical": {
              "identifier": "bdd1a57b-dd2e-4946-8b23-11331929e8a4",
              "smiles": "OB(O)c1ccc(F)nc1",
              "state_of_matter": "LIQUID",
              "molecular_weight": 140.90810319999994,
              "density": 1.0,
              "mass": 0.6412845127101434,
              "is_produced_by": [],
              "is_consumed_by": [
                "7af38cb7-9b5c-4c9d-ad28-1f20e3ca2154"
              ],
              "provenance__density": "dummy estimator based on mw",
              "provenance__is_consumed_by": null,
              "provenance__is_produced_by": null,
              "provenance__mass": null,
              "provenance__molecular_weight": "periodic table",
              "provenance__smiles": null,
              "provenance__state_of_matter": "dummy estimator based on mw"
            },
            "notes": "making OB(O)c1ccc(F)nc1 solution for C1=C[C-](P(c2ccccc2)c2ccccc2)C=C1.C1=C[C-](P(c2ccccc2)c2ccccc2)C=C1.[Fe+2]"
          },
          "precedents": []
        }
      },
      "add_solutions": {
        "98d9cf6f-2f25-4ab5-8dd0-8df894d0bacb": {
          "identifier": "9d1bdf42-a21b-4de3-8fbf-7aba96cef342",
          "type": "TransferLiquid",
          "process_times": {},
          "from_reaction": "7af38cb7-9b5c-4c9d-ad28-1f20e3ca2154",
          "annotations": {
            "chemical": {
              "identifier": "a7588f78-91f8-4cc2-8c70-4a976a68338d",
              "smiles": "OB(O)c1ccc(F)nc1.O=C(O[K])O[K]",
              "state_of_matter": "LIQUID",
              "molecular_weight": null,
              "density": 1.3442498481762337,
              "mass": 1.541925961842289,
              "is_produced_by": [],
              "is_consumed_by": [
                "7af38cb7-9b5c-4c9d-ad28-1f20e3ca2154"
              ],
              "provenance__density": "dummy estimator based on mw",
              "provenance__is_consumed_by": null,
              "provenance__is_produced_by": null,
              "provenance__mass": null,
              "provenance__molecular_weight": "periodic table",
              "provenance__smiles": null,
              "provenance__state_of_matter": "dummy estimator based on mw"
            },
            "notes": "add solution O=C(O[K])O[K] in OB(O)c1ccc(F)nc1"
          },
          "precedents": [
            "d9ec6e41-7f97-40cc-8be9-1a570e60422d"
          ]
        },
        "d67697df-e901-4570-b7b1-41d924a002d0": {
          "identifier": "c034e166-be73-4f55-846c-934ec4d4a2e3",
          "type": "TransferLiquid",
          "process_times": {},
          "from_reaction": "7af38cb7-9b5c-4c9d-ad28-1f20e3ca2154",
          "annotations": {
            "chemical": {
              "identifier": "eda75270-0d47-4f6c-9870-9a4b8cc4a264",
              "smiles": "OB(O)c1ccc(F)nc1.Cl[Pd]Cl",
              "state_of_matter": "LIQUID",
              "molecular_weight": null,
              "density": 1.3442498481762337,
              "mass": 1.9783840954929126,
              "is_produced_by": [],
              "is_consumed_by": [
                "7af38cb7-9b5c-4c9d-ad28-1f20e3ca2154"
              ],
              "provenance__density": "dummy estimator based on mw",
              "provenance__is_consumed_by": null,
              "provenance__is_produced_by": null,
              "provenance__mass": null,
              "provenance__molecular_weight": "periodic table",
              "provenance__smiles": null,
              "provenance__state_of_matter": "dummy estimator based on mw"
            },
            "notes": "add solution Cl[Pd]Cl in OB(O)c1ccc(F)nc1"
          },
          "precedents": [
            "769b7f74-24e2-4a8f-893a-076f01df3131"
          ]
        },
        "02cd4820-fb4c-4ffc-b7bc-92c9915eefd8": {
          "identifier": "3dbc0823-5171-4ba7-9f5e-4b09d5b715af",
          "type": "TransferLiquid",
          "process_times": {},
          "from_reaction": "7af38cb7-9b5c-4c9d-ad28-1f20e3ca2154",
          "annotations": {
            "chemical": {
              "identifier": "1b58c44b-1af7-459f-9217-ccb42dcfcc79",
              "smiles": "OB(O)c1ccc(F)nc1.CC(C)(C)OC(=O)n1c2ccncc2c2ccc(Br)cc21",
              "state_of_matter": "LIQUID",
              "molecular_weight": null,
              "density": 1.3442498481762337,
              "mass": 3.8849458619546566,
              "is_produced_by": [],
              "is_consumed_by": [
                "7af38cb7-9b5c-4c9d-ad28-1f20e3ca2154"
              ],
              "provenance__density": "dummy estimator based on mw",
              "provenance__is_consumed_by": null,
              "provenance__is_produced_by": null,
              "provenance__mass": null,
              "provenance__molecular_weight": "periodic table",
              "provenance__smiles": null,
              "provenance__state_of_matter": "dummy estimator based on mw"
            },
            "notes": "add solution CC(C)(C)OC(=O)n1c2ccncc2c2ccc(Br)cc21 in OB(O)c1ccc(F)nc1"
          },
          "precedents": [
            "1bfaafd8-b7c2-4c04-8bc6-b5d8db8671c1"
          ]
        },
        "16bae5a7-dd75-4789-b561-67040668b9f1": {
          "identifier": "e789da4a-8384-4213-801c-229291177560",
          "type": "TransferLiquid",
          "process_times": {},
          "from_reaction": "7af38cb7-9b5c-4c9d-ad28-1f20e3ca2154",
          "annotations": {
            "chemical": {
              "identifier": "9e681d7b-a5c6-47af-a0b8-99fbaacdb19e",
              "smiles": "OB(O)c1ccc(F)nc1.C1=C[C-](P(c2ccccc2)c2ccccc2)C=C1.C1=C[C-](P(c2ccccc2)c2ccccc2)C=C1.[Fe+2]",
              "state_of_matter": "LIQUID",
              "molecular_weight": null,
              "density": 1.3442498481762337,
              "mass": 6.18507093271013,
              "is_produced_by": [],
              "is_consumed_by": [
                "7af38cb7-9b5c-4c9d-ad28-1f20e3ca2154"
              ],
              "provenance__density": "dummy estimator based on mw",
              "provenance__is_consumed_by": null,
              "provenance__is_produced_by": null,
              "provenance__mass": null,
              "provenance__molecular_weight": "periodic table",
              "provenance__smiles": null,
              "provenance__state_of_matter": "dummy estimator based on mw"
            },
            "notes": "add solution C1=C[C-](P(c2ccccc2)c2ccccc2)C=C1.C1=C[C-](P(c2ccccc2)c2ccccc2)C=C1.[Fe+2] in OB(O)c1ccc(F)nc1"
          },
          "precedents": [
            "4acda70d-e52b-458e-ab22-881331088c10"
          ]
        }
      },
      "add_liquids": {
        "0ec28f78-b396-46fc-a137-7c597437544c": {
          "identifier": "df8aeded-b378-4448-9d80-fafc5f8ab00c",
          "type": "TransferLiquid",
          "process_times": {},
          "from_reaction": "7af38cb7-9b5c-4c9d-ad28-1f20e3ca2154",
          "annotations": {
            "chemical": {
              "identifier": "0ec28f78-b396-46fc-a137-7c597437544c",
              "smiles": "C1COCCO1",
              "state_of_matter": "LIQUID",
              "molecular_weight": 88.10512000000004,
              "density": 1.0,
              "mass": 0.8810512000000005,
              "is_produced_by": [],
              "is_consumed_by": [
                "7af38cb7-9b5c-4c9d-ad28-1f20e3ca2154"
              ],
              "provenance__density": "dummy estimator based on mw",
              "provenance__is_consumed_by": null,
              "provenance__is_produced_by": null,
              "provenance__mass": null,
              "provenance__molecular_weight": "periodic table",
              "provenance__smiles": null,
              "provenance__state_of_matter": "dummy estimator based on mw"
            },
            "notes": "add liquid C1COCCO1"
          },
          "precedents": []
        }
      },
      "heat": {
        "identifier": "db21e78d-a171-4232-accd-7e8fde2401aa",
        "type": "Heating",
        "process_times": {},
        "from_reaction": "7af38cb7-9b5c-4c9d-ad28-1f20e3ca2154",
        "annotations": {
          "temperature": 339.4547661960125,
          "notes": "heating the reaction vessel to afford product: CC(C)(C)OC(=O)n1c2ccncc2c2ccc(-c3ccc(F)nc3)cc21"
        },
        "precedents": [
          "df8aeded-b378-4448-9d80-fafc5f8ab00c",
          "9d1bdf42-a21b-4de3-8fbf-7aba96cef342",
          "c034e166-be73-4f55-846c-934ec4d4a2e3",
          "3dbc0823-5171-4ba7-9f5e-4b09d5b715af",
          "e789da4a-8384-4213-801c-229291177560",
          "d9ec6e41-7f97-40cc-8be9-1a570e60422d",
          "769b7f74-24e2-4a8f-893a-076f01df3131",
          "1bfaafd8-b7c2-4c04-8bc6-b5d8db8671c1",
          "4acda70d-e52b-458e-ab22-881331088c10"
        ]
      },
      "concentrate_and_purify": {
        "identifier": "3b1770d1-6906-4a7b-ad02-9663fa8fd20d",
        "type": "ConcentrationAndPurification",
        "process_times": {},
        "from_reaction": "7af38cb7-9b5c-4c9d-ad28-1f20e3ca2154",
        "annotations": {
          "chemical": {
            "identifier": "3e3e452b-0f74-46d8-9e7d-162d5b6324d9",
            "smiles": "CC(C)(C)OC(=O)n1c2ccncc2c2ccc(-c3ccc(F)nc3)cc21",
            "state_of_matter": "SOLID",
            "molecular_weight": 364.3928632000002,
            "density": 1.4,
            "mass": 3.643928632000002,
            "is_produced_by": [
              "7af38cb7-9b5c-4c9d-ad28-1f20e3ca2154"
            ],
            "is_consumed_by": [],
            "provenance__density": "dummy estimator based on mw",
            "provenance__is_consumed_by": null,
            "provenance__is_produced_by": null,
            "provenance__mass": null,
            "provenance__molecular_weight": "periodic table",
            "provenance__smiles": null,
            "provenance__state_of_matter": "dummy estimator based on mw"
          },
          "notes": "purify and concentrate the product: CC(C)(C)OC(=O)n1c2ccncc2c2ccc(-c3ccc(F)nc3)cc21"
        },
        "precedents": [
          "db21e78d-a171-4232-accd-7e8fde2401aa"
        ]
      },
      "lmin": {
        "db21e78d-a171-4232-accd-7e8fde2401aa": {
          "3b1770d1-6906-4a7b-ad02-9663fa8fd20d": 34.464339058495256
        }
      },
      "lmax": {
        "d9ec6e41-7f97-40cc-8be9-1a570e60422d": {
          "db21e78d-a171-4232-accd-7e8fde2401aa": 48.086807527214546
        },
        "769b7f74-24e2-4a8f-893a-076f01df3131": {
          "db21e78d-a171-4232-accd-7e8fde2401aa": 47.465440350723895
        },
        "1bfaafd8-b7c2-4c04-8bc6-b5d8db8671c1": {
          "db21e78d-a171-4232-accd-7e8fde2401aa": 37.48864287768643
        },
        "4acda70d-e52b-458e-ab22-881331088c10": {
          "db21e78d-a171-4232-accd-7e8fde2401aa": 49.96503076604017
        }
      }
    },
    {
      "identifier": "580e3c93-02a5-47d3-8c17-56950864337c",
      "reaction": {
        "identifier": "15e9dada-ee90-47a3-b9b3-26b3d4d84a88",
        "reactants": [
          {
            "identifier": "9efd14b2-bf97-4d40-8f97-655f9cf67fbf",
            "smiles": "NNc1cccc(Br)c1",
            "state_of_matter": "LIQUID",
            "molecular_weight": 187.03717999999995,
            "density": 1.0,
            "mass": 1.8703717999999996,
            "is_produced_by": [],
            "is_consumed_by": [
              "15e9dada-ee90-47a3-b9b3-26b3d4d84a88"
            ],
            "provenance__density": "dummy estimator based on mw",
            "provenance__is_consumed_by": null,
            "provenance__is_produced_by": null,
            "provenance__mass": null,
            "provenance__molecular_weight": "periodic table",
            "provenance__smiles": null,
            "provenance__state_of_matter": "dummy estimator based on mw"
          },
          {
            "identifier": "220c3ff4-2fb5-49c0-9586-242b42c7330e",
            "smiles": "O=C1CCNCC1",
            "state_of_matter": "LIQUID",
            "molecular_weight": 99.13106000000005,
            "density": 1.0,
            "mass": 0.9913106000000005,
            "is_produced_by": [],
            "is_consumed_by": [
              "15e9dada-ee90-47a3-b9b3-26b3d4d84a88"
            ],
            "provenance__density": "dummy estimator based on mw",
            "provenance__is_consumed_by": null,
            "provenance__is_produced_by": null,
            "provenance__mass": null,
            "provenance__molecular_weight": "periodic table",
            "provenance__smiles": null,
            "provenance__state_of_matter": "dummy estimator based on mw"
          }
        ],
        "reagents": [
          {
            "identifier": "034b2beb-2ef1-454d-82b8-547c648dc363",
            "smiles": "CCO",
            "state_of_matter": "LIQUID",
            "molecular_weight": 46.06843999999999,
            "density": 1.0,
            "mass": 0.4606843999999999,
            "is_produced_by": [],
            "is_consumed_by": [
              "15e9dada-ee90-47a3-b9b3-26b3d4d84a88"
            ],
            "provenance__density": "dummy estimator based on mw",
            "provenance__is_consumed_by": null,
            "provenance__is_produced_by": null,
            "provenance__mass": null,
            "provenance__molecular_weight": "periodic table",
            "provenance__smiles": null,
            "provenance__state_of_matter": "dummy estimator based on mw"
          },
          {
            "identifier": "1fb3b8ad-3131-48ee-899e-fc212f29afa2",
            "smiles": "Cl",
            "state_of_matter": "LIQUID",
            "molecular_weight": 36.46094,
            "density": 1.0,
            "mass": 0.36460940000000003,
            "is_produced_by": [],
            "is_consumed_by": [
              "15e9dada-ee90-47a3-b9b3-26b3d4d84a88"
            ],
            "provenance__density": "dummy estimator based on mw",
            "provenance__is_consumed_by": null,
            "provenance__is_produced_by": null,
            "provenance__mass": null,
            "provenance__molecular_weight": "periodic table",
            "provenance__smiles": null,
            "provenance__state_of_matter": "dummy estimator based on mw"
          }
        ],
        "products": [
          {
            "identifier": "939e14a0-b025-432b-8ffe-d0a212be7881",
            "smiles": "Brc1ccc2c3c([nH]c2c1)CCNC3",
            "state_of_matter": "SOLID",
            "molecular_weight": 251.12243999999984,
            "density": 1.4,
            "mass": 2.5112243999999984,
            "is_produced_by": [
              "15e9dada-ee90-47a3-b9b3-26b3d4d84a88"
            ],
            "is_consumed_by": [],
            "provenance__density": "dummy estimator based on mw",
            "provenance__is_consumed_by": null,
            "provenance__is_produced_by": null,
            "provenance__mass": null,
            "provenance__molecular_weight": "periodic table",
            "provenance__smiles": null,
            "provenance__state_of_matter": "dummy estimator based on mw"
          }
        ],
        "stoichiometry": {
          "9efd14b2-bf97-4d40-8f97-655f9cf67fbf": 1.0,
          "220c3ff4-2fb5-49c0-9586-242b42c7330e": 1.0,
          "939e14a0-b025-432b-8ffe-d0a212be7881": -1.0
        },
        "temperature": 323.0150502026081,
        "intended_ratios": {
          "9efd14b2-bf97-4d40-8f97-655f9cf67fbf": 1.0,
          "220c3ff4-2fb5-49c0-9586-242b42c7330e": 1.0,
          "034b2beb-2ef1-454d-82b8-547c648dc363": 1.0,
          "1fb3b8ad-3131-48ee-899e-fc212f29afa2": 1.0
        },
        "expected_yields": {
          "939e14a0-b025-432b-8ffe-d0a212be7881": 1.0
        },
        "reaction_extent": 0.01
      },
      "functional_modules": [],
      "make_solutions": {
        "9efd14b2-bf97-4d40-8f97-655f9cf67fbf": {
          "identifier": "5a59e88c-18f7-47c5-bc69-0e01e6e6a0fb",
          "type": "TransferLiquid",
          "process_times": {},
          "from_reaction": "15e9dada-ee90-47a3-b9b3-26b3d4d84a88",
          "annotations": {
            "chemical": {
              "identifier": "9efd14b2-bf97-4d40-8f97-655f9cf67fbf",
              "smiles": "NNc1cccc(Br)c1",
              "state_of_matter": "LIQUID",
              "molecular_weight": 187.03717999999995,
              "density": 1.0,
              "mass": 1.8703717999999996,
              "is_produced_by": [],
              "is_consumed_by": [
                "15e9dada-ee90-47a3-b9b3-26b3d4d84a88"
              ],
              "provenance__density": "dummy estimator based on mw",
              "provenance__is_consumed_by": null,
              "provenance__is_produced_by": null,
              "provenance__mass": null,
              "provenance__molecular_weight": "periodic table",
              "provenance__smiles": null,
              "provenance__state_of_matter": "dummy estimator based on mw"
            },
            "notes": "add all solvent NNc1cccc(Br)c1"
          },
          "precedents": []
        }
      },
      "add_solutions": {},
      "add_liquids": {
        "1fb3b8ad-3131-48ee-899e-fc212f29afa2": {
          "identifier": "3f3cc18b-cde4-467e-8e35-d071d124ff01",
          "type": "TransferLiquid",
          "process_times": {},
          "from_reaction": "15e9dada-ee90-47a3-b9b3-26b3d4d84a88",
          "annotations": {
            "chemical": {
              "identifier": "1fb3b8ad-3131-48ee-899e-fc212f29afa2",
              "smiles": "Cl",
              "state_of_matter": "LIQUID",
              "molecular_weight": 36.46094,
              "density": 1.0,
              "mass": 0.36460940000000003,
              "is_produced_by": [],
              "is_consumed_by": [
                "15e9dada-ee90-47a3-b9b3-26b3d4d84a88"
              ],
              "provenance__density": "dummy estimator based on mw",
              "provenance__is_consumed_by": null,
              "provenance__is_produced_by": null,
              "provenance__mass": null,
              "provenance__molecular_weight": "periodic table",
              "provenance__smiles": null,
              "provenance__state_of_matter": "dummy estimator based on mw"
            },
            "notes": "add liquid Cl"
          },
          "precedents": []
        },
        "034b2beb-2ef1-454d-82b8-547c648dc363": {
          "identifier": "7e3803be-082a-4d77-9cc5-64f9141880fa",
          "type": "TransferLiquid",
          "process_times": {},
          "from_reaction": "15e9dada-ee90-47a3-b9b3-26b3d4d84a88",
          "annotations": {
            "chemical": {
              "identifier": "034b2beb-2ef1-454d-82b8-547c648dc363",
              "smiles": "CCO",
              "state_of_matter": "LIQUID",
              "molecular_weight": 46.06843999999999,
              "density": 1.0,
              "mass": 0.4606843999999999,
              "is_produced_by": [],
              "is_consumed_by": [
                "15e9dada-ee90-47a3-b9b3-26b3d4d84a88"
              ],
              "provenance__density": "dummy estimator based on mw",
              "provenance__is_consumed_by": null,
              "provenance__is_produced_by": null,
              "provenance__mass": null,
              "provenance__molecular_weight": "periodic table",
              "provenance__smiles": null,
              "provenance__state_of_matter": "dummy estimator based on mw"
            },
            "notes": "add liquid CCO"
          },
          "precedents": []
        },
        "220c3ff4-2fb5-49c0-9586-242b42c7330e": {
          "identifier": "cc4ed8fa-600f-43e1-84e2-0b298161c0e7",
          "type": "TransferLiquid",
          "process_times": {},
          "from_reaction": "15e9dada-ee90-47a3-b9b3-26b3d4d84a88",
          "annotations": {
            "chemical": {
              "identifier": "220c3ff4-2fb5-49c0-9586-242b42c7330e",
              "smiles": "O=C1CCNCC1",
              "state_of_matter": "LIQUID",
              "molecular_weight": 99.13106000000005,
              "density": 1.0,
              "mass": 0.9913106000000005,
              "is_produced_by": [],
              "is_consumed_by": [
                "15e9dada-ee90-47a3-b9b3-26b3d4d84a88"
              ],
              "provenance__density": "dummy estimator based on mw",
              "provenance__is_consumed_by": null,
              "provenance__is_produced_by": null,
              "provenance__mass": null,
              "provenance__molecular_weight": "periodic table",
              "provenance__smiles": null,
              "provenance__state_of_matter": "dummy estimator based on mw"
            },
            "notes": "add liquid O=C1CCNCC1"
          },
          "precedents": []
        }
      },
      "heat": {
        "identifier": "3273c1f4-b829-4369-8210-e83d905d454a",
        "type": "Heating",
        "process_times": {},
        "from_reaction": "15e9dada-ee90-47a3-b9b3-26b3d4d84a88",
        "annotations": {
          "temperature": 323.0150502026081,
          "notes": "heating the reaction vessel to afford product: Brc1ccc2c3c([nH]c2c1)CCNC3"
        },
        "precedents": [
          "3f3cc18b-cde4-467e-8e35-d071d124ff01",
          "7e3803be-082a-4d77-9cc5-64f9141880fa",
          "cc4ed8fa-600f-43e1-84e2-0b298161c0e7",
          "5a59e88c-18f7-47c5-bc69-0e01e6e6a0fb"
        ]
      },
      "concentrate_and_purify": {
        "identifier": "cb68ce1c-af6e-45ea-a6ee-e326d4a254ae",
        "type": "ConcentrationAndPurification",
        "process_times": {},
        "from_reaction": "15e9dada-ee90-47a3-b9b3-26b3d4d84a88",
        "annotations": {
          "chemical": {
            "identifier": "939e14a0-b025-432b-8ffe-d0a212be7881",
            "smiles": "Brc1ccc2c3c([nH]c2c1)CCNC3",
            "state_of_matter": "SOLID",
            "molecular_weight": 251.12243999999984,
            "density": 1.4,
            "mass": 2.5112243999999984,
            "is_produced_by": [
              "15e9dada-ee90-47a3-b9b3-26b3d4d84a88"
            ],
            "is_consumed_by": [],
            "provenance__density": "dummy estimator based on mw",
            "provenance__is_consumed_by": null,
            "provenance__is_produced_by": null,
            "provenance__mass": null,
            "provenance__molecular_weight": "periodic table",
            "provenance__smiles": null,
            "provenance__state_of_matter": "dummy estimator based on mw"
          },
          "notes": "purify and concentrate the product: Brc1ccc2c3c([nH]c2c1)CCNC3"
        },
        "precedents": [
          "3273c1f4-b829-4369-8210-e83d905d454a"
        ]
      },
      "lmin": {
        "3273c1f4-b829-4369-8210-e83d905d454a": {
          "cb68ce1c-af6e-45ea-a6ee-e326d4a254ae": 56.11248654882744
        }
      },
      "lmax": {}
    }
  ],
  "adjacency_data": {
    "directed": true,
    "multigraph": false,
    "graph": [],
    "nodes": [
      {
        "id": "b734c886-8267-423a-8135-dfbdddef7371"
      },
      {
        "id": "27b9647b-e71b-45f1-81bc-2523721ffa8c"
      },
      {
        "id": "8d553597-a6f1-496c-a66e-1fa1f55158e1"
      },
      {
        "id": "f6a3b799-3e68-4d7f-9cf2-fb9a5cebce3e"
      },
      {
        "id": "4548aea2-d436-4bd5-b00b-728bd85735ff"
      },
      {
        "id": "e3448e02-990a-4b83-ba53-04b7af90e558"
      },
      {
        "id": "949bd27d-df99-40c8-a4ca-c50f92087c88"
      },
      {
        "id": "8c980a87-a2b9-406e-9cbf-21d0e771bf02"
      },
      {
        "id": "cb68ce1c-af6e-45ea-a6ee-e326d4a254ae"
      },
      {
        "id": "2be43847-f069-45b3-8fee-e1dec63ee68e"
      },
      {
        "id": "c2920058-5a91-4175-9254-a72d5752be20"
      },
      {
        "id": "b78d3d4f-0033-47cd-8d3f-30f4512191ca"
      },
      {
        "id": "c05fef1f-01f7-4ca6-a63b-099f16631205"
      },
      {
        "id": "3b1770d1-6906-4a7b-ad02-9663fa8fd20d"
      },
      {
        "id": "f358d81d-9d22-4872-b881-ac95bde77e9d"
      },
      {
        "id": "37c08aac-02db-4273-ae91-ae7b46220760"
      },
      {
        "id": "aef5ea01-162b-49be-8654-b4a3f34c2863"
      },
      {
        "id": "95b71e37-1ba4-422f-902f-9148c752ec40"
      },
      {
        "id": "d136b083-8d1c-4095-9c1e-bc917abd68df"
      },
      {
        "id": "1bfaafd8-b7c2-4c04-8bc6-b5d8db8671c1"
      },
      {
        "id": "d9ec6e41-7f97-40cc-8be9-1a570e60422d"
      },
      {
        "id": "9d1bdf42-a21b-4de3-8fbf-7aba96cef342"
      },
      {
        "id": "769b7f74-24e2-4a8f-893a-076f01df3131"
      },
      {
        "id": "c034e166-be73-4f55-846c-934ec4d4a2e3"
      },
      {
        "id": "3dbc0823-5171-4ba7-9f5e-4b09d5b715af"
      },
      {
        "id": "4acda70d-e52b-458e-ab22-881331088c10"
      },
      {
        "id": "e789da4a-8384-4213-801c-229291177560"
      },
      {
        "id": "df8aeded-b378-4448-9d80-fafc5f8ab00c"
      },
      {
        "id": "db21e78d-a171-4232-accd-7e8fde2401aa"
      },
      {
        "id": "3f3cc18b-cde4-467e-8e35-d071d124ff01"
      },
      {
        "id": "3273c1f4-b829-4369-8210-e83d905d454a"
      },
      {
        "id": "7e3803be-082a-4d77-9cc5-64f9141880fa"
      },
      {
        "id": "cc4ed8fa-600f-43e1-84e2-0b298161c0e7"
      },
      {
        "id": "5a59e88c-18f7-47c5-bc69-0e01e6e6a0fb"
      }
    ],
    "adjacency": [
      [
        {
          "lmin": 0,
          "lmax": Infinity,
          "id": "27b9647b-e71b-45f1-81bc-2523721ffa8c"
        }
      ],
      [
        {
          "lmin": 0,
          "lmax": Infinity,
          "id": "4548aea2-d436-4bd5-b00b-728bd85735ff"
        },
        {
          "lmin": 0,
          "lmax": 62.57939746140073,
          "id": "949bd27d-df99-40c8-a4ca-c50f92087c88"
        }
      ],
      [
        {
          "lmin": 0,
          "lmax": Infinity,
          "id": "f6a3b799-3e68-4d7f-9cf2-fb9a5cebce3e"
        },
        {
          "lmin": 0,
          "lmax": 38.549663634529466,
          "id": "949bd27d-df99-40c8-a4ca-c50f92087c88"
        }
      ],
      [
        {
          "lmin": 0,
          "lmax": Infinity,
          "id": "949bd27d-df99-40c8-a4ca-c50f92087c88"
        }
      ],
      [
        {
          "lmin": 0,
          "lmax": Infinity,
          "id": "949bd27d-df99-40c8-a4ca-c50f92087c88"
        }
      ],
      [
        {
          "lmin": 0,
          "lmax": Infinity,
          "id": "949bd27d-df99-40c8-a4ca-c50f92087c88"
        }
      ],
      [
        {
          "lmin": 50.16725270731011,
          "lmax": Infinity,
          "id": "8c980a87-a2b9-406e-9cbf-21d0e771bf02"
        }
      ],
      [
        {
          "lmin": 0,
          "lmax": Infinity,
          "id": "1bfaafd8-b7c2-4c04-8bc6-b5d8db8671c1"
        }
      ],
      [
        {
          "lmin": 0,
          "lmax": Infinity,
          "id": "2be43847-f069-45b3-8fee-e1dec63ee68e"
        }
      ],
      [
        {
          "lmin": 0,
          "lmax": Infinity,
          "id": "c2920058-5a91-4175-9254-a72d5752be20"
        },
        {
          "lmin": 0,
          "lmax": 89.5932932138687,
          "id": "c05fef1f-01f7-4ca6-a63b-099f16631205"
        }
      ],
      [
        {
          "lmin": 0,
          "lmax": Infinity,
          "id": "c05fef1f-01f7-4ca6-a63b-099f16631205"
        }
      ],
      [
        {
          "lmin": 0,
          "lmax": Infinity,
          "id": "c05fef1f-01f7-4ca6-a63b-099f16631205"
        }
      ],
      [
        {
          "lmin": 14.560797691511294,
          "lmax": Infinity,
          "id": "b734c886-8267-423a-8135-dfbdddef7371"
        }
      ],
      [
        {
          "lmin": 0,
          "lmax": Infinity,
          "id": "f358d81d-9d22-4872-b881-ac95bde77e9d"
        }
      ],
      [
        {
          "lmin": 0,
          "lmax": Infinity,
          "id": "37c08aac-02db-4273-ae91-ae7b46220760"
        },
        {
          "lmin": 0,
          "lmax": 89.87829786516747,
          "id": "95b71e37-1ba4-422f-902f-9148c752ec40"
        }
      ],
      [
        {
          "lmin": 0,
          "lmax": Infinity,
          "id": "95b71e37-1ba4-422f-902f-9148c752ec40"
        }
      ],
      [
        {
          "lmin": 0,
          "lmax": Infinity,
          "id": "95b71e37-1ba4-422f-902f-9148c752ec40"
        }
      ],
      [
        {
          "lmin": 53.75436436680728,
          "lmax": Infinity,
          "id": "d136b083-8d1c-4095-9c1e-bc917abd68df"
        }
      ],
      [],
      [
        {
          "lmin": 0,
          "lmax": Infinity,
          "id": "3dbc0823-5171-4ba7-9f5e-4b09d5b715af"
        },
        {
          "lmin": 0,
          "lmax": 37.48864287768643,
          "id": "db21e78d-a171-4232-accd-7e8fde2401aa"
        }
      ],
      [
        {
          "lmin": 0,
          "lmax": Infinity,
          "id": "9d1bdf42-a21b-4de3-8fbf-7aba96cef342"
        },
        {
          "lmin": 0,
          "lmax": 48.086807527214546,
          "id": "db21e78d-a171-4232-accd-7e8fde2401aa"
        }
      ],
      [
        {
          "lmin": 0,
          "lmax": Infinity,
          "id": "db21e78d-a171-4232-accd-7e8fde2401aa"
        }
      ],
      [
        {
          "lmin": 0,
          "lmax": Infinity,
          "id": "c034e166-be73-4f55-846c-934ec4d4a2e3"
        },
        {
          "lmin": 0,
          "lmax": 47.465440350723895,
          "id": "db21e78d-a171-4232-accd-7e8fde2401aa"
        }
      ],
      [
        {
          "lmin": 0,
          "lmax": Infinity,
          "id": "db21e78d-a171-4232-accd-7e8fde2401aa"
        }
      ],
      [
        {
          "lmin": 0,
          "lmax": Infinity,
          "id": "db21e78d-a171-4232-accd-7e8fde2401aa"
        }
      ],
      [
        {
          "lmin": 0,
          "lmax": Infinity,
          "id": "e789da4a-8384-4213-801c-229291177560"
        },
        {
          "lmin": 0,
          "lmax": 49.96503076604017,
          "id": "db21e78d-a171-4232-accd-7e8fde2401aa"
        }
      ],
      [
        {
          "lmin": 0,
          "lmax": Infinity,
          "id": "db21e78d-a171-4232-accd-7e8fde2401aa"
        }
      ],
      [
        {
          "lmin": 0,
          "lmax": Infinity,
          "id": "db21e78d-a171-4232-accd-7e8fde2401aa"
        }
      ],
      [
        {
          "lmin": 34.464339058495256,
          "lmax": Infinity,
          "id": "3b1770d1-6906-4a7b-ad02-9663fa8fd20d"
        }
      ],
      [
        {
          "lmin": 0,
          "lmax": Infinity,
          "id": "3273c1f4-b829-4369-8210-e83d905d454a"
        }
      ],
      [
        {
          "lmin": 56.11248654882744,
          "lmax": Infinity,
          "id": "cb68ce1c-af6e-45ea-a6ee-e326d4a254ae"
        }
      ],
      [
        {
          "lmin": 0,
          "lmax": Infinity,
          "id": "3273c1f4-b829-4369-8210-e83d905d454a"
        }
      ],
      [
        {
          "lmin": 0,
          "lmax": Infinity,
          "id": "3273c1f4-b829-4369-8210-e83d905d454a"
        }
      ],
      [
        {
          "lmin": 0,
          "lmax": Infinity,
          "id": "3273c1f4-b829-4369-8210-e83d905d454a"
        }
      ]
    ]
  }
}