{
  "identifier": "82c15946-d771-460d-b4c4-75ea60e5c3b7",
  "chemical_reactions": [
    {
      "identifier": "578b953b-c290-4c7a-9103-5333a5e52d35",
      "reactants": [
        {
          "identifier": "2dfc37d5-bca0-44a2-95ff-81e83a13fe6b",
          "smiles": "Brc1ccc2c(c1)[nH]c1ccncc12",
          "state_of_matter": "SOLID",
          "molecular_weight": 247.09067999999988,
          "density": 1.4,
          "mass": 2.470906799999999,
          "is_produced_by": [],
          "is_consumed_by": [
            "578b953b-c290-4c7a-9103-5333a5e52d35"
          ],
          "provenance__density": "dummy estimator based on mw",
          "provenance__is_consumed_by": null,
          "provenance__is_produced_by": null,
          "provenance__mass": null,
          "provenance__molecular_weight": "periodic table",
          "provenance__smiles": null,
          "provenance__state_of_matter": "dummy estimator based on mw"
        },
        {
          "identifier": "0b823035-fa32-48d1-ab5f-4de165830773",
          "smiles": "CC(C)(C)OC(=O)OC(=O)OC(C)(C)C",
          "state_of_matter": "SOLID",
          "molecular_weight": 218.24691999999976,
          "density": 1.4,
          "mass": 2.1824691999999977,
          "is_produced_by": [],
          "is_consumed_by": [
            "578b953b-c290-4c7a-9103-5333a5e52d35"
          ],
          "provenance__density": "dummy estimator based on mw",
          "provenance__is_consumed_by": null,
          "provenance__is_produced_by": null,
          "provenance__mass": null,
          "provenance__molecular_weight": "periodic table",
          "provenance__smiles": null,
          "provenance__state_of_matter": "dummy estimator based on mw"
        }
      ],
      "reagents": [
        {
          "identifier": "07bf146e-57c6-41e8-9ff0-377a352d05fa",
          "smiles": "C1CCOC1",
          "state_of_matter": "LIQUID",
          "molecular_weight": 72.10572000000005,
          "density": 1.0,
          "mass": 0.7210572000000005,
          "is_produced_by": [],
          "is_consumed_by": [
            "578b953b-c290-4c7a-9103-5333a5e52d35"
          ],
          "provenance__density": "dummy estimator based on mw",
          "provenance__is_consumed_by": null,
          "provenance__is_produced_by": null,
          "provenance__mass": null,
          "provenance__molecular_weight": "periodic table",
          "provenance__smiles": null,
          "provenance__state_of_matter": "dummy estimator based on mw"
        },
        {
          "identifier": "91fa29be-bc2e-4736-bcc3-42b906a0c0eb",
          "smiles": "CN(C)c1ccncc1",
          "state_of_matter": "LIQUID",
          "molecular_weight": 122.16770000000005,
          "density": 1.0,
          "mass": 1.2216770000000006,
          "is_produced_by": [],
          "is_consumed_by": [
            "578b953b-c290-4c7a-9103-5333a5e52d35"
          ],
          "provenance__density": "dummy estimator based on mw",
          "provenance__is_consumed_by": null,
          "provenance__is_produced_by": null,
          "provenance__mass": null,
          "provenance__molecular_weight": "periodic table",
          "provenance__smiles": null,
          "provenance__state_of_matter": "dummy estimator based on mw"
        }
      ],
      "products": [
        {
          "identifier": "f204814e-8a9e-4fc4-9ce9-4c8a5aa402e4",
          "smiles": "CC(C)(C)OC(=O)n1c2ccncc2c2ccc(Br)cc21",
          "state_of_matter": "SOLID",
          "molecular_weight": 348.2144400000002,
          "density": 1.4,
          "mass": 3.482144400000002,
          "is_produced_by": [
            "578b953b-c290-4c7a-9103-5333a5e52d35"
          ],
          "is_consumed_by": [],
          "provenance__density": "dummy estimator based on mw",
          "provenance__is_consumed_by": null,
          "provenance__is_produced_by": null,
          "provenance__mass": null,
          "provenance__molecular_weight": "periodic table",
          "provenance__smiles": null,
          "provenance__state_of_matter": "dummy estimator based on mw"
        }
      ],
      "stoichiometry": {
        "2dfc37d5-bca0-44a2-95ff-81e83a13fe6b": 1.0,
        "0b823035-fa32-48d1-ab5f-4de165830773": 1.0,
        "f204814e-8a9e-4fc4-9ce9-4c8a5aa402e4": -1.0
      },
      "temperature": 295.06918716430664,
      "intended_ratios": {
        "2dfc37d5-bca0-44a2-95ff-81e83a13fe6b": 1.0,
        "0b823035-fa32-48d1-ab5f-4de165830773": 1.0,
        "07bf146e-57c6-41e8-9ff0-377a352d05fa": 1.0,
        "91fa29be-bc2e-4736-bcc3-42b906a0c0eb": 1.0
      },
      "expected_yields": {
        "f204814e-8a9e-4fc4-9ce9-4c8a5aa402e4": 1.0
      },
      "reaction_extent": 0.01
    },
    {
      "identifier": "23ea8542-1a60-4259-8254-57b0d30b03ff",
      "reactants": [
        {
          "identifier": "c127b292-f184-41a7-9b00-d4e26422cb4a",
          "smiles": "Brc1ccc2c3c([nH]c2c1)CCNC3",
          "state_of_matter": "SOLID",
          "molecular_weight": 251.12243999999984,
          "density": 1.4,
          "mass": 2.5112243999999984,
          "is_produced_by": [],
          "is_consumed_by": [
            "23ea8542-1a60-4259-8254-57b0d30b03ff"
          ],
          "provenance__density": "dummy estimator based on mw",
          "provenance__is_consumed_by": null,
          "provenance__is_produced_by": null,
          "provenance__mass": null,
          "provenance__molecular_weight": "periodic table",
          "provenance__smiles": null,
          "provenance__state_of_matter": "dummy estimator based on mw"
        }
      ],
      "reagents": [
        {
          "identifier": "eb2d1fb1-26b4-42bd-a704-2a21b4ed4aaf",
          "smiles": "ClC(Cl)Cl",
          "state_of_matter": "LIQUID",
          "molecular_weight": 119.37764000000001,
          "density": 1.0,
          "mass": 1.1937764000000002,
          "is_produced_by": [],
          "is_consumed_by": [
            "23ea8542-1a60-4259-8254-57b0d30b03ff"
          ],
          "provenance__density": "dummy estimator based on mw",
          "provenance__is_consumed_by": null,
          "provenance__is_produced_by": null,
          "provenance__mass": null,
          "provenance__molecular_weight": "periodic table",
          "provenance__smiles": null,
          "provenance__state_of_matter": "dummy estimator based on mw"
        },
        {
          "identifier": "332ccff5-b93c-431b-bad2-03ee7888dc5a",
          "smiles": "O=[Mn]=O",
          "state_of_matter": "LIQUID",
          "molecular_weight": 86.936849,
          "density": 1.0,
          "mass": 0.8693684899999999,
          "is_produced_by": [],
          "is_consumed_by": [
            "23ea8542-1a60-4259-8254-57b0d30b03ff"
          ],
          "provenance__density": "dummy estimator based on mw",
          "provenance__is_consumed_by": null,
          "provenance__is_produced_by": null,
          "provenance__mass": null,
          "provenance__molecular_weight": "periodic table",
          "provenance__smiles": null,
          "provenance__state_of_matter": "dummy estimator based on mw"
        }
      ],
      "products": [
        {
          "identifier": "4763537d-d6a9-4639-81b7-66293f0d2f2d",
          "smiles": "Brc1ccc2c(c1)[nH]c1ccncc12",
          "state_of_matter": "SOLID",
          "molecular_weight": 247.09067999999988,
          "density": 1.4,
          "mass": 2.470906799999999,
          "is_produced_by": [
            "23ea8542-1a60-4259-8254-57b0d30b03ff"
          ],
          "is_consumed_by": [],
          "provenance__density": "dummy estimator based on mw",
          "provenance__is_consumed_by": null,
          "provenance__is_produced_by": null,
          "provenance__mass": null,
          "provenance__molecular_weight": "periodic table",
          "provenance__smiles": null,
          "provenance__state_of_matter": "dummy estimator based on mw"
        }
      ],
      "stoichiometry": {
        "c127b292-f184-41a7-9b00-d4e26422cb4a": 1.0,
        "4763537d-d6a9-4639-81b7-66293f0d2f2d": -1.0
      },
      "temperature": 317.3802256464958,
      "intended_ratios": {
        "c127b292-f184-41a7-9b00-d4e26422cb4a": 1.0,
        "eb2d1fb1-26b4-42bd-a704-2a21b4ed4aaf": 1.0,
        "332ccff5-b93c-431b-bad2-03ee7888dc5a": 1.0
      },
      "expected_yields": {
        "4763537d-d6a9-4639-81b7-66293f0d2f2d": 1.0
      },
      "reaction_extent": 0.01
    },
    {
      "identifier": "5fa59cdc-5894-4c25-8dc3-8e596e68057d",
      "reactants": [
        {
          "identifier": "7f2180eb-c23e-4e2b-ae11-a0e905a4fc52",
          "smiles": "CC(C)(C)OC(=O)n1c2ccncc2c2ccc(-c3ccc(F)nc3)cc21",
          "state_of_matter": "SOLID",
          "molecular_weight": 364.3928632000002,
          "density": 1.4,
          "mass": 3.643928632000002,
          "is_produced_by": [],
          "is_consumed_by": [
            "5fa59cdc-5894-4c25-8dc3-8e596e68057d"
          ],
          "provenance__density": "dummy estimator based on mw",
          "provenance__is_consumed_by": null,
          "provenance__is_produced_by": null,
          "provenance__mass": null,
          "provenance__molecular_weight": "periodic table",
          "provenance__smiles": null,
          "provenance__state_of_matter": "dummy estimator based on mw"
        }
      ],
      "reagents": [
        {
          "identifier": "d7e516c6-6a62-4cff-9050-cff63e30b1c2",
          "smiles": "ClCCl",
          "state_of_matter": "LIQUID",
          "molecular_weight": 84.93258000000002,
          "density": 1.0,
          "mass": 0.8493258000000001,
          "is_produced_by": [],
          "is_consumed_by": [
            "5fa59cdc-5894-4c25-8dc3-8e596e68057d"
          ],
          "provenance__density": "dummy estimator based on mw",
          "provenance__is_consumed_by": null,
          "provenance__is_produced_by": null,
          "provenance__mass": null,
          "provenance__molecular_weight": "periodic table",
          "provenance__smiles": null,
          "provenance__state_of_matter": "dummy estimator based on mw"
        },
        {
          "identifier": "99b2ecdf-ccaa-4ed3-8ea3-5fbe5be6c69f",
          "smiles": "O=C(O)C(F)(F)F",
          "state_of_matter": "LIQUID",
          "molecular_weight": 114.0233496,
          "density": 1.0,
          "mass": 1.140233496,
          "is_produced_by": [],
          "is_consumed_by": [
            "5fa59cdc-5894-4c25-8dc3-8e596e68057d"
          ],
          "provenance__density": "dummy estimator based on mw",
          "provenance__is_consumed_by": null,
          "provenance__is_produced_by": null,
          "provenance__mass": null,
          "provenance__molecular_weight": "periodic table",
          "provenance__smiles": null,
          "provenance__state_of_matter": "dummy estimator based on mw"
        }
      ],
      "products": [
        {
          "identifier": "b64e8a5e-1c33-4ffa-9527-0b1c13a2577b",
          "smiles": "Fc1ccc(-c2ccc3c(c2)[nH]c2ccncc23)cn1",
          "state_of_matter": "SOLID",
          "molecular_weight": 263.2691032000001,
          "density": 1.4,
          "mass": 2.6326910320000008,
          "is_produced_by": [
            "5fa59cdc-5894-4c25-8dc3-8e596e68057d"
          ],
          "is_consumed_by": [],
          "provenance__density": "dummy estimator based on mw",
          "provenance__is_consumed_by": null,
          "provenance__is_produced_by": null,
          "provenance__mass": null,
          "provenance__molecular_weight": "periodic table",
          "provenance__smiles": null,
          "provenance__state_of_matter": "dummy estimator based on mw"
        }
      ],
      "stoichiometry": {
        "7f2180eb-c23e-4e2b-ae11-a0e905a4fc52": 1.0,
        "b64e8a5e-1c33-4ffa-9527-0b1c13a2577b": -1.0
      },
      "temperature": 299.5983032941818,
      "intended_ratios": {
        "7f2180eb-c23e-4e2b-ae11-a0e905a4fc52": 1.0,
        "d7e516c6-6a62-4cff-9050-cff63e30b1c2": 1.0,
        "99b2ecdf-ccaa-4ed3-8ea3-5fbe5be6c69f": 1.0
      },
      "expected_yields": {
        "b64e8a5e-1c33-4ffa-9527-0b1c13a2577b": 1.0
      },
      "reaction_extent": 0.01
    },
    {
      "identifier": "7af38cb7-9b5c-4c9d-ad28-1f20e3ca2154",
      "reactants": [
        {
          "identifier": "02cd4820-fb4c-4ffc-b7bc-92c9915eefd8",
          "smiles": "CC(C)(C)OC(=O)n1c2ccncc2c2ccc(Br)cc21",
          "state_of_matter": "SOLID",
          "molecular_weight": 348.2144400000002,
          "density": 1.4,
          "mass": 3.482144400000002,
          "is_produced_by": [],
          "is_consumed_by": [
            "7af38cb7-9b5c-4c9d-ad28-1f20e3ca2154"
          ],
          "provenance__density": "dummy estimator based on mw",
          "provenance__is_consumed_by": null,
          "provenance__is_produced_by": null,
          "provenance__mass": null,
          "provenance__molecular_weight": "periodic table",
          "provenance__smiles": null,
          "provenance__state_of_matter": "dummy estimator based on mw"
        },
        {
          "identifier": "844bb164-bd91-4a8d-a985-6087c689f97b",
          "smiles": "OB(O)c1ccc(F)nc1",
          "state_of_matter": "LIQUID",
          "molecular_weight": 140.90810319999994,
          "density": 1.0,
          "mass": 1.4090810319999993,
          "is_produced_by": [],
          "is_consumed_by": [
            "7af38cb7-9b5c-4c9d-ad28-1f20e3ca2154"
          ],
          "provenance__density": "dummy estimator based on mw",
          "provenance__is_consumed_by": null,
          "provenance__is_produced_by": null,
          "provenance__mass": null,
          "provenance__molecular_weight": "periodic table",
          "provenance__smiles": null,
          "provenance__state_of_matter": "dummy estimator based on mw"
        }
      ],
      "reagents": [
        {
          "identifier": "98d9cf6f-2f25-4ab5-8dd0-8df894d0bacb",
          "smiles": "O=C(O[K])O[K]",
          "state_of_matter": "SOLID",
          "molecular_weight": 138.2055,
          "density": 1.4,
          "mass": 1.382055,
          "is_produced_by": [],
          "is_consumed_by": [
            "7af38cb7-9b5c-4c9d-ad28-1f20e3ca2154"
          ],
          "provenance__density": "dummy estimator based on mw",
          "provenance__is_consumed_by": null,
          "provenance__is_produced_by": null,
          "provenance__mass": null,
          "provenance__molecular_weight": "periodic table",
          "provenance__smiles": null,
          "provenance__state_of_matter": "dummy estimator based on mw"
        },
        {
          "identifier": "0ec28f78-b396-46fc-a137-7c597437544c",
          "smiles": "C1COCCO1",
          "state_of_matter": "LIQUID",
          "molecular_weight": 88.10512000000004,
          "density": 1.0,
          "mass": 0.8810512000000005,
          "is_produced_by": [],
          "is_consumed_by": [
            "7af38cb7-9b5c-4c9d-ad28-1f20e3ca2154"
          ],
          "provenance__density": "dummy estimator based on mw",
          "provenance__is_consumed_by": null,
          "provenance__is_produced_by": null,
          "provenance__mass": null,
          "provenance__molecular_weight": "periodic table",
          "provenance__smiles": null,
          "provenance__state_of_matter": "dummy estimator based on mw"
        },
        {
          "identifier": "16bae5a7-dd75-4789-b561-67040668b9f1",
          "smiles": "C1=C[C-](P(c2ccccc2)c2ccccc2)C=C1.C1=C[C-](P(c2ccccc2)c2ccccc2)C=C1.[Fe+2]",
          "state_of_matter": "SOLID",
          "molecular_weight": 554.3786419999986,
          "density": 1.4,
          "mass": 5.543786419999987,
          "is_produced_by": [],
          "is_consumed_by": [
            "7af38cb7-9b5c-4c9d-ad28-1f20e3ca2154"
          ],
          "provenance__density": "dummy estimator based on mw",
          "provenance__is_consumed_by": null,
          "provenance__is_produced_by": null,
          "provenance__mass": null,
          "provenance__molecular_weight": "periodic table",
          "provenance__smiles": null,
          "provenance__state_of_matter": "dummy estimator based on mw"
        },
        {
          "identifier": "d67697df-e901-4570-b7b1-41d924a002d0",
          "smiles": "Cl[Pd]Cl",
          "state_of_matter": "SOLID",
          "molecular_weight": 177.326,
          "density": 1.4,
          "mass": 1.77326,
          "is_produced_by": [],
          "is_consumed_by": [
            "7af38cb7-9b5c-4c9d-ad28-1f20e3ca2154"
          ],
          "provenance__density": "dummy estimator based on mw",
          "provenance__is_consumed_by": null,
          "provenance__is_produced_by": null,
          "provenance__mass": null,
          "provenance__molecular_weight": "periodic table",
          "provenance__smiles": null,
          "provenance__state_of_matter": "dummy estimator based on mw"
        }
      ],
      "products": [
        {
          "identifier": "3e3e452b-0f74-46d8-9e7d-162d5b6324d9",
          "smiles": "CC(C)(C)OC(=O)n1c2ccncc2c2ccc(-c3ccc(F)nc3)cc21",
          "state_of_matter": "SOLID",
          "molecular_weight": 364.3928632000002,
          "density": 1.4,
          "mass": 3.643928632000002,
          "is_produced_by": [
            "7af38cb7-9b5c-4c9d-ad28-1f20e3ca2154"
          ],
          "is_consumed_by": [],
          "provenance__density": "dummy estimator based on mw",
          "provenance__is_consumed_by": null,
          "provenance__is_produced_by": null,
          "provenance__mass": null,
          "provenance__molecular_weight": "periodic table",
          "provenance__smiles": null,
          "provenance__state_of_matter": "dummy estimator based on mw"
        }
      ],
      "stoichiometry": {
        "02cd4820-fb4c-4ffc-b7bc-92c9915eefd8": 1.0,
        "844bb164-bd91-4a8d-a985-6087c689f97b": 1.0,
        "3e3e452b-0f74-46d8-9e7d-162d5b6324d9": -1.0
      },
      "temperature": 339.4547661960125,
      "intended_ratios": {
        "02cd4820-fb4c-4ffc-b7bc-92c9915eefd8": 1.0,
        "844bb164-bd91-4a8d-a985-6087c689f97b": 1.0,
        "98d9cf6f-2f25-4ab5-8dd0-8df894d0bacb": 1.0,
        "0ec28f78-b396-46fc-a137-7c597437544c": 1.0,
        "16bae5a7-dd75-4789-b561-67040668b9f1": 1.0,
        "d67697df-e901-4570-b7b1-41d924a002d0": 1.0
      },
      "expected_yields": {
        "3e3e452b-0f74-46d8-9e7d-162d5b6324d9": 1.0
      },
      "reaction_extent": 0.01
    },
    {
      "identifier": "15e9dada-ee90-47a3-b9b3-26b3d4d84a88",
      "reactants": [
        {
          "identifier": "9efd14b2-bf97-4d40-8f97-655f9cf67fbf",
          "smiles": "NNc1cccc(Br)c1",
          "state_of_matter": "LIQUID",
          "molecular_weight": 187.03717999999995,
          "density": 1.0,
          "mass": 1.8703717999999996,
          "is_produced_by": [],
          "is_consumed_by": [
            "15e9dada-ee90-47a3-b9b3-26b3d4d84a88"
          ],
          "provenance__density": "dummy estimator based on mw",
          "provenance__is_consumed_by": null,
          "provenance__is_produced_by": null,
          "provenance__mass": null,
          "provenance__molecular_weight": "periodic table",
          "provenance__smiles": null,
          "provenance__state_of_matter": "dummy estimator based on mw"
        },
        {
          "identifier": "220c3ff4-2fb5-49c0-9586-242b42c7330e",
          "smiles": "O=C1CCNCC1",
          "state_of_matter": "LIQUID",
          "molecular_weight": 99.13106000000005,
          "density": 1.0,
          "mass": 0.9913106000000005,
          "is_produced_by": [],
          "is_consumed_by": [
            "15e9dada-ee90-47a3-b9b3-26b3d4d84a88"
          ],
          "provenance__density": "dummy estimator based on mw",
          "provenance__is_consumed_by": null,
          "provenance__is_produced_by": null,
          "provenance__mass": null,
          "provenance__molecular_weight": "periodic table",
          "provenance__smiles": null,
          "provenance__state_of_matter": "dummy estimator based on mw"
        }
      ],
      "reagents": [
        {
          "identifier": "034b2beb-2ef1-454d-82b8-547c648dc363",
          "smiles": "CCO",
          "state_of_matter": "LIQUID",
          "molecular_weight": 46.06843999999999,
          "density": 1.0,
          "mass": 0.4606843999999999,
          "is_produced_by": [],
          "is_consumed_by": [
            "15e9dada-ee90-47a3-b9b3-26b3d4d84a88"
          ],
          "provenance__density": "dummy estimator based on mw",
          "provenance__is_consumed_by": null,
          "provenance__is_produced_by": null,
          "provenance__mass": null,
          "provenance__molecular_weight": "periodic table",
          "provenance__smiles": null,
          "provenance__state_of_matter": "dummy estimator based on mw"
        },
        {
          "identifier": "1fb3b8ad-3131-48ee-899e-fc212f29afa2",
          "smiles": "Cl",
          "state_of_matter": "LIQUID",
          "molecular_weight": 36.46094,
          "density": 1.0,
          "mass": 0.36460940000000003,
          "is_produced_by": [],
          "is_consumed_by": [
            "15e9dada-ee90-47a3-b9b3-26b3d4d84a88"
          ],
          "provenance__density": "dummy estimator based on mw",
          "provenance__is_consumed_by": null,
          "provenance__is_produced_by": null,
          "provenance__mass": null,
          "provenance__molecular_weight": "periodic table",
          "provenance__smiles": null,
          "provenance__state_of_matter": "dummy estimator based on mw"
        }
      ],
      "products": [
        {
          "identifier": "939e14a0-b025-432b-8ffe-d0a212be7881",
          "smiles": "Brc1ccc2c3c([nH]c2c1)CCNC3",
          "state_of_matter": "SOLID",
          "molecular_weight": 251.12243999999984,
          "density": 1.4,
          "mass": 2.5112243999999984,
          "is_produced_by": [
            "15e9dada-ee90-47a3-b9b3-26b3d4d84a88"
          ],
          "is_consumed_by": [],
          "provenance__density": "dummy estimator based on mw",
          "provenance__is_consumed_by": null,
          "provenance__is_produced_by": null,
          "provenance__mass": null,
          "provenance__molecular_weight": "periodic table",
          "provenance__smiles": null,
          "provenance__state_of_matter": "dummy estimator based on mw"
        }
      ],
      "stoichiometry": {
        "9efd14b2-bf97-4d40-8f97-655f9cf67fbf": 1.0,
        "220c3ff4-2fb5-49c0-9586-242b42c7330e": 1.0,
        "939e14a0-b025-432b-8ffe-d0a212be7881": -1.0
      },
      "temperature": 323.0150502026081,
      "intended_ratios": {
        "9efd14b2-bf97-4d40-8f97-655f9cf67fbf": 1.0,
        "220c3ff4-2fb5-49c0-9586-242b42c7330e": 1.0,
        "034b2beb-2ef1-454d-82b8-547c648dc363": 1.0,
        "1fb3b8ad-3131-48ee-899e-fc212f29afa2": 1.0
      },
      "expected_yields": {
        "939e14a0-b025-432b-8ffe-d0a212be7881": 1.0
      },
      "reaction_extent": 0.01
    }
  ],
  "molecular_nodes": [
    "Brc1ccc2c(c1)[nH]c1ccncc12",
    "Brc1ccc2c3c([nH]c2c1)CCNC3",
    "C1=C[C-](P(c2ccccc2)c2ccccc2)C=C1.C1=C[C-](P(c2ccccc2)c2ccccc2)C=C1.[Fe+2]",
    "C1CCOC1",
    "C1COCCO1",
    "CC(C)(C)OC(=O)OC(=O)OC(C)(C)C",
    "CC(C)(C)OC(=O)n1c2ccncc2c2ccc(-c3ccc(F)nc3)cc21",
    "CC(C)(C)OC(=O)n1c2ccncc2c2ccc(Br)cc21",
    "CCO",
    "CN(C)c1ccncc1",
    "Cl",
    "ClC(Cl)Cl",
    "ClCCl",
    "Cl[Pd]Cl",
    "Fc1ccc(-c2ccc3c(c2)[nH]c2ccncc23)cn1",
    "NNc1cccc(Br)c1",
    "O=C(O)C(F)(F)F",
    "O=C(O[K])O[K]",
    "O=C1CCNCC1",
    "O=[Mn]=O",
    "OB(O)c1ccc(F)nc1"
  ],
  "edges": [
    [
      "15e9dada-ee90-47a3-b9b3-26b3d4d84a88",
      "Brc1ccc2c3c([nH]c2c1)CCNC3"
    ],
    [
      "23ea8542-1a60-4259-8254-57b0d30b03ff",
      "Brc1ccc2c(c1)[nH]c1ccncc12"
    ],
    [
      "578b953b-c290-4c7a-9103-5333a5e52d35",
      "CC(C)(C)OC(=O)n1c2ccncc2c2ccc(Br)cc21"
    ],
    [
      "5fa59cdc-5894-4c25-8dc3-8e596e68057d",
      "Fc1ccc(-c2ccc3c(c2)[nH]c2ccncc23)cn1"
    ],
    [
      "7af38cb7-9b5c-4c9d-ad28-1f20e3ca2154",
      "CC(C)(C)OC(=O)n1c2ccncc2c2ccc(-c3ccc(F)nc3)cc21"
    ],
    [
      "Brc1ccc2c(c1)[nH]c1ccncc12",
      "578b953b-c290-4c7a-9103-5333a5e52d35"
    ],
    [
      "Brc1ccc2c3c([nH]c2c1)CCNC3",
      "23ea8542-1a60-4259-8254-57b0d30b03ff"
    ],
    [
      "C1=C[C-](P(c2ccccc2)c2ccccc2)C=C1.C1=C[C-](P(c2ccccc2)c2ccccc2)C=C1.[Fe+2]",
      "7af38cb7-9b5c-4c9d-ad28-1f20e3ca2154"
    ],
    [
      "C1CCOC1",
      "578b953b-c290-4c7a-9103-5333a5e52d35"
    ],
    [
      "C1COCCO1",
      "7af38cb7-9b5c-4c9d-ad28-1f20e3ca2154"
    ],
    [
      "CC(C)(C)OC(=O)OC(=O)OC(C)(C)C",
      "578b953b-c290-4c7a-9103-5333a5e52d35"
    ],
    [
      "CC(C)(C)OC(=O)n1c2ccncc2c2ccc(-c3ccc(F)nc3)cc21",
      "5fa59cdc-5894-4c25-8dc3-8e596e68057d"
    ],
    [
      "CC(C)(C)OC(=O)n1c2ccncc2c2ccc(Br)cc21",
      "7af38cb7-9b5c-4c9d-ad28-1f20e3ca2154"
    ],
    [
      "CCO",
      "15e9dada-ee90-47a3-b9b3-26b3d4d84a88"
    ],
    [
      "CN(C)c1ccncc1",
      "578b953b-c290-4c7a-9103-5333a5e52d35"
    ],
    [
      "Cl",
      "15e9dada-ee90-47a3-b9b3-26b3d4d84a88"
    ],
    [
      "ClC(Cl)Cl",
      "23ea8542-1a60-4259-8254-57b0d30b03ff"
    ],
    [
      "ClCCl",
      "5fa59cdc-5894-4c25-8dc3-8e596e68057d"
    ],
    [
      "Cl[Pd]Cl",
      "7af38cb7-9b5c-4c9d-ad28-1f20e3ca2154"
    ],
    [
      "NNc1cccc(Br)c1",
      "15e9dada-ee90-47a3-b9b3-26b3d4d84a88"
    ],
    [
      "O=C(O)C(F)(F)F",
      "5fa59cdc-5894-4c25-8dc3-8e596e68057d"
    ],
    [
      "O=C(O[K])O[K]",
      "7af38cb7-9b5c-4c9d-ad28-1f20e3ca2154"
    ],
    [
      "O=C1CCNCC1",
      "15e9dada-ee90-47a3-b9b3-26b3d4d84a88"
    ],
    [
      "O=[Mn]=O",
      "23ea8542-1a60-4259-8254-57b0d30b03ff"
    ],
    [
      "OB(O)c1ccc(F)nc1",
      "7af38cb7-9b5c-4c9d-ad28-1f20e3ca2154"
    ]
  ]
}