{
  "identifier": "9090f313-2de4-4e8e-b28b-f567fe9181ea",
  "chemical_reactions": [
    {
      "identifier": "1c717b7b-7a9e-4110-8896-556e5a56b5be",
      "reactants": [
        {
          "identifier": "d0760875-190d-49cb-afd6-d32092cb5412",
          "smiles": "CC(C)N",
          "state_of_matter": "LIQUID",
          "molecular_weight": 59.11025999999998,
          "density": 1.0,
          "mass": 59.11025999999998,
          "is_produced_by": [],
          "is_consumed_by": [
            "1c717b7b-7a9e-4110-8896-556e5a56b5be"
          ],
          "provenance__density": "dummy estimator based on mw",
          "provenance__is_consumed_by": null,
          "provenance__is_produced_by": null,
          "provenance__mass": null,
          "provenance__molecular_weight": "periodic table",
          "provenance__smiles": null,
          "provenance__state_of_matter": "dummy estimator based on mw"
        },
        {
          "identifier": "40cd74fc-42ad-49a7-86ce-17e59a49a03a",
          "smiles": "COc1cc(OC)cc(N(CCCl)c2ccc3ncc(-c4cnn(C)c4)nc3c2)c1",
          "state_of_matter": "SOLID",
          "molecular_weight": 424.90332000000035,
          "density": 1.4,
          "mass": 424.90332000000035,
          "is_produced_by": [],
          "is_consumed_by": [
            "1c717b7b-7a9e-4110-8896-556e5a56b5be"
          ],
          "provenance__density": "dummy estimator based on mw",
          "provenance__is_consumed_by": null,
          "provenance__is_produced_by": null,
          "provenance__mass": null,
          "provenance__molecular_weight": "periodic table",
          "provenance__smiles": null,
          "provenance__state_of_matter": "dummy estimator based on mw"
        }
      ],
      "reagents": [
        {
          "identifier": "ca023749-cb35-4156-86db-9217558b7c26",
          "smiles": "C1COCCO1",
          "state_of_matter": "LIQUID",
          "molecular_weight": 88.10512000000004,
          "density": 1.0,
          "mass": 88.10512000000004,
          "is_produced_by": [],
          "is_consumed_by": [
            "1c717b7b-7a9e-4110-8896-556e5a56b5be"
          ],
          "provenance__density": "dummy estimator based on mw",
          "provenance__is_consumed_by": null,
          "provenance__is_produced_by": null,
          "provenance__mass": null,
          "provenance__molecular_weight": "periodic table",
          "provenance__smiles": null,
          "provenance__state_of_matter": "dummy estimator based on mw"
        }
      ],
      "products": [
        {
          "identifier": "80ea42f9-57c0-43b0-b2ad-0d3f48b80675",
          "smiles": "COc1cc(OC)cc(N(CCNC(C)C)c2ccc3ncc(-c4cnn(C)c4)nc3c2)c1",
          "state_of_matter": "SOLID",
          "molecular_weight": 447.55264000000045,
          "density": 1.4,
          "mass": 447.55264000000045,
          "is_produced_by": [
            "1c717b7b-7a9e-4110-8896-556e5a56b5be"
          ],
          "is_consumed_by": [],
          "provenance__density": "dummy estimator based on mw",
          "provenance__is_consumed_by": null,
          "provenance__is_produced_by": null,
          "provenance__mass": null,
          "provenance__molecular_weight": "periodic table",
          "provenance__smiles": null,
          "provenance__state_of_matter": "dummy estimator based on mw"
        }
      ],
      "stoichiometry": {
        "d0760875-190d-49cb-afd6-d32092cb5412": 1.0,
        "40cd74fc-42ad-49a7-86ce-17e59a49a03a": 1.0,
        "80ea42f9-57c0-43b0-b2ad-0d3f48b80675": -1.0
      },
      "temperature": 341.7540028095245,
      "intended_ratios": {
        "d0760875-190d-49cb-afd6-d32092cb5412": 1.0,
        "40cd74fc-42ad-49a7-86ce-17e59a49a03a": 1.0,
        "ca023749-cb35-4156-86db-9217558b7c26": 1.0
      },
      "expected_yields": {
        "80ea42f9-57c0-43b0-b2ad-0d3f48b80675": 1.0
      },
      "reaction_extent": 1.0
    },
    {
      "identifier": "9df171b9-956c-464e-bef6-9960a1f0d243",
      "reactants": [
        {
          "identifier": "ebdd5e8c-ab0c-407c-a05b-25c5c1492072",
          "smiles": "COc1cc(N)cc(OC)c1",
          "state_of_matter": "LIQUID",
          "molecular_weight": 153.17843999999988,
          "density": 1.0,
          "mass": 153.17843999999988,
          "is_produced_by": [],
          "is_consumed_by": [
            "9df171b9-956c-464e-bef6-9960a1f0d243"
          ],
          "provenance__density": "dummy estimator based on mw",
          "provenance__is_consumed_by": null,
          "provenance__is_produced_by": null,
          "provenance__mass": null,
          "provenance__molecular_weight": "periodic table",
          "provenance__smiles": null,
          "provenance__state_of_matter": "dummy estimator based on mw"
        },
        {
          "identifier": "c5cb7554-c827-48ff-bc9a-32c5e1e8fddb",
          "smiles": "Cn1cc(-c2cnc3ccc(Br)cc3n2)cn1",
          "state_of_matter": "SOLID",
          "molecular_weight": 290.1386000000002,
          "density": 1.4,
          "mass": 290.1386000000002,
          "is_produced_by": [],
          "is_consumed_by": [
            "9df171b9-956c-464e-bef6-9960a1f0d243"
          ],
          "provenance__density": "dummy estimator based on mw",
          "provenance__is_consumed_by": null,
          "provenance__is_produced_by": null,
          "provenance__mass": null,
          "provenance__molecular_weight": "periodic table",
          "provenance__smiles": null,
          "provenance__state_of_matter": "dummy estimator based on mw"
        }
      ],
      "reagents": [
        {
          "identifier": "4f6ae40e-3cda-43ec-9256-cd344cc48d3f",
          "smiles": "C1COCCO1",
          "state_of_matter": "LIQUID",
          "molecular_weight": 88.10512000000004,
          "density": 1.0,
          "mass": 88.10512000000004,
          "is_produced_by": [],
          "is_consumed_by": [
            "9df171b9-956c-464e-bef6-9960a1f0d243"
          ],
          "provenance__density": "dummy estimator based on mw",
          "provenance__is_consumed_by": null,
          "provenance__is_produced_by": null,
          "provenance__mass": null,
          "provenance__molecular_weight": "periodic table",
          "provenance__smiles": null,
          "provenance__state_of_matter": "dummy estimator based on mw"
        },
        {
          "identifier": "ca82947f-21e0-4de5-9fbc-b0c607e50242",
          "smiles": "[Pd]",
          "state_of_matter": "SOLID",
          "molecular_weight": 106.42,
          "density": 1.4,
          "mass": 106.42,
          "is_produced_by": [],
          "is_consumed_by": [
            "9df171b9-956c-464e-bef6-9960a1f0d243"
          ],
          "provenance__density": "dummy estimator based on mw",
          "provenance__is_consumed_by": null,
          "provenance__is_produced_by": null,
          "provenance__mass": null,
          "provenance__molecular_weight": "periodic table",
          "provenance__smiles": null,
          "provenance__state_of_matter": "dummy estimator based on mw"
        },
        {
          "identifier": "783ec190-cd85-4f78-b9d4-e5e9ca66e5f5",
          "smiles": "CC(C)(C)O[Na]",
          "state_of_matter": "SOLID",
          "molecular_weight": 96.10343000000005,
          "density": 1.4,
          "mass": 96.10343000000005,
          "is_produced_by": [],
          "is_consumed_by": [
            "9df171b9-956c-464e-bef6-9960a1f0d243"
          ],
          "provenance__density": "dummy estimator based on mw",
          "provenance__is_consumed_by": null,
          "provenance__is_produced_by": null,
          "provenance__mass": null,
          "provenance__molecular_weight": "periodic table",
          "provenance__smiles": null,
          "provenance__state_of_matter": "dummy estimator based on mw"
        }
      ],
      "products": [
        {
          "identifier": "c3883c59-673e-4c85-b207-d32cf9119e98",
          "smiles": "COc1cc(Nc2ccc3ncc(-c4cnn(C)c4)nc3c2)cc(OC)c1",
          "state_of_matter": "SOLID",
          "molecular_weight": 362.40510000000023,
          "density": 1.4,
          "mass": 362.40510000000023,
          "is_produced_by": [
            "9df171b9-956c-464e-bef6-9960a1f0d243"
          ],
          "is_consumed_by": [],
          "provenance__density": "dummy estimator based on mw",
          "provenance__is_consumed_by": null,
          "provenance__is_produced_by": null,
          "provenance__mass": null,
          "provenance__molecular_weight": "periodic table",
          "provenance__smiles": null,
          "provenance__state_of_matter": "dummy estimator based on mw"
        }
      ],
      "stoichiometry": {
        "ebdd5e8c-ab0c-407c-a05b-25c5c1492072": 1.0,
        "c5cb7554-c827-48ff-bc9a-32c5e1e8fddb": 1.0,
        "c3883c59-673e-4c85-b207-d32cf9119e98": -1.0
      },
      "temperature": 356.5717721521854,
      "intended_ratios": {
        "ebdd5e8c-ab0c-407c-a05b-25c5c1492072": 1.0,
        "c5cb7554-c827-48ff-bc9a-32c5e1e8fddb": 1.0,
        "4f6ae40e-3cda-43ec-9256-cd344cc48d3f": 1.0,
        "ca82947f-21e0-4de5-9fbc-b0c607e50242": 1.0,
        "783ec190-cd85-4f78-b9d4-e5e9ca66e5f5": 1.0
      },
      "expected_yields": {
        "c3883c59-673e-4c85-b207-d32cf9119e98": 1.0
      },
      "reaction_extent": 1.0
    },
    {
      "identifier": "13a71ba7-d840-4e81-b452-7b905c5a2628",
      "reactants": [
        {
          "identifier": "7eb53e2a-20a2-4ba8-aae2-678d756b9efc",
          "smiles": "COc1cc(Nc2ccc3ncc(-c4cnn(C)c4)nc3c2)cc(OC)c1",
          "state_of_matter": "SOLID",
          "molecular_weight": 362.40510000000023,
          "density": 1.4,
          "mass": 362.40510000000023,
          "is_produced_by": [],
          "is_consumed_by": [
            "13a71ba7-d840-4e81-b452-7b905c5a2628"
          ],
          "provenance__density": "dummy estimator based on mw",
          "provenance__is_consumed_by": null,
          "provenance__is_produced_by": null,
          "provenance__mass": null,
          "provenance__molecular_weight": "periodic table",
          "provenance__smiles": null,
          "provenance__state_of_matter": "dummy estimator based on mw"
        },
        {
          "identifier": "37519d3a-ea4d-4957-80e2-fb96264a35c9",
          "smiles": "ClCCBr",
          "state_of_matter": "LIQUID",
          "molecular_weight": 143.41015999999996,
          "density": 1.0,
          "mass": 143.41015999999996,
          "is_produced_by": [],
          "is_consumed_by": [
            "13a71ba7-d840-4e81-b452-7b905c5a2628"
          ],
          "provenance__density": "dummy estimator based on mw",
          "provenance__is_consumed_by": null,
          "provenance__is_produced_by": null,
          "provenance__mass": null,
          "provenance__molecular_weight": "periodic table",
          "provenance__smiles": null,
          "provenance__state_of_matter": "dummy estimator based on mw"
        }
      ],
      "reagents": [
        {
          "identifier": "ef471522-963f-435b-b67d-c37b0b7cc894",
          "smiles": "CN(C)C=O",
          "state_of_matter": "LIQUID",
          "molecular_weight": 73.09378000000004,
          "density": 1.0,
          "mass": 73.09378000000004,
          "is_produced_by": [],
          "is_consumed_by": [
            "13a71ba7-d840-4e81-b452-7b905c5a2628"
          ],
          "provenance__density": "dummy estimator based on mw",
          "provenance__is_consumed_by": null,
          "provenance__is_produced_by": null,
          "provenance__mass": null,
          "provenance__molecular_weight": "periodic table",
          "provenance__smiles": null,
          "provenance__state_of_matter": "dummy estimator based on mw"
        },
        {
          "identifier": "a8e779b2-a530-4026-a332-d540fef159a1",
          "smiles": "O",
          "state_of_matter": "LIQUID",
          "molecular_weight": 18.01528,
          "density": 1.0,
          "mass": 18.01528,
          "is_produced_by": [],
          "is_consumed_by": [
            "13a71ba7-d840-4e81-b452-7b905c5a2628"
          ],
          "provenance__density": "dummy estimator based on mw",
          "provenance__is_consumed_by": null,
          "provenance__is_produced_by": null,
          "provenance__mass": null,
          "provenance__molecular_weight": "periodic table",
          "provenance__smiles": null,
          "provenance__state_of_matter": "dummy estimator based on mw"
        },
        {
          "identifier": "de7e1ef5-63c0-4b2c-aecf-fdefa42f6747",
          "smiles": "[NaH]",
          "state_of_matter": "SOLID",
          "molecular_weight": 23.99771,
          "density": 1.4,
          "mass": 23.99771,
          "is_produced_by": [],
          "is_consumed_by": [
            "13a71ba7-d840-4e81-b452-7b905c5a2628"
          ],
          "provenance__density": "dummy estimator based on mw",
          "provenance__is_consumed_by": null,
          "provenance__is_produced_by": null,
          "provenance__mass": null,
          "provenance__molecular_weight": "periodic table",
          "provenance__smiles": null,
          "provenance__state_of_matter": "dummy estimator based on mw"
        }
      ],
      "products": [
        {
          "identifier": "453972be-149d-4fe5-9305-c7c89ff2831b",
          "smiles": "COc1cc(OC)cc(N(CCCl)c2ccc3ncc(-c4cnn(C)c4)nc3c2)c1",
          "state_of_matter": "SOLID",
          "molecular_weight": 424.90332000000035,
          "density": 1.4,
          "mass": 424.90332000000035,
          "is_produced_by": [
            "13a71ba7-d840-4e81-b452-7b905c5a2628"
          ],
          "is_consumed_by": [],
          "provenance__density": "dummy estimator based on mw",
          "provenance__is_consumed_by": null,
          "provenance__is_produced_by": null,
          "provenance__mass": null,
          "provenance__molecular_weight": "periodic table",
          "provenance__smiles": null,
          "provenance__state_of_matter": "dummy estimator based on mw"
        }
      ],
      "stoichiometry": {
        "7eb53e2a-20a2-4ba8-aae2-678d756b9efc": 1.0,
        "37519d3a-ea4d-4957-80e2-fb96264a35c9": 1.0,
        "453972be-149d-4fe5-9305-c7c89ff2831b": -1.0
      },
      "temperature": 284.1107983767986,
      "intended_ratios": {
        "7eb53e2a-20a2-4ba8-aae2-678d756b9efc": 1.0,
        "37519d3a-ea4d-4957-80e2-fb96264a35c9": 1.0,
        "ef471522-963f-435b-b67d-c37b0b7cc894": 1.0,
        "a8e779b2-a530-4026-a332-d540fef159a1": 1.0,
        "de7e1ef5-63c0-4b2c-aecf-fdefa42f6747": 1.0
      },
      "expected_yields": {
        "453972be-149d-4fe5-9305-c7c89ff2831b": 1.0
      },
      "reaction_extent": 1.0
    },
    {
      "identifier": "c9accb9f-0102-4edd-8af6-607df2a12278",
      "reactants": [
        {
          "identifier": "c23ce874-e959-485e-a74e-7a435665870f",
          "smiles": "CSc1ccc(O)cc1",
          "state_of_matter": "LIQUID",
          "molecular_weight": 140.20281999999992,
          "density": 1.0,
          "mass": 140.20281999999992,
          "is_produced_by": [],
          "is_consumed_by": [
            "c9accb9f-0102-4edd-8af6-607df2a12278"
          ],
          "provenance__density": "dummy estimator based on mw",
          "provenance__is_consumed_by": null,
          "provenance__is_produced_by": null,
          "provenance__mass": null,
          "provenance__molecular_weight": "periodic table",
          "provenance__smiles": null,
          "provenance__state_of_matter": "dummy estimator based on mw"
        },
        {
          "identifier": "739ac2a2-24c1-4ca2-8877-c7ecbed3281a",
          "smiles": "Cn1c([N+](=O)[O-])cnc1CO",
          "state_of_matter": "LIQUID",
          "molecular_weight": 158.13531999999992,
          "density": 1.0,
          "mass": 158.13531999999992,
          "is_produced_by": [],
          "is_consumed_by": [
            "c9accb9f-0102-4edd-8af6-607df2a12278"
          ],
          "provenance__density": "dummy estimator based on mw",
          "provenance__is_consumed_by": null,
          "provenance__is_produced_by": null,
          "provenance__mass": null,
          "provenance__molecular_weight": "periodic table",
          "provenance__smiles": null,
          "provenance__state_of_matter": "dummy estimator based on mw"
        }
      ],
      "reagents": [
        {
          "identifier": "ccb4cecf-fbab-49c9-91bd-d9f2bf1516df",
          "smiles": "C1CCOC1",
          "state_of_matter": "LIQUID",
          "molecular_weight": 72.10572000000005,
          "density": 1.0,
          "mass": 72.10572000000005,
          "is_produced_by": [],
          "is_consumed_by": [
            "c9accb9f-0102-4edd-8af6-607df2a12278"
          ],
          "provenance__density": "dummy estimator based on mw",
          "provenance__is_consumed_by": null,
          "provenance__is_produced_by": null,
          "provenance__mass": null,
          "provenance__molecular_weight": "periodic table",
          "provenance__smiles": null,
          "provenance__state_of_matter": "dummy estimator based on mw"
        },
        {
          "identifier": "a9477153-ad18-4940-a84f-a35461e3838a",
          "smiles": "c1ccc(P(c2ccccc2)c2ccccc2)cc1",
          "state_of_matter": "SOLID",
          "molecular_weight": 262.28546099999994,
          "density": 1.4,
          "mass": 262.28546099999994,
          "is_produced_by": [],
          "is_consumed_by": [
            "c9accb9f-0102-4edd-8af6-607df2a12278"
          ],
          "provenance__density": "dummy estimator based on mw",
          "provenance__is_consumed_by": null,
          "provenance__is_produced_by": null,
          "provenance__mass": null,
          "provenance__molecular_weight": "periodic table",
          "provenance__smiles": null,
          "provenance__state_of_matter": "dummy estimator based on mw"
        },
        {
          "identifier": "6e5712be-7cf1-4ffa-928d-58ec9280d9db",
          "smiles": "CCOC(=O)N=NC(=O)OCC",
          "state_of_matter": "LIQUID",
          "molecular_weight": 174.1545999999999,
          "density": 1.0,
          "mass": 174.1545999999999,
          "is_produced_by": [],
          "is_consumed_by": [
            "c9accb9f-0102-4edd-8af6-607df2a12278"
          ],
          "provenance__density": "dummy estimator based on mw",
          "provenance__is_consumed_by": null,
          "provenance__is_produced_by": null,
          "provenance__mass": null,
          "provenance__molecular_weight": "periodic table",
          "provenance__smiles": null,
          "provenance__state_of_matter": "dummy estimator based on mw"
        }
      ],
      "products": [
        {
          "identifier": "5549f5b9-caf9-4f9d-b64b-c35593537dff",
          "smiles": "CSc1ccc(OCc2ncc([N+](=O)[O-])n2C)cc1",
          "state_of_matter": "SOLID",
          "molecular_weight": 280.3228600000002,
          "density": 1.4,
          "mass": 280.3228600000002,
          "is_produced_by": [
            "c9accb9f-0102-4edd-8af6-607df2a12278"
          ],
          "is_consumed_by": [],
          "provenance__density": "dummy estimator based on mw",
          "provenance__is_consumed_by": null,
          "provenance__is_produced_by": null,
          "provenance__mass": null,
          "provenance__molecular_weight": "periodic table",
          "provenance__smiles": null,
          "provenance__state_of_matter": "dummy estimator based on mw"
        }
      ],
      "stoichiometry": {
        "c23ce874-e959-485e-a74e-7a435665870f": 1.0,
        "739ac2a2-24c1-4ca2-8877-c7ecbed3281a": 1.0,
        "5549f5b9-caf9-4f9d-b64b-c35593537dff": -1.0
      },
      "temperature": 283.99080734252925,
      "intended_ratios": {
        "c23ce874-e959-485e-a74e-7a435665870f": 1.0,
        "739ac2a2-24c1-4ca2-8877-c7ecbed3281a": 1.0,
        "ccb4cecf-fbab-49c9-91bd-d9f2bf1516df": 1.0,
        "a9477153-ad18-4940-a84f-a35461e3838a": 1.0,
        "6e5712be-7cf1-4ffa-928d-58ec9280d9db": 1.0
      },
      "expected_yields": {
        "5549f5b9-caf9-4f9d-b64b-c35593537dff": 1.0
      },
      "reaction_extent": 1.0
    },
    {
      "identifier": "45798ddb-fde3-4fd2-b817-354e6bfe1cc9",
      "reactants": [
        {
          "identifier": "0369d5a2-397c-454b-9c86-5b5b450ba0cc",
          "smiles": "Clc1cnc2ccc(Br)cc2n1",
          "state_of_matter": "SOLID",
          "molecular_weight": 243.48775999999995,
          "density": 1.4,
          "mass": 243.48775999999995,
          "is_produced_by": [],
          "is_consumed_by": [
            "45798ddb-fde3-4fd2-b817-354e6bfe1cc9"
          ],
          "provenance__density": "dummy estimator based on mw",
          "provenance__is_consumed_by": null,
          "provenance__is_produced_by": null,
          "provenance__mass": null,
          "provenance__molecular_weight": "periodic table",
          "provenance__smiles": null,
          "provenance__state_of_matter": "dummy estimator based on mw"
        },
        {
          "identifier": "d68e7862-ea11-4ded-b83e-f913eee99dc4",
          "smiles": "Cn1cc(B2OC(C)(C)C(C)(C)O2)cn1",
          "state_of_matter": "SOLID",
          "molecular_weight": 209.07311999999982,
          "density": 1.4,
          "mass": 209.07311999999982,
          "is_produced_by": [],
          "is_consumed_by": [
            "45798ddb-fde3-4fd2-b817-354e6bfe1cc9"
          ],
          "provenance__density": "dummy estimator based on mw",
          "provenance__is_consumed_by": null,
          "provenance__is_produced_by": null,
          "provenance__mass": null,
          "provenance__molecular_weight": "periodic table",
          "provenance__smiles": null,
          "provenance__state_of_matter": "dummy estimator based on mw"
        }
      ],
      "reagents": [
        {
          "identifier": "72814092-4b7d-4486-a421-7d13c2651f44",
          "smiles": "CN(C)C=O",
          "state_of_matter": "LIQUID",
          "molecular_weight": 73.09378000000004,
          "density": 1.0,
          "mass": 73.09378000000004,
          "is_produced_by": [],
          "is_consumed_by": [
            "45798ddb-fde3-4fd2-b817-354e6bfe1cc9"
          ],
          "provenance__density": "dummy estimator based on mw",
          "provenance__is_consumed_by": null,
          "provenance__is_produced_by": null,
          "provenance__mass": null,
          "provenance__molecular_weight": "periodic table",
          "provenance__smiles": null,
          "provenance__state_of_matter": "dummy estimator based on mw"
        },
        {
          "identifier": "8e47e93c-2fc8-44b6-a192-e6df6bcbb770",
          "smiles": "O=C(O[Cs])O[Cs]",
          "state_of_matter": "SOLID",
          "molecular_weight": 325.8198,
          "density": 1.4,
          "mass": 325.8198,
          "is_produced_by": [],
          "is_consumed_by": [
            "45798ddb-fde3-4fd2-b817-354e6bfe1cc9"
          ],
          "provenance__density": "dummy estimator based on mw",
          "provenance__is_consumed_by": null,
          "provenance__is_produced_by": null,
          "provenance__mass": null,
          "provenance__molecular_weight": "periodic table",
          "provenance__smiles": null,
          "provenance__state_of_matter": "dummy estimator based on mw"
        },
        {
          "identifier": "111b5549-cf59-4fbf-984f-69fe770a0365",
          "smiles": "C1=C[C-](P(c2ccccc2)c2ccccc2)C=C1.C1=C[C-](P(c2ccccc2)c2ccccc2)C=C1.[Fe+2]",
          "state_of_matter": "SOLID",
          "molecular_weight": 554.3786419999986,
          "density": 1.4,
          "mass": 554.3786419999986,
          "is_produced_by": [],
          "is_consumed_by": [
            "45798ddb-fde3-4fd2-b817-354e6bfe1cc9"
          ],
          "provenance__density": "dummy estimator based on mw",
          "provenance__is_consumed_by": null,
          "provenance__is_produced_by": null,
          "provenance__mass": null,
          "provenance__molecular_weight": "periodic table",
          "provenance__smiles": null,
          "provenance__state_of_matter": "dummy estimator based on mw"
        },
        {
          "identifier": "47ad61f8-83d2-41fd-8027-96a797692498",
          "smiles": "Cl[Pd]Cl",
          "state_of_matter": "SOLID",
          "molecular_weight": 177.326,
          "density": 1.4,
          "mass": 177.326,
          "is_produced_by": [],
          "is_consumed_by": [
            "45798ddb-fde3-4fd2-b817-354e6bfe1cc9"
          ],
          "provenance__density": "dummy estimator based on mw",
          "provenance__is_consumed_by": null,
          "provenance__is_produced_by": null,
          "provenance__mass": null,
          "provenance__molecular_weight": "periodic table",
          "provenance__smiles": null,
          "provenance__state_of_matter": "dummy estimator based on mw"
        }
      ],
      "products": [
        {
          "identifier": "29994d61-8b4d-4c98-9fb9-e4e00e6a18c8",
          "smiles": "Cn1cc(-c2cnc3ccc(Br)cc3n2)cn1",
          "state_of_matter": "SOLID",
          "molecular_weight": 290.1386000000002,
          "density": 1.4,
          "mass": 290.1386000000002,
          "is_produced_by": [
            "45798ddb-fde3-4fd2-b817-354e6bfe1cc9"
          ],
          "is_consumed_by": [],
          "provenance__density": "dummy estimator based on mw",
          "provenance__is_consumed_by": null,
          "provenance__is_produced_by": null,
          "provenance__mass": null,
          "provenance__molecular_weight": "periodic table",
          "provenance__smiles": null,
          "provenance__state_of_matter": "dummy estimator based on mw"
        }
      ],
      "stoichiometry": {
        "0369d5a2-397c-454b-9c86-5b5b450ba0cc": 1.0,
        "d68e7862-ea11-4ded-b83e-f913eee99dc4": 1.0,
        "29994d61-8b4d-4c98-9fb9-e4e00e6a18c8": -1.0
      },
      "temperature": 361.2041098773479,
      "intended_ratios": {
        "0369d5a2-397c-454b-9c86-5b5b450ba0cc": 1.0,
        "d68e7862-ea11-4ded-b83e-f913eee99dc4": 1.0,
        "72814092-4b7d-4486-a421-7d13c2651f44": 1.0,
        "8e47e93c-2fc8-44b6-a192-e6df6bcbb770": 1.0,
        "111b5549-cf59-4fbf-984f-69fe770a0365": 1.0,
        "47ad61f8-83d2-41fd-8027-96a797692498": 1.0
      },
      "expected_yields": {
        "29994d61-8b4d-4c98-9fb9-e4e00e6a18c8": 1.0
      },
      "reaction_extent": 1.0
    }
  ],
  "molecular_nodes": [
    "C1=C[C-](P(c2ccccc2)c2ccccc2)C=C1.C1=C[C-](P(c2ccccc2)c2ccccc2)C=C1.[Fe+2]",
    "C1CCOC1",
    "C1COCCO1",
    "CC(C)(C)O[Na]",
    "CC(C)N",
    "CCOC(=O)N=NC(=O)OCC",
    "CN(C)C=O",
    "COc1cc(N)cc(OC)c1",
    "COc1cc(Nc2ccc3ncc(-c4cnn(C)c4)nc3c2)cc(OC)c1",
    "COc1cc(OC)cc(N(CCCl)c2ccc3ncc(-c4cnn(C)c4)nc3c2)c1",
    "COc1cc(OC)cc(N(CCNC(C)C)c2ccc3ncc(-c4cnn(C)c4)nc3c2)c1",
    "CSc1ccc(O)cc1",
    "CSc1ccc(OCc2ncc([N+](=O)[O-])n2C)cc1",
    "ClCCBr",
    "Cl[Pd]Cl",
    "Clc1cnc2ccc(Br)cc2n1",
    "Cn1c([N+](=O)[O-])cnc1CO",
    "Cn1cc(-c2cnc3ccc(Br)cc3n2)cn1",
    "Cn1cc(B2OC(C)(C)C(C)(C)O2)cn1",
    "O",
    "O=C(O[Cs])O[Cs]",
    "[NaH]",
    "[Pd]",
    "c1ccc(P(c2ccccc2)c2ccccc2)cc1"
  ],
  "edges": [
    [
      "13a71ba7-d840-4e81-b452-7b905c5a2628",
      "COc1cc(OC)cc(N(CCCl)c2ccc3ncc(-c4cnn(C)c4)nc3c2)c1"
    ],
    [
      "1c717b7b-7a9e-4110-8896-556e5a56b5be",
      "COc1cc(OC)cc(N(CCNC(C)C)c2ccc3ncc(-c4cnn(C)c4)nc3c2)c1"
    ],
    [
      "45798ddb-fde3-4fd2-b817-354e6bfe1cc9",
      "Cn1cc(-c2cnc3ccc(Br)cc3n2)cn1"
    ],
    [
      "9df171b9-956c-464e-bef6-9960a1f0d243",
      "COc1cc(Nc2ccc3ncc(-c4cnn(C)c4)nc3c2)cc(OC)c1"
    ],
    [
      "C1=C[C-](P(c2ccccc2)c2ccccc2)C=C1.C1=C[C-](P(c2ccccc2)c2ccccc2)C=C1.[Fe+2]",
      "45798ddb-fde3-4fd2-b817-354e6bfe1cc9"
    ],
    [
      "C1CCOC1",
      "c9accb9f-0102-4edd-8af6-607df2a12278"
    ],
    [
      "C1COCCO1",
      "1c717b7b-7a9e-4110-8896-556e5a56b5be"
    ],
    [
      "C1COCCO1",
      "9df171b9-956c-464e-bef6-9960a1f0d243"
    ],
    [
      "CC(C)(C)O[Na]",
      "9df171b9-956c-464e-bef6-9960a1f0d243"
    ],
    [
      "CC(C)N",
      "1c717b7b-7a9e-4110-8896-556e5a56b5be"
    ],
    [
      "CCOC(=O)N=NC(=O)OCC",
      "c9accb9f-0102-4edd-8af6-607df2a12278"
    ],
    [
      "CN(C)C=O",
      "13a71ba7-d840-4e81-b452-7b905c5a2628"
    ],
    [
      "CN(C)C=O",
      "45798ddb-fde3-4fd2-b817-354e6bfe1cc9"
    ],
    [
      "COc1cc(N)cc(OC)c1",
      "9df171b9-956c-464e-bef6-9960a1f0d243"
    ],
    [
      "COc1cc(Nc2ccc3ncc(-c4cnn(C)c4)nc3c2)cc(OC)c1",
      "13a71ba7-d840-4e81-b452-7b905c5a2628"
    ],
    [
      "COc1cc(OC)cc(N(CCCl)c2ccc3ncc(-c4cnn(C)c4)nc3c2)c1",
      "1c717b7b-7a9e-4110-8896-556e5a56b5be"
    ],
    [
      "CSc1ccc(O)cc1",
      "c9accb9f-0102-4edd-8af6-607df2a12278"
    ],
    [
      "ClCCBr",
      "13a71ba7-d840-4e81-b452-7b905c5a2628"
    ],
    [
      "Cl[Pd]Cl",
      "45798ddb-fde3-4fd2-b817-354e6bfe1cc9"
    ],
    [
      "Clc1cnc2ccc(Br)cc2n1",
      "45798ddb-fde3-4fd2-b817-354e6bfe1cc9"
    ],
    [
      "Cn1c([N+](=O)[O-])cnc1CO",
      "c9accb9f-0102-4edd-8af6-607df2a12278"
    ],
    [
      "Cn1cc(-c2cnc3ccc(Br)cc3n2)cn1",
      "9df171b9-956c-464e-bef6-9960a1f0d243"
    ],
    [
      "Cn1cc(B2OC(C)(C)C(C)(C)O2)cn1",
      "45798ddb-fde3-4fd2-b817-354e6bfe1cc9"
    ],
    [
      "O",
      "13a71ba7-d840-4e81-b452-7b905c5a2628"
    ],
    [
      "O=C(O[Cs])O[Cs]",
      "45798ddb-fde3-4fd2-b817-354e6bfe1cc9"
    ],
    [
      "[NaH]",
      "13a71ba7-d840-4e81-b452-7b905c5a2628"
    ],
    [
      "[Pd]",
      "9df171b9-956c-464e-bef6-9960a1f0d243"
    ],
    [
      "c1ccc(P(c2ccccc2)c2ccccc2)cc1",
      "c9accb9f-0102-4edd-8af6-607df2a12278"
    ],
    [
      "c9accb9f-0102-4edd-8af6-607df2a12278",
      "CSc1ccc(OCc2ncc([N+](=O)[O-])n2C)cc1"
    ]
  ]
}