{
  "identifier": "b95844a1-7f14-4fc4-a85d-87aafc5f6436",
  "chemical_reactions": [
    {
      "identifier": "f9b5f2bc-04b2-4feb-9f0c-c6a8ba516f98",
      "reactants": [
        {
          "identifier": "db5ea351-a61b-4687-9773-c414b5c9e1c4",
          "smiles": "CC(C)N",
          "state_of_matter": "LIQUID",
          "molecular_weight": 59.11025999999998,
          "density": 1.0,
          "mass": 0.5911025999999999,
          "is_produced_by": [],
          "is_consumed_by": [
            "f9b5f2bc-04b2-4feb-9f0c-c6a8ba516f98"
          ],
          "provenance__density": "dummy estimator based on mw",
          "provenance__is_consumed_by": null,
          "provenance__is_produced_by": null,
          "provenance__mass": null,
          "provenance__molecular_weight": "periodic table",
          "provenance__smiles": null,
          "provenance__state_of_matter": "dummy estimator based on mw"
        },
        {
          "identifier": "97794e68-6ba7-412a-8ebc-cdd20e187f52",
          "smiles": "COc1cc(OC)cc(N(CCCl)c2ccc3ncc(-c4cnn(C)c4)nc3c2)c1",
          "state_of_matter": "SOLID",
          "molecular_weight": 424.90332000000035,
          "density": 1.4,
          "mass": 4.249033200000004,
          "is_produced_by": [],
          "is_consumed_by": [
            "f9b5f2bc-04b2-4feb-9f0c-c6a8ba516f98"
          ],
          "provenance__density": "dummy estimator based on mw",
          "provenance__is_consumed_by": null,
          "provenance__is_produced_by": null,
          "provenance__mass": null,
          "provenance__molecular_weight": "periodic table",
          "provenance__smiles": null,
          "provenance__state_of_matter": "dummy estimator based on mw"
        }
      ],
      "reagents": [
        {
          "identifier": "ec351483-3bcd-47db-92fe-be404beef33a",
          "smiles": "C1COCCO1",
          "state_of_matter": "LIQUID",
          "molecular_weight": 88.10512000000004,
          "density": 1.0,
          "mass": 0.8810512000000006,
          "is_produced_by": [],
          "is_consumed_by": [
            "f9b5f2bc-04b2-4feb-9f0c-c6a8ba516f98"
          ],
          "provenance__density": "dummy estimator based on mw",
          "provenance__is_consumed_by": null,
          "provenance__is_produced_by": null,
          "provenance__mass": null,
          "provenance__molecular_weight": "periodic table",
          "provenance__smiles": null,
          "provenance__state_of_matter": "dummy estimator based on mw"
        }
      ],
      "products": [
        {
          "identifier": "84c9c143-762b-45a8-90b2-b7ea54c6e7d6",
          "smiles": "COc1cc(OC)cc(N(CCNC(C)C)c2ccc3ncc(-c4cnn(C)c4)nc3c2)c1",
          "state_of_matter": "SOLID",
          "molecular_weight": 447.55264000000045,
          "density": 1.4,
          "mass": 4.475526400000005,
          "is_produced_by": [
            "f9b5f2bc-04b2-4feb-9f0c-c6a8ba516f98"
          ],
          "is_consumed_by": [],
          "provenance__density": "dummy estimator based on mw",
          "provenance__is_consumed_by": null,
          "provenance__is_produced_by": null,
          "provenance__mass": null,
          "provenance__molecular_weight": "periodic table",
          "provenance__smiles": null,
          "provenance__state_of_matter": "dummy estimator based on mw"
        }
      ],
      "stoichiometry": {
        "db5ea351-a61b-4687-9773-c414b5c9e1c4": 1.0,
        "97794e68-6ba7-412a-8ebc-cdd20e187f52": 1.0,
        "84c9c143-762b-45a8-90b2-b7ea54c6e7d6": -1.0
      },
      "temperature": 341.7540028095245,
      "intended_ratios": {
        "db5ea351-a61b-4687-9773-c414b5c9e1c4": 1.0,
        "97794e68-6ba7-412a-8ebc-cdd20e187f52": 1.0,
        "ec351483-3bcd-47db-92fe-be404beef33a": 1.0
      },
      "expected_yields": {
        "84c9c143-762b-45a8-90b2-b7ea54c6e7d6": 1.0
      },
      "reaction_extent": 0.010000000000000002
    },
    {
      "identifier": "f6c0a699-c2e5-4522-8af3-f0e5dd0f8705",
      "reactants": [
        {
          "identifier": "04cb3ea3-0564-4040-9bc2-97a51b2aff24",
          "smiles": "COc1cc(N)cc(OC)c1",
          "state_of_matter": "LIQUID",
          "molecular_weight": 153.17843999999988,
          "density": 1.0,
          "mass": 1.5317843999999992,
          "is_produced_by": [],
          "is_consumed_by": [
            "f6c0a699-c2e5-4522-8af3-f0e5dd0f8705"
          ],
          "provenance__density": "dummy estimator based on mw",
          "provenance__is_consumed_by": null,
          "provenance__is_produced_by": null,
          "provenance__mass": null,
          "provenance__molecular_weight": "periodic table",
          "provenance__smiles": null,
          "provenance__state_of_matter": "dummy estimator based on mw"
        },
        {
          "identifier": "d766aa7d-0099-47c9-90cb-2947d3af5538",
          "smiles": "Cn1cc(-c2cnc3ccc(Br)cc3n2)cn1",
          "state_of_matter": "SOLID",
          "molecular_weight": 290.1386000000002,
          "density": 1.4,
          "mass": 2.9013860000000027,
          "is_produced_by": [],
          "is_consumed_by": [
            "f6c0a699-c2e5-4522-8af3-f0e5dd0f8705"
          ],
          "provenance__density": "dummy estimator based on mw",
          "provenance__is_consumed_by": null,
          "provenance__is_produced_by": null,
          "provenance__mass": null,
          "provenance__molecular_weight": "periodic table",
          "provenance__smiles": null,
          "provenance__state_of_matter": "dummy estimator based on mw"
        }
      ],
      "reagents": [
        {
          "identifier": "294b3a5f-1d5d-4ef2-b435-fca54fcdb22d",
          "smiles": "C1COCCO1",
          "state_of_matter": "LIQUID",
          "molecular_weight": 88.10512000000004,
          "density": 1.0,
          "mass": 0.8810512000000006,
          "is_produced_by": [],
          "is_consumed_by": [
            "f6c0a699-c2e5-4522-8af3-f0e5dd0f8705"
          ],
          "provenance__density": "dummy estimator based on mw",
          "provenance__is_consumed_by": null,
          "provenance__is_produced_by": null,
          "provenance__mass": null,
          "provenance__molecular_weight": "periodic table",
          "provenance__smiles": null,
          "provenance__state_of_matter": "dummy estimator based on mw"
        },
        {
          "identifier": "5d130ac3-2ca2-40c0-a4db-237892f38004",
          "smiles": "[Pd]",
          "state_of_matter": "SOLID",
          "molecular_weight": 106.42,
          "density": 1.4,
          "mass": 1.0642000000000003,
          "is_produced_by": [],
          "is_consumed_by": [
            "f6c0a699-c2e5-4522-8af3-f0e5dd0f8705"
          ],
          "provenance__density": "dummy estimator based on mw",
          "provenance__is_consumed_by": null,
          "provenance__is_produced_by": null,
          "provenance__mass": null,
          "provenance__molecular_weight": "periodic table",
          "provenance__smiles": null,
          "provenance__state_of_matter": "dummy estimator based on mw"
        },
        {
          "identifier": "6841c8a4-53d9-4a11-ae3b-a3bacdade6cf",
          "smiles": "CC(C)(C)O[Na]",
          "state_of_matter": "SOLID",
          "molecular_weight": 96.10343000000005,
          "density": 1.4,
          "mass": 0.9610343000000007,
          "is_produced_by": [],
          "is_consumed_by": [
            "f6c0a699-c2e5-4522-8af3-f0e5dd0f8705"
          ],
          "provenance__density": "dummy estimator based on mw",
          "provenance__is_consumed_by": null,
          "provenance__is_produced_by": null,
          "provenance__mass": null,
          "provenance__molecular_weight": "periodic table",
          "provenance__smiles": null,
          "provenance__state_of_matter": "dummy estimator based on mw"
        }
      ],
      "products": [
        {
          "identifier": "36da4ee2-cf73-4ca4-802c-09d2aa4cd815",
          "smiles": "COc1cc(Nc2ccc3ncc(-c4cnn(C)c4)nc3c2)cc(OC)c1",
          "state_of_matter": "SOLID",
          "molecular_weight": 362.40510000000023,
          "density": 1.4,
          "mass": 3.6240510000000032,
          "is_produced_by": [
            "f6c0a699-c2e5-4522-8af3-f0e5dd0f8705"
          ],
          "is_consumed_by": [],
          "provenance__density": "dummy estimator based on mw",
          "provenance__is_consumed_by": null,
          "provenance__is_produced_by": null,
          "provenance__mass": null,
          "provenance__molecular_weight": "periodic table",
          "provenance__smiles": null,
          "provenance__state_of_matter": "dummy estimator based on mw"
        }
      ],
      "stoichiometry": {
        "04cb3ea3-0564-4040-9bc2-97a51b2aff24": 1.0,
        "d766aa7d-0099-47c9-90cb-2947d3af5538": 1.0,
        "36da4ee2-cf73-4ca4-802c-09d2aa4cd815": -1.0
      },
      "temperature": 356.5717721521854,
      "intended_ratios": {
        "04cb3ea3-0564-4040-9bc2-97a51b2aff24": 1.0,
        "d766aa7d-0099-47c9-90cb-2947d3af5538": 1.0,
        "294b3a5f-1d5d-4ef2-b435-fca54fcdb22d": 1.0,
        "5d130ac3-2ca2-40c0-a4db-237892f38004": 1.0,
        "6841c8a4-53d9-4a11-ae3b-a3bacdade6cf": 1.0
      },
      "expected_yields": {
        "36da4ee2-cf73-4ca4-802c-09d2aa4cd815": 1.0
      },
      "reaction_extent": 0.010000000000000002
    },
    {
      "identifier": "7734009e-f51e-438e-a7b6-780f20ad3747",
      "reactants": [
        {
          "identifier": "3cd0e71e-59e2-44ad-9f5d-1a0e49ffa9a9",
          "smiles": "COc1cc(Nc2ccc3ncc(-c4cnn(C)c4)nc3c2)cc(OC)c1",
          "state_of_matter": "SOLID",
          "molecular_weight": 362.40510000000023,
          "density": 1.4,
          "mass": 3.6240510000000032,
          "is_produced_by": [],
          "is_consumed_by": [
            "7734009e-f51e-438e-a7b6-780f20ad3747"
          ],
          "provenance__density": "dummy estimator based on mw",
          "provenance__is_consumed_by": null,
          "provenance__is_produced_by": null,
          "provenance__mass": null,
          "provenance__molecular_weight": "periodic table",
          "provenance__smiles": null,
          "provenance__state_of_matter": "dummy estimator based on mw"
        },
        {
          "identifier": "53d4cd75-b989-4a0c-afa8-81d07c42d9ed",
          "smiles": "ClCCBr",
          "state_of_matter": "LIQUID",
          "molecular_weight": 143.41015999999996,
          "density": 1.0,
          "mass": 1.4341016,
          "is_produced_by": [],
          "is_consumed_by": [
            "7734009e-f51e-438e-a7b6-780f20ad3747"
          ],
          "provenance__density": "dummy estimator based on mw",
          "provenance__is_consumed_by": null,
          "provenance__is_produced_by": null,
          "provenance__mass": null,
          "provenance__molecular_weight": "periodic table",
          "provenance__smiles": null,
          "provenance__state_of_matter": "dummy estimator based on mw"
        }
      ],
      "reagents": [
        {
          "identifier": "25ceb51c-ba9c-437f-8c4a-e35241fac73b",
          "smiles": "CN(C)C=O",
          "state_of_matter": "LIQUID",
          "molecular_weight": 73.09378000000004,
          "density": 1.0,
          "mass": 0.7309378000000005,
          "is_produced_by": [],
          "is_consumed_by": [
            "7734009e-f51e-438e-a7b6-780f20ad3747"
          ],
          "provenance__density": "dummy estimator based on mw",
          "provenance__is_consumed_by": null,
          "provenance__is_produced_by": null,
          "provenance__mass": null,
          "provenance__molecular_weight": "periodic table",
          "provenance__smiles": null,
          "provenance__state_of_matter": "dummy estimator based on mw"
        },
        {
          "identifier": "3b490533-aae7-474a-8ce6-9d31f20ada44",
          "smiles": "O",
          "state_of_matter": "LIQUID",
          "molecular_weight": 18.01528,
          "density": 1.0,
          "mass": 0.18015280000000003,
          "is_produced_by": [],
          "is_consumed_by": [
            "7734009e-f51e-438e-a7b6-780f20ad3747"
          ],
          "provenance__density": "dummy estimator based on mw",
          "provenance__is_consumed_by": null,
          "provenance__is_produced_by": null,
          "provenance__mass": null,
          "provenance__molecular_weight": "periodic table",
          "provenance__smiles": null,
          "provenance__state_of_matter": "dummy estimator based on mw"
        },
        {
          "identifier": "e2c49d8a-60a6-4115-883d-feb8f3c096a9",
          "smiles": "[NaH]",
          "state_of_matter": "SOLID",
          "molecular_weight": 23.99771,
          "density": 1.4,
          "mass": 0.23997710000000005,
          "is_produced_by": [],
          "is_consumed_by": [
            "7734009e-f51e-438e-a7b6-780f20ad3747"
          ],
          "provenance__density": "dummy estimator based on mw",
          "provenance__is_consumed_by": null,
          "provenance__is_produced_by": null,
          "provenance__mass": null,
          "provenance__molecular_weight": "periodic table",
          "provenance__smiles": null,
          "provenance__state_of_matter": "dummy estimator based on mw"
        }
      ],
      "products": [
        {
          "identifier": "f24b1e8d-b7ce-482c-a03b-f4c981ab9158",
          "smiles": "COc1cc(OC)cc(N(CCCl)c2ccc3ncc(-c4cnn(C)c4)nc3c2)c1",
          "state_of_matter": "SOLID",
          "molecular_weight": 424.90332000000035,
          "density": 1.4,
          "mass": 4.249033200000004,
          "is_produced_by": [
            "7734009e-f51e-438e-a7b6-780f20ad3747"
          ],
          "is_consumed_by": [],
          "provenance__density": "dummy estimator based on mw",
          "provenance__is_consumed_by": null,
          "provenance__is_produced_by": null,
          "provenance__mass": null,
          "provenance__molecular_weight": "periodic table",
          "provenance__smiles": null,
          "provenance__state_of_matter": "dummy estimator based on mw"
        }
      ],
      "stoichiometry": {
        "3cd0e71e-59e2-44ad-9f5d-1a0e49ffa9a9": 1.0,
        "53d4cd75-b989-4a0c-afa8-81d07c42d9ed": 1.0,
        "f24b1e8d-b7ce-482c-a03b-f4c981ab9158": -1.0
      },
      "temperature": 284.1107983767986,
      "intended_ratios": {
        "3cd0e71e-59e2-44ad-9f5d-1a0e49ffa9a9": 1.0,
        "53d4cd75-b989-4a0c-afa8-81d07c42d9ed": 1.0,
        "25ceb51c-ba9c-437f-8c4a-e35241fac73b": 1.0,
        "3b490533-aae7-474a-8ce6-9d31f20ada44": 1.0,
        "e2c49d8a-60a6-4115-883d-feb8f3c096a9": 1.0
      },
      "expected_yields": {
        "f24b1e8d-b7ce-482c-a03b-f4c981ab9158": 1.0
      },
      "reaction_extent": 0.010000000000000002
    },
    {
      "identifier": "3d2e9dce-ccb6-422e-a302-805ef9aad0da",
      "reactants": [
        {
          "identifier": "6305fa53-fe80-40c5-9a27-ea6a5cdf59ca",
          "smiles": "CSc1ccc(O)cc1",
          "state_of_matter": "LIQUID",
          "molecular_weight": 140.20281999999992,
          "density": 1.0,
          "mass": 1.4020281999999993,
          "is_produced_by": [],
          "is_consumed_by": [
            "3d2e9dce-ccb6-422e-a302-805ef9aad0da"
          ],
          "provenance__density": "dummy estimator based on mw",
          "provenance__is_consumed_by": null,
          "provenance__is_produced_by": null,
          "provenance__mass": null,
          "provenance__molecular_weight": "periodic table",
          "provenance__smiles": null,
          "provenance__state_of_matter": "dummy estimator based on mw"
        },
        {
          "identifier": "269217ca-4bf5-4230-bbf8-16551bf82a5e",
          "smiles": "Cn1c([N+](=O)[O-])cnc1CO",
          "state_of_matter": "LIQUID",
          "molecular_weight": 158.13531999999992,
          "density": 1.0,
          "mass": 1.5813531999999992,
          "is_produced_by": [],
          "is_consumed_by": [
            "3d2e9dce-ccb6-422e-a302-805ef9aad0da"
          ],
          "provenance__density": "dummy estimator based on mw",
          "provenance__is_consumed_by": null,
          "provenance__is_produced_by": null,
          "provenance__mass": null,
          "provenance__molecular_weight": "periodic table",
          "provenance__smiles": null,
          "provenance__state_of_matter": "dummy estimator based on mw"
        }
      ],
      "reagents": [
        {
          "identifier": "3345d743-a1df-4773-9610-c35bfcfc46b4",
          "smiles": "C1CCOC1",
          "state_of_matter": "LIQUID",
          "molecular_weight": 72.10572000000005,
          "density": 1.0,
          "mass": 0.7210572000000005,
          "is_produced_by": [],
          "is_consumed_by": [
            "3d2e9dce-ccb6-422e-a302-805ef9aad0da"
          ],
          "provenance__density": "dummy estimator based on mw",
          "provenance__is_consumed_by": null,
          "provenance__is_produced_by": null,
          "provenance__mass": null,
          "provenance__molecular_weight": "periodic table",
          "provenance__smiles": null,
          "provenance__state_of_matter": "dummy estimator based on mw"
        },
        {
          "identifier": "7d689f4a-03b5-43f4-a4d4-dca4741e7020",
          "smiles": "c1ccc(P(c2ccccc2)c2ccccc2)cc1",
          "state_of_matter": "SOLID",
          "molecular_weight": 262.28546099999994,
          "density": 1.4,
          "mass": 2.6228546099999996,
          "is_produced_by": [],
          "is_consumed_by": [
            "3d2e9dce-ccb6-422e-a302-805ef9aad0da"
          ],
          "provenance__density": "dummy estimator based on mw",
          "provenance__is_consumed_by": null,
          "provenance__is_produced_by": null,
          "provenance__mass": null,
          "provenance__molecular_weight": "periodic table",
          "provenance__smiles": null,
          "provenance__state_of_matter": "dummy estimator based on mw"
        },
        {
          "identifier": "9ef8a2b5-fbb8-4d77-a698-406f9422ca7a",
          "smiles": "CCOC(=O)N=NC(=O)OCC",
          "state_of_matter": "LIQUID",
          "molecular_weight": 174.1545999999999,
          "density": 1.0,
          "mass": 1.7415459999999992,
          "is_produced_by": [],
          "is_consumed_by": [
            "3d2e9dce-ccb6-422e-a302-805ef9aad0da"
          ],
          "provenance__density": "dummy estimator based on mw",
          "provenance__is_consumed_by": null,
          "provenance__is_produced_by": null,
          "provenance__mass": null,
          "provenance__molecular_weight": "periodic table",
          "provenance__smiles": null,
          "provenance__state_of_matter": "dummy estimator based on mw"
        }
      ],
      "products": [
        {
          "identifier": "959ff6f3-1f69-476c-9ef6-9232ca51d52b",
          "smiles": "CSc1ccc(OCc2ncc([N+](=O)[O-])n2C)cc1",
          "state_of_matter": "SOLID",
          "molecular_weight": 280.3228600000002,
          "density": 1.4,
          "mass": 2.8032286000000024,
          "is_produced_by": [
            "3d2e9dce-ccb6-422e-a302-805ef9aad0da"
          ],
          "is_consumed_by": [],
          "provenance__density": "dummy estimator based on mw",
          "provenance__is_consumed_by": null,
          "provenance__is_produced_by": null,
          "provenance__mass": null,
          "provenance__molecular_weight": "periodic table",
          "provenance__smiles": null,
          "provenance__state_of_matter": "dummy estimator based on mw"
        }
      ],
      "stoichiometry": {
        "6305fa53-fe80-40c5-9a27-ea6a5cdf59ca": 1.0,
        "269217ca-4bf5-4230-bbf8-16551bf82a5e": 1.0,
        "959ff6f3-1f69-476c-9ef6-9232ca51d52b": -1.0
      },
      "temperature": 283.99080734252925,
      "intended_ratios": {
        "6305fa53-fe80-40c5-9a27-ea6a5cdf59ca": 1.0,
        "269217ca-4bf5-4230-bbf8-16551bf82a5e": 1.0,
        "3345d743-a1df-4773-9610-c35bfcfc46b4": 1.0,
        "7d689f4a-03b5-43f4-a4d4-dca4741e7020": 1.0,
        "9ef8a2b5-fbb8-4d77-a698-406f9422ca7a": 1.0
      },
      "expected_yields": {
        "959ff6f3-1f69-476c-9ef6-9232ca51d52b": 1.0
      },
      "reaction_extent": 0.01
    },
    {
      "identifier": "058f1a0b-a7e9-480c-9f65-0eb3a8325be9",
      "reactants": [
        {
          "identifier": "cfc9a8e5-172c-47b7-920e-4dd981684e41",
          "smiles": "Clc1cnc2ccc(Br)cc2n1",
          "state_of_matter": "SOLID",
          "molecular_weight": 243.48775999999995,
          "density": 1.4,
          "mass": 2.4348776,
          "is_produced_by": [],
          "is_consumed_by": [
            "058f1a0b-a7e9-480c-9f65-0eb3a8325be9"
          ],
          "provenance__density": "dummy estimator based on mw",
          "provenance__is_consumed_by": null,
          "provenance__is_produced_by": null,
          "provenance__mass": null,
          "provenance__molecular_weight": "periodic table",
          "provenance__smiles": null,
          "provenance__state_of_matter": "dummy estimator based on mw"
        },
        {
          "identifier": "0352e9e8-76c8-4b17-9a1b-2103be673964",
          "smiles": "Cn1cc(B2OC(C)(C)C(C)(C)O2)cn1",
          "state_of_matter": "SOLID",
          "molecular_weight": 209.07311999999982,
          "density": 1.4,
          "mass": 2.0907311999999987,
          "is_produced_by": [],
          "is_consumed_by": [
            "058f1a0b-a7e9-480c-9f65-0eb3a8325be9"
          ],
          "provenance__density": "dummy estimator based on mw",
          "provenance__is_consumed_by": null,
          "provenance__is_produced_by": null,
          "provenance__mass": null,
          "provenance__molecular_weight": "periodic table",
          "provenance__smiles": null,
          "provenance__state_of_matter": "dummy estimator based on mw"
        }
      ],
      "reagents": [
        {
          "identifier": "059f3892-96e2-4934-b6ee-29dad91f2c69",
          "smiles": "CN(C)C=O",
          "state_of_matter": "LIQUID",
          "molecular_weight": 73.09378000000004,
          "density": 1.0,
          "mass": 0.7309378000000005,
          "is_produced_by": [],
          "is_consumed_by": [
            "058f1a0b-a7e9-480c-9f65-0eb3a8325be9"
          ],
          "provenance__density": "dummy estimator based on mw",
          "provenance__is_consumed_by": null,
          "provenance__is_produced_by": null,
          "provenance__mass": null,
          "provenance__molecular_weight": "periodic table",
          "provenance__smiles": null,
          "provenance__state_of_matter": "dummy estimator based on mw"
        },
        {
          "identifier": "bb1e7845-43d7-4942-90c3-ec3cf53ec924",
          "smiles": "O=C(O[Cs])O[Cs]",
          "state_of_matter": "SOLID",
          "molecular_weight": 325.8198,
          "density": 1.4,
          "mass": 3.2581980000000006,
          "is_produced_by": [],
          "is_consumed_by": [
            "058f1a0b-a7e9-480c-9f65-0eb3a8325be9"
          ],
          "provenance__density": "dummy estimator based on mw",
          "provenance__is_consumed_by": null,
          "provenance__is_produced_by": null,
          "provenance__mass": null,
          "provenance__molecular_weight": "periodic table",
          "provenance__smiles": null,
          "provenance__state_of_matter": "dummy estimator based on mw"
        },
        {
          "identifier": "a92476b8-fd4d-42b6-afb4-89364e6896da",
          "smiles": "C1=C[C-](P(c2ccccc2)c2ccccc2)C=C1.C1=C[C-](P(c2ccccc2)c2ccccc2)C=C1.[Fe+2]",
          "state_of_matter": "SOLID",
          "molecular_weight": 554.3786419999986,
          "density": 1.4,
          "mass": 5.543786419999988,
          "is_produced_by": [],
          "is_consumed_by": [
            "058f1a0b-a7e9-480c-9f65-0eb3a8325be9"
          ],
          "provenance__density": "dummy estimator based on mw",
          "provenance__is_consumed_by": null,
          "provenance__is_produced_by": null,
          "provenance__mass": null,
          "provenance__molecular_weight": "periodic table",
          "provenance__smiles": null,
          "provenance__state_of_matter": "dummy estimator based on mw"
        },
        {
          "identifier": "4ec1ece1-6bd5-478d-84d3-0167f91f23c3",
          "smiles": "Cl[Pd]Cl",
          "state_of_matter": "SOLID",
          "molecular_weight": 177.326,
          "density": 1.4,
          "mass": 1.7732600000000003,
          "is_produced_by": [],
          "is_consumed_by": [
            "058f1a0b-a7e9-480c-9f65-0eb3a8325be9"
          ],
          "provenance__density": "dummy estimator based on mw",
          "provenance__is_consumed_by": null,
          "provenance__is_produced_by": null,
          "provenance__mass": null,
          "provenance__molecular_weight": "periodic table",
          "provenance__smiles": null,
          "provenance__state_of_matter": "dummy estimator based on mw"
        }
      ],
      "products": [
        {
          "identifier": "185b2296-ac82-4e1b-93f8-865e50c786b2",
          "smiles": "Cn1cc(-c2cnc3ccc(Br)cc3n2)cn1",
          "state_of_matter": "SOLID",
          "molecular_weight": 290.1386000000002,
          "density": 1.4,
          "mass": 2.9013860000000027,
          "is_produced_by": [
            "058f1a0b-a7e9-480c-9f65-0eb3a8325be9"
          ],
          "is_consumed_by": [],
          "provenance__density": "dummy estimator based on mw",
          "provenance__is_consumed_by": null,
          "provenance__is_produced_by": null,
          "provenance__mass": null,
          "provenance__molecular_weight": "periodic table",
          "provenance__smiles": null,
          "provenance__state_of_matter": "dummy estimator based on mw"
        }
      ],
      "stoichiometry": {
        "cfc9a8e5-172c-47b7-920e-4dd981684e41": 1.0,
        "0352e9e8-76c8-4b17-9a1b-2103be673964": 1.0,
        "185b2296-ac82-4e1b-93f8-865e50c786b2": -1.0
      },
      "temperature": 361.2041098773479,
      "intended_ratios": {
        "cfc9a8e5-172c-47b7-920e-4dd981684e41": 1.0,
        "0352e9e8-76c8-4b17-9a1b-2103be673964": 1.0,
        "059f3892-96e2-4934-b6ee-29dad91f2c69": 1.0,
        "bb1e7845-43d7-4942-90c3-ec3cf53ec924": 1.0,
        "a92476b8-fd4d-42b6-afb4-89364e6896da": 1.0,
        "4ec1ece1-6bd5-478d-84d3-0167f91f23c3": 1.0
      },
      "expected_yields": {
        "185b2296-ac82-4e1b-93f8-865e50c786b2": 1.0
      },
      "reaction_extent": 0.010000000000000002
    }
  ],
  "molecular_nodes": [
    "C1=C[C-](P(c2ccccc2)c2ccccc2)C=C1.C1=C[C-](P(c2ccccc2)c2ccccc2)C=C1.[Fe+2]",
    "C1CCOC1",
    "C1COCCO1",
    "CC(C)(C)O[Na]",
    "CC(C)N",
    "CCOC(=O)N=NC(=O)OCC",
    "CN(C)C=O",
    "COc1cc(N)cc(OC)c1",
    "COc1cc(Nc2ccc3ncc(-c4cnn(C)c4)nc3c2)cc(OC)c1",
    "COc1cc(OC)cc(N(CCCl)c2ccc3ncc(-c4cnn(C)c4)nc3c2)c1",
    "COc1cc(OC)cc(N(CCNC(C)C)c2ccc3ncc(-c4cnn(C)c4)nc3c2)c1",
    "CSc1ccc(O)cc1",
    "CSc1ccc(OCc2ncc([N+](=O)[O-])n2C)cc1",
    "ClCCBr",
    "Cl[Pd]Cl",
    "Clc1cnc2ccc(Br)cc2n1",
    "Cn1c([N+](=O)[O-])cnc1CO",
    "Cn1cc(-c2cnc3ccc(Br)cc3n2)cn1",
    "Cn1cc(B2OC(C)(C)C(C)(C)O2)cn1",
    "O",
    "O=C(O[Cs])O[Cs]",
    "[NaH]",
    "[Pd]",
    "c1ccc(P(c2ccccc2)c2ccccc2)cc1"
  ],
  "edges": [
    [
      "058f1a0b-a7e9-480c-9f65-0eb3a8325be9",
      "Cn1cc(-c2cnc3ccc(Br)cc3n2)cn1"
    ],
    [
      "3d2e9dce-ccb6-422e-a302-805ef9aad0da",
      "CSc1ccc(OCc2ncc([N+](=O)[O-])n2C)cc1"
    ],
    [
      "7734009e-f51e-438e-a7b6-780f20ad3747",
      "COc1cc(OC)cc(N(CCCl)c2ccc3ncc(-c4cnn(C)c4)nc3c2)c1"
    ],
    [
      "C1=C[C-](P(c2ccccc2)c2ccccc2)C=C1.C1=C[C-](P(c2ccccc2)c2ccccc2)C=C1.[Fe+2]",
      "058f1a0b-a7e9-480c-9f65-0eb3a8325be9"
    ],
    [
      "C1CCOC1",
      "3d2e9dce-ccb6-422e-a302-805ef9aad0da"
    ],
    [
      "C1COCCO1",
      "f6c0a699-c2e5-4522-8af3-f0e5dd0f8705"
    ],
    [
      "C1COCCO1",
      "f9b5f2bc-04b2-4feb-9f0c-c6a8ba516f98"
    ],
    [
      "CC(C)(C)O[Na]",
      "f6c0a699-c2e5-4522-8af3-f0e5dd0f8705"
    ],
    [
      "CC(C)N",
      "f9b5f2bc-04b2-4feb-9f0c-c6a8ba516f98"
    ],
    [
      "CCOC(=O)N=NC(=O)OCC",
      "3d2e9dce-ccb6-422e-a302-805ef9aad0da"
    ],
    [
      "CN(C)C=O",
      "058f1a0b-a7e9-480c-9f65-0eb3a8325be9"
    ],
    [
      "CN(C)C=O",
      "7734009e-f51e-438e-a7b6-780f20ad3747"
    ],
    [
      "COc1cc(N)cc(OC)c1",
      "f6c0a699-c2e5-4522-8af3-f0e5dd0f8705"
    ],
    [
      "COc1cc(Nc2ccc3ncc(-c4cnn(C)c4)nc3c2)cc(OC)c1",
      "7734009e-f51e-438e-a7b6-780f20ad3747"
    ],
    [
      "COc1cc(OC)cc(N(CCCl)c2ccc3ncc(-c4cnn(C)c4)nc3c2)c1",
      "f9b5f2bc-04b2-4feb-9f0c-c6a8ba516f98"
    ],
    [
      "CSc1ccc(O)cc1",
      "3d2e9dce-ccb6-422e-a302-805ef9aad0da"
    ],
    [
      "ClCCBr",
      "7734009e-f51e-438e-a7b6-780f20ad3747"
    ],
    [
      "Cl[Pd]Cl",
      "058f1a0b-a7e9-480c-9f65-0eb3a8325be9"
    ],
    [
      "Clc1cnc2ccc(Br)cc2n1",
      "058f1a0b-a7e9-480c-9f65-0eb3a8325be9"
    ],
    [
      "Cn1c([N+](=O)[O-])cnc1CO",
      "3d2e9dce-ccb6-422e-a302-805ef9aad0da"
    ],
    [
      "Cn1cc(-c2cnc3ccc(Br)cc3n2)cn1",
      "f6c0a699-c2e5-4522-8af3-f0e5dd0f8705"
    ],
    [
      "Cn1cc(B2OC(C)(C)C(C)(C)O2)cn1",
      "058f1a0b-a7e9-480c-9f65-0eb3a8325be9"
    ],
    [
      "O",
      "7734009e-f51e-438e-a7b6-780f20ad3747"
    ],
    [
      "O=C(O[Cs])O[Cs]",
      "058f1a0b-a7e9-480c-9f65-0eb3a8325be9"
    ],
    [
      "[NaH]",
      "7734009e-f51e-438e-a7b6-780f20ad3747"
    ],
    [
      "[Pd]",
      "f6c0a699-c2e5-4522-8af3-f0e5dd0f8705"
    ],
    [
      "c1ccc(P(c2ccccc2)c2ccccc2)cc1",
      "3d2e9dce-ccb6-422e-a302-805ef9aad0da"
    ],
    [
      "f6c0a699-c2e5-4522-8af3-f0e5dd0f8705",
      "COc1cc(Nc2ccc3ncc(-c4cnn(C)c4)nc3c2)cc(OC)c1"
    ],
    [
      "f9b5f2bc-04b2-4feb-9f0c-c6a8ba516f98",
      "COc1cc(OC)cc(N(CCNC(C)C)c2ccc3ncc(-c4cnn(C)c4)nc3c2)c1"
    ]
  ]
}