{
  "identifier": "b3b23059-e845-4843-96ab-07513707e973",
  "operation_graphs": [
    {
      "identifier": "7749484a-7ad8-431b-867c-8dff344be018",
      "reaction": {
        "identifier": "67ae6390-126b-449c-a882-d9c7af3f0cce",
        "reactants": [
          {
            "identifier": "595c81bc-6ea2-42e0-b584-f6f5564ddcf8",
            "smiles": "CC(C)(C)OC(=O)NCCN(CCO)CC1CC1",
            "state_of_matter": "SOLID",
            "molecular_weight": 258.3571399999998,
            "density": 1.4,
            "mass": 2.583571399999998,
            "is_produced_by": [],
            "is_consumed_by": [
              "67ae6390-126b-449c-a882-d9c7af3f0cce"
            ],
            "provenance__density": "dummy estimator based on mw",
            "provenance__is_consumed_by": null,
            "provenance__is_produced_by": null,
            "provenance__mass": null,
            "provenance__molecular_weight": "periodic table",
            "provenance__smiles": null,
            "provenance__state_of_matter": "dummy estimator based on mw"
          }
        ],
        "reagents": [
          {
            "identifier": "9c68e865-2a9b-42d6-8b42-e06b0d2e34a1",
            "smiles": "Cl",
            "state_of_matter": "LIQUID",
            "molecular_weight": 36.46094,
            "density": 1.0,
            "mass": 0.36460940000000003,
            "is_produced_by": [],
            "is_consumed_by": [
              "67ae6390-126b-449c-a882-d9c7af3f0cce"
            ],
            "provenance__density": "dummy estimator based on mw",
            "provenance__is_consumed_by": null,
            "provenance__is_produced_by": null,
            "provenance__mass": null,
            "provenance__molecular_weight": "periodic table",
            "provenance__smiles": null,
            "provenance__state_of_matter": "dummy estimator based on mw"
          },
          {
            "identifier": "ac27a011-3b0a-4d7b-b10d-a8f0d5cceeed",
            "smiles": "C1COCCO1",
            "state_of_matter": "LIQUID",
            "molecular_weight": 88.10512000000004,
            "density": 1.0,
            "mass": 0.8810512000000005,
            "is_produced_by": [],
            "is_consumed_by": [
              "67ae6390-126b-449c-a882-d9c7af3f0cce"
            ],
            "provenance__density": "dummy estimator based on mw",
            "provenance__is_consumed_by": null,
            "provenance__is_produced_by": null,
            "provenance__mass": null,
            "provenance__molecular_weight": "periodic table",
            "provenance__smiles": null,
            "provenance__state_of_matter": "dummy estimator based on mw"
          }
        ],
        "products": [
          {
            "identifier": "a3778966-f2a9-4080-8d37-822830adbf39",
            "smiles": "NCCN(CCO)CC1CC1",
            "state_of_matter": "LIQUID",
            "molecular_weight": 158.2413199999998,
            "density": 1.0,
            "mass": 1.582413199999998,
            "is_produced_by": [
              "67ae6390-126b-449c-a882-d9c7af3f0cce"
            ],
            "is_consumed_by": [],
            "provenance__density": "dummy estimator based on mw",
            "provenance__is_consumed_by": null,
            "provenance__is_produced_by": null,
            "provenance__mass": null,
            "provenance__molecular_weight": "periodic table",
            "provenance__smiles": null,
            "provenance__state_of_matter": "dummy estimator based on mw"
          }
        ],
        "stoichiometry": {
          "595c81bc-6ea2-42e0-b584-f6f5564ddcf8": 1.0,
          "a3778966-f2a9-4080-8d37-822830adbf39": -1.0
        },
        "temperature": 295.06736369132994,
        "intended_ratios": {
          "595c81bc-6ea2-42e0-b584-f6f5564ddcf8": 1.0,
          "9c68e865-2a9b-42d6-8b42-e06b0d2e34a1": 1.0,
          "ac27a011-3b0a-4d7b-b10d-a8f0d5cceeed": 1.0
        },
        "expected_yields": {
          "a3778966-f2a9-4080-8d37-822830adbf39": 1.0
        },
        "reaction_extent": 0.01
      },
      "functional_modules": [],
      "make_solutions": {
        "595c81bc-6ea2-42e0-b584-f6f5564ddcf8": {
          "identifier": "ef46e599-bbfb-4c35-8e51-bafafbaa4dc2",
          "type": "MakeSolution",
          "process_times": {},
          "from_reaction": "67ae6390-126b-449c-a882-d9c7af3f0cce",
          "annotations": {
            "solid_chemical": {
              "identifier": "595c81bc-6ea2-42e0-b584-f6f5564ddcf8",
              "smiles": "CC(C)(C)OC(=O)NCCN(CCO)CC1CC1",
              "state_of_matter": "SOLID",
              "molecular_weight": 258.3571399999998,
              "density": 1.4,
              "mass": 2.583571399999998,
              "is_produced_by": [],
              "is_consumed_by": [
                "67ae6390-126b-449c-a882-d9c7af3f0cce"
              ],
              "provenance__density": "dummy estimator based on mw",
              "provenance__is_consumed_by": null,
              "provenance__is_produced_by": null,
              "provenance__mass": null,
              "provenance__molecular_weight": "periodic table",
              "provenance__smiles": null,
              "provenance__state_of_matter": "dummy estimator based on mw"
            },
            "liquid_chemical": {
              "identifier": "8c581c75-cc67-4aa4-914c-d01a22f4a4da",
              "smiles": "C1COCCO1",
              "state_of_matter": "LIQUID",
              "molecular_weight": 88.10512000000004,
              "density": 1.0,
              "mass": 0.8810512000000005,
              "is_produced_by": [],
              "is_consumed_by": [
                "67ae6390-126b-449c-a882-d9c7af3f0cce"
              ],
              "provenance__density": "dummy estimator based on mw",
              "provenance__is_consumed_by": null,
              "provenance__is_produced_by": null,
              "provenance__mass": null,
              "provenance__molecular_weight": "periodic table",
              "provenance__smiles": null,
              "provenance__state_of_matter": "dummy estimator based on mw"
            },
            "notes": "making C1COCCO1 solution for CC(C)(C)OC(=O)NCCN(CCO)CC1CC1"
          },
          "precedents": [
            "feff6d12-bf5a-4887-8e9f-9bf221b601a2"
          ]
        }
      },
      "add_solutions": {
        "595c81bc-6ea2-42e0-b584-f6f5564ddcf8": {
          "identifier": "c0ddcfd5-ac2c-475b-8162-f564231e0dbf",
          "type": "TransferLiquid",
          "process_times": {},
          "from_reaction": "67ae6390-126b-449c-a882-d9c7af3f0cce",
          "annotations": {
            "chemical": {
              "identifier": "2fe5bd76-875e-4cb4-bfd5-f2cf35f063c6",
              "smiles": "C1COCCO1.CC(C)(C)OC(=O)NCCN(CCO)CC1CC1",
              "state_of_matter": "LIQUID",
              "molecular_weight": null,
              "density": 1.2707406068888276,
              "mass": 3.4646225999999984,
              "is_produced_by": [],
              "is_consumed_by": [
                "67ae6390-126b-449c-a882-d9c7af3f0cce"
              ],
              "provenance__density": "dummy estimator based on mw",
              "provenance__is_consumed_by": null,
              "provenance__is_produced_by": null,
              "provenance__mass": null,
              "provenance__molecular_weight": "periodic table",
              "provenance__smiles": null,
              "provenance__state_of_matter": "dummy estimator based on mw"
            },
            "notes": "add solution CC(C)(C)OC(=O)NCCN(CCO)CC1CC1 in C1COCCO1"
          },
          "precedents": [
            "ef46e599-bbfb-4c35-8e51-bafafbaa4dc2"
          ]
        }
      },
      "add_liquids": {
        "9c68e865-2a9b-42d6-8b42-e06b0d2e34a1": {
          "identifier": "a55de539-75e2-4474-a335-4290e5f86df8",
          "type": "TransferLiquid",
          "process_times": {},
          "from_reaction": "67ae6390-126b-449c-a882-d9c7af3f0cce",
          "annotations": {
            "chemical": {
              "identifier": "9c68e865-2a9b-42d6-8b42-e06b0d2e34a1",
              "smiles": "Cl",
              "state_of_matter": "LIQUID",
              "molecular_weight": 36.46094,
              "density": 1.0,
              "mass": 0.36460940000000003,
              "is_produced_by": [],
              "is_consumed_by": [
                "67ae6390-126b-449c-a882-d9c7af3f0cce"
              ],
              "provenance__density": "dummy estimator based on mw",
              "provenance__is_consumed_by": null,
              "provenance__is_produced_by": null,
              "provenance__mass": null,
              "provenance__molecular_weight": "periodic table",
              "provenance__smiles": null,
              "provenance__state_of_matter": "dummy estimator based on mw"
            },
            "notes": "add liquid Cl"
          },
          "precedents": []
        }
      },
      "heat": {
        "identifier": "c83edae7-64d1-4e48-94ba-8dd854a2a89e",
        "type": "Heating",
        "process_times": {},
        "from_reaction": "67ae6390-126b-449c-a882-d9c7af3f0cce",
        "annotations": {
          "temperature": 295.06736369132994,
          "notes": "heating the reaction vessel to afford product: NCCN(CCO)CC1CC1"
        },
        "precedents": [
          "a55de539-75e2-4474-a335-4290e5f86df8",
          "c0ddcfd5-ac2c-475b-8162-f564231e0dbf",
          "ef46e599-bbfb-4c35-8e51-bafafbaa4dc2"
        ]
      },
      "concentrate_and_purify": {
        "identifier": "f422b299-2d6b-458f-a149-4928fba7bc71",
        "type": "ConcentrationAndPurification",
        "process_times": {},
        "from_reaction": "67ae6390-126b-449c-a882-d9c7af3f0cce",
        "annotations": {
          "chemical": {
            "identifier": "a3778966-f2a9-4080-8d37-822830adbf39",
            "smiles": "NCCN(CCO)CC1CC1",
            "state_of_matter": "LIQUID",
            "molecular_weight": 158.2413199999998,
            "density": 1.0,
            "mass": 1.582413199999998,
            "is_produced_by": [
              "67ae6390-126b-449c-a882-d9c7af3f0cce"
            ],
            "is_consumed_by": [],
            "provenance__density": "dummy estimator based on mw",
            "provenance__is_consumed_by": null,
            "provenance__is_produced_by": null,
            "provenance__mass": null,
            "provenance__molecular_weight": "periodic table",
            "provenance__smiles": null,
            "provenance__state_of_matter": "dummy estimator based on mw"
          },
          "notes": "purify and concentrate the product: NCCN(CCO)CC1CC1"
        },
        "precedents": [
          "c83edae7-64d1-4e48-94ba-8dd854a2a89e"
        ]
      },
      "lmin": {
        "c83edae7-64d1-4e48-94ba-8dd854a2a89e": {
          "f422b299-2d6b-458f-a149-4928fba7bc71": 43.6701729741697
        }
      },
      "lmax": {
        "ef46e599-bbfb-4c35-8e51-bafafbaa4dc2": {
          "c83edae7-64d1-4e48-94ba-8dd854a2a89e": 65.41666117917262
        }
      }
    },
    {
      "identifier": "c4a0423c-c164-42d2-9629-a3b3dc1d30d4",
      "reaction": {
        "identifier": "4b970e8d-7c6a-44b0-bb9e-f65680a24969",
        "reactants": [
          {
            "identifier": "7949c0cc-4dbb-481b-8b27-d5bf431d97b6",
            "smiles": "CC(C)(C)OC(=O)NCCN",
            "state_of_matter": "LIQUID",
            "molecular_weight": 160.21413999999984,
            "density": 1.0,
            "mass": 1.6021413999999985,
            "is_produced_by": [],
            "is_consumed_by": [
              "4b970e8d-7c6a-44b0-bb9e-f65680a24969"
            ],
            "provenance__density": "dummy estimator based on mw",
            "provenance__is_consumed_by": null,
            "provenance__is_produced_by": null,
            "provenance__mass": null,
            "provenance__molecular_weight": "periodic table",
            "provenance__smiles": null,
            "provenance__state_of_matter": "dummy estimator based on mw"
          },
          {
            "identifier": "ce0b47b1-2829-420b-a0b1-17e00c829272",
            "smiles": "O=CC1CC1",
            "state_of_matter": "LIQUID",
            "molecular_weight": 70.08984000000004,
            "density": 1.0,
            "mass": 0.7008984000000004,
            "is_produced_by": [],
            "is_consumed_by": [
              "4b970e8d-7c6a-44b0-bb9e-f65680a24969"
            ],
            "provenance__density": "dummy estimator based on mw",
            "provenance__is_consumed_by": null,
            "provenance__is_produced_by": null,
            "provenance__mass": null,
            "provenance__molecular_weight": "periodic table",
            "provenance__smiles": null,
            "provenance__state_of_matter": "dummy estimator based on mw"
          }
        ],
        "reagents": [
          {
            "identifier": "a6b9e360-82e7-4d16-932e-a43c061c7cb1",
            "smiles": "O[Na]",
            "state_of_matter": "SOLID",
            "molecular_weight": 39.99711,
            "density": 1.4,
            "mass": 0.3999711,
            "is_produced_by": [],
            "is_consumed_by": [
              "4b970e8d-7c6a-44b0-bb9e-f65680a24969"
            ],
            "provenance__density": "dummy estimator based on mw",
            "provenance__is_consumed_by": null,
            "provenance__is_produced_by": null,
            "provenance__mass": null,
            "provenance__molecular_weight": "periodic table",
            "provenance__smiles": null,
            "provenance__state_of_matter": "dummy estimator based on mw"
          },
          {
            "identifier": "08c5124d-0163-4c31-aaa6-9d8dffac2e23",
            "smiles": "ClCCCl",
            "state_of_matter": "LIQUID",
            "molecular_weight": 98.95916000000003,
            "density": 1.0,
            "mass": 0.9895916000000002,
            "is_produced_by": [],
            "is_consumed_by": [
              "4b970e8d-7c6a-44b0-bb9e-f65680a24969"
            ],
            "provenance__density": "dummy estimator based on mw",
            "provenance__is_consumed_by": null,
            "provenance__is_produced_by": null,
            "provenance__mass": null,
            "provenance__molecular_weight": "periodic table",
            "provenance__smiles": null,
            "provenance__state_of_matter": "dummy estimator based on mw"
          },
          {
            "identifier": "fe195193-3b17-4904-add1-bcb67a9ffcd4",
            "smiles": "CC(=O)O[BH-](OC(C)=O)OC(C)=O.[Na+]",
            "state_of_matter": "SOLID",
            "molecular_weight": 211.94076999999987,
            "density": 1.4,
            "mass": 2.1194076999999987,
            "is_produced_by": [],
            "is_consumed_by": [
              "4b970e8d-7c6a-44b0-bb9e-f65680a24969"
            ],
            "provenance__density": "dummy estimator based on mw",
            "provenance__is_consumed_by": null,
            "provenance__is_produced_by": null,
            "provenance__mass": null,
            "provenance__molecular_weight": "periodic table",
            "provenance__smiles": null,
            "provenance__state_of_matter": "dummy estimator based on mw"
          }
        ],
        "products": [
          {
            "identifier": "1d8e32b9-5652-4672-949c-03b3dd29cd73",
            "smiles": "CC(C)(C)OC(=O)NCCNCC1CC1",
            "state_of_matter": "SOLID",
            "molecular_weight": 214.30457999999976,
            "density": 1.4,
            "mass": 2.1430457999999977,
            "is_produced_by": [
              "4b970e8d-7c6a-44b0-bb9e-f65680a24969"
            ],
            "is_consumed_by": [],
            "provenance__density": "dummy estimator based on mw",
            "provenance__is_consumed_by": null,
            "provenance__is_produced_by": null,
            "provenance__mass": null,
            "provenance__molecular_weight": "periodic table",
            "provenance__smiles": null,
            "provenance__state_of_matter": "dummy estimator based on mw"
          }
        ],
        "stoichiometry": {
          "7949c0cc-4dbb-481b-8b27-d5bf431d97b6": 1.0,
          "ce0b47b1-2829-420b-a0b1-17e00c829272": 1.0,
          "1d8e32b9-5652-4672-949c-03b3dd29cd73": -1.0
        },
        "temperature": 317.3727363824844,
        "intended_ratios": {
          "7949c0cc-4dbb-481b-8b27-d5bf431d97b6": 1.0,
          "ce0b47b1-2829-420b-a0b1-17e00c829272": 1.0,
          "a6b9e360-82e7-4d16-932e-a43c061c7cb1": 1.0,
          "08c5124d-0163-4c31-aaa6-9d8dffac2e23": 1.0,
          "fe195193-3b17-4904-add1-bcb67a9ffcd4": 1.0
        },
        "expected_yields": {
          "1d8e32b9-5652-4672-949c-03b3dd29cd73": 1.0
        },
        "reaction_extent": 0.01
      },
      "functional_modules": [],
      "make_solutions": {
        "a6b9e360-82e7-4d16-932e-a43c061c7cb1": {
          "identifier": "7646c807-5d76-4863-9bec-0a50332855fd",
          "type": "MakeSolution",
          "process_times": {},
          "from_reaction": "4b970e8d-7c6a-44b0-bb9e-f65680a24969",
          "annotations": {
            "solid_chemical": {
              "identifier": "a6b9e360-82e7-4d16-932e-a43c061c7cb1",
              "smiles": "O[Na]",
              "state_of_matter": "SOLID",
              "molecular_weight": 39.99711,
              "density": 1.4,
              "mass": 0.3999711,
              "is_produced_by": [],
              "is_consumed_by": [
                "4b970e8d-7c6a-44b0-bb9e-f65680a24969"
              ],
              "provenance__density": "dummy estimator based on mw",
              "provenance__is_consumed_by": null,
              "provenance__is_produced_by": null,
              "provenance__mass": null,
              "provenance__molecular_weight": "periodic table",
              "provenance__smiles": null,
              "provenance__state_of_matter": "dummy estimator based on mw"
            },
            "liquid_chemical": {
              "identifier": "d383d953-0986-4a30-89c4-d9f327d5e993",
              "smiles": "CC(C)(C)OC(=O)NCCN",
              "state_of_matter": "LIQUID",
              "molecular_weight": 160.21413999999984,
              "density": 1.0,
              "mass": 0.25435248487188183,
              "is_produced_by": [],
              "is_consumed_by": [
                "4b970e8d-7c6a-44b0-bb9e-f65680a24969"
              ],
              "provenance__density": "dummy estimator based on mw",
              "provenance__is_consumed_by": null,
              "provenance__is_produced_by": null,
              "provenance__mass": null,
              "provenance__molecular_weight": "periodic table",
              "provenance__smiles": null,
              "provenance__state_of_matter": "dummy estimator based on mw"
            },
            "notes": "making CC(C)(C)OC(=O)NCCN solution for O[Na]"
          },
          "precedents": []
        },
        "fe195193-3b17-4904-add1-bcb67a9ffcd4": {
          "identifier": "e1a51ea5-70b2-43a9-9f61-df6c8bc9ffab",
          "type": "MakeSolution",
          "process_times": {},
          "from_reaction": "4b970e8d-7c6a-44b0-bb9e-f65680a24969",
          "annotations": {
            "solid_chemical": {
              "identifier": "fe195193-3b17-4904-add1-bcb67a9ffcd4",
              "smiles": "CC(=O)O[BH-](OC(C)=O)OC(C)=O.[Na+]",
              "state_of_matter": "SOLID",
              "molecular_weight": 211.94076999999987,
              "density": 1.4,
              "mass": 2.1194076999999987,
              "is_produced_by": [],
              "is_consumed_by": [
                "4b970e8d-7c6a-44b0-bb9e-f65680a24969"
              ],
              "provenance__density": "dummy estimator based on mw",
              "provenance__is_consumed_by": null,
              "provenance__is_produced_by": null,
              "provenance__mass": null,
              "provenance__molecular_weight": "periodic table",
              "provenance__smiles": null,
              "provenance__state_of_matter": "dummy estimator based on mw"
            },
            "liquid_chemical": {
              "identifier": "477d9af7-7447-474d-9d04-f6e9d93d56f0",
              "smiles": "CC(C)(C)OC(=O)NCCN",
              "state_of_matter": "LIQUID",
              "molecular_weight": 160.21413999999984,
              "density": 1.0,
              "mass": 1.3477889151281166,
              "is_produced_by": [],
              "is_consumed_by": [
                "4b970e8d-7c6a-44b0-bb9e-f65680a24969"
              ],
              "provenance__density": "dummy estimator based on mw",
              "provenance__is_consumed_by": null,
              "provenance__is_produced_by": null,
              "provenance__mass": null,
              "provenance__molecular_weight": "periodic table",
              "provenance__smiles": null,
              "provenance__state_of_matter": "dummy estimator based on mw"
            },
            "notes": "making CC(C)(C)OC(=O)NCCN solution for CC(=O)O[BH-](OC(C)=O)OC(C)=O.[Na+]"
          },
          "precedents": []
        }
      },
      "add_solutions": {
        "a6b9e360-82e7-4d16-932e-a43c061c7cb1": {
          "identifier": "02cb0acc-e880-4729-8ab6-fc43eda5d9e4",
          "type": "TransferLiquid",
          "process_times": {},
          "from_reaction": "4b970e8d-7c6a-44b0-bb9e-f65680a24969",
          "annotations": {
            "chemical": {
              "identifier": "bf17f964-f13f-4834-8e5e-097e1df3581b",
              "smiles": "CC(C)(C)OC(=O)NCCN.O[Na]",
              "state_of_matter": "LIQUID",
              "molecular_weight": null,
              "density": 1.2116068448141846,
              "mass": 0.6543235848718818,
              "is_produced_by": [],
              "is_consumed_by": [
                "4b970e8d-7c6a-44b0-bb9e-f65680a24969"
              ],
              "provenance__density": "dummy estimator based on mw",
              "provenance__is_consumed_by": null,
              "provenance__is_produced_by": null,
              "provenance__mass": null,
              "provenance__molecular_weight": "periodic table",
              "provenance__smiles": null,
              "provenance__state_of_matter": "dummy estimator based on mw"
            },
            "notes": "add solution O[Na] in CC(C)(C)OC(=O)NCCN"
          },
          "precedents": [
            "7646c807-5d76-4863-9bec-0a50332855fd"
          ]
        },
        "fe195193-3b17-4904-add1-bcb67a9ffcd4": {
          "identifier": "7ae54e50-9f1f-4e9f-a355-3fd3d5787816",
          "type": "TransferLiquid",
          "process_times": {},
          "from_reaction": "4b970e8d-7c6a-44b0-bb9e-f65680a24969",
          "annotations": {
            "chemical": {
              "identifier": "f461c834-54a4-489c-897c-269086327f66",
              "smiles": "CC(C)(C)OC(=O)NCCN.CC(=O)O[BH-](OC(C)=O)OC(C)=O.[Na+]",
              "state_of_matter": "LIQUID",
              "molecular_weight": null,
              "density": 1.2116068448141848,
              "mass": 3.467196615128115,
              "is_produced_by": [],
              "is_consumed_by": [
                "4b970e8d-7c6a-44b0-bb9e-f65680a24969"
              ],
              "provenance__density": "dummy estimator based on mw",
              "provenance__is_consumed_by": null,
              "provenance__is_produced_by": null,
              "provenance__mass": null,
              "provenance__molecular_weight": "periodic table",
              "provenance__smiles": null,
              "provenance__state_of_matter": "dummy estimator based on mw"
            },
            "notes": "add solution CC(=O)O[BH-](OC(C)=O)OC(C)=O.[Na+] in CC(C)(C)OC(=O)NCCN"
          },
          "precedents": [
            "e1a51ea5-70b2-43a9-9f61-df6c8bc9ffab"
          ]
        }
      },
      "add_liquids": {
        "ce0b47b1-2829-420b-a0b1-17e00c829272": {
          "identifier": "f893a22d-42ce-4326-b703-902a978a2d8b",
          "type": "TransferLiquid",
          "process_times": {},
          "from_reaction": "4b970e8d-7c6a-44b0-bb9e-f65680a24969",
          "annotations": {
            "chemical": {
              "identifier": "ce0b47b1-2829-420b-a0b1-17e00c829272",
              "smiles": "O=CC1CC1",
              "state_of_matter": "LIQUID",
              "molecular_weight": 70.08984000000004,
              "density": 1.0,
              "mass": 0.7008984000000004,
              "is_produced_by": [],
              "is_consumed_by": [
                "4b970e8d-7c6a-44b0-bb9e-f65680a24969"
              ],
              "provenance__density": "dummy estimator based on mw",
              "provenance__is_consumed_by": null,
              "provenance__is_produced_by": null,
              "provenance__mass": null,
              "provenance__molecular_weight": "periodic table",
              "provenance__smiles": null,
              "provenance__state_of_matter": "dummy estimator based on mw"
            },
            "notes": "add liquid O=CC1CC1"
          },
          "precedents": []
        },
        "08c5124d-0163-4c31-aaa6-9d8dffac2e23": {
          "identifier": "79497d86-74c8-4dbe-a886-c1cc3d70ab56",
          "type": "TransferLiquid",
          "process_times": {},
          "from_reaction": "4b970e8d-7c6a-44b0-bb9e-f65680a24969",
          "annotations": {
            "chemical": {
              "identifier": "08c5124d-0163-4c31-aaa6-9d8dffac2e23",
              "smiles": "ClCCCl",
              "state_of_matter": "LIQUID",
              "molecular_weight": 98.95916000000003,
              "density": 1.0,
              "mass": 0.9895916000000002,
              "is_produced_by": [],
              "is_consumed_by": [
                "4b970e8d-7c6a-44b0-bb9e-f65680a24969"
              ],
              "provenance__density": "dummy estimator based on mw",
              "provenance__is_consumed_by": null,
              "provenance__is_produced_by": null,
              "provenance__mass": null,
              "provenance__molecular_weight": "periodic table",
              "provenance__smiles": null,
              "provenance__state_of_matter": "dummy estimator based on mw"
            },
            "notes": "add liquid ClCCCl"
          },
          "precedents": []
        }
      },
      "heat": {
        "identifier": "07fd1b31-3357-4a40-a99b-46e9e459b42a",
        "type": "Heating",
        "process_times": {},
        "from_reaction": "4b970e8d-7c6a-44b0-bb9e-f65680a24969",
        "annotations": {
          "temperature": 317.3727363824844,
          "notes": "heating the reaction vessel to afford product: CC(C)(C)OC(=O)NCCNCC1CC1"
        },
        "precedents": [
          "f893a22d-42ce-4326-b703-902a978a2d8b",
          "79497d86-74c8-4dbe-a886-c1cc3d70ab56",
          "02cb0acc-e880-4729-8ab6-fc43eda5d9e4",
          "7ae54e50-9f1f-4e9f-a355-3fd3d5787816",
          "7646c807-5d76-4863-9bec-0a50332855fd",
          "e1a51ea5-70b2-43a9-9f61-df6c8bc9ffab"
        ]
      },
      "concentrate_and_purify": {
        "identifier": "4ea153e7-44f6-46b1-9243-2b81cd944ed7",
        "type": "ConcentrationAndPurification",
        "process_times": {},
        "from_reaction": "4b970e8d-7c6a-44b0-bb9e-f65680a24969",
        "annotations": {
          "chemical": {
            "identifier": "1d8e32b9-5652-4672-949c-03b3dd29cd73",
            "smiles": "CC(C)(C)OC(=O)NCCNCC1CC1",
            "state_of_matter": "SOLID",
            "molecular_weight": 214.30457999999976,
            "density": 1.4,
            "mass": 2.1430457999999977,
            "is_produced_by": [
              "4b970e8d-7c6a-44b0-bb9e-f65680a24969"
            ],
            "is_consumed_by": [],
            "provenance__density": "dummy estimator based on mw",
            "provenance__is_consumed_by": null,
            "provenance__is_produced_by": null,
            "provenance__mass": null,
            "provenance__molecular_weight": "periodic table",
            "provenance__smiles": null,
            "provenance__state_of_matter": "dummy estimator based on mw"
          },
          "notes": "purify and concentrate the product: CC(C)(C)OC(=O)NCCNCC1CC1"
        },
        "precedents": [
          "07fd1b31-3357-4a40-a99b-46e9e459b42a"
        ]
      },
      "lmin": {
        "07fd1b31-3357-4a40-a99b-46e9e459b42a": {
          "4ea153e7-44f6-46b1-9243-2b81cd944ed7": 54.59717707103038
        }
      },
      "lmax": {
        "7646c807-5d76-4863-9bec-0a50332855fd": {
          "07fd1b31-3357-4a40-a99b-46e9e459b42a": 81.22646285045602
        },
        "e1a51ea5-70b2-43a9-9f61-df6c8bc9ffab": {
          "07fd1b31-3357-4a40-a99b-46e9e459b42a": 37.94065686268479
        }
      }
    },
    {
      "identifier": "99ea489b-aa28-4244-bbf4-3ed34020126d",
      "reaction": {
        "identifier": "9cdbff93-283a-4c3a-ab7f-59afa1fa5c46",
        "reactants": [
          {
            "identifier": "11f9d3c5-6c51-4a59-935d-c8ca8ae13496",
            "smiles": "CC(C)(C)OC(=O)NCCNCC1CC1",
            "state_of_matter": "SOLID",
            "molecular_weight": 214.30457999999976,
            "density": 1.4,
            "mass": 2.1430457999999977,
            "is_produced_by": [],
            "is_consumed_by": [
              "9cdbff93-283a-4c3a-ab7f-59afa1fa5c46"
            ],
            "provenance__density": "dummy estimator based on mw",
            "provenance__is_consumed_by": null,
            "provenance__is_produced_by": null,
            "provenance__mass": null,
            "provenance__molecular_weight": "periodic table",
            "provenance__smiles": null,
            "provenance__state_of_matter": "dummy estimator based on mw"
          },
          {
            "identifier": "ff087dea-1ddc-458f-b08f-9fa181b93683",
            "smiles": "OCCBr",
            "state_of_matter": "LIQUID",
            "molecular_weight": 124.96450000000003,
            "density": 1.0,
            "mass": 1.2496450000000003,
            "is_produced_by": [],
            "is_consumed_by": [
              "9cdbff93-283a-4c3a-ab7f-59afa1fa5c46"
            ],
            "provenance__density": "dummy estimator based on mw",
            "provenance__is_consumed_by": null,
            "provenance__is_produced_by": null,
            "provenance__mass": null,
            "provenance__molecular_weight": "periodic table",
            "provenance__smiles": null,
            "provenance__state_of_matter": "dummy estimator based on mw"
          }
        ],
        "reagents": [
          {
            "identifier": "0a112383-10b0-4d90-9c07-c3d29d667465",
            "smiles": "CC#N",
            "state_of_matter": "LIQUID",
            "molecular_weight": 41.051919999999996,
            "density": 1.0,
            "mass": 0.4105192,
            "is_produced_by": [],
            "is_consumed_by": [
              "9cdbff93-283a-4c3a-ab7f-59afa1fa5c46"
            ],
            "provenance__density": "dummy estimator based on mw",
            "provenance__is_consumed_by": null,
            "provenance__is_produced_by": null,
            "provenance__mass": null,
            "provenance__molecular_weight": "periodic table",
            "provenance__smiles": null,
            "provenance__state_of_matter": "dummy estimator based on mw"
          },
          {
            "identifier": "7b5481b6-8d78-48dc-9a63-f3d66af1929d",
            "smiles": "O=C(O[K])O[K]",
            "state_of_matter": "SOLID",
            "molecular_weight": 138.2055,
            "density": 1.4,
            "mass": 1.382055,
            "is_produced_by": [],
            "is_consumed_by": [
              "9cdbff93-283a-4c3a-ab7f-59afa1fa5c46"
            ],
            "provenance__density": "dummy estimator based on mw",
            "provenance__is_consumed_by": null,
            "provenance__is_produced_by": null,
            "provenance__mass": null,
            "provenance__molecular_weight": "periodic table",
            "provenance__smiles": null,
            "provenance__state_of_matter": "dummy estimator based on mw"
          }
        ],
        "products": [
          {
            "identifier": "a246d688-07c0-4869-a003-faf789bc1078",
            "smiles": "CC(C)(C)OC(=O)NCCN(CCO)CC1CC1",
            "state_of_matter": "SOLID",
            "molecular_weight": 258.3571399999998,
            "density": 1.4,
            "mass": 2.583571399999998,
            "is_produced_by": [
              "9cdbff93-283a-4c3a-ab7f-59afa1fa5c46"
            ],
            "is_consumed_by": [],
            "provenance__density": "dummy estimator based on mw",
            "provenance__is_consumed_by": null,
            "provenance__is_produced_by": null,
            "provenance__mass": null,
            "provenance__molecular_weight": "periodic table",
            "provenance__smiles": null,
            "provenance__state_of_matter": "dummy estimator based on mw"
          }
        ],
        "stoichiometry": {
          "11f9d3c5-6c51-4a59-935d-c8ca8ae13496": 1.0,
          "ff087dea-1ddc-458f-b08f-9fa181b93683": 1.0,
          "a246d688-07c0-4869-a003-faf789bc1078": -1.0
        },
        "temperature": 294.64868127107616,
        "intended_ratios": {
          "11f9d3c5-6c51-4a59-935d-c8ca8ae13496": 1.0,
          "ff087dea-1ddc-458f-b08f-9fa181b93683": 1.0,
          "0a112383-10b0-4d90-9c07-c3d29d667465": 1.0,
          "7b5481b6-8d78-48dc-9a63-f3d66af1929d": 1.0
        },
        "expected_yields": {
          "a246d688-07c0-4869-a003-faf789bc1078": 1.0
        },
        "reaction_extent": 0.01
      },
      "functional_modules": [],
      "make_solutions": {
        "7b5481b6-8d78-48dc-9a63-f3d66af1929d": {
          "identifier": "1ae35802-2c13-4bd9-ad2a-2770a07b7852",
          "type": "MakeSolution",
          "process_times": {},
          "from_reaction": "9cdbff93-283a-4c3a-ab7f-59afa1fa5c46",
          "annotations": {
            "solid_chemical": {
              "identifier": "7b5481b6-8d78-48dc-9a63-f3d66af1929d",
              "smiles": "O=C(O[K])O[K]",
              "state_of_matter": "SOLID",
              "molecular_weight": 138.2055,
              "density": 1.4,
              "mass": 1.382055,
              "is_produced_by": [],
              "is_consumed_by": [
                "9cdbff93-283a-4c3a-ab7f-59afa1fa5c46"
              ],
              "provenance__density": "dummy estimator based on mw",
              "provenance__is_consumed_by": null,
              "provenance__is_produced_by": null,
              "provenance__mass": null,
              "provenance__molecular_weight": "periodic table",
              "provenance__smiles": null,
              "provenance__state_of_matter": "dummy estimator based on mw"
            },
            "liquid_chemical": {
              "identifier": "f99bea3a-67af-4705-ba7f-a0d49c7d30b7",
              "smiles": "OCCBr",
              "state_of_matter": "LIQUID",
              "molecular_weight": 124.96450000000003,
              "density": 1.0,
              "mass": 0.48993722973113324,
              "is_produced_by": [],
              "is_consumed_by": [
                "9cdbff93-283a-4c3a-ab7f-59afa1fa5c46"
              ],
              "provenance__density": "dummy estimator based on mw",
              "provenance__is_consumed_by": null,
              "provenance__is_produced_by": null,
              "provenance__mass": null,
              "provenance__molecular_weight": "periodic table",
              "provenance__smiles": null,
              "provenance__state_of_matter": "dummy estimator based on mw"
            },
            "notes": "making OCCBr solution for O=C(O[K])O[K]"
          },
          "precedents": []
        },
        "11f9d3c5-6c51-4a59-935d-c8ca8ae13496": {
          "identifier": "58260878-dee1-4796-adb6-c8af7ff3f421",
          "type": "MakeSolution",
          "process_times": {},
          "from_reaction": "9cdbff93-283a-4c3a-ab7f-59afa1fa5c46",
          "annotations": {
            "solid_chemical": {
              "identifier": "11f9d3c5-6c51-4a59-935d-c8ca8ae13496",
              "smiles": "CC(C)(C)OC(=O)NCCNCC1CC1",
              "state_of_matter": "SOLID",
              "molecular_weight": 214.30457999999976,
              "density": 1.4,
              "mass": 2.1430457999999977,
              "is_produced_by": [],
              "is_consumed_by": [
                "9cdbff93-283a-4c3a-ab7f-59afa1fa5c46"
              ],
              "provenance__density": "dummy estimator based on mw",
              "provenance__is_consumed_by": null,
              "provenance__is_produced_by": null,
              "provenance__mass": null,
              "provenance__molecular_weight": "periodic table",
              "provenance__smiles": null,
              "provenance__state_of_matter": "dummy estimator based on mw"
            },
            "liquid_chemical": {
              "identifier": "7ebdd754-6d23-4ad6-9ccc-8b67e7744d96",
              "smiles": "OCCBr",
              "state_of_matter": "LIQUID",
              "molecular_weight": 124.96450000000003,
              "density": 1.0,
              "mass": 0.759707770268867,
              "is_produced_by": [],
              "is_consumed_by": [
                "9cdbff93-283a-4c3a-ab7f-59afa1fa5c46"
              ],
              "provenance__density": "dummy estimator based on mw",
              "provenance__is_consumed_by": null,
              "provenance__is_produced_by": null,
              "provenance__mass": null,
              "provenance__molecular_weight": "periodic table",
              "provenance__smiles": null,
              "provenance__state_of_matter": "dummy estimator based on mw"
            },
            "notes": "making OCCBr solution for CC(C)(C)OC(=O)NCCNCC1CC1"
          },
          "precedents": [
            "4ea153e7-44f6-46b1-9243-2b81cd944ed7"
          ]
        }
      },
      "add_solutions": {
        "7b5481b6-8d78-48dc-9a63-f3d66af1929d": {
          "identifier": "28ca8b66-4569-4261-97e1-583940c20a04",
          "type": "TransferLiquid",
          "process_times": {},
          "from_reaction": "9cdbff93-283a-4c3a-ab7f-59afa1fa5c46",
          "annotations": {
            "chemical": {
              "identifier": "1bc8169e-cfc8-4520-ac0e-bb1ee9a04035",
              "smiles": "OCCBr.O=C(O[K])O[K]",
              "state_of_matter": "LIQUID",
              "molecular_weight": null,
              "density": 1.2673263004133126,
              "mass": 1.8719922297311333,
              "is_produced_by": [],
              "is_consumed_by": [
                "9cdbff93-283a-4c3a-ab7f-59afa1fa5c46"
              ],
              "provenance__density": "dummy estimator based on mw",
              "provenance__is_consumed_by": null,
              "provenance__is_produced_by": null,
              "provenance__mass": null,
              "provenance__molecular_weight": "periodic table",
              "provenance__smiles": null,
              "provenance__state_of_matter": "dummy estimator based on mw"
            },
            "notes": "add solution O=C(O[K])O[K] in OCCBr"
          },
          "precedents": [
            "1ae35802-2c13-4bd9-ad2a-2770a07b7852"
          ]
        },
        "11f9d3c5-6c51-4a59-935d-c8ca8ae13496": {
          "identifier": "7c4e816f-7e38-4fed-b80e-80ca8cdbd6e9",
          "type": "TransferLiquid",
          "process_times": {},
          "from_reaction": "9cdbff93-283a-4c3a-ab7f-59afa1fa5c46",
          "annotations": {
            "chemical": {
              "identifier": "3fed6d05-f718-4a60-8660-deca37898298",
              "smiles": "OCCBr.CC(C)(C)OC(=O)NCCNCC1CC1",
              "state_of_matter": "LIQUID",
              "molecular_weight": null,
              "density": 1.2673263004133124,
              "mass": 2.9027535702688647,
              "is_produced_by": [],
              "is_consumed_by": [
                "9cdbff93-283a-4c3a-ab7f-59afa1fa5c46"
              ],
              "provenance__density": "dummy estimator based on mw",
              "provenance__is_consumed_by": null,
              "provenance__is_produced_by": null,
              "provenance__mass": null,
              "provenance__molecular_weight": "periodic table",
              "provenance__smiles": null,
              "provenance__state_of_matter": "dummy estimator based on mw"
            },
            "notes": "add solution CC(C)(C)OC(=O)NCCNCC1CC1 in OCCBr"
          },
          "precedents": [
            "58260878-dee1-4796-adb6-c8af7ff3f421"
          ]
        }
      },
      "add_liquids": {
        "0a112383-10b0-4d90-9c07-c3d29d667465": {
          "identifier": "e6e442a8-d7b3-454b-962a-0e11821e3cba",
          "type": "TransferLiquid",
          "process_times": {},
          "from_reaction": "9cdbff93-283a-4c3a-ab7f-59afa1fa5c46",
          "annotations": {
            "chemical": {
              "identifier": "0a112383-10b0-4d90-9c07-c3d29d667465",
              "smiles": "CC#N",
              "state_of_matter": "LIQUID",
              "molecular_weight": 41.051919999999996,
              "density": 1.0,
              "mass": 0.4105192,
              "is_produced_by": [],
              "is_consumed_by": [
                "9cdbff93-283a-4c3a-ab7f-59afa1fa5c46"
              ],
              "provenance__density": "dummy estimator based on mw",
              "provenance__is_consumed_by": null,
              "provenance__is_produced_by": null,
              "provenance__mass": null,
              "provenance__molecular_weight": "periodic table",
              "provenance__smiles": null,
              "provenance__state_of_matter": "dummy estimator based on mw"
            },
            "notes": "add liquid CC#N"
          },
          "precedents": []
        }
      },
      "heat": {
        "identifier": "2f58fafa-77cb-4f04-908e-343d146c6dd5",
        "type": "Heating",
        "process_times": {},
        "from_reaction": "9cdbff93-283a-4c3a-ab7f-59afa1fa5c46",
        "annotations": {
          "temperature": 294.64868127107616,
          "notes": "heating the reaction vessel to afford product: CC(C)(C)OC(=O)NCCN(CCO)CC1CC1"
        },
        "precedents": [
          "e6e442a8-d7b3-454b-962a-0e11821e3cba",
          "28ca8b66-4569-4261-97e1-583940c20a04",
          "7c4e816f-7e38-4fed-b80e-80ca8cdbd6e9",
          "1ae35802-2c13-4bd9-ad2a-2770a07b7852",
          "58260878-dee1-4796-adb6-c8af7ff3f421"
        ]
      },
      "concentrate_and_purify": {
        "identifier": "feff6d12-bf5a-4887-8e9f-9bf221b601a2",
        "type": "ConcentrationAndPurification",
        "process_times": {},
        "from_reaction": "9cdbff93-283a-4c3a-ab7f-59afa1fa5c46",
        "annotations": {
          "chemical": {
            "identifier": "a246d688-07c0-4869-a003-faf789bc1078",
            "smiles": "CC(C)(C)OC(=O)NCCN(CCO)CC1CC1",
            "state_of_matter": "SOLID",
            "molecular_weight": 258.3571399999998,
            "density": 1.4,
            "mass": 2.583571399999998,
            "is_produced_by": [
              "9cdbff93-283a-4c3a-ab7f-59afa1fa5c46"
            ],
            "is_consumed_by": [],
            "provenance__density": "dummy estimator based on mw",
            "provenance__is_consumed_by": null,
            "provenance__is_produced_by": null,
            "provenance__mass": null,
            "provenance__molecular_weight": "periodic table",
            "provenance__smiles": null,
            "provenance__state_of_matter": "dummy estimator based on mw"
          },
          "notes": "purify and concentrate the product: CC(C)(C)OC(=O)NCCN(CCO)CC1CC1"
        },
        "precedents": [
          "2f58fafa-77cb-4f04-908e-343d146c6dd5"
        ]
      },
      "lmin": {
        "2f58fafa-77cb-4f04-908e-343d146c6dd5": {
          "feff6d12-bf5a-4887-8e9f-9bf221b601a2": 25.514879073209023
        }
      },
      "lmax": {
        "1ae35802-2c13-4bd9-ad2a-2770a07b7852": {
          "2f58fafa-77cb-4f04-908e-343d146c6dd5": 74.90915287185518
        },
        "58260878-dee1-4796-adb6-c8af7ff3f421": {
          "2f58fafa-77cb-4f04-908e-343d146c6dd5": 79.73416625745574
        }
      }
    },
    {
      "identifier": "b6870f31-c1a9-4432-8830-4bd1f6632eaf",
      "reaction": {
        "identifier": "0709f3fe-8575-4a85-90bb-dcdb0b09eac5",
        "reactants": [
          {
            "identifier": "a0d08b36-ae27-4bd0-b0c0-f6539e7b5a51",
            "smiles": "COC(=O)c1ccc(N)cc1",
            "state_of_matter": "LIQUID",
            "molecular_weight": 151.1625599999999,
            "density": 1.0,
            "mass": 1.511625599999999,
            "is_produced_by": [],
            "is_consumed_by": [
              "0709f3fe-8575-4a85-90bb-dcdb0b09eac5"
            ],
            "provenance__density": "dummy estimator based on mw",
            "provenance__is_consumed_by": null,
            "provenance__is_produced_by": null,
            "provenance__mass": null,
            "provenance__molecular_weight": "periodic table",
            "provenance__smiles": null,
            "provenance__state_of_matter": "dummy estimator based on mw"
          },
          {
            "identifier": "9f175e2e-a500-41eb-9e4f-6621f5841eda",
            "smiles": "O=S(=O)(Cl)c1cccc2cccnc12",
            "state_of_matter": "SOLID",
            "molecular_weight": 227.66743999999989,
            "density": 1.4,
            "mass": 2.2766743999999988,
            "is_produced_by": [],
            "is_consumed_by": [
              "0709f3fe-8575-4a85-90bb-dcdb0b09eac5"
            ],
            "provenance__density": "dummy estimator based on mw",
            "provenance__is_consumed_by": null,
            "provenance__is_produced_by": null,
            "provenance__mass": null,
            "provenance__molecular_weight": "periodic table",
            "provenance__smiles": null,
            "provenance__state_of_matter": "dummy estimator based on mw"
          }
        ],
        "reagents": [
          {
            "identifier": "9de7dfaf-72cd-4b42-ae32-26e72b9fc6ba",
            "smiles": "c1ccncc1",
            "state_of_matter": "LIQUID",
            "molecular_weight": 79.09990000000003,
            "density": 1.0,
            "mass": 0.7909990000000003,
            "is_produced_by": [],
            "is_consumed_by": [
              "0709f3fe-8575-4a85-90bb-dcdb0b09eac5"
            ],
            "provenance__density": "dummy estimator based on mw",
            "provenance__is_consumed_by": null,
            "provenance__is_produced_by": null,
            "provenance__mass": null,
            "provenance__molecular_weight": "periodic table",
            "provenance__smiles": null,
            "provenance__state_of_matter": "dummy estimator based on mw"
          }
        ],
        "products": [
          {
            "identifier": "ae7babd1-7cc2-42db-9197-877d0c286b11",
            "smiles": "COC(=O)c1ccc(NS(=O)(=O)c2cccc3cccnc23)cc1",
            "state_of_matter": "SOLID",
            "molecular_weight": 342.36906000000016,
            "density": 1.4,
            "mass": 3.423690600000002,
            "is_produced_by": [
              "0709f3fe-8575-4a85-90bb-dcdb0b09eac5"
            ],
            "is_consumed_by": [],
            "provenance__density": "dummy estimator based on mw",
            "provenance__is_consumed_by": null,
            "provenance__is_produced_by": null,
            "provenance__mass": null,
            "provenance__molecular_weight": "periodic table",
            "provenance__smiles": null,
            "provenance__state_of_matter": "dummy estimator based on mw"
          }
        ],
        "stoichiometry": {
          "a0d08b36-ae27-4bd0-b0c0-f6539e7b5a51": 1.0,
          "9f175e2e-a500-41eb-9e4f-6621f5841eda": 1.0,
          "ae7babd1-7cc2-42db-9197-877d0c286b11": -1.0
        },
        "temperature": 313.1208207070827,
        "intended_ratios": {
          "a0d08b36-ae27-4bd0-b0c0-f6539e7b5a51": 1.0,
          "9f175e2e-a500-41eb-9e4f-6621f5841eda": 1.0,
          "9de7dfaf-72cd-4b42-ae32-26e72b9fc6ba": 1.0
        },
        "expected_yields": {
          "ae7babd1-7cc2-42db-9197-877d0c286b11": 1.0
        },
        "reaction_extent": 0.01
      },
      "functional_modules": [],
      "make_solutions": {
        "9f175e2e-a500-41eb-9e4f-6621f5841eda": {
          "identifier": "dc1d05a1-ca2d-46de-a678-4e1dc48e68a2",
          "type": "MakeSolution",
          "process_times": {},
          "from_reaction": "0709f3fe-8575-4a85-90bb-dcdb0b09eac5",
          "annotations": {
            "solid_chemical": {
              "identifier": "9f175e2e-a500-41eb-9e4f-6621f5841eda",
              "smiles": "O=S(=O)(Cl)c1cccc2cccnc12",
              "state_of_matter": "SOLID",
              "molecular_weight": 227.66743999999989,
              "density": 1.4,
              "mass": 2.2766743999999988,
              "is_produced_by": [],
              "is_consumed_by": [
                "0709f3fe-8575-4a85-90bb-dcdb0b09eac5"
              ],
              "provenance__density": "dummy estimator based on mw",
              "provenance__is_consumed_by": null,
              "provenance__is_produced_by": null,
              "provenance__mass": null,
              "provenance__molecular_weight": "periodic table",
              "provenance__smiles": null,
              "provenance__state_of_matter": "dummy estimator based on mw"
            },
            "liquid_chemical": {
              "identifier": "af7fd89b-6ceb-4094-9980-cc4db751f516",
              "smiles": "COC(=O)c1ccc(N)cc1",
              "state_of_matter": "LIQUID",
              "molecular_weight": 151.1625599999999,
              "density": 1.0,
              "mass": 1.511625599999999,
              "is_produced_by": [],
              "is_consumed_by": [
                "0709f3fe-8575-4a85-90bb-dcdb0b09eac5"
              ],
              "provenance__density": "dummy estimator based on mw",
              "provenance__is_consumed_by": null,
              "provenance__is_produced_by": null,
              "provenance__mass": null,
              "provenance__molecular_weight": "periodic table",
              "provenance__smiles": null,
              "provenance__state_of_matter": "dummy estimator based on mw"
            },
            "notes": "making COC(=O)c1ccc(N)cc1 solution for O=S(=O)(Cl)c1cccc2cccnc12"
          },
          "precedents": []
        }
      },
      "add_solutions": {
        "9f175e2e-a500-41eb-9e4f-6621f5841eda": {
          "identifier": "d6000e92-94e8-434a-b42b-fd9407718a32",
          "type": "TransferLiquid",
          "process_times": {},
          "from_reaction": "0709f3fe-8575-4a85-90bb-dcdb0b09eac5",
          "annotations": {
            "chemical": {
              "identifier": "180b82dc-887d-42cc-a1a2-7e2c2ee1520b",
              "smiles": "COC(=O)c1ccc(N)cc1.O=S(=O)(Cl)c1cccc2cccnc12",
              "state_of_matter": "LIQUID",
              "molecular_weight": null,
              "density": 1.2073025439049816,
              "mass": 3.788299999999998,
              "is_produced_by": [],
              "is_consumed_by": [
                "0709f3fe-8575-4a85-90bb-dcdb0b09eac5"
              ],
              "provenance__density": "dummy estimator based on mw",
              "provenance__is_consumed_by": null,
              "provenance__is_produced_by": null,
              "provenance__mass": null,
              "provenance__molecular_weight": "periodic table",
              "provenance__smiles": null,
              "provenance__state_of_matter": "dummy estimator based on mw"
            },
            "notes": "add solution O=S(=O)(Cl)c1cccc2cccnc12 in COC(=O)c1ccc(N)cc1"
          },
          "precedents": [
            "dc1d05a1-ca2d-46de-a678-4e1dc48e68a2"
          ]
        }
      },
      "add_liquids": {
        "9de7dfaf-72cd-4b42-ae32-26e72b9fc6ba": {
          "identifier": "bcc0945e-c7a4-426c-a128-a956d2cb44e2",
          "type": "TransferLiquid",
          "process_times": {},
          "from_reaction": "0709f3fe-8575-4a85-90bb-dcdb0b09eac5",
          "annotations": {
            "chemical": {
              "identifier": "9de7dfaf-72cd-4b42-ae32-26e72b9fc6ba",
              "smiles": "c1ccncc1",
              "state_of_matter": "LIQUID",
              "molecular_weight": 79.09990000000003,
              "density": 1.0,
              "mass": 0.7909990000000003,
              "is_produced_by": [],
              "is_consumed_by": [
                "0709f3fe-8575-4a85-90bb-dcdb0b09eac5"
              ],
              "provenance__density": "dummy estimator based on mw",
              "provenance__is_consumed_by": null,
              "provenance__is_produced_by": null,
              "provenance__mass": null,
              "provenance__molecular_weight": "periodic table",
              "provenance__smiles": null,
              "provenance__state_of_matter": "dummy estimator based on mw"
            },
            "notes": "add liquid c1ccncc1"
          },
          "precedents": []
        }
      },
      "heat": {
        "identifier": "770a6de6-1638-499d-bc32-4563103080b6",
        "type": "Heating",
        "process_times": {},
        "from_reaction": "0709f3fe-8575-4a85-90bb-dcdb0b09eac5",
        "annotations": {
          "temperature": 313.1208207070827,
          "notes": "heating the reaction vessel to afford product: COC(=O)c1ccc(NS(=O)(=O)c2cccc3cccnc23)cc1"
        },
        "precedents": [
          "bcc0945e-c7a4-426c-a128-a956d2cb44e2",
          "d6000e92-94e8-434a-b42b-fd9407718a32",
          "dc1d05a1-ca2d-46de-a678-4e1dc48e68a2"
        ]
      },
      "concentrate_and_purify": {
        "identifier": "5d35b485-b64a-4293-8344-c64be502d92f",
        "type": "ConcentrationAndPurification",
        "process_times": {},
        "from_reaction": "0709f3fe-8575-4a85-90bb-dcdb0b09eac5",
        "annotations": {
          "chemical": {
            "identifier": "ae7babd1-7cc2-42db-9197-877d0c286b11",
            "smiles": "COC(=O)c1ccc(NS(=O)(=O)c2cccc3cccnc23)cc1",
            "state_of_matter": "SOLID",
            "molecular_weight": 342.36906000000016,
            "density": 1.4,
            "mass": 3.423690600000002,
            "is_produced_by": [
              "0709f3fe-8575-4a85-90bb-dcdb0b09eac5"
            ],
            "is_consumed_by": [],
            "provenance__density": "dummy estimator based on mw",
            "provenance__is_consumed_by": null,
            "provenance__is_produced_by": null,
            "provenance__mass": null,
            "provenance__molecular_weight": "periodic table",
            "provenance__smiles": null,
            "provenance__state_of_matter": "dummy estimator based on mw"
          },
          "notes": "purify and concentrate the product: COC(=O)c1ccc(NS(=O)(=O)c2cccc3cccnc23)cc1"
        },
        "precedents": [
          "770a6de6-1638-499d-bc32-4563103080b6"
        ]
      },
      "lmin": {
        "770a6de6-1638-499d-bc32-4563103080b6": {
          "5d35b485-b64a-4293-8344-c64be502d92f": 14.036155343623538
        }
      },
      "lmax": {
        "dc1d05a1-ca2d-46de-a678-4e1dc48e68a2": {
          "770a6de6-1638-499d-bc32-4563103080b6": 65.67461558832653
        }
      }
    },
    {
      "identifier": "e3f2e06a-abf3-460c-87bd-3ab61e9a6452",
      "reaction": {
        "identifier": "df8533db-f06d-440f-a843-73fc484addfd",
        "reactants": [
          {
            "identifier": "dcbabaa5-3d38-4d56-a4e7-4a68b4e22504",
            "smiles": "COC(=O)c1ccc(NS(=O)(=O)c2cccc3cccnc23)cc1",
            "state_of_matter": "SOLID",
            "molecular_weight": 342.36906000000016,
            "density": 1.4,
            "mass": 3.423690600000002,
            "is_produced_by": [],
            "is_consumed_by": [
              "df8533db-f06d-440f-a843-73fc484addfd"
            ],
            "provenance__density": "dummy estimator based on mw",
            "provenance__is_consumed_by": null,
            "provenance__is_produced_by": null,
            "provenance__mass": null,
            "provenance__molecular_weight": "periodic table",
            "provenance__smiles": null,
            "provenance__state_of_matter": "dummy estimator based on mw"
          },
          {
            "identifier": "d7f675e9-8a92-4eaa-a07f-7155bcd7f6ed",
            "smiles": "NCCN(CCO)CC1CC1",
            "state_of_matter": "LIQUID",
            "molecular_weight": 158.2413199999998,
            "density": 1.0,
            "mass": 1.582413199999998,
            "is_produced_by": [],
            "is_consumed_by": [
              "df8533db-f06d-440f-a843-73fc484addfd"
            ],
            "provenance__density": "dummy estimator based on mw",
            "provenance__is_consumed_by": null,
            "provenance__is_produced_by": null,
            "provenance__mass": null,
            "provenance__molecular_weight": "periodic table",
            "provenance__smiles": null,
            "provenance__state_of_matter": "dummy estimator based on mw"
          }
        ],
        "reagents": [
          {
            "identifier": "0e466a48-876c-474f-afd9-31947c346962",
            "smiles": "Cc1ccccc1",
            "state_of_matter": "LIQUID",
            "molecular_weight": 92.13842000000004,
            "density": 1.0,
            "mass": 0.9213842000000004,
            "is_produced_by": [],
            "is_consumed_by": [
              "df8533db-f06d-440f-a843-73fc484addfd"
            ],
            "provenance__density": "dummy estimator based on mw",
            "provenance__is_consumed_by": null,
            "provenance__is_produced_by": null,
            "provenance__mass": null,
            "provenance__molecular_weight": "periodic table",
            "provenance__smiles": null,
            "provenance__state_of_matter": "dummy estimator based on mw"
          },
          {
            "identifier": "6d938e85-e1cd-4a0f-8dbd-bf87363f3b8d",
            "smiles": "C[Al](C)C",
            "state_of_matter": "LIQUID",
            "molecular_weight": 72.08509800000004,
            "density": 1.0,
            "mass": 0.7208509800000005,
            "is_produced_by": [],
            "is_consumed_by": [
              "df8533db-f06d-440f-a843-73fc484addfd"
            ],
            "provenance__density": "dummy estimator based on mw",
            "provenance__is_consumed_by": null,
            "provenance__is_produced_by": null,
            "provenance__mass": null,
            "provenance__molecular_weight": "periodic table",
            "provenance__smiles": null,
            "provenance__state_of_matter": "dummy estimator based on mw"
          }
        ],
        "products": [
          {
            "identifier": "360df877-46ba-4b38-9970-8948afba1984",
            "smiles": "O=C(NCCN(CCO)CC1CC1)c1ccc(NS(=O)(=O)c2cccc3cccnc23)cc1",
            "state_of_matter": "SOLID",
            "molecular_weight": 468.5685200000002,
            "density": 1.4,
            "mass": 4.685685200000002,
            "is_produced_by": [
              "df8533db-f06d-440f-a843-73fc484addfd"
            ],
            "is_consumed_by": [],
            "provenance__density": "dummy estimator based on mw",
            "provenance__is_consumed_by": null,
            "provenance__is_produced_by": null,
            "provenance__mass": null,
            "provenance__molecular_weight": "periodic table",
            "provenance__smiles": null,
            "provenance__state_of_matter": "dummy estimator based on mw"
          }
        ],
        "stoichiometry": {
          "dcbabaa5-3d38-4d56-a4e7-4a68b4e22504": 1.0,
          "d7f675e9-8a92-4eaa-a07f-7155bcd7f6ed": 1.0,
          "360df877-46ba-4b38-9970-8948afba1984": -1.0
        },
        "temperature": 324.87014089822765,
        "intended_ratios": {
          "dcbabaa5-3d38-4d56-a4e7-4a68b4e22504": 1.0,
          "d7f675e9-8a92-4eaa-a07f-7155bcd7f6ed": 1.0,
          "0e466a48-876c-474f-afd9-31947c346962": 1.0,
          "6d938e85-e1cd-4a0f-8dbd-bf87363f3b8d": 1.0
        },
        "expected_yields": {
          "360df877-46ba-4b38-9970-8948afba1984": 1.0
        },
        "reaction_extent": 0.01
      },
      "functional_modules": [],
      "make_solutions": {
        "dcbabaa5-3d38-4d56-a4e7-4a68b4e22504": {
          "identifier": "54239fd4-5eb9-40d6-9998-9ce5b529d632",
          "type": "MakeSolution",
          "process_times": {},
          "from_reaction": "df8533db-f06d-440f-a843-73fc484addfd",
          "annotations": {
            "solid_chemical": {
              "identifier": "dcbabaa5-3d38-4d56-a4e7-4a68b4e22504",
              "smiles": "COC(=O)c1ccc(NS(=O)(=O)c2cccc3cccnc23)cc1",
              "state_of_matter": "SOLID",
              "molecular_weight": 342.36906000000016,
              "density": 1.4,
              "mass": 3.423690600000002,
              "is_produced_by": [],
              "is_consumed_by": [
                "df8533db-f06d-440f-a843-73fc484addfd"
              ],
              "provenance__density": "dummy estimator based on mw",
              "provenance__is_consumed_by": null,
              "provenance__is_produced_by": null,
              "provenance__mass": null,
              "provenance__molecular_weight": "periodic table",
              "provenance__smiles": null,
              "provenance__state_of_matter": "dummy estimator based on mw"
            },
            "liquid_chemical": {
              "identifier": "1f5028b2-ffb3-45af-acef-8e6c87cd3475",
              "smiles": "NCCN(CCO)CC1CC1",
              "state_of_matter": "LIQUID",
              "molecular_weight": 158.2413199999998,
              "density": 1.0,
              "mass": 1.582413199999998,
              "is_produced_by": [],
              "is_consumed_by": [
                "df8533db-f06d-440f-a843-73fc484addfd"
              ],
              "provenance__density": "dummy estimator based on mw",
              "provenance__is_consumed_by": null,
              "provenance__is_produced_by": null,
              "provenance__mass": null,
              "provenance__molecular_weight": "periodic table",
              "provenance__smiles": null,
              "provenance__state_of_matter": "dummy estimator based on mw"
            },
            "notes": "making NCCN(CCO)CC1CC1 solution for COC(=O)c1ccc(NS(=O)(=O)c2cccc3cccnc23)cc1"
          },
          "precedents": [
            "5d35b485-b64a-4293-8344-c64be502d92f",
            "f422b299-2d6b-458f-a149-4928fba7bc71"
          ]
        }
      },
      "add_solutions": {
        "dcbabaa5-3d38-4d56-a4e7-4a68b4e22504": {
          "identifier": "b9971ca2-a9ca-439f-b222-8343bada9bcd",
          "type": "TransferLiquid",
          "process_times": {},
          "from_reaction": "df8533db-f06d-440f-a843-73fc484addfd",
          "annotations": {
            "chemical": {
              "identifier": "22d18d0b-f8b1-4bce-834d-5e0b55db9acb",
              "smiles": "NCCN(CCO)CC1CC1.COC(=O)c1ccc(NS(=O)(=O)c2cccc3cccnc23)cc1",
              "state_of_matter": "LIQUID",
              "molecular_weight": null,
              "density": 1.2428550210276907,
              "mass": 5.0061038,
              "is_produced_by": [],
              "is_consumed_by": [
                "df8533db-f06d-440f-a843-73fc484addfd"
              ],
              "provenance__density": "dummy estimator based on mw",
              "provenance__is_consumed_by": null,
              "provenance__is_produced_by": null,
              "provenance__mass": null,
              "provenance__molecular_weight": "periodic table",
              "provenance__smiles": null,
              "provenance__state_of_matter": "dummy estimator based on mw"
            },
            "notes": "add solution COC(=O)c1ccc(NS(=O)(=O)c2cccc3cccnc23)cc1 in NCCN(CCO)CC1CC1"
          },
          "precedents": [
            "54239fd4-5eb9-40d6-9998-9ce5b529d632"
          ]
        }
      },
      "add_liquids": {
        "6d938e85-e1cd-4a0f-8dbd-bf87363f3b8d": {
          "identifier": "5ab67263-17a0-41d5-b758-b02d842463a7",
          "type": "TransferLiquid",
          "process_times": {},
          "from_reaction": "df8533db-f06d-440f-a843-73fc484addfd",
          "annotations": {
            "chemical": {
              "identifier": "6d938e85-e1cd-4a0f-8dbd-bf87363f3b8d",
              "smiles": "C[Al](C)C",
              "state_of_matter": "LIQUID",
              "molecular_weight": 72.08509800000004,
              "density": 1.0,
              "mass": 0.7208509800000005,
              "is_produced_by": [],
              "is_consumed_by": [
                "df8533db-f06d-440f-a843-73fc484addfd"
              ],
              "provenance__density": "dummy estimator based on mw",
              "provenance__is_consumed_by": null,
              "provenance__is_produced_by": null,
              "provenance__mass": null,
              "provenance__molecular_weight": "periodic table",
              "provenance__smiles": null,
              "provenance__state_of_matter": "dummy estimator based on mw"
            },
            "notes": "add liquid C[Al](C)C"
          },
          "precedents": []
        },
        "0e466a48-876c-474f-afd9-31947c346962": {
          "identifier": "5f22ace2-d2f8-4b04-8aea-3fb93e3baa7e",
          "type": "TransferLiquid",
          "process_times": {},
          "from_reaction": "df8533db-f06d-440f-a843-73fc484addfd",
          "annotations": {
            "chemical": {
              "identifier": "0e466a48-876c-474f-afd9-31947c346962",
              "smiles": "Cc1ccccc1",
              "state_of_matter": "LIQUID",
              "molecular_weight": 92.13842000000004,
              "density": 1.0,
              "mass": 0.9213842000000004,
              "is_produced_by": [],
              "is_consumed_by": [
                "df8533db-f06d-440f-a843-73fc484addfd"
              ],
              "provenance__density": "dummy estimator based on mw",
              "provenance__is_consumed_by": null,
              "provenance__is_produced_by": null,
              "provenance__mass": null,
              "provenance__molecular_weight": "periodic table",
              "provenance__smiles": null,
              "provenance__state_of_matter": "dummy estimator based on mw"
            },
            "notes": "add liquid Cc1ccccc1"
          },
          "precedents": []
        }
      },
      "heat": {
        "identifier": "2373ebed-c23e-491d-a868-8fbba1823a39",
        "type": "Heating",
        "process_times": {},
        "from_reaction": "df8533db-f06d-440f-a843-73fc484addfd",
        "annotations": {
          "temperature": 324.87014089822765,
          "notes": "heating the reaction vessel to afford product: O=C(NCCN(CCO)CC1CC1)c1ccc(NS(=O)(=O)c2cccc3cccnc23)cc1"
        },
        "precedents": [
          "5ab67263-17a0-41d5-b758-b02d842463a7",
          "5f22ace2-d2f8-4b04-8aea-3fb93e3baa7e",
          "b9971ca2-a9ca-439f-b222-8343bada9bcd",
          "54239fd4-5eb9-40d6-9998-9ce5b529d632"
        ]
      },
      "concentrate_and_purify": {
        "identifier": "968b9240-b39f-431a-b6cb-906dd2d79a24",
        "type": "ConcentrationAndPurification",
        "process_times": {},
        "from_reaction": "df8533db-f06d-440f-a843-73fc484addfd",
        "annotations": {
          "chemical": {
            "identifier": "360df877-46ba-4b38-9970-8948afba1984",
            "smiles": "O=C(NCCN(CCO)CC1CC1)c1ccc(NS(=O)(=O)c2cccc3cccnc23)cc1",
            "state_of_matter": "SOLID",
            "molecular_weight": 468.5685200000002,
            "density": 1.4,
            "mass": 4.685685200000002,
            "is_produced_by": [
              "df8533db-f06d-440f-a843-73fc484addfd"
            ],
            "is_consumed_by": [],
            "provenance__density": "dummy estimator based on mw",
            "provenance__is_consumed_by": null,
            "provenance__is_produced_by": null,
            "provenance__mass": null,
            "provenance__molecular_weight": "periodic table",
            "provenance__smiles": null,
            "provenance__state_of_matter": "dummy estimator based on mw"
          },
          "notes": "purify and concentrate the product: O=C(NCCN(CCO)CC1CC1)c1ccc(NS(=O)(=O)c2cccc3cccnc23)cc1"
        },
        "precedents": [
          "2373ebed-c23e-491d-a868-8fbba1823a39"
        ]
      },
      "lmin": {
        "2373ebed-c23e-491d-a868-8fbba1823a39": {
          "968b9240-b39f-431a-b6cb-906dd2d79a24": 44.929134448767336
        }
      },
      "lmax": {
        "54239fd4-5eb9-40d6-9998-9ce5b529d632": {
          "2373ebed-c23e-491d-a868-8fbba1823a39": 39.604786741472466
        }
      }
    },
    {
      "identifier": "310f3bda-826f-45ef-9f4f-657f63cd1910",
      "reaction": {
        "identifier": "f03c6142-f429-4423-8a8f-a54f928bac98",
        "reactants": [
          {
            "identifier": "1b433d53-b0f4-4497-ba22-14b44d519ba1",
            "smiles": "O=C(NCCN(CCO)CC1CC1)c1ccc(NS(=O)(=O)c2cccc3cccnc23)cc1",
            "state_of_matter": "SOLID",
            "molecular_weight": 468.5685200000002,
            "density": 1.4,
            "mass": 4.685685200000002,
            "is_produced_by": [],
            "is_consumed_by": [
              "f03c6142-f429-4423-8a8f-a54f928bac98"
            ],
            "provenance__density": "dummy estimator based on mw",
            "provenance__is_consumed_by": null,
            "provenance__is_produced_by": null,
            "provenance__mass": null,
            "provenance__molecular_weight": "periodic table",
            "provenance__smiles": null,
            "provenance__state_of_matter": "dummy estimator based on mw"
          }
        ],
        "reagents": [
          {
            "identifier": "c7b0a643-8fe3-45d7-9c07-29aa918d9f88",
            "smiles": "ClCCl",
            "state_of_matter": "LIQUID",
            "molecular_weight": 84.93258000000002,
            "density": 1.0,
            "mass": 0.8493258000000001,
            "is_produced_by": [],
            "is_consumed_by": [
              "f03c6142-f429-4423-8a8f-a54f928bac98"
            ],
            "provenance__density": "dummy estimator based on mw",
            "provenance__is_consumed_by": null,
            "provenance__is_produced_by": null,
            "provenance__mass": null,
            "provenance__molecular_weight": "periodic table",
            "provenance__smiles": null,
            "provenance__state_of_matter": "dummy estimator based on mw"
          },
          {
            "identifier": "e572d583-1d47-4efe-b1db-fb212ade5093",
            "smiles": "O=C(O)O[Na]",
            "state_of_matter": "SOLID",
            "molecular_weight": 84.00661000000001,
            "density": 1.4,
            "mass": 0.8400661000000001,
            "is_produced_by": [],
            "is_consumed_by": [
              "f03c6142-f429-4423-8a8f-a54f928bac98"
            ],
            "provenance__density": "dummy estimator based on mw",
            "provenance__is_consumed_by": null,
            "provenance__is_produced_by": null,
            "provenance__mass": null,
            "provenance__molecular_weight": "periodic table",
            "provenance__smiles": null,
            "provenance__state_of_matter": "dummy estimator based on mw"
          },
          {
            "identifier": "8b1297d3-b501-4c2d-b534-18000fa29268",
            "smiles": "CC(=O)OI1(OC(C)=O)(OC(C)=O)OC(=O)c2ccccc21",
            "state_of_matter": "SOLID",
            "molecular_weight": 424.1419900000001,
            "density": 1.4,
            "mass": 4.241419900000001,
            "is_produced_by": [],
            "is_consumed_by": [
              "f03c6142-f429-4423-8a8f-a54f928bac98"
            ],
            "provenance__density": "dummy estimator based on mw",
            "provenance__is_consumed_by": null,
            "provenance__is_produced_by": null,
            "provenance__mass": null,
            "provenance__molecular_weight": "periodic table",
            "provenance__smiles": null,
            "provenance__state_of_matter": "dummy estimator based on mw"
          }
        ],
        "products": [
          {
            "identifier": "78de24eb-6e97-47c8-a973-f77867e3169d",
            "smiles": "O=CCN(CCNC(=O)c1ccc(NS(=O)(=O)c2cccc3cccnc23)cc1)CC1CC1",
            "state_of_matter": "SOLID",
            "molecular_weight": 466.5526400000003,
            "density": 1.4,
            "mass": 4.665526400000003,
            "is_produced_by": [
              "f03c6142-f429-4423-8a8f-a54f928bac98"
            ],
            "is_consumed_by": [],
            "provenance__density": "dummy estimator based on mw",
            "provenance__is_consumed_by": null,
            "provenance__is_produced_by": null,
            "provenance__mass": null,
            "provenance__molecular_weight": "periodic table",
            "provenance__smiles": null,
            "provenance__state_of_matter": "dummy estimator based on mw"
          }
        ],
        "stoichiometry": {
          "1b433d53-b0f4-4497-ba22-14b44d519ba1": 1.0,
          "78de24eb-6e97-47c8-a973-f77867e3169d": -1.0
        },
        "temperature": 299.559163749218,
        "intended_ratios": {
          "1b433d53-b0f4-4497-ba22-14b44d519ba1": 1.0,
          "c7b0a643-8fe3-45d7-9c07-29aa918d9f88": 1.0,
          "e572d583-1d47-4efe-b1db-fb212ade5093": 1.0,
          "8b1297d3-b501-4c2d-b534-18000fa29268": 1.0
        },
        "expected_yields": {
          "78de24eb-6e97-47c8-a973-f77867e3169d": 1.0
        },
        "reaction_extent": 0.01
      },
      "functional_modules": [],
      "make_solutions": {
        "e572d583-1d47-4efe-b1db-fb212ade5093": {
          "identifier": "a3273736-5e92-4ae7-9057-9c04b94cb0e2",
          "type": "MakeSolution",
          "process_times": {},
          "from_reaction": "f03c6142-f429-4423-8a8f-a54f928bac98",
          "annotations": {
            "solid_chemical": {
              "identifier": "e572d583-1d47-4efe-b1db-fb212ade5093",
              "smiles": "O=C(O)O[Na]",
              "state_of_matter": "SOLID",
              "molecular_weight": 84.00661000000001,
              "density": 1.4,
              "mass": 0.8400661000000001,
              "is_produced_by": [],
              "is_consumed_by": [
                "f03c6142-f429-4423-8a8f-a54f928bac98"
              ],
              "provenance__density": "dummy estimator based on mw",
              "provenance__is_consumed_by": null,
              "provenance__is_produced_by": null,
              "provenance__mass": null,
              "provenance__molecular_weight": "periodic table",
              "provenance__smiles": null,
              "provenance__state_of_matter": "dummy estimator based on mw"
            },
            "liquid_chemical": {
              "identifier": "0e1b4dfe-2f70-435a-9a68-9afa58bdef0d",
              "smiles": "ClCCl",
              "state_of_matter": "LIQUID",
              "molecular_weight": 84.93258000000002,
              "density": 1.0,
              "mass": 0.07304979075572873,
              "is_produced_by": [],
              "is_consumed_by": [
                "f03c6142-f429-4423-8a8f-a54f928bac98"
              ],
              "provenance__density": "dummy estimator based on mw",
              "provenance__is_consumed_by": null,
              "provenance__is_produced_by": null,
              "provenance__mass": null,
              "provenance__molecular_weight": "periodic table",
              "provenance__smiles": null,
              "provenance__state_of_matter": "dummy estimator based on mw"
            },
            "notes": "making ClCCl solution for O=C(O)O[Na]"
          },
          "precedents": []
        },
        "8b1297d3-b501-4c2d-b534-18000fa29268": {
          "identifier": "6467eac0-119b-4121-b107-2d16dfaa54c4",
          "type": "MakeSolution",
          "process_times": {},
          "from_reaction": "f03c6142-f429-4423-8a8f-a54f928bac98",
          "annotations": {
            "solid_chemical": {
              "identifier": "8b1297d3-b501-4c2d-b534-18000fa29268",
              "smiles": "CC(=O)OI1(OC(C)=O)(OC(C)=O)OC(=O)c2ccccc21",
              "state_of_matter": "SOLID",
              "molecular_weight": 424.1419900000001,
              "density": 1.4,
              "mass": 4.241419900000001,
              "is_produced_by": [],
              "is_consumed_by": [
                "f03c6142-f429-4423-8a8f-a54f928bac98"
              ],
              "provenance__density": "dummy estimator based on mw",
              "provenance__is_consumed_by": null,
              "provenance__is_produced_by": null,
              "provenance__mass": null,
              "provenance__molecular_weight": "periodic table",
              "provenance__smiles": null,
              "provenance__state_of_matter": "dummy estimator based on mw"
            },
            "liquid_chemical": {
              "identifier": "6279784c-92c4-4fc5-99ec-b9473820653d",
              "smiles": "ClCCl",
              "state_of_matter": "LIQUID",
              "molecular_weight": 84.93258000000002,
              "density": 1.0,
              "mass": 0.36882197270212896,
              "is_produced_by": [],
              "is_consumed_by": [
                "f03c6142-f429-4423-8a8f-a54f928bac98"
              ],
              "provenance__density": "dummy estimator based on mw",
              "provenance__is_consumed_by": null,
              "provenance__is_produced_by": null,
              "provenance__mass": null,
              "provenance__molecular_weight": "periodic table",
              "provenance__smiles": null,
              "provenance__state_of_matter": "dummy estimator based on mw"
            },
            "notes": "making ClCCl solution for CC(=O)OI1(OC(C)=O)(OC(C)=O)OC(=O)c2ccccc21"
          },
          "precedents": []
        },
        "1b433d53-b0f4-4497-ba22-14b44d519ba1": {
          "identifier": "e9ad1116-a1fc-4bbb-b84c-04b93a156212",
          "type": "MakeSolution",
          "process_times": {},
          "from_reaction": "f03c6142-f429-4423-8a8f-a54f928bac98",
          "annotations": {
            "solid_chemical": {
              "identifier": "1b433d53-b0f4-4497-ba22-14b44d519ba1",
              "smiles": "O=C(NCCN(CCO)CC1CC1)c1ccc(NS(=O)(=O)c2cccc3cccnc23)cc1",
              "state_of_matter": "SOLID",
              "molecular_weight": 468.5685200000002,
              "density": 1.4,
              "mass": 4.685685200000002,
              "is_produced_by": [],
              "is_consumed_by": [
                "f03c6142-f429-4423-8a8f-a54f928bac98"
              ],
              "provenance__density": "dummy estimator based on mw",
              "provenance__is_consumed_by": null,
              "provenance__is_produced_by": null,
              "provenance__mass": null,
              "provenance__molecular_weight": "periodic table",
              "provenance__smiles": null,
              "provenance__state_of_matter": "dummy estimator based on mw"
            },
            "liquid_chemical": {
              "identifier": "040976f9-69b2-48dc-b6d3-73909dd79bb8",
              "smiles": "ClCCl",
              "state_of_matter": "LIQUID",
              "molecular_weight": 84.93258000000002,
              "density": 1.0,
              "mass": 0.40745403654214235,
              "is_produced_by": [],
              "is_consumed_by": [
                "f03c6142-f429-4423-8a8f-a54f928bac98"
              ],
              "provenance__density": "dummy estimator based on mw",
              "provenance__is_consumed_by": null,
              "provenance__is_produced_by": null,
              "provenance__mass": null,
              "provenance__molecular_weight": "periodic table",
              "provenance__smiles": null,
              "provenance__state_of_matter": "dummy estimator based on mw"
            },
            "notes": "making ClCCl solution for O=C(NCCN(CCO)CC1CC1)c1ccc(NS(=O)(=O)c2cccc3cccnc23)cc1"
          },
          "precedents": [
            "968b9240-b39f-431a-b6cb-906dd2d79a24"
          ]
        }
      },
      "add_solutions": {
        "e572d583-1d47-4efe-b1db-fb212ade5093": {
          "identifier": "168c85a2-db38-4e82-b3fa-b6980709bf0d",
          "type": "TransferLiquid",
          "process_times": {},
          "from_reaction": "f03c6142-f429-4423-8a8f-a54f928bac98",
          "annotations": {
            "chemical": {
              "identifier": "e37a502d-1872-4eb7-a21d-43ffe0a732d1",
              "smiles": "ClCCl.O=C(O)O[Na]",
              "state_of_matter": "LIQUID",
              "molecular_weight": null,
              "density": 1.3565888481401096,
              "mass": 0.9131158907557289,
              "is_produced_by": [],
              "is_consumed_by": [
                "f03c6142-f429-4423-8a8f-a54f928bac98"
              ],
              "provenance__density": "dummy estimator based on mw",
              "provenance__is_consumed_by": null,
              "provenance__is_produced_by": null,
              "provenance__mass": null,
              "provenance__molecular_weight": "periodic table",
              "provenance__smiles": null,
              "provenance__state_of_matter": "dummy estimator based on mw"
            },
            "notes": "add solution O=C(O)O[Na] in ClCCl"
          },
          "precedents": [
            "a3273736-5e92-4ae7-9057-9c04b94cb0e2"
          ]
        },
        "8b1297d3-b501-4c2d-b534-18000fa29268": {
          "identifier": "69fa9c11-b293-459a-b42a-130818b6b6cc",
          "type": "TransferLiquid",
          "process_times": {},
          "from_reaction": "f03c6142-f429-4423-8a8f-a54f928bac98",
          "annotations": {
            "chemical": {
              "identifier": "28feb44f-b04d-48c9-995d-ad4653db4ca2",
              "smiles": "ClCCl.CC(=O)OI1(OC(C)=O)(OC(C)=O)OC(=O)c2ccccc21",
              "state_of_matter": "LIQUID",
              "molecular_weight": null,
              "density": 1.3565888481401096,
              "mass": 4.61024187270213,
              "is_produced_by": [],
              "is_consumed_by": [
                "f03c6142-f429-4423-8a8f-a54f928bac98"
              ],
              "provenance__density": "dummy estimator based on mw",
              "provenance__is_consumed_by": null,
              "provenance__is_produced_by": null,
              "provenance__mass": null,
              "provenance__molecular_weight": "periodic table",
              "provenance__smiles": null,
              "provenance__state_of_matter": "dummy estimator based on mw"
            },
            "notes": "add solution CC(=O)OI1(OC(C)=O)(OC(C)=O)OC(=O)c2ccccc21 in ClCCl"
          },
          "precedents": [
            "6467eac0-119b-4121-b107-2d16dfaa54c4"
          ]
        },
        "1b433d53-b0f4-4497-ba22-14b44d519ba1": {
          "identifier": "c23c464b-040d-4efa-9251-19bee4c6782e",
          "type": "TransferLiquid",
          "process_times": {},
          "from_reaction": "f03c6142-f429-4423-8a8f-a54f928bac98",
          "annotations": {
            "chemical": {
              "identifier": "6860a326-2fa2-4f58-b9a1-233cc5aa2473",
              "smiles": "ClCCl.O=C(NCCN(CCO)CC1CC1)c1ccc(NS(=O)(=O)c2cccc3cccnc23)cc1",
              "state_of_matter": "LIQUID",
              "molecular_weight": null,
              "density": 1.3565888481401096,
              "mass": 5.093139236542144,
              "is_produced_by": [],
              "is_consumed_by": [
                "f03c6142-f429-4423-8a8f-a54f928bac98"
              ],
              "provenance__density": "dummy estimator based on mw",
              "provenance__is_consumed_by": null,
              "provenance__is_produced_by": null,
              "provenance__mass": null,
              "provenance__molecular_weight": "periodic table",
              "provenance__smiles": null,
              "provenance__state_of_matter": "dummy estimator based on mw"
            },
            "notes": "add solution O=C(NCCN(CCO)CC1CC1)c1ccc(NS(=O)(=O)c2cccc3cccnc23)cc1 in ClCCl"
          },
          "precedents": [
            "e9ad1116-a1fc-4bbb-b84c-04b93a156212"
          ]
        }
      },
      "add_liquids": {},
      "heat": {
        "identifier": "261b130a-54af-43b4-8a4f-9ec5781c0610",
        "type": "Heating",
        "process_times": {},
        "from_reaction": "f03c6142-f429-4423-8a8f-a54f928bac98",
        "annotations": {
          "temperature": 299.559163749218,
          "notes": "heating the reaction vessel to afford product: O=CCN(CCNC(=O)c1ccc(NS(=O)(=O)c2cccc3cccnc23)cc1)CC1CC1"
        },
        "precedents": [
          "168c85a2-db38-4e82-b3fa-b6980709bf0d",
          "69fa9c11-b293-459a-b42a-130818b6b6cc",
          "c23c464b-040d-4efa-9251-19bee4c6782e",
          "a3273736-5e92-4ae7-9057-9c04b94cb0e2",
          "6467eac0-119b-4121-b107-2d16dfaa54c4",
          "e9ad1116-a1fc-4bbb-b84c-04b93a156212"
        ]
      },
      "concentrate_and_purify": {
        "identifier": "c7ebbca1-fcf0-4fbe-bc8a-4d2c0f5c6df5",
        "type": "ConcentrationAndPurification",
        "process_times": {},
        "from_reaction": "f03c6142-f429-4423-8a8f-a54f928bac98",
        "annotations": {
          "chemical": {
            "identifier": "78de24eb-6e97-47c8-a973-f77867e3169d",
            "smiles": "O=CCN(CCNC(=O)c1ccc(NS(=O)(=O)c2cccc3cccnc23)cc1)CC1CC1",
            "state_of_matter": "SOLID",
            "molecular_weight": 466.5526400000003,
            "density": 1.4,
            "mass": 4.665526400000003,
            "is_produced_by": [
              "f03c6142-f429-4423-8a8f-a54f928bac98"
            ],
            "is_consumed_by": [],
            "provenance__density": "dummy estimator based on mw",
            "provenance__is_consumed_by": null,
            "provenance__is_produced_by": null,
            "provenance__mass": null,
            "provenance__molecular_weight": "periodic table",
            "provenance__smiles": null,
            "provenance__state_of_matter": "dummy estimator based on mw"
          },
          "notes": "purify and concentrate the product: O=CCN(CCNC(=O)c1ccc(NS(=O)(=O)c2cccc3cccnc23)cc1)CC1CC1"
        },
        "precedents": [
          "261b130a-54af-43b4-8a4f-9ec5781c0610"
        ]
      },
      "lmin": {
        "261b130a-54af-43b4-8a4f-9ec5781c0610": {
          "c7ebbca1-fcf0-4fbe-bc8a-4d2c0f5c6df5": 21.15489104293264
        }
      },
      "lmax": {
        "a3273736-5e92-4ae7-9057-9c04b94cb0e2": {
          "261b130a-54af-43b4-8a4f-9ec5781c0610": 56.88811959861877
        },
        "6467eac0-119b-4121-b107-2d16dfaa54c4": {
          "261b130a-54af-43b4-8a4f-9ec5781c0610": 72.62099856529684
        },
        "e9ad1116-a1fc-4bbb-b84c-04b93a156212": {
          "261b130a-54af-43b4-8a4f-9ec5781c0610": 70.42651201850984
        }
      }
    }
  ],
  "adjacency_data": {
    "directed": true,
    "multigraph": false,
    "graph": [],
    "nodes": [
      {
        "id": "feff6d12-bf5a-4887-8e9f-9bf221b601a2"
      },
      {
        "id": "ef46e599-bbfb-4c35-8e51-bafafbaa4dc2"
      },
      {
        "id": "c0ddcfd5-ac2c-475b-8162-f564231e0dbf"
      },
      {
        "id": "a55de539-75e2-4474-a335-4290e5f86df8"
      },
      {
        "id": "c83edae7-64d1-4e48-94ba-8dd854a2a89e"
      },
      {
        "id": "f422b299-2d6b-458f-a149-4928fba7bc71"
      },
      {
        "id": "7646c807-5d76-4863-9bec-0a50332855fd"
      },
      {
        "id": "02cb0acc-e880-4729-8ab6-fc43eda5d9e4"
      },
      {
        "id": "e1a51ea5-70b2-43a9-9f61-df6c8bc9ffab"
      },
      {
        "id": "7ae54e50-9f1f-4e9f-a355-3fd3d5787816"
      },
      {
        "id": "f893a22d-42ce-4326-b703-902a978a2d8b"
      },
      {
        "id": "07fd1b31-3357-4a40-a99b-46e9e459b42a"
      },
      {
        "id": "79497d86-74c8-4dbe-a886-c1cc3d70ab56"
      },
      {
        "id": "4ea153e7-44f6-46b1-9243-2b81cd944ed7"
      },
      {
        "id": "58260878-dee1-4796-adb6-c8af7ff3f421"
      },
      {
        "id": "1ae35802-2c13-4bd9-ad2a-2770a07b7852"
      },
      {
        "id": "28ca8b66-4569-4261-97e1-583940c20a04"
      },
      {
        "id": "7c4e816f-7e38-4fed-b80e-80ca8cdbd6e9"
      },
      {
        "id": "e6e442a8-d7b3-454b-962a-0e11821e3cba"
      },
      {
        "id": "2f58fafa-77cb-4f04-908e-343d146c6dd5"
      },
      {
        "id": "dc1d05a1-ca2d-46de-a678-4e1dc48e68a2"
      },
      {
        "id": "d6000e92-94e8-434a-b42b-fd9407718a32"
      },
      {
        "id": "bcc0945e-c7a4-426c-a128-a956d2cb44e2"
      },
      {
        "id": "770a6de6-1638-499d-bc32-4563103080b6"
      },
      {
        "id": "5d35b485-b64a-4293-8344-c64be502d92f"
      },
      {
        "id": "54239fd4-5eb9-40d6-9998-9ce5b529d632"
      },
      {
        "id": "b9971ca2-a9ca-439f-b222-8343bada9bcd"
      },
      {
        "id": "5ab67263-17a0-41d5-b758-b02d842463a7"
      },
      {
        "id": "2373ebed-c23e-491d-a868-8fbba1823a39"
      },
      {
        "id": "5f22ace2-d2f8-4b04-8aea-3fb93e3baa7e"
      },
      {
        "id": "968b9240-b39f-431a-b6cb-906dd2d79a24"
      },
      {
        "id": "e9ad1116-a1fc-4bbb-b84c-04b93a156212"
      },
      {
        "id": "a3273736-5e92-4ae7-9057-9c04b94cb0e2"
      },
      {
        "id": "168c85a2-db38-4e82-b3fa-b6980709bf0d"
      },
      {
        "id": "6467eac0-119b-4121-b107-2d16dfaa54c4"
      },
      {
        "id": "69fa9c11-b293-459a-b42a-130818b6b6cc"
      },
      {
        "id": "c23c464b-040d-4efa-9251-19bee4c6782e"
      },
      {
        "id": "261b130a-54af-43b4-8a4f-9ec5781c0610"
      },
      {
        "id": "c7ebbca1-fcf0-4fbe-bc8a-4d2c0f5c6df5"
      }
    ],
    "adjacency": [
      [
        {
          "lmin": 0,
          "lmax": Infinity,
          "id": "ef46e599-bbfb-4c35-8e51-bafafbaa4dc2"
        }
      ],
      [
        {
          "lmin": 0,
          "lmax": Infinity,
          "id": "c0ddcfd5-ac2c-475b-8162-f564231e0dbf"
        },
        {
          "lmin": 0,
          "lmax": 65.41666117917262,
          "id": "c83edae7-64d1-4e48-94ba-8dd854a2a89e"
        }
      ],
      [
        {
          "lmin": 0,
          "lmax": Infinity,
          "id": "c83edae7-64d1-4e48-94ba-8dd854a2a89e"
        }
      ],
      [
        {
          "lmin": 0,
          "lmax": Infinity,
          "id": "c83edae7-64d1-4e48-94ba-8dd854a2a89e"
        }
      ],
      [
        {
          "lmin": 43.6701729741697,
          "lmax": Infinity,
          "id": "f422b299-2d6b-458f-a149-4928fba7bc71"
        }
      ],
      [
        {
          "lmin": 0,
          "lmax": Infinity,
          "id": "54239fd4-5eb9-40d6-9998-9ce5b529d632"
        }
      ],
      [
        {
          "lmin": 0,
          "lmax": Infinity,
          "id": "02cb0acc-e880-4729-8ab6-fc43eda5d9e4"
        },
        {
          "lmin": 0,
          "lmax": 81.22646285045602,
          "id": "07fd1b31-3357-4a40-a99b-46e9e459b42a"
        }
      ],
      [
        {
          "lmin": 0,
          "lmax": Infinity,
          "id": "07fd1b31-3357-4a40-a99b-46e9e459b42a"
        }
      ],
      [
        {
          "lmin": 0,
          "lmax": Infinity,
          "id": "7ae54e50-9f1f-4e9f-a355-3fd3d5787816"
        },
        {
          "lmin": 0,
          "lmax": 37.94065686268479,
          "id": "07fd1b31-3357-4a40-a99b-46e9e459b42a"
        }
      ],
      [
        {
          "lmin": 0,
          "lmax": Infinity,
          "id": "07fd1b31-3357-4a40-a99b-46e9e459b42a"
        }
      ],
      [
        {
          "lmin": 0,
          "lmax": Infinity,
          "id": "07fd1b31-3357-4a40-a99b-46e9e459b42a"
        }
      ],
      [
        {
          "lmin": 54.59717707103038,
          "lmax": Infinity,
          "id": "4ea153e7-44f6-46b1-9243-2b81cd944ed7"
        }
      ],
      [
        {
          "lmin": 0,
          "lmax": Infinity,
          "id": "07fd1b31-3357-4a40-a99b-46e9e459b42a"
        }
      ],
      [
        {
          "lmin": 0,
          "lmax": Infinity,
          "id": "58260878-dee1-4796-adb6-c8af7ff3f421"
        }
      ],
      [
        {
          "lmin": 0,
          "lmax": Infinity,
          "id": "7c4e816f-7e38-4fed-b80e-80ca8cdbd6e9"
        },
        {
          "lmin": 0,
          "lmax": 79.73416625745574,
          "id": "2f58fafa-77cb-4f04-908e-343d146c6dd5"
        }
      ],
      [
        {
          "lmin": 0,
          "lmax": Infinity,
          "id": "28ca8b66-4569-4261-97e1-583940c20a04"
        },
        {
          "lmin": 0,
          "lmax": 74.90915287185518,
          "id": "2f58fafa-77cb-4f04-908e-343d146c6dd5"
        }
      ],
      [
        {
          "lmin": 0,
          "lmax": Infinity,
          "id": "2f58fafa-77cb-4f04-908e-343d146c6dd5"
        }
      ],
      [
        {
          "lmin": 0,
          "lmax": Infinity,
          "id": "2f58fafa-77cb-4f04-908e-343d146c6dd5"
        }
      ],
      [
        {
          "lmin": 0,
          "lmax": Infinity,
          "id": "2f58fafa-77cb-4f04-908e-343d146c6dd5"
        }
      ],
      [
        {
          "lmin": 25.514879073209023,
          "lmax": Infinity,
          "id": "feff6d12-bf5a-4887-8e9f-9bf221b601a2"
        }
      ],
      [
        {
          "lmin": 0,
          "lmax": Infinity,
          "id": "d6000e92-94e8-434a-b42b-fd9407718a32"
        },
        {
          "lmin": 0,
          "lmax": 65.67461558832653,
          "id": "770a6de6-1638-499d-bc32-4563103080b6"
        }
      ],
      [
        {
          "lmin": 0,
          "lmax": Infinity,
          "id": "770a6de6-1638-499d-bc32-4563103080b6"
        }
      ],
      [
        {
          "lmin": 0,
          "lmax": Infinity,
          "id": "770a6de6-1638-499d-bc32-4563103080b6"
        }
      ],
      [
        {
          "lmin": 14.036155343623538,
          "lmax": Infinity,
          "id": "5d35b485-b64a-4293-8344-c64be502d92f"
        }
      ],
      [
        {
          "lmin": 0,
          "lmax": Infinity,
          "id": "54239fd4-5eb9-40d6-9998-9ce5b529d632"
        }
      ],
      [
        {
          "lmin": 0,
          "lmax": Infinity,
          "id": "b9971ca2-a9ca-439f-b222-8343bada9bcd"
        },
        {
          "lmin": 0,
          "lmax": 39.604786741472466,
          "id": "2373ebed-c23e-491d-a868-8fbba1823a39"
        }
      ],
      [
        {
          "lmin": 0,
          "lmax": Infinity,
          "id": "2373ebed-c23e-491d-a868-8fbba1823a39"
        }
      ],
      [
        {
          "lmin": 0,
          "lmax": Infinity,
          "id": "2373ebed-c23e-491d-a868-8fbba1823a39"
        }
      ],
      [
        {
          "lmin": 44.929134448767336,
          "lmax": Infinity,
          "id": "968b9240-b39f-431a-b6cb-906dd2d79a24"
        }
      ],
      [
        {
          "lmin": 0,
          "lmax": Infinity,
          "id": "2373ebed-c23e-491d-a868-8fbba1823a39"
        }
      ],
      [
        {
          "lmin": 0,
          "lmax": Infinity,
          "id": "e9ad1116-a1fc-4bbb-b84c-04b93a156212"
        }
      ],
      [
        {
          "lmin": 0,
          "lmax": Infinity,
          "id": "c23c464b-040d-4efa-9251-19bee4c6782e"
        },
        {
          "lmin": 0,
          "lmax": 70.42651201850984,
          "id": "261b130a-54af-43b4-8a4f-9ec5781c0610"
        }
      ],
      [
        {
          "lmin": 0,
          "lmax": Infinity,
          "id": "168c85a2-db38-4e82-b3fa-b6980709bf0d"
        },
        {
          "lmin": 0,
          "lmax": 56.88811959861877,
          "id": "261b130a-54af-43b4-8a4f-9ec5781c0610"
        }
      ],
      [
        {
          "lmin": 0,
          "lmax": Infinity,
          "id": "261b130a-54af-43b4-8a4f-9ec5781c0610"
        }
      ],
      [
        {
          "lmin": 0,
          "lmax": Infinity,
          "id": "69fa9c11-b293-459a-b42a-130818b6b6cc"
        },
        {
          "lmin": 0,
          "lmax": 72.62099856529684,
          "id": "261b130a-54af-43b4-8a4f-9ec5781c0610"
        }
      ],
      [
        {
          "lmin": 0,
          "lmax": Infinity,
          "id": "261b130a-54af-43b4-8a4f-9ec5781c0610"
        }
      ],
      [
        {
          "lmin": 0,
          "lmax": Infinity,
          "id": "261b130a-54af-43b4-8a4f-9ec5781c0610"
        }
      ],
      [
        {
          "lmin": 21.15489104293264,
          "lmax": Infinity,
          "id": "c7ebbca1-fcf0-4fbe-bc8a-4d2c0f5c6df5"
        }
      ],
      []
    ]
  }
}