{
  "identifier": "85cb8b11-1810-4337-931d-a44a11a26e26",
  "chemical_reactions": [
    {
      "identifier": "67ae6390-126b-449c-a882-d9c7af3f0cce",
      "reactants": [
        {
          "identifier": "595c81bc-6ea2-42e0-b584-f6f5564ddcf8",
          "smiles": "CC(C)(C)OC(=O)NCCN(CCO)CC1CC1",
          "state_of_matter": "SOLID",
          "molecular_weight": 258.3571399999998,
          "density": 1.4,
          "mass": 2.583571399999998,
          "is_produced_by": [],
          "is_consumed_by": [
            "67ae6390-126b-449c-a882-d9c7af3f0cce"
          ],
          "provenance__density": "dummy estimator based on mw",
          "provenance__is_consumed_by": null,
          "provenance__is_produced_by": null,
          "provenance__mass": null,
          "provenance__molecular_weight": "periodic table",
          "provenance__smiles": null,
          "provenance__state_of_matter": "dummy estimator based on mw"
        }
      ],
      "reagents": [
        {
          "identifier": "9c68e865-2a9b-42d6-8b42-e06b0d2e34a1",
          "smiles": "Cl",
          "state_of_matter": "LIQUID",
          "molecular_weight": 36.46094,
          "density": 1.0,
          "mass": 0.36460940000000003,
          "is_produced_by": [],
          "is_consumed_by": [
            "67ae6390-126b-449c-a882-d9c7af3f0cce"
          ],
          "provenance__density": "dummy estimator based on mw",
          "provenance__is_consumed_by": null,
          "provenance__is_produced_by": null,
          "provenance__mass": null,
          "provenance__molecular_weight": "periodic table",
          "provenance__smiles": null,
          "provenance__state_of_matter": "dummy estimator based on mw"
        },
        {
          "identifier": "ac27a011-3b0a-4d7b-b10d-a8f0d5cceeed",
          "smiles": "C1COCCO1",
          "state_of_matter": "LIQUID",
          "molecular_weight": 88.10512000000004,
          "density": 1.0,
          "mass": 0.8810512000000005,
          "is_produced_by": [],
          "is_consumed_by": [
            "67ae6390-126b-449c-a882-d9c7af3f0cce"
          ],
          "provenance__density": "dummy estimator based on mw",
          "provenance__is_consumed_by": null,
          "provenance__is_produced_by": null,
          "provenance__mass": null,
          "provenance__molecular_weight": "periodic table",
          "provenance__smiles": null,
          "provenance__state_of_matter": "dummy estimator based on mw"
        }
      ],
      "products": [
        {
          "identifier": "a3778966-f2a9-4080-8d37-822830adbf39",
          "smiles": "NCCN(CCO)CC1CC1",
          "state_of_matter": "LIQUID",
          "molecular_weight": 158.2413199999998,
          "density": 1.0,
          "mass": 1.582413199999998,
          "is_produced_by": [
            "67ae6390-126b-449c-a882-d9c7af3f0cce"
          ],
          "is_consumed_by": [],
          "provenance__density": "dummy estimator based on mw",
          "provenance__is_consumed_by": null,
          "provenance__is_produced_by": null,
          "provenance__mass": null,
          "provenance__molecular_weight": "periodic table",
          "provenance__smiles": null,
          "provenance__state_of_matter": "dummy estimator based on mw"
        }
      ],
      "stoichiometry": {
        "595c81bc-6ea2-42e0-b584-f6f5564ddcf8": 1.0,
        "a3778966-f2a9-4080-8d37-822830adbf39": -1.0
      },
      "temperature": 295.06736369132994,
      "intended_ratios": {
        "595c81bc-6ea2-42e0-b584-f6f5564ddcf8": 1.0,
        "9c68e865-2a9b-42d6-8b42-e06b0d2e34a1": 1.0,
        "ac27a011-3b0a-4d7b-b10d-a8f0d5cceeed": 1.0
      },
      "expected_yields": {
        "a3778966-f2a9-4080-8d37-822830adbf39": 1.0
      },
      "reaction_extent": 0.01
    },
    {
      "identifier": "4b970e8d-7c6a-44b0-bb9e-f65680a24969",
      "reactants": [
        {
          "identifier": "7949c0cc-4dbb-481b-8b27-d5bf431d97b6",
          "smiles": "CC(C)(C)OC(=O)NCCN",
          "state_of_matter": "LIQUID",
          "molecular_weight": 160.21413999999984,
          "density": 1.0,
          "mass": 1.6021413999999985,
          "is_produced_by": [],
          "is_consumed_by": [
            "4b970e8d-7c6a-44b0-bb9e-f65680a24969"
          ],
          "provenance__density": "dummy estimator based on mw",
          "provenance__is_consumed_by": null,
          "provenance__is_produced_by": null,
          "provenance__mass": null,
          "provenance__molecular_weight": "periodic table",
          "provenance__smiles": null,
          "provenance__state_of_matter": "dummy estimator based on mw"
        },
        {
          "identifier": "ce0b47b1-2829-420b-a0b1-17e00c829272",
          "smiles": "O=CC1CC1",
          "state_of_matter": "LIQUID",
          "molecular_weight": 70.08984000000004,
          "density": 1.0,
          "mass": 0.7008984000000004,
          "is_produced_by": [],
          "is_consumed_by": [
            "4b970e8d-7c6a-44b0-bb9e-f65680a24969"
          ],
          "provenance__density": "dummy estimator based on mw",
          "provenance__is_consumed_by": null,
          "provenance__is_produced_by": null,
          "provenance__mass": null,
          "provenance__molecular_weight": "periodic table",
          "provenance__smiles": null,
          "provenance__state_of_matter": "dummy estimator based on mw"
        }
      ],
      "reagents": [
        {
          "identifier": "a6b9e360-82e7-4d16-932e-a43c061c7cb1",
          "smiles": "O[Na]",
          "state_of_matter": "SOLID",
          "molecular_weight": 39.99711,
          "density": 1.4,
          "mass": 0.3999711,
          "is_produced_by": [],
          "is_consumed_by": [
            "4b970e8d-7c6a-44b0-bb9e-f65680a24969"
          ],
          "provenance__density": "dummy estimator based on mw",
          "provenance__is_consumed_by": null,
          "provenance__is_produced_by": null,
          "provenance__mass": null,
          "provenance__molecular_weight": "periodic table",
          "provenance__smiles": null,
          "provenance__state_of_matter": "dummy estimator based on mw"
        },
        {
          "identifier": "08c5124d-0163-4c31-aaa6-9d8dffac2e23",
          "smiles": "ClCCCl",
          "state_of_matter": "LIQUID",
          "molecular_weight": 98.95916000000003,
          "density": 1.0,
          "mass": 0.9895916000000002,
          "is_produced_by": [],
          "is_consumed_by": [
            "4b970e8d-7c6a-44b0-bb9e-f65680a24969"
          ],
          "provenance__density": "dummy estimator based on mw",
          "provenance__is_consumed_by": null,
          "provenance__is_produced_by": null,
          "provenance__mass": null,
          "provenance__molecular_weight": "periodic table",
          "provenance__smiles": null,
          "provenance__state_of_matter": "dummy estimator based on mw"
        },
        {
          "identifier": "fe195193-3b17-4904-add1-bcb67a9ffcd4",
          "smiles": "CC(=O)O[BH-](OC(C)=O)OC(C)=O.[Na+]",
          "state_of_matter": "SOLID",
          "molecular_weight": 211.94076999999987,
          "density": 1.4,
          "mass": 2.1194076999999987,
          "is_produced_by": [],
          "is_consumed_by": [
            "4b970e8d-7c6a-44b0-bb9e-f65680a24969"
          ],
          "provenance__density": "dummy estimator based on mw",
          "provenance__is_consumed_by": null,
          "provenance__is_produced_by": null,
          "provenance__mass": null,
          "provenance__molecular_weight": "periodic table",
          "provenance__smiles": null,
          "provenance__state_of_matter": "dummy estimator based on mw"
        }
      ],
      "products": [
        {
          "identifier": "1d8e32b9-5652-4672-949c-03b3dd29cd73",
          "smiles": "CC(C)(C)OC(=O)NCCNCC1CC1",
          "state_of_matter": "SOLID",
          "molecular_weight": 214.30457999999976,
          "density": 1.4,
          "mass": 2.1430457999999977,
          "is_produced_by": [
            "4b970e8d-7c6a-44b0-bb9e-f65680a24969"
          ],
          "is_consumed_by": [],
          "provenance__density": "dummy estimator based on mw",
          "provenance__is_consumed_by": null,
          "provenance__is_produced_by": null,
          "provenance__mass": null,
          "provenance__molecular_weight": "periodic table",
          "provenance__smiles": null,
          "provenance__state_of_matter": "dummy estimator based on mw"
        }
      ],
      "stoichiometry": {
        "7949c0cc-4dbb-481b-8b27-d5bf431d97b6": 1.0,
        "ce0b47b1-2829-420b-a0b1-17e00c829272": 1.0,
        "1d8e32b9-5652-4672-949c-03b3dd29cd73": -1.0
      },
      "temperature": 317.3727363824844,
      "intended_ratios": {
        "7949c0cc-4dbb-481b-8b27-d5bf431d97b6": 1.0,
        "ce0b47b1-2829-420b-a0b1-17e00c829272": 1.0,
        "a6b9e360-82e7-4d16-932e-a43c061c7cb1": 1.0,
        "08c5124d-0163-4c31-aaa6-9d8dffac2e23": 1.0,
        "fe195193-3b17-4904-add1-bcb67a9ffcd4": 1.0
      },
      "expected_yields": {
        "1d8e32b9-5652-4672-949c-03b3dd29cd73": 1.0
      },
      "reaction_extent": 0.01
    },
    {
      "identifier": "9cdbff93-283a-4c3a-ab7f-59afa1fa5c46",
      "reactants": [
        {
          "identifier": "11f9d3c5-6c51-4a59-935d-c8ca8ae13496",
          "smiles": "CC(C)(C)OC(=O)NCCNCC1CC1",
          "state_of_matter": "SOLID",
          "molecular_weight": 214.30457999999976,
          "density": 1.4,
          "mass": 2.1430457999999977,
          "is_produced_by": [],
          "is_consumed_by": [
            "9cdbff93-283a-4c3a-ab7f-59afa1fa5c46"
          ],
          "provenance__density": "dummy estimator based on mw",
          "provenance__is_consumed_by": null,
          "provenance__is_produced_by": null,
          "provenance__mass": null,
          "provenance__molecular_weight": "periodic table",
          "provenance__smiles": null,
          "provenance__state_of_matter": "dummy estimator based on mw"
        },
        {
          "identifier": "ff087dea-1ddc-458f-b08f-9fa181b93683",
          "smiles": "OCCBr",
          "state_of_matter": "LIQUID",
          "molecular_weight": 124.96450000000003,
          "density": 1.0,
          "mass": 1.2496450000000003,
          "is_produced_by": [],
          "is_consumed_by": [
            "9cdbff93-283a-4c3a-ab7f-59afa1fa5c46"
          ],
          "provenance__density": "dummy estimator based on mw",
          "provenance__is_consumed_by": null,
          "provenance__is_produced_by": null,
          "provenance__mass": null,
          "provenance__molecular_weight": "periodic table",
          "provenance__smiles": null,
          "provenance__state_of_matter": "dummy estimator based on mw"
        }
      ],
      "reagents": [
        {
          "identifier": "0a112383-10b0-4d90-9c07-c3d29d667465",
          "smiles": "CC#N",
          "state_of_matter": "LIQUID",
          "molecular_weight": 41.051919999999996,
          "density": 1.0,
          "mass": 0.4105192,
          "is_produced_by": [],
          "is_consumed_by": [
            "9cdbff93-283a-4c3a-ab7f-59afa1fa5c46"
          ],
          "provenance__density": "dummy estimator based on mw",
          "provenance__is_consumed_by": null,
          "provenance__is_produced_by": null,
          "provenance__mass": null,
          "provenance__molecular_weight": "periodic table",
          "provenance__smiles": null,
          "provenance__state_of_matter": "dummy estimator based on mw"
        },
        {
          "identifier": "7b5481b6-8d78-48dc-9a63-f3d66af1929d",
          "smiles": "O=C(O[K])O[K]",
          "state_of_matter": "SOLID",
          "molecular_weight": 138.2055,
          "density": 1.4,
          "mass": 1.382055,
          "is_produced_by": [],
          "is_consumed_by": [
            "9cdbff93-283a-4c3a-ab7f-59afa1fa5c46"
          ],
          "provenance__density": "dummy estimator based on mw",
          "provenance__is_consumed_by": null,
          "provenance__is_produced_by": null,
          "provenance__mass": null,
          "provenance__molecular_weight": "periodic table",
          "provenance__smiles": null,
          "provenance__state_of_matter": "dummy estimator based on mw"
        }
      ],
      "products": [
        {
          "identifier": "a246d688-07c0-4869-a003-faf789bc1078",
          "smiles": "CC(C)(C)OC(=O)NCCN(CCO)CC1CC1",
          "state_of_matter": "SOLID",
          "molecular_weight": 258.3571399999998,
          "density": 1.4,
          "mass": 2.583571399999998,
          "is_produced_by": [
            "9cdbff93-283a-4c3a-ab7f-59afa1fa5c46"
          ],
          "is_consumed_by": [],
          "provenance__density": "dummy estimator based on mw",
          "provenance__is_consumed_by": null,
          "provenance__is_produced_by": null,
          "provenance__mass": null,
          "provenance__molecular_weight": "periodic table",
          "provenance__smiles": null,
          "provenance__state_of_matter": "dummy estimator based on mw"
        }
      ],
      "stoichiometry": {
        "11f9d3c5-6c51-4a59-935d-c8ca8ae13496": 1.0,
        "ff087dea-1ddc-458f-b08f-9fa181b93683": 1.0,
        "a246d688-07c0-4869-a003-faf789bc1078": -1.0
      },
      "temperature": 294.64868127107616,
      "intended_ratios": {
        "11f9d3c5-6c51-4a59-935d-c8ca8ae13496": 1.0,
        "ff087dea-1ddc-458f-b08f-9fa181b93683": 1.0,
        "0a112383-10b0-4d90-9c07-c3d29d667465": 1.0,
        "7b5481b6-8d78-48dc-9a63-f3d66af1929d": 1.0
      },
      "expected_yields": {
        "a246d688-07c0-4869-a003-faf789bc1078": 1.0
      },
      "reaction_extent": 0.01
    },
    {
      "identifier": "0709f3fe-8575-4a85-90bb-dcdb0b09eac5",
      "reactants": [
        {
          "identifier": "a0d08b36-ae27-4bd0-b0c0-f6539e7b5a51",
          "smiles": "COC(=O)c1ccc(N)cc1",
          "state_of_matter": "LIQUID",
          "molecular_weight": 151.1625599999999,
          "density": 1.0,
          "mass": 1.511625599999999,
          "is_produced_by": [],
          "is_consumed_by": [
            "0709f3fe-8575-4a85-90bb-dcdb0b09eac5"
          ],
          "provenance__density": "dummy estimator based on mw",
          "provenance__is_consumed_by": null,
          "provenance__is_produced_by": null,
          "provenance__mass": null,
          "provenance__molecular_weight": "periodic table",
          "provenance__smiles": null,
          "provenance__state_of_matter": "dummy estimator based on mw"
        },
        {
          "identifier": "9f175e2e-a500-41eb-9e4f-6621f5841eda",
          "smiles": "O=S(=O)(Cl)c1cccc2cccnc12",
          "state_of_matter": "SOLID",
          "molecular_weight": 227.66743999999989,
          "density": 1.4,
          "mass": 2.2766743999999988,
          "is_produced_by": [],
          "is_consumed_by": [
            "0709f3fe-8575-4a85-90bb-dcdb0b09eac5"
          ],
          "provenance__density": "dummy estimator based on mw",
          "provenance__is_consumed_by": null,
          "provenance__is_produced_by": null,
          "provenance__mass": null,
          "provenance__molecular_weight": "periodic table",
          "provenance__smiles": null,
          "provenance__state_of_matter": "dummy estimator based on mw"
        }
      ],
      "reagents": [
        {
          "identifier": "9de7dfaf-72cd-4b42-ae32-26e72b9fc6ba",
          "smiles": "c1ccncc1",
          "state_of_matter": "LIQUID",
          "molecular_weight": 79.09990000000003,
          "density": 1.0,
          "mass": 0.7909990000000003,
          "is_produced_by": [],
          "is_consumed_by": [
            "0709f3fe-8575-4a85-90bb-dcdb0b09eac5"
          ],
          "provenance__density": "dummy estimator based on mw",
          "provenance__is_consumed_by": null,
          "provenance__is_produced_by": null,
          "provenance__mass": null,
          "provenance__molecular_weight": "periodic table",
          "provenance__smiles": null,
          "provenance__state_of_matter": "dummy estimator based on mw"
        }
      ],
      "products": [
        {
          "identifier": "ae7babd1-7cc2-42db-9197-877d0c286b11",
          "smiles": "COC(=O)c1ccc(NS(=O)(=O)c2cccc3cccnc23)cc1",
          "state_of_matter": "SOLID",
          "molecular_weight": 342.36906000000016,
          "density": 1.4,
          "mass": 3.423690600000002,
          "is_produced_by": [
            "0709f3fe-8575-4a85-90bb-dcdb0b09eac5"
          ],
          "is_consumed_by": [],
          "provenance__density": "dummy estimator based on mw",
          "provenance__is_consumed_by": null,
          "provenance__is_produced_by": null,
          "provenance__mass": null,
          "provenance__molecular_weight": "periodic table",
          "provenance__smiles": null,
          "provenance__state_of_matter": "dummy estimator based on mw"
        }
      ],
      "stoichiometry": {
        "a0d08b36-ae27-4bd0-b0c0-f6539e7b5a51": 1.0,
        "9f175e2e-a500-41eb-9e4f-6621f5841eda": 1.0,
        "ae7babd1-7cc2-42db-9197-877d0c286b11": -1.0
      },
      "temperature": 313.1208207070827,
      "intended_ratios": {
        "a0d08b36-ae27-4bd0-b0c0-f6539e7b5a51": 1.0,
        "9f175e2e-a500-41eb-9e4f-6621f5841eda": 1.0,
        "9de7dfaf-72cd-4b42-ae32-26e72b9fc6ba": 1.0
      },
      "expected_yields": {
        "ae7babd1-7cc2-42db-9197-877d0c286b11": 1.0
      },
      "reaction_extent": 0.01
    },
    {
      "identifier": "df8533db-f06d-440f-a843-73fc484addfd",
      "reactants": [
        {
          "identifier": "dcbabaa5-3d38-4d56-a4e7-4a68b4e22504",
          "smiles": "COC(=O)c1ccc(NS(=O)(=O)c2cccc3cccnc23)cc1",
          "state_of_matter": "SOLID",
          "molecular_weight": 342.36906000000016,
          "density": 1.4,
          "mass": 3.423690600000002,
          "is_produced_by": [],
          "is_consumed_by": [
            "df8533db-f06d-440f-a843-73fc484addfd"
          ],
          "provenance__density": "dummy estimator based on mw",
          "provenance__is_consumed_by": null,
          "provenance__is_produced_by": null,
          "provenance__mass": null,
          "provenance__molecular_weight": "periodic table",
          "provenance__smiles": null,
          "provenance__state_of_matter": "dummy estimator based on mw"
        },
        {
          "identifier": "d7f675e9-8a92-4eaa-a07f-7155bcd7f6ed",
          "smiles": "NCCN(CCO)CC1CC1",
          "state_of_matter": "LIQUID",
          "molecular_weight": 158.2413199999998,
          "density": 1.0,
          "mass": 1.582413199999998,
          "is_produced_by": [],
          "is_consumed_by": [
            "df8533db-f06d-440f-a843-73fc484addfd"
          ],
          "provenance__density": "dummy estimator based on mw",
          "provenance__is_consumed_by": null,
          "provenance__is_produced_by": null,
          "provenance__mass": null,
          "provenance__molecular_weight": "periodic table",
          "provenance__smiles": null,
          "provenance__state_of_matter": "dummy estimator based on mw"
        }
      ],
      "reagents": [
        {
          "identifier": "0e466a48-876c-474f-afd9-31947c346962",
          "smiles": "Cc1ccccc1",
          "state_of_matter": "LIQUID",
          "molecular_weight": 92.13842000000004,
          "density": 1.0,
          "mass": 0.9213842000000004,
          "is_produced_by": [],
          "is_consumed_by": [
            "df8533db-f06d-440f-a843-73fc484addfd"
          ],
          "provenance__density": "dummy estimator based on mw",
          "provenance__is_consumed_by": null,
          "provenance__is_produced_by": null,
          "provenance__mass": null,
          "provenance__molecular_weight": "periodic table",
          "provenance__smiles": null,
          "provenance__state_of_matter": "dummy estimator based on mw"
        },
        {
          "identifier": "6d938e85-e1cd-4a0f-8dbd-bf87363f3b8d",
          "smiles": "C[Al](C)C",
          "state_of_matter": "LIQUID",
          "molecular_weight": 72.08509800000004,
          "density": 1.0,
          "mass": 0.7208509800000005,
          "is_produced_by": [],
          "is_consumed_by": [
            "df8533db-f06d-440f-a843-73fc484addfd"
          ],
          "provenance__density": "dummy estimator based on mw",
          "provenance__is_consumed_by": null,
          "provenance__is_produced_by": null,
          "provenance__mass": null,
          "provenance__molecular_weight": "periodic table",
          "provenance__smiles": null,
          "provenance__state_of_matter": "dummy estimator based on mw"
        }
      ],
      "products": [
        {
          "identifier": "360df877-46ba-4b38-9970-8948afba1984",
          "smiles": "O=C(NCCN(CCO)CC1CC1)c1ccc(NS(=O)(=O)c2cccc3cccnc23)cc1",
          "state_of_matter": "SOLID",
          "molecular_weight": 468.5685200000002,
          "density": 1.4,
          "mass": 4.685685200000002,
          "is_produced_by": [
            "df8533db-f06d-440f-a843-73fc484addfd"
          ],
          "is_consumed_by": [],
          "provenance__density": "dummy estimator based on mw",
          "provenance__is_consumed_by": null,
          "provenance__is_produced_by": null,
          "provenance__mass": null,
          "provenance__molecular_weight": "periodic table",
          "provenance__smiles": null,
          "provenance__state_of_matter": "dummy estimator based on mw"
        }
      ],
      "stoichiometry": {
        "dcbabaa5-3d38-4d56-a4e7-4a68b4e22504": 1.0,
        "d7f675e9-8a92-4eaa-a07f-7155bcd7f6ed": 1.0,
        "360df877-46ba-4b38-9970-8948afba1984": -1.0
      },
      "temperature": 324.87014089822765,
      "intended_ratios": {
        "dcbabaa5-3d38-4d56-a4e7-4a68b4e22504": 1.0,
        "d7f675e9-8a92-4eaa-a07f-7155bcd7f6ed": 1.0,
        "0e466a48-876c-474f-afd9-31947c346962": 1.0,
        "6d938e85-e1cd-4a0f-8dbd-bf87363f3b8d": 1.0
      },
      "expected_yields": {
        "360df877-46ba-4b38-9970-8948afba1984": 1.0
      },
      "reaction_extent": 0.01
    },
    {
      "identifier": "f03c6142-f429-4423-8a8f-a54f928bac98",
      "reactants": [
        {
          "identifier": "1b433d53-b0f4-4497-ba22-14b44d519ba1",
          "smiles": "O=C(NCCN(CCO)CC1CC1)c1ccc(NS(=O)(=O)c2cccc3cccnc23)cc1",
          "state_of_matter": "SOLID",
          "molecular_weight": 468.5685200000002,
          "density": 1.4,
          "mass": 4.685685200000002,
          "is_produced_by": [],
          "is_consumed_by": [
            "f03c6142-f429-4423-8a8f-a54f928bac98"
          ],
          "provenance__density": "dummy estimator based on mw",
          "provenance__is_consumed_by": null,
          "provenance__is_produced_by": null,
          "provenance__mass": null,
          "provenance__molecular_weight": "periodic table",
          "provenance__smiles": null,
          "provenance__state_of_matter": "dummy estimator based on mw"
        }
      ],
      "reagents": [
        {
          "identifier": "c7b0a643-8fe3-45d7-9c07-29aa918d9f88",
          "smiles": "ClCCl",
          "state_of_matter": "LIQUID",
          "molecular_weight": 84.93258000000002,
          "density": 1.0,
          "mass": 0.8493258000000001,
          "is_produced_by": [],
          "is_consumed_by": [
            "f03c6142-f429-4423-8a8f-a54f928bac98"
          ],
          "provenance__density": "dummy estimator based on mw",
          "provenance__is_consumed_by": null,
          "provenance__is_produced_by": null,
          "provenance__mass": null,
          "provenance__molecular_weight": "periodic table",
          "provenance__smiles": null,
          "provenance__state_of_matter": "dummy estimator based on mw"
        },
        {
          "identifier": "e572d583-1d47-4efe-b1db-fb212ade5093",
          "smiles": "O=C(O)O[Na]",
          "state_of_matter": "SOLID",
          "molecular_weight": 84.00661000000001,
          "density": 1.4,
          "mass": 0.8400661000000001,
          "is_produced_by": [],
          "is_consumed_by": [
            "f03c6142-f429-4423-8a8f-a54f928bac98"
          ],
          "provenance__density": "dummy estimator based on mw",
          "provenance__is_consumed_by": null,
          "provenance__is_produced_by": null,
          "provenance__mass": null,
          "provenance__molecular_weight": "periodic table",
          "provenance__smiles": null,
          "provenance__state_of_matter": "dummy estimator based on mw"
        },
        {
          "identifier": "8b1297d3-b501-4c2d-b534-18000fa29268",
          "smiles": "CC(=O)OI1(OC(C)=O)(OC(C)=O)OC(=O)c2ccccc21",
          "state_of_matter": "SOLID",
          "molecular_weight": 424.1419900000001,
          "density": 1.4,
          "mass": 4.241419900000001,
          "is_produced_by": [],
          "is_consumed_by": [
            "f03c6142-f429-4423-8a8f-a54f928bac98"
          ],
          "provenance__density": "dummy estimator based on mw",
          "provenance__is_consumed_by": null,
          "provenance__is_produced_by": null,
          "provenance__mass": null,
          "provenance__molecular_weight": "periodic table",
          "provenance__smiles": null,
          "provenance__state_of_matter": "dummy estimator based on mw"
        }
      ],
      "products": [
        {
          "identifier": "78de24eb-6e97-47c8-a973-f77867e3169d",
          "smiles": "O=CCN(CCNC(=O)c1ccc(NS(=O)(=O)c2cccc3cccnc23)cc1)CC1CC1",
          "state_of_matter": "SOLID",
          "molecular_weight": 466.5526400000003,
          "density": 1.4,
          "mass": 4.665526400000003,
          "is_produced_by": [
            "f03c6142-f429-4423-8a8f-a54f928bac98"
          ],
          "is_consumed_by": [],
          "provenance__density": "dummy estimator based on mw",
          "provenance__is_consumed_by": null,
          "provenance__is_produced_by": null,
          "provenance__mass": null,
          "provenance__molecular_weight": "periodic table",
          "provenance__smiles": null,
          "provenance__state_of_matter": "dummy estimator based on mw"
        }
      ],
      "stoichiometry": {
        "1b433d53-b0f4-4497-ba22-14b44d519ba1": 1.0,
        "78de24eb-6e97-47c8-a973-f77867e3169d": -1.0
      },
      "temperature": 299.559163749218,
      "intended_ratios": {
        "1b433d53-b0f4-4497-ba22-14b44d519ba1": 1.0,
        "c7b0a643-8fe3-45d7-9c07-29aa918d9f88": 1.0,
        "e572d583-1d47-4efe-b1db-fb212ade5093": 1.0,
        "8b1297d3-b501-4c2d-b534-18000fa29268": 1.0
      },
      "expected_yields": {
        "78de24eb-6e97-47c8-a973-f77867e3169d": 1.0
      },
      "reaction_extent": 0.01
    }
  ],
  "molecular_nodes": [
    "C1COCCO1",
    "CC#N",
    "CC(=O)OI1(OC(C)=O)(OC(C)=O)OC(=O)c2ccccc21",
    "CC(=O)O[BH-](OC(C)=O)OC(C)=O.[Na+]",
    "CC(C)(C)OC(=O)NCCN",
    "CC(C)(C)OC(=O)NCCN(CCO)CC1CC1",
    "CC(C)(C)OC(=O)NCCNCC1CC1",
    "COC(=O)c1ccc(N)cc1",
    "COC(=O)c1ccc(NS(=O)(=O)c2cccc3cccnc23)cc1",
    "C[Al](C)C",
    "Cc1ccccc1",
    "Cl",
    "ClCCCl",
    "ClCCl",
    "NCCN(CCO)CC1CC1",
    "O=C(NCCN(CCO)CC1CC1)c1ccc(NS(=O)(=O)c2cccc3cccnc23)cc1",
    "O=C(O)O[Na]",
    "O=C(O[K])O[K]",
    "O=CC1CC1",
    "O=CCN(CCNC(=O)c1ccc(NS(=O)(=O)c2cccc3cccnc23)cc1)CC1CC1",
    "O=S(=O)(Cl)c1cccc2cccnc12",
    "OCCBr",
    "O[Na]",
    "c1ccncc1"
  ],
  "edges": [
    [
      "0709f3fe-8575-4a85-90bb-dcdb0b09eac5",
      "COC(=O)c1ccc(NS(=O)(=O)c2cccc3cccnc23)cc1"
    ],
    [
      "4b970e8d-7c6a-44b0-bb9e-f65680a24969",
      "CC(C)(C)OC(=O)NCCNCC1CC1"
    ],
    [
      "67ae6390-126b-449c-a882-d9c7af3f0cce",
      "NCCN(CCO)CC1CC1"
    ],
    [
      "9cdbff93-283a-4c3a-ab7f-59afa1fa5c46",
      "CC(C)(C)OC(=O)NCCN(CCO)CC1CC1"
    ],
    [
      "C1COCCO1",
      "67ae6390-126b-449c-a882-d9c7af3f0cce"
    ],
    [
      "CC#N",
      "9cdbff93-283a-4c3a-ab7f-59afa1fa5c46"
    ],
    [
      "CC(=O)OI1(OC(C)=O)(OC(C)=O)OC(=O)c2ccccc21",
      "f03c6142-f429-4423-8a8f-a54f928bac98"
    ],
    [
      "CC(=O)O[BH-](OC(C)=O)OC(C)=O.[Na+]",
      "4b970e8d-7c6a-44b0-bb9e-f65680a24969"
    ],
    [
      "CC(C)(C)OC(=O)NCCN",
      "4b970e8d-7c6a-44b0-bb9e-f65680a24969"
    ],
    [
      "CC(C)(C)OC(=O)NCCN(CCO)CC1CC1",
      "67ae6390-126b-449c-a882-d9c7af3f0cce"
    ],
    [
      "CC(C)(C)OC(=O)NCCNCC1CC1",
      "9cdbff93-283a-4c3a-ab7f-59afa1fa5c46"
    ],
    [
      "COC(=O)c1ccc(N)cc1",
      "0709f3fe-8575-4a85-90bb-dcdb0b09eac5"
    ],
    [
      "COC(=O)c1ccc(NS(=O)(=O)c2cccc3cccnc23)cc1",
      "df8533db-f06d-440f-a843-73fc484addfd"
    ],
    [
      "C[Al](C)C",
      "df8533db-f06d-440f-a843-73fc484addfd"
    ],
    [
      "Cc1ccccc1",
      "df8533db-f06d-440f-a843-73fc484addfd"
    ],
    [
      "Cl",
      "67ae6390-126b-449c-a882-d9c7af3f0cce"
    ],
    [
      "ClCCCl",
      "4b970e8d-7c6a-44b0-bb9e-f65680a24969"
    ],
    [
      "ClCCl",
      "f03c6142-f429-4423-8a8f-a54f928bac98"
    ],
    [
      "NCCN(CCO)CC1CC1",
      "df8533db-f06d-440f-a843-73fc484addfd"
    ],
    [
      "O=C(NCCN(CCO)CC1CC1)c1ccc(NS(=O)(=O)c2cccc3cccnc23)cc1",
      "f03c6142-f429-4423-8a8f-a54f928bac98"
    ],
    [
      "O=C(O)O[Na]",
      "f03c6142-f429-4423-8a8f-a54f928bac98"
    ],
    [
      "O=C(O[K])O[K]",
      "9cdbff93-283a-4c3a-ab7f-59afa1fa5c46"
    ],
    [
      "O=CC1CC1",
      "4b970e8d-7c6a-44b0-bb9e-f65680a24969"
    ],
    [
      "O=S(=O)(Cl)c1cccc2cccnc12",
      "0709f3fe-8575-4a85-90bb-dcdb0b09eac5"
    ],
    [
      "OCCBr",
      "9cdbff93-283a-4c3a-ab7f-59afa1fa5c46"
    ],
    [
      "O[Na]",
      "4b970e8d-7c6a-44b0-bb9e-f65680a24969"
    ],
    [
      "c1ccncc1",
      "0709f3fe-8575-4a85-90bb-dcdb0b09eac5"
    ],
    [
      "df8533db-f06d-440f-a843-73fc484addfd",
      "O=C(NCCN(CCO)CC1CC1)c1ccc(NS(=O)(=O)c2cccc3cccnc23)cc1"
    ],
    [
      "f03c6142-f429-4423-8a8f-a54f928bac98",
      "O=CCN(CCNC(=O)c1ccc(NS(=O)(=O)c2cccc3cccnc23)cc1)CC1CC1"
    ]
  ]
}