{
  "identifier": "5025dd25-0e06-4227-bf34-968b7a14387a",
  "chemical_reactions": [
    {
      "identifier": "2c82abe7-6d44-40ad-a551-564e97fc20b0",
      "reactants": [
        {
          "identifier": "85385b90-fdd2-4943-b569-33145fba6cb3",
          "smiles": "Brc1ccc2c(c1)[nH]c1ccncc12",
          "state_of_matter": "SOLID",
          "molecular_weight": 247.09067999999988,
          "density": 1.4,
          "mass": 2.470906799999999,
          "is_produced_by": [],
          "is_consumed_by": [
            "2c82abe7-6d44-40ad-a551-564e97fc20b0"
          ],
          "provenance__density": "dummy estimator based on mw",
          "provenance__is_consumed_by": null,
          "provenance__is_produced_by": null,
          "provenance__mass": null,
          "provenance__molecular_weight": "periodic table",
          "provenance__smiles": null,
          "provenance__state_of_matter": "dummy estimator based on mw"
        },
        {
          "identifier": "a3677326-523d-4536-81ec-265892696895",
          "smiles": "CC(C)(C)OC(=O)OC(=O)OC(C)(C)C",
          "state_of_matter": "SOLID",
          "molecular_weight": 218.24691999999976,
          "density": 1.4,
          "mass": 2.1824691999999977,
          "is_produced_by": [],
          "is_consumed_by": [
            "2c82abe7-6d44-40ad-a551-564e97fc20b0"
          ],
          "provenance__density": "dummy estimator based on mw",
          "provenance__is_consumed_by": null,
          "provenance__is_produced_by": null,
          "provenance__mass": null,
          "provenance__molecular_weight": "periodic table",
          "provenance__smiles": null,
          "provenance__state_of_matter": "dummy estimator based on mw"
        }
      ],
      "reagents": [
        {
          "identifier": "554c3ff9-6128-4f35-b6ab-67188389d579",
          "smiles": "C1CCOC1",
          "state_of_matter": "LIQUID",
          "molecular_weight": 72.10572000000005,
          "density": 1.0,
          "mass": 0.7210572000000005,
          "is_produced_by": [],
          "is_consumed_by": [
            "2c82abe7-6d44-40ad-a551-564e97fc20b0"
          ],
          "provenance__density": "dummy estimator based on mw",
          "provenance__is_consumed_by": null,
          "provenance__is_produced_by": null,
          "provenance__mass": null,
          "provenance__molecular_weight": "periodic table",
          "provenance__smiles": null,
          "provenance__state_of_matter": "dummy estimator based on mw"
        },
        {
          "identifier": "47fc4cd5-6a12-432a-b13f-cf7a14165547",
          "smiles": "CN(C)c1ccncc1",
          "state_of_matter": "LIQUID",
          "molecular_weight": 122.16770000000005,
          "density": 1.0,
          "mass": 1.2216770000000006,
          "is_produced_by": [],
          "is_consumed_by": [
            "2c82abe7-6d44-40ad-a551-564e97fc20b0"
          ],
          "provenance__density": "dummy estimator based on mw",
          "provenance__is_consumed_by": null,
          "provenance__is_produced_by": null,
          "provenance__mass": null,
          "provenance__molecular_weight": "periodic table",
          "provenance__smiles": null,
          "provenance__state_of_matter": "dummy estimator based on mw"
        }
      ],
      "products": [
        {
          "identifier": "4abe790d-5b43-4e2f-9772-261f2710bb89",
          "smiles": "CC(C)(C)OC(=O)n1c2ccncc2c2ccc(Br)cc21",
          "state_of_matter": "SOLID",
          "molecular_weight": 348.2144400000002,
          "density": 1.4,
          "mass": 3.482144400000002,
          "is_produced_by": [
            "2c82abe7-6d44-40ad-a551-564e97fc20b0"
          ],
          "is_consumed_by": [],
          "provenance__density": "dummy estimator based on mw",
          "provenance__is_consumed_by": null,
          "provenance__is_produced_by": null,
          "provenance__mass": null,
          "provenance__molecular_weight": "periodic table",
          "provenance__smiles": null,
          "provenance__state_of_matter": "dummy estimator based on mw"
        }
      ],
      "stoichiometry": {
        "85385b90-fdd2-4943-b569-33145fba6cb3": 1.0,
        "a3677326-523d-4536-81ec-265892696895": 1.0,
        "4abe790d-5b43-4e2f-9772-261f2710bb89": -1.0
      },
      "temperature": 295.06918716430664,
      "intended_ratios": {
        "85385b90-fdd2-4943-b569-33145fba6cb3": 1.0,
        "a3677326-523d-4536-81ec-265892696895": 1.0,
        "554c3ff9-6128-4f35-b6ab-67188389d579": 1.0,
        "47fc4cd5-6a12-432a-b13f-cf7a14165547": 1.0
      },
      "expected_yields": {
        "4abe790d-5b43-4e2f-9772-261f2710bb89": 1.0
      },
      "reaction_extent": 0.01
    },
    {
      "identifier": "44b10930-b072-436f-801b-9e3a6a15e2a0",
      "reactants": [
        {
          "identifier": "9f934625-a737-47e5-9111-fde47af87b9a",
          "smiles": "Brc1ccc2c3c([nH]c2c1)CCNC3",
          "state_of_matter": "SOLID",
          "molecular_weight": 251.12243999999984,
          "density": 1.4,
          "mass": 2.5112243999999984,
          "is_produced_by": [],
          "is_consumed_by": [
            "44b10930-b072-436f-801b-9e3a6a15e2a0"
          ],
          "provenance__density": "dummy estimator based on mw",
          "provenance__is_consumed_by": null,
          "provenance__is_produced_by": null,
          "provenance__mass": null,
          "provenance__molecular_weight": "periodic table",
          "provenance__smiles": null,
          "provenance__state_of_matter": "dummy estimator based on mw"
        }
      ],
      "reagents": [
        {
          "identifier": "1e3f8cbc-6d2d-473b-aeb9-d8772f63d729",
          "smiles": "ClC(Cl)Cl",
          "state_of_matter": "LIQUID",
          "molecular_weight": 119.37764000000001,
          "density": 1.0,
          "mass": 1.1937764000000002,
          "is_produced_by": [],
          "is_consumed_by": [
            "44b10930-b072-436f-801b-9e3a6a15e2a0"
          ],
          "provenance__density": "dummy estimator based on mw",
          "provenance__is_consumed_by": null,
          "provenance__is_produced_by": null,
          "provenance__mass": null,
          "provenance__molecular_weight": "periodic table",
          "provenance__smiles": null,
          "provenance__state_of_matter": "dummy estimator based on mw"
        },
        {
          "identifier": "abfb6e9b-da02-497f-94d6-910fce26c32b",
          "smiles": "O=[Mn]=O",
          "state_of_matter": "LIQUID",
          "molecular_weight": 86.936849,
          "density": 1.0,
          "mass": 0.8693684899999999,
          "is_produced_by": [],
          "is_consumed_by": [
            "44b10930-b072-436f-801b-9e3a6a15e2a0"
          ],
          "provenance__density": "dummy estimator based on mw",
          "provenance__is_consumed_by": null,
          "provenance__is_produced_by": null,
          "provenance__mass": null,
          "provenance__molecular_weight": "periodic table",
          "provenance__smiles": null,
          "provenance__state_of_matter": "dummy estimator based on mw"
        }
      ],
      "products": [
        {
          "identifier": "9dbba0d2-872e-42b9-b5fe-9d8856918142",
          "smiles": "Brc1ccc2c(c1)[nH]c1ccncc12",
          "state_of_matter": "SOLID",
          "molecular_weight": 247.09067999999988,
          "density": 1.4,
          "mass": 2.470906799999999,
          "is_produced_by": [
            "44b10930-b072-436f-801b-9e3a6a15e2a0"
          ],
          "is_consumed_by": [],
          "provenance__density": "dummy estimator based on mw",
          "provenance__is_consumed_by": null,
          "provenance__is_produced_by": null,
          "provenance__mass": null,
          "provenance__molecular_weight": "periodic table",
          "provenance__smiles": null,
          "provenance__state_of_matter": "dummy estimator based on mw"
        }
      ],
      "stoichiometry": {
        "9f934625-a737-47e5-9111-fde47af87b9a": 1.0,
        "9dbba0d2-872e-42b9-b5fe-9d8856918142": -1.0
      },
      "temperature": 317.3802256464958,
      "intended_ratios": {
        "9f934625-a737-47e5-9111-fde47af87b9a": 1.0,
        "1e3f8cbc-6d2d-473b-aeb9-d8772f63d729": 1.0,
        "abfb6e9b-da02-497f-94d6-910fce26c32b": 1.0
      },
      "expected_yields": {
        "9dbba0d2-872e-42b9-b5fe-9d8856918142": 1.0
      },
      "reaction_extent": 0.01
    },
    {
      "identifier": "d291510c-792b-44aa-ad57-cda92dab2bf7",
      "reactants": [
        {
          "identifier": "c42b9924-a47e-4128-9dde-85a7feb6bb31",
          "smiles": "CC(C)(C)OC(=O)n1c2ccncc2c2ccc(-c3ccc(F)nc3)cc21",
          "state_of_matter": "SOLID",
          "molecular_weight": 364.3928632000002,
          "density": 1.4,
          "mass": 3.643928632000002,
          "is_produced_by": [],
          "is_consumed_by": [
            "d291510c-792b-44aa-ad57-cda92dab2bf7"
          ],
          "provenance__density": "dummy estimator based on mw",
          "provenance__is_consumed_by": null,
          "provenance__is_produced_by": null,
          "provenance__mass": null,
          "provenance__molecular_weight": "periodic table",
          "provenance__smiles": null,
          "provenance__state_of_matter": "dummy estimator based on mw"
        }
      ],
      "reagents": [
        {
          "identifier": "5576164b-698f-4aa2-8aa2-d8f628a367f3",
          "smiles": "ClCCl",
          "state_of_matter": "LIQUID",
          "molecular_weight": 84.93258000000002,
          "density": 1.0,
          "mass": 0.8493258000000001,
          "is_produced_by": [],
          "is_consumed_by": [
            "d291510c-792b-44aa-ad57-cda92dab2bf7"
          ],
          "provenance__density": "dummy estimator based on mw",
          "provenance__is_consumed_by": null,
          "provenance__is_produced_by": null,
          "provenance__mass": null,
          "provenance__molecular_weight": "periodic table",
          "provenance__smiles": null,
          "provenance__state_of_matter": "dummy estimator based on mw"
        },
        {
          "identifier": "d54eb260-7fa9-4216-bb1f-2a692406dba3",
          "smiles": "O=C(O)C(F)(F)F",
          "state_of_matter": "LIQUID",
          "molecular_weight": 114.0233496,
          "density": 1.0,
          "mass": 1.140233496,
          "is_produced_by": [],
          "is_consumed_by": [
            "d291510c-792b-44aa-ad57-cda92dab2bf7"
          ],
          "provenance__density": "dummy estimator based on mw",
          "provenance__is_consumed_by": null,
          "provenance__is_produced_by": null,
          "provenance__mass": null,
          "provenance__molecular_weight": "periodic table",
          "provenance__smiles": null,
          "provenance__state_of_matter": "dummy estimator based on mw"
        }
      ],
      "products": [
        {
          "identifier": "3c96c38f-bc42-4990-a3ec-f1373964d291",
          "smiles": "Fc1ccc(-c2ccc3c(c2)[nH]c2ccncc23)cn1",
          "state_of_matter": "SOLID",
          "molecular_weight": 263.2691032000001,
          "density": 1.4,
          "mass": 2.6326910320000008,
          "is_produced_by": [
            "d291510c-792b-44aa-ad57-cda92dab2bf7"
          ],
          "is_consumed_by": [],
          "provenance__density": "dummy estimator based on mw",
          "provenance__is_consumed_by": null,
          "provenance__is_produced_by": null,
          "provenance__mass": null,
          "provenance__molecular_weight": "periodic table",
          "provenance__smiles": null,
          "provenance__state_of_matter": "dummy estimator based on mw"
        }
      ],
      "stoichiometry": {
        "c42b9924-a47e-4128-9dde-85a7feb6bb31": 1.0,
        "3c96c38f-bc42-4990-a3ec-f1373964d291": -1.0
      },
      "temperature": 299.5983032941818,
      "intended_ratios": {
        "c42b9924-a47e-4128-9dde-85a7feb6bb31": 1.0,
        "5576164b-698f-4aa2-8aa2-d8f628a367f3": 1.0,
        "d54eb260-7fa9-4216-bb1f-2a692406dba3": 1.0
      },
      "expected_yields": {
        "3c96c38f-bc42-4990-a3ec-f1373964d291": 1.0
      },
      "reaction_extent": 0.01
    },
    {
      "identifier": "99c7f8fe-f516-4b40-b215-c919989556e1",
      "reactants": [
        {
          "identifier": "8d13c954-81f1-4ad3-a81a-8529e19dfa77",
          "smiles": "CC(C)(C)OC(=O)n1c2ccncc2c2ccc(Br)cc21",
          "state_of_matter": "SOLID",
          "molecular_weight": 348.2144400000002,
          "density": 1.4,
          "mass": 3.482144400000002,
          "is_produced_by": [],
          "is_consumed_by": [
            "99c7f8fe-f516-4b40-b215-c919989556e1"
          ],
          "provenance__density": "dummy estimator based on mw",
          "provenance__is_consumed_by": null,
          "provenance__is_produced_by": null,
          "provenance__mass": null,
          "provenance__molecular_weight": "periodic table",
          "provenance__smiles": null,
          "provenance__state_of_matter": "dummy estimator based on mw"
        },
        {
          "identifier": "604841de-12cd-4b3e-9d3f-15e621e6526b",
          "smiles": "OB(O)c1ccc(F)nc1",
          "state_of_matter": "LIQUID",
          "molecular_weight": 140.90810319999994,
          "density": 1.0,
          "mass": 1.4090810319999993,
          "is_produced_by": [],
          "is_consumed_by": [
            "99c7f8fe-f516-4b40-b215-c919989556e1"
          ],
          "provenance__density": "dummy estimator based on mw",
          "provenance__is_consumed_by": null,
          "provenance__is_produced_by": null,
          "provenance__mass": null,
          "provenance__molecular_weight": "periodic table",
          "provenance__smiles": null,
          "provenance__state_of_matter": "dummy estimator based on mw"
        }
      ],
      "reagents": [
        {
          "identifier": "53ff1f50-001d-496d-a9e0-e27c68eeaac3",
          "smiles": "O=C(O[K])O[K]",
          "state_of_matter": "SOLID",
          "molecular_weight": 138.2055,
          "density": 1.4,
          "mass": 1.382055,
          "is_produced_by": [],
          "is_consumed_by": [
            "99c7f8fe-f516-4b40-b215-c919989556e1"
          ],
          "provenance__density": "dummy estimator based on mw",
          "provenance__is_consumed_by": null,
          "provenance__is_produced_by": null,
          "provenance__mass": null,
          "provenance__molecular_weight": "periodic table",
          "provenance__smiles": null,
          "provenance__state_of_matter": "dummy estimator based on mw"
        },
        {
          "identifier": "1cbe5e50-604f-4b90-ab4a-916198e0c657",
          "smiles": "C1COCCO1",
          "state_of_matter": "LIQUID",
          "molecular_weight": 88.10512000000004,
          "density": 1.0,
          "mass": 0.8810512000000005,
          "is_produced_by": [],
          "is_consumed_by": [
            "99c7f8fe-f516-4b40-b215-c919989556e1"
          ],
          "provenance__density": "dummy estimator based on mw",
          "provenance__is_consumed_by": null,
          "provenance__is_produced_by": null,
          "provenance__mass": null,
          "provenance__molecular_weight": "periodic table",
          "provenance__smiles": null,
          "provenance__state_of_matter": "dummy estimator based on mw"
        },
        {
          "identifier": "8f6ccaa1-07be-46bd-8425-8a8b19dddd53",
          "smiles": "C1=C[C-](P(c2ccccc2)c2ccccc2)C=C1.C1=C[C-](P(c2ccccc2)c2ccccc2)C=C1.[Fe+2]",
          "state_of_matter": "SOLID",
          "molecular_weight": 554.3786419999986,
          "density": 1.4,
          "mass": 5.543786419999987,
          "is_produced_by": [],
          "is_consumed_by": [
            "99c7f8fe-f516-4b40-b215-c919989556e1"
          ],
          "provenance__density": "dummy estimator based on mw",
          "provenance__is_consumed_by": null,
          "provenance__is_produced_by": null,
          "provenance__mass": null,
          "provenance__molecular_weight": "periodic table",
          "provenance__smiles": null,
          "provenance__state_of_matter": "dummy estimator based on mw"
        },
        {
          "identifier": "f10a4244-587c-49fe-af99-ba6600e4039f",
          "smiles": "Cl[Pd]Cl",
          "state_of_matter": "SOLID",
          "molecular_weight": 177.326,
          "density": 1.4,
          "mass": 1.77326,
          "is_produced_by": [],
          "is_consumed_by": [
            "99c7f8fe-f516-4b40-b215-c919989556e1"
          ],
          "provenance__density": "dummy estimator based on mw",
          "provenance__is_consumed_by": null,
          "provenance__is_produced_by": null,
          "provenance__mass": null,
          "provenance__molecular_weight": "periodic table",
          "provenance__smiles": null,
          "provenance__state_of_matter": "dummy estimator based on mw"
        }
      ],
      "products": [
        {
          "identifier": "8745c6b3-f0ad-422b-97da-ea8beb5e96c9",
          "smiles": "CC(C)(C)OC(=O)n1c2ccncc2c2ccc(-c3ccc(F)nc3)cc21",
          "state_of_matter": "SOLID",
          "molecular_weight": 364.3928632000002,
          "density": 1.4,
          "mass": 3.643928632000002,
          "is_produced_by": [
            "99c7f8fe-f516-4b40-b215-c919989556e1"
          ],
          "is_consumed_by": [],
          "provenance__density": "dummy estimator based on mw",
          "provenance__is_consumed_by": null,
          "provenance__is_produced_by": null,
          "provenance__mass": null,
          "provenance__molecular_weight": "periodic table",
          "provenance__smiles": null,
          "provenance__state_of_matter": "dummy estimator based on mw"
        }
      ],
      "stoichiometry": {
        "8d13c954-81f1-4ad3-a81a-8529e19dfa77": 1.0,
        "604841de-12cd-4b3e-9d3f-15e621e6526b": 1.0,
        "8745c6b3-f0ad-422b-97da-ea8beb5e96c9": -1.0
      },
      "temperature": 339.4547661960125,
      "intended_ratios": {
        "8d13c954-81f1-4ad3-a81a-8529e19dfa77": 1.0,
        "604841de-12cd-4b3e-9d3f-15e621e6526b": 1.0,
        "53ff1f50-001d-496d-a9e0-e27c68eeaac3": 1.0,
        "1cbe5e50-604f-4b90-ab4a-916198e0c657": 1.0,
        "8f6ccaa1-07be-46bd-8425-8a8b19dddd53": 1.0,
        "f10a4244-587c-49fe-af99-ba6600e4039f": 1.0
      },
      "expected_yields": {
        "8745c6b3-f0ad-422b-97da-ea8beb5e96c9": 1.0
      },
      "reaction_extent": 0.01
    },
    {
      "identifier": "1766eb60-0e94-4039-b1e7-406f0b8d70e3",
      "reactants": [
        {
          "identifier": "89aa27a6-7fca-485a-ab84-01da8befe7d6",
          "smiles": "CC(C)N",
          "state_of_matter": "LIQUID",
          "molecular_weight": 59.11025999999998,
          "density": 1.0,
          "mass": 0.5911025999999998,
          "is_produced_by": [],
          "is_consumed_by": [
            "1766eb60-0e94-4039-b1e7-406f0b8d70e3"
          ],
          "provenance__density": "dummy estimator based on mw",
          "provenance__is_consumed_by": null,
          "provenance__is_produced_by": null,
          "provenance__mass": null,
          "provenance__molecular_weight": "periodic table",
          "provenance__smiles": null,
          "provenance__state_of_matter": "dummy estimator based on mw"
        },
        {
          "identifier": "aa20cd0e-5077-4b94-8e85-5d744a06b232",
          "smiles": "O=C(OC(Cl)(Cl)Cl)OC(Cl)(Cl)Cl",
          "state_of_matter": "SOLID",
          "molecular_weight": 296.7483000000001,
          "density": 1.4,
          "mass": 2.967483000000001,
          "is_produced_by": [],
          "is_consumed_by": [
            "1766eb60-0e94-4039-b1e7-406f0b8d70e3"
          ],
          "provenance__density": "dummy estimator based on mw",
          "provenance__is_consumed_by": null,
          "provenance__is_produced_by": null,
          "provenance__mass": null,
          "provenance__molecular_weight": "periodic table",
          "provenance__smiles": null,
          "provenance__state_of_matter": "dummy estimator based on mw"
        }
      ],
      "reagents": [
        {
          "identifier": "dea40d0e-a27a-4134-8b42-9f908492430f",
          "smiles": "ClCCl",
          "state_of_matter": "LIQUID",
          "molecular_weight": 84.93258000000002,
          "density": 1.0,
          "mass": 0.8493258000000001,
          "is_produced_by": [],
          "is_consumed_by": [
            "1766eb60-0e94-4039-b1e7-406f0b8d70e3"
          ],
          "provenance__density": "dummy estimator based on mw",
          "provenance__is_consumed_by": null,
          "provenance__is_produced_by": null,
          "provenance__mass": null,
          "provenance__molecular_weight": "periodic table",
          "provenance__smiles": null,
          "provenance__state_of_matter": "dummy estimator based on mw"
        }
      ],
      "products": [
        {
          "identifier": "9239cc18-38c8-4f10-b53d-f79a3e176f31",
          "smiles": "CC(C)NC(=O)Cl",
          "state_of_matter": "LIQUID",
          "molecular_weight": 121.56542000000005,
          "density": 1.0,
          "mass": 1.2156542000000006,
          "is_produced_by": [
            "1766eb60-0e94-4039-b1e7-406f0b8d70e3"
          ],
          "is_consumed_by": [],
          "provenance__density": "dummy estimator based on mw",
          "provenance__is_consumed_by": null,
          "provenance__is_produced_by": null,
          "provenance__mass": null,
          "provenance__molecular_weight": "periodic table",
          "provenance__smiles": null,
          "provenance__state_of_matter": "dummy estimator based on mw"
        }
      ],
      "stoichiometry": {
        "89aa27a6-7fca-485a-ab84-01da8befe7d6": 1.0,
        "aa20cd0e-5077-4b94-8e85-5d744a06b232": 1.0,
        "9239cc18-38c8-4f10-b53d-f79a3e176f31": -1.0
      },
      "temperature": 287.31718023419376,
      "intended_ratios": {
        "89aa27a6-7fca-485a-ab84-01da8befe7d6": 1.0,
        "aa20cd0e-5077-4b94-8e85-5d744a06b232": 1.0,
        "dea40d0e-a27a-4134-8b42-9f908492430f": 1.0
      },
      "expected_yields": {
        "9239cc18-38c8-4f10-b53d-f79a3e176f31": 1.0
      },
      "reaction_extent": 0.01
    },
    {
      "identifier": "dba3f4a9-7bae-4a8b-8631-aa489dfa8dd5",
      "reactants": [
        {
          "identifier": "d2f0a467-2492-43fa-9b4c-b2c2ada23d7a",
          "smiles": "CC(C)N1C(=O)CC(=O)NC1=O",
          "state_of_matter": "LIQUID",
          "molecular_weight": 170.16589999999994,
          "density": 1.0,
          "mass": 1.7016589999999994,
          "is_produced_by": [],
          "is_consumed_by": [
            "dba3f4a9-7bae-4a8b-8631-aa489dfa8dd5"
          ],
          "provenance__density": "dummy estimator based on mw",
          "provenance__is_consumed_by": null,
          "provenance__is_produced_by": null,
          "provenance__mass": null,
          "provenance__molecular_weight": "periodic table",
          "provenance__smiles": null,
          "provenance__state_of_matter": "dummy estimator based on mw"
        }
      ],
      "reagents": [
        {
          "identifier": "10e888e8-e6d9-43c3-bff4-f07525f2a74b",
          "smiles": "CN(C)C=O",
          "state_of_matter": "LIQUID",
          "molecular_weight": 73.09378000000004,
          "density": 1.0,
          "mass": 0.7309378000000004,
          "is_produced_by": [],
          "is_consumed_by": [
            "dba3f4a9-7bae-4a8b-8631-aa489dfa8dd5"
          ],
          "provenance__density": "dummy estimator based on mw",
          "provenance__is_consumed_by": null,
          "provenance__is_produced_by": null,
          "provenance__mass": null,
          "provenance__molecular_weight": "periodic table",
          "provenance__smiles": null,
          "provenance__state_of_matter": "dummy estimator based on mw"
        },
        {
          "identifier": "a17950f5-7447-4ca6-b754-f153d5d33b7d",
          "smiles": "O",
          "state_of_matter": "LIQUID",
          "molecular_weight": 18.01528,
          "density": 1.0,
          "mass": 0.1801528,
          "is_produced_by": [],
          "is_consumed_by": [
            "dba3f4a9-7bae-4a8b-8631-aa489dfa8dd5"
          ],
          "provenance__density": "dummy estimator based on mw",
          "provenance__is_consumed_by": null,
          "provenance__is_produced_by": null,
          "provenance__mass": null,
          "provenance__molecular_weight": "periodic table",
          "provenance__smiles": null,
          "provenance__state_of_matter": "dummy estimator based on mw"
        },
        {
          "identifier": "444beef5-8f4c-4acf-abd4-4169d45866b3",
          "smiles": "O=C(O[K])O[K]",
          "state_of_matter": "SOLID",
          "molecular_weight": 138.2055,
          "density": 1.4,
          "mass": 1.382055,
          "is_produced_by": [],
          "is_consumed_by": [
            "dba3f4a9-7bae-4a8b-8631-aa489dfa8dd5"
          ],
          "provenance__density": "dummy estimator based on mw",
          "provenance__is_consumed_by": null,
          "provenance__is_produced_by": null,
          "provenance__mass": null,
          "provenance__molecular_weight": "periodic table",
          "provenance__smiles": null,
          "provenance__state_of_matter": "dummy estimator based on mw"
        },
        {
          "identifier": "1684c16f-fcf7-4243-b85c-6f0169536dad",
          "smiles": "CI",
          "state_of_matter": "LIQUID",
          "molecular_weight": 141.93898999999996,
          "density": 1.0,
          "mass": 1.4193898999999996,
          "is_produced_by": [],
          "is_consumed_by": [
            "dba3f4a9-7bae-4a8b-8631-aa489dfa8dd5"
          ],
          "provenance__density": "dummy estimator based on mw",
          "provenance__is_consumed_by": null,
          "provenance__is_produced_by": null,
          "provenance__mass": null,
          "provenance__molecular_weight": "periodic table",
          "provenance__smiles": null,
          "provenance__state_of_matter": "dummy estimator based on mw"
        }
      ],
      "products": [
        {
          "identifier": "0ed78419-ee26-4b9e-9e22-00698d591db3",
          "smiles": "CC(C)n1c(=O)cc(Cl)[nH]c1=O",
          "state_of_matter": "LIQUID",
          "molecular_weight": 189.61949999999993,
          "density": 1.0,
          "mass": 1.8961949999999994,
          "is_produced_by": [
            "dba3f4a9-7bae-4a8b-8631-aa489dfa8dd5"
          ],
          "is_consumed_by": [],
          "provenance__density": "dummy estimator based on mw",
          "provenance__is_consumed_by": null,
          "provenance__is_produced_by": null,
          "provenance__mass": null,
          "provenance__molecular_weight": "periodic table",
          "provenance__smiles": null,
          "provenance__state_of_matter": "dummy estimator based on mw"
        }
      ],
      "stoichiometry": {
        "d2f0a467-2492-43fa-9b4c-b2c2ada23d7a": 1.0,
        "0ed78419-ee26-4b9e-9e22-00698d591db3": -1.0
      },
      "temperature": 297.4154758930206,
      "intended_ratios": {
        "d2f0a467-2492-43fa-9b4c-b2c2ada23d7a": 1.0,
        "10e888e8-e6d9-43c3-bff4-f07525f2a74b": 1.0,
        "a17950f5-7447-4ca6-b754-f153d5d33b7d": 1.0,
        "444beef5-8f4c-4acf-abd4-4169d45866b3": 1.0,
        "1684c16f-fcf7-4243-b85c-6f0169536dad": 1.0
      },
      "expected_yields": {
        "0ed78419-ee26-4b9e-9e22-00698d591db3": 1.0
      },
      "reaction_extent": 0.01
    },
    {
      "identifier": "80cdc4aa-2b85-4d38-a11f-8425f191bbab",
      "reactants": [
        {
          "identifier": "c34c8fdb-8b47-4ce9-bbf7-672dd47ebfe0",
          "smiles": "CC(C)NC(=O)Cl",
          "state_of_matter": "LIQUID",
          "molecular_weight": 121.56542000000005,
          "density": 1.0,
          "mass": 1.2156542000000006,
          "is_produced_by": [],
          "is_consumed_by": [
            "80cdc4aa-2b85-4d38-a11f-8425f191bbab"
          ],
          "provenance__density": "dummy estimator based on mw",
          "provenance__is_consumed_by": null,
          "provenance__is_produced_by": null,
          "provenance__mass": null,
          "provenance__molecular_weight": "periodic table",
          "provenance__smiles": null,
          "provenance__state_of_matter": "dummy estimator based on mw"
        },
        {
          "identifier": "542b60ca-3a86-4fac-8d3b-a749ec69b84f",
          "smiles": "CCOC(=O)CC(=O)Cl",
          "state_of_matter": "LIQUID",
          "molecular_weight": 150.56027999999995,
          "density": 1.0,
          "mass": 1.5056027999999995,
          "is_produced_by": [],
          "is_consumed_by": [
            "80cdc4aa-2b85-4d38-a11f-8425f191bbab"
          ],
          "provenance__density": "dummy estimator based on mw",
          "provenance__is_consumed_by": null,
          "provenance__is_produced_by": null,
          "provenance__mass": null,
          "provenance__molecular_weight": "periodic table",
          "provenance__smiles": null,
          "provenance__state_of_matter": "dummy estimator based on mw"
        }
      ],
      "reagents": [
        {
          "identifier": "8d114239-f601-4cbb-814b-171a9829aa7e",
          "smiles": "ClCCl",
          "state_of_matter": "LIQUID",
          "molecular_weight": 84.93258000000002,
          "density": 1.0,
          "mass": 0.8493258000000001,
          "is_produced_by": [],
          "is_consumed_by": [
            "80cdc4aa-2b85-4d38-a11f-8425f191bbab"
          ],
          "provenance__density": "dummy estimator based on mw",
          "provenance__is_consumed_by": null,
          "provenance__is_produced_by": null,
          "provenance__mass": null,
          "provenance__molecular_weight": "periodic table",
          "provenance__smiles": null,
          "provenance__state_of_matter": "dummy estimator based on mw"
        }
      ],
      "products": [
        {
          "identifier": "81242e70-3969-4b39-84b5-c0c02b6c9b6a",
          "smiles": "CCOC(=O)CC(=O)N(C(=O)Cl)C(C)C",
          "state_of_matter": "SOLID",
          "molecular_weight": 235.66475999999983,
          "density": 1.4,
          "mass": 2.3566475999999983,
          "is_produced_by": [
            "80cdc4aa-2b85-4d38-a11f-8425f191bbab"
          ],
          "is_consumed_by": [],
          "provenance__density": "dummy estimator based on mw",
          "provenance__is_consumed_by": null,
          "provenance__is_produced_by": null,
          "provenance__mass": null,
          "provenance__molecular_weight": "periodic table",
          "provenance__smiles": null,
          "provenance__state_of_matter": "dummy estimator based on mw"
        }
      ],
      "stoichiometry": {
        "c34c8fdb-8b47-4ce9-bbf7-672dd47ebfe0": 1.0,
        "542b60ca-3a86-4fac-8d3b-a749ec69b84f": 1.0,
        "81242e70-3969-4b39-84b5-c0c02b6c9b6a": -1.0
      },
      "temperature": 298.78428542017934,
      "intended_ratios": {
        "c34c8fdb-8b47-4ce9-bbf7-672dd47ebfe0": 1.0,
        "542b60ca-3a86-4fac-8d3b-a749ec69b84f": 1.0,
        "8d114239-f601-4cbb-814b-171a9829aa7e": 1.0
      },
      "expected_yields": {
        "81242e70-3969-4b39-84b5-c0c02b6c9b6a": 1.0
      },
      "reaction_extent": 0.01
    },
    {
      "identifier": "0f668476-a142-44e0-bfa6-4e520ad93ffd",
      "reactants": [
        {
          "identifier": "82d580bb-4509-413b-992b-9b504074084a",
          "smiles": "CC(C)n1c(=O)cc(Cl)[nH]c1=O",
          "state_of_matter": "LIQUID",
          "molecular_weight": 189.61949999999993,
          "density": 1.0,
          "mass": 1.8961949999999994,
          "is_produced_by": [],
          "is_consumed_by": [
            "0f668476-a142-44e0-bfa6-4e520ad93ffd"
          ],
          "provenance__density": "dummy estimator based on mw",
          "provenance__is_consumed_by": null,
          "provenance__is_produced_by": null,
          "provenance__mass": null,
          "provenance__molecular_weight": "periodic table",
          "provenance__smiles": null,
          "provenance__state_of_matter": "dummy estimator based on mw"
        },
        {
          "identifier": "ad9bdaab-1c36-4704-93b9-91162b8b939e",
          "smiles": "CC(N)c1ccccc1",
          "state_of_matter": "LIQUID",
          "molecular_weight": 121.17964000000006,
          "density": 1.0,
          "mass": 1.2117964000000006,
          "is_produced_by": [],
          "is_consumed_by": [
            "0f668476-a142-44e0-bfa6-4e520ad93ffd"
          ],
          "provenance__density": "dummy estimator based on mw",
          "provenance__is_consumed_by": null,
          "provenance__is_produced_by": null,
          "provenance__mass": null,
          "provenance__molecular_weight": "periodic table",
          "provenance__smiles": null,
          "provenance__state_of_matter": "dummy estimator based on mw"
        }
      ],
      "reagents": [
        {
          "identifier": "57af1e93-e1be-4f8e-b34d-b3787d963c88",
          "smiles": "CC#N",
          "state_of_matter": "LIQUID",
          "molecular_weight": 41.051919999999996,
          "density": 1.0,
          "mass": 0.4105192,
          "is_produced_by": [],
          "is_consumed_by": [
            "0f668476-a142-44e0-bfa6-4e520ad93ffd"
          ],
          "provenance__density": "dummy estimator based on mw",
          "provenance__is_consumed_by": null,
          "provenance__is_produced_by": null,
          "provenance__mass": null,
          "provenance__molecular_weight": "periodic table",
          "provenance__smiles": null,
          "provenance__state_of_matter": "dummy estimator based on mw"
        }
      ],
      "products": [
        {
          "identifier": "eb6f87b6-7fe3-41ae-b08b-840c18f61b2d",
          "smiles": "CC(Nc1cc(=O)n(C(C)C)c(=O)[nH]1)c1ccccc1",
          "state_of_matter": "SOLID",
          "molecular_weight": 274.3382000000002,
          "density": 1.4,
          "mass": 2.743382000000002,
          "is_produced_by": [
            "0f668476-a142-44e0-bfa6-4e520ad93ffd"
          ],
          "is_consumed_by": [],
          "provenance__density": "dummy estimator based on mw",
          "provenance__is_consumed_by": null,
          "provenance__is_produced_by": null,
          "provenance__mass": null,
          "provenance__molecular_weight": "periodic table",
          "provenance__smiles": null,
          "provenance__state_of_matter": "dummy estimator based on mw"
        }
      ],
      "stoichiometry": {
        "82d580bb-4509-413b-992b-9b504074084a": 1.0,
        "ad9bdaab-1c36-4704-93b9-91162b8b939e": 1.0,
        "eb6f87b6-7fe3-41ae-b08b-840c18f61b2d": -1.0
      },
      "temperature": 349.5068563520908,
      "intended_ratios": {
        "82d580bb-4509-413b-992b-9b504074084a": 1.0,
        "ad9bdaab-1c36-4704-93b9-91162b8b939e": 1.0,
        "57af1e93-e1be-4f8e-b34d-b3787d963c88": 1.0
      },
      "expected_yields": {
        "eb6f87b6-7fe3-41ae-b08b-840c18f61b2d": 1.0
      },
      "reaction_extent": 0.01
    },
    {
      "identifier": "d53e0688-7c87-44ab-a5fd-a89df7bf0ea1",
      "reactants": [
        {
          "identifier": "982641d6-56d3-4cd2-9e03-3899fbbf8510",
          "smiles": "CCOC(=O)CC(=O)N(C(=O)Cl)C(C)C",
          "state_of_matter": "SOLID",
          "molecular_weight": 235.66475999999983,
          "density": 1.4,
          "mass": 2.3566475999999983,
          "is_produced_by": [],
          "is_consumed_by": [
            "d53e0688-7c87-44ab-a5fd-a89df7bf0ea1"
          ],
          "provenance__density": "dummy estimator based on mw",
          "provenance__is_consumed_by": null,
          "provenance__is_produced_by": null,
          "provenance__mass": null,
          "provenance__molecular_weight": "periodic table",
          "provenance__smiles": null,
          "provenance__state_of_matter": "dummy estimator based on mw"
        }
      ],
      "reagents": [
        {
          "identifier": "bc9ce167-fff8-4a6c-8a80-4373a585e7c8",
          "smiles": "ClCCl",
          "state_of_matter": "LIQUID",
          "molecular_weight": 84.93258000000002,
          "density": 1.0,
          "mass": 0.8493258000000001,
          "is_produced_by": [],
          "is_consumed_by": [
            "d53e0688-7c87-44ab-a5fd-a89df7bf0ea1"
          ],
          "provenance__density": "dummy estimator based on mw",
          "provenance__is_consumed_by": null,
          "provenance__is_produced_by": null,
          "provenance__mass": null,
          "provenance__molecular_weight": "periodic table",
          "provenance__smiles": null,
          "provenance__state_of_matter": "dummy estimator based on mw"
        }
      ],
      "products": [
        {
          "identifier": "f62dbe69-9e51-402f-b381-81df9e2c1d99",
          "smiles": "CCOC(=O)CC(=O)N(C(N)=O)C(C)C",
          "state_of_matter": "SOLID",
          "molecular_weight": 216.2343399999998,
          "density": 1.4,
          "mass": 2.162343399999998,
          "is_produced_by": [
            "d53e0688-7c87-44ab-a5fd-a89df7bf0ea1"
          ],
          "is_consumed_by": [],
          "provenance__density": "dummy estimator based on mw",
          "provenance__is_consumed_by": null,
          "provenance__is_produced_by": null,
          "provenance__mass": null,
          "provenance__molecular_weight": "periodic table",
          "provenance__smiles": null,
          "provenance__state_of_matter": "dummy estimator based on mw"
        }
      ],
      "stoichiometry": {
        "982641d6-56d3-4cd2-9e03-3899fbbf8510": 1.0,
        "f62dbe69-9e51-402f-b381-81df9e2c1d99": -1.0
      },
      "temperature": 299.2253053843975,
      "intended_ratios": {
        "982641d6-56d3-4cd2-9e03-3899fbbf8510": 1.0,
        "bc9ce167-fff8-4a6c-8a80-4373a585e7c8": 1.0
      },
      "expected_yields": {
        "f62dbe69-9e51-402f-b381-81df9e2c1d99": 1.0
      },
      "reaction_extent": 0.01
    },
    {
      "identifier": "ea286237-6ea5-4240-8493-c40cf4bf6760",
      "reactants": [
        {
          "identifier": "f4453be5-d8fd-4fb1-9a88-69800aaea26f",
          "smiles": "CCOC(=O)CC(=O)N(C(N)=O)C(C)C",
          "state_of_matter": "SOLID",
          "molecular_weight": 216.2343399999998,
          "density": 1.4,
          "mass": 2.162343399999998,
          "is_produced_by": [],
          "is_consumed_by": [
            "ea286237-6ea5-4240-8493-c40cf4bf6760"
          ],
          "provenance__density": "dummy estimator based on mw",
          "provenance__is_consumed_by": null,
          "provenance__is_produced_by": null,
          "provenance__mass": null,
          "provenance__molecular_weight": "periodic table",
          "provenance__smiles": null,
          "provenance__state_of_matter": "dummy estimator based on mw"
        }
      ],
      "reagents": [
        {
          "identifier": "f93e16e0-332e-4b87-9310-8ee974e50e5b",
          "smiles": "CCO",
          "state_of_matter": "LIQUID",
          "molecular_weight": 46.06843999999999,
          "density": 1.0,
          "mass": 0.4606843999999999,
          "is_produced_by": [],
          "is_consumed_by": [
            "ea286237-6ea5-4240-8493-c40cf4bf6760"
          ],
          "provenance__density": "dummy estimator based on mw",
          "provenance__is_consumed_by": null,
          "provenance__is_produced_by": null,
          "provenance__mass": null,
          "provenance__molecular_weight": "periodic table",
          "provenance__smiles": null,
          "provenance__state_of_matter": "dummy estimator based on mw"
        },
        {
          "identifier": "b432de15-dfe2-4932-a78b-3864b34466d4",
          "smiles": "CCO[Na]",
          "state_of_matter": "SOLID",
          "molecular_weight": 68.05027000000003,
          "density": 1.4,
          "mass": 0.6805027000000002,
          "is_produced_by": [],
          "is_consumed_by": [
            "ea286237-6ea5-4240-8493-c40cf4bf6760"
          ],
          "provenance__density": "dummy estimator based on mw",
          "provenance__is_consumed_by": null,
          "provenance__is_produced_by": null,
          "provenance__mass": null,
          "provenance__molecular_weight": "periodic table",
          "provenance__smiles": null,
          "provenance__state_of_matter": "dummy estimator based on mw"
        }
      ],
      "products": [
        {
          "identifier": "c3852b9e-5d23-40f9-aa71-13b325e9ff5f",
          "smiles": "CC(C)N1C(=O)CC(=O)NC1=O",
          "state_of_matter": "LIQUID",
          "molecular_weight": 170.16589999999994,
          "density": 1.0,
          "mass": 1.7016589999999994,
          "is_produced_by": [
            "ea286237-6ea5-4240-8493-c40cf4bf6760"
          ],
          "is_consumed_by": [],
          "provenance__density": "dummy estimator based on mw",
          "provenance__is_consumed_by": null,
          "provenance__is_produced_by": null,
          "provenance__mass": null,
          "provenance__molecular_weight": "periodic table",
          "provenance__smiles": null,
          "provenance__state_of_matter": "dummy estimator based on mw"
        }
      ],
      "stoichiometry": {
        "f4453be5-d8fd-4fb1-9a88-69800aaea26f": 1.0,
        "c3852b9e-5d23-40f9-aa71-13b325e9ff5f": -1.0
      },
      "temperature": 321.2602179586887,
      "intended_ratios": {
        "f4453be5-d8fd-4fb1-9a88-69800aaea26f": 1.0,
        "f93e16e0-332e-4b87-9310-8ee974e50e5b": 1.0,
        "b432de15-dfe2-4932-a78b-3864b34466d4": 1.0
      },
      "expected_yields": {
        "c3852b9e-5d23-40f9-aa71-13b325e9ff5f": 1.0
      },
      "reaction_extent": 0.01
    },
    {
      "identifier": "371dadc6-be3e-4f36-b8cc-20c83a4252ac",
      "reactants": [
        {
          "identifier": "980129a8-4062-475b-b487-870fd1b8a3c1",
          "smiles": "Cc1ccc(S(=O)(=O)Cl)cc1",
          "state_of_matter": "LIQUID",
          "molecular_weight": 190.64727999999988,
          "density": 1.0,
          "mass": 1.9064727999999989,
          "is_produced_by": [],
          "is_consumed_by": [
            "371dadc6-be3e-4f36-b8cc-20c83a4252ac"
          ],
          "provenance__density": "dummy estimator based on mw",
          "provenance__is_consumed_by": null,
          "provenance__is_produced_by": null,
          "provenance__mass": null,
          "provenance__molecular_weight": "periodic table",
          "provenance__smiles": null,
          "provenance__state_of_matter": "dummy estimator based on mw"
        },
        {
          "identifier": "503bb3c6-47f6-4f9e-8c1e-d10bac5442eb",
          "smiles": "Clc1cnc2[nH]cc(Cc3ccc(Cl)nc3)c2c1",
          "state_of_matter": "SOLID",
          "molecular_weight": 278.13666000000006,
          "density": 1.4,
          "mass": 2.7813666000000006,
          "is_produced_by": [],
          "is_consumed_by": [
            "371dadc6-be3e-4f36-b8cc-20c83a4252ac"
          ],
          "provenance__density": "dummy estimator based on mw",
          "provenance__is_consumed_by": null,
          "provenance__is_produced_by": null,
          "provenance__mass": null,
          "provenance__molecular_weight": "periodic table",
          "provenance__smiles": null,
          "provenance__state_of_matter": "dummy estimator based on mw"
        }
      ],
      "reagents": [
        {
          "identifier": "1f1b126d-a371-4db7-8d4f-7291cd80c129",
          "smiles": "CN(C)C=O",
          "state_of_matter": "LIQUID",
          "molecular_weight": 73.09378000000004,
          "density": 1.0,
          "mass": 0.7309378000000004,
          "is_produced_by": [],
          "is_consumed_by": [
            "371dadc6-be3e-4f36-b8cc-20c83a4252ac"
          ],
          "provenance__density": "dummy estimator based on mw",
          "provenance__is_consumed_by": null,
          "provenance__is_produced_by": null,
          "provenance__mass": null,
          "provenance__molecular_weight": "periodic table",
          "provenance__smiles": null,
          "provenance__state_of_matter": "dummy estimator based on mw"
        },
        {
          "identifier": "0d2947bb-1733-4236-ba47-0d37312aed0c",
          "smiles": "O",
          "state_of_matter": "LIQUID",
          "molecular_weight": 18.01528,
          "density": 1.0,
          "mass": 0.1801528,
          "is_produced_by": [],
          "is_consumed_by": [
            "371dadc6-be3e-4f36-b8cc-20c83a4252ac"
          ],
          "provenance__density": "dummy estimator based on mw",
          "provenance__is_consumed_by": null,
          "provenance__is_produced_by": null,
          "provenance__mass": null,
          "provenance__molecular_weight": "periodic table",
          "provenance__smiles": null,
          "provenance__state_of_matter": "dummy estimator based on mw"
        },
        {
          "identifier": "9137d3f9-d150-451e-b731-212ec0170607",
          "smiles": "[NaH]",
          "state_of_matter": "SOLID",
          "molecular_weight": 23.99771,
          "density": 1.4,
          "mass": 0.23997710000000003,
          "is_produced_by": [],
          "is_consumed_by": [
            "371dadc6-be3e-4f36-b8cc-20c83a4252ac"
          ],
          "provenance__density": "dummy estimator based on mw",
          "provenance__is_consumed_by": null,
          "provenance__is_produced_by": null,
          "provenance__mass": null,
          "provenance__molecular_weight": "periodic table",
          "provenance__smiles": null,
          "provenance__state_of_matter": "dummy estimator based on mw"
        }
      ],
      "products": [
        {
          "identifier": "46adbc43-6e56-4f5a-a47a-a0eed48bd14a",
          "smiles": "Cc1ccc(S(=O)(=O)n2cc(Cc3ccc(Cl)nc3)c3cc(Cl)cnc32)cc1",
          "state_of_matter": "SOLID",
          "molecular_weight": 433.33094000000017,
          "density": 1.4,
          "mass": 4.333309400000002,
          "is_produced_by": [
            "371dadc6-be3e-4f36-b8cc-20c83a4252ac"
          ],
          "is_consumed_by": [],
          "provenance__density": "dummy estimator based on mw",
          "provenance__is_consumed_by": null,
          "provenance__is_produced_by": null,
          "provenance__mass": null,
          "provenance__molecular_weight": "periodic table",
          "provenance__smiles": null,
          "provenance__state_of_matter": "dummy estimator based on mw"
        }
      ],
      "stoichiometry": {
        "980129a8-4062-475b-b487-870fd1b8a3c1": 1.0,
        "503bb3c6-47f6-4f9e-8c1e-d10bac5442eb": 1.0,
        "46adbc43-6e56-4f5a-a47a-a0eed48bd14a": -1.0
      },
      "temperature": 294.0366781532764,
      "intended_ratios": {
        "980129a8-4062-475b-b487-870fd1b8a3c1": 1.0,
        "503bb3c6-47f6-4f9e-8c1e-d10bac5442eb": 1.0,
        "1f1b126d-a371-4db7-8d4f-7291cd80c129": 1.0,
        "0d2947bb-1733-4236-ba47-0d37312aed0c": 1.0,
        "9137d3f9-d150-451e-b731-212ec0170607": 1.0
      },
      "expected_yields": {
        "46adbc43-6e56-4f5a-a47a-a0eed48bd14a": 1.0
      },
      "reaction_extent": 0.01
    },
    {
      "identifier": "265c3130-7e00-4c78-9707-cd37f5b564ed",
      "reactants": [
        {
          "identifier": "4788f65d-4e6a-4ea2-bd7e-8d7d89c46668",
          "smiles": "Cc1ccc(S(=O)(=O)n2cc(Cc3ccc(Cl)nc3)c3cc(Cl)cnc32)cc1",
          "state_of_matter": "SOLID",
          "molecular_weight": 433.33094000000017,
          "density": 1.4,
          "mass": 4.333309400000002,
          "is_produced_by": [],
          "is_consumed_by": [
            "265c3130-7e00-4c78-9707-cd37f5b564ed"
          ],
          "provenance__density": "dummy estimator based on mw",
          "provenance__is_consumed_by": null,
          "provenance__is_produced_by": null,
          "provenance__mass": null,
          "provenance__molecular_weight": "periodic table",
          "provenance__smiles": null,
          "provenance__state_of_matter": "dummy estimator based on mw"
        }
      ],
      "reagents": [
        {
          "identifier": "085f764a-a0cc-4068-95e5-637d394001ed",
          "smiles": "O=C(O)C(F)(F)F",
          "state_of_matter": "LIQUID",
          "molecular_weight": 114.0233496,
          "density": 1.0,
          "mass": 1.140233496,
          "is_produced_by": [],
          "is_consumed_by": [
            "265c3130-7e00-4c78-9707-cd37f5b564ed"
          ],
          "provenance__density": "dummy estimator based on mw",
          "provenance__is_consumed_by": null,
          "provenance__is_produced_by": null,
          "provenance__mass": null,
          "provenance__molecular_weight": "periodic table",
          "provenance__smiles": null,
          "provenance__state_of_matter": "dummy estimator based on mw"
        }
      ],
      "products": [
        {
          "identifier": "03e30653-20ab-4ef9-b3fe-d2d2af76bc22",
          "smiles": "Cc1ccc(S(=O)(=O)n2cc(Cc3ccc(N)nc3)c3cc(Cl)cnc32)cc1",
          "state_of_matter": "SOLID",
          "molecular_weight": 413.90052000000014,
          "density": 1.4,
          "mass": 4.1390052000000015,
          "is_produced_by": [
            "265c3130-7e00-4c78-9707-cd37f5b564ed"
          ],
          "is_consumed_by": [],
          "provenance__density": "dummy estimator based on mw",
          "provenance__is_consumed_by": null,
          "provenance__is_produced_by": null,
          "provenance__mass": null,
          "provenance__molecular_weight": "periodic table",
          "provenance__smiles": null,
          "provenance__state_of_matter": "dummy estimator based on mw"
        }
      ],
      "stoichiometry": {
        "4788f65d-4e6a-4ea2-bd7e-8d7d89c46668": 1.0,
        "03e30653-20ab-4ef9-b3fe-d2d2af76bc22": -1.0
      },
      "temperature": 354.8695926904678,
      "intended_ratios": {
        "4788f65d-4e6a-4ea2-bd7e-8d7d89c46668": 1.0,
        "085f764a-a0cc-4068-95e5-637d394001ed": 1.0
      },
      "expected_yields": {
        "03e30653-20ab-4ef9-b3fe-d2d2af76bc22": 1.0
      },
      "reaction_extent": 0.01
    },
    {
      "identifier": "76e31fc3-c439-4b88-b789-cddbe8ba9b93",
      "reactants": [
        {
          "identifier": "68147c63-be3f-42d9-a91d-d8b77ac00424",
          "smiles": "Cc1ccc(S(=O)(=O)n2cc(Cc3ccc(N)nc3)c3cc(Cl)cnc32)cc1",
          "state_of_matter": "SOLID",
          "molecular_weight": 413.90052000000014,
          "density": 1.4,
          "mass": 4.1390052000000015,
          "is_produced_by": [],
          "is_consumed_by": [
            "76e31fc3-c439-4b88-b789-cddbe8ba9b93"
          ],
          "provenance__density": "dummy estimator based on mw",
          "provenance__is_consumed_by": null,
          "provenance__is_produced_by": null,
          "provenance__mass": null,
          "provenance__molecular_weight": "periodic table",
          "provenance__smiles": null,
          "provenance__state_of_matter": "dummy estimator based on mw"
        },
        {
          "identifier": "1f71e0ee-ff45-4107-8e32-ff34065902a4",
          "smiles": "O=C(O)c1ccc(C(F)(F)F)nc1",
          "state_of_matter": "LIQUID",
          "molecular_weight": 191.10736959999997,
          "density": 1.0,
          "mass": 1.9110736959999997,
          "is_produced_by": [],
          "is_consumed_by": [
            "76e31fc3-c439-4b88-b789-cddbe8ba9b93"
          ],
          "provenance__density": "dummy estimator based on mw",
          "provenance__is_consumed_by": null,
          "provenance__is_produced_by": null,
          "provenance__mass": null,
          "provenance__molecular_weight": "periodic table",
          "provenance__smiles": null,
          "provenance__state_of_matter": "dummy estimator based on mw"
        }
      ],
      "reagents": [
        {
          "identifier": "acc172bd-33ff-492a-89fa-1ff60a68f70a",
          "smiles": "c1ccncc1",
          "state_of_matter": "LIQUID",
          "molecular_weight": 79.09990000000003,
          "density": 1.0,
          "mass": 0.7909990000000003,
          "is_produced_by": [],
          "is_consumed_by": [
            "76e31fc3-c439-4b88-b789-cddbe8ba9b93"
          ],
          "provenance__density": "dummy estimator based on mw",
          "provenance__is_consumed_by": null,
          "provenance__is_produced_by": null,
          "provenance__mass": null,
          "provenance__molecular_weight": "periodic table",
          "provenance__smiles": null,
          "provenance__state_of_matter": "dummy estimator based on mw"
        },
        {
          "identifier": "6f3ec572-3944-4d3f-8427-540d94ac9023",
          "smiles": "O=S(Cl)Cl",
          "state_of_matter": "LIQUID",
          "molecular_weight": 118.97040000000001,
          "density": 1.0,
          "mass": 1.189704,
          "is_produced_by": [],
          "is_consumed_by": [
            "76e31fc3-c439-4b88-b789-cddbe8ba9b93"
          ],
          "provenance__density": "dummy estimator based on mw",
          "provenance__is_consumed_by": null,
          "provenance__is_produced_by": null,
          "provenance__mass": null,
          "provenance__molecular_weight": "periodic table",
          "provenance__smiles": null,
          "provenance__state_of_matter": "dummy estimator based on mw"
        }
      ],
      "products": [
        {
          "identifier": "c4bf7248-fb3d-404e-af6f-c5f91cbaeb9d",
          "smiles": "Cc1ccc(S(=O)(=O)n2cc(Cc3ccc(NC(=O)c4ccc(C(F)(F)F)nc4)nc3)c3cc(Cl)cnc32)cc1",
          "state_of_matter": "SOLID",
          "molecular_weight": 586.9926095999992,
          "density": 1.4,
          "mass": 5.869926095999992,
          "is_produced_by": [
            "76e31fc3-c439-4b88-b789-cddbe8ba9b93"
          ],
          "is_consumed_by": [],
          "provenance__density": "dummy estimator based on mw",
          "provenance__is_consumed_by": null,
          "provenance__is_produced_by": null,
          "provenance__mass": null,
          "provenance__molecular_weight": "periodic table",
          "provenance__smiles": null,
          "provenance__state_of_matter": "dummy estimator based on mw"
        }
      ],
      "stoichiometry": {
        "68147c63-be3f-42d9-a91d-d8b77ac00424": 1.0,
        "1f71e0ee-ff45-4107-8e32-ff34065902a4": 1.0,
        "c4bf7248-fb3d-404e-af6f-c5f91cbaeb9d": -1.0
      },
      "temperature": 328.6723099887371,
      "intended_ratios": {
        "68147c63-be3f-42d9-a91d-d8b77ac00424": 1.0,
        "1f71e0ee-ff45-4107-8e32-ff34065902a4": 1.0,
        "acc172bd-33ff-492a-89fa-1ff60a68f70a": 1.0,
        "6f3ec572-3944-4d3f-8427-540d94ac9023": 1.0
      },
      "expected_yields": {
        "c4bf7248-fb3d-404e-af6f-c5f91cbaeb9d": 1.0
      },
      "reaction_extent": 0.01
    },
    {
      "identifier": "e19a2a29-214d-4b5d-8039-0abd41dc4636",
      "reactants": [
        {
          "identifier": "cef7cd3b-4eea-4d8c-833a-149115ba4f7d",
          "smiles": "Cc1ccc(S(=O)(=O)n2cc(Cc3ccc(NC(=O)c4ccc(C(F)(F)F)nc4)nc3)c3cc(Cl)cnc32)cc1",
          "state_of_matter": "SOLID",
          "molecular_weight": 586.9926095999992,
          "density": 1.4,
          "mass": 5.869926095999992,
          "is_produced_by": [],
          "is_consumed_by": [
            "e19a2a29-214d-4b5d-8039-0abd41dc4636"
          ],
          "provenance__density": "dummy estimator based on mw",
          "provenance__is_consumed_by": null,
          "provenance__is_produced_by": null,
          "provenance__mass": null,
          "provenance__molecular_weight": "periodic table",
          "provenance__smiles": null,
          "provenance__state_of_matter": "dummy estimator based on mw"
        }
      ],
      "reagents": [
        {
          "identifier": "db1cdf12-d4de-48a1-a8a4-fb704ec8b995",
          "smiles": "O",
          "state_of_matter": "LIQUID",
          "molecular_weight": 18.01528,
          "density": 1.0,
          "mass": 0.1801528,
          "is_produced_by": [],
          "is_consumed_by": [
            "e19a2a29-214d-4b5d-8039-0abd41dc4636"
          ],
          "provenance__density": "dummy estimator based on mw",
          "provenance__is_consumed_by": null,
          "provenance__is_produced_by": null,
          "provenance__mass": null,
          "provenance__molecular_weight": "periodic table",
          "provenance__smiles": null,
          "provenance__state_of_matter": "dummy estimator based on mw"
        },
        {
          "identifier": "9ed4a998-a7a3-4f27-a98b-f6ba42af7d10",
          "smiles": "C1CCOC1",
          "state_of_matter": "LIQUID",
          "molecular_weight": 72.10572000000005,
          "density": 1.0,
          "mass": 0.7210572000000005,
          "is_produced_by": [],
          "is_consumed_by": [
            "e19a2a29-214d-4b5d-8039-0abd41dc4636"
          ],
          "provenance__density": "dummy estimator based on mw",
          "provenance__is_consumed_by": null,
          "provenance__is_produced_by": null,
          "provenance__mass": null,
          "provenance__molecular_weight": "periodic table",
          "provenance__smiles": null,
          "provenance__state_of_matter": "dummy estimator based on mw"
        },
        {
          "identifier": "c529572b-28da-4437-85af-d054c466f490",
          "smiles": "CCCC[N+](CCCC)(CCCC)CCCC.[F-]",
          "state_of_matter": "SOLID",
          "molecular_weight": 261.46214319999973,
          "density": 1.4,
          "mass": 2.614621431999997,
          "is_produced_by": [],
          "is_consumed_by": [
            "e19a2a29-214d-4b5d-8039-0abd41dc4636"
          ],
          "provenance__density": "dummy estimator based on mw",
          "provenance__is_consumed_by": null,
          "provenance__is_produced_by": null,
          "provenance__mass": null,
          "provenance__molecular_weight": "periodic table",
          "provenance__smiles": null,
          "provenance__state_of_matter": "dummy estimator based on mw"
        }
      ],
      "products": [
        {
          "identifier": "d02fab13-61cb-423a-9c57-5b83bdd5dd66",
          "smiles": "O=C(Nc1ccc(Cc2c[nH]c3ncc(Cl)cc23)cn1)c1ccc(C(F)(F)F)nc1",
          "state_of_matter": "SOLID",
          "molecular_weight": 431.79832960000016,
          "density": 1.4,
          "mass": 4.317983296000001,
          "is_produced_by": [
            "e19a2a29-214d-4b5d-8039-0abd41dc4636"
          ],
          "is_consumed_by": [],
          "provenance__density": "dummy estimator based on mw",
          "provenance__is_consumed_by": null,
          "provenance__is_produced_by": null,
          "provenance__mass": null,
          "provenance__molecular_weight": "periodic table",
          "provenance__smiles": null,
          "provenance__state_of_matter": "dummy estimator based on mw"
        }
      ],
      "stoichiometry": {
        "cef7cd3b-4eea-4d8c-833a-149115ba4f7d": 1.0,
        "d02fab13-61cb-423a-9c57-5b83bdd5dd66": -1.0
      },
      "temperature": 316.97248406410216,
      "intended_ratios": {
        "cef7cd3b-4eea-4d8c-833a-149115ba4f7d": 1.0,
        "db1cdf12-d4de-48a1-a8a4-fb704ec8b995": 1.0,
        "9ed4a998-a7a3-4f27-a98b-f6ba42af7d10": 1.0,
        "c529572b-28da-4437-85af-d054c466f490": 1.0
      },
      "expected_yields": {
        "d02fab13-61cb-423a-9c57-5b83bdd5dd66": 1.0
      },
      "reaction_extent": 0.01
    },
    {
      "identifier": "f0b7eca0-0cd3-469d-9030-046703bd3768",
      "reactants": [
        {
          "identifier": "be930960-8128-45cb-8689-a08751751653",
          "smiles": "Clc1cnc2[nH]ccc2c1",
          "state_of_matter": "LIQUID",
          "molecular_weight": 152.58099999999993,
          "density": 1.0,
          "mass": 1.5258099999999994,
          "is_produced_by": [],
          "is_consumed_by": [
            "f0b7eca0-0cd3-469d-9030-046703bd3768"
          ],
          "provenance__density": "dummy estimator based on mw",
          "provenance__is_consumed_by": null,
          "provenance__is_produced_by": null,
          "provenance__mass": null,
          "provenance__molecular_weight": "periodic table",
          "provenance__smiles": null,
          "provenance__state_of_matter": "dummy estimator based on mw"
        },
        {
          "identifier": "20d2d9a0-9819-4c5c-a050-a92cd702e5e6",
          "smiles": "O=Cc1ccc(Cl)nc1",
          "state_of_matter": "LIQUID",
          "molecular_weight": 141.55505999999997,
          "density": 1.0,
          "mass": 1.4155505999999998,
          "is_produced_by": [],
          "is_consumed_by": [
            "f0b7eca0-0cd3-469d-9030-046703bd3768"
          ],
          "provenance__density": "dummy estimator based on mw",
          "provenance__is_consumed_by": null,
          "provenance__is_produced_by": null,
          "provenance__mass": null,
          "provenance__molecular_weight": "periodic table",
          "provenance__smiles": null,
          "provenance__state_of_matter": "dummy estimator based on mw"
        }
      ],
      "reagents": [
        {
          "identifier": "50791589-bf6b-4c3e-b44b-2f16b47b620a",
          "smiles": "CO",
          "state_of_matter": "LIQUID",
          "molecular_weight": 32.04186000000001,
          "density": 1.0,
          "mass": 0.32041860000000005,
          "is_produced_by": [],
          "is_consumed_by": [
            "f0b7eca0-0cd3-469d-9030-046703bd3768"
          ],
          "provenance__density": "dummy estimator based on mw",
          "provenance__is_consumed_by": null,
          "provenance__is_produced_by": null,
          "provenance__mass": null,
          "provenance__molecular_weight": "periodic table",
          "provenance__smiles": null,
          "provenance__state_of_matter": "dummy estimator based on mw"
        },
        {
          "identifier": "5e784ff9-c2c1-45a2-ae75-f2df83713fe7",
          "smiles": "O",
          "state_of_matter": "LIQUID",
          "molecular_weight": 18.01528,
          "density": 1.0,
          "mass": 0.1801528,
          "is_produced_by": [],
          "is_consumed_by": [
            "f0b7eca0-0cd3-469d-9030-046703bd3768"
          ],
          "provenance__density": "dummy estimator based on mw",
          "provenance__is_consumed_by": null,
          "provenance__is_produced_by": null,
          "provenance__mass": null,
          "provenance__molecular_weight": "periodic table",
          "provenance__smiles": null,
          "provenance__state_of_matter": "dummy estimator based on mw"
        },
        {
          "identifier": "95ee8735-4080-4135-b9b0-7f771c0f78b7",
          "smiles": "O[K]",
          "state_of_matter": "SOLID",
          "molecular_weight": 56.10564,
          "density": 1.4,
          "mass": 0.5610564,
          "is_produced_by": [],
          "is_consumed_by": [
            "f0b7eca0-0cd3-469d-9030-046703bd3768"
          ],
          "provenance__density": "dummy estimator based on mw",
          "provenance__is_consumed_by": null,
          "provenance__is_produced_by": null,
          "provenance__mass": null,
          "provenance__molecular_weight": "periodic table",
          "provenance__smiles": null,
          "provenance__state_of_matter": "dummy estimator based on mw"
        }
      ],
      "products": [
        {
          "identifier": "34f83590-463c-477c-bf6d-82067e419b50",
          "smiles": "OC(c1ccc(Cl)nc1)c1c[nH]c2ncc(Cl)cc12",
          "state_of_matter": "SOLID",
          "molecular_weight": 294.1360600000001,
          "density": 1.4,
          "mass": 2.941360600000001,
          "is_produced_by": [
            "f0b7eca0-0cd3-469d-9030-046703bd3768"
          ],
          "is_consumed_by": [],
          "provenance__density": "dummy estimator based on mw",
          "provenance__is_consumed_by": null,
          "provenance__is_produced_by": null,
          "provenance__mass": null,
          "provenance__molecular_weight": "periodic table",
          "provenance__smiles": null,
          "provenance__state_of_matter": "dummy estimator based on mw"
        }
      ],
      "stoichiometry": {
        "be930960-8128-45cb-8689-a08751751653": 1.0,
        "20d2d9a0-9819-4c5c-a050-a92cd702e5e6": 1.0,
        "34f83590-463c-477c-bf6d-82067e419b50": -1.0
      },
      "temperature": 281.2925557672977,
      "intended_ratios": {
        "be930960-8128-45cb-8689-a08751751653": 1.0,
        "20d2d9a0-9819-4c5c-a050-a92cd702e5e6": 1.0,
        "50791589-bf6b-4c3e-b44b-2f16b47b620a": 1.0,
        "5e784ff9-c2c1-45a2-ae75-f2df83713fe7": 1.0,
        "95ee8735-4080-4135-b9b0-7f771c0f78b7": 1.0
      },
      "expected_yields": {
        "34f83590-463c-477c-bf6d-82067e419b50": 1.0
      },
      "reaction_extent": 0.01
    },
    {
      "identifier": "5a7e6ba8-48dc-4af7-9629-abc62929d632",
      "reactants": [
        {
          "identifier": "85a465d9-f0e9-4b91-8497-407bde1a7b41",
          "smiles": "NNc1cccc(Br)c1",
          "state_of_matter": "LIQUID",
          "molecular_weight": 187.03717999999995,
          "density": 1.0,
          "mass": 1.8703717999999996,
          "is_produced_by": [],
          "is_consumed_by": [
            "5a7e6ba8-48dc-4af7-9629-abc62929d632"
          ],
          "provenance__density": "dummy estimator based on mw",
          "provenance__is_consumed_by": null,
          "provenance__is_produced_by": null,
          "provenance__mass": null,
          "provenance__molecular_weight": "periodic table",
          "provenance__smiles": null,
          "provenance__state_of_matter": "dummy estimator based on mw"
        },
        {
          "identifier": "7d31c6a3-26bf-4fbc-9a0f-cc69c7297bc5",
          "smiles": "O=C1CCNCC1",
          "state_of_matter": "LIQUID",
          "molecular_weight": 99.13106000000005,
          "density": 1.0,
          "mass": 0.9913106000000005,
          "is_produced_by": [],
          "is_consumed_by": [
            "5a7e6ba8-48dc-4af7-9629-abc62929d632"
          ],
          "provenance__density": "dummy estimator based on mw",
          "provenance__is_consumed_by": null,
          "provenance__is_produced_by": null,
          "provenance__mass": null,
          "provenance__molecular_weight": "periodic table",
          "provenance__smiles": null,
          "provenance__state_of_matter": "dummy estimator based on mw"
        }
      ],
      "reagents": [
        {
          "identifier": "1b6ec302-6757-46f7-9736-2509b12e2a1d",
          "smiles": "CCO",
          "state_of_matter": "LIQUID",
          "molecular_weight": 46.06843999999999,
          "density": 1.0,
          "mass": 0.4606843999999999,
          "is_produced_by": [],
          "is_consumed_by": [
            "5a7e6ba8-48dc-4af7-9629-abc62929d632"
          ],
          "provenance__density": "dummy estimator based on mw",
          "provenance__is_consumed_by": null,
          "provenance__is_produced_by": null,
          "provenance__mass": null,
          "provenance__molecular_weight": "periodic table",
          "provenance__smiles": null,
          "provenance__state_of_matter": "dummy estimator based on mw"
        },
        {
          "identifier": "983b82cd-4cfb-4036-a83c-1e00e8795c05",
          "smiles": "Cl",
          "state_of_matter": "LIQUID",
          "molecular_weight": 36.46094,
          "density": 1.0,
          "mass": 0.36460940000000003,
          "is_produced_by": [],
          "is_consumed_by": [
            "5a7e6ba8-48dc-4af7-9629-abc62929d632"
          ],
          "provenance__density": "dummy estimator based on mw",
          "provenance__is_consumed_by": null,
          "provenance__is_produced_by": null,
          "provenance__mass": null,
          "provenance__molecular_weight": "periodic table",
          "provenance__smiles": null,
          "provenance__state_of_matter": "dummy estimator based on mw"
        }
      ],
      "products": [
        {
          "identifier": "2b4dd397-abed-4ff2-8430-2dccb1a9823d",
          "smiles": "Brc1ccc2c3c([nH]c2c1)CCNC3",
          "state_of_matter": "SOLID",
          "molecular_weight": 251.12243999999984,
          "density": 1.4,
          "mass": 2.5112243999999984,
          "is_produced_by": [
            "5a7e6ba8-48dc-4af7-9629-abc62929d632"
          ],
          "is_consumed_by": [],
          "provenance__density": "dummy estimator based on mw",
          "provenance__is_consumed_by": null,
          "provenance__is_produced_by": null,
          "provenance__mass": null,
          "provenance__molecular_weight": "periodic table",
          "provenance__smiles": null,
          "provenance__state_of_matter": "dummy estimator based on mw"
        }
      ],
      "stoichiometry": {
        "85a465d9-f0e9-4b91-8497-407bde1a7b41": 1.0,
        "7d31c6a3-26bf-4fbc-9a0f-cc69c7297bc5": 1.0,
        "2b4dd397-abed-4ff2-8430-2dccb1a9823d": -1.0
      },
      "temperature": 323.0150502026081,
      "intended_ratios": {
        "85a465d9-f0e9-4b91-8497-407bde1a7b41": 1.0,
        "7d31c6a3-26bf-4fbc-9a0f-cc69c7297bc5": 1.0,
        "1b6ec302-6757-46f7-9736-2509b12e2a1d": 1.0,
        "983b82cd-4cfb-4036-a83c-1e00e8795c05": 1.0
      },
      "expected_yields": {
        "2b4dd397-abed-4ff2-8430-2dccb1a9823d": 1.0
      },
      "reaction_extent": 0.01
    },
    {
      "identifier": "a8063a87-c062-4196-b0eb-9b674eb1252d",
      "reactants": [
        {
          "identifier": "524af88b-dd3f-4b81-bbf7-9d9eb9e2bb36",
          "smiles": "O=C(Nc1ccc(Cc2c[nH]c3ncc(Cl)cc23)cn1)c1ccc(C(F)(F)F)nc1",
          "state_of_matter": "SOLID",
          "molecular_weight": 431.79832960000016,
          "density": 1.4,
          "mass": 4.317983296000001,
          "is_produced_by": [],
          "is_consumed_by": [
            "a8063a87-c062-4196-b0eb-9b674eb1252d"
          ],
          "provenance__density": "dummy estimator based on mw",
          "provenance__is_consumed_by": null,
          "provenance__is_produced_by": null,
          "provenance__mass": null,
          "provenance__molecular_weight": "periodic table",
          "provenance__smiles": null,
          "provenance__state_of_matter": "dummy estimator based on mw"
        }
      ],
      "reagents": [
        {
          "identifier": "e8f55c9e-e82e-4c12-bbbe-b86e928eb85c",
          "smiles": "CC#N",
          "state_of_matter": "LIQUID",
          "molecular_weight": 41.051919999999996,
          "density": 1.0,
          "mass": 0.4105192,
          "is_produced_by": [],
          "is_consumed_by": [
            "a8063a87-c062-4196-b0eb-9b674eb1252d"
          ],
          "provenance__density": "dummy estimator based on mw",
          "provenance__is_consumed_by": null,
          "provenance__is_produced_by": null,
          "provenance__mass": null,
          "provenance__molecular_weight": "periodic table",
          "provenance__smiles": null,
          "provenance__state_of_matter": "dummy estimator based on mw"
        },
        {
          "identifier": "6142a839-dc58-445c-9419-804ae9508391",
          "smiles": "O=C(O)C(F)(F)F",
          "state_of_matter": "LIQUID",
          "molecular_weight": 114.0233496,
          "density": 1.0,
          "mass": 1.140233496,
          "is_produced_by": [],
          "is_consumed_by": [
            "a8063a87-c062-4196-b0eb-9b674eb1252d"
          ],
          "provenance__density": "dummy estimator based on mw",
          "provenance__is_consumed_by": null,
          "provenance__is_produced_by": null,
          "provenance__mass": null,
          "provenance__molecular_weight": "periodic table",
          "provenance__smiles": null,
          "provenance__state_of_matter": "dummy estimator based on mw"
        },
        {
          "identifier": "00099ffa-5b76-42d7-845d-25dfbdccdde0",
          "smiles": "CC[SiH](CC)CC",
          "state_of_matter": "LIQUID",
          "molecular_weight": 116.27674000000007,
          "density": 1.0,
          "mass": 1.1627674000000008,
          "is_produced_by": [],
          "is_consumed_by": [
            "a8063a87-c062-4196-b0eb-9b674eb1252d"
          ],
          "provenance__density": "dummy estimator based on mw",
          "provenance__is_consumed_by": null,
          "provenance__is_produced_by": null,
          "provenance__mass": null,
          "provenance__molecular_weight": "periodic table",
          "provenance__smiles": null,
          "provenance__state_of_matter": "dummy estimator based on mw"
        }
      ],
      "products": [
        {
          "identifier": "45c8fa2a-58bd-40d5-a8ae-031ec8ef50df",
          "smiles": "FC(F)(F)c1ccc(CNc2ccc(Cc3c[nH]c4ncc(Cl)cc34)cn2)cn1",
          "state_of_matter": "SOLID",
          "molecular_weight": 417.81480960000016,
          "density": 1.4,
          "mass": 4.178148096000002,
          "is_produced_by": [
            "a8063a87-c062-4196-b0eb-9b674eb1252d"
          ],
          "is_consumed_by": [],
          "provenance__density": "dummy estimator based on mw",
          "provenance__is_consumed_by": null,
          "provenance__is_produced_by": null,
          "provenance__mass": null,
          "provenance__molecular_weight": "periodic table",
          "provenance__smiles": null,
          "provenance__state_of_matter": "dummy estimator based on mw"
        }
      ],
      "stoichiometry": {
        "524af88b-dd3f-4b81-bbf7-9d9eb9e2bb36": 1.0,
        "45c8fa2a-58bd-40d5-a8ae-031ec8ef50df": -1.0
      },
      "temperature": 327.5941164672374,
      "intended_ratios": {
        "524af88b-dd3f-4b81-bbf7-9d9eb9e2bb36": 1.0,
        "e8f55c9e-e82e-4c12-bbbe-b86e928eb85c": 1.0,
        "6142a839-dc58-445c-9419-804ae9508391": 1.0,
        "00099ffa-5b76-42d7-845d-25dfbdccdde0": 1.0
      },
      "expected_yields": {
        "45c8fa2a-58bd-40d5-a8ae-031ec8ef50df": 1.0
      },
      "reaction_extent": 0.01
    },
    {
      "identifier": "6df823df-e226-4771-93c7-3ca7ae10651c",
      "reactants": [
        {
          "identifier": "a7039a96-eaf4-4315-b733-0d4d0973941b",
          "smiles": "OC(c1ccc(Cl)nc1)c1c[nH]c2ncc(Cl)cc12",
          "state_of_matter": "SOLID",
          "molecular_weight": 294.1360600000001,
          "density": 1.4,
          "mass": 2.941360600000001,
          "is_produced_by": [],
          "is_consumed_by": [
            "6df823df-e226-4771-93c7-3ca7ae10651c"
          ],
          "provenance__density": "dummy estimator based on mw",
          "provenance__is_consumed_by": null,
          "provenance__is_produced_by": null,
          "provenance__mass": null,
          "provenance__molecular_weight": "periodic table",
          "provenance__smiles": null,
          "provenance__state_of_matter": "dummy estimator based on mw"
        }
      ],
      "reagents": [
        {
          "identifier": "a87c2c6e-a66a-4cc8-848e-9b350edbfa7a",
          "smiles": "CC#N",
          "state_of_matter": "LIQUID",
          "molecular_weight": 41.051919999999996,
          "density": 1.0,
          "mass": 0.4105192,
          "is_produced_by": [],
          "is_consumed_by": [
            "6df823df-e226-4771-93c7-3ca7ae10651c"
          ],
          "provenance__density": "dummy estimator based on mw",
          "provenance__is_consumed_by": null,
          "provenance__is_produced_by": null,
          "provenance__mass": null,
          "provenance__molecular_weight": "periodic table",
          "provenance__smiles": null,
          "provenance__state_of_matter": "dummy estimator based on mw"
        },
        {
          "identifier": "cc8647e0-1ab9-43d8-99a9-eb72acc40837",
          "smiles": "O=C(O)C(F)(F)F",
          "state_of_matter": "LIQUID",
          "molecular_weight": 114.0233496,
          "density": 1.0,
          "mass": 1.140233496,
          "is_produced_by": [],
          "is_consumed_by": [
            "6df823df-e226-4771-93c7-3ca7ae10651c"
          ],
          "provenance__density": "dummy estimator based on mw",
          "provenance__is_consumed_by": null,
          "provenance__is_produced_by": null,
          "provenance__mass": null,
          "provenance__molecular_weight": "periodic table",
          "provenance__smiles": null,
          "provenance__state_of_matter": "dummy estimator based on mw"
        },
        {
          "identifier": "134198da-96f3-4913-a0a0-e99da37d02e3",
          "smiles": "CC[SiH](CC)CC",
          "state_of_matter": "LIQUID",
          "molecular_weight": 116.27674000000007,
          "density": 1.0,
          "mass": 1.1627674000000008,
          "is_produced_by": [],
          "is_consumed_by": [
            "6df823df-e226-4771-93c7-3ca7ae10651c"
          ],
          "provenance__density": "dummy estimator based on mw",
          "provenance__is_consumed_by": null,
          "provenance__is_produced_by": null,
          "provenance__mass": null,
          "provenance__molecular_weight": "periodic table",
          "provenance__smiles": null,
          "provenance__state_of_matter": "dummy estimator based on mw"
        }
      ],
      "products": [
        {
          "identifier": "fe3f6e5d-3872-4870-8309-e43aa56ca36b",
          "smiles": "Clc1cnc2[nH]cc(Cc3ccc(Cl)nc3)c2c1",
          "state_of_matter": "SOLID",
          "molecular_weight": 278.13666000000006,
          "density": 1.4,
          "mass": 2.7813666000000006,
          "is_produced_by": [
            "6df823df-e226-4771-93c7-3ca7ae10651c"
          ],
          "is_consumed_by": [],
          "provenance__density": "dummy estimator based on mw",
          "provenance__is_consumed_by": null,
          "provenance__is_produced_by": null,
          "provenance__mass": null,
          "provenance__molecular_weight": "periodic table",
          "provenance__smiles": null,
          "provenance__state_of_matter": "dummy estimator based on mw"
        }
      ],
      "stoichiometry": {
        "a7039a96-eaf4-4315-b733-0d4d0973941b": 1.0,
        "fe3f6e5d-3872-4870-8309-e43aa56ca36b": -1.0
      },
      "temperature": 307.97120277285575,
      "intended_ratios": {
        "a7039a96-eaf4-4315-b733-0d4d0973941b": 1.0,
        "a87c2c6e-a66a-4cc8-848e-9b350edbfa7a": 1.0,
        "cc8647e0-1ab9-43d8-99a9-eb72acc40837": 1.0,
        "134198da-96f3-4913-a0a0-e99da37d02e3": 1.0
      },
      "expected_yields": {
        "fe3f6e5d-3872-4870-8309-e43aa56ca36b": 1.0
      },
      "reaction_extent": 0.01
    }
  ],
  "molecular_nodes": [
    "Brc1ccc2c(c1)[nH]c1ccncc12",
    "Brc1ccc2c3c([nH]c2c1)CCNC3",
    "C1=C[C-](P(c2ccccc2)c2ccccc2)C=C1.C1=C[C-](P(c2ccccc2)c2ccccc2)C=C1.[Fe+2]",
    "C1CCOC1",
    "C1COCCO1",
    "CC#N",
    "CC(C)(C)OC(=O)OC(=O)OC(C)(C)C",
    "CC(C)(C)OC(=O)n1c2ccncc2c2ccc(-c3ccc(F)nc3)cc21",
    "CC(C)(C)OC(=O)n1c2ccncc2c2ccc(Br)cc21",
    "CC(C)N",
    "CC(C)N1C(=O)CC(=O)NC1=O",
    "CC(C)NC(=O)Cl",
    "CC(C)n1c(=O)cc(Cl)[nH]c1=O",
    "CC(N)c1ccccc1",
    "CC(Nc1cc(=O)n(C(C)C)c(=O)[nH]1)c1ccccc1",
    "CCCC[N+](CCCC)(CCCC)CCCC.[F-]",
    "CCO",
    "CCOC(=O)CC(=O)Cl",
    "CCOC(=O)CC(=O)N(C(=O)Cl)C(C)C",
    "CCOC(=O)CC(=O)N(C(N)=O)C(C)C",
    "CCO[Na]",
    "CC[SiH](CC)CC",
    "CI",
    "CN(C)C=O",
    "CN(C)c1ccncc1",
    "CO",
    "Cc1ccc(S(=O)(=O)Cl)cc1",
    "Cc1ccc(S(=O)(=O)n2cc(Cc3ccc(Cl)nc3)c3cc(Cl)cnc32)cc1",
    "Cc1ccc(S(=O)(=O)n2cc(Cc3ccc(N)nc3)c3cc(Cl)cnc32)cc1",
    "Cc1ccc(S(=O)(=O)n2cc(Cc3ccc(NC(=O)c4ccc(C(F)(F)F)nc4)nc3)c3cc(Cl)cnc32)cc1",
    "Cl",
    "ClC(Cl)Cl",
    "ClCCl",
    "Cl[Pd]Cl",
    "Clc1cnc2[nH]cc(Cc3ccc(Cl)nc3)c2c1",
    "Clc1cnc2[nH]ccc2c1",
    "FC(F)(F)c1ccc(CNc2ccc(Cc3c[nH]c4ncc(Cl)cc34)cn2)cn1",
    "Fc1ccc(-c2ccc3c(c2)[nH]c2ccncc23)cn1",
    "NNc1cccc(Br)c1",
    "O",
    "O=C(Nc1ccc(Cc2c[nH]c3ncc(Cl)cc23)cn1)c1ccc(C(F)(F)F)nc1",
    "O=C(O)C(F)(F)F",
    "O=C(O)c1ccc(C(F)(F)F)nc1",
    "O=C(OC(Cl)(Cl)Cl)OC(Cl)(Cl)Cl",
    "O=C(O[K])O[K]",
    "O=C1CCNCC1",
    "O=Cc1ccc(Cl)nc1",
    "O=S(Cl)Cl",
    "O=[Mn]=O",
    "OB(O)c1ccc(F)nc1",
    "OC(c1ccc(Cl)nc1)c1c[nH]c2ncc(Cl)cc12",
    "O[K]",
    "[NaH]",
    "c1ccncc1"
  ],
  "edges": [
    [
      "0f668476-a142-44e0-bfa6-4e520ad93ffd",
      "CC(Nc1cc(=O)n(C(C)C)c(=O)[nH]1)c1ccccc1"
    ],
    [
      "1766eb60-0e94-4039-b1e7-406f0b8d70e3",
      "CC(C)NC(=O)Cl"
    ],
    [
      "265c3130-7e00-4c78-9707-cd37f5b564ed",
      "Cc1ccc(S(=O)(=O)n2cc(Cc3ccc(N)nc3)c3cc(Cl)cnc32)cc1"
    ],
    [
      "2c82abe7-6d44-40ad-a551-564e97fc20b0",
      "CC(C)(C)OC(=O)n1c2ccncc2c2ccc(Br)cc21"
    ],
    [
      "371dadc6-be3e-4f36-b8cc-20c83a4252ac",
      "Cc1ccc(S(=O)(=O)n2cc(Cc3ccc(Cl)nc3)c3cc(Cl)cnc32)cc1"
    ],
    [
      "44b10930-b072-436f-801b-9e3a6a15e2a0",
      "Brc1ccc2c(c1)[nH]c1ccncc12"
    ],
    [
      "5a7e6ba8-48dc-4af7-9629-abc62929d632",
      "Brc1ccc2c3c([nH]c2c1)CCNC3"
    ],
    [
      "6df823df-e226-4771-93c7-3ca7ae10651c",
      "Clc1cnc2[nH]cc(Cc3ccc(Cl)nc3)c2c1"
    ],
    [
      "76e31fc3-c439-4b88-b789-cddbe8ba9b93",
      "Cc1ccc(S(=O)(=O)n2cc(Cc3ccc(NC(=O)c4ccc(C(F)(F)F)nc4)nc3)c3cc(Cl)cnc32)cc1"
    ],
    [
      "80cdc4aa-2b85-4d38-a11f-8425f191bbab",
      "CCOC(=O)CC(=O)N(C(=O)Cl)C(C)C"
    ],
    [
      "99c7f8fe-f516-4b40-b215-c919989556e1",
      "CC(C)(C)OC(=O)n1c2ccncc2c2ccc(-c3ccc(F)nc3)cc21"
    ],
    [
      "Brc1ccc2c(c1)[nH]c1ccncc12",
      "2c82abe7-6d44-40ad-a551-564e97fc20b0"
    ],
    [
      "Brc1ccc2c3c([nH]c2c1)CCNC3",
      "44b10930-b072-436f-801b-9e3a6a15e2a0"
    ],
    [
      "C1=C[C-](P(c2ccccc2)c2ccccc2)C=C1.C1=C[C-](P(c2ccccc2)c2ccccc2)C=C1.[Fe+2]",
      "99c7f8fe-f516-4b40-b215-c919989556e1"
    ],
    [
      "C1CCOC1",
      "2c82abe7-6d44-40ad-a551-564e97fc20b0"
    ],
    [
      "C1CCOC1",
      "e19a2a29-214d-4b5d-8039-0abd41dc4636"
    ],
    [
      "C1COCCO1",
      "99c7f8fe-f516-4b40-b215-c919989556e1"
    ],
    [
      "CC#N",
      "0f668476-a142-44e0-bfa6-4e520ad93ffd"
    ],
    [
      "CC#N",
      "6df823df-e226-4771-93c7-3ca7ae10651c"
    ],
    [
      "CC#N",
      "a8063a87-c062-4196-b0eb-9b674eb1252d"
    ],
    [
      "CC(C)(C)OC(=O)OC(=O)OC(C)(C)C",
      "2c82abe7-6d44-40ad-a551-564e97fc20b0"
    ],
    [
      "CC(C)(C)OC(=O)n1c2ccncc2c2ccc(-c3ccc(F)nc3)cc21",
      "d291510c-792b-44aa-ad57-cda92dab2bf7"
    ],
    [
      "CC(C)(C)OC(=O)n1c2ccncc2c2ccc(Br)cc21",
      "99c7f8fe-f516-4b40-b215-c919989556e1"
    ],
    [
      "CC(C)N",
      "1766eb60-0e94-4039-b1e7-406f0b8d70e3"
    ],
    [
      "CC(C)N1C(=O)CC(=O)NC1=O",
      "dba3f4a9-7bae-4a8b-8631-aa489dfa8dd5"
    ],
    [
      "CC(C)NC(=O)Cl",
      "80cdc4aa-2b85-4d38-a11f-8425f191bbab"
    ],
    [
      "CC(C)n1c(=O)cc(Cl)[nH]c1=O",
      "0f668476-a142-44e0-bfa6-4e520ad93ffd"
    ],
    [
      "CC(N)c1ccccc1",
      "0f668476-a142-44e0-bfa6-4e520ad93ffd"
    ],
    [
      "CCCC[N+](CCCC)(CCCC)CCCC.[F-]",
      "e19a2a29-214d-4b5d-8039-0abd41dc4636"
    ],
    [
      "CCO",
      "5a7e6ba8-48dc-4af7-9629-abc62929d632"
    ],
    [
      "CCO",
      "ea286237-6ea5-4240-8493-c40cf4bf6760"
    ],
    [
      "CCOC(=O)CC(=O)Cl",
      "80cdc4aa-2b85-4d38-a11f-8425f191bbab"
    ],
    [
      "CCOC(=O)CC(=O)N(C(=O)Cl)C(C)C",
      "d53e0688-7c87-44ab-a5fd-a89df7bf0ea1"
    ],
    [
      "CCOC(=O)CC(=O)N(C(N)=O)C(C)C",
      "ea286237-6ea5-4240-8493-c40cf4bf6760"
    ],
    [
      "CCO[Na]",
      "ea286237-6ea5-4240-8493-c40cf4bf6760"
    ],
    [
      "CC[SiH](CC)CC",
      "6df823df-e226-4771-93c7-3ca7ae10651c"
    ],
    [
      "CC[SiH](CC)CC",
      "a8063a87-c062-4196-b0eb-9b674eb1252d"
    ],
    [
      "CI",
      "dba3f4a9-7bae-4a8b-8631-aa489dfa8dd5"
    ],
    [
      "CN(C)C=O",
      "371dadc6-be3e-4f36-b8cc-20c83a4252ac"
    ],
    [
      "CN(C)C=O",
      "dba3f4a9-7bae-4a8b-8631-aa489dfa8dd5"
    ],
    [
      "CN(C)c1ccncc1",
      "2c82abe7-6d44-40ad-a551-564e97fc20b0"
    ],
    [
      "CO",
      "f0b7eca0-0cd3-469d-9030-046703bd3768"
    ],
    [
      "Cc1ccc(S(=O)(=O)Cl)cc1",
      "371dadc6-be3e-4f36-b8cc-20c83a4252ac"
    ],
    [
      "Cc1ccc(S(=O)(=O)n2cc(Cc3ccc(Cl)nc3)c3cc(Cl)cnc32)cc1",
      "265c3130-7e00-4c78-9707-cd37f5b564ed"
    ],
    [
      "Cc1ccc(S(=O)(=O)n2cc(Cc3ccc(N)nc3)c3cc(Cl)cnc32)cc1",
      "76e31fc3-c439-4b88-b789-cddbe8ba9b93"
    ],
    [
      "Cc1ccc(S(=O)(=O)n2cc(Cc3ccc(NC(=O)c4ccc(C(F)(F)F)nc4)nc3)c3cc(Cl)cnc32)cc1",
      "e19a2a29-214d-4b5d-8039-0abd41dc4636"
    ],
    [
      "Cl",
      "5a7e6ba8-48dc-4af7-9629-abc62929d632"
    ],
    [
      "ClC(Cl)Cl",
      "44b10930-b072-436f-801b-9e3a6a15e2a0"
    ],
    [
      "ClCCl",
      "1766eb60-0e94-4039-b1e7-406f0b8d70e3"
    ],
    [
      "ClCCl",
      "80cdc4aa-2b85-4d38-a11f-8425f191bbab"
    ],
    [
      "ClCCl",
      "d291510c-792b-44aa-ad57-cda92dab2bf7"
    ],
    [
      "ClCCl",
      "d53e0688-7c87-44ab-a5fd-a89df7bf0ea1"
    ],
    [
      "Cl[Pd]Cl",
      "99c7f8fe-f516-4b40-b215-c919989556e1"
    ],
    [
      "Clc1cnc2[nH]cc(Cc3ccc(Cl)nc3)c2c1",
      "371dadc6-be3e-4f36-b8cc-20c83a4252ac"
    ],
    [
      "Clc1cnc2[nH]ccc2c1",
      "f0b7eca0-0cd3-469d-9030-046703bd3768"
    ],
    [
      "NNc1cccc(Br)c1",
      "5a7e6ba8-48dc-4af7-9629-abc62929d632"
    ],
    [
      "O",
      "371dadc6-be3e-4f36-b8cc-20c83a4252ac"
    ],
    [
      "O",
      "dba3f4a9-7bae-4a8b-8631-aa489dfa8dd5"
    ],
    [
      "O",
      "e19a2a29-214d-4b5d-8039-0abd41dc4636"
    ],
    [
      "O",
      "f0b7eca0-0cd3-469d-9030-046703bd3768"
    ],
    [
      "O=C(Nc1ccc(Cc2c[nH]c3ncc(Cl)cc23)cn1)c1ccc(C(F)(F)F)nc1",
      "a8063a87-c062-4196-b0eb-9b674eb1252d"
    ],
    [
      "O=C(O)C(F)(F)F",
      "265c3130-7e00-4c78-9707-cd37f5b564ed"
    ],
    [
      "O=C(O)C(F)(F)F",
      "6df823df-e226-4771-93c7-3ca7ae10651c"
    ],
    [
      "O=C(O)C(F)(F)F",
      "a8063a87-c062-4196-b0eb-9b674eb1252d"
    ],
    [
      "O=C(O)C(F)(F)F",
      "d291510c-792b-44aa-ad57-cda92dab2bf7"
    ],
    [
      "O=C(O)c1ccc(C(F)(F)F)nc1",
      "76e31fc3-c439-4b88-b789-cddbe8ba9b93"
    ],
    [
      "O=C(OC(Cl)(Cl)Cl)OC(Cl)(Cl)Cl",
      "1766eb60-0e94-4039-b1e7-406f0b8d70e3"
    ],
    [
      "O=C(O[K])O[K]",
      "99c7f8fe-f516-4b40-b215-c919989556e1"
    ],
    [
      "O=C(O[K])O[K]",
      "dba3f4a9-7bae-4a8b-8631-aa489dfa8dd5"
    ],
    [
      "O=C1CCNCC1",
      "5a7e6ba8-48dc-4af7-9629-abc62929d632"
    ],
    [
      "O=Cc1ccc(Cl)nc1",
      "f0b7eca0-0cd3-469d-9030-046703bd3768"
    ],
    [
      "O=S(Cl)Cl",
      "76e31fc3-c439-4b88-b789-cddbe8ba9b93"
    ],
    [
      "O=[Mn]=O",
      "44b10930-b072-436f-801b-9e3a6a15e2a0"
    ],
    [
      "OB(O)c1ccc(F)nc1",
      "99c7f8fe-f516-4b40-b215-c919989556e1"
    ],
    [
      "OC(c1ccc(Cl)nc1)c1c[nH]c2ncc(Cl)cc12",
      "6df823df-e226-4771-93c7-3ca7ae10651c"
    ],
    [
      "O[K]",
      "f0b7eca0-0cd3-469d-9030-046703bd3768"
    ],
    [
      "[NaH]",
      "371dadc6-be3e-4f36-b8cc-20c83a4252ac"
    ],
    [
      "a8063a87-c062-4196-b0eb-9b674eb1252d",
      "FC(F)(F)c1ccc(CNc2ccc(Cc3c[nH]c4ncc(Cl)cc34)cn2)cn1"
    ],
    [
      "c1ccncc1",
      "76e31fc3-c439-4b88-b789-cddbe8ba9b93"
    ],
    [
      "d291510c-792b-44aa-ad57-cda92dab2bf7",
      "Fc1ccc(-c2ccc3c(c2)[nH]c2ccncc23)cn1"
    ],
    [
      "d53e0688-7c87-44ab-a5fd-a89df7bf0ea1",
      "CCOC(=O)CC(=O)N(C(N)=O)C(C)C"
    ],
    [
      "dba3f4a9-7bae-4a8b-8631-aa489dfa8dd5",
      "CC(C)n1c(=O)cc(Cl)[nH]c1=O"
    ],
    [
      "e19a2a29-214d-4b5d-8039-0abd41dc4636",
      "O=C(Nc1ccc(Cc2c[nH]c3ncc(Cl)cc23)cn1)c1ccc(C(F)(F)F)nc1"
    ],
    [
      "ea286237-6ea5-4240-8493-c40cf4bf6760",
      "CC(C)N1C(=O)CC(=O)NC1=O"
    ],
    [
      "f0b7eca0-0cd3-469d-9030-046703bd3768",
      "OC(c1ccc(Cl)nc1)c1c[nH]c2ncc(Cl)cc12"
    ]
  ]
}