{
  "identifier": "7bdcd726-0016-413a-83c5-556b1d1bd7eb",
  "chemical_reactions": [
    {
      "identifier": "09695b91-0f5e-48e0-bed4-f0611131600e",
      "reactants": [
        {
          "identifier": "9494187d-65a8-470e-8a26-c502306fce86",
          "smiles": "CC(C)(C)OC(=O)NCCN(CCO)CC1CC1",
          "state_of_matter": "SOLID",
          "molecular_weight": 258.3571399999998,
          "density": 1.4,
          "mass": 258.3571399999998,
          "is_produced_by": [],
          "is_consumed_by": [
            "09695b91-0f5e-48e0-bed4-f0611131600e"
          ],
          "provenance__density": "dummy estimator based on mw",
          "provenance__is_consumed_by": null,
          "provenance__is_produced_by": null,
          "provenance__mass": null,
          "provenance__molecular_weight": "periodic table",
          "provenance__smiles": null,
          "provenance__state_of_matter": "dummy estimator based on mw"
        }
      ],
      "reagents": [
        {
          "identifier": "b88b9ac2-8d19-4325-b599-dbc45a1eed59",
          "smiles": "Cl",
          "state_of_matter": "LIQUID",
          "molecular_weight": 36.46094,
          "density": 1.0,
          "mass": 36.46094,
          "is_produced_by": [],
          "is_consumed_by": [
            "09695b91-0f5e-48e0-bed4-f0611131600e"
          ],
          "provenance__density": "dummy estimator based on mw",
          "provenance__is_consumed_by": null,
          "provenance__is_produced_by": null,
          "provenance__mass": null,
          "provenance__molecular_weight": "periodic table",
          "provenance__smiles": null,
          "provenance__state_of_matter": "dummy estimator based on mw"
        },
        {
          "identifier": "1b01a185-b615-48c6-9b55-0655675266c9",
          "smiles": "C1COCCO1",
          "state_of_matter": "LIQUID",
          "molecular_weight": 88.10512000000004,
          "density": 1.0,
          "mass": 88.10512000000004,
          "is_produced_by": [],
          "is_consumed_by": [
            "09695b91-0f5e-48e0-bed4-f0611131600e"
          ],
          "provenance__density": "dummy estimator based on mw",
          "provenance__is_consumed_by": null,
          "provenance__is_produced_by": null,
          "provenance__mass": null,
          "provenance__molecular_weight": "periodic table",
          "provenance__smiles": null,
          "provenance__state_of_matter": "dummy estimator based on mw"
        }
      ],
      "products": [
        {
          "identifier": "acc17159-7a4e-4865-9c60-41a9e68cd4a4",
          "smiles": "NCCN(CCO)CC1CC1",
          "state_of_matter": "LIQUID",
          "molecular_weight": 158.2413199999998,
          "density": 1.0,
          "mass": 158.2413199999998,
          "is_produced_by": [
            "09695b91-0f5e-48e0-bed4-f0611131600e"
          ],
          "is_consumed_by": [],
          "provenance__density": "dummy estimator based on mw",
          "provenance__is_consumed_by": null,
          "provenance__is_produced_by": null,
          "provenance__mass": null,
          "provenance__molecular_weight": "periodic table",
          "provenance__smiles": null,
          "provenance__state_of_matter": "dummy estimator based on mw"
        }
      ],
      "stoichiometry": {
        "9494187d-65a8-470e-8a26-c502306fce86": 1.0,
        "acc17159-7a4e-4865-9c60-41a9e68cd4a4": -1.0
      },
      "temperature": 295.06736369132994,
      "intended_ratios": {
        "9494187d-65a8-470e-8a26-c502306fce86": 1.0,
        "b88b9ac2-8d19-4325-b599-dbc45a1eed59": 1.0,
        "1b01a185-b615-48c6-9b55-0655675266c9": 1.0
      },
      "expected_yields": {
        "acc17159-7a4e-4865-9c60-41a9e68cd4a4": 1.0
      },
      "reaction_extent": 1.0
    },
    {
      "identifier": "e3c35f0e-9bed-406e-ae47-c56726224da6",
      "reactants": [
        {
          "identifier": "c69f3486-c4cc-4ce5-bcee-b67e9b7988ea",
          "smiles": "CC(C)(C)OC(=O)NCCN",
          "state_of_matter": "LIQUID",
          "molecular_weight": 160.21413999999984,
          "density": 1.0,
          "mass": 160.21413999999984,
          "is_produced_by": [],
          "is_consumed_by": [
            "e3c35f0e-9bed-406e-ae47-c56726224da6"
          ],
          "provenance__density": "dummy estimator based on mw",
          "provenance__is_consumed_by": null,
          "provenance__is_produced_by": null,
          "provenance__mass": null,
          "provenance__molecular_weight": "periodic table",
          "provenance__smiles": null,
          "provenance__state_of_matter": "dummy estimator based on mw"
        },
        {
          "identifier": "2627584a-12d1-4485-af22-0702b1fc16e1",
          "smiles": "O=CC1CC1",
          "state_of_matter": "LIQUID",
          "molecular_weight": 70.08984000000004,
          "density": 1.0,
          "mass": 70.08984000000004,
          "is_produced_by": [],
          "is_consumed_by": [
            "e3c35f0e-9bed-406e-ae47-c56726224da6"
          ],
          "provenance__density": "dummy estimator based on mw",
          "provenance__is_consumed_by": null,
          "provenance__is_produced_by": null,
          "provenance__mass": null,
          "provenance__molecular_weight": "periodic table",
          "provenance__smiles": null,
          "provenance__state_of_matter": "dummy estimator based on mw"
        }
      ],
      "reagents": [
        {
          "identifier": "60d34e7a-9757-49e6-9f15-ea7bebb3c7fa",
          "smiles": "O[Na]",
          "state_of_matter": "SOLID",
          "molecular_weight": 39.99711,
          "density": 1.4,
          "mass": 39.99711,
          "is_produced_by": [],
          "is_consumed_by": [
            "e3c35f0e-9bed-406e-ae47-c56726224da6"
          ],
          "provenance__density": "dummy estimator based on mw",
          "provenance__is_consumed_by": null,
          "provenance__is_produced_by": null,
          "provenance__mass": null,
          "provenance__molecular_weight": "periodic table",
          "provenance__smiles": null,
          "provenance__state_of_matter": "dummy estimator based on mw"
        },
        {
          "identifier": "86d4a7bf-af04-49ce-ad5f-3c4baf9e765b",
          "smiles": "ClCCCl",
          "state_of_matter": "LIQUID",
          "molecular_weight": 98.95916000000003,
          "density": 1.0,
          "mass": 98.95916000000003,
          "is_produced_by": [],
          "is_consumed_by": [
            "e3c35f0e-9bed-406e-ae47-c56726224da6"
          ],
          "provenance__density": "dummy estimator based on mw",
          "provenance__is_consumed_by": null,
          "provenance__is_produced_by": null,
          "provenance__mass": null,
          "provenance__molecular_weight": "periodic table",
          "provenance__smiles": null,
          "provenance__state_of_matter": "dummy estimator based on mw"
        },
        {
          "identifier": "7ae76a90-88e7-452e-9b19-613f8a6c97fb",
          "smiles": "CC(=O)O[BH-](OC(C)=O)OC(C)=O.[Na+]",
          "state_of_matter": "SOLID",
          "molecular_weight": 211.94076999999987,
          "density": 1.4,
          "mass": 211.94076999999987,
          "is_produced_by": [],
          "is_consumed_by": [
            "e3c35f0e-9bed-406e-ae47-c56726224da6"
          ],
          "provenance__density": "dummy estimator based on mw",
          "provenance__is_consumed_by": null,
          "provenance__is_produced_by": null,
          "provenance__mass": null,
          "provenance__molecular_weight": "periodic table",
          "provenance__smiles": null,
          "provenance__state_of_matter": "dummy estimator based on mw"
        }
      ],
      "products": [
        {
          "identifier": "8cbdcd5f-acfe-4e65-aec9-fcb6fa501885",
          "smiles": "CC(C)(C)OC(=O)NCCNCC1CC1",
          "state_of_matter": "SOLID",
          "molecular_weight": 214.30457999999976,
          "density": 1.4,
          "mass": 214.30457999999976,
          "is_produced_by": [
            "e3c35f0e-9bed-406e-ae47-c56726224da6"
          ],
          "is_consumed_by": [],
          "provenance__density": "dummy estimator based on mw",
          "provenance__is_consumed_by": null,
          "provenance__is_produced_by": null,
          "provenance__mass": null,
          "provenance__molecular_weight": "periodic table",
          "provenance__smiles": null,
          "provenance__state_of_matter": "dummy estimator based on mw"
        }
      ],
      "stoichiometry": {
        "c69f3486-c4cc-4ce5-bcee-b67e9b7988ea": 1.0,
        "2627584a-12d1-4485-af22-0702b1fc16e1": 1.0,
        "8cbdcd5f-acfe-4e65-aec9-fcb6fa501885": -1.0
      },
      "temperature": 317.3727363824844,
      "intended_ratios": {
        "c69f3486-c4cc-4ce5-bcee-b67e9b7988ea": 1.0,
        "2627584a-12d1-4485-af22-0702b1fc16e1": 1.0,
        "60d34e7a-9757-49e6-9f15-ea7bebb3c7fa": 1.0,
        "86d4a7bf-af04-49ce-ad5f-3c4baf9e765b": 1.0,
        "7ae76a90-88e7-452e-9b19-613f8a6c97fb": 1.0
      },
      "expected_yields": {
        "8cbdcd5f-acfe-4e65-aec9-fcb6fa501885": 1.0
      },
      "reaction_extent": 1.0
    },
    {
      "identifier": "1458c1a1-2762-45b5-81a9-993ff9f09c85",
      "reactants": [
        {
          "identifier": "d5e0b5d4-9bff-47d4-900b-82e5a37643f4",
          "smiles": "CC(C)(C)OC(=O)NCCNCC1CC1",
          "state_of_matter": "SOLID",
          "molecular_weight": 214.30457999999976,
          "density": 1.4,
          "mass": 214.30457999999976,
          "is_produced_by": [],
          "is_consumed_by": [
            "1458c1a1-2762-45b5-81a9-993ff9f09c85"
          ],
          "provenance__density": "dummy estimator based on mw",
          "provenance__is_consumed_by": null,
          "provenance__is_produced_by": null,
          "provenance__mass": null,
          "provenance__molecular_weight": "periodic table",
          "provenance__smiles": null,
          "provenance__state_of_matter": "dummy estimator based on mw"
        },
        {
          "identifier": "bedaf959-efcd-4ea7-8a5c-98881ad20f43",
          "smiles": "OCCBr",
          "state_of_matter": "LIQUID",
          "molecular_weight": 124.96450000000003,
          "density": 1.0,
          "mass": 124.96450000000003,
          "is_produced_by": [],
          "is_consumed_by": [
            "1458c1a1-2762-45b5-81a9-993ff9f09c85"
          ],
          "provenance__density": "dummy estimator based on mw",
          "provenance__is_consumed_by": null,
          "provenance__is_produced_by": null,
          "provenance__mass": null,
          "provenance__molecular_weight": "periodic table",
          "provenance__smiles": null,
          "provenance__state_of_matter": "dummy estimator based on mw"
        }
      ],
      "reagents": [
        {
          "identifier": "663b445c-b5df-41b8-8548-6a425a86f86e",
          "smiles": "CC#N",
          "state_of_matter": "LIQUID",
          "molecular_weight": 41.051919999999996,
          "density": 1.0,
          "mass": 41.051919999999996,
          "is_produced_by": [],
          "is_consumed_by": [
            "1458c1a1-2762-45b5-81a9-993ff9f09c85"
          ],
          "provenance__density": "dummy estimator based on mw",
          "provenance__is_consumed_by": null,
          "provenance__is_produced_by": null,
          "provenance__mass": null,
          "provenance__molecular_weight": "periodic table",
          "provenance__smiles": null,
          "provenance__state_of_matter": "dummy estimator based on mw"
        },
        {
          "identifier": "f493ffcd-4e50-410a-bf32-d037aebd15ad",
          "smiles": "O=C(O[K])O[K]",
          "state_of_matter": "SOLID",
          "molecular_weight": 138.2055,
          "density": 1.4,
          "mass": 138.2055,
          "is_produced_by": [],
          "is_consumed_by": [
            "1458c1a1-2762-45b5-81a9-993ff9f09c85"
          ],
          "provenance__density": "dummy estimator based on mw",
          "provenance__is_consumed_by": null,
          "provenance__is_produced_by": null,
          "provenance__mass": null,
          "provenance__molecular_weight": "periodic table",
          "provenance__smiles": null,
          "provenance__state_of_matter": "dummy estimator based on mw"
        }
      ],
      "products": [
        {
          "identifier": "cfacc35f-cc93-43b6-8c43-76e33c78ac60",
          "smiles": "CC(C)(C)OC(=O)NCCN(CCO)CC1CC1",
          "state_of_matter": "SOLID",
          "molecular_weight": 258.3571399999998,
          "density": 1.4,
          "mass": 258.3571399999998,
          "is_produced_by": [
            "1458c1a1-2762-45b5-81a9-993ff9f09c85"
          ],
          "is_consumed_by": [],
          "provenance__density": "dummy estimator based on mw",
          "provenance__is_consumed_by": null,
          "provenance__is_produced_by": null,
          "provenance__mass": null,
          "provenance__molecular_weight": "periodic table",
          "provenance__smiles": null,
          "provenance__state_of_matter": "dummy estimator based on mw"
        }
      ],
      "stoichiometry": {
        "d5e0b5d4-9bff-47d4-900b-82e5a37643f4": 1.0,
        "bedaf959-efcd-4ea7-8a5c-98881ad20f43": 1.0,
        "cfacc35f-cc93-43b6-8c43-76e33c78ac60": -1.0
      },
      "temperature": 294.64868127107616,
      "intended_ratios": {
        "d5e0b5d4-9bff-47d4-900b-82e5a37643f4": 1.0,
        "bedaf959-efcd-4ea7-8a5c-98881ad20f43": 1.0,
        "663b445c-b5df-41b8-8548-6a425a86f86e": 1.0,
        "f493ffcd-4e50-410a-bf32-d037aebd15ad": 1.0
      },
      "expected_yields": {
        "cfacc35f-cc93-43b6-8c43-76e33c78ac60": 1.0
      },
      "reaction_extent": 1.0
    },
    {
      "identifier": "9593105c-2cc8-4f2d-95c1-966e5456f8c8",
      "reactants": [
        {
          "identifier": "e2c8e63c-9172-4398-a9e9-ebde590f52f8",
          "smiles": "CC(C)(C)[Si](C)(C)Cl",
          "state_of_matter": "LIQUID",
          "molecular_weight": 150.72179999999986,
          "density": 1.0,
          "mass": 150.72179999999986,
          "is_produced_by": [],
          "is_consumed_by": [
            "9593105c-2cc8-4f2d-95c1-966e5456f8c8"
          ],
          "provenance__density": "dummy estimator based on mw",
          "provenance__is_consumed_by": null,
          "provenance__is_produced_by": null,
          "provenance__mass": null,
          "provenance__molecular_weight": "periodic table",
          "provenance__smiles": null,
          "provenance__state_of_matter": "dummy estimator based on mw"
        },
        {
          "identifier": "102eb761-66be-44b5-96f6-9bae5a99f7ef",
          "smiles": "OCCc1c[nH]cn1",
          "state_of_matter": "LIQUID",
          "molecular_weight": 112.12982000000004,
          "density": 1.0,
          "mass": 112.12982000000004,
          "is_produced_by": [],
          "is_consumed_by": [
            "9593105c-2cc8-4f2d-95c1-966e5456f8c8"
          ],
          "provenance__density": "dummy estimator based on mw",
          "provenance__is_consumed_by": null,
          "provenance__is_produced_by": null,
          "provenance__mass": null,
          "provenance__molecular_weight": "periodic table",
          "provenance__smiles": null,
          "provenance__state_of_matter": "dummy estimator based on mw"
        }
      ],
      "reagents": [
        {
          "identifier": "6182f008-2fd4-4697-9854-36dbfe9f90dd",
          "smiles": "CN(C)C=O",
          "state_of_matter": "LIQUID",
          "molecular_weight": 73.09378000000004,
          "density": 1.0,
          "mass": 73.09378000000004,
          "is_produced_by": [],
          "is_consumed_by": [
            "9593105c-2cc8-4f2d-95c1-966e5456f8c8"
          ],
          "provenance__density": "dummy estimator based on mw",
          "provenance__is_consumed_by": null,
          "provenance__is_produced_by": null,
          "provenance__mass": null,
          "provenance__molecular_weight": "periodic table",
          "provenance__smiles": null,
          "provenance__state_of_matter": "dummy estimator based on mw"
        },
        {
          "identifier": "5662e201-a749-443c-98c6-046628b1fe18",
          "smiles": "c1c[nH]cn1",
          "state_of_matter": "LIQUID",
          "molecular_weight": 68.07726000000002,
          "density": 1.0,
          "mass": 68.07726000000002,
          "is_produced_by": [],
          "is_consumed_by": [
            "9593105c-2cc8-4f2d-95c1-966e5456f8c8"
          ],
          "provenance__density": "dummy estimator based on mw",
          "provenance__is_consumed_by": null,
          "provenance__is_produced_by": null,
          "provenance__mass": null,
          "provenance__molecular_weight": "periodic table",
          "provenance__smiles": null,
          "provenance__state_of_matter": "dummy estimator based on mw"
        }
      ],
      "products": [
        {
          "identifier": "096982e6-bfae-41f4-9f89-2da425dc7f29",
          "smiles": "CC(C)(C)[Si](C)(C)OCCc1c[nH]cn1",
          "state_of_matter": "SOLID",
          "molecular_weight": 226.39067999999978,
          "density": 1.4,
          "mass": 226.39067999999978,
          "is_produced_by": [
            "9593105c-2cc8-4f2d-95c1-966e5456f8c8"
          ],
          "is_consumed_by": [],
          "provenance__density": "dummy estimator based on mw",
          "provenance__is_consumed_by": null,
          "provenance__is_produced_by": null,
          "provenance__mass": null,
          "provenance__molecular_weight": "periodic table",
          "provenance__smiles": null,
          "provenance__state_of_matter": "dummy estimator based on mw"
        }
      ],
      "stoichiometry": {
        "e2c8e63c-9172-4398-a9e9-ebde590f52f8": 1.0,
        "102eb761-66be-44b5-96f6-9bae5a99f7ef": 1.0,
        "096982e6-bfae-41f4-9f89-2da425dc7f29": -1.0
      },
      "temperature": 302.4676682710647,
      "intended_ratios": {
        "e2c8e63c-9172-4398-a9e9-ebde590f52f8": 1.0,
        "102eb761-66be-44b5-96f6-9bae5a99f7ef": 1.0,
        "6182f008-2fd4-4697-9854-36dbfe9f90dd": 1.0,
        "5662e201-a749-443c-98c6-046628b1fe18": 1.0
      },
      "expected_yields": {
        "096982e6-bfae-41f4-9f89-2da425dc7f29": 1.0
      },
      "reaction_extent": 1.0
    },
    {
      "identifier": "065ac47d-0989-4726-b046-619cfff3a141",
      "reactants": [
        {
          "identifier": "dc6f97f6-8393-4086-a472-a4c4978cd1ff",
          "smiles": "CC(C)(C)[Si](C)(C)OCCc1c[nH]cn1",
          "state_of_matter": "SOLID",
          "molecular_weight": 226.39067999999978,
          "density": 1.4,
          "mass": 226.39067999999978,
          "is_produced_by": [],
          "is_consumed_by": [
            "065ac47d-0989-4726-b046-619cfff3a141"
          ],
          "provenance__density": "dummy estimator based on mw",
          "provenance__is_consumed_by": null,
          "provenance__is_produced_by": null,
          "provenance__mass": null,
          "provenance__molecular_weight": "periodic table",
          "provenance__smiles": null,
          "provenance__state_of_matter": "dummy estimator based on mw"
        },
        {
          "identifier": "abb9e62f-f394-4ba4-a1f7-cffca0b0cccb",
          "smiles": "N#Cc1ccc(CBr)c(F)c1",
          "state_of_matter": "SOLID",
          "molecular_weight": 214.0344031999999,
          "density": 1.4,
          "mass": 214.0344031999999,
          "is_produced_by": [],
          "is_consumed_by": [
            "065ac47d-0989-4726-b046-619cfff3a141"
          ],
          "provenance__density": "dummy estimator based on mw",
          "provenance__is_consumed_by": null,
          "provenance__is_produced_by": null,
          "provenance__mass": null,
          "provenance__molecular_weight": "periodic table",
          "provenance__smiles": null,
          "provenance__state_of_matter": "dummy estimator based on mw"
        }
      ],
      "reagents": [
        {
          "identifier": "a29e685c-ba53-40e2-a271-395e9589a684",
          "smiles": "C1CCOC1",
          "state_of_matter": "LIQUID",
          "molecular_weight": 72.10572000000005,
          "density": 1.0,
          "mass": 72.10572000000005,
          "is_produced_by": [],
          "is_consumed_by": [
            "065ac47d-0989-4726-b046-619cfff3a141"
          ],
          "provenance__density": "dummy estimator based on mw",
          "provenance__is_consumed_by": null,
          "provenance__is_produced_by": null,
          "provenance__mass": null,
          "provenance__molecular_weight": "periodic table",
          "provenance__smiles": null,
          "provenance__state_of_matter": "dummy estimator based on mw"
        },
        {
          "identifier": "10e7fafd-2b68-472e-b4ba-b513cb1d5ae2",
          "smiles": "[NaH]",
          "state_of_matter": "SOLID",
          "molecular_weight": 23.99771,
          "density": 1.4,
          "mass": 23.99771,
          "is_produced_by": [],
          "is_consumed_by": [
            "065ac47d-0989-4726-b046-619cfff3a141"
          ],
          "provenance__density": "dummy estimator based on mw",
          "provenance__is_consumed_by": null,
          "provenance__is_produced_by": null,
          "provenance__mass": null,
          "provenance__molecular_weight": "periodic table",
          "provenance__smiles": null,
          "provenance__state_of_matter": "dummy estimator based on mw"
        }
      ],
      "products": [
        {
          "identifier": "230985e4-e917-480f-acd2-b89372ad4f8e",
          "smiles": "CC(C)(C)[Si](C)(C)OCCc1cncn1Cc1ccc(C#N)cc1F",
          "state_of_matter": "SOLID",
          "molecular_weight": 360.5210832000004,
          "density": 1.4,
          "mass": 360.5210832000004,
          "is_produced_by": [
            "065ac47d-0989-4726-b046-619cfff3a141"
          ],
          "is_consumed_by": [],
          "provenance__density": "dummy estimator based on mw",
          "provenance__is_consumed_by": null,
          "provenance__is_produced_by": null,
          "provenance__mass": null,
          "provenance__molecular_weight": "periodic table",
          "provenance__smiles": null,
          "provenance__state_of_matter": "dummy estimator based on mw"
        }
      ],
      "stoichiometry": {
        "dc6f97f6-8393-4086-a472-a4c4978cd1ff": 1.0,
        "abb9e62f-f394-4ba4-a1f7-cffca0b0cccb": 1.0,
        "230985e4-e917-480f-acd2-b89372ad4f8e": -1.0
      },
      "temperature": 270.7384895503521,
      "intended_ratios": {
        "dc6f97f6-8393-4086-a472-a4c4978cd1ff": 1.0,
        "abb9e62f-f394-4ba4-a1f7-cffca0b0cccb": 1.0,
        "a29e685c-ba53-40e2-a271-395e9589a684": 1.0,
        "10e7fafd-2b68-472e-b4ba-b513cb1d5ae2": 1.0
      },
      "expected_yields": {
        "230985e4-e917-480f-acd2-b89372ad4f8e": 1.0
      },
      "reaction_extent": 1.0
    },
    {
      "identifier": "02d80eac-b604-4c51-8daf-9521be1cf9e2",
      "reactants": [
        {
          "identifier": "c589fb50-0122-46c3-b8c7-4f5ac4aac168",
          "smiles": "CC(C)(C)[Si](C)(C)OCCc1cncn1Cc1ccc(C#N)cc1F",
          "state_of_matter": "SOLID",
          "molecular_weight": 360.5210832000004,
          "density": 1.4,
          "mass": 360.5210832000004,
          "is_produced_by": [],
          "is_consumed_by": [
            "02d80eac-b604-4c51-8daf-9521be1cf9e2"
          ],
          "provenance__density": "dummy estimator based on mw",
          "provenance__is_consumed_by": null,
          "provenance__is_produced_by": null,
          "provenance__mass": null,
          "provenance__molecular_weight": "periodic table",
          "provenance__smiles": null,
          "provenance__state_of_matter": "dummy estimator based on mw"
        }
      ],
      "reagents": [
        {
          "identifier": "958a6ec7-31b2-4644-9f77-4fb2e98649ec",
          "smiles": "C1CCOC1",
          "state_of_matter": "LIQUID",
          "molecular_weight": 72.10572000000005,
          "density": 1.0,
          "mass": 72.10572000000005,
          "is_produced_by": [],
          "is_consumed_by": [
            "02d80eac-b604-4c51-8daf-9521be1cf9e2"
          ],
          "provenance__density": "dummy estimator based on mw",
          "provenance__is_consumed_by": null,
          "provenance__is_produced_by": null,
          "provenance__mass": null,
          "provenance__molecular_weight": "periodic table",
          "provenance__smiles": null,
          "provenance__state_of_matter": "dummy estimator based on mw"
        },
        {
          "identifier": "d3aba486-1570-4504-82b6-e2a245ef77fe",
          "smiles": "CCCC[N+](CCCC)(CCCC)CCCC.[F-]",
          "state_of_matter": "SOLID",
          "molecular_weight": 261.46214319999973,
          "density": 1.4,
          "mass": 261.46214319999973,
          "is_produced_by": [],
          "is_consumed_by": [
            "02d80eac-b604-4c51-8daf-9521be1cf9e2"
          ],
          "provenance__density": "dummy estimator based on mw",
          "provenance__is_consumed_by": null,
          "provenance__is_produced_by": null,
          "provenance__mass": null,
          "provenance__molecular_weight": "periodic table",
          "provenance__smiles": null,
          "provenance__state_of_matter": "dummy estimator based on mw"
        }
      ],
      "products": [
        {
          "identifier": "5dfd8bdf-6e91-43d2-8a92-87199fc8b1cc",
          "smiles": "N#Cc1ccc(Cn2cncc2CCO)c(F)c1",
          "state_of_matter": "SOLID",
          "molecular_weight": 246.26022319999984,
          "density": 1.4,
          "mass": 246.26022319999984,
          "is_produced_by": [
            "02d80eac-b604-4c51-8daf-9521be1cf9e2"
          ],
          "is_consumed_by": [],
          "provenance__density": "dummy estimator based on mw",
          "provenance__is_consumed_by": null,
          "provenance__is_produced_by": null,
          "provenance__mass": null,
          "provenance__molecular_weight": "periodic table",
          "provenance__smiles": null,
          "provenance__state_of_matter": "dummy estimator based on mw"
        }
      ],
      "stoichiometry": {
        "c589fb50-0122-46c3-b8c7-4f5ac4aac168": 1.0,
        "5dfd8bdf-6e91-43d2-8a92-87199fc8b1cc": -1.0
      },
      "temperature": 281.7756132960319,
      "intended_ratios": {
        "c589fb50-0122-46c3-b8c7-4f5ac4aac168": 1.0,
        "958a6ec7-31b2-4644-9f77-4fb2e98649ec": 1.0,
        "d3aba486-1570-4504-82b6-e2a245ef77fe": 1.0
      },
      "expected_yields": {
        "5dfd8bdf-6e91-43d2-8a92-87199fc8b1cc": 1.0
      },
      "reaction_extent": 1.0
    },
    {
      "identifier": "62228752-9712-410a-abb6-103c36a2ce67",
      "reactants": [
        {
          "identifier": "bcdae95a-1f4a-4295-a969-42e24b0573f9",
          "smiles": "CC(C)n1nccc1-c1ncccc1CCl",
          "state_of_matter": "SOLID",
          "molecular_weight": 236.72059999999982,
          "density": 1.4,
          "mass": 236.72059999999982,
          "is_produced_by": [],
          "is_consumed_by": [
            "62228752-9712-410a-abb6-103c36a2ce67"
          ],
          "provenance__density": "dummy estimator based on mw",
          "provenance__is_consumed_by": null,
          "provenance__is_produced_by": null,
          "provenance__mass": null,
          "provenance__molecular_weight": "periodic table",
          "provenance__smiles": null,
          "provenance__state_of_matter": "dummy estimator based on mw"
        },
        {
          "identifier": "e60c4e49-8a02-42d2-9fda-5b6b12a4f636",
          "smiles": "O=Cc1c(O)cccc1O",
          "state_of_matter": "LIQUID",
          "molecular_weight": 138.12073999999996,
          "density": 1.0,
          "mass": 138.12073999999996,
          "is_produced_by": [],
          "is_consumed_by": [
            "62228752-9712-410a-abb6-103c36a2ce67"
          ],
          "provenance__density": "dummy estimator based on mw",
          "provenance__is_consumed_by": null,
          "provenance__is_produced_by": null,
          "provenance__mass": null,
          "provenance__molecular_weight": "periodic table",
          "provenance__smiles": null,
          "provenance__state_of_matter": "dummy estimator based on mw"
        }
      ],
      "reagents": [
        {
          "identifier": "da82af10-6c41-423a-a836-58100755e423",
          "smiles": "CN(C)C=O",
          "state_of_matter": "LIQUID",
          "molecular_weight": 73.09378000000004,
          "density": 1.0,
          "mass": 73.09378000000004,
          "is_produced_by": [],
          "is_consumed_by": [
            "62228752-9712-410a-abb6-103c36a2ce67"
          ],
          "provenance__density": "dummy estimator based on mw",
          "provenance__is_consumed_by": null,
          "provenance__is_produced_by": null,
          "provenance__mass": null,
          "provenance__molecular_weight": "periodic table",
          "provenance__smiles": null,
          "provenance__state_of_matter": "dummy estimator based on mw"
        },
        {
          "identifier": "3a5ce905-952f-4a9d-b014-0b9852727910",
          "smiles": "Cl",
          "state_of_matter": "LIQUID",
          "molecular_weight": 36.46094,
          "density": 1.0,
          "mass": 36.46094,
          "is_produced_by": [],
          "is_consumed_by": [
            "62228752-9712-410a-abb6-103c36a2ce67"
          ],
          "provenance__density": "dummy estimator based on mw",
          "provenance__is_consumed_by": null,
          "provenance__is_produced_by": null,
          "provenance__mass": null,
          "provenance__molecular_weight": "periodic table",
          "provenance__smiles": null,
          "provenance__state_of_matter": "dummy estimator based on mw"
        },
        {
          "identifier": "6e03b525-8631-4557-8323-ff1837367f47",
          "smiles": "O=C(O[K])O[K]",
          "state_of_matter": "SOLID",
          "molecular_weight": 138.2055,
          "density": 1.4,
          "mass": 138.2055,
          "is_produced_by": [],
          "is_consumed_by": [
            "62228752-9712-410a-abb6-103c36a2ce67"
          ],
          "provenance__density": "dummy estimator based on mw",
          "provenance__is_consumed_by": null,
          "provenance__is_produced_by": null,
          "provenance__mass": null,
          "provenance__molecular_weight": "periodic table",
          "provenance__smiles": null,
          "provenance__state_of_matter": "dummy estimator based on mw"
        }
      ],
      "products": [
        {
          "identifier": "f0908b32-3ddc-4c02-8186-752896f350c7",
          "smiles": "CC(C)n1nccc1-c1ncccc1COc1cccc(O)c1C=O",
          "state_of_matter": "SOLID",
          "molecular_weight": 338.38040000000024,
          "density": 1.4,
          "mass": 338.38040000000024,
          "is_produced_by": [
            "62228752-9712-410a-abb6-103c36a2ce67"
          ],
          "is_consumed_by": [],
          "provenance__density": "dummy estimator based on mw",
          "provenance__is_consumed_by": null,
          "provenance__is_produced_by": null,
          "provenance__mass": null,
          "provenance__molecular_weight": "periodic table",
          "provenance__smiles": null,
          "provenance__state_of_matter": "dummy estimator based on mw"
        }
      ],
      "stoichiometry": {
        "bcdae95a-1f4a-4295-a969-42e24b0573f9": 1.0,
        "e60c4e49-8a02-42d2-9fda-5b6b12a4f636": 1.0,
        "f0908b32-3ddc-4c02-8186-752896f350c7": -1.0
      },
      "temperature": 305.7333455622196,
      "intended_ratios": {
        "bcdae95a-1f4a-4295-a969-42e24b0573f9": 1.0,
        "e60c4e49-8a02-42d2-9fda-5b6b12a4f636": 1.0,
        "da82af10-6c41-423a-a836-58100755e423": 1.0,
        "3a5ce905-952f-4a9d-b014-0b9852727910": 1.0,
        "6e03b525-8631-4557-8323-ff1837367f47": 1.0
      },
      "expected_yields": {
        "f0908b32-3ddc-4c02-8186-752896f350c7": 1.0
      },
      "reaction_extent": 1.0
    },
    {
      "identifier": "e4392de9-37db-4ac6-bd11-82a28c60b579",
      "reactants": [
        {
          "identifier": "58710d91-82cf-4c0f-bd3e-0c7aa278dc6c",
          "smiles": "CC(C)n1nccc1-c1ncccc1CO",
          "state_of_matter": "SOLID",
          "molecular_weight": 218.27493999999982,
          "density": 1.4,
          "mass": 218.27493999999982,
          "is_produced_by": [],
          "is_consumed_by": [
            "e4392de9-37db-4ac6-bd11-82a28c60b579"
          ],
          "provenance__density": "dummy estimator based on mw",
          "provenance__is_consumed_by": null,
          "provenance__is_produced_by": null,
          "provenance__mass": null,
          "provenance__molecular_weight": "periodic table",
          "provenance__smiles": null,
          "provenance__state_of_matter": "dummy estimator based on mw"
        }
      ],
      "reagents": [
        {
          "identifier": "d24ca7c5-438d-4c09-9642-f9eb6b3a1d13",
          "smiles": "ClCCl",
          "state_of_matter": "LIQUID",
          "molecular_weight": 84.93258000000002,
          "density": 1.0,
          "mass": 84.93258000000002,
          "is_produced_by": [],
          "is_consumed_by": [
            "e4392de9-37db-4ac6-bd11-82a28c60b579"
          ],
          "provenance__density": "dummy estimator based on mw",
          "provenance__is_consumed_by": null,
          "provenance__is_produced_by": null,
          "provenance__mass": null,
          "provenance__molecular_weight": "periodic table",
          "provenance__smiles": null,
          "provenance__state_of_matter": "dummy estimator based on mw"
        },
        {
          "identifier": "fa904135-7e33-4a2a-b599-9c135b6b5ad3",
          "smiles": "CCN(CC)CC",
          "state_of_matter": "LIQUID",
          "molecular_weight": 101.19000000000008,
          "density": 1.0,
          "mass": 101.19000000000008,
          "is_produced_by": [],
          "is_consumed_by": [
            "e4392de9-37db-4ac6-bd11-82a28c60b579"
          ],
          "provenance__density": "dummy estimator based on mw",
          "provenance__is_consumed_by": null,
          "provenance__is_produced_by": null,
          "provenance__mass": null,
          "provenance__molecular_weight": "periodic table",
          "provenance__smiles": null,
          "provenance__state_of_matter": "dummy estimator based on mw"
        },
        {
          "identifier": "dfac02e1-92a4-41d2-9299-1a325317f724",
          "smiles": "CS(=O)(=O)Cl",
          "state_of_matter": "LIQUID",
          "molecular_weight": 114.55132000000002,
          "density": 1.0,
          "mass": 114.55132000000002,
          "is_produced_by": [],
          "is_consumed_by": [
            "e4392de9-37db-4ac6-bd11-82a28c60b579"
          ],
          "provenance__density": "dummy estimator based on mw",
          "provenance__is_consumed_by": null,
          "provenance__is_produced_by": null,
          "provenance__mass": null,
          "provenance__molecular_weight": "periodic table",
          "provenance__smiles": null,
          "provenance__state_of_matter": "dummy estimator based on mw"
        }
      ],
      "products": [
        {
          "identifier": "c13a1715-0064-417f-92b6-709cea5cf95d",
          "smiles": "CC(C)n1nccc1-c1ncccc1CCl",
          "state_of_matter": "SOLID",
          "molecular_weight": 236.72059999999982,
          "density": 1.4,
          "mass": 236.72059999999982,
          "is_produced_by": [
            "e4392de9-37db-4ac6-bd11-82a28c60b579"
          ],
          "is_consumed_by": [],
          "provenance__density": "dummy estimator based on mw",
          "provenance__is_consumed_by": null,
          "provenance__is_produced_by": null,
          "provenance__mass": null,
          "provenance__molecular_weight": "periodic table",
          "provenance__smiles": null,
          "provenance__state_of_matter": "dummy estimator based on mw"
        }
      ],
      "stoichiometry": {
        "58710d91-82cf-4c0f-bd3e-0c7aa278dc6c": 1.0,
        "c13a1715-0064-417f-92b6-709cea5cf95d": -1.0
      },
      "temperature": 283.1918331205845,
      "intended_ratios": {
        "58710d91-82cf-4c0f-bd3e-0c7aa278dc6c": 1.0,
        "d24ca7c5-438d-4c09-9642-f9eb6b3a1d13": 1.0,
        "fa904135-7e33-4a2a-b599-9c135b6b5ad3": 1.0,
        "dfac02e1-92a4-41d2-9299-1a325317f724": 1.0
      },
      "expected_yields": {
        "c13a1715-0064-417f-92b6-709cea5cf95d": 1.0
      },
      "reaction_extent": 1.0
    },
    {
      "identifier": "24bf6118-928b-4a2d-bc75-477df8fdd967",
      "reactants": [
        {
          "identifier": "5c558e04-c0df-4e9f-b74d-831ec7408224",
          "smiles": "CC(C)n1nccc1B1OC(C)(C)C(C)(C)O1",
          "state_of_matter": "SOLID",
          "molecular_weight": 237.12627999999975,
          "density": 1.4,
          "mass": 237.12627999999975,
          "is_produced_by": [],
          "is_consumed_by": [
            "24bf6118-928b-4a2d-bc75-477df8fdd967"
          ],
          "provenance__density": "dummy estimator based on mw",
          "provenance__is_consumed_by": null,
          "provenance__is_produced_by": null,
          "provenance__mass": null,
          "provenance__molecular_weight": "periodic table",
          "provenance__smiles": null,
          "provenance__state_of_matter": "dummy estimator based on mw"
        },
        {
          "identifier": "aff983e1-23fc-4d86-8735-402d3835d5dd",
          "smiles": "OCc1cccnc1Cl",
          "state_of_matter": "LIQUID",
          "molecular_weight": 143.57093999999995,
          "density": 1.0,
          "mass": 143.57093999999995,
          "is_produced_by": [],
          "is_consumed_by": [
            "24bf6118-928b-4a2d-bc75-477df8fdd967"
          ],
          "provenance__density": "dummy estimator based on mw",
          "provenance__is_consumed_by": null,
          "provenance__is_produced_by": null,
          "provenance__mass": null,
          "provenance__molecular_weight": "periodic table",
          "provenance__smiles": null,
          "provenance__state_of_matter": "dummy estimator based on mw"
        }
      ],
      "reagents": [
        {
          "identifier": "775c7bc0-016a-4016-9f6f-c62ae9c20a9e",
          "smiles": "O",
          "state_of_matter": "LIQUID",
          "molecular_weight": 18.01528,
          "density": 1.0,
          "mass": 18.01528,
          "is_produced_by": [],
          "is_consumed_by": [
            "24bf6118-928b-4a2d-bc75-477df8fdd967"
          ],
          "provenance__density": "dummy estimator based on mw",
          "provenance__is_consumed_by": null,
          "provenance__is_produced_by": null,
          "provenance__mass": null,
          "provenance__molecular_weight": "periodic table",
          "provenance__smiles": null,
          "provenance__state_of_matter": "dummy estimator based on mw"
        },
        {
          "identifier": "5d27e52a-9dcd-4f74-891c-26ddf9fed600",
          "smiles": "C1COCCO1",
          "state_of_matter": "LIQUID",
          "molecular_weight": 88.10512000000004,
          "density": 1.0,
          "mass": 88.10512000000004,
          "is_produced_by": [],
          "is_consumed_by": [
            "24bf6118-928b-4a2d-bc75-477df8fdd967"
          ],
          "provenance__density": "dummy estimator based on mw",
          "provenance__is_consumed_by": null,
          "provenance__is_produced_by": null,
          "provenance__mass": null,
          "provenance__molecular_weight": "periodic table",
          "provenance__smiles": null,
          "provenance__state_of_matter": "dummy estimator based on mw"
        },
        {
          "identifier": "61bd04c2-0b5c-4ae0-bc8e-c365e44aa7e8",
          "smiles": "O=C(O)O[Na]",
          "state_of_matter": "SOLID",
          "molecular_weight": 84.00661000000001,
          "density": 1.4,
          "mass": 84.00661000000001,
          "is_produced_by": [],
          "is_consumed_by": [
            "24bf6118-928b-4a2d-bc75-477df8fdd967"
          ],
          "provenance__density": "dummy estimator based on mw",
          "provenance__is_consumed_by": null,
          "provenance__is_produced_by": null,
          "provenance__mass": null,
          "provenance__molecular_weight": "periodic table",
          "provenance__smiles": null,
          "provenance__state_of_matter": "dummy estimator based on mw"
        }
      ],
      "products": [
        {
          "identifier": "12b62aab-5d02-4bce-9b1e-93027e1235e1",
          "smiles": "CC(C)n1nccc1-c1ncccc1CO",
          "state_of_matter": "SOLID",
          "molecular_weight": 218.27493999999982,
          "density": 1.4,
          "mass": 218.27493999999982,
          "is_produced_by": [
            "24bf6118-928b-4a2d-bc75-477df8fdd967"
          ],
          "is_consumed_by": [],
          "provenance__density": "dummy estimator based on mw",
          "provenance__is_consumed_by": null,
          "provenance__is_produced_by": null,
          "provenance__mass": null,
          "provenance__molecular_weight": "periodic table",
          "provenance__smiles": null,
          "provenance__state_of_matter": "dummy estimator based on mw"
        }
      ],
      "stoichiometry": {
        "5c558e04-c0df-4e9f-b74d-831ec7408224": 1.0,
        "aff983e1-23fc-4d86-8735-402d3835d5dd": 1.0,
        "12b62aab-5d02-4bce-9b1e-93027e1235e1": -1.0
      },
      "temperature": 350.5005188763141,
      "intended_ratios": {
        "5c558e04-c0df-4e9f-b74d-831ec7408224": 1.0,
        "aff983e1-23fc-4d86-8735-402d3835d5dd": 1.0,
        "775c7bc0-016a-4016-9f6f-c62ae9c20a9e": 1.0,
        "5d27e52a-9dcd-4f74-891c-26ddf9fed600": 1.0,
        "61bd04c2-0b5c-4ae0-bc8e-c365e44aa7e8": 1.0
      },
      "expected_yields": {
        "12b62aab-5d02-4bce-9b1e-93027e1235e1": 1.0
      },
      "reaction_extent": 1.0
    },
    {
      "identifier": "85cc55a0-d157-4699-bf87-846e46232525",
      "reactants": [
        {
          "identifier": "96ea39a4-13cc-434a-be19-7cb1d9ce73bd",
          "smiles": "COC(=O)c1ccc(N)cc1",
          "state_of_matter": "LIQUID",
          "molecular_weight": 151.1625599999999,
          "density": 1.0,
          "mass": 151.1625599999999,
          "is_produced_by": [],
          "is_consumed_by": [
            "85cc55a0-d157-4699-bf87-846e46232525"
          ],
          "provenance__density": "dummy estimator based on mw",
          "provenance__is_consumed_by": null,
          "provenance__is_produced_by": null,
          "provenance__mass": null,
          "provenance__molecular_weight": "periodic table",
          "provenance__smiles": null,
          "provenance__state_of_matter": "dummy estimator based on mw"
        },
        {
          "identifier": "d3c21597-2360-4edc-918a-5b4972389056",
          "smiles": "O=S(=O)(Cl)c1cccc2cccnc12",
          "state_of_matter": "SOLID",
          "molecular_weight": 227.66743999999989,
          "density": 1.4,
          "mass": 227.66743999999989,
          "is_produced_by": [],
          "is_consumed_by": [
            "85cc55a0-d157-4699-bf87-846e46232525"
          ],
          "provenance__density": "dummy estimator based on mw",
          "provenance__is_consumed_by": null,
          "provenance__is_produced_by": null,
          "provenance__mass": null,
          "provenance__molecular_weight": "periodic table",
          "provenance__smiles": null,
          "provenance__state_of_matter": "dummy estimator based on mw"
        }
      ],
      "reagents": [
        {
          "identifier": "1d580947-1d9a-4113-9f25-98660bc79652",
          "smiles": "c1ccncc1",
          "state_of_matter": "LIQUID",
          "molecular_weight": 79.09990000000003,
          "density": 1.0,
          "mass": 79.09990000000003,
          "is_produced_by": [],
          "is_consumed_by": [
            "85cc55a0-d157-4699-bf87-846e46232525"
          ],
          "provenance__density": "dummy estimator based on mw",
          "provenance__is_consumed_by": null,
          "provenance__is_produced_by": null,
          "provenance__mass": null,
          "provenance__molecular_weight": "periodic table",
          "provenance__smiles": null,
          "provenance__state_of_matter": "dummy estimator based on mw"
        }
      ],
      "products": [
        {
          "identifier": "30cdb8fe-a701-400b-b4e4-6ec40f4a5eaf",
          "smiles": "COC(=O)c1ccc(NS(=O)(=O)c2cccc3cccnc23)cc1",
          "state_of_matter": "SOLID",
          "molecular_weight": 342.36906000000016,
          "density": 1.4,
          "mass": 342.36906000000016,
          "is_produced_by": [
            "85cc55a0-d157-4699-bf87-846e46232525"
          ],
          "is_consumed_by": [],
          "provenance__density": "dummy estimator based on mw",
          "provenance__is_consumed_by": null,
          "provenance__is_produced_by": null,
          "provenance__mass": null,
          "provenance__molecular_weight": "periodic table",
          "provenance__smiles": null,
          "provenance__state_of_matter": "dummy estimator based on mw"
        }
      ],
      "stoichiometry": {
        "96ea39a4-13cc-434a-be19-7cb1d9ce73bd": 1.0,
        "d3c21597-2360-4edc-918a-5b4972389056": 1.0,
        "30cdb8fe-a701-400b-b4e4-6ec40f4a5eaf": -1.0
      },
      "temperature": 313.1208207070827,
      "intended_ratios": {
        "96ea39a4-13cc-434a-be19-7cb1d9ce73bd": 1.0,
        "d3c21597-2360-4edc-918a-5b4972389056": 1.0,
        "1d580947-1d9a-4113-9f25-98660bc79652": 1.0
      },
      "expected_yields": {
        "30cdb8fe-a701-400b-b4e4-6ec40f4a5eaf": 1.0
      },
      "reaction_extent": 1.0
    },
    {
      "identifier": "f5203156-51ae-4d6a-bda0-6d6bfab7ae2c",
      "reactants": [
        {
          "identifier": "8bd09361-433d-454e-9f3e-167e1bae3007",
          "smiles": "COC(=O)c1ccc(NS(=O)(=O)c2cccc3cccnc23)cc1",
          "state_of_matter": "SOLID",
          "molecular_weight": 342.36906000000016,
          "density": 1.4,
          "mass": 342.36906000000016,
          "is_produced_by": [],
          "is_consumed_by": [
            "f5203156-51ae-4d6a-bda0-6d6bfab7ae2c"
          ],
          "provenance__density": "dummy estimator based on mw",
          "provenance__is_consumed_by": null,
          "provenance__is_produced_by": null,
          "provenance__mass": null,
          "provenance__molecular_weight": "periodic table",
          "provenance__smiles": null,
          "provenance__state_of_matter": "dummy estimator based on mw"
        },
        {
          "identifier": "0e3e6d48-fd0a-463b-bc96-52099af01761",
          "smiles": "NCCN(CCO)CC1CC1",
          "state_of_matter": "LIQUID",
          "molecular_weight": 158.2413199999998,
          "density": 1.0,
          "mass": 158.2413199999998,
          "is_produced_by": [],
          "is_consumed_by": [
            "f5203156-51ae-4d6a-bda0-6d6bfab7ae2c"
          ],
          "provenance__density": "dummy estimator based on mw",
          "provenance__is_consumed_by": null,
          "provenance__is_produced_by": null,
          "provenance__mass": null,
          "provenance__molecular_weight": "periodic table",
          "provenance__smiles": null,
          "provenance__state_of_matter": "dummy estimator based on mw"
        }
      ],
      "reagents": [
        {
          "identifier": "384e00a6-7949-42af-8171-5cbe74491114",
          "smiles": "Cc1ccccc1",
          "state_of_matter": "LIQUID",
          "molecular_weight": 92.13842000000004,
          "density": 1.0,
          "mass": 92.13842000000004,
          "is_produced_by": [],
          "is_consumed_by": [
            "f5203156-51ae-4d6a-bda0-6d6bfab7ae2c"
          ],
          "provenance__density": "dummy estimator based on mw",
          "provenance__is_consumed_by": null,
          "provenance__is_produced_by": null,
          "provenance__mass": null,
          "provenance__molecular_weight": "periodic table",
          "provenance__smiles": null,
          "provenance__state_of_matter": "dummy estimator based on mw"
        },
        {
          "identifier": "32c66368-a108-42e3-a3d6-ac9ea0bed241",
          "smiles": "C[Al](C)C",
          "state_of_matter": "LIQUID",
          "molecular_weight": 72.08509800000004,
          "density": 1.0,
          "mass": 72.08509800000004,
          "is_produced_by": [],
          "is_consumed_by": [
            "f5203156-51ae-4d6a-bda0-6d6bfab7ae2c"
          ],
          "provenance__density": "dummy estimator based on mw",
          "provenance__is_consumed_by": null,
          "provenance__is_produced_by": null,
          "provenance__mass": null,
          "provenance__molecular_weight": "periodic table",
          "provenance__smiles": null,
          "provenance__state_of_matter": "dummy estimator based on mw"
        }
      ],
      "products": [
        {
          "identifier": "14b71cb3-cf6c-4a69-adf8-b865f3de358d",
          "smiles": "O=C(NCCN(CCO)CC1CC1)c1ccc(NS(=O)(=O)c2cccc3cccnc23)cc1",
          "state_of_matter": "SOLID",
          "molecular_weight": 468.5685200000002,
          "density": 1.4,
          "mass": 468.5685200000002,
          "is_produced_by": [
            "f5203156-51ae-4d6a-bda0-6d6bfab7ae2c"
          ],
          "is_consumed_by": [],
          "provenance__density": "dummy estimator based on mw",
          "provenance__is_consumed_by": null,
          "provenance__is_produced_by": null,
          "provenance__mass": null,
          "provenance__molecular_weight": "periodic table",
          "provenance__smiles": null,
          "provenance__state_of_matter": "dummy estimator based on mw"
        }
      ],
      "stoichiometry": {
        "8bd09361-433d-454e-9f3e-167e1bae3007": 1.0,
        "0e3e6d48-fd0a-463b-bc96-52099af01761": 1.0,
        "14b71cb3-cf6c-4a69-adf8-b865f3de358d": -1.0
      },
      "temperature": 324.87014089822765,
      "intended_ratios": {
        "8bd09361-433d-454e-9f3e-167e1bae3007": 1.0,
        "0e3e6d48-fd0a-463b-bc96-52099af01761": 1.0,
        "384e00a6-7949-42af-8171-5cbe74491114": 1.0,
        "32c66368-a108-42e3-a3d6-ac9ea0bed241": 1.0
      },
      "expected_yields": {
        "14b71cb3-cf6c-4a69-adf8-b865f3de358d": 1.0
      },
      "reaction_extent": 1.0
    },
    {
      "identifier": "0f5b996c-4e94-4c59-b1f2-21e34c851137",
      "reactants": [
        {
          "identifier": "bbdcf8a1-4a4a-49a5-9d5a-5d10fd80815c",
          "smiles": "N#Cc1ccc(Cn2cncc2CCCl)c(F)c1",
          "state_of_matter": "SOLID",
          "molecular_weight": 264.7058832000001,
          "density": 1.4,
          "mass": 264.7058832000001,
          "is_produced_by": [],
          "is_consumed_by": [
            "0f5b996c-4e94-4c59-b1f2-21e34c851137"
          ],
          "provenance__density": "dummy estimator based on mw",
          "provenance__is_consumed_by": null,
          "provenance__is_produced_by": null,
          "provenance__mass": null,
          "provenance__molecular_weight": "periodic table",
          "provenance__smiles": null,
          "provenance__state_of_matter": "dummy estimator based on mw"
        }
      ],
      "reagents": [
        {
          "identifier": "8a219fc7-0d0a-416e-933f-80c57e225d2f",
          "smiles": "CN(C)C=O",
          "state_of_matter": "LIQUID",
          "molecular_weight": 73.09378000000004,
          "density": 1.0,
          "mass": 73.09378000000004,
          "is_produced_by": [],
          "is_consumed_by": [
            "0f5b996c-4e94-4c59-b1f2-21e34c851137"
          ],
          "provenance__density": "dummy estimator based on mw",
          "provenance__is_consumed_by": null,
          "provenance__is_produced_by": null,
          "provenance__mass": null,
          "provenance__molecular_weight": "periodic table",
          "provenance__smiles": null,
          "provenance__state_of_matter": "dummy estimator based on mw"
        },
        {
          "identifier": "76bd1176-ffff-4345-9fd1-b0dc91038826",
          "smiles": "[NaH]",
          "state_of_matter": "SOLID",
          "molecular_weight": 23.99771,
          "density": 1.4,
          "mass": 23.99771,
          "is_produced_by": [],
          "is_consumed_by": [
            "0f5b996c-4e94-4c59-b1f2-21e34c851137"
          ],
          "provenance__density": "dummy estimator based on mw",
          "provenance__is_consumed_by": null,
          "provenance__is_produced_by": null,
          "provenance__mass": null,
          "provenance__molecular_weight": "periodic table",
          "provenance__smiles": null,
          "provenance__state_of_matter": "dummy estimator based on mw"
        }
      ],
      "products": [
        {
          "identifier": "e44d8326-4d5a-434e-990e-7078874514cd",
          "smiles": "N#Cc1ccc(C2CCc3cncn32)c(F)c1",
          "state_of_matter": "SOLID",
          "molecular_weight": 228.24494319999988,
          "density": 1.4,
          "mass": 228.24494319999988,
          "is_produced_by": [
            "0f5b996c-4e94-4c59-b1f2-21e34c851137"
          ],
          "is_consumed_by": [],
          "provenance__density": "dummy estimator based on mw",
          "provenance__is_consumed_by": null,
          "provenance__is_produced_by": null,
          "provenance__mass": null,
          "provenance__molecular_weight": "periodic table",
          "provenance__smiles": null,
          "provenance__state_of_matter": "dummy estimator based on mw"
        }
      ],
      "stoichiometry": {
        "bbdcf8a1-4a4a-49a5-9d5a-5d10fd80815c": 1.0,
        "e44d8326-4d5a-434e-990e-7078874514cd": -1.0
      },
      "temperature": 289.2455680310726,
      "intended_ratios": {
        "bbdcf8a1-4a4a-49a5-9d5a-5d10fd80815c": 1.0,
        "8a219fc7-0d0a-416e-933f-80c57e225d2f": 1.0,
        "76bd1176-ffff-4345-9fd1-b0dc91038826": 1.0
      },
      "expected_yields": {
        "e44d8326-4d5a-434e-990e-7078874514cd": 1.0
      },
      "reaction_extent": 1.0
    },
    {
      "identifier": "6c722d28-3522-4c2d-9014-2a75d37d2552",
      "reactants": [
        {
          "identifier": "fd4ac1c9-66b9-4c99-95a8-c3dbf9f60868",
          "smiles": "N#Cc1ccc(Cn2cncc2CCO)c(F)c1",
          "state_of_matter": "SOLID",
          "molecular_weight": 246.26022319999984,
          "density": 1.4,
          "mass": 246.26022319999984,
          "is_produced_by": [],
          "is_consumed_by": [
            "6c722d28-3522-4c2d-9014-2a75d37d2552"
          ],
          "provenance__density": "dummy estimator based on mw",
          "provenance__is_consumed_by": null,
          "provenance__is_produced_by": null,
          "provenance__mass": null,
          "provenance__molecular_weight": "periodic table",
          "provenance__smiles": null,
          "provenance__state_of_matter": "dummy estimator based on mw"
        }
      ],
      "reagents": [
        {
          "identifier": "f761480b-27a2-4d5b-93c2-5579f28e0633",
          "smiles": "ClCCl",
          "state_of_matter": "LIQUID",
          "molecular_weight": 84.93258000000002,
          "density": 1.0,
          "mass": 84.93258000000002,
          "is_produced_by": [],
          "is_consumed_by": [
            "6c722d28-3522-4c2d-9014-2a75d37d2552"
          ],
          "provenance__density": "dummy estimator based on mw",
          "provenance__is_consumed_by": null,
          "provenance__is_produced_by": null,
          "provenance__mass": null,
          "provenance__molecular_weight": "periodic table",
          "provenance__smiles": null,
          "provenance__state_of_matter": "dummy estimator based on mw"
        },
        {
          "identifier": "8568d22a-dd2d-4935-8d7b-a17cb1221c93",
          "smiles": "CCN(CC)CC",
          "state_of_matter": "LIQUID",
          "molecular_weight": 101.19000000000008,
          "density": 1.0,
          "mass": 101.19000000000008,
          "is_produced_by": [],
          "is_consumed_by": [
            "6c722d28-3522-4c2d-9014-2a75d37d2552"
          ],
          "provenance__density": "dummy estimator based on mw",
          "provenance__is_consumed_by": null,
          "provenance__is_produced_by": null,
          "provenance__mass": null,
          "provenance__molecular_weight": "periodic table",
          "provenance__smiles": null,
          "provenance__state_of_matter": "dummy estimator based on mw"
        },
        {
          "identifier": "df2a3cc1-45fe-4039-b701-79168f8fe238",
          "smiles": "CS(=O)(=O)Cl",
          "state_of_matter": "LIQUID",
          "molecular_weight": 114.55132000000002,
          "density": 1.0,
          "mass": 114.55132000000002,
          "is_produced_by": [],
          "is_consumed_by": [
            "6c722d28-3522-4c2d-9014-2a75d37d2552"
          ],
          "provenance__density": "dummy estimator based on mw",
          "provenance__is_consumed_by": null,
          "provenance__is_produced_by": null,
          "provenance__mass": null,
          "provenance__molecular_weight": "periodic table",
          "provenance__smiles": null,
          "provenance__state_of_matter": "dummy estimator based on mw"
        }
      ],
      "products": [
        {
          "identifier": "fa5d419f-71a5-4bbb-a0a7-bb13f9295b7e",
          "smiles": "N#Cc1ccc(Cn2cncc2CCCl)c(F)c1",
          "state_of_matter": "SOLID",
          "molecular_weight": 264.7058832000001,
          "density": 1.4,
          "mass": 264.7058832000001,
          "is_produced_by": [
            "6c722d28-3522-4c2d-9014-2a75d37d2552"
          ],
          "is_consumed_by": [],
          "provenance__density": "dummy estimator based on mw",
          "provenance__is_consumed_by": null,
          "provenance__is_produced_by": null,
          "provenance__mass": null,
          "provenance__molecular_weight": "periodic table",
          "provenance__smiles": null,
          "provenance__state_of_matter": "dummy estimator based on mw"
        }
      ],
      "stoichiometry": {
        "fd4ac1c9-66b9-4c99-95a8-c3dbf9f60868": 1.0,
        "fa5d419f-71a5-4bbb-a0a7-bb13f9295b7e": -1.0
      },
      "temperature": 280.6338912785053,
      "intended_ratios": {
        "fd4ac1c9-66b9-4c99-95a8-c3dbf9f60868": 1.0,
        "f761480b-27a2-4d5b-93c2-5579f28e0633": 1.0,
        "8568d22a-dd2d-4935-8d7b-a17cb1221c93": 1.0,
        "df2a3cc1-45fe-4039-b701-79168f8fe238": 1.0
      },
      "expected_yields": {
        "fa5d419f-71a5-4bbb-a0a7-bb13f9295b7e": 1.0
      },
      "reaction_extent": 1.0
    },
    {
      "identifier": "dba199bb-424a-485f-bdbb-87a3a0d988f4",
      "reactants": [
        {
          "identifier": "3b92df13-8720-45d0-a51d-95a457346746",
          "smiles": "O=C(NCCN(CCO)CC1CC1)c1ccc(NS(=O)(=O)c2cccc3cccnc23)cc1",
          "state_of_matter": "SOLID",
          "molecular_weight": 468.5685200000002,
          "density": 1.4,
          "mass": 468.5685200000002,
          "is_produced_by": [],
          "is_consumed_by": [
            "dba199bb-424a-485f-bdbb-87a3a0d988f4"
          ],
          "provenance__density": "dummy estimator based on mw",
          "provenance__is_consumed_by": null,
          "provenance__is_produced_by": null,
          "provenance__mass": null,
          "provenance__molecular_weight": "periodic table",
          "provenance__smiles": null,
          "provenance__state_of_matter": "dummy estimator based on mw"
        }
      ],
      "reagents": [
        {
          "identifier": "5cf2a692-bbae-47f6-83f7-1812e5ed3795",
          "smiles": "ClCCl",
          "state_of_matter": "LIQUID",
          "molecular_weight": 84.93258000000002,
          "density": 1.0,
          "mass": 84.93258000000002,
          "is_produced_by": [],
          "is_consumed_by": [
            "dba199bb-424a-485f-bdbb-87a3a0d988f4"
          ],
          "provenance__density": "dummy estimator based on mw",
          "provenance__is_consumed_by": null,
          "provenance__is_produced_by": null,
          "provenance__mass": null,
          "provenance__molecular_weight": "periodic table",
          "provenance__smiles": null,
          "provenance__state_of_matter": "dummy estimator based on mw"
        },
        {
          "identifier": "78f054c2-7651-4d9e-a5c4-a675cc03cdc8",
          "smiles": "O=C(O)O[Na]",
          "state_of_matter": "SOLID",
          "molecular_weight": 84.00661000000001,
          "density": 1.4,
          "mass": 84.00661000000001,
          "is_produced_by": [],
          "is_consumed_by": [
            "dba199bb-424a-485f-bdbb-87a3a0d988f4"
          ],
          "provenance__density": "dummy estimator based on mw",
          "provenance__is_consumed_by": null,
          "provenance__is_produced_by": null,
          "provenance__mass": null,
          "provenance__molecular_weight": "periodic table",
          "provenance__smiles": null,
          "provenance__state_of_matter": "dummy estimator based on mw"
        },
        {
          "identifier": "902ab3e9-0c33-4fd2-8d4b-536c550dc7bd",
          "smiles": "CC(=O)OI1(OC(C)=O)(OC(C)=O)OC(=O)c2ccccc21",
          "state_of_matter": "SOLID",
          "molecular_weight": 424.1419900000001,
          "density": 1.4,
          "mass": 424.1419900000001,
          "is_produced_by": [],
          "is_consumed_by": [
            "dba199bb-424a-485f-bdbb-87a3a0d988f4"
          ],
          "provenance__density": "dummy estimator based on mw",
          "provenance__is_consumed_by": null,
          "provenance__is_produced_by": null,
          "provenance__mass": null,
          "provenance__molecular_weight": "periodic table",
          "provenance__smiles": null,
          "provenance__state_of_matter": "dummy estimator based on mw"
        }
      ],
      "products": [
        {
          "identifier": "9cbccd09-d8f2-4d2b-ab79-a7bc982b543a",
          "smiles": "O=CCN(CCNC(=O)c1ccc(NS(=O)(=O)c2cccc3cccnc23)cc1)CC1CC1",
          "state_of_matter": "SOLID",
          "molecular_weight": 466.5526400000003,
          "density": 1.4,
          "mass": 466.5526400000003,
          "is_produced_by": [
            "dba199bb-424a-485f-bdbb-87a3a0d988f4"
          ],
          "is_consumed_by": [],
          "provenance__density": "dummy estimator based on mw",
          "provenance__is_consumed_by": null,
          "provenance__is_produced_by": null,
          "provenance__mass": null,
          "provenance__molecular_weight": "periodic table",
          "provenance__smiles": null,
          "provenance__state_of_matter": "dummy estimator based on mw"
        }
      ],
      "stoichiometry": {
        "3b92df13-8720-45d0-a51d-95a457346746": 1.0,
        "9cbccd09-d8f2-4d2b-ab79-a7bc982b543a": -1.0
      },
      "temperature": 299.559163749218,
      "intended_ratios": {
        "3b92df13-8720-45d0-a51d-95a457346746": 1.0,
        "5cf2a692-bbae-47f6-83f7-1812e5ed3795": 1.0,
        "78f054c2-7651-4d9e-a5c4-a675cc03cdc8": 1.0,
        "902ab3e9-0c33-4fd2-8d4b-536c550dc7bd": 1.0
      },
      "expected_yields": {
        "9cbccd09-d8f2-4d2b-ab79-a7bc982b543a": 1.0
      },
      "reaction_extent": 1.0
    }
  ],
  "molecular_nodes": [
    "C1CCOC1",
    "C1COCCO1",
    "CC#N",
    "CC(=O)OI1(OC(C)=O)(OC(C)=O)OC(=O)c2ccccc21",
    "CC(=O)O[BH-](OC(C)=O)OC(C)=O.[Na+]",
    "CC(C)(C)OC(=O)NCCN",
    "CC(C)(C)OC(=O)NCCN(CCO)CC1CC1",
    "CC(C)(C)OC(=O)NCCNCC1CC1",
    "CC(C)(C)[Si](C)(C)Cl",
    "CC(C)(C)[Si](C)(C)OCCc1c[nH]cn1",
    "CC(C)(C)[Si](C)(C)OCCc1cncn1Cc1ccc(C#N)cc1F",
    "CC(C)n1nccc1-c1ncccc1CCl",
    "CC(C)n1nccc1-c1ncccc1CO",
    "CC(C)n1nccc1-c1ncccc1COc1cccc(O)c1C=O",
    "CC(C)n1nccc1B1OC(C)(C)C(C)(C)O1",
    "CCCC[N+](CCCC)(CCCC)CCCC.[F-]",
    "CCN(CC)CC",
    "CN(C)C=O",
    "COC(=O)c1ccc(N)cc1",
    "COC(=O)c1ccc(NS(=O)(=O)c2cccc3cccnc23)cc1",
    "CS(=O)(=O)Cl",
    "C[Al](C)C",
    "Cc1ccccc1",
    "Cl",
    "ClCCCl",
    "ClCCl",
    "N#Cc1ccc(C2CCc3cncn32)c(F)c1",
    "N#Cc1ccc(CBr)c(F)c1",
    "N#Cc1ccc(Cn2cncc2CCCl)c(F)c1",
    "N#Cc1ccc(Cn2cncc2CCO)c(F)c1",
    "NCCN(CCO)CC1CC1",
    "O",
    "O=C(NCCN(CCO)CC1CC1)c1ccc(NS(=O)(=O)c2cccc3cccnc23)cc1",
    "O=C(O)O[Na]",
    "O=C(O[K])O[K]",
    "O=CC1CC1",
    "O=CCN(CCNC(=O)c1ccc(NS(=O)(=O)c2cccc3cccnc23)cc1)CC1CC1",
    "O=Cc1c(O)cccc1O",
    "O=S(=O)(Cl)c1cccc2cccnc12",
    "OCCBr",
    "OCCc1c[nH]cn1",
    "OCc1cccnc1Cl",
    "O[Na]",
    "[NaH]",
    "c1c[nH]cn1",
    "c1ccncc1"
  ],
  "edges": [
    [
      "02d80eac-b604-4c51-8daf-9521be1cf9e2",
      "N#Cc1ccc(Cn2cncc2CCO)c(F)c1"
    ],
    [
      "065ac47d-0989-4726-b046-619cfff3a141",
      "CC(C)(C)[Si](C)(C)OCCc1cncn1Cc1ccc(C#N)cc1F"
    ],
    [
      "09695b91-0f5e-48e0-bed4-f0611131600e",
      "NCCN(CCO)CC1CC1"
    ],
    [
      "0f5b996c-4e94-4c59-b1f2-21e34c851137",
      "N#Cc1ccc(C2CCc3cncn32)c(F)c1"
    ],
    [
      "1458c1a1-2762-45b5-81a9-993ff9f09c85",
      "CC(C)(C)OC(=O)NCCN(CCO)CC1CC1"
    ],
    [
      "24bf6118-928b-4a2d-bc75-477df8fdd967",
      "CC(C)n1nccc1-c1ncccc1CO"
    ],
    [
      "62228752-9712-410a-abb6-103c36a2ce67",
      "CC(C)n1nccc1-c1ncccc1COc1cccc(O)c1C=O"
    ],
    [
      "6c722d28-3522-4c2d-9014-2a75d37d2552",
      "N#Cc1ccc(Cn2cncc2CCCl)c(F)c1"
    ],
    [
      "85cc55a0-d157-4699-bf87-846e46232525",
      "COC(=O)c1ccc(NS(=O)(=O)c2cccc3cccnc23)cc1"
    ],
    [
      "9593105c-2cc8-4f2d-95c1-966e5456f8c8",
      "CC(C)(C)[Si](C)(C)OCCc1c[nH]cn1"
    ],
    [
      "C1CCOC1",
      "02d80eac-b604-4c51-8daf-9521be1cf9e2"
    ],
    [
      "C1CCOC1",
      "065ac47d-0989-4726-b046-619cfff3a141"
    ],
    [
      "C1COCCO1",
      "09695b91-0f5e-48e0-bed4-f0611131600e"
    ],
    [
      "C1COCCO1",
      "24bf6118-928b-4a2d-bc75-477df8fdd967"
    ],
    [
      "CC#N",
      "1458c1a1-2762-45b5-81a9-993ff9f09c85"
    ],
    [
      "CC(=O)OI1(OC(C)=O)(OC(C)=O)OC(=O)c2ccccc21",
      "dba199bb-424a-485f-bdbb-87a3a0d988f4"
    ],
    [
      "CC(=O)O[BH-](OC(C)=O)OC(C)=O.[Na+]",
      "e3c35f0e-9bed-406e-ae47-c56726224da6"
    ],
    [
      "CC(C)(C)OC(=O)NCCN",
      "e3c35f0e-9bed-406e-ae47-c56726224da6"
    ],
    [
      "CC(C)(C)OC(=O)NCCN(CCO)CC1CC1",
      "09695b91-0f5e-48e0-bed4-f0611131600e"
    ],
    [
      "CC(C)(C)OC(=O)NCCNCC1CC1",
      "1458c1a1-2762-45b5-81a9-993ff9f09c85"
    ],
    [
      "CC(C)(C)[Si](C)(C)Cl",
      "9593105c-2cc8-4f2d-95c1-966e5456f8c8"
    ],
    [
      "CC(C)(C)[Si](C)(C)OCCc1c[nH]cn1",
      "065ac47d-0989-4726-b046-619cfff3a141"
    ],
    [
      "CC(C)(C)[Si](C)(C)OCCc1cncn1Cc1ccc(C#N)cc1F",
      "02d80eac-b604-4c51-8daf-9521be1cf9e2"
    ],
    [
      "CC(C)n1nccc1-c1ncccc1CCl",
      "62228752-9712-410a-abb6-103c36a2ce67"
    ],
    [
      "CC(C)n1nccc1-c1ncccc1CO",
      "e4392de9-37db-4ac6-bd11-82a28c60b579"
    ],
    [
      "CC(C)n1nccc1B1OC(C)(C)C(C)(C)O1",
      "24bf6118-928b-4a2d-bc75-477df8fdd967"
    ],
    [
      "CCCC[N+](CCCC)(CCCC)CCCC.[F-]",
      "02d80eac-b604-4c51-8daf-9521be1cf9e2"
    ],
    [
      "CCN(CC)CC",
      "6c722d28-3522-4c2d-9014-2a75d37d2552"
    ],
    [
      "CCN(CC)CC",
      "e4392de9-37db-4ac6-bd11-82a28c60b579"
    ],
    [
      "CN(C)C=O",
      "0f5b996c-4e94-4c59-b1f2-21e34c851137"
    ],
    [
      "CN(C)C=O",
      "62228752-9712-410a-abb6-103c36a2ce67"
    ],
    [
      "CN(C)C=O",
      "9593105c-2cc8-4f2d-95c1-966e5456f8c8"
    ],
    [
      "COC(=O)c1ccc(N)cc1",
      "85cc55a0-d157-4699-bf87-846e46232525"
    ],
    [
      "COC(=O)c1ccc(NS(=O)(=O)c2cccc3cccnc23)cc1",
      "f5203156-51ae-4d6a-bda0-6d6bfab7ae2c"
    ],
    [
      "CS(=O)(=O)Cl",
      "6c722d28-3522-4c2d-9014-2a75d37d2552"
    ],
    [
      "CS(=O)(=O)Cl",
      "e4392de9-37db-4ac6-bd11-82a28c60b579"
    ],
    [
      "C[Al](C)C",
      "f5203156-51ae-4d6a-bda0-6d6bfab7ae2c"
    ],
    [
      "Cc1ccccc1",
      "f5203156-51ae-4d6a-bda0-6d6bfab7ae2c"
    ],
    [
      "Cl",
      "09695b91-0f5e-48e0-bed4-f0611131600e"
    ],
    [
      "Cl",
      "62228752-9712-410a-abb6-103c36a2ce67"
    ],
    [
      "ClCCCl",
      "e3c35f0e-9bed-406e-ae47-c56726224da6"
    ],
    [
      "ClCCl",
      "6c722d28-3522-4c2d-9014-2a75d37d2552"
    ],
    [
      "ClCCl",
      "dba199bb-424a-485f-bdbb-87a3a0d988f4"
    ],
    [
      "ClCCl",
      "e4392de9-37db-4ac6-bd11-82a28c60b579"
    ],
    [
      "N#Cc1ccc(CBr)c(F)c1",
      "065ac47d-0989-4726-b046-619cfff3a141"
    ],
    [
      "N#Cc1ccc(Cn2cncc2CCCl)c(F)c1",
      "0f5b996c-4e94-4c59-b1f2-21e34c851137"
    ],
    [
      "N#Cc1ccc(Cn2cncc2CCO)c(F)c1",
      "6c722d28-3522-4c2d-9014-2a75d37d2552"
    ],
    [
      "NCCN(CCO)CC1CC1",
      "f5203156-51ae-4d6a-bda0-6d6bfab7ae2c"
    ],
    [
      "O",
      "24bf6118-928b-4a2d-bc75-477df8fdd967"
    ],
    [
      "O=C(NCCN(CCO)CC1CC1)c1ccc(NS(=O)(=O)c2cccc3cccnc23)cc1",
      "dba199bb-424a-485f-bdbb-87a3a0d988f4"
    ],
    [
      "O=C(O)O[Na]",
      "24bf6118-928b-4a2d-bc75-477df8fdd967"
    ],
    [
      "O=C(O)O[Na]",
      "dba199bb-424a-485f-bdbb-87a3a0d988f4"
    ],
    [
      "O=C(O[K])O[K]",
      "1458c1a1-2762-45b5-81a9-993ff9f09c85"
    ],
    [
      "O=C(O[K])O[K]",
      "62228752-9712-410a-abb6-103c36a2ce67"
    ],
    [
      "O=CC1CC1",
      "e3c35f0e-9bed-406e-ae47-c56726224da6"
    ],
    [
      "O=Cc1c(O)cccc1O",
      "62228752-9712-410a-abb6-103c36a2ce67"
    ],
    [
      "O=S(=O)(Cl)c1cccc2cccnc12",
      "85cc55a0-d157-4699-bf87-846e46232525"
    ],
    [
      "OCCBr",
      "1458c1a1-2762-45b5-81a9-993ff9f09c85"
    ],
    [
      "OCCc1c[nH]cn1",
      "9593105c-2cc8-4f2d-95c1-966e5456f8c8"
    ],
    [
      "OCc1cccnc1Cl",
      "24bf6118-928b-4a2d-bc75-477df8fdd967"
    ],
    [
      "O[Na]",
      "e3c35f0e-9bed-406e-ae47-c56726224da6"
    ],
    [
      "[NaH]",
      "065ac47d-0989-4726-b046-619cfff3a141"
    ],
    [
      "[NaH]",
      "0f5b996c-4e94-4c59-b1f2-21e34c851137"
    ],
    [
      "c1c[nH]cn1",
      "9593105c-2cc8-4f2d-95c1-966e5456f8c8"
    ],
    [
      "c1ccncc1",
      "85cc55a0-d157-4699-bf87-846e46232525"
    ],
    [
      "dba199bb-424a-485f-bdbb-87a3a0d988f4",
      "O=CCN(CCNC(=O)c1ccc(NS(=O)(=O)c2cccc3cccnc23)cc1)CC1CC1"
    ],
    [
      "e3c35f0e-9bed-406e-ae47-c56726224da6",
      "CC(C)(C)OC(=O)NCCNCC1CC1"
    ],
    [
      "e4392de9-37db-4ac6-bd11-82a28c60b579",
      "CC(C)n1nccc1-c1ncccc1CCl"
    ],
    [
      "f5203156-51ae-4d6a-bda0-6d6bfab7ae2c",
      "O=C(NCCN(CCO)CC1CC1)c1ccc(NS(=O)(=O)c2cccc3cccnc23)cc1"
    ]
  ]
}