{
  "identifier": "29d7ea32-5438-47ba-a6ea-00625ca5e5a6",
  "chemical_reactions": [
    {
      "identifier": "ac08f758-645c-418c-ae40-5a2d4c1839c9",
      "reactants": [
        {
          "identifier": "28c06f2b-d716-400d-9b08-1dfbbe9e346e",
          "smiles": "CC(N)=O",
          "state_of_matter": "LIQUID",
          "molecular_weight": 59.06719999999999,
          "density": 1.0,
          "mass": 0.590672,
          "is_produced_by": [],
          "is_consumed_by": [
            "ac08f758-645c-418c-ae40-5a2d4c1839c9"
          ],
          "provenance__density": "dummy estimator based on mw",
          "provenance__is_consumed_by": null,
          "provenance__is_produced_by": null,
          "provenance__mass": null,
          "provenance__molecular_weight": "periodic table",
          "provenance__smiles": null,
          "provenance__state_of_matter": "dummy estimator based on mw"
        },
        {
          "identifier": "6d5d6ec9-55aa-4811-a82f-29d5db097427",
          "smiles": "CNC(=O)c1nnc(Cl)cc1Nc1cccc(-c2ncn(C)n2)c1OC",
          "state_of_matter": "SOLID",
          "molecular_weight": 374.80488000000025,
          "density": 1.4,
          "mass": 3.7480488000000025,
          "is_produced_by": [],
          "is_consumed_by": [
            "ac08f758-645c-418c-ae40-5a2d4c1839c9"
          ],
          "provenance__density": "dummy estimator based on mw",
          "provenance__is_consumed_by": null,
          "provenance__is_produced_by": null,
          "provenance__mass": null,
          "provenance__molecular_weight": "periodic table",
          "provenance__smiles": null,
          "provenance__state_of_matter": "dummy estimator based on mw"
        }
      ],
      "reagents": [
        {
          "identifier": "6f0c0c9e-4c11-4801-8c8c-70d3b6e3fe1a",
          "smiles": "C1COCCO1",
          "state_of_matter": "LIQUID",
          "molecular_weight": 88.10512000000004,
          "density": 1.0,
          "mass": 0.8810512000000005,
          "is_produced_by": [],
          "is_consumed_by": [
            "ac08f758-645c-418c-ae40-5a2d4c1839c9"
          ],
          "provenance__density": "dummy estimator based on mw",
          "provenance__is_consumed_by": null,
          "provenance__is_produced_by": null,
          "provenance__mass": null,
          "provenance__molecular_weight": "periodic table",
          "provenance__smiles": null,
          "provenance__state_of_matter": "dummy estimator based on mw"
        },
        {
          "identifier": "95ef494c-a759-46c9-9a34-267cb60ff7ca",
          "smiles": "[Pd]",
          "state_of_matter": "SOLID",
          "molecular_weight": 106.42,
          "density": 1.4,
          "mass": 1.0642,
          "is_produced_by": [],
          "is_consumed_by": [
            "ac08f758-645c-418c-ae40-5a2d4c1839c9"
          ],
          "provenance__density": "dummy estimator based on mw",
          "provenance__is_consumed_by": null,
          "provenance__is_produced_by": null,
          "provenance__mass": null,
          "provenance__molecular_weight": "periodic table",
          "provenance__smiles": null,
          "provenance__state_of_matter": "dummy estimator based on mw"
        },
        {
          "identifier": "aa9323c0-06a6-4d0c-aa0c-3b92318d5ab6",
          "smiles": "CC1(C)c2cccc(P(c3ccccc3)c3ccccc3)c2Oc2c(P(c3ccccc3)c3ccccc3)cccc21",
          "state_of_matter": "SOLID",
          "molecular_weight": 578.6183019999985,
          "density": 1.4,
          "mass": 5.786183019999985,
          "is_produced_by": [],
          "is_consumed_by": [
            "ac08f758-645c-418c-ae40-5a2d4c1839c9"
          ],
          "provenance__density": "dummy estimator based on mw",
          "provenance__is_consumed_by": null,
          "provenance__is_produced_by": null,
          "provenance__mass": null,
          "provenance__molecular_weight": "periodic table",
          "provenance__smiles": null,
          "provenance__state_of_matter": "dummy estimator based on mw"
        },
        {
          "identifier": "f63e0fcc-9c7a-4eb2-88ba-4ec14034912b",
          "smiles": "O=C(O[Cs])O[Cs]",
          "state_of_matter": "SOLID",
          "molecular_weight": 325.8198,
          "density": 1.4,
          "mass": 3.258198,
          "is_produced_by": [],
          "is_consumed_by": [
            "ac08f758-645c-418c-ae40-5a2d4c1839c9"
          ],
          "provenance__density": "dummy estimator based on mw",
          "provenance__is_consumed_by": null,
          "provenance__is_produced_by": null,
          "provenance__mass": null,
          "provenance__molecular_weight": "periodic table",
          "provenance__smiles": null,
          "provenance__state_of_matter": "dummy estimator based on mw"
        }
      ],
      "products": [
        {
          "identifier": "5e31b62d-513b-4ce8-9191-81069b758d86",
          "smiles": "CNC(=O)c1nnc(NC(C)=O)cc1Nc1cccc(-c2ncn(C)n2)c1OC",
          "state_of_matter": "SOLID",
          "molecular_weight": 397.41114000000033,
          "density": 1.4,
          "mass": 3.9741114000000035,
          "is_produced_by": [
            "ac08f758-645c-418c-ae40-5a2d4c1839c9"
          ],
          "is_consumed_by": [],
          "provenance__density": "dummy estimator based on mw",
          "provenance__is_consumed_by": null,
          "provenance__is_produced_by": null,
          "provenance__mass": null,
          "provenance__molecular_weight": "periodic table",
          "provenance__smiles": null,
          "provenance__state_of_matter": "dummy estimator based on mw"
        }
      ],
      "stoichiometry": {
        "28c06f2b-d716-400d-9b08-1dfbbe9e346e": 1.0,
        "6d5d6ec9-55aa-4811-a82f-29d5db097427": 1.0,
        "5e31b62d-513b-4ce8-9191-81069b758d86": -1.0
      },
      "temperature": 361.9062446594238,
      "intended_ratios": {
        "28c06f2b-d716-400d-9b08-1dfbbe9e346e": 1.0,
        "6d5d6ec9-55aa-4811-a82f-29d5db097427": 1.0,
        "6f0c0c9e-4c11-4801-8c8c-70d3b6e3fe1a": 1.0,
        "95ef494c-a759-46c9-9a34-267cb60ff7ca": 1.0,
        "aa9323c0-06a6-4d0c-aa0c-3b92318d5ab6": 1.0,
        "f63e0fcc-9c7a-4eb2-88ba-4ec14034912b": 1.0
      },
      "expected_yields": {
        "5e31b62d-513b-4ce8-9191-81069b758d86": 1.0
      },
      "reaction_extent": 0.01
    },
    {
      "identifier": "e9121892-ad34-4c07-a955-fec2fd76489c",
      "reactants": [
        {
          "identifier": "34c24492-8de4-4ba9-841a-8504d884369e",
          "smiles": "CN",
          "state_of_matter": "LIQUID",
          "molecular_weight": 31.05710000000001,
          "density": 1.0,
          "mass": 0.3105710000000001,
          "is_produced_by": [],
          "is_consumed_by": [
            "e9121892-ad34-4c07-a955-fec2fd76489c"
          ],
          "provenance__density": "dummy estimator based on mw",
          "provenance__is_consumed_by": null,
          "provenance__is_produced_by": null,
          "provenance__mass": null,
          "provenance__molecular_weight": "periodic table",
          "provenance__smiles": null,
          "provenance__state_of_matter": "dummy estimator based on mw"
        },
        {
          "identifier": "0461614b-46f9-428e-b01c-1b7504f67262",
          "smiles": "COC(=O)c1nnc(Cl)cc1Nc1cccc(-c2ncn(C)n2)c1OC",
          "state_of_matter": "SOLID",
          "molecular_weight": 375.7896400000002,
          "density": 1.4,
          "mass": 3.757896400000002,
          "is_produced_by": [],
          "is_consumed_by": [
            "e9121892-ad34-4c07-a955-fec2fd76489c"
          ],
          "provenance__density": "dummy estimator based on mw",
          "provenance__is_consumed_by": null,
          "provenance__is_produced_by": null,
          "provenance__mass": null,
          "provenance__molecular_weight": "periodic table",
          "provenance__smiles": null,
          "provenance__state_of_matter": "dummy estimator based on mw"
        }
      ],
      "reagents": [
        {
          "identifier": "45287f2d-2812-4f5a-ae36-b50c2974ad12",
          "smiles": "C1CCOC1",
          "state_of_matter": "LIQUID",
          "molecular_weight": 72.10572000000005,
          "density": 1.0,
          "mass": 0.7210572000000005,
          "is_produced_by": [],
          "is_consumed_by": [
            "e9121892-ad34-4c07-a955-fec2fd76489c"
          ],
          "provenance__density": "dummy estimator based on mw",
          "provenance__is_consumed_by": null,
          "provenance__is_produced_by": null,
          "provenance__mass": null,
          "provenance__molecular_weight": "periodic table",
          "provenance__smiles": null,
          "provenance__state_of_matter": "dummy estimator based on mw"
        },
        {
          "identifier": "5a4ecc0b-efc9-4fbe-b10a-cc8b1332606b",
          "smiles": "[Li]N([Si](C)(C)C)[Si](C)(C)C",
          "state_of_matter": "SOLID",
          "molecular_weight": 167.3258199999998,
          "density": 1.4,
          "mass": 1.673258199999998,
          "is_produced_by": [],
          "is_consumed_by": [
            "e9121892-ad34-4c07-a955-fec2fd76489c"
          ],
          "provenance__density": "dummy estimator based on mw",
          "provenance__is_consumed_by": null,
          "provenance__is_produced_by": null,
          "provenance__mass": null,
          "provenance__molecular_weight": "periodic table",
          "provenance__smiles": null,
          "provenance__state_of_matter": "dummy estimator based on mw"
        }
      ],
      "products": [
        {
          "identifier": "ed10bf6d-78ee-4522-a44c-1d0ebbec43d4",
          "smiles": "CNC(=O)c1nnc(Cl)cc1Nc1cccc(-c2ncn(C)n2)c1OC",
          "state_of_matter": "SOLID",
          "molecular_weight": 374.80488000000025,
          "density": 1.4,
          "mass": 3.7480488000000025,
          "is_produced_by": [
            "e9121892-ad34-4c07-a955-fec2fd76489c"
          ],
          "is_consumed_by": [],
          "provenance__density": "dummy estimator based on mw",
          "provenance__is_consumed_by": null,
          "provenance__is_produced_by": null,
          "provenance__mass": null,
          "provenance__molecular_weight": "periodic table",
          "provenance__smiles": null,
          "provenance__state_of_matter": "dummy estimator based on mw"
        }
      ],
      "stoichiometry": {
        "34c24492-8de4-4ba9-841a-8504d884369e": 1.0,
        "0461614b-46f9-428e-b01c-1b7504f67262": 1.0,
        "ed10bf6d-78ee-4522-a44c-1d0ebbec43d4": -1.0
      },
      "temperature": 235.2590293139219,
      "intended_ratios": {
        "34c24492-8de4-4ba9-841a-8504d884369e": 1.0,
        "0461614b-46f9-428e-b01c-1b7504f67262": 1.0,
        "45287f2d-2812-4f5a-ae36-b50c2974ad12": 1.0,
        "5a4ecc0b-efc9-4fbe-b10a-cc8b1332606b": 1.0
      },
      "expected_yields": {
        "ed10bf6d-78ee-4522-a44c-1d0ebbec43d4": 1.0
      },
      "reaction_extent": 0.01
    },
    {
      "identifier": "29618ebf-fa66-422e-bdee-d3482b4e436d",
      "reactants": [
        {
          "identifier": "730eebf6-3780-4dab-a2f2-0b07da1ceb70",
          "smiles": "CN",
          "state_of_matter": "LIQUID",
          "molecular_weight": 31.05710000000001,
          "density": 1.0,
          "mass": 0.3105710000000001,
          "is_produced_by": [],
          "is_consumed_by": [
            "29618ebf-fa66-422e-bdee-d3482b4e436d"
          ],
          "provenance__density": "dummy estimator based on mw",
          "provenance__is_consumed_by": null,
          "provenance__is_produced_by": null,
          "provenance__mass": null,
          "provenance__molecular_weight": "periodic table",
          "provenance__smiles": null,
          "provenance__state_of_matter": "dummy estimator based on mw"
        },
        {
          "identifier": "e51a7a66-4d89-4c42-8366-7b44fadaa609",
          "smiles": "O=Cc1cc(-c2ccccc2F)n(S(=O)(=O)c2cccnc2)c1",
          "state_of_matter": "SOLID",
          "molecular_weight": 331.3414832000002,
          "density": 1.4,
          "mass": 3.313414832000002,
          "is_produced_by": [],
          "is_consumed_by": [
            "29618ebf-fa66-422e-bdee-d3482b4e436d"
          ],
          "provenance__density": "dummy estimator based on mw",
          "provenance__is_consumed_by": null,
          "provenance__is_produced_by": null,
          "provenance__mass": null,
          "provenance__molecular_weight": "periodic table",
          "provenance__smiles": null,
          "provenance__state_of_matter": "dummy estimator based on mw"
        }
      ],
      "reagents": [
        {
          "identifier": "7f496e0a-63ff-4f62-8e4b-2653e62decf7",
          "smiles": "CO",
          "state_of_matter": "LIQUID",
          "molecular_weight": 32.04186000000001,
          "density": 1.0,
          "mass": 0.32041860000000005,
          "is_produced_by": [],
          "is_consumed_by": [
            "29618ebf-fa66-422e-bdee-d3482b4e436d"
          ],
          "provenance__density": "dummy estimator based on mw",
          "provenance__is_consumed_by": null,
          "provenance__is_produced_by": null,
          "provenance__mass": null,
          "provenance__molecular_weight": "periodic table",
          "provenance__smiles": null,
          "provenance__state_of_matter": "dummy estimator based on mw"
        },
        {
          "identifier": "0a978276-5f2c-4061-8896-51ddde776ac9",
          "smiles": "[BH4][Na]",
          "state_of_matter": "SOLID",
          "molecular_weight": 37.83252999999999,
          "density": 1.4,
          "mass": 0.3783252999999999,
          "is_produced_by": [],
          "is_consumed_by": [
            "29618ebf-fa66-422e-bdee-d3482b4e436d"
          ],
          "provenance__density": "dummy estimator based on mw",
          "provenance__is_consumed_by": null,
          "provenance__is_produced_by": null,
          "provenance__mass": null,
          "provenance__molecular_weight": "periodic table",
          "provenance__smiles": null,
          "provenance__state_of_matter": "dummy estimator based on mw"
        },
        {
          "identifier": "df472faf-905c-4260-967b-700b1e88ae3d",
          "smiles": "O=C(O)O[Na]",
          "state_of_matter": "SOLID",
          "molecular_weight": 84.00661000000001,
          "density": 1.4,
          "mass": 0.8400661000000001,
          "is_produced_by": [],
          "is_consumed_by": [
            "29618ebf-fa66-422e-bdee-d3482b4e436d"
          ],
          "provenance__density": "dummy estimator based on mw",
          "provenance__is_consumed_by": null,
          "provenance__is_produced_by": null,
          "provenance__mass": null,
          "provenance__molecular_weight": "periodic table",
          "provenance__smiles": null,
          "provenance__state_of_matter": "dummy estimator based on mw"
        }
      ],
      "products": [
        {
          "identifier": "9c83e371-ec81-42f3-b73e-f59532c88c27",
          "smiles": "CNCc1cc(-c2ccccc2F)n(S(=O)(=O)c2cccnc2)c1",
          "state_of_matter": "SOLID",
          "molecular_weight": 346.39918320000027,
          "density": 1.4,
          "mass": 3.4639918320000027,
          "is_produced_by": [
            "29618ebf-fa66-422e-bdee-d3482b4e436d"
          ],
          "is_consumed_by": [],
          "provenance__density": "dummy estimator based on mw",
          "provenance__is_consumed_by": null,
          "provenance__is_produced_by": null,
          "provenance__mass": null,
          "provenance__molecular_weight": "periodic table",
          "provenance__smiles": null,
          "provenance__state_of_matter": "dummy estimator based on mw"
        }
      ],
      "stoichiometry": {
        "730eebf6-3780-4dab-a2f2-0b07da1ceb70": 1.0,
        "e51a7a66-4d89-4c42-8366-7b44fadaa609": 1.0,
        "9c83e371-ec81-42f3-b73e-f59532c88c27": -1.0
      },
      "temperature": 294.2666636824608,
      "intended_ratios": {
        "730eebf6-3780-4dab-a2f2-0b07da1ceb70": 1.0,
        "e51a7a66-4d89-4c42-8366-7b44fadaa609": 1.0,
        "7f496e0a-63ff-4f62-8e4b-2653e62decf7": 1.0,
        "0a978276-5f2c-4061-8896-51ddde776ac9": 1.0,
        "df472faf-905c-4260-967b-700b1e88ae3d": 1.0
      },
      "expected_yields": {
        "9c83e371-ec81-42f3-b73e-f59532c88c27": 1.0
      },
      "reaction_extent": 0.01
    },
    {
      "identifier": "1e433cea-152e-49af-97cc-e59a60f5d3a5",
      "reactants": [
        {
          "identifier": "434d4e6b-a893-4704-8f45-1590107b4544",
          "smiles": "CNC(=O)c1nnc(N)cc1Nc1cccc(-c2ncn(C)n2)c1OC",
          "state_of_matter": "SOLID",
          "molecular_weight": 355.3744600000003,
          "density": 1.4,
          "mass": 3.553744600000003,
          "is_produced_by": [],
          "is_consumed_by": [
            "1e433cea-152e-49af-97cc-e59a60f5d3a5"
          ],
          "provenance__density": "dummy estimator based on mw",
          "provenance__is_consumed_by": null,
          "provenance__is_produced_by": null,
          "provenance__mass": null,
          "provenance__molecular_weight": "periodic table",
          "provenance__smiles": null,
          "provenance__state_of_matter": "dummy estimator based on mw"
        },
        {
          "identifier": "de741454-fb3c-4705-b5c4-58365a8692c0",
          "smiles": "O=C(O)C1CC1",
          "state_of_matter": "LIQUID",
          "molecular_weight": 86.08924000000003,
          "density": 1.0,
          "mass": 0.8608924000000003,
          "is_produced_by": [],
          "is_consumed_by": [
            "1e433cea-152e-49af-97cc-e59a60f5d3a5"
          ],
          "provenance__density": "dummy estimator based on mw",
          "provenance__is_consumed_by": null,
          "provenance__is_produced_by": null,
          "provenance__mass": null,
          "provenance__molecular_weight": "periodic table",
          "provenance__smiles": null,
          "provenance__state_of_matter": "dummy estimator based on mw"
        }
      ],
      "reagents": [
        {
          "identifier": "e7954e72-406c-4446-9ecd-ad864963419b",
          "smiles": "CN(C)C=O",
          "state_of_matter": "LIQUID",
          "molecular_weight": 73.09378000000004,
          "density": 1.0,
          "mass": 0.7309378000000004,
          "is_produced_by": [],
          "is_consumed_by": [
            "1e433cea-152e-49af-97cc-e59a60f5d3a5"
          ],
          "provenance__density": "dummy estimator based on mw",
          "provenance__is_consumed_by": null,
          "provenance__is_produced_by": null,
          "provenance__mass": null,
          "provenance__molecular_weight": "periodic table",
          "provenance__smiles": null,
          "provenance__state_of_matter": "dummy estimator based on mw"
        },
        {
          "identifier": "39191dfd-68eb-44c9-bcd0-2c5086ca0771",
          "smiles": "CN(C)C(On1nnc2cccnc21)=[N+](C)C.F[P-](F)(F)(F)(F)F",
          "state_of_matter": "SOLID",
          "molecular_weight": 381.2378202000002,
          "density": 1.4,
          "mass": 3.8123782020000023,
          "is_produced_by": [],
          "is_consumed_by": [
            "1e433cea-152e-49af-97cc-e59a60f5d3a5"
          ],
          "provenance__density": "dummy estimator based on mw",
          "provenance__is_consumed_by": null,
          "provenance__is_produced_by": null,
          "provenance__mass": null,
          "provenance__molecular_weight": "periodic table",
          "provenance__smiles": null,
          "provenance__state_of_matter": "dummy estimator based on mw"
        },
        {
          "identifier": "1b3ebe71-e61b-4c80-842e-40f91553cd22",
          "smiles": "CCN(C(C)C)C(C)C",
          "state_of_matter": "LIQUID",
          "molecular_weight": 129.24316000000007,
          "density": 1.0,
          "mass": 1.2924316000000007,
          "is_produced_by": [],
          "is_consumed_by": [
            "1e433cea-152e-49af-97cc-e59a60f5d3a5"
          ],
          "provenance__density": "dummy estimator based on mw",
          "provenance__is_consumed_by": null,
          "provenance__is_produced_by": null,
          "provenance__mass": null,
          "provenance__molecular_weight": "periodic table",
          "provenance__smiles": null,
          "provenance__state_of_matter": "dummy estimator based on mw"
        }
      ],
      "products": [
        {
          "identifier": "32d97ab3-b3b1-4a25-bcba-3892a0515547",
          "smiles": "CNC(=O)c1nnc(NC(=O)C2CC2)cc1Nc1cccc(-c2ncn(C)n2)c1OC",
          "state_of_matter": "SOLID",
          "molecular_weight": 423.44842000000034,
          "density": 1.4,
          "mass": 4.234484200000003,
          "is_produced_by": [
            "1e433cea-152e-49af-97cc-e59a60f5d3a5"
          ],
          "is_consumed_by": [],
          "provenance__density": "dummy estimator based on mw",
          "provenance__is_consumed_by": null,
          "provenance__is_produced_by": null,
          "provenance__mass": null,
          "provenance__molecular_weight": "periodic table",
          "provenance__smiles": null,
          "provenance__state_of_matter": "dummy estimator based on mw"
        }
      ],
      "stoichiometry": {
        "434d4e6b-a893-4704-8f45-1590107b4544": 1.0,
        "de741454-fb3c-4705-b5c4-58365a8692c0": 1.0,
        "32d97ab3-b3b1-4a25-bcba-3892a0515547": -1.0
      },
      "temperature": 292.6367393374443,
      "intended_ratios": {
        "434d4e6b-a893-4704-8f45-1590107b4544": 1.0,
        "de741454-fb3c-4705-b5c4-58365a8692c0": 1.0,
        "e7954e72-406c-4446-9ecd-ad864963419b": 1.0,
        "39191dfd-68eb-44c9-bcd0-2c5086ca0771": 1.0,
        "1b3ebe71-e61b-4c80-842e-40f91553cd22": 1.0
      },
      "expected_yields": {
        "32d97ab3-b3b1-4a25-bcba-3892a0515547": 1.0
      },
      "reaction_extent": 0.01
    },
    {
      "identifier": "8ddb3fab-0482-4e4f-9944-006f32d9668f",
      "reactants": [
        {
          "identifier": "4d3c5015-f310-4942-aede-3556b53fcc0a",
          "smiles": "CNC(=O)c1nnc(NC(C)=O)cc1Nc1cccc(-c2ncn(C)n2)c1OC",
          "state_of_matter": "SOLID",
          "molecular_weight": 397.41114000000033,
          "density": 1.4,
          "mass": 3.9741114000000035,
          "is_produced_by": [],
          "is_consumed_by": [
            "8ddb3fab-0482-4e4f-9944-006f32d9668f"
          ],
          "provenance__density": "dummy estimator based on mw",
          "provenance__is_consumed_by": null,
          "provenance__is_produced_by": null,
          "provenance__mass": null,
          "provenance__molecular_weight": "periodic table",
          "provenance__smiles": null,
          "provenance__state_of_matter": "dummy estimator based on mw"
        }
      ],
      "reagents": [
        {
          "identifier": "a873ea09-7ed6-4919-b398-e65f44cffa7e",
          "smiles": "CO",
          "state_of_matter": "LIQUID",
          "molecular_weight": 32.04186000000001,
          "density": 1.0,
          "mass": 0.32041860000000005,
          "is_produced_by": [],
          "is_consumed_by": [
            "8ddb3fab-0482-4e4f-9944-006f32d9668f"
          ],
          "provenance__density": "dummy estimator based on mw",
          "provenance__is_consumed_by": null,
          "provenance__is_produced_by": null,
          "provenance__mass": null,
          "provenance__molecular_weight": "periodic table",
          "provenance__smiles": null,
          "provenance__state_of_matter": "dummy estimator based on mw"
        }
      ],
      "products": [
        {
          "identifier": "c3234496-6630-4e31-b4ab-b4f64453f7dd",
          "smiles": "CNC(=O)c1nnc(N)cc1Nc1cccc(-c2ncn(C)n2)c1OC",
          "state_of_matter": "SOLID",
          "molecular_weight": 355.3744600000003,
          "density": 1.4,
          "mass": 3.553744600000003,
          "is_produced_by": [
            "8ddb3fab-0482-4e4f-9944-006f32d9668f"
          ],
          "is_consumed_by": [],
          "provenance__density": "dummy estimator based on mw",
          "provenance__is_consumed_by": null,
          "provenance__is_produced_by": null,
          "provenance__mass": null,
          "provenance__molecular_weight": "periodic table",
          "provenance__smiles": null,
          "provenance__state_of_matter": "dummy estimator based on mw"
        }
      ],
      "stoichiometry": {
        "4d3c5015-f310-4942-aede-3556b53fcc0a": 1.0,
        "c3234496-6630-4e31-b4ab-b4f64453f7dd": -1.0
      },
      "temperature": 300.69668526649474,
      "intended_ratios": {
        "4d3c5015-f310-4942-aede-3556b53fcc0a": 1.0,
        "a873ea09-7ed6-4919-b398-e65f44cffa7e": 1.0
      },
      "expected_yields": {
        "c3234496-6630-4e31-b4ab-b4f64453f7dd": 1.0
      },
      "reaction_extent": 0.01
    },
    {
      "identifier": "9019ef6f-833f-4eb4-8aab-8bbb3159e448",
      "reactants": [
        {
          "identifier": "18df8b39-6e27-4b2d-9d6f-993f270120fc",
          "smiles": "COC(=O)c1nnc(Cl)cc1Cl",
          "state_of_matter": "SOLID",
          "molecular_weight": 207.01415999999992,
          "density": 1.4,
          "mass": 2.070141599999999,
          "is_produced_by": [],
          "is_consumed_by": [
            "9019ef6f-833f-4eb4-8aab-8bbb3159e448"
          ],
          "provenance__density": "dummy estimator based on mw",
          "provenance__is_consumed_by": null,
          "provenance__is_produced_by": null,
          "provenance__mass": null,
          "provenance__molecular_weight": "periodic table",
          "provenance__smiles": null,
          "provenance__state_of_matter": "dummy estimator based on mw"
        },
        {
          "identifier": "f2109098-11e8-4713-a886-8bcb1527ffac",
          "smiles": "COc1c(N)cccc1-c1ncn(C)n1",
          "state_of_matter": "SOLID",
          "molecular_weight": 205.2364199999999,
          "density": 1.4,
          "mass": 2.052364199999999,
          "is_produced_by": [],
          "is_consumed_by": [
            "9019ef6f-833f-4eb4-8aab-8bbb3159e448"
          ],
          "provenance__density": "dummy estimator based on mw",
          "provenance__is_consumed_by": null,
          "provenance__is_produced_by": null,
          "provenance__mass": null,
          "provenance__molecular_weight": "periodic table",
          "provenance__smiles": null,
          "provenance__state_of_matter": "dummy estimator based on mw"
        }
      ],
      "reagents": [
        {
          "identifier": "ae5046c9-ca00-450e-bd54-e0c9c5dbad6d",
          "smiles": "C1CCOC1",
          "state_of_matter": "LIQUID",
          "molecular_weight": 72.10572000000005,
          "density": 1.0,
          "mass": 0.7210572000000005,
          "is_produced_by": [],
          "is_consumed_by": [
            "9019ef6f-833f-4eb4-8aab-8bbb3159e448"
          ],
          "provenance__density": "dummy estimator based on mw",
          "provenance__is_consumed_by": null,
          "provenance__is_produced_by": null,
          "provenance__mass": null,
          "provenance__molecular_weight": "periodic table",
          "provenance__smiles": null,
          "provenance__state_of_matter": "dummy estimator based on mw"
        },
        {
          "identifier": "fd0417aa-9b60-4a46-9b03-9d06a9971e56",
          "smiles": "[Li]N([Si](C)(C)C)[Si](C)(C)C",
          "state_of_matter": "SOLID",
          "molecular_weight": 167.3258199999998,
          "density": 1.4,
          "mass": 1.673258199999998,
          "is_produced_by": [],
          "is_consumed_by": [
            "9019ef6f-833f-4eb4-8aab-8bbb3159e448"
          ],
          "provenance__density": "dummy estimator based on mw",
          "provenance__is_consumed_by": null,
          "provenance__is_produced_by": null,
          "provenance__mass": null,
          "provenance__molecular_weight": "periodic table",
          "provenance__smiles": null,
          "provenance__state_of_matter": "dummy estimator based on mw"
        }
      ],
      "products": [
        {
          "identifier": "13c8f401-51ab-43c2-b7ea-206b0aa854dc",
          "smiles": "COC(=O)c1nnc(Cl)cc1Nc1cccc(-c2ncn(C)n2)c1OC",
          "state_of_matter": "SOLID",
          "molecular_weight": 375.7896400000002,
          "density": 1.4,
          "mass": 3.757896400000002,
          "is_produced_by": [
            "9019ef6f-833f-4eb4-8aab-8bbb3159e448"
          ],
          "is_consumed_by": [],
          "provenance__density": "dummy estimator based on mw",
          "provenance__is_consumed_by": null,
          "provenance__is_produced_by": null,
          "provenance__mass": null,
          "provenance__molecular_weight": "periodic table",
          "provenance__smiles": null,
          "provenance__state_of_matter": "dummy estimator based on mw"
        }
      ],
      "stoichiometry": {
        "18df8b39-6e27-4b2d-9d6f-993f270120fc": 1.0,
        "f2109098-11e8-4713-a886-8bcb1527ffac": 1.0,
        "13c8f401-51ab-43c2-b7ea-206b0aa854dc": -1.0
      },
      "temperature": 277.9126183569431,
      "intended_ratios": {
        "18df8b39-6e27-4b2d-9d6f-993f270120fc": 1.0,
        "f2109098-11e8-4713-a886-8bcb1527ffac": 1.0,
        "ae5046c9-ca00-450e-bd54-e0c9c5dbad6d": 1.0,
        "fd0417aa-9b60-4a46-9b03-9d06a9971e56": 1.0
      },
      "expected_yields": {
        "13c8f401-51ab-43c2-b7ea-206b0aa854dc": 1.0
      },
      "reaction_extent": 0.01
    },
    {
      "identifier": "4a56f461-3120-4726-af2b-5ab7dd4cae0e",
      "reactants": [
        {
          "identifier": "70c2eba0-cd89-4f69-bae1-bcc7e264d722",
          "smiles": "O=Cc1c[nH]c(-c2ccccc2F)c1",
          "state_of_matter": "LIQUID",
          "molecular_weight": 189.18572319999987,
          "density": 1.0,
          "mass": 1.8918572319999987,
          "is_produced_by": [],
          "is_consumed_by": [
            "4a56f461-3120-4726-af2b-5ab7dd4cae0e"
          ],
          "provenance__density": "dummy estimator based on mw",
          "provenance__is_consumed_by": null,
          "provenance__is_produced_by": null,
          "provenance__mass": null,
          "provenance__molecular_weight": "periodic table",
          "provenance__smiles": null,
          "provenance__state_of_matter": "dummy estimator based on mw"
        },
        {
          "identifier": "8b0b4e82-9724-494d-96ba-90ba593af5d2",
          "smiles": "O=S(=O)(Cl)c1cccnc1",
          "state_of_matter": "LIQUID",
          "molecular_weight": 177.60875999999996,
          "density": 1.0,
          "mass": 1.7760875999999997,
          "is_produced_by": [],
          "is_consumed_by": [
            "4a56f461-3120-4726-af2b-5ab7dd4cae0e"
          ],
          "provenance__density": "dummy estimator based on mw",
          "provenance__is_consumed_by": null,
          "provenance__is_produced_by": null,
          "provenance__mass": null,
          "provenance__molecular_weight": "periodic table",
          "provenance__smiles": null,
          "provenance__state_of_matter": "dummy estimator based on mw"
        }
      ],
      "reagents": [
        {
          "identifier": "1b5dd876-70fc-4850-8dcf-7eac70e1850d",
          "smiles": "C1CCOC1",
          "state_of_matter": "LIQUID",
          "molecular_weight": 72.10572000000005,
          "density": 1.0,
          "mass": 0.7210572000000005,
          "is_produced_by": [],
          "is_consumed_by": [
            "4a56f461-3120-4726-af2b-5ab7dd4cae0e"
          ],
          "provenance__density": "dummy estimator based on mw",
          "provenance__is_consumed_by": null,
          "provenance__is_produced_by": null,
          "provenance__mass": null,
          "provenance__molecular_weight": "periodic table",
          "provenance__smiles": null,
          "provenance__state_of_matter": "dummy estimator based on mw"
        },
        {
          "identifier": "b4e90e2b-64be-4ec4-906b-512676b7a45c",
          "smiles": "[Na]Cl",
          "state_of_matter": "SOLID",
          "molecular_weight": 58.44277,
          "density": 1.4,
          "mass": 0.5844277,
          "is_produced_by": [],
          "is_consumed_by": [
            "4a56f461-3120-4726-af2b-5ab7dd4cae0e"
          ],
          "provenance__density": "dummy estimator based on mw",
          "provenance__is_consumed_by": null,
          "provenance__is_produced_by": null,
          "provenance__mass": null,
          "provenance__molecular_weight": "periodic table",
          "provenance__smiles": null,
          "provenance__state_of_matter": "dummy estimator based on mw"
        },
        {
          "identifier": "2ce13f78-2e52-45c5-8585-4ac9b338b7d0",
          "smiles": "[NaH]",
          "state_of_matter": "SOLID",
          "molecular_weight": 23.99771,
          "density": 1.4,
          "mass": 0.23997710000000003,
          "is_produced_by": [],
          "is_consumed_by": [
            "4a56f461-3120-4726-af2b-5ab7dd4cae0e"
          ],
          "provenance__density": "dummy estimator based on mw",
          "provenance__is_consumed_by": null,
          "provenance__is_produced_by": null,
          "provenance__mass": null,
          "provenance__molecular_weight": "periodic table",
          "provenance__smiles": null,
          "provenance__state_of_matter": "dummy estimator based on mw"
        },
        {
          "identifier": "c1db715a-6691-4653-bdcd-66d4365c7153",
          "smiles": "C1COCCOCCOCCOCCO1",
          "state_of_matter": "SOLID",
          "molecular_weight": 220.26279999999983,
          "density": 1.4,
          "mass": 2.2026279999999985,
          "is_produced_by": [],
          "is_consumed_by": [
            "4a56f461-3120-4726-af2b-5ab7dd4cae0e"
          ],
          "provenance__density": "dummy estimator based on mw",
          "provenance__is_consumed_by": null,
          "provenance__is_produced_by": null,
          "provenance__mass": null,
          "provenance__molecular_weight": "periodic table",
          "provenance__smiles": null,
          "provenance__state_of_matter": "dummy estimator based on mw"
        }
      ],
      "products": [
        {
          "identifier": "6afd1656-5219-4d03-926d-8c548142d30a",
          "smiles": "O=Cc1cc(-c2ccccc2F)n(S(=O)(=O)c2cccnc2)c1",
          "state_of_matter": "SOLID",
          "molecular_weight": 331.3414832000002,
          "density": 1.4,
          "mass": 3.313414832000002,
          "is_produced_by": [
            "4a56f461-3120-4726-af2b-5ab7dd4cae0e"
          ],
          "is_consumed_by": [],
          "provenance__density": "dummy estimator based on mw",
          "provenance__is_consumed_by": null,
          "provenance__is_produced_by": null,
          "provenance__mass": null,
          "provenance__molecular_weight": "periodic table",
          "provenance__smiles": null,
          "provenance__state_of_matter": "dummy estimator based on mw"
        }
      ],
      "stoichiometry": {
        "70c2eba0-cd89-4f69-bae1-bcc7e264d722": 1.0,
        "8b0b4e82-9724-494d-96ba-90ba593af5d2": 1.0,
        "6afd1656-5219-4d03-926d-8c548142d30a": -1.0
      },
      "temperature": 289.642726957798,
      "intended_ratios": {
        "70c2eba0-cd89-4f69-bae1-bcc7e264d722": 1.0,
        "8b0b4e82-9724-494d-96ba-90ba593af5d2": 1.0,
        "1b5dd876-70fc-4850-8dcf-7eac70e1850d": 1.0,
        "b4e90e2b-64be-4ec4-906b-512676b7a45c": 1.0,
        "2ce13f78-2e52-45c5-8585-4ac9b338b7d0": 1.0,
        "c1db715a-6691-4653-bdcd-66d4365c7153": 1.0
      },
      "expected_yields": {
        "6afd1656-5219-4d03-926d-8c548142d30a": 1.0
      },
      "reaction_extent": 0.01
    }
  ],
  "molecular_nodes": [
    "C1CCOC1",
    "C1COCCO1",
    "C1COCCOCCOCCOCCO1",
    "CC(N)=O",
    "CC1(C)c2cccc(P(c3ccccc3)c3ccccc3)c2Oc2c(P(c3ccccc3)c3ccccc3)cccc21",
    "CCN(C(C)C)C(C)C",
    "CN",
    "CN(C)C(On1nnc2cccnc21)=[N+](C)C.F[P-](F)(F)(F)(F)F",
    "CN(C)C=O",
    "CNC(=O)c1nnc(Cl)cc1Nc1cccc(-c2ncn(C)n2)c1OC",
    "CNC(=O)c1nnc(N)cc1Nc1cccc(-c2ncn(C)n2)c1OC",
    "CNC(=O)c1nnc(NC(=O)C2CC2)cc1Nc1cccc(-c2ncn(C)n2)c1OC",
    "CNC(=O)c1nnc(NC(C)=O)cc1Nc1cccc(-c2ncn(C)n2)c1OC",
    "CNCc1cc(-c2ccccc2F)n(S(=O)(=O)c2cccnc2)c1",
    "CO",
    "COC(=O)c1nnc(Cl)cc1Cl",
    "COC(=O)c1nnc(Cl)cc1Nc1cccc(-c2ncn(C)n2)c1OC",
    "COc1c(N)cccc1-c1ncn(C)n1",
    "O=C(O)C1CC1",
    "O=C(O)O[Na]",
    "O=C(O[Cs])O[Cs]",
    "O=Cc1c[nH]c(-c2ccccc2F)c1",
    "O=Cc1cc(-c2ccccc2F)n(S(=O)(=O)c2cccnc2)c1",
    "O=S(=O)(Cl)c1cccnc1",
    "[BH4][Na]",
    "[Li]N([Si](C)(C)C)[Si](C)(C)C",
    "[NaH]",
    "[Na]Cl",
    "[Pd]"
  ],
  "edges": [
    [
      "1e433cea-152e-49af-97cc-e59a60f5d3a5",
      "CNC(=O)c1nnc(NC(=O)C2CC2)cc1Nc1cccc(-c2ncn(C)n2)c1OC"
    ],
    [
      "29618ebf-fa66-422e-bdee-d3482b4e436d",
      "CNCc1cc(-c2ccccc2F)n(S(=O)(=O)c2cccnc2)c1"
    ],
    [
      "4a56f461-3120-4726-af2b-5ab7dd4cae0e",
      "O=Cc1cc(-c2ccccc2F)n(S(=O)(=O)c2cccnc2)c1"
    ],
    [
      "8ddb3fab-0482-4e4f-9944-006f32d9668f",
      "CNC(=O)c1nnc(N)cc1Nc1cccc(-c2ncn(C)n2)c1OC"
    ],
    [
      "9019ef6f-833f-4eb4-8aab-8bbb3159e448",
      "COC(=O)c1nnc(Cl)cc1Nc1cccc(-c2ncn(C)n2)c1OC"
    ],
    [
      "C1CCOC1",
      "4a56f461-3120-4726-af2b-5ab7dd4cae0e"
    ],
    [
      "C1CCOC1",
      "9019ef6f-833f-4eb4-8aab-8bbb3159e448"
    ],
    [
      "C1CCOC1",
      "e9121892-ad34-4c07-a955-fec2fd76489c"
    ],
    [
      "C1COCCO1",
      "ac08f758-645c-418c-ae40-5a2d4c1839c9"
    ],
    [
      "C1COCCOCCOCCOCCO1",
      "4a56f461-3120-4726-af2b-5ab7dd4cae0e"
    ],
    [
      "CC(N)=O",
      "ac08f758-645c-418c-ae40-5a2d4c1839c9"
    ],
    [
      "CC1(C)c2cccc(P(c3ccccc3)c3ccccc3)c2Oc2c(P(c3ccccc3)c3ccccc3)cccc21",
      "ac08f758-645c-418c-ae40-5a2d4c1839c9"
    ],
    [
      "CCN(C(C)C)C(C)C",
      "1e433cea-152e-49af-97cc-e59a60f5d3a5"
    ],
    [
      "CN",
      "29618ebf-fa66-422e-bdee-d3482b4e436d"
    ],
    [
      "CN",
      "e9121892-ad34-4c07-a955-fec2fd76489c"
    ],
    [
      "CN(C)C(On1nnc2cccnc21)=[N+](C)C.F[P-](F)(F)(F)(F)F",
      "1e433cea-152e-49af-97cc-e59a60f5d3a5"
    ],
    [
      "CN(C)C=O",
      "1e433cea-152e-49af-97cc-e59a60f5d3a5"
    ],
    [
      "CNC(=O)c1nnc(Cl)cc1Nc1cccc(-c2ncn(C)n2)c1OC",
      "ac08f758-645c-418c-ae40-5a2d4c1839c9"
    ],
    [
      "CNC(=O)c1nnc(N)cc1Nc1cccc(-c2ncn(C)n2)c1OC",
      "1e433cea-152e-49af-97cc-e59a60f5d3a5"
    ],
    [
      "CNC(=O)c1nnc(NC(C)=O)cc1Nc1cccc(-c2ncn(C)n2)c1OC",
      "8ddb3fab-0482-4e4f-9944-006f32d9668f"
    ],
    [
      "CO",
      "29618ebf-fa66-422e-bdee-d3482b4e436d"
    ],
    [
      "CO",
      "8ddb3fab-0482-4e4f-9944-006f32d9668f"
    ],
    [
      "COC(=O)c1nnc(Cl)cc1Cl",
      "9019ef6f-833f-4eb4-8aab-8bbb3159e448"
    ],
    [
      "COC(=O)c1nnc(Cl)cc1Nc1cccc(-c2ncn(C)n2)c1OC",
      "e9121892-ad34-4c07-a955-fec2fd76489c"
    ],
    [
      "COc1c(N)cccc1-c1ncn(C)n1",
      "9019ef6f-833f-4eb4-8aab-8bbb3159e448"
    ],
    [
      "O=C(O)C1CC1",
      "1e433cea-152e-49af-97cc-e59a60f5d3a5"
    ],
    [
      "O=C(O)O[Na]",
      "29618ebf-fa66-422e-bdee-d3482b4e436d"
    ],
    [
      "O=C(O[Cs])O[Cs]",
      "ac08f758-645c-418c-ae40-5a2d4c1839c9"
    ],
    [
      "O=Cc1c[nH]c(-c2ccccc2F)c1",
      "4a56f461-3120-4726-af2b-5ab7dd4cae0e"
    ],
    [
      "O=Cc1cc(-c2ccccc2F)n(S(=O)(=O)c2cccnc2)c1",
      "29618ebf-fa66-422e-bdee-d3482b4e436d"
    ],
    [
      "O=S(=O)(Cl)c1cccnc1",
      "4a56f461-3120-4726-af2b-5ab7dd4cae0e"
    ],
    [
      "[BH4][Na]",
      "29618ebf-fa66-422e-bdee-d3482b4e436d"
    ],
    [
      "[Li]N([Si](C)(C)C)[Si](C)(C)C",
      "9019ef6f-833f-4eb4-8aab-8bbb3159e448"
    ],
    [
      "[Li]N([Si](C)(C)C)[Si](C)(C)C",
      "e9121892-ad34-4c07-a955-fec2fd76489c"
    ],
    [
      "[NaH]",
      "4a56f461-3120-4726-af2b-5ab7dd4cae0e"
    ],
    [
      "[Na]Cl",
      "4a56f461-3120-4726-af2b-5ab7dd4cae0e"
    ],
    [
      "[Pd]",
      "ac08f758-645c-418c-ae40-5a2d4c1839c9"
    ],
    [
      "ac08f758-645c-418c-ae40-5a2d4c1839c9",
      "CNC(=O)c1nnc(NC(C)=O)cc1Nc1cccc(-c2ncn(C)n2)c1OC"
    ],
    [
      "e9121892-ad34-4c07-a955-fec2fd76489c",
      "CNC(=O)c1nnc(Cl)cc1Nc1cccc(-c2ncn(C)n2)c1OC"
    ]
  ]
}