{
  "identifier": "a07bde07-bab8-492d-92ca-76fa81f77357",
  "chemical_reactions": [
    {
      "identifier": "d6ff264f-bf39-4917-b0c5-2799b4ce97e1",
      "reactants": [
        {
          "identifier": "eaf5c148-d20b-4bd3-9cee-435ed0ab7040",
          "smiles": "CSc1ccc(O)cc1",
          "state_of_matter": "LIQUID",
          "molecular_weight": 140.20281999999992,
          "density": 1.0,
          "mass": 1.4020281999999993,
          "is_produced_by": [],
          "is_consumed_by": [
            "d6ff264f-bf39-4917-b0c5-2799b4ce97e1"
          ],
          "provenance__density": "dummy estimator based on mw",
          "provenance__is_consumed_by": null,
          "provenance__is_produced_by": null,
          "provenance__mass": null,
          "provenance__molecular_weight": "periodic table",
          "provenance__smiles": null,
          "provenance__state_of_matter": "dummy estimator based on mw"
        },
        {
          "identifier": "bef8427b-20f3-4c04-8c2c-3bfd94528f13",
          "smiles": "Cn1c([N+](=O)[O-])cnc1CO",
          "state_of_matter": "LIQUID",
          "molecular_weight": 158.13531999999992,
          "density": 1.0,
          "mass": 1.5813531999999992,
          "is_produced_by": [],
          "is_consumed_by": [
            "d6ff264f-bf39-4917-b0c5-2799b4ce97e1"
          ],
          "provenance__density": "dummy estimator based on mw",
          "provenance__is_consumed_by": null,
          "provenance__is_produced_by": null,
          "provenance__mass": null,
          "provenance__molecular_weight": "periodic table",
          "provenance__smiles": null,
          "provenance__state_of_matter": "dummy estimator based on mw"
        }
      ],
      "reagents": [
        {
          "identifier": "774e83ff-f524-4a4f-ae04-864cef2dd328",
          "smiles": "C1CCOC1",
          "state_of_matter": "LIQUID",
          "molecular_weight": 72.10572000000005,
          "density": 1.0,
          "mass": 0.7210572000000005,
          "is_produced_by": [],
          "is_consumed_by": [
            "d6ff264f-bf39-4917-b0c5-2799b4ce97e1"
          ],
          "provenance__density": "dummy estimator based on mw",
          "provenance__is_consumed_by": null,
          "provenance__is_produced_by": null,
          "provenance__mass": null,
          "provenance__molecular_weight": "periodic table",
          "provenance__smiles": null,
          "provenance__state_of_matter": "dummy estimator based on mw"
        },
        {
          "identifier": "7c80138e-d583-4118-acd6-eb5fac341eab",
          "smiles": "c1ccc(P(c2ccccc2)c2ccccc2)cc1",
          "state_of_matter": "SOLID",
          "molecular_weight": 262.28546099999994,
          "density": 1.4,
          "mass": 2.6228546099999996,
          "is_produced_by": [],
          "is_consumed_by": [
            "d6ff264f-bf39-4917-b0c5-2799b4ce97e1"
          ],
          "provenance__density": "dummy estimator based on mw",
          "provenance__is_consumed_by": null,
          "provenance__is_produced_by": null,
          "provenance__mass": null,
          "provenance__molecular_weight": "periodic table",
          "provenance__smiles": null,
          "provenance__state_of_matter": "dummy estimator based on mw"
        },
        {
          "identifier": "f0aa9e60-632f-440e-9701-86c2c2acd9c7",
          "smiles": "CCOC(=O)N=NC(=O)OCC",
          "state_of_matter": "LIQUID",
          "molecular_weight": 174.1545999999999,
          "density": 1.0,
          "mass": 1.7415459999999992,
          "is_produced_by": [],
          "is_consumed_by": [
            "d6ff264f-bf39-4917-b0c5-2799b4ce97e1"
          ],
          "provenance__density": "dummy estimator based on mw",
          "provenance__is_consumed_by": null,
          "provenance__is_produced_by": null,
          "provenance__mass": null,
          "provenance__molecular_weight": "periodic table",
          "provenance__smiles": null,
          "provenance__state_of_matter": "dummy estimator based on mw"
        }
      ],
      "products": [
        {
          "identifier": "a69b5c63-c136-491d-8ee4-2776b4431f36",
          "smiles": "CSc1ccc(OCc2ncc([N+](=O)[O-])n2C)cc1",
          "state_of_matter": "SOLID",
          "molecular_weight": 280.3228600000002,
          "density": 1.4,
          "mass": 2.8032286000000024,
          "is_produced_by": [
            "d6ff264f-bf39-4917-b0c5-2799b4ce97e1"
          ],
          "is_consumed_by": [],
          "provenance__density": "dummy estimator based on mw",
          "provenance__is_consumed_by": null,
          "provenance__is_produced_by": null,
          "provenance__mass": null,
          "provenance__molecular_weight": "periodic table",
          "provenance__smiles": null,
          "provenance__state_of_matter": "dummy estimator based on mw"
        }
      ],
      "stoichiometry": {
        "eaf5c148-d20b-4bd3-9cee-435ed0ab7040": 1.0,
        "bef8427b-20f3-4c04-8c2c-3bfd94528f13": 1.0,
        "a69b5c63-c136-491d-8ee4-2776b4431f36": -1.0
      },
      "temperature": 283.99080734252925,
      "intended_ratios": {
        "eaf5c148-d20b-4bd3-9cee-435ed0ab7040": 1.0,
        "bef8427b-20f3-4c04-8c2c-3bfd94528f13": 1.0,
        "774e83ff-f524-4a4f-ae04-864cef2dd328": 1.0,
        "7c80138e-d583-4118-acd6-eb5fac341eab": 1.0,
        "f0aa9e60-632f-440e-9701-86c2c2acd9c7": 1.0
      },
      "expected_yields": {
        "a69b5c63-c136-491d-8ee4-2776b4431f36": 1.0
      },
      "reaction_extent": 0.01
    },
    {
      "identifier": "c7b5ca60-d563-4ca1-a63a-007a65c3c17c",
      "reactants": [
        {
          "identifier": "11311b4a-fe11-4e60-9f8c-f93ea4316ea7",
          "smiles": "Cc1ccc(S(=O)(=O)Cl)cc1",
          "state_of_matter": "LIQUID",
          "molecular_weight": 190.64727999999988,
          "density": 1.0,
          "mass": 1.9064727999999989,
          "is_produced_by": [],
          "is_consumed_by": [
            "c7b5ca60-d563-4ca1-a63a-007a65c3c17c"
          ],
          "provenance__density": "dummy estimator based on mw",
          "provenance__is_consumed_by": null,
          "provenance__is_produced_by": null,
          "provenance__mass": null,
          "provenance__molecular_weight": "periodic table",
          "provenance__smiles": null,
          "provenance__state_of_matter": "dummy estimator based on mw"
        },
        {
          "identifier": "af360926-bb6e-450d-b270-0dc303d39de6",
          "smiles": "Clc1cnc2[nH]cc(Cc3ccc(Cl)nc3)c2c1",
          "state_of_matter": "SOLID",
          "molecular_weight": 278.13666000000006,
          "density": 1.4,
          "mass": 2.7813666000000006,
          "is_produced_by": [],
          "is_consumed_by": [
            "c7b5ca60-d563-4ca1-a63a-007a65c3c17c"
          ],
          "provenance__density": "dummy estimator based on mw",
          "provenance__is_consumed_by": null,
          "provenance__is_produced_by": null,
          "provenance__mass": null,
          "provenance__molecular_weight": "periodic table",
          "provenance__smiles": null,
          "provenance__state_of_matter": "dummy estimator based on mw"
        }
      ],
      "reagents": [
        {
          "identifier": "01e7433b-8db1-4b20-9c4e-dc432621b1b2",
          "smiles": "CN(C)C=O",
          "state_of_matter": "LIQUID",
          "molecular_weight": 73.09378000000004,
          "density": 1.0,
          "mass": 0.7309378000000004,
          "is_produced_by": [],
          "is_consumed_by": [
            "c7b5ca60-d563-4ca1-a63a-007a65c3c17c"
          ],
          "provenance__density": "dummy estimator based on mw",
          "provenance__is_consumed_by": null,
          "provenance__is_produced_by": null,
          "provenance__mass": null,
          "provenance__molecular_weight": "periodic table",
          "provenance__smiles": null,
          "provenance__state_of_matter": "dummy estimator based on mw"
        },
        {
          "identifier": "07b7507b-247f-4f17-b914-69197192d36b",
          "smiles": "O",
          "state_of_matter": "LIQUID",
          "molecular_weight": 18.01528,
          "density": 1.0,
          "mass": 0.1801528,
          "is_produced_by": [],
          "is_consumed_by": [
            "c7b5ca60-d563-4ca1-a63a-007a65c3c17c"
          ],
          "provenance__density": "dummy estimator based on mw",
          "provenance__is_consumed_by": null,
          "provenance__is_produced_by": null,
          "provenance__mass": null,
          "provenance__molecular_weight": "periodic table",
          "provenance__smiles": null,
          "provenance__state_of_matter": "dummy estimator based on mw"
        },
        {
          "identifier": "0c0928cf-b556-4188-9287-eab53efc6ca8",
          "smiles": "[NaH]",
          "state_of_matter": "SOLID",
          "molecular_weight": 23.99771,
          "density": 1.4,
          "mass": 0.23997710000000003,
          "is_produced_by": [],
          "is_consumed_by": [
            "c7b5ca60-d563-4ca1-a63a-007a65c3c17c"
          ],
          "provenance__density": "dummy estimator based on mw",
          "provenance__is_consumed_by": null,
          "provenance__is_produced_by": null,
          "provenance__mass": null,
          "provenance__molecular_weight": "periodic table",
          "provenance__smiles": null,
          "provenance__state_of_matter": "dummy estimator based on mw"
        }
      ],
      "products": [
        {
          "identifier": "68ea9c2b-d23a-4b6c-8748-7ac03fce9720",
          "smiles": "Cc1ccc(S(=O)(=O)n2cc(Cc3ccc(Cl)nc3)c3cc(Cl)cnc32)cc1",
          "state_of_matter": "SOLID",
          "molecular_weight": 433.33094000000017,
          "density": 1.4,
          "mass": 4.333309400000002,
          "is_produced_by": [
            "c7b5ca60-d563-4ca1-a63a-007a65c3c17c"
          ],
          "is_consumed_by": [],
          "provenance__density": "dummy estimator based on mw",
          "provenance__is_consumed_by": null,
          "provenance__is_produced_by": null,
          "provenance__mass": null,
          "provenance__molecular_weight": "periodic table",
          "provenance__smiles": null,
          "provenance__state_of_matter": "dummy estimator based on mw"
        }
      ],
      "stoichiometry": {
        "11311b4a-fe11-4e60-9f8c-f93ea4316ea7": 1.0,
        "af360926-bb6e-450d-b270-0dc303d39de6": 1.0,
        "68ea9c2b-d23a-4b6c-8748-7ac03fce9720": -1.0
      },
      "temperature": 294.0366781532764,
      "intended_ratios": {
        "11311b4a-fe11-4e60-9f8c-f93ea4316ea7": 1.0,
        "af360926-bb6e-450d-b270-0dc303d39de6": 1.0,
        "01e7433b-8db1-4b20-9c4e-dc432621b1b2": 1.0,
        "07b7507b-247f-4f17-b914-69197192d36b": 1.0,
        "0c0928cf-b556-4188-9287-eab53efc6ca8": 1.0
      },
      "expected_yields": {
        "68ea9c2b-d23a-4b6c-8748-7ac03fce9720": 1.0
      },
      "reaction_extent": 0.01
    },
    {
      "identifier": "f11c1c48-3811-4bfd-bc0e-d39cc0e65cfb",
      "reactants": [
        {
          "identifier": "d914d6c0-a55a-4888-ac47-07cb94b0c0b3",
          "smiles": "Cc1ccc(S(=O)(=O)n2cc(Cc3ccc(Cl)nc3)c3cc(Cl)cnc32)cc1",
          "state_of_matter": "SOLID",
          "molecular_weight": 433.33094000000017,
          "density": 1.4,
          "mass": 4.333309400000002,
          "is_produced_by": [],
          "is_consumed_by": [
            "f11c1c48-3811-4bfd-bc0e-d39cc0e65cfb"
          ],
          "provenance__density": "dummy estimator based on mw",
          "provenance__is_consumed_by": null,
          "provenance__is_produced_by": null,
          "provenance__mass": null,
          "provenance__molecular_weight": "periodic table",
          "provenance__smiles": null,
          "provenance__state_of_matter": "dummy estimator based on mw"
        }
      ],
      "reagents": [
        {
          "identifier": "bce94a61-7539-427b-bf18-0fc51373e4f2",
          "smiles": "O=C(O)C(F)(F)F",
          "state_of_matter": "LIQUID",
          "molecular_weight": 114.0233496,
          "density": 1.0,
          "mass": 1.140233496,
          "is_produced_by": [],
          "is_consumed_by": [
            "f11c1c48-3811-4bfd-bc0e-d39cc0e65cfb"
          ],
          "provenance__density": "dummy estimator based on mw",
          "provenance__is_consumed_by": null,
          "provenance__is_produced_by": null,
          "provenance__mass": null,
          "provenance__molecular_weight": "periodic table",
          "provenance__smiles": null,
          "provenance__state_of_matter": "dummy estimator based on mw"
        }
      ],
      "products": [
        {
          "identifier": "4d897e13-5561-4cc0-a1ce-98a7db12975b",
          "smiles": "Cc1ccc(S(=O)(=O)n2cc(Cc3ccc(N)nc3)c3cc(Cl)cnc32)cc1",
          "state_of_matter": "SOLID",
          "molecular_weight": 413.90052000000014,
          "density": 1.4,
          "mass": 4.1390052000000015,
          "is_produced_by": [
            "f11c1c48-3811-4bfd-bc0e-d39cc0e65cfb"
          ],
          "is_consumed_by": [],
          "provenance__density": "dummy estimator based on mw",
          "provenance__is_consumed_by": null,
          "provenance__is_produced_by": null,
          "provenance__mass": null,
          "provenance__molecular_weight": "periodic table",
          "provenance__smiles": null,
          "provenance__state_of_matter": "dummy estimator based on mw"
        }
      ],
      "stoichiometry": {
        "d914d6c0-a55a-4888-ac47-07cb94b0c0b3": 1.0,
        "4d897e13-5561-4cc0-a1ce-98a7db12975b": -1.0
      },
      "temperature": 354.8695926904678,
      "intended_ratios": {
        "d914d6c0-a55a-4888-ac47-07cb94b0c0b3": 1.0,
        "bce94a61-7539-427b-bf18-0fc51373e4f2": 1.0
      },
      "expected_yields": {
        "4d897e13-5561-4cc0-a1ce-98a7db12975b": 1.0
      },
      "reaction_extent": 0.01
    },
    {
      "identifier": "e2867ec5-31e4-47fc-83be-a30d4330efe3",
      "reactants": [
        {
          "identifier": "29fe04e0-5c45-45c5-8155-5a0c8614d478",
          "smiles": "Cc1ccc(S(=O)(=O)n2cc(Cc3ccc(N)nc3)c3cc(Cl)cnc32)cc1",
          "state_of_matter": "SOLID",
          "molecular_weight": 413.90052000000014,
          "density": 1.4,
          "mass": 4.1390052000000015,
          "is_produced_by": [],
          "is_consumed_by": [
            "e2867ec5-31e4-47fc-83be-a30d4330efe3"
          ],
          "provenance__density": "dummy estimator based on mw",
          "provenance__is_consumed_by": null,
          "provenance__is_produced_by": null,
          "provenance__mass": null,
          "provenance__molecular_weight": "periodic table",
          "provenance__smiles": null,
          "provenance__state_of_matter": "dummy estimator based on mw"
        },
        {
          "identifier": "bdcb8e7c-6fd0-4432-8cd9-1ee5b60e7e3c",
          "smiles": "O=C(O)c1ccc(C(F)(F)F)nc1",
          "state_of_matter": "LIQUID",
          "molecular_weight": 191.10736959999997,
          "density": 1.0,
          "mass": 1.9110736959999997,
          "is_produced_by": [],
          "is_consumed_by": [
            "e2867ec5-31e4-47fc-83be-a30d4330efe3"
          ],
          "provenance__density": "dummy estimator based on mw",
          "provenance__is_consumed_by": null,
          "provenance__is_produced_by": null,
          "provenance__mass": null,
          "provenance__molecular_weight": "periodic table",
          "provenance__smiles": null,
          "provenance__state_of_matter": "dummy estimator based on mw"
        }
      ],
      "reagents": [
        {
          "identifier": "ca34d7cc-ea72-4801-bbbc-c397a20398bd",
          "smiles": "c1ccncc1",
          "state_of_matter": "LIQUID",
          "molecular_weight": 79.09990000000003,
          "density": 1.0,
          "mass": 0.7909990000000003,
          "is_produced_by": [],
          "is_consumed_by": [
            "e2867ec5-31e4-47fc-83be-a30d4330efe3"
          ],
          "provenance__density": "dummy estimator based on mw",
          "provenance__is_consumed_by": null,
          "provenance__is_produced_by": null,
          "provenance__mass": null,
          "provenance__molecular_weight": "periodic table",
          "provenance__smiles": null,
          "provenance__state_of_matter": "dummy estimator based on mw"
        },
        {
          "identifier": "5ad46729-06db-469a-b875-c96864e64164",
          "smiles": "O=S(Cl)Cl",
          "state_of_matter": "LIQUID",
          "molecular_weight": 118.97040000000001,
          "density": 1.0,
          "mass": 1.189704,
          "is_produced_by": [],
          "is_consumed_by": [
            "e2867ec5-31e4-47fc-83be-a30d4330efe3"
          ],
          "provenance__density": "dummy estimator based on mw",
          "provenance__is_consumed_by": null,
          "provenance__is_produced_by": null,
          "provenance__mass": null,
          "provenance__molecular_weight": "periodic table",
          "provenance__smiles": null,
          "provenance__state_of_matter": "dummy estimator based on mw"
        }
      ],
      "products": [
        {
          "identifier": "f16b4b55-b772-47cb-b8b4-f443d83e018f",
          "smiles": "Cc1ccc(S(=O)(=O)n2cc(Cc3ccc(NC(=O)c4ccc(C(F)(F)F)nc4)nc3)c3cc(Cl)cnc32)cc1",
          "state_of_matter": "SOLID",
          "molecular_weight": 586.9926095999992,
          "density": 1.4,
          "mass": 5.869926095999992,
          "is_produced_by": [
            "e2867ec5-31e4-47fc-83be-a30d4330efe3"
          ],
          "is_consumed_by": [],
          "provenance__density": "dummy estimator based on mw",
          "provenance__is_consumed_by": null,
          "provenance__is_produced_by": null,
          "provenance__mass": null,
          "provenance__molecular_weight": "periodic table",
          "provenance__smiles": null,
          "provenance__state_of_matter": "dummy estimator based on mw"
        }
      ],
      "stoichiometry": {
        "29fe04e0-5c45-45c5-8155-5a0c8614d478": 1.0,
        "bdcb8e7c-6fd0-4432-8cd9-1ee5b60e7e3c": 1.0,
        "f16b4b55-b772-47cb-b8b4-f443d83e018f": -1.0
      },
      "temperature": 328.6723099887371,
      "intended_ratios": {
        "29fe04e0-5c45-45c5-8155-5a0c8614d478": 1.0,
        "bdcb8e7c-6fd0-4432-8cd9-1ee5b60e7e3c": 1.0,
        "ca34d7cc-ea72-4801-bbbc-c397a20398bd": 1.0,
        "5ad46729-06db-469a-b875-c96864e64164": 1.0
      },
      "expected_yields": {
        "f16b4b55-b772-47cb-b8b4-f443d83e018f": 1.0
      },
      "reaction_extent": 0.01
    },
    {
      "identifier": "cd240964-8c82-4236-a491-cc84bf229169",
      "reactants": [
        {
          "identifier": "d682bdbd-a0a6-4a31-ace2-5adbc072de63",
          "smiles": "Cc1ccc(S(=O)(=O)n2cc(Cc3ccc(NC(=O)c4ccc(C(F)(F)F)nc4)nc3)c3cc(Cl)cnc32)cc1",
          "state_of_matter": "SOLID",
          "molecular_weight": 586.9926095999992,
          "density": 1.4,
          "mass": 5.869926095999992,
          "is_produced_by": [],
          "is_consumed_by": [
            "cd240964-8c82-4236-a491-cc84bf229169"
          ],
          "provenance__density": "dummy estimator based on mw",
          "provenance__is_consumed_by": null,
          "provenance__is_produced_by": null,
          "provenance__mass": null,
          "provenance__molecular_weight": "periodic table",
          "provenance__smiles": null,
          "provenance__state_of_matter": "dummy estimator based on mw"
        }
      ],
      "reagents": [
        {
          "identifier": "cb93abd3-d7da-48d3-abc7-8130921e6a9d",
          "smiles": "O",
          "state_of_matter": "LIQUID",
          "molecular_weight": 18.01528,
          "density": 1.0,
          "mass": 0.1801528,
          "is_produced_by": [],
          "is_consumed_by": [
            "cd240964-8c82-4236-a491-cc84bf229169"
          ],
          "provenance__density": "dummy estimator based on mw",
          "provenance__is_consumed_by": null,
          "provenance__is_produced_by": null,
          "provenance__mass": null,
          "provenance__molecular_weight": "periodic table",
          "provenance__smiles": null,
          "provenance__state_of_matter": "dummy estimator based on mw"
        },
        {
          "identifier": "02cdaf18-085a-4812-b073-53a9437fa4e8",
          "smiles": "C1CCOC1",
          "state_of_matter": "LIQUID",
          "molecular_weight": 72.10572000000005,
          "density": 1.0,
          "mass": 0.7210572000000005,
          "is_produced_by": [],
          "is_consumed_by": [
            "cd240964-8c82-4236-a491-cc84bf229169"
          ],
          "provenance__density": "dummy estimator based on mw",
          "provenance__is_consumed_by": null,
          "provenance__is_produced_by": null,
          "provenance__mass": null,
          "provenance__molecular_weight": "periodic table",
          "provenance__smiles": null,
          "provenance__state_of_matter": "dummy estimator based on mw"
        },
        {
          "identifier": "fa90446f-1617-4696-821a-449776a8d881",
          "smiles": "CCCC[N+](CCCC)(CCCC)CCCC.[F-]",
          "state_of_matter": "SOLID",
          "molecular_weight": 261.46214319999973,
          "density": 1.4,
          "mass": 2.614621431999997,
          "is_produced_by": [],
          "is_consumed_by": [
            "cd240964-8c82-4236-a491-cc84bf229169"
          ],
          "provenance__density": "dummy estimator based on mw",
          "provenance__is_consumed_by": null,
          "provenance__is_produced_by": null,
          "provenance__mass": null,
          "provenance__molecular_weight": "periodic table",
          "provenance__smiles": null,
          "provenance__state_of_matter": "dummy estimator based on mw"
        }
      ],
      "products": [
        {
          "identifier": "51312bd2-3202-4bb0-a5cf-2f905a8464e0",
          "smiles": "O=C(Nc1ccc(Cc2c[nH]c3ncc(Cl)cc23)cn1)c1ccc(C(F)(F)F)nc1",
          "state_of_matter": "SOLID",
          "molecular_weight": 431.79832960000016,
          "density": 1.4,
          "mass": 4.317983296000001,
          "is_produced_by": [
            "cd240964-8c82-4236-a491-cc84bf229169"
          ],
          "is_consumed_by": [],
          "provenance__density": "dummy estimator based on mw",
          "provenance__is_consumed_by": null,
          "provenance__is_produced_by": null,
          "provenance__mass": null,
          "provenance__molecular_weight": "periodic table",
          "provenance__smiles": null,
          "provenance__state_of_matter": "dummy estimator based on mw"
        }
      ],
      "stoichiometry": {
        "d682bdbd-a0a6-4a31-ace2-5adbc072de63": 1.0,
        "51312bd2-3202-4bb0-a5cf-2f905a8464e0": -1.0
      },
      "temperature": 316.97248406410216,
      "intended_ratios": {
        "d682bdbd-a0a6-4a31-ace2-5adbc072de63": 1.0,
        "cb93abd3-d7da-48d3-abc7-8130921e6a9d": 1.0,
        "02cdaf18-085a-4812-b073-53a9437fa4e8": 1.0,
        "fa90446f-1617-4696-821a-449776a8d881": 1.0
      },
      "expected_yields": {
        "51312bd2-3202-4bb0-a5cf-2f905a8464e0": 1.0
      },
      "reaction_extent": 0.01
    },
    {
      "identifier": "b00657f6-f1eb-4dff-a18d-a6a8ef93b750",
      "reactants": [
        {
          "identifier": "02cf68ea-1c79-41fe-80cb-64acc9a3c1a4",
          "smiles": "Clc1cnc2[nH]ccc2c1",
          "state_of_matter": "LIQUID",
          "molecular_weight": 152.58099999999993,
          "density": 1.0,
          "mass": 1.5258099999999994,
          "is_produced_by": [],
          "is_consumed_by": [
            "b00657f6-f1eb-4dff-a18d-a6a8ef93b750"
          ],
          "provenance__density": "dummy estimator based on mw",
          "provenance__is_consumed_by": null,
          "provenance__is_produced_by": null,
          "provenance__mass": null,
          "provenance__molecular_weight": "periodic table",
          "provenance__smiles": null,
          "provenance__state_of_matter": "dummy estimator based on mw"
        },
        {
          "identifier": "7df9d757-e121-472a-8e67-d02c79b14b08",
          "smiles": "O=Cc1ccc(Cl)nc1",
          "state_of_matter": "LIQUID",
          "molecular_weight": 141.55505999999997,
          "density": 1.0,
          "mass": 1.4155505999999998,
          "is_produced_by": [],
          "is_consumed_by": [
            "b00657f6-f1eb-4dff-a18d-a6a8ef93b750"
          ],
          "provenance__density": "dummy estimator based on mw",
          "provenance__is_consumed_by": null,
          "provenance__is_produced_by": null,
          "provenance__mass": null,
          "provenance__molecular_weight": "periodic table",
          "provenance__smiles": null,
          "provenance__state_of_matter": "dummy estimator based on mw"
        }
      ],
      "reagents": [
        {
          "identifier": "e345ad40-bea4-4733-bbc8-425668abb462",
          "smiles": "CO",
          "state_of_matter": "LIQUID",
          "molecular_weight": 32.04186000000001,
          "density": 1.0,
          "mass": 0.32041860000000005,
          "is_produced_by": [],
          "is_consumed_by": [
            "b00657f6-f1eb-4dff-a18d-a6a8ef93b750"
          ],
          "provenance__density": "dummy estimator based on mw",
          "provenance__is_consumed_by": null,
          "provenance__is_produced_by": null,
          "provenance__mass": null,
          "provenance__molecular_weight": "periodic table",
          "provenance__smiles": null,
          "provenance__state_of_matter": "dummy estimator based on mw"
        },
        {
          "identifier": "2cb17aab-5173-49bd-9d97-c1b44d53fb1d",
          "smiles": "O",
          "state_of_matter": "LIQUID",
          "molecular_weight": 18.01528,
          "density": 1.0,
          "mass": 0.1801528,
          "is_produced_by": [],
          "is_consumed_by": [
            "b00657f6-f1eb-4dff-a18d-a6a8ef93b750"
          ],
          "provenance__density": "dummy estimator based on mw",
          "provenance__is_consumed_by": null,
          "provenance__is_produced_by": null,
          "provenance__mass": null,
          "provenance__molecular_weight": "periodic table",
          "provenance__smiles": null,
          "provenance__state_of_matter": "dummy estimator based on mw"
        },
        {
          "identifier": "1821892f-e931-4a6b-8454-a2eb3432eaa4",
          "smiles": "O[K]",
          "state_of_matter": "SOLID",
          "molecular_weight": 56.10564,
          "density": 1.4,
          "mass": 0.5610564,
          "is_produced_by": [],
          "is_consumed_by": [
            "b00657f6-f1eb-4dff-a18d-a6a8ef93b750"
          ],
          "provenance__density": "dummy estimator based on mw",
          "provenance__is_consumed_by": null,
          "provenance__is_produced_by": null,
          "provenance__mass": null,
          "provenance__molecular_weight": "periodic table",
          "provenance__smiles": null,
          "provenance__state_of_matter": "dummy estimator based on mw"
        }
      ],
      "products": [
        {
          "identifier": "de37fa4c-53d5-4220-a31b-6701a567502e",
          "smiles": "OC(c1ccc(Cl)nc1)c1c[nH]c2ncc(Cl)cc12",
          "state_of_matter": "SOLID",
          "molecular_weight": 294.1360600000001,
          "density": 1.4,
          "mass": 2.941360600000001,
          "is_produced_by": [
            "b00657f6-f1eb-4dff-a18d-a6a8ef93b750"
          ],
          "is_consumed_by": [],
          "provenance__density": "dummy estimator based on mw",
          "provenance__is_consumed_by": null,
          "provenance__is_produced_by": null,
          "provenance__mass": null,
          "provenance__molecular_weight": "periodic table",
          "provenance__smiles": null,
          "provenance__state_of_matter": "dummy estimator based on mw"
        }
      ],
      "stoichiometry": {
        "02cf68ea-1c79-41fe-80cb-64acc9a3c1a4": 1.0,
        "7df9d757-e121-472a-8e67-d02c79b14b08": 1.0,
        "de37fa4c-53d5-4220-a31b-6701a567502e": -1.0
      },
      "temperature": 281.2925557672977,
      "intended_ratios": {
        "02cf68ea-1c79-41fe-80cb-64acc9a3c1a4": 1.0,
        "7df9d757-e121-472a-8e67-d02c79b14b08": 1.0,
        "e345ad40-bea4-4733-bbc8-425668abb462": 1.0,
        "2cb17aab-5173-49bd-9d97-c1b44d53fb1d": 1.0,
        "1821892f-e931-4a6b-8454-a2eb3432eaa4": 1.0
      },
      "expected_yields": {
        "de37fa4c-53d5-4220-a31b-6701a567502e": 1.0
      },
      "reaction_extent": 0.01
    },
    {
      "identifier": "47aa7fab-7be7-4316-8ce8-f74ef3f721bd",
      "reactants": [
        {
          "identifier": "e100ba95-35b5-4226-99b3-279547568488",
          "smiles": "O=C(Nc1ccc(Cc2c[nH]c3ncc(Cl)cc23)cn1)c1ccc(C(F)(F)F)nc1",
          "state_of_matter": "SOLID",
          "molecular_weight": 431.79832960000016,
          "density": 1.4,
          "mass": 4.317983296000001,
          "is_produced_by": [],
          "is_consumed_by": [
            "47aa7fab-7be7-4316-8ce8-f74ef3f721bd"
          ],
          "provenance__density": "dummy estimator based on mw",
          "provenance__is_consumed_by": null,
          "provenance__is_produced_by": null,
          "provenance__mass": null,
          "provenance__molecular_weight": "periodic table",
          "provenance__smiles": null,
          "provenance__state_of_matter": "dummy estimator based on mw"
        }
      ],
      "reagents": [
        {
          "identifier": "d8479404-b27b-4c2c-a6f3-6f1a869cbbe7",
          "smiles": "CC#N",
          "state_of_matter": "LIQUID",
          "molecular_weight": 41.051919999999996,
          "density": 1.0,
          "mass": 0.4105192,
          "is_produced_by": [],
          "is_consumed_by": [
            "47aa7fab-7be7-4316-8ce8-f74ef3f721bd"
          ],
          "provenance__density": "dummy estimator based on mw",
          "provenance__is_consumed_by": null,
          "provenance__is_produced_by": null,
          "provenance__mass": null,
          "provenance__molecular_weight": "periodic table",
          "provenance__smiles": null,
          "provenance__state_of_matter": "dummy estimator based on mw"
        },
        {
          "identifier": "0db9371a-7454-4ff9-b641-c75f9a4ca8b5",
          "smiles": "O=C(O)C(F)(F)F",
          "state_of_matter": "LIQUID",
          "molecular_weight": 114.0233496,
          "density": 1.0,
          "mass": 1.140233496,
          "is_produced_by": [],
          "is_consumed_by": [
            "47aa7fab-7be7-4316-8ce8-f74ef3f721bd"
          ],
          "provenance__density": "dummy estimator based on mw",
          "provenance__is_consumed_by": null,
          "provenance__is_produced_by": null,
          "provenance__mass": null,
          "provenance__molecular_weight": "periodic table",
          "provenance__smiles": null,
          "provenance__state_of_matter": "dummy estimator based on mw"
        },
        {
          "identifier": "b38cfa1c-8ffb-4b5f-99c1-a87a41161647",
          "smiles": "CC[SiH](CC)CC",
          "state_of_matter": "LIQUID",
          "molecular_weight": 116.27674000000007,
          "density": 1.0,
          "mass": 1.1627674000000008,
          "is_produced_by": [],
          "is_consumed_by": [
            "47aa7fab-7be7-4316-8ce8-f74ef3f721bd"
          ],
          "provenance__density": "dummy estimator based on mw",
          "provenance__is_consumed_by": null,
          "provenance__is_produced_by": null,
          "provenance__mass": null,
          "provenance__molecular_weight": "periodic table",
          "provenance__smiles": null,
          "provenance__state_of_matter": "dummy estimator based on mw"
        }
      ],
      "products": [
        {
          "identifier": "899afa31-dd0f-4586-af7b-83a18383d318",
          "smiles": "FC(F)(F)c1ccc(CNc2ccc(Cc3c[nH]c4ncc(Cl)cc34)cn2)cn1",
          "state_of_matter": "SOLID",
          "molecular_weight": 417.81480960000016,
          "density": 1.4,
          "mass": 4.178148096000002,
          "is_produced_by": [
            "47aa7fab-7be7-4316-8ce8-f74ef3f721bd"
          ],
          "is_consumed_by": [],
          "provenance__density": "dummy estimator based on mw",
          "provenance__is_consumed_by": null,
          "provenance__is_produced_by": null,
          "provenance__mass": null,
          "provenance__molecular_weight": "periodic table",
          "provenance__smiles": null,
          "provenance__state_of_matter": "dummy estimator based on mw"
        }
      ],
      "stoichiometry": {
        "e100ba95-35b5-4226-99b3-279547568488": 1.0,
        "899afa31-dd0f-4586-af7b-83a18383d318": -1.0
      },
      "temperature": 327.5941164672374,
      "intended_ratios": {
        "e100ba95-35b5-4226-99b3-279547568488": 1.0,
        "d8479404-b27b-4c2c-a6f3-6f1a869cbbe7": 1.0,
        "0db9371a-7454-4ff9-b641-c75f9a4ca8b5": 1.0,
        "b38cfa1c-8ffb-4b5f-99c1-a87a41161647": 1.0
      },
      "expected_yields": {
        "899afa31-dd0f-4586-af7b-83a18383d318": 1.0
      },
      "reaction_extent": 0.01
    },
    {
      "identifier": "9945c79e-9e25-4823-aa32-2459100bfd11",
      "reactants": [
        {
          "identifier": "72b582dd-76bb-4ae8-916a-3ba9c9d72a98",
          "smiles": "OC(c1ccc(Cl)nc1)c1c[nH]c2ncc(Cl)cc12",
          "state_of_matter": "SOLID",
          "molecular_weight": 294.1360600000001,
          "density": 1.4,
          "mass": 2.941360600000001,
          "is_produced_by": [],
          "is_consumed_by": [
            "9945c79e-9e25-4823-aa32-2459100bfd11"
          ],
          "provenance__density": "dummy estimator based on mw",
          "provenance__is_consumed_by": null,
          "provenance__is_produced_by": null,
          "provenance__mass": null,
          "provenance__molecular_weight": "periodic table",
          "provenance__smiles": null,
          "provenance__state_of_matter": "dummy estimator based on mw"
        }
      ],
      "reagents": [
        {
          "identifier": "6e0deb72-a12a-4fe1-b68c-8f22733aae89",
          "smiles": "CC#N",
          "state_of_matter": "LIQUID",
          "molecular_weight": 41.051919999999996,
          "density": 1.0,
          "mass": 0.4105192,
          "is_produced_by": [],
          "is_consumed_by": [
            "9945c79e-9e25-4823-aa32-2459100bfd11"
          ],
          "provenance__density": "dummy estimator based on mw",
          "provenance__is_consumed_by": null,
          "provenance__is_produced_by": null,
          "provenance__mass": null,
          "provenance__molecular_weight": "periodic table",
          "provenance__smiles": null,
          "provenance__state_of_matter": "dummy estimator based on mw"
        },
        {
          "identifier": "137c0fce-ef7e-4861-a003-86c8f436eec0",
          "smiles": "O=C(O)C(F)(F)F",
          "state_of_matter": "LIQUID",
          "molecular_weight": 114.0233496,
          "density": 1.0,
          "mass": 1.140233496,
          "is_produced_by": [],
          "is_consumed_by": [
            "9945c79e-9e25-4823-aa32-2459100bfd11"
          ],
          "provenance__density": "dummy estimator based on mw",
          "provenance__is_consumed_by": null,
          "provenance__is_produced_by": null,
          "provenance__mass": null,
          "provenance__molecular_weight": "periodic table",
          "provenance__smiles": null,
          "provenance__state_of_matter": "dummy estimator based on mw"
        },
        {
          "identifier": "c3d14079-9a28-4abc-a633-d42b316bc217",
          "smiles": "CC[SiH](CC)CC",
          "state_of_matter": "LIQUID",
          "molecular_weight": 116.27674000000007,
          "density": 1.0,
          "mass": 1.1627674000000008,
          "is_produced_by": [],
          "is_consumed_by": [
            "9945c79e-9e25-4823-aa32-2459100bfd11"
          ],
          "provenance__density": "dummy estimator based on mw",
          "provenance__is_consumed_by": null,
          "provenance__is_produced_by": null,
          "provenance__mass": null,
          "provenance__molecular_weight": "periodic table",
          "provenance__smiles": null,
          "provenance__state_of_matter": "dummy estimator based on mw"
        }
      ],
      "products": [
        {
          "identifier": "575b2840-56e9-44a0-ab92-c73543c5e1be",
          "smiles": "Clc1cnc2[nH]cc(Cc3ccc(Cl)nc3)c2c1",
          "state_of_matter": "SOLID",
          "molecular_weight": 278.13666000000006,
          "density": 1.4,
          "mass": 2.7813666000000006,
          "is_produced_by": [
            "9945c79e-9e25-4823-aa32-2459100bfd11"
          ],
          "is_consumed_by": [],
          "provenance__density": "dummy estimator based on mw",
          "provenance__is_consumed_by": null,
          "provenance__is_produced_by": null,
          "provenance__mass": null,
          "provenance__molecular_weight": "periodic table",
          "provenance__smiles": null,
          "provenance__state_of_matter": "dummy estimator based on mw"
        }
      ],
      "stoichiometry": {
        "72b582dd-76bb-4ae8-916a-3ba9c9d72a98": 1.0,
        "575b2840-56e9-44a0-ab92-c73543c5e1be": -1.0
      },
      "temperature": 307.97120277285575,
      "intended_ratios": {
        "72b582dd-76bb-4ae8-916a-3ba9c9d72a98": 1.0,
        "6e0deb72-a12a-4fe1-b68c-8f22733aae89": 1.0,
        "137c0fce-ef7e-4861-a003-86c8f436eec0": 1.0,
        "c3d14079-9a28-4abc-a633-d42b316bc217": 1.0
      },
      "expected_yields": {
        "575b2840-56e9-44a0-ab92-c73543c5e1be": 1.0
      },
      "reaction_extent": 0.01
    }
  ],
  "molecular_nodes": [
    "C1CCOC1",
    "CC#N",
    "CCCC[N+](CCCC)(CCCC)CCCC.[F-]",
    "CCOC(=O)N=NC(=O)OCC",
    "CC[SiH](CC)CC",
    "CN(C)C=O",
    "CO",
    "CSc1ccc(O)cc1",
    "CSc1ccc(OCc2ncc([N+](=O)[O-])n2C)cc1",
    "Cc1ccc(S(=O)(=O)Cl)cc1",
    "Cc1ccc(S(=O)(=O)n2cc(Cc3ccc(Cl)nc3)c3cc(Cl)cnc32)cc1",
    "Cc1ccc(S(=O)(=O)n2cc(Cc3ccc(N)nc3)c3cc(Cl)cnc32)cc1",
    "Cc1ccc(S(=O)(=O)n2cc(Cc3ccc(NC(=O)c4ccc(C(F)(F)F)nc4)nc3)c3cc(Cl)cnc32)cc1",
    "Clc1cnc2[nH]cc(Cc3ccc(Cl)nc3)c2c1",
    "Clc1cnc2[nH]ccc2c1",
    "Cn1c([N+](=O)[O-])cnc1CO",
    "FC(F)(F)c1ccc(CNc2ccc(Cc3c[nH]c4ncc(Cl)cc34)cn2)cn1",
    "O",
    "O=C(Nc1ccc(Cc2c[nH]c3ncc(Cl)cc23)cn1)c1ccc(C(F)(F)F)nc1",
    "O=C(O)C(F)(F)F",
    "O=C(O)c1ccc(C(F)(F)F)nc1",
    "O=Cc1ccc(Cl)nc1",
    "O=S(Cl)Cl",
    "OC(c1ccc(Cl)nc1)c1c[nH]c2ncc(Cl)cc12",
    "O[K]",
    "[NaH]",
    "c1ccc(P(c2ccccc2)c2ccccc2)cc1",
    "c1ccncc1"
  ],
  "edges": [
    [
      "47aa7fab-7be7-4316-8ce8-f74ef3f721bd",
      "FC(F)(F)c1ccc(CNc2ccc(Cc3c[nH]c4ncc(Cl)cc34)cn2)cn1"
    ],
    [
      "9945c79e-9e25-4823-aa32-2459100bfd11",
      "Clc1cnc2[nH]cc(Cc3ccc(Cl)nc3)c2c1"
    ],
    [
      "C1CCOC1",
      "cd240964-8c82-4236-a491-cc84bf229169"
    ],
    [
      "C1CCOC1",
      "d6ff264f-bf39-4917-b0c5-2799b4ce97e1"
    ],
    [
      "CC#N",
      "47aa7fab-7be7-4316-8ce8-f74ef3f721bd"
    ],
    [
      "CC#N",
      "9945c79e-9e25-4823-aa32-2459100bfd11"
    ],
    [
      "CCCC[N+](CCCC)(CCCC)CCCC.[F-]",
      "cd240964-8c82-4236-a491-cc84bf229169"
    ],
    [
      "CCOC(=O)N=NC(=O)OCC",
      "d6ff264f-bf39-4917-b0c5-2799b4ce97e1"
    ],
    [
      "CC[SiH](CC)CC",
      "47aa7fab-7be7-4316-8ce8-f74ef3f721bd"
    ],
    [
      "CC[SiH](CC)CC",
      "9945c79e-9e25-4823-aa32-2459100bfd11"
    ],
    [
      "CN(C)C=O",
      "c7b5ca60-d563-4ca1-a63a-007a65c3c17c"
    ],
    [
      "CO",
      "b00657f6-f1eb-4dff-a18d-a6a8ef93b750"
    ],
    [
      "CSc1ccc(O)cc1",
      "d6ff264f-bf39-4917-b0c5-2799b4ce97e1"
    ],
    [
      "Cc1ccc(S(=O)(=O)Cl)cc1",
      "c7b5ca60-d563-4ca1-a63a-007a65c3c17c"
    ],
    [
      "Cc1ccc(S(=O)(=O)n2cc(Cc3ccc(Cl)nc3)c3cc(Cl)cnc32)cc1",
      "f11c1c48-3811-4bfd-bc0e-d39cc0e65cfb"
    ],
    [
      "Cc1ccc(S(=O)(=O)n2cc(Cc3ccc(N)nc3)c3cc(Cl)cnc32)cc1",
      "e2867ec5-31e4-47fc-83be-a30d4330efe3"
    ],
    [
      "Cc1ccc(S(=O)(=O)n2cc(Cc3ccc(NC(=O)c4ccc(C(F)(F)F)nc4)nc3)c3cc(Cl)cnc32)cc1",
      "cd240964-8c82-4236-a491-cc84bf229169"
    ],
    [
      "Clc1cnc2[nH]cc(Cc3ccc(Cl)nc3)c2c1",
      "c7b5ca60-d563-4ca1-a63a-007a65c3c17c"
    ],
    [
      "Clc1cnc2[nH]ccc2c1",
      "b00657f6-f1eb-4dff-a18d-a6a8ef93b750"
    ],
    [
      "Cn1c([N+](=O)[O-])cnc1CO",
      "d6ff264f-bf39-4917-b0c5-2799b4ce97e1"
    ],
    [
      "O",
      "b00657f6-f1eb-4dff-a18d-a6a8ef93b750"
    ],
    [
      "O",
      "c7b5ca60-d563-4ca1-a63a-007a65c3c17c"
    ],
    [
      "O",
      "cd240964-8c82-4236-a491-cc84bf229169"
    ],
    [
      "O=C(Nc1ccc(Cc2c[nH]c3ncc(Cl)cc23)cn1)c1ccc(C(F)(F)F)nc1",
      "47aa7fab-7be7-4316-8ce8-f74ef3f721bd"
    ],
    [
      "O=C(O)C(F)(F)F",
      "47aa7fab-7be7-4316-8ce8-f74ef3f721bd"
    ],
    [
      "O=C(O)C(F)(F)F",
      "9945c79e-9e25-4823-aa32-2459100bfd11"
    ],
    [
      "O=C(O)C(F)(F)F",
      "f11c1c48-3811-4bfd-bc0e-d39cc0e65cfb"
    ],
    [
      "O=C(O)c1ccc(C(F)(F)F)nc1",
      "e2867ec5-31e4-47fc-83be-a30d4330efe3"
    ],
    [
      "O=Cc1ccc(Cl)nc1",
      "b00657f6-f1eb-4dff-a18d-a6a8ef93b750"
    ],
    [
      "O=S(Cl)Cl",
      "e2867ec5-31e4-47fc-83be-a30d4330efe3"
    ],
    [
      "OC(c1ccc(Cl)nc1)c1c[nH]c2ncc(Cl)cc12",
      "9945c79e-9e25-4823-aa32-2459100bfd11"
    ],
    [
      "O[K]",
      "b00657f6-f1eb-4dff-a18d-a6a8ef93b750"
    ],
    [
      "[NaH]",
      "c7b5ca60-d563-4ca1-a63a-007a65c3c17c"
    ],
    [
      "b00657f6-f1eb-4dff-a18d-a6a8ef93b750",
      "OC(c1ccc(Cl)nc1)c1c[nH]c2ncc(Cl)cc12"
    ],
    [
      "c1ccc(P(c2ccccc2)c2ccccc2)cc1",
      "d6ff264f-bf39-4917-b0c5-2799b4ce97e1"
    ],
    [
      "c1ccncc1",
      "e2867ec5-31e4-47fc-83be-a30d4330efe3"
    ],
    [
      "c7b5ca60-d563-4ca1-a63a-007a65c3c17c",
      "Cc1ccc(S(=O)(=O)n2cc(Cc3ccc(Cl)nc3)c3cc(Cl)cnc32)cc1"
    ],
    [
      "cd240964-8c82-4236-a491-cc84bf229169",
      "O=C(Nc1ccc(Cc2c[nH]c3ncc(Cl)cc23)cn1)c1ccc(C(F)(F)F)nc1"
    ],
    [
      "d6ff264f-bf39-4917-b0c5-2799b4ce97e1",
      "CSc1ccc(OCc2ncc([N+](=O)[O-])n2C)cc1"
    ],
    [
      "e2867ec5-31e4-47fc-83be-a30d4330efe3",
      "Cc1ccc(S(=O)(=O)n2cc(Cc3ccc(NC(=O)c4ccc(C(F)(F)F)nc4)nc3)c3cc(Cl)cnc32)cc1"
    ],
    [
      "f11c1c48-3811-4bfd-bc0e-d39cc0e65cfb",
      "Cc1ccc(S(=O)(=O)n2cc(Cc3ccc(N)nc3)c3cc(Cl)cnc32)cc1"
    ]
  ]
}