{
  "identifier": "8640f89c-e4e4-42ab-aa5d-d83e09d88a14",
  "chemical_reactions": [
    {
      "identifier": "16419c5e-6f99-498b-999a-08e0241a5fb9",
      "reactants": [
        {
          "identifier": "fd55b730-f90d-4de7-8f17-e4db69ce1d1d",
          "smiles": "C=Cc1ccccc1",
          "state_of_matter": "LIQUID",
          "molecular_weight": 104.14912000000004,
          "density": 1.0,
          "mass": 1.0414912000000005,
          "is_produced_by": [],
          "is_consumed_by": [
            "16419c5e-6f99-498b-999a-08e0241a5fb9"
          ],
          "provenance__density": "dummy estimator based on mw",
          "provenance__is_consumed_by": null,
          "provenance__is_produced_by": null,
          "provenance__mass": null,
          "provenance__molecular_weight": "periodic table",
          "provenance__smiles": null,
          "provenance__state_of_matter": "dummy estimator based on mw"
        },
        {
          "identifier": "55ccc8b8-f917-431f-9f3d-4e923beb98fa",
          "smiles": "CC(C)c1c(O)cc(Br)cc1O",
          "state_of_matter": "SOLID",
          "molecular_weight": 231.08643999999987,
          "density": 1.4,
          "mass": 2.310864399999999,
          "is_produced_by": [],
          "is_consumed_by": [
            "16419c5e-6f99-498b-999a-08e0241a5fb9"
          ],
          "provenance__density": "dummy estimator based on mw",
          "provenance__is_consumed_by": null,
          "provenance__is_produced_by": null,
          "provenance__mass": null,
          "provenance__molecular_weight": "periodic table",
          "provenance__smiles": null,
          "provenance__state_of_matter": "dummy estimator based on mw"
        }
      ],
      "reagents": [
        {
          "identifier": "7a5e8879-9703-4a96-ac49-49a9ab74e1ce",
          "smiles": "CN(C)C=O",
          "state_of_matter": "LIQUID",
          "molecular_weight": 73.09378000000004,
          "density": 1.0,
          "mass": 0.7309378000000004,
          "is_produced_by": [],
          "is_consumed_by": [
            "16419c5e-6f99-498b-999a-08e0241a5fb9"
          ],
          "provenance__density": "dummy estimator based on mw",
          "provenance__is_consumed_by": null,
          "provenance__is_produced_by": null,
          "provenance__mass": null,
          "provenance__molecular_weight": "periodic table",
          "provenance__smiles": null,
          "provenance__state_of_matter": "dummy estimator based on mw"
        },
        {
          "identifier": "ab56f063-b15e-49f1-88b7-cf8fadfe124b",
          "smiles": "CCN(CC)CC",
          "state_of_matter": "LIQUID",
          "molecular_weight": 101.19000000000008,
          "density": 1.0,
          "mass": 1.011900000000001,
          "is_produced_by": [],
          "is_consumed_by": [
            "16419c5e-6f99-498b-999a-08e0241a5fb9"
          ],
          "provenance__density": "dummy estimator based on mw",
          "provenance__is_consumed_by": null,
          "provenance__is_produced_by": null,
          "provenance__mass": null,
          "provenance__molecular_weight": "periodic table",
          "provenance__smiles": null,
          "provenance__state_of_matter": "dummy estimator based on mw"
        },
        {
          "identifier": "6ce21dce-9ab2-4533-868f-c1c1dd8373bd",
          "smiles": "c1ccc(P(c2ccccc2)c2ccccc2)cc1",
          "state_of_matter": "SOLID",
          "molecular_weight": 262.28546099999994,
          "density": 1.4,
          "mass": 2.6228546099999996,
          "is_produced_by": [],
          "is_consumed_by": [
            "16419c5e-6f99-498b-999a-08e0241a5fb9"
          ],
          "provenance__density": "dummy estimator based on mw",
          "provenance__is_consumed_by": null,
          "provenance__is_produced_by": null,
          "provenance__mass": null,
          "provenance__molecular_weight": "periodic table",
          "provenance__smiles": null,
          "provenance__state_of_matter": "dummy estimator based on mw"
        },
        {
          "identifier": "94d81b6f-195e-4b29-9517-13410f124a28",
          "smiles": "CC(=O)[O-].CC(=O)[O-].[Pd+2]",
          "state_of_matter": "SOLID",
          "molecular_weight": 224.50803999999994,
          "density": 1.4,
          "mass": 2.2450803999999995,
          "is_produced_by": [],
          "is_consumed_by": [
            "16419c5e-6f99-498b-999a-08e0241a5fb9"
          ],
          "provenance__density": "dummy estimator based on mw",
          "provenance__is_consumed_by": null,
          "provenance__is_produced_by": null,
          "provenance__mass": null,
          "provenance__molecular_weight": "periodic table",
          "provenance__smiles": null,
          "provenance__state_of_matter": "dummy estimator based on mw"
        }
      ],
      "products": [
        {
          "identifier": "8643b0f5-4ac3-48c5-b809-5e31460fb9c4",
          "smiles": "CC(C)c1c(O)cc(C=Cc2ccccc2)cc1O",
          "state_of_matter": "SOLID",
          "molecular_weight": 254.32361999999975,
          "density": 1.4,
          "mass": 2.5432361999999977,
          "is_produced_by": [
            "16419c5e-6f99-498b-999a-08e0241a5fb9"
          ],
          "is_consumed_by": [],
          "provenance__density": "dummy estimator based on mw",
          "provenance__is_consumed_by": null,
          "provenance__is_produced_by": null,
          "provenance__mass": null,
          "provenance__molecular_weight": "periodic table",
          "provenance__smiles": null,
          "provenance__state_of_matter": "dummy estimator based on mw"
        }
      ],
      "stoichiometry": {
        "fd55b730-f90d-4de7-8f17-e4db69ce1d1d": 1.0,
        "55ccc8b8-f917-431f-9f3d-4e923beb98fa": 1.0,
        "8643b0f5-4ac3-48c5-b809-5e31460fb9c4": -1.0
      },
      "temperature": 353.7789930403232,
      "intended_ratios": {
        "fd55b730-f90d-4de7-8f17-e4db69ce1d1d": 1.0,
        "55ccc8b8-f917-431f-9f3d-4e923beb98fa": 1.0,
        "7a5e8879-9703-4a96-ac49-49a9ab74e1ce": 1.0,
        "ab56f063-b15e-49f1-88b7-cf8fadfe124b": 1.0,
        "6ce21dce-9ab2-4533-868f-c1c1dd8373bd": 1.0,
        "94d81b6f-195e-4b29-9517-13410f124a28": 1.0
      },
      "expected_yields": {
        "8643b0f5-4ac3-48c5-b809-5e31460fb9c4": 1.0
      },
      "reaction_extent": 0.01
    },
    {
      "identifier": "cb4d0a66-17d2-44cb-a237-466fc59be2ce",
      "reactants": [
        {
          "identifier": "4bb0e6fa-788a-4e77-a291-5fc06b333eae",
          "smiles": "CC(C)N",
          "state_of_matter": "LIQUID",
          "molecular_weight": 59.11025999999998,
          "density": 1.0,
          "mass": 0.5911025999999998,
          "is_produced_by": [],
          "is_consumed_by": [
            "cb4d0a66-17d2-44cb-a237-466fc59be2ce"
          ],
          "provenance__density": "dummy estimator based on mw",
          "provenance__is_consumed_by": null,
          "provenance__is_produced_by": null,
          "provenance__mass": null,
          "provenance__molecular_weight": "periodic table",
          "provenance__smiles": null,
          "provenance__state_of_matter": "dummy estimator based on mw"
        },
        {
          "identifier": "148f3204-1cb2-4657-a744-494767fd6e14",
          "smiles": "O=C(OC(Cl)(Cl)Cl)OC(Cl)(Cl)Cl",
          "state_of_matter": "SOLID",
          "molecular_weight": 296.7483000000001,
          "density": 1.4,
          "mass": 2.967483000000001,
          "is_produced_by": [],
          "is_consumed_by": [
            "cb4d0a66-17d2-44cb-a237-466fc59be2ce"
          ],
          "provenance__density": "dummy estimator based on mw",
          "provenance__is_consumed_by": null,
          "provenance__is_produced_by": null,
          "provenance__mass": null,
          "provenance__molecular_weight": "periodic table",
          "provenance__smiles": null,
          "provenance__state_of_matter": "dummy estimator based on mw"
        }
      ],
      "reagents": [
        {
          "identifier": "b33ce94e-79f9-45eb-a855-84602123f31f",
          "smiles": "ClCCl",
          "state_of_matter": "LIQUID",
          "molecular_weight": 84.93258000000002,
          "density": 1.0,
          "mass": 0.8493258000000001,
          "is_produced_by": [],
          "is_consumed_by": [
            "cb4d0a66-17d2-44cb-a237-466fc59be2ce"
          ],
          "provenance__density": "dummy estimator based on mw",
          "provenance__is_consumed_by": null,
          "provenance__is_produced_by": null,
          "provenance__mass": null,
          "provenance__molecular_weight": "periodic table",
          "provenance__smiles": null,
          "provenance__state_of_matter": "dummy estimator based on mw"
        }
      ],
      "products": [
        {
          "identifier": "f19417b6-7b75-4b71-a071-9d995961cf4d",
          "smiles": "CC(C)NC(=O)Cl",
          "state_of_matter": "LIQUID",
          "molecular_weight": 121.56542000000005,
          "density": 1.0,
          "mass": 1.2156542000000006,
          "is_produced_by": [
            "cb4d0a66-17d2-44cb-a237-466fc59be2ce"
          ],
          "is_consumed_by": [],
          "provenance__density": "dummy estimator based on mw",
          "provenance__is_consumed_by": null,
          "provenance__is_produced_by": null,
          "provenance__mass": null,
          "provenance__molecular_weight": "periodic table",
          "provenance__smiles": null,
          "provenance__state_of_matter": "dummy estimator based on mw"
        }
      ],
      "stoichiometry": {
        "4bb0e6fa-788a-4e77-a291-5fc06b333eae": 1.0,
        "148f3204-1cb2-4657-a744-494767fd6e14": 1.0,
        "f19417b6-7b75-4b71-a071-9d995961cf4d": -1.0
      },
      "temperature": 287.31718023419376,
      "intended_ratios": {
        "4bb0e6fa-788a-4e77-a291-5fc06b333eae": 1.0,
        "148f3204-1cb2-4657-a744-494767fd6e14": 1.0,
        "b33ce94e-79f9-45eb-a855-84602123f31f": 1.0
      },
      "expected_yields": {
        "f19417b6-7b75-4b71-a071-9d995961cf4d": 1.0
      },
      "reaction_extent": 0.01
    },
    {
      "identifier": "93c113cb-6d0f-40b5-970a-a136e13023b0",
      "reactants": [
        {
          "identifier": "4dbdd7c8-bd08-4107-822d-4588d78ec60d",
          "smiles": "CC(C)N1C(=O)CC(=O)NC1=O",
          "state_of_matter": "LIQUID",
          "molecular_weight": 170.16589999999994,
          "density": 1.0,
          "mass": 1.7016589999999994,
          "is_produced_by": [],
          "is_consumed_by": [
            "93c113cb-6d0f-40b5-970a-a136e13023b0"
          ],
          "provenance__density": "dummy estimator based on mw",
          "provenance__is_consumed_by": null,
          "provenance__is_produced_by": null,
          "provenance__mass": null,
          "provenance__molecular_weight": "periodic table",
          "provenance__smiles": null,
          "provenance__state_of_matter": "dummy estimator based on mw"
        }
      ],
      "reagents": [
        {
          "identifier": "0d2b8968-e719-4319-a61a-5293be082b8c",
          "smiles": "CN(C)C=O",
          "state_of_matter": "LIQUID",
          "molecular_weight": 73.09378000000004,
          "density": 1.0,
          "mass": 0.7309378000000004,
          "is_produced_by": [],
          "is_consumed_by": [
            "93c113cb-6d0f-40b5-970a-a136e13023b0"
          ],
          "provenance__density": "dummy estimator based on mw",
          "provenance__is_consumed_by": null,
          "provenance__is_produced_by": null,
          "provenance__mass": null,
          "provenance__molecular_weight": "periodic table",
          "provenance__smiles": null,
          "provenance__state_of_matter": "dummy estimator based on mw"
        },
        {
          "identifier": "3a617d2d-fd32-4bf5-9e0a-16140075b0d7",
          "smiles": "O",
          "state_of_matter": "LIQUID",
          "molecular_weight": 18.01528,
          "density": 1.0,
          "mass": 0.1801528,
          "is_produced_by": [],
          "is_consumed_by": [
            "93c113cb-6d0f-40b5-970a-a136e13023b0"
          ],
          "provenance__density": "dummy estimator based on mw",
          "provenance__is_consumed_by": null,
          "provenance__is_produced_by": null,
          "provenance__mass": null,
          "provenance__molecular_weight": "periodic table",
          "provenance__smiles": null,
          "provenance__state_of_matter": "dummy estimator based on mw"
        },
        {
          "identifier": "70555c34-77db-40ea-bd06-53f7bdf809db",
          "smiles": "O=C(O[K])O[K]",
          "state_of_matter": "SOLID",
          "molecular_weight": 138.2055,
          "density": 1.4,
          "mass": 1.382055,
          "is_produced_by": [],
          "is_consumed_by": [
            "93c113cb-6d0f-40b5-970a-a136e13023b0"
          ],
          "provenance__density": "dummy estimator based on mw",
          "provenance__is_consumed_by": null,
          "provenance__is_produced_by": null,
          "provenance__mass": null,
          "provenance__molecular_weight": "periodic table",
          "provenance__smiles": null,
          "provenance__state_of_matter": "dummy estimator based on mw"
        },
        {
          "identifier": "c48b8668-14c5-47b8-bd13-6b81157c7415",
          "smiles": "CI",
          "state_of_matter": "LIQUID",
          "molecular_weight": 141.93898999999996,
          "density": 1.0,
          "mass": 1.4193898999999996,
          "is_produced_by": [],
          "is_consumed_by": [
            "93c113cb-6d0f-40b5-970a-a136e13023b0"
          ],
          "provenance__density": "dummy estimator based on mw",
          "provenance__is_consumed_by": null,
          "provenance__is_produced_by": null,
          "provenance__mass": null,
          "provenance__molecular_weight": "periodic table",
          "provenance__smiles": null,
          "provenance__state_of_matter": "dummy estimator based on mw"
        }
      ],
      "products": [
        {
          "identifier": "12926ff8-7b41-4ef6-817b-cea486219c70",
          "smiles": "CC(C)n1c(=O)cc(Cl)[nH]c1=O",
          "state_of_matter": "LIQUID",
          "molecular_weight": 189.61949999999993,
          "density": 1.0,
          "mass": 1.8961949999999994,
          "is_produced_by": [
            "93c113cb-6d0f-40b5-970a-a136e13023b0"
          ],
          "is_consumed_by": [],
          "provenance__density": "dummy estimator based on mw",
          "provenance__is_consumed_by": null,
          "provenance__is_produced_by": null,
          "provenance__mass": null,
          "provenance__molecular_weight": "periodic table",
          "provenance__smiles": null,
          "provenance__state_of_matter": "dummy estimator based on mw"
        }
      ],
      "stoichiometry": {
        "4dbdd7c8-bd08-4107-822d-4588d78ec60d": 1.0,
        "12926ff8-7b41-4ef6-817b-cea486219c70": -1.0
      },
      "temperature": 297.4154758930206,
      "intended_ratios": {
        "4dbdd7c8-bd08-4107-822d-4588d78ec60d": 1.0,
        "0d2b8968-e719-4319-a61a-5293be082b8c": 1.0,
        "3a617d2d-fd32-4bf5-9e0a-16140075b0d7": 1.0,
        "70555c34-77db-40ea-bd06-53f7bdf809db": 1.0,
        "c48b8668-14c5-47b8-bd13-6b81157c7415": 1.0
      },
      "expected_yields": {
        "12926ff8-7b41-4ef6-817b-cea486219c70": 1.0
      },
      "reaction_extent": 0.01
    },
    {
      "identifier": "f0bed48f-5672-4b92-a08f-e13e69f434c9",
      "reactants": [
        {
          "identifier": "d717c85d-1db9-4e64-958a-8a5c14758d60",
          "smiles": "CC(C)NC(=O)Cl",
          "state_of_matter": "LIQUID",
          "molecular_weight": 121.56542000000005,
          "density": 1.0,
          "mass": 1.2156542000000006,
          "is_produced_by": [],
          "is_consumed_by": [
            "f0bed48f-5672-4b92-a08f-e13e69f434c9"
          ],
          "provenance__density": "dummy estimator based on mw",
          "provenance__is_consumed_by": null,
          "provenance__is_produced_by": null,
          "provenance__mass": null,
          "provenance__molecular_weight": "periodic table",
          "provenance__smiles": null,
          "provenance__state_of_matter": "dummy estimator based on mw"
        },
        {
          "identifier": "7512bda0-c9a9-489a-a633-3f9ae79bc55c",
          "smiles": "CCOC(=O)CC(=O)Cl",
          "state_of_matter": "LIQUID",
          "molecular_weight": 150.56027999999995,
          "density": 1.0,
          "mass": 1.5056027999999995,
          "is_produced_by": [],
          "is_consumed_by": [
            "f0bed48f-5672-4b92-a08f-e13e69f434c9"
          ],
          "provenance__density": "dummy estimator based on mw",
          "provenance__is_consumed_by": null,
          "provenance__is_produced_by": null,
          "provenance__mass": null,
          "provenance__molecular_weight": "periodic table",
          "provenance__smiles": null,
          "provenance__state_of_matter": "dummy estimator based on mw"
        }
      ],
      "reagents": [
        {
          "identifier": "97b91885-e5e5-4d0c-ac59-af5cb01cf280",
          "smiles": "ClCCl",
          "state_of_matter": "LIQUID",
          "molecular_weight": 84.93258000000002,
          "density": 1.0,
          "mass": 0.8493258000000001,
          "is_produced_by": [],
          "is_consumed_by": [
            "f0bed48f-5672-4b92-a08f-e13e69f434c9"
          ],
          "provenance__density": "dummy estimator based on mw",
          "provenance__is_consumed_by": null,
          "provenance__is_produced_by": null,
          "provenance__mass": null,
          "provenance__molecular_weight": "periodic table",
          "provenance__smiles": null,
          "provenance__state_of_matter": "dummy estimator based on mw"
        }
      ],
      "products": [
        {
          "identifier": "3027a3fb-ce57-4716-b2b3-4572969cfacb",
          "smiles": "CCOC(=O)CC(=O)N(C(=O)Cl)C(C)C",
          "state_of_matter": "SOLID",
          "molecular_weight": 235.66475999999983,
          "density": 1.4,
          "mass": 2.3566475999999983,
          "is_produced_by": [
            "f0bed48f-5672-4b92-a08f-e13e69f434c9"
          ],
          "is_consumed_by": [],
          "provenance__density": "dummy estimator based on mw",
          "provenance__is_consumed_by": null,
          "provenance__is_produced_by": null,
          "provenance__mass": null,
          "provenance__molecular_weight": "periodic table",
          "provenance__smiles": null,
          "provenance__state_of_matter": "dummy estimator based on mw"
        }
      ],
      "stoichiometry": {
        "d717c85d-1db9-4e64-958a-8a5c14758d60": 1.0,
        "7512bda0-c9a9-489a-a633-3f9ae79bc55c": 1.0,
        "3027a3fb-ce57-4716-b2b3-4572969cfacb": -1.0
      },
      "temperature": 298.78428542017934,
      "intended_ratios": {
        "d717c85d-1db9-4e64-958a-8a5c14758d60": 1.0,
        "7512bda0-c9a9-489a-a633-3f9ae79bc55c": 1.0,
        "97b91885-e5e5-4d0c-ac59-af5cb01cf280": 1.0
      },
      "expected_yields": {
        "3027a3fb-ce57-4716-b2b3-4572969cfacb": 1.0
      },
      "reaction_extent": 0.01
    },
    {
      "identifier": "09f04f18-06c0-4153-b928-90fe8a379894",
      "reactants": [
        {
          "identifier": "b671dc4a-9a1a-4cbb-8a58-eae0e6685968",
          "smiles": "CC(C)O",
          "state_of_matter": "LIQUID",
          "molecular_weight": 60.095019999999984,
          "density": 1.0,
          "mass": 0.6009502,
          "is_produced_by": [],
          "is_consumed_by": [
            "09f04f18-06c0-4153-b928-90fe8a379894"
          ],
          "provenance__density": "dummy estimator based on mw",
          "provenance__is_consumed_by": null,
          "provenance__is_produced_by": null,
          "provenance__mass": null,
          "provenance__molecular_weight": "periodic table",
          "provenance__smiles": null,
          "provenance__state_of_matter": "dummy estimator based on mw"
        },
        {
          "identifier": "b93a151d-3f7d-47af-8907-eec8897bdce0",
          "smiles": "Oc1cc(O)cc(Br)c1",
          "state_of_matter": "LIQUID",
          "molecular_weight": 189.00669999999994,
          "density": 1.0,
          "mass": 1.8900669999999997,
          "is_produced_by": [],
          "is_consumed_by": [
            "09f04f18-06c0-4153-b928-90fe8a379894"
          ],
          "provenance__density": "dummy estimator based on mw",
          "provenance__is_consumed_by": null,
          "provenance__is_produced_by": null,
          "provenance__mass": null,
          "provenance__molecular_weight": "periodic table",
          "provenance__smiles": null,
          "provenance__state_of_matter": "dummy estimator based on mw"
        }
      ],
      "reagents": [
        {
          "identifier": "56802054-e1c8-4f6a-9281-00d66cff2425",
          "smiles": "O=S(=O)(O)O",
          "state_of_matter": "LIQUID",
          "molecular_weight": 98.07848,
          "density": 1.0,
          "mass": 0.9807848000000002,
          "is_produced_by": [],
          "is_consumed_by": [
            "09f04f18-06c0-4153-b928-90fe8a379894"
          ],
          "provenance__density": "dummy estimator based on mw",
          "provenance__is_consumed_by": null,
          "provenance__is_produced_by": null,
          "provenance__mass": null,
          "provenance__molecular_weight": "periodic table",
          "provenance__smiles": null,
          "provenance__state_of_matter": "dummy estimator based on mw"
        }
      ],
      "products": [
        {
          "identifier": "b779c015-ff32-4d2f-89b3-dc320beeae50",
          "smiles": "CC(C)c1c(O)cc(Br)cc1O",
          "state_of_matter": "SOLID",
          "molecular_weight": 231.08643999999987,
          "density": 1.4,
          "mass": 2.310864399999999,
          "is_produced_by": [
            "09f04f18-06c0-4153-b928-90fe8a379894"
          ],
          "is_consumed_by": [],
          "provenance__density": "dummy estimator based on mw",
          "provenance__is_consumed_by": null,
          "provenance__is_produced_by": null,
          "provenance__mass": null,
          "provenance__molecular_weight": "periodic table",
          "provenance__smiles": null,
          "provenance__state_of_matter": "dummy estimator based on mw"
        }
      ],
      "stoichiometry": {
        "b671dc4a-9a1a-4cbb-8a58-eae0e6685968": 1.0,
        "b93a151d-3f7d-47af-8907-eec8897bdce0": 1.0,
        "b779c015-ff32-4d2f-89b3-dc320beeae50": -1.0
      },
      "temperature": 299.26102591753005,
      "intended_ratios": {
        "b671dc4a-9a1a-4cbb-8a58-eae0e6685968": 1.0,
        "b93a151d-3f7d-47af-8907-eec8897bdce0": 1.0,
        "56802054-e1c8-4f6a-9281-00d66cff2425": 1.0
      },
      "expected_yields": {
        "b779c015-ff32-4d2f-89b3-dc320beeae50": 1.0
      },
      "reaction_extent": 0.010000000000000002
    },
    {
      "identifier": "7a6e90ad-82c2-41c6-9c97-632e63b77cd6",
      "reactants": [
        {
          "identifier": "a106545b-ec30-4c0c-b4ef-5e9ccfcf5f47",
          "smiles": "CC(C)n1c(=O)cc(Cl)[nH]c1=O",
          "state_of_matter": "LIQUID",
          "molecular_weight": 189.61949999999993,
          "density": 1.0,
          "mass": 1.8961949999999994,
          "is_produced_by": [],
          "is_consumed_by": [
            "7a6e90ad-82c2-41c6-9c97-632e63b77cd6"
          ],
          "provenance__density": "dummy estimator based on mw",
          "provenance__is_consumed_by": null,
          "provenance__is_produced_by": null,
          "provenance__mass": null,
          "provenance__molecular_weight": "periodic table",
          "provenance__smiles": null,
          "provenance__state_of_matter": "dummy estimator based on mw"
        },
        {
          "identifier": "bdefcaee-4b20-497c-ba25-f88ff694b2e5",
          "smiles": "CC(N)c1ccccc1",
          "state_of_matter": "LIQUID",
          "molecular_weight": 121.17964000000006,
          "density": 1.0,
          "mass": 1.2117964000000006,
          "is_produced_by": [],
          "is_consumed_by": [
            "7a6e90ad-82c2-41c6-9c97-632e63b77cd6"
          ],
          "provenance__density": "dummy estimator based on mw",
          "provenance__is_consumed_by": null,
          "provenance__is_produced_by": null,
          "provenance__mass": null,
          "provenance__molecular_weight": "periodic table",
          "provenance__smiles": null,
          "provenance__state_of_matter": "dummy estimator based on mw"
        }
      ],
      "reagents": [
        {
          "identifier": "14c48f3f-3fc1-4e90-82ad-eec0ff141040",
          "smiles": "CC#N",
          "state_of_matter": "LIQUID",
          "molecular_weight": 41.051919999999996,
          "density": 1.0,
          "mass": 0.4105192,
          "is_produced_by": [],
          "is_consumed_by": [
            "7a6e90ad-82c2-41c6-9c97-632e63b77cd6"
          ],
          "provenance__density": "dummy estimator based on mw",
          "provenance__is_consumed_by": null,
          "provenance__is_produced_by": null,
          "provenance__mass": null,
          "provenance__molecular_weight": "periodic table",
          "provenance__smiles": null,
          "provenance__state_of_matter": "dummy estimator based on mw"
        }
      ],
      "products": [
        {
          "identifier": "ebb188f1-588b-4328-a737-0da8b7c8fe4d",
          "smiles": "CC(Nc1cc(=O)n(C(C)C)c(=O)[nH]1)c1ccccc1",
          "state_of_matter": "SOLID",
          "molecular_weight": 274.3382000000002,
          "density": 1.4,
          "mass": 2.743382000000002,
          "is_produced_by": [
            "7a6e90ad-82c2-41c6-9c97-632e63b77cd6"
          ],
          "is_consumed_by": [],
          "provenance__density": "dummy estimator based on mw",
          "provenance__is_consumed_by": null,
          "provenance__is_produced_by": null,
          "provenance__mass": null,
          "provenance__molecular_weight": "periodic table",
          "provenance__smiles": null,
          "provenance__state_of_matter": "dummy estimator based on mw"
        }
      ],
      "stoichiometry": {
        "a106545b-ec30-4c0c-b4ef-5e9ccfcf5f47": 1.0,
        "bdefcaee-4b20-497c-ba25-f88ff694b2e5": 1.0,
        "ebb188f1-588b-4328-a737-0da8b7c8fe4d": -1.0
      },
      "temperature": 349.5068563520908,
      "intended_ratios": {
        "a106545b-ec30-4c0c-b4ef-5e9ccfcf5f47": 1.0,
        "bdefcaee-4b20-497c-ba25-f88ff694b2e5": 1.0,
        "14c48f3f-3fc1-4e90-82ad-eec0ff141040": 1.0
      },
      "expected_yields": {
        "ebb188f1-588b-4328-a737-0da8b7c8fe4d": 1.0
      },
      "reaction_extent": 0.01
    },
    {
      "identifier": "05337e49-d4ce-4d52-9d50-1a837eec8bd5",
      "reactants": [
        {
          "identifier": "c15e67bc-6d98-4f58-bbd0-a7d68172e021",
          "smiles": "CCOC(=O)CC(=O)N(C(=O)Cl)C(C)C",
          "state_of_matter": "SOLID",
          "molecular_weight": 235.66475999999983,
          "density": 1.4,
          "mass": 2.3566475999999983,
          "is_produced_by": [],
          "is_consumed_by": [
            "05337e49-d4ce-4d52-9d50-1a837eec8bd5"
          ],
          "provenance__density": "dummy estimator based on mw",
          "provenance__is_consumed_by": null,
          "provenance__is_produced_by": null,
          "provenance__mass": null,
          "provenance__molecular_weight": "periodic table",
          "provenance__smiles": null,
          "provenance__state_of_matter": "dummy estimator based on mw"
        }
      ],
      "reagents": [
        {
          "identifier": "d44a0447-ea4a-4c98-b59a-d97bfdf062d3",
          "smiles": "ClCCl",
          "state_of_matter": "LIQUID",
          "molecular_weight": 84.93258000000002,
          "density": 1.0,
          "mass": 0.8493258000000001,
          "is_produced_by": [],
          "is_consumed_by": [
            "05337e49-d4ce-4d52-9d50-1a837eec8bd5"
          ],
          "provenance__density": "dummy estimator based on mw",
          "provenance__is_consumed_by": null,
          "provenance__is_produced_by": null,
          "provenance__mass": null,
          "provenance__molecular_weight": "periodic table",
          "provenance__smiles": null,
          "provenance__state_of_matter": "dummy estimator based on mw"
        }
      ],
      "products": [
        {
          "identifier": "60ef12ea-e052-4290-9333-f8ac6dd2bc89",
          "smiles": "CCOC(=O)CC(=O)N(C(N)=O)C(C)C",
          "state_of_matter": "SOLID",
          "molecular_weight": 216.2343399999998,
          "density": 1.4,
          "mass": 2.162343399999998,
          "is_produced_by": [
            "05337e49-d4ce-4d52-9d50-1a837eec8bd5"
          ],
          "is_consumed_by": [],
          "provenance__density": "dummy estimator based on mw",
          "provenance__is_consumed_by": null,
          "provenance__is_produced_by": null,
          "provenance__mass": null,
          "provenance__molecular_weight": "periodic table",
          "provenance__smiles": null,
          "provenance__state_of_matter": "dummy estimator based on mw"
        }
      ],
      "stoichiometry": {
        "c15e67bc-6d98-4f58-bbd0-a7d68172e021": 1.0,
        "60ef12ea-e052-4290-9333-f8ac6dd2bc89": -1.0
      },
      "temperature": 299.2253053843975,
      "intended_ratios": {
        "c15e67bc-6d98-4f58-bbd0-a7d68172e021": 1.0,
        "d44a0447-ea4a-4c98-b59a-d97bfdf062d3": 1.0
      },
      "expected_yields": {
        "60ef12ea-e052-4290-9333-f8ac6dd2bc89": 1.0
      },
      "reaction_extent": 0.01
    },
    {
      "identifier": "eda9e507-612f-4ec1-96c1-3ba2df30d49d",
      "reactants": [
        {
          "identifier": "5f20b229-94ef-4833-8000-8d138298b3d7",
          "smiles": "CCOC(=O)CC(=O)N(C(N)=O)C(C)C",
          "state_of_matter": "SOLID",
          "molecular_weight": 216.2343399999998,
          "density": 1.4,
          "mass": 2.162343399999998,
          "is_produced_by": [],
          "is_consumed_by": [
            "eda9e507-612f-4ec1-96c1-3ba2df30d49d"
          ],
          "provenance__density": "dummy estimator based on mw",
          "provenance__is_consumed_by": null,
          "provenance__is_produced_by": null,
          "provenance__mass": null,
          "provenance__molecular_weight": "periodic table",
          "provenance__smiles": null,
          "provenance__state_of_matter": "dummy estimator based on mw"
        }
      ],
      "reagents": [
        {
          "identifier": "1bd4b9da-030b-457f-b5e7-3b3516780436",
          "smiles": "CCO",
          "state_of_matter": "LIQUID",
          "molecular_weight": 46.06843999999999,
          "density": 1.0,
          "mass": 0.4606843999999999,
          "is_produced_by": [],
          "is_consumed_by": [
            "eda9e507-612f-4ec1-96c1-3ba2df30d49d"
          ],
          "provenance__density": "dummy estimator based on mw",
          "provenance__is_consumed_by": null,
          "provenance__is_produced_by": null,
          "provenance__mass": null,
          "provenance__molecular_weight": "periodic table",
          "provenance__smiles": null,
          "provenance__state_of_matter": "dummy estimator based on mw"
        },
        {
          "identifier": "b98bb4bb-b210-4e71-a72c-ad9c50d74389",
          "smiles": "CCO[Na]",
          "state_of_matter": "SOLID",
          "molecular_weight": 68.05027000000003,
          "density": 1.4,
          "mass": 0.6805027000000002,
          "is_produced_by": [],
          "is_consumed_by": [
            "eda9e507-612f-4ec1-96c1-3ba2df30d49d"
          ],
          "provenance__density": "dummy estimator based on mw",
          "provenance__is_consumed_by": null,
          "provenance__is_produced_by": null,
          "provenance__mass": null,
          "provenance__molecular_weight": "periodic table",
          "provenance__smiles": null,
          "provenance__state_of_matter": "dummy estimator based on mw"
        }
      ],
      "products": [
        {
          "identifier": "00d3535b-5c43-4c90-bbab-9137e4fd9473",
          "smiles": "CC(C)N1C(=O)CC(=O)NC1=O",
          "state_of_matter": "LIQUID",
          "molecular_weight": 170.16589999999994,
          "density": 1.0,
          "mass": 1.7016589999999994,
          "is_produced_by": [
            "eda9e507-612f-4ec1-96c1-3ba2df30d49d"
          ],
          "is_consumed_by": [],
          "provenance__density": "dummy estimator based on mw",
          "provenance__is_consumed_by": null,
          "provenance__is_produced_by": null,
          "provenance__mass": null,
          "provenance__molecular_weight": "periodic table",
          "provenance__smiles": null,
          "provenance__state_of_matter": "dummy estimator based on mw"
        }
      ],
      "stoichiometry": {
        "5f20b229-94ef-4833-8000-8d138298b3d7": 1.0,
        "00d3535b-5c43-4c90-bbab-9137e4fd9473": -1.0
      },
      "temperature": 321.2602179586887,
      "intended_ratios": {
        "5f20b229-94ef-4833-8000-8d138298b3d7": 1.0,
        "1bd4b9da-030b-457f-b5e7-3b3516780436": 1.0,
        "b98bb4bb-b210-4e71-a72c-ad9c50d74389": 1.0
      },
      "expected_yields": {
        "00d3535b-5c43-4c90-bbab-9137e4fd9473": 1.0
      },
      "reaction_extent": 0.01
    },
    {
      "identifier": "1463d9b5-8ba8-41b2-8b47-fc61b91272fe",
      "reactants": [
        {
          "identifier": "859aa6cb-8e89-4434-92f9-64e4e729804a",
          "smiles": "Cc1ccc(S(=O)(=O)Cl)cc1",
          "state_of_matter": "LIQUID",
          "molecular_weight": 190.64727999999988,
          "density": 1.0,
          "mass": 1.9064727999999989,
          "is_produced_by": [],
          "is_consumed_by": [
            "1463d9b5-8ba8-41b2-8b47-fc61b91272fe"
          ],
          "provenance__density": "dummy estimator based on mw",
          "provenance__is_consumed_by": null,
          "provenance__is_produced_by": null,
          "provenance__mass": null,
          "provenance__molecular_weight": "periodic table",
          "provenance__smiles": null,
          "provenance__state_of_matter": "dummy estimator based on mw"
        },
        {
          "identifier": "73444f12-74d0-4d86-adee-66be1bc78cd3",
          "smiles": "Clc1cnc2[nH]cc(Cc3ccc(Cl)nc3)c2c1",
          "state_of_matter": "SOLID",
          "molecular_weight": 278.13666000000006,
          "density": 1.4,
          "mass": 2.7813666000000006,
          "is_produced_by": [],
          "is_consumed_by": [
            "1463d9b5-8ba8-41b2-8b47-fc61b91272fe"
          ],
          "provenance__density": "dummy estimator based on mw",
          "provenance__is_consumed_by": null,
          "provenance__is_produced_by": null,
          "provenance__mass": null,
          "provenance__molecular_weight": "periodic table",
          "provenance__smiles": null,
          "provenance__state_of_matter": "dummy estimator based on mw"
        }
      ],
      "reagents": [
        {
          "identifier": "a346a478-6d88-44da-ba0b-5c4a3b32a1e5",
          "smiles": "CN(C)C=O",
          "state_of_matter": "LIQUID",
          "molecular_weight": 73.09378000000004,
          "density": 1.0,
          "mass": 0.7309378000000004,
          "is_produced_by": [],
          "is_consumed_by": [
            "1463d9b5-8ba8-41b2-8b47-fc61b91272fe"
          ],
          "provenance__density": "dummy estimator based on mw",
          "provenance__is_consumed_by": null,
          "provenance__is_produced_by": null,
          "provenance__mass": null,
          "provenance__molecular_weight": "periodic table",
          "provenance__smiles": null,
          "provenance__state_of_matter": "dummy estimator based on mw"
        },
        {
          "identifier": "863e14d8-72a5-4a73-aae8-8c75287c881d",
          "smiles": "O",
          "state_of_matter": "LIQUID",
          "molecular_weight": 18.01528,
          "density": 1.0,
          "mass": 0.1801528,
          "is_produced_by": [],
          "is_consumed_by": [
            "1463d9b5-8ba8-41b2-8b47-fc61b91272fe"
          ],
          "provenance__density": "dummy estimator based on mw",
          "provenance__is_consumed_by": null,
          "provenance__is_produced_by": null,
          "provenance__mass": null,
          "provenance__molecular_weight": "periodic table",
          "provenance__smiles": null,
          "provenance__state_of_matter": "dummy estimator based on mw"
        },
        {
          "identifier": "9ff40f1d-1d11-4bf5-96a5-1d04d7137f68",
          "smiles": "[NaH]",
          "state_of_matter": "SOLID",
          "molecular_weight": 23.99771,
          "density": 1.4,
          "mass": 0.23997710000000003,
          "is_produced_by": [],
          "is_consumed_by": [
            "1463d9b5-8ba8-41b2-8b47-fc61b91272fe"
          ],
          "provenance__density": "dummy estimator based on mw",
          "provenance__is_consumed_by": null,
          "provenance__is_produced_by": null,
          "provenance__mass": null,
          "provenance__molecular_weight": "periodic table",
          "provenance__smiles": null,
          "provenance__state_of_matter": "dummy estimator based on mw"
        }
      ],
      "products": [
        {
          "identifier": "cb8ced58-3a12-4a38-b906-b60b96d2814a",
          "smiles": "Cc1ccc(S(=O)(=O)n2cc(Cc3ccc(Cl)nc3)c3cc(Cl)cnc32)cc1",
          "state_of_matter": "SOLID",
          "molecular_weight": 433.33094000000017,
          "density": 1.4,
          "mass": 4.333309400000002,
          "is_produced_by": [
            "1463d9b5-8ba8-41b2-8b47-fc61b91272fe"
          ],
          "is_consumed_by": [],
          "provenance__density": "dummy estimator based on mw",
          "provenance__is_consumed_by": null,
          "provenance__is_produced_by": null,
          "provenance__mass": null,
          "provenance__molecular_weight": "periodic table",
          "provenance__smiles": null,
          "provenance__state_of_matter": "dummy estimator based on mw"
        }
      ],
      "stoichiometry": {
        "859aa6cb-8e89-4434-92f9-64e4e729804a": 1.0,
        "73444f12-74d0-4d86-adee-66be1bc78cd3": 1.0,
        "cb8ced58-3a12-4a38-b906-b60b96d2814a": -1.0
      },
      "temperature": 294.0366781532764,
      "intended_ratios": {
        "859aa6cb-8e89-4434-92f9-64e4e729804a": 1.0,
        "73444f12-74d0-4d86-adee-66be1bc78cd3": 1.0,
        "a346a478-6d88-44da-ba0b-5c4a3b32a1e5": 1.0,
        "863e14d8-72a5-4a73-aae8-8c75287c881d": 1.0,
        "9ff40f1d-1d11-4bf5-96a5-1d04d7137f68": 1.0
      },
      "expected_yields": {
        "cb8ced58-3a12-4a38-b906-b60b96d2814a": 1.0
      },
      "reaction_extent": 0.01
    },
    {
      "identifier": "d0866d37-521a-4a24-b3d1-8c2f5435a57c",
      "reactants": [
        {
          "identifier": "bd51ab5e-57bb-4330-a243-4a5485923651",
          "smiles": "Cc1ccc(S(=O)(=O)n2cc(Cc3ccc(Cl)nc3)c3cc(Cl)cnc32)cc1",
          "state_of_matter": "SOLID",
          "molecular_weight": 433.33094000000017,
          "density": 1.4,
          "mass": 4.333309400000002,
          "is_produced_by": [],
          "is_consumed_by": [
            "d0866d37-521a-4a24-b3d1-8c2f5435a57c"
          ],
          "provenance__density": "dummy estimator based on mw",
          "provenance__is_consumed_by": null,
          "provenance__is_produced_by": null,
          "provenance__mass": null,
          "provenance__molecular_weight": "periodic table",
          "provenance__smiles": null,
          "provenance__state_of_matter": "dummy estimator based on mw"
        }
      ],
      "reagents": [
        {
          "identifier": "8cf2d5f5-339f-4798-a948-b03e68dc0f9d",
          "smiles": "O=C(O)C(F)(F)F",
          "state_of_matter": "LIQUID",
          "molecular_weight": 114.0233496,
          "density": 1.0,
          "mass": 1.140233496,
          "is_produced_by": [],
          "is_consumed_by": [
            "d0866d37-521a-4a24-b3d1-8c2f5435a57c"
          ],
          "provenance__density": "dummy estimator based on mw",
          "provenance__is_consumed_by": null,
          "provenance__is_produced_by": null,
          "provenance__mass": null,
          "provenance__molecular_weight": "periodic table",
          "provenance__smiles": null,
          "provenance__state_of_matter": "dummy estimator based on mw"
        }
      ],
      "products": [
        {
          "identifier": "82f5b95a-dd7c-44bd-a121-8d4f36cad1b4",
          "smiles": "Cc1ccc(S(=O)(=O)n2cc(Cc3ccc(N)nc3)c3cc(Cl)cnc32)cc1",
          "state_of_matter": "SOLID",
          "molecular_weight": 413.90052000000014,
          "density": 1.4,
          "mass": 4.1390052000000015,
          "is_produced_by": [
            "d0866d37-521a-4a24-b3d1-8c2f5435a57c"
          ],
          "is_consumed_by": [],
          "provenance__density": "dummy estimator based on mw",
          "provenance__is_consumed_by": null,
          "provenance__is_produced_by": null,
          "provenance__mass": null,
          "provenance__molecular_weight": "periodic table",
          "provenance__smiles": null,
          "provenance__state_of_matter": "dummy estimator based on mw"
        }
      ],
      "stoichiometry": {
        "bd51ab5e-57bb-4330-a243-4a5485923651": 1.0,
        "82f5b95a-dd7c-44bd-a121-8d4f36cad1b4": -1.0
      },
      "temperature": 354.8695926904678,
      "intended_ratios": {
        "bd51ab5e-57bb-4330-a243-4a5485923651": 1.0,
        "8cf2d5f5-339f-4798-a948-b03e68dc0f9d": 1.0
      },
      "expected_yields": {
        "82f5b95a-dd7c-44bd-a121-8d4f36cad1b4": 1.0
      },
      "reaction_extent": 0.01
    },
    {
      "identifier": "2e9a0848-433c-4f4f-a088-62e083508021",
      "reactants": [
        {
          "identifier": "8a5da654-4365-40d9-b4b4-d48f02733886",
          "smiles": "Cc1ccc(S(=O)(=O)n2cc(Cc3ccc(N)nc3)c3cc(Cl)cnc32)cc1",
          "state_of_matter": "SOLID",
          "molecular_weight": 413.90052000000014,
          "density": 1.4,
          "mass": 4.1390052000000015,
          "is_produced_by": [],
          "is_consumed_by": [
            "2e9a0848-433c-4f4f-a088-62e083508021"
          ],
          "provenance__density": "dummy estimator based on mw",
          "provenance__is_consumed_by": null,
          "provenance__is_produced_by": null,
          "provenance__mass": null,
          "provenance__molecular_weight": "periodic table",
          "provenance__smiles": null,
          "provenance__state_of_matter": "dummy estimator based on mw"
        },
        {
          "identifier": "c04557de-a0e0-4b00-8207-7f0f1344519a",
          "smiles": "O=C(O)c1ccc(C(F)(F)F)nc1",
          "state_of_matter": "LIQUID",
          "molecular_weight": 191.10736959999997,
          "density": 1.0,
          "mass": 1.9110736959999997,
          "is_produced_by": [],
          "is_consumed_by": [
            "2e9a0848-433c-4f4f-a088-62e083508021"
          ],
          "provenance__density": "dummy estimator based on mw",
          "provenance__is_consumed_by": null,
          "provenance__is_produced_by": null,
          "provenance__mass": null,
          "provenance__molecular_weight": "periodic table",
          "provenance__smiles": null,
          "provenance__state_of_matter": "dummy estimator based on mw"
        }
      ],
      "reagents": [
        {
          "identifier": "8bf89942-853c-48db-9de8-a8e5e35a3393",
          "smiles": "c1ccncc1",
          "state_of_matter": "LIQUID",
          "molecular_weight": 79.09990000000003,
          "density": 1.0,
          "mass": 0.7909990000000003,
          "is_produced_by": [],
          "is_consumed_by": [
            "2e9a0848-433c-4f4f-a088-62e083508021"
          ],
          "provenance__density": "dummy estimator based on mw",
          "provenance__is_consumed_by": null,
          "provenance__is_produced_by": null,
          "provenance__mass": null,
          "provenance__molecular_weight": "periodic table",
          "provenance__smiles": null,
          "provenance__state_of_matter": "dummy estimator based on mw"
        },
        {
          "identifier": "116b6d6e-d8fe-4a5b-b930-a0abaf5a56f9",
          "smiles": "O=S(Cl)Cl",
          "state_of_matter": "LIQUID",
          "molecular_weight": 118.97040000000001,
          "density": 1.0,
          "mass": 1.189704,
          "is_produced_by": [],
          "is_consumed_by": [
            "2e9a0848-433c-4f4f-a088-62e083508021"
          ],
          "provenance__density": "dummy estimator based on mw",
          "provenance__is_consumed_by": null,
          "provenance__is_produced_by": null,
          "provenance__mass": null,
          "provenance__molecular_weight": "periodic table",
          "provenance__smiles": null,
          "provenance__state_of_matter": "dummy estimator based on mw"
        }
      ],
      "products": [
        {
          "identifier": "b5540a23-652d-4709-8bb5-dad107e49844",
          "smiles": "Cc1ccc(S(=O)(=O)n2cc(Cc3ccc(NC(=O)c4ccc(C(F)(F)F)nc4)nc3)c3cc(Cl)cnc32)cc1",
          "state_of_matter": "SOLID",
          "molecular_weight": 586.9926095999992,
          "density": 1.4,
          "mass": 5.869926095999992,
          "is_produced_by": [
            "2e9a0848-433c-4f4f-a088-62e083508021"
          ],
          "is_consumed_by": [],
          "provenance__density": "dummy estimator based on mw",
          "provenance__is_consumed_by": null,
          "provenance__is_produced_by": null,
          "provenance__mass": null,
          "provenance__molecular_weight": "periodic table",
          "provenance__smiles": null,
          "provenance__state_of_matter": "dummy estimator based on mw"
        }
      ],
      "stoichiometry": {
        "8a5da654-4365-40d9-b4b4-d48f02733886": 1.0,
        "c04557de-a0e0-4b00-8207-7f0f1344519a": 1.0,
        "b5540a23-652d-4709-8bb5-dad107e49844": -1.0
      },
      "temperature": 328.6723099887371,
      "intended_ratios": {
        "8a5da654-4365-40d9-b4b4-d48f02733886": 1.0,
        "c04557de-a0e0-4b00-8207-7f0f1344519a": 1.0,
        "8bf89942-853c-48db-9de8-a8e5e35a3393": 1.0,
        "116b6d6e-d8fe-4a5b-b930-a0abaf5a56f9": 1.0
      },
      "expected_yields": {
        "b5540a23-652d-4709-8bb5-dad107e49844": 1.0
      },
      "reaction_extent": 0.01
    },
    {
      "identifier": "f74b63cf-50fa-49ac-959d-34f6e84ebf08",
      "reactants": [
        {
          "identifier": "9153e2e8-120b-4e50-ab13-8936bfc6358d",
          "smiles": "Cc1ccc(S(=O)(=O)n2cc(Cc3ccc(NC(=O)c4ccc(C(F)(F)F)nc4)nc3)c3cc(Cl)cnc32)cc1",
          "state_of_matter": "SOLID",
          "molecular_weight": 586.9926095999992,
          "density": 1.4,
          "mass": 5.869926095999992,
          "is_produced_by": [],
          "is_consumed_by": [
            "f74b63cf-50fa-49ac-959d-34f6e84ebf08"
          ],
          "provenance__density": "dummy estimator based on mw",
          "provenance__is_consumed_by": null,
          "provenance__is_produced_by": null,
          "provenance__mass": null,
          "provenance__molecular_weight": "periodic table",
          "provenance__smiles": null,
          "provenance__state_of_matter": "dummy estimator based on mw"
        }
      ],
      "reagents": [
        {
          "identifier": "0e6d1a7a-16bd-453f-85e3-2c1757b51b87",
          "smiles": "O",
          "state_of_matter": "LIQUID",
          "molecular_weight": 18.01528,
          "density": 1.0,
          "mass": 0.1801528,
          "is_produced_by": [],
          "is_consumed_by": [
            "f74b63cf-50fa-49ac-959d-34f6e84ebf08"
          ],
          "provenance__density": "dummy estimator based on mw",
          "provenance__is_consumed_by": null,
          "provenance__is_produced_by": null,
          "provenance__mass": null,
          "provenance__molecular_weight": "periodic table",
          "provenance__smiles": null,
          "provenance__state_of_matter": "dummy estimator based on mw"
        },
        {
          "identifier": "dc17a136-d231-4917-8dde-23ca050bda92",
          "smiles": "C1CCOC1",
          "state_of_matter": "LIQUID",
          "molecular_weight": 72.10572000000005,
          "density": 1.0,
          "mass": 0.7210572000000005,
          "is_produced_by": [],
          "is_consumed_by": [
            "f74b63cf-50fa-49ac-959d-34f6e84ebf08"
          ],
          "provenance__density": "dummy estimator based on mw",
          "provenance__is_consumed_by": null,
          "provenance__is_produced_by": null,
          "provenance__mass": null,
          "provenance__molecular_weight": "periodic table",
          "provenance__smiles": null,
          "provenance__state_of_matter": "dummy estimator based on mw"
        },
        {
          "identifier": "62371a30-858e-4844-ab0a-c2b064e5bf8d",
          "smiles": "CCCC[N+](CCCC)(CCCC)CCCC.[F-]",
          "state_of_matter": "SOLID",
          "molecular_weight": 261.46214319999973,
          "density": 1.4,
          "mass": 2.614621431999997,
          "is_produced_by": [],
          "is_consumed_by": [
            "f74b63cf-50fa-49ac-959d-34f6e84ebf08"
          ],
          "provenance__density": "dummy estimator based on mw",
          "provenance__is_consumed_by": null,
          "provenance__is_produced_by": null,
          "provenance__mass": null,
          "provenance__molecular_weight": "periodic table",
          "provenance__smiles": null,
          "provenance__state_of_matter": "dummy estimator based on mw"
        }
      ],
      "products": [
        {
          "identifier": "98b8120d-65c8-4916-a1aa-e6c2c4621d70",
          "smiles": "O=C(Nc1ccc(Cc2c[nH]c3ncc(Cl)cc23)cn1)c1ccc(C(F)(F)F)nc1",
          "state_of_matter": "SOLID",
          "molecular_weight": 431.79832960000016,
          "density": 1.4,
          "mass": 4.317983296000001,
          "is_produced_by": [
            "f74b63cf-50fa-49ac-959d-34f6e84ebf08"
          ],
          "is_consumed_by": [],
          "provenance__density": "dummy estimator based on mw",
          "provenance__is_consumed_by": null,
          "provenance__is_produced_by": null,
          "provenance__mass": null,
          "provenance__molecular_weight": "periodic table",
          "provenance__smiles": null,
          "provenance__state_of_matter": "dummy estimator based on mw"
        }
      ],
      "stoichiometry": {
        "9153e2e8-120b-4e50-ab13-8936bfc6358d": 1.0,
        "98b8120d-65c8-4916-a1aa-e6c2c4621d70": -1.0
      },
      "temperature": 316.97248406410216,
      "intended_ratios": {
        "9153e2e8-120b-4e50-ab13-8936bfc6358d": 1.0,
        "0e6d1a7a-16bd-453f-85e3-2c1757b51b87": 1.0,
        "dc17a136-d231-4917-8dde-23ca050bda92": 1.0,
        "62371a30-858e-4844-ab0a-c2b064e5bf8d": 1.0
      },
      "expected_yields": {
        "98b8120d-65c8-4916-a1aa-e6c2c4621d70": 1.0
      },
      "reaction_extent": 0.01
    },
    {
      "identifier": "8e7ae4a5-87d9-47f1-b77b-ac3c435c847f",
      "reactants": [
        {
          "identifier": "f9c42f87-908b-4f9a-9d10-c791e68cb7d7",
          "smiles": "Clc1cnc2[nH]ccc2c1",
          "state_of_matter": "LIQUID",
          "molecular_weight": 152.58099999999993,
          "density": 1.0,
          "mass": 1.5258099999999994,
          "is_produced_by": [],
          "is_consumed_by": [
            "8e7ae4a5-87d9-47f1-b77b-ac3c435c847f"
          ],
          "provenance__density": "dummy estimator based on mw",
          "provenance__is_consumed_by": null,
          "provenance__is_produced_by": null,
          "provenance__mass": null,
          "provenance__molecular_weight": "periodic table",
          "provenance__smiles": null,
          "provenance__state_of_matter": "dummy estimator based on mw"
        },
        {
          "identifier": "081c354f-22dd-49f4-a8f1-e8927c298e04",
          "smiles": "O=Cc1ccc(Cl)nc1",
          "state_of_matter": "LIQUID",
          "molecular_weight": 141.55505999999997,
          "density": 1.0,
          "mass": 1.4155505999999998,
          "is_produced_by": [],
          "is_consumed_by": [
            "8e7ae4a5-87d9-47f1-b77b-ac3c435c847f"
          ],
          "provenance__density": "dummy estimator based on mw",
          "provenance__is_consumed_by": null,
          "provenance__is_produced_by": null,
          "provenance__mass": null,
          "provenance__molecular_weight": "periodic table",
          "provenance__smiles": null,
          "provenance__state_of_matter": "dummy estimator based on mw"
        }
      ],
      "reagents": [
        {
          "identifier": "8c0690bd-a6b0-4b53-9450-77a4123ed577",
          "smiles": "CO",
          "state_of_matter": "LIQUID",
          "molecular_weight": 32.04186000000001,
          "density": 1.0,
          "mass": 0.32041860000000005,
          "is_produced_by": [],
          "is_consumed_by": [
            "8e7ae4a5-87d9-47f1-b77b-ac3c435c847f"
          ],
          "provenance__density": "dummy estimator based on mw",
          "provenance__is_consumed_by": null,
          "provenance__is_produced_by": null,
          "provenance__mass": null,
          "provenance__molecular_weight": "periodic table",
          "provenance__smiles": null,
          "provenance__state_of_matter": "dummy estimator based on mw"
        },
        {
          "identifier": "17d9736d-e59d-4b3a-9620-6625bb5a97fe",
          "smiles": "O",
          "state_of_matter": "LIQUID",
          "molecular_weight": 18.01528,
          "density": 1.0,
          "mass": 0.1801528,
          "is_produced_by": [],
          "is_consumed_by": [
            "8e7ae4a5-87d9-47f1-b77b-ac3c435c847f"
          ],
          "provenance__density": "dummy estimator based on mw",
          "provenance__is_consumed_by": null,
          "provenance__is_produced_by": null,
          "provenance__mass": null,
          "provenance__molecular_weight": "periodic table",
          "provenance__smiles": null,
          "provenance__state_of_matter": "dummy estimator based on mw"
        },
        {
          "identifier": "e014f59b-10ec-4997-a1d3-fc2bd5c98e1a",
          "smiles": "O[K]",
          "state_of_matter": "SOLID",
          "molecular_weight": 56.10564,
          "density": 1.4,
          "mass": 0.5610564,
          "is_produced_by": [],
          "is_consumed_by": [
            "8e7ae4a5-87d9-47f1-b77b-ac3c435c847f"
          ],
          "provenance__density": "dummy estimator based on mw",
          "provenance__is_consumed_by": null,
          "provenance__is_produced_by": null,
          "provenance__mass": null,
          "provenance__molecular_weight": "periodic table",
          "provenance__smiles": null,
          "provenance__state_of_matter": "dummy estimator based on mw"
        }
      ],
      "products": [
        {
          "identifier": "be24ea5c-ff5d-4d6d-acec-7f376060e8a9",
          "smiles": "OC(c1ccc(Cl)nc1)c1c[nH]c2ncc(Cl)cc12",
          "state_of_matter": "SOLID",
          "molecular_weight": 294.1360600000001,
          "density": 1.4,
          "mass": 2.941360600000001,
          "is_produced_by": [
            "8e7ae4a5-87d9-47f1-b77b-ac3c435c847f"
          ],
          "is_consumed_by": [],
          "provenance__density": "dummy estimator based on mw",
          "provenance__is_consumed_by": null,
          "provenance__is_produced_by": null,
          "provenance__mass": null,
          "provenance__molecular_weight": "periodic table",
          "provenance__smiles": null,
          "provenance__state_of_matter": "dummy estimator based on mw"
        }
      ],
      "stoichiometry": {
        "f9c42f87-908b-4f9a-9d10-c791e68cb7d7": 1.0,
        "081c354f-22dd-49f4-a8f1-e8927c298e04": 1.0,
        "be24ea5c-ff5d-4d6d-acec-7f376060e8a9": -1.0
      },
      "temperature": 281.2925557672977,
      "intended_ratios": {
        "f9c42f87-908b-4f9a-9d10-c791e68cb7d7": 1.0,
        "081c354f-22dd-49f4-a8f1-e8927c298e04": 1.0,
        "8c0690bd-a6b0-4b53-9450-77a4123ed577": 1.0,
        "17d9736d-e59d-4b3a-9620-6625bb5a97fe": 1.0,
        "e014f59b-10ec-4997-a1d3-fc2bd5c98e1a": 1.0
      },
      "expected_yields": {
        "be24ea5c-ff5d-4d6d-acec-7f376060e8a9": 1.0
      },
      "reaction_extent": 0.01
    },
    {
      "identifier": "af4985d9-5271-4fd1-995f-5a1bd91eadc5",
      "reactants": [
        {
          "identifier": "f6016f68-b5f2-4ee0-8cf8-827c36c5c5cd",
          "smiles": "O=C(Nc1ccc(Cc2c[nH]c3ncc(Cl)cc23)cn1)c1ccc(C(F)(F)F)nc1",
          "state_of_matter": "SOLID",
          "molecular_weight": 431.79832960000016,
          "density": 1.4,
          "mass": 4.317983296000001,
          "is_produced_by": [],
          "is_consumed_by": [
            "af4985d9-5271-4fd1-995f-5a1bd91eadc5"
          ],
          "provenance__density": "dummy estimator based on mw",
          "provenance__is_consumed_by": null,
          "provenance__is_produced_by": null,
          "provenance__mass": null,
          "provenance__molecular_weight": "periodic table",
          "provenance__smiles": null,
          "provenance__state_of_matter": "dummy estimator based on mw"
        }
      ],
      "reagents": [
        {
          "identifier": "c95b33b6-1270-461f-b7b4-6e0874208852",
          "smiles": "CC#N",
          "state_of_matter": "LIQUID",
          "molecular_weight": 41.051919999999996,
          "density": 1.0,
          "mass": 0.4105192,
          "is_produced_by": [],
          "is_consumed_by": [
            "af4985d9-5271-4fd1-995f-5a1bd91eadc5"
          ],
          "provenance__density": "dummy estimator based on mw",
          "provenance__is_consumed_by": null,
          "provenance__is_produced_by": null,
          "provenance__mass": null,
          "provenance__molecular_weight": "periodic table",
          "provenance__smiles": null,
          "provenance__state_of_matter": "dummy estimator based on mw"
        },
        {
          "identifier": "5142ff4f-d786-4b93-a78a-f9e0b50b54d2",
          "smiles": "O=C(O)C(F)(F)F",
          "state_of_matter": "LIQUID",
          "molecular_weight": 114.0233496,
          "density": 1.0,
          "mass": 1.140233496,
          "is_produced_by": [],
          "is_consumed_by": [
            "af4985d9-5271-4fd1-995f-5a1bd91eadc5"
          ],
          "provenance__density": "dummy estimator based on mw",
          "provenance__is_consumed_by": null,
          "provenance__is_produced_by": null,
          "provenance__mass": null,
          "provenance__molecular_weight": "periodic table",
          "provenance__smiles": null,
          "provenance__state_of_matter": "dummy estimator based on mw"
        },
        {
          "identifier": "954745fa-5aa2-4bc1-90aa-72c32c9a5da1",
          "smiles": "CC[SiH](CC)CC",
          "state_of_matter": "LIQUID",
          "molecular_weight": 116.27674000000007,
          "density": 1.0,
          "mass": 1.1627674000000008,
          "is_produced_by": [],
          "is_consumed_by": [
            "af4985d9-5271-4fd1-995f-5a1bd91eadc5"
          ],
          "provenance__density": "dummy estimator based on mw",
          "provenance__is_consumed_by": null,
          "provenance__is_produced_by": null,
          "provenance__mass": null,
          "provenance__molecular_weight": "periodic table",
          "provenance__smiles": null,
          "provenance__state_of_matter": "dummy estimator based on mw"
        }
      ],
      "products": [
        {
          "identifier": "c7007a7b-5c79-4b3c-b80c-708338de5acc",
          "smiles": "FC(F)(F)c1ccc(CNc2ccc(Cc3c[nH]c4ncc(Cl)cc34)cn2)cn1",
          "state_of_matter": "SOLID",
          "molecular_weight": 417.81480960000016,
          "density": 1.4,
          "mass": 4.178148096000002,
          "is_produced_by": [
            "af4985d9-5271-4fd1-995f-5a1bd91eadc5"
          ],
          "is_consumed_by": [],
          "provenance__density": "dummy estimator based on mw",
          "provenance__is_consumed_by": null,
          "provenance__is_produced_by": null,
          "provenance__mass": null,
          "provenance__molecular_weight": "periodic table",
          "provenance__smiles": null,
          "provenance__state_of_matter": "dummy estimator based on mw"
        }
      ],
      "stoichiometry": {
        "f6016f68-b5f2-4ee0-8cf8-827c36c5c5cd": 1.0,
        "c7007a7b-5c79-4b3c-b80c-708338de5acc": -1.0
      },
      "temperature": 327.5941164672374,
      "intended_ratios": {
        "f6016f68-b5f2-4ee0-8cf8-827c36c5c5cd": 1.0,
        "c95b33b6-1270-461f-b7b4-6e0874208852": 1.0,
        "5142ff4f-d786-4b93-a78a-f9e0b50b54d2": 1.0,
        "954745fa-5aa2-4bc1-90aa-72c32c9a5da1": 1.0
      },
      "expected_yields": {
        "c7007a7b-5c79-4b3c-b80c-708338de5acc": 1.0
      },
      "reaction_extent": 0.01
    },
    {
      "identifier": "9bdf2e02-87b0-4292-af25-af802c872b38",
      "reactants": [
        {
          "identifier": "c5c26095-65a0-4ac0-9c57-9e5bc777b311",
          "smiles": "OC(c1ccc(Cl)nc1)c1c[nH]c2ncc(Cl)cc12",
          "state_of_matter": "SOLID",
          "molecular_weight": 294.1360600000001,
          "density": 1.4,
          "mass": 2.941360600000001,
          "is_produced_by": [],
          "is_consumed_by": [
            "9bdf2e02-87b0-4292-af25-af802c872b38"
          ],
          "provenance__density": "dummy estimator based on mw",
          "provenance__is_consumed_by": null,
          "provenance__is_produced_by": null,
          "provenance__mass": null,
          "provenance__molecular_weight": "periodic table",
          "provenance__smiles": null,
          "provenance__state_of_matter": "dummy estimator based on mw"
        }
      ],
      "reagents": [
        {
          "identifier": "10b037b3-d4e6-4bda-b47c-8e042ce2db2a",
          "smiles": "CC#N",
          "state_of_matter": "LIQUID",
          "molecular_weight": 41.051919999999996,
          "density": 1.0,
          "mass": 0.4105192,
          "is_produced_by": [],
          "is_consumed_by": [
            "9bdf2e02-87b0-4292-af25-af802c872b38"
          ],
          "provenance__density": "dummy estimator based on mw",
          "provenance__is_consumed_by": null,
          "provenance__is_produced_by": null,
          "provenance__mass": null,
          "provenance__molecular_weight": "periodic table",
          "provenance__smiles": null,
          "provenance__state_of_matter": "dummy estimator based on mw"
        },
        {
          "identifier": "2e87314e-b5cc-43ed-ba6e-7201fa8429c5",
          "smiles": "O=C(O)C(F)(F)F",
          "state_of_matter": "LIQUID",
          "molecular_weight": 114.0233496,
          "density": 1.0,
          "mass": 1.140233496,
          "is_produced_by": [],
          "is_consumed_by": [
            "9bdf2e02-87b0-4292-af25-af802c872b38"
          ],
          "provenance__density": "dummy estimator based on mw",
          "provenance__is_consumed_by": null,
          "provenance__is_produced_by": null,
          "provenance__mass": null,
          "provenance__molecular_weight": "periodic table",
          "provenance__smiles": null,
          "provenance__state_of_matter": "dummy estimator based on mw"
        },
        {
          "identifier": "f348d50b-0b2f-4da2-83e1-a95ee0251eba",
          "smiles": "CC[SiH](CC)CC",
          "state_of_matter": "LIQUID",
          "molecular_weight": 116.27674000000007,
          "density": 1.0,
          "mass": 1.1627674000000008,
          "is_produced_by": [],
          "is_consumed_by": [
            "9bdf2e02-87b0-4292-af25-af802c872b38"
          ],
          "provenance__density": "dummy estimator based on mw",
          "provenance__is_consumed_by": null,
          "provenance__is_produced_by": null,
          "provenance__mass": null,
          "provenance__molecular_weight": "periodic table",
          "provenance__smiles": null,
          "provenance__state_of_matter": "dummy estimator based on mw"
        }
      ],
      "products": [
        {
          "identifier": "582799de-2f12-49bc-b64d-27a7f58fbe63",
          "smiles": "Clc1cnc2[nH]cc(Cc3ccc(Cl)nc3)c2c1",
          "state_of_matter": "SOLID",
          "molecular_weight": 278.13666000000006,
          "density": 1.4,
          "mass": 2.7813666000000006,
          "is_produced_by": [
            "9bdf2e02-87b0-4292-af25-af802c872b38"
          ],
          "is_consumed_by": [],
          "provenance__density": "dummy estimator based on mw",
          "provenance__is_consumed_by": null,
          "provenance__is_produced_by": null,
          "provenance__mass": null,
          "provenance__molecular_weight": "periodic table",
          "provenance__smiles": null,
          "provenance__state_of_matter": "dummy estimator based on mw"
        }
      ],
      "stoichiometry": {
        "c5c26095-65a0-4ac0-9c57-9e5bc777b311": 1.0,
        "582799de-2f12-49bc-b64d-27a7f58fbe63": -1.0
      },
      "temperature": 307.97120277285575,
      "intended_ratios": {
        "c5c26095-65a0-4ac0-9c57-9e5bc777b311": 1.0,
        "10b037b3-d4e6-4bda-b47c-8e042ce2db2a": 1.0,
        "2e87314e-b5cc-43ed-ba6e-7201fa8429c5": 1.0,
        "f348d50b-0b2f-4da2-83e1-a95ee0251eba": 1.0
      },
      "expected_yields": {
        "582799de-2f12-49bc-b64d-27a7f58fbe63": 1.0
      },
      "reaction_extent": 0.01
    }
  ],
  "molecular_nodes": [
    "C1CCOC1",
    "C=Cc1ccccc1",
    "CC#N",
    "CC(=O)[O-].CC(=O)[O-].[Pd+2]",
    "CC(C)N",
    "CC(C)N1C(=O)CC(=O)NC1=O",
    "CC(C)NC(=O)Cl",
    "CC(C)O",
    "CC(C)c1c(O)cc(Br)cc1O",
    "CC(C)c1c(O)cc(C=Cc2ccccc2)cc1O",
    "CC(C)n1c(=O)cc(Cl)[nH]c1=O",
    "CC(N)c1ccccc1",
    "CC(Nc1cc(=O)n(C(C)C)c(=O)[nH]1)c1ccccc1",
    "CCCC[N+](CCCC)(CCCC)CCCC.[F-]",
    "CCN(CC)CC",
    "CCO",
    "CCOC(=O)CC(=O)Cl",
    "CCOC(=O)CC(=O)N(C(=O)Cl)C(C)C",
    "CCOC(=O)CC(=O)N(C(N)=O)C(C)C",
    "CCO[Na]",
    "CC[SiH](CC)CC",
    "CI",
    "CN(C)C=O",
    "CO",
    "Cc1ccc(S(=O)(=O)Cl)cc1",
    "Cc1ccc(S(=O)(=O)n2cc(Cc3ccc(Cl)nc3)c3cc(Cl)cnc32)cc1",
    "Cc1ccc(S(=O)(=O)n2cc(Cc3ccc(N)nc3)c3cc(Cl)cnc32)cc1",
    "Cc1ccc(S(=O)(=O)n2cc(Cc3ccc(NC(=O)c4ccc(C(F)(F)F)nc4)nc3)c3cc(Cl)cnc32)cc1",
    "ClCCl",
    "Clc1cnc2[nH]cc(Cc3ccc(Cl)nc3)c2c1",
    "Clc1cnc2[nH]ccc2c1",
    "FC(F)(F)c1ccc(CNc2ccc(Cc3c[nH]c4ncc(Cl)cc34)cn2)cn1",
    "O",
    "O=C(Nc1ccc(Cc2c[nH]c3ncc(Cl)cc23)cn1)c1ccc(C(F)(F)F)nc1",
    "O=C(O)C(F)(F)F",
    "O=C(O)c1ccc(C(F)(F)F)nc1",
    "O=C(OC(Cl)(Cl)Cl)OC(Cl)(Cl)Cl",
    "O=C(O[K])O[K]",
    "O=Cc1ccc(Cl)nc1",
    "O=S(=O)(O)O",
    "O=S(Cl)Cl",
    "OC(c1ccc(Cl)nc1)c1c[nH]c2ncc(Cl)cc12",
    "O[K]",
    "Oc1cc(O)cc(Br)c1",
    "[NaH]",
    "c1ccc(P(c2ccccc2)c2ccccc2)cc1",
    "c1ccncc1"
  ],
  "edges": [
    [
      "05337e49-d4ce-4d52-9d50-1a837eec8bd5",
      "CCOC(=O)CC(=O)N(C(N)=O)C(C)C"
    ],
    [
      "09f04f18-06c0-4153-b928-90fe8a379894",
      "CC(C)c1c(O)cc(Br)cc1O"
    ],
    [
      "1463d9b5-8ba8-41b2-8b47-fc61b91272fe",
      "Cc1ccc(S(=O)(=O)n2cc(Cc3ccc(Cl)nc3)c3cc(Cl)cnc32)cc1"
    ],
    [
      "16419c5e-6f99-498b-999a-08e0241a5fb9",
      "CC(C)c1c(O)cc(C=Cc2ccccc2)cc1O"
    ],
    [
      "2e9a0848-433c-4f4f-a088-62e083508021",
      "Cc1ccc(S(=O)(=O)n2cc(Cc3ccc(NC(=O)c4ccc(C(F)(F)F)nc4)nc3)c3cc(Cl)cnc32)cc1"
    ],
    [
      "7a6e90ad-82c2-41c6-9c97-632e63b77cd6",
      "CC(Nc1cc(=O)n(C(C)C)c(=O)[nH]1)c1ccccc1"
    ],
    [
      "8e7ae4a5-87d9-47f1-b77b-ac3c435c847f",
      "OC(c1ccc(Cl)nc1)c1c[nH]c2ncc(Cl)cc12"
    ],
    [
      "93c113cb-6d0f-40b5-970a-a136e13023b0",
      "CC(C)n1c(=O)cc(Cl)[nH]c1=O"
    ],
    [
      "9bdf2e02-87b0-4292-af25-af802c872b38",
      "Clc1cnc2[nH]cc(Cc3ccc(Cl)nc3)c2c1"
    ],
    [
      "C1CCOC1",
      "f74b63cf-50fa-49ac-959d-34f6e84ebf08"
    ],
    [
      "C=Cc1ccccc1",
      "16419c5e-6f99-498b-999a-08e0241a5fb9"
    ],
    [
      "CC#N",
      "7a6e90ad-82c2-41c6-9c97-632e63b77cd6"
    ],
    [
      "CC#N",
      "9bdf2e02-87b0-4292-af25-af802c872b38"
    ],
    [
      "CC#N",
      "af4985d9-5271-4fd1-995f-5a1bd91eadc5"
    ],
    [
      "CC(=O)[O-].CC(=O)[O-].[Pd+2]",
      "16419c5e-6f99-498b-999a-08e0241a5fb9"
    ],
    [
      "CC(C)N",
      "cb4d0a66-17d2-44cb-a237-466fc59be2ce"
    ],
    [
      "CC(C)N1C(=O)CC(=O)NC1=O",
      "93c113cb-6d0f-40b5-970a-a136e13023b0"
    ],
    [
      "CC(C)NC(=O)Cl",
      "f0bed48f-5672-4b92-a08f-e13e69f434c9"
    ],
    [
      "CC(C)O",
      "09f04f18-06c0-4153-b928-90fe8a379894"
    ],
    [
      "CC(C)c1c(O)cc(Br)cc1O",
      "16419c5e-6f99-498b-999a-08e0241a5fb9"
    ],
    [
      "CC(C)n1c(=O)cc(Cl)[nH]c1=O",
      "7a6e90ad-82c2-41c6-9c97-632e63b77cd6"
    ],
    [
      "CC(N)c1ccccc1",
      "7a6e90ad-82c2-41c6-9c97-632e63b77cd6"
    ],
    [
      "CCCC[N+](CCCC)(CCCC)CCCC.[F-]",
      "f74b63cf-50fa-49ac-959d-34f6e84ebf08"
    ],
    [
      "CCN(CC)CC",
      "16419c5e-6f99-498b-999a-08e0241a5fb9"
    ],
    [
      "CCO",
      "eda9e507-612f-4ec1-96c1-3ba2df30d49d"
    ],
    [
      "CCOC(=O)CC(=O)Cl",
      "f0bed48f-5672-4b92-a08f-e13e69f434c9"
    ],
    [
      "CCOC(=O)CC(=O)N(C(=O)Cl)C(C)C",
      "05337e49-d4ce-4d52-9d50-1a837eec8bd5"
    ],
    [
      "CCOC(=O)CC(=O)N(C(N)=O)C(C)C",
      "eda9e507-612f-4ec1-96c1-3ba2df30d49d"
    ],
    [
      "CCO[Na]",
      "eda9e507-612f-4ec1-96c1-3ba2df30d49d"
    ],
    [
      "CC[SiH](CC)CC",
      "9bdf2e02-87b0-4292-af25-af802c872b38"
    ],
    [
      "CC[SiH](CC)CC",
      "af4985d9-5271-4fd1-995f-5a1bd91eadc5"
    ],
    [
      "CI",
      "93c113cb-6d0f-40b5-970a-a136e13023b0"
    ],
    [
      "CN(C)C=O",
      "1463d9b5-8ba8-41b2-8b47-fc61b91272fe"
    ],
    [
      "CN(C)C=O",
      "16419c5e-6f99-498b-999a-08e0241a5fb9"
    ],
    [
      "CN(C)C=O",
      "93c113cb-6d0f-40b5-970a-a136e13023b0"
    ],
    [
      "CO",
      "8e7ae4a5-87d9-47f1-b77b-ac3c435c847f"
    ],
    [
      "Cc1ccc(S(=O)(=O)Cl)cc1",
      "1463d9b5-8ba8-41b2-8b47-fc61b91272fe"
    ],
    [
      "Cc1ccc(S(=O)(=O)n2cc(Cc3ccc(Cl)nc3)c3cc(Cl)cnc32)cc1",
      "d0866d37-521a-4a24-b3d1-8c2f5435a57c"
    ],
    [
      "Cc1ccc(S(=O)(=O)n2cc(Cc3ccc(N)nc3)c3cc(Cl)cnc32)cc1",
      "2e9a0848-433c-4f4f-a088-62e083508021"
    ],
    [
      "Cc1ccc(S(=O)(=O)n2cc(Cc3ccc(NC(=O)c4ccc(C(F)(F)F)nc4)nc3)c3cc(Cl)cnc32)cc1",
      "f74b63cf-50fa-49ac-959d-34f6e84ebf08"
    ],
    [
      "ClCCl",
      "05337e49-d4ce-4d52-9d50-1a837eec8bd5"
    ],
    [
      "ClCCl",
      "cb4d0a66-17d2-44cb-a237-466fc59be2ce"
    ],
    [
      "ClCCl",
      "f0bed48f-5672-4b92-a08f-e13e69f434c9"
    ],
    [
      "Clc1cnc2[nH]cc(Cc3ccc(Cl)nc3)c2c1",
      "1463d9b5-8ba8-41b2-8b47-fc61b91272fe"
    ],
    [
      "Clc1cnc2[nH]ccc2c1",
      "8e7ae4a5-87d9-47f1-b77b-ac3c435c847f"
    ],
    [
      "O",
      "1463d9b5-8ba8-41b2-8b47-fc61b91272fe"
    ],
    [
      "O",
      "8e7ae4a5-87d9-47f1-b77b-ac3c435c847f"
    ],
    [
      "O",
      "93c113cb-6d0f-40b5-970a-a136e13023b0"
    ],
    [
      "O",
      "f74b63cf-50fa-49ac-959d-34f6e84ebf08"
    ],
    [
      "O=C(Nc1ccc(Cc2c[nH]c3ncc(Cl)cc23)cn1)c1ccc(C(F)(F)F)nc1",
      "af4985d9-5271-4fd1-995f-5a1bd91eadc5"
    ],
    [
      "O=C(O)C(F)(F)F",
      "9bdf2e02-87b0-4292-af25-af802c872b38"
    ],
    [
      "O=C(O)C(F)(F)F",
      "af4985d9-5271-4fd1-995f-5a1bd91eadc5"
    ],
    [
      "O=C(O)C(F)(F)F",
      "d0866d37-521a-4a24-b3d1-8c2f5435a57c"
    ],
    [
      "O=C(O)c1ccc(C(F)(F)F)nc1",
      "2e9a0848-433c-4f4f-a088-62e083508021"
    ],
    [
      "O=C(OC(Cl)(Cl)Cl)OC(Cl)(Cl)Cl",
      "cb4d0a66-17d2-44cb-a237-466fc59be2ce"
    ],
    [
      "O=C(O[K])O[K]",
      "93c113cb-6d0f-40b5-970a-a136e13023b0"
    ],
    [
      "O=Cc1ccc(Cl)nc1",
      "8e7ae4a5-87d9-47f1-b77b-ac3c435c847f"
    ],
    [
      "O=S(=O)(O)O",
      "09f04f18-06c0-4153-b928-90fe8a379894"
    ],
    [
      "O=S(Cl)Cl",
      "2e9a0848-433c-4f4f-a088-62e083508021"
    ],
    [
      "OC(c1ccc(Cl)nc1)c1c[nH]c2ncc(Cl)cc12",
      "9bdf2e02-87b0-4292-af25-af802c872b38"
    ],
    [
      "O[K]",
      "8e7ae4a5-87d9-47f1-b77b-ac3c435c847f"
    ],
    [
      "Oc1cc(O)cc(Br)c1",
      "09f04f18-06c0-4153-b928-90fe8a379894"
    ],
    [
      "[NaH]",
      "1463d9b5-8ba8-41b2-8b47-fc61b91272fe"
    ],
    [
      "af4985d9-5271-4fd1-995f-5a1bd91eadc5",
      "FC(F)(F)c1ccc(CNc2ccc(Cc3c[nH]c4ncc(Cl)cc34)cn2)cn1"
    ],
    [
      "c1ccc(P(c2ccccc2)c2ccccc2)cc1",
      "16419c5e-6f99-498b-999a-08e0241a5fb9"
    ],
    [
      "c1ccncc1",
      "2e9a0848-433c-4f4f-a088-62e083508021"
    ],
    [
      "cb4d0a66-17d2-44cb-a237-466fc59be2ce",
      "CC(C)NC(=O)Cl"
    ],
    [
      "d0866d37-521a-4a24-b3d1-8c2f5435a57c",
      "Cc1ccc(S(=O)(=O)n2cc(Cc3ccc(N)nc3)c3cc(Cl)cnc32)cc1"
    ],
    [
      "eda9e507-612f-4ec1-96c1-3ba2df30d49d",
      "CC(C)N1C(=O)CC(=O)NC1=O"
    ],
    [
      "f0bed48f-5672-4b92-a08f-e13e69f434c9",
      "CCOC(=O)CC(=O)N(C(=O)Cl)C(C)C"
    ],
    [
      "f74b63cf-50fa-49ac-959d-34f6e84ebf08",
      "O=C(Nc1ccc(Cc2c[nH]c3ncc(Cl)cc23)cn1)c1ccc(C(F)(F)F)nc1"
    ]
  ]
}