{
  "identifier": "28cbfb8b-83a8-45f6-aa1c-1eeca1410d25",
  "chemical_reactions": [
    {
      "identifier": "530aee39-2b95-4ac3-8d2d-10444d4915dc",
      "reactants": [
        {
          "identifier": "a8fe7f07-8edf-49ba-941d-8c05a7896ae1",
          "smiles": "CC(C)(C)OC(=O)N1CCC(=C2c3ccc(Cl)cc3CCc3cccnc32)CC1",
          "state_of_matter": "SOLID",
          "molecular_weight": 410.9363800000003,
          "density": 1.4,
          "mass": 4.109363800000003,
          "is_produced_by": [],
          "is_consumed_by": [
            "530aee39-2b95-4ac3-8d2d-10444d4915dc"
          ],
          "provenance__density": "dummy estimator based on mw",
          "provenance__is_consumed_by": null,
          "provenance__is_produced_by": null,
          "provenance__mass": null,
          "provenance__molecular_weight": "periodic table",
          "provenance__smiles": null,
          "provenance__state_of_matter": "dummy estimator based on mw"
        }
      ],
      "reagents": [
        {
          "identifier": "353c0bef-5d7b-43ea-b324-7e12c95d6820",
          "smiles": "CC(=O)O",
          "state_of_matter": "LIQUID",
          "molecular_weight": 60.051959999999994,
          "density": 1.0,
          "mass": 0.6005195999999999,
          "is_produced_by": [],
          "is_consumed_by": [
            "530aee39-2b95-4ac3-8d2d-10444d4915dc"
          ],
          "provenance__density": "dummy estimator based on mw",
          "provenance__is_consumed_by": null,
          "provenance__is_produced_by": null,
          "provenance__mass": null,
          "provenance__molecular_weight": "periodic table",
          "provenance__smiles": null,
          "provenance__state_of_matter": "dummy estimator based on mw"
        },
        {
          "identifier": "e87192e2-f456-488d-9701-7f1a6b817906",
          "smiles": "BrBr",
          "state_of_matter": "LIQUID",
          "molecular_weight": 159.808,
          "density": 1.0,
          "mass": 1.59808,
          "is_produced_by": [],
          "is_consumed_by": [
            "530aee39-2b95-4ac3-8d2d-10444d4915dc"
          ],
          "provenance__density": "dummy estimator based on mw",
          "provenance__is_consumed_by": null,
          "provenance__is_produced_by": null,
          "provenance__mass": null,
          "provenance__molecular_weight": "periodic table",
          "provenance__smiles": null,
          "provenance__state_of_matter": "dummy estimator based on mw"
        }
      ],
      "products": [
        {
          "identifier": "a8dbe073-2e24-4818-8ff3-72523779706f",
          "smiles": "CC(C)(C)OC(=O)N1CCC(=C2c3ncccc3CCc3cc(Cl)cc(Br)c32)CC1",
          "state_of_matter": "SOLID",
          "molecular_weight": 489.8324400000003,
          "density": 1.4,
          "mass": 4.8983244000000035,
          "is_produced_by": [
            "530aee39-2b95-4ac3-8d2d-10444d4915dc"
          ],
          "is_consumed_by": [],
          "provenance__density": "dummy estimator based on mw",
          "provenance__is_consumed_by": null,
          "provenance__is_produced_by": null,
          "provenance__mass": null,
          "provenance__molecular_weight": "periodic table",
          "provenance__smiles": null,
          "provenance__state_of_matter": "dummy estimator based on mw"
        }
      ],
      "stoichiometry": {
        "a8fe7f07-8edf-49ba-941d-8c05a7896ae1": 1.0,
        "a8dbe073-2e24-4818-8ff3-72523779706f": -1.0
      },
      "temperature": 296.42936775684353,
      "intended_ratios": {
        "a8fe7f07-8edf-49ba-941d-8c05a7896ae1": 1.0,
        "353c0bef-5d7b-43ea-b324-7e12c95d6820": 1.0,
        "e87192e2-f456-488d-9701-7f1a6b817906": 1.0
      },
      "expected_yields": {
        "a8dbe073-2e24-4818-8ff3-72523779706f": 1.0
      },
      "reaction_extent": 0.01
    },
    {
      "identifier": "3f24983e-dfdd-4b06-bf3a-8429d9cb61bf",
      "reactants": [
        {
          "identifier": "4e2f1eca-fb4d-495f-b202-e5533b90c5ce",
          "smiles": "CC(C)(C)OC(=O)N1CCC(=C2c3ncc(Br)cc3CCc3cc(Cl)cc(Br)c32)CC1",
          "state_of_matter": "SOLID",
          "molecular_weight": 568.728499999999,
          "density": 1.4,
          "mass": 5.68728499999999,
          "is_produced_by": [],
          "is_consumed_by": [
            "3f24983e-dfdd-4b06-bf3a-8429d9cb61bf"
          ],
          "provenance__density": "dummy estimator based on mw",
          "provenance__is_consumed_by": null,
          "provenance__is_produced_by": null,
          "provenance__mass": null,
          "provenance__molecular_weight": "periodic table",
          "provenance__smiles": null,
          "provenance__state_of_matter": "dummy estimator based on mw"
        }
      ],
      "reagents": [
        {
          "identifier": "20bc3d6e-f11d-45a4-8c37-8eb054a7d86a",
          "smiles": "ClCCl",
          "state_of_matter": "LIQUID",
          "molecular_weight": 84.93258000000002,
          "density": 1.0,
          "mass": 0.8493258000000001,
          "is_produced_by": [],
          "is_consumed_by": [
            "3f24983e-dfdd-4b06-bf3a-8429d9cb61bf"
          ],
          "provenance__density": "dummy estimator based on mw",
          "provenance__is_consumed_by": null,
          "provenance__is_produced_by": null,
          "provenance__mass": null,
          "provenance__molecular_weight": "periodic table",
          "provenance__smiles": null,
          "provenance__state_of_matter": "dummy estimator based on mw"
        },
        {
          "identifier": "f35303be-bf76-4eda-93cf-34f7fb55040d",
          "smiles": "O=C(O)C(F)(F)F",
          "state_of_matter": "LIQUID",
          "molecular_weight": 114.0233496,
          "density": 1.0,
          "mass": 1.140233496,
          "is_produced_by": [],
          "is_consumed_by": [
            "3f24983e-dfdd-4b06-bf3a-8429d9cb61bf"
          ],
          "provenance__density": "dummy estimator based on mw",
          "provenance__is_consumed_by": null,
          "provenance__is_produced_by": null,
          "provenance__mass": null,
          "provenance__molecular_weight": "periodic table",
          "provenance__smiles": null,
          "provenance__state_of_matter": "dummy estimator based on mw"
        }
      ],
      "products": [
        {
          "identifier": "a38929c7-4836-4834-b94a-dd0284ffbc9b",
          "smiles": "Clc1cc(Br)c2c(c1)CCc1cc(Br)cnc1C2=C1CCNCC1",
          "state_of_matter": "SOLID",
          "molecular_weight": 468.6126800000001,
          "density": 1.4,
          "mass": 4.686126800000001,
          "is_produced_by": [
            "3f24983e-dfdd-4b06-bf3a-8429d9cb61bf"
          ],
          "is_consumed_by": [],
          "provenance__density": "dummy estimator based on mw",
          "provenance__is_consumed_by": null,
          "provenance__is_produced_by": null,
          "provenance__mass": null,
          "provenance__molecular_weight": "periodic table",
          "provenance__smiles": null,
          "provenance__state_of_matter": "dummy estimator based on mw"
        }
      ],
      "stoichiometry": {
        "4e2f1eca-fb4d-495f-b202-e5533b90c5ce": 1.0,
        "a38929c7-4836-4834-b94a-dd0284ffbc9b": -1.0
      },
      "temperature": 293.481430631876,
      "intended_ratios": {
        "4e2f1eca-fb4d-495f-b202-e5533b90c5ce": 1.0,
        "20bc3d6e-f11d-45a4-8c37-8eb054a7d86a": 1.0,
        "f35303be-bf76-4eda-93cf-34f7fb55040d": 1.0
      },
      "expected_yields": {
        "a38929c7-4836-4834-b94a-dd0284ffbc9b": 1.0
      },
      "reaction_extent": 0.01
    },
    {
      "identifier": "856418e6-b356-4e50-b085-23fa8ece673d",
      "reactants": [
        {
          "identifier": "6a05c07a-b9c4-40c0-a33a-23648074294c",
          "smiles": "CC(C)(C)OC(=O)N1CCC(=C2c3ncccc3CCc3cc(Cl)cc(Br)c32)CC1",
          "state_of_matter": "SOLID",
          "molecular_weight": 489.8324400000003,
          "density": 1.4,
          "mass": 4.8983244000000035,
          "is_produced_by": [],
          "is_consumed_by": [
            "856418e6-b356-4e50-b085-23fa8ece673d"
          ],
          "provenance__density": "dummy estimator based on mw",
          "provenance__is_consumed_by": null,
          "provenance__is_produced_by": null,
          "provenance__mass": null,
          "provenance__molecular_weight": "periodic table",
          "provenance__smiles": null,
          "provenance__state_of_matter": "dummy estimator based on mw"
        }
      ],
      "reagents": [
        {
          "identifier": "71f553e9-8a6b-467d-8931-2f669e07c190",
          "smiles": "CN(C)C=O",
          "state_of_matter": "LIQUID",
          "molecular_weight": 73.09378000000004,
          "density": 1.0,
          "mass": 0.7309378000000004,
          "is_produced_by": [],
          "is_consumed_by": [
            "856418e6-b356-4e50-b085-23fa8ece673d"
          ],
          "provenance__density": "dummy estimator based on mw",
          "provenance__is_consumed_by": null,
          "provenance__is_produced_by": null,
          "provenance__mass": null,
          "provenance__molecular_weight": "periodic table",
          "provenance__smiles": null,
          "provenance__state_of_matter": "dummy estimator based on mw"
        },
        {
          "identifier": "345747a6-196d-4374-b56f-a40172e53581",
          "smiles": "[NaH]",
          "state_of_matter": "SOLID",
          "molecular_weight": 23.99771,
          "density": 1.4,
          "mass": 0.23997710000000003,
          "is_produced_by": [],
          "is_consumed_by": [
            "856418e6-b356-4e50-b085-23fa8ece673d"
          ],
          "provenance__density": "dummy estimator based on mw",
          "provenance__is_consumed_by": null,
          "provenance__is_produced_by": null,
          "provenance__mass": null,
          "provenance__molecular_weight": "periodic table",
          "provenance__smiles": null,
          "provenance__state_of_matter": "dummy estimator based on mw"
        }
      ],
      "products": [
        {
          "identifier": "5407d363-1684-4ee5-879a-e716b31c4f49",
          "smiles": "CC(C)(C)OC(=O)N1CCC(=C2c3ncc(Br)cc3CCc3cc(Cl)cc(Br)c32)CC1",
          "state_of_matter": "SOLID",
          "molecular_weight": 568.728499999999,
          "density": 1.4,
          "mass": 5.68728499999999,
          "is_produced_by": [
            "856418e6-b356-4e50-b085-23fa8ece673d"
          ],
          "is_consumed_by": [],
          "provenance__density": "dummy estimator based on mw",
          "provenance__is_consumed_by": null,
          "provenance__is_produced_by": null,
          "provenance__mass": null,
          "provenance__molecular_weight": "periodic table",
          "provenance__smiles": null,
          "provenance__state_of_matter": "dummy estimator based on mw"
        }
      ],
      "stoichiometry": {
        "6a05c07a-b9c4-40c0-a33a-23648074294c": 1.0,
        "5407d363-1684-4ee5-879a-e716b31c4f49": -1.0
      },
      "temperature": 297.4380413711071,
      "intended_ratios": {
        "6a05c07a-b9c4-40c0-a33a-23648074294c": 1.0,
        "71f553e9-8a6b-467d-8931-2f669e07c190": 1.0,
        "345747a6-196d-4374-b56f-a40172e53581": 1.0
      },
      "expected_yields": {
        "5407d363-1684-4ee5-879a-e716b31c4f49": 1.0
      },
      "reaction_extent": 0.01
    },
    {
      "identifier": "2050471f-09bb-4fc8-b700-f84d828ece44",
      "reactants": [
        {
          "identifier": "5aeab255-dbc3-406f-a2c9-9271ac92cc1b",
          "smiles": "CC(C)(C)OC(=O)OC(=O)OC(C)(C)C",
          "state_of_matter": "SOLID",
          "molecular_weight": 218.24691999999976,
          "density": 1.4,
          "mass": 2.1824691999999977,
          "is_produced_by": [],
          "is_consumed_by": [
            "2050471f-09bb-4fc8-b700-f84d828ece44"
          ],
          "provenance__density": "dummy estimator based on mw",
          "provenance__is_consumed_by": null,
          "provenance__is_produced_by": null,
          "provenance__mass": null,
          "provenance__molecular_weight": "periodic table",
          "provenance__smiles": null,
          "provenance__state_of_matter": "dummy estimator based on mw"
        },
        {
          "identifier": "7bc91a61-7655-4206-a0c7-a695cd7e1c90",
          "smiles": "Clc1ccc2c(c1)CCc1cccnc1C2=C1CCNCC1",
          "state_of_matter": "SOLID",
          "molecular_weight": 310.8205600000003,
          "density": 1.4,
          "mass": 3.108205600000003,
          "is_produced_by": [],
          "is_consumed_by": [
            "2050471f-09bb-4fc8-b700-f84d828ece44"
          ],
          "provenance__density": "dummy estimator based on mw",
          "provenance__is_consumed_by": null,
          "provenance__is_produced_by": null,
          "provenance__mass": null,
          "provenance__molecular_weight": "periodic table",
          "provenance__smiles": null,
          "provenance__state_of_matter": "dummy estimator based on mw"
        }
      ],
      "reagents": [
        {
          "identifier": "9e876756-ed44-4501-8557-beb51718677c",
          "smiles": "ClCCl",
          "state_of_matter": "LIQUID",
          "molecular_weight": 84.93258000000002,
          "density": 1.0,
          "mass": 0.8493258000000001,
          "is_produced_by": [],
          "is_consumed_by": [
            "2050471f-09bb-4fc8-b700-f84d828ece44"
          ],
          "provenance__density": "dummy estimator based on mw",
          "provenance__is_consumed_by": null,
          "provenance__is_produced_by": null,
          "provenance__mass": null,
          "provenance__molecular_weight": "periodic table",
          "provenance__smiles": null,
          "provenance__state_of_matter": "dummy estimator based on mw"
        },
        {
          "identifier": "738fff35-8cf0-425a-87af-53e953a5b653",
          "smiles": "CCN(CC)CC",
          "state_of_matter": "LIQUID",
          "molecular_weight": 101.19000000000008,
          "density": 1.0,
          "mass": 1.011900000000001,
          "is_produced_by": [],
          "is_consumed_by": [
            "2050471f-09bb-4fc8-b700-f84d828ece44"
          ],
          "provenance__density": "dummy estimator based on mw",
          "provenance__is_consumed_by": null,
          "provenance__is_produced_by": null,
          "provenance__mass": null,
          "provenance__molecular_weight": "periodic table",
          "provenance__smiles": null,
          "provenance__state_of_matter": "dummy estimator based on mw"
        }
      ],
      "products": [
        {
          "identifier": "da719b35-a3f3-4a84-9f9f-bd0ac8ba3112",
          "smiles": "CC(C)(C)OC(=O)N1CCC(=C2c3ccc(Cl)cc3CCc3cccnc32)CC1",
          "state_of_matter": "SOLID",
          "molecular_weight": 410.9363800000003,
          "density": 1.4,
          "mass": 4.109363800000003,
          "is_produced_by": [
            "2050471f-09bb-4fc8-b700-f84d828ece44"
          ],
          "is_consumed_by": [],
          "provenance__density": "dummy estimator based on mw",
          "provenance__is_consumed_by": null,
          "provenance__is_produced_by": null,
          "provenance__mass": null,
          "provenance__molecular_weight": "periodic table",
          "provenance__smiles": null,
          "provenance__state_of_matter": "dummy estimator based on mw"
        }
      ],
      "stoichiometry": {
        "5aeab255-dbc3-406f-a2c9-9271ac92cc1b": 1.0,
        "7bc91a61-7655-4206-a0c7-a695cd7e1c90": 1.0,
        "da719b35-a3f3-4a84-9f9f-bd0ac8ba3112": -1.0
      },
      "temperature": 274.6511415660381,
      "intended_ratios": {
        "5aeab255-dbc3-406f-a2c9-9271ac92cc1b": 1.0,
        "7bc91a61-7655-4206-a0c7-a695cd7e1c90": 1.0,
        "9e876756-ed44-4501-8557-beb51718677c": 1.0,
        "738fff35-8cf0-425a-87af-53e953a5b653": 1.0
      },
      "expected_yields": {
        "da719b35-a3f3-4a84-9f9f-bd0ac8ba3112": 1.0
      },
      "reaction_extent": 0.01
    },
    {
      "identifier": "d6851355-6d59-4f3c-a23e-281e52f7ebb7",
      "reactants": [
        {
          "identifier": "a2f8b9d9-1ff3-436d-ba80-8019173fe9b6",
          "smiles": "C[Si](C)(C)N=C=O",
          "state_of_matter": "LIQUID",
          "molecular_weight": 115.20586000000003,
          "density": 1.0,
          "mass": 1.1520586000000004,
          "is_produced_by": [],
          "is_consumed_by": [
            "d6851355-6d59-4f3c-a23e-281e52f7ebb7"
          ],
          "provenance__density": "dummy estimator based on mw",
          "provenance__is_consumed_by": null,
          "provenance__is_produced_by": null,
          "provenance__mass": null,
          "provenance__molecular_weight": "periodic table",
          "provenance__smiles": null,
          "provenance__state_of_matter": "dummy estimator based on mw"
        },
        {
          "identifier": "a72c6a25-eceb-4cba-9a3a-85fb7db2c50e",
          "smiles": "O=C(CC1CCNCC1)N1CCC(C2c3ncc(Br)cc3CCc3cc(Cl)cc(Br)c32)CC1",
          "state_of_matter": "SOLID",
          "molecular_weight": 595.7968999999988,
          "density": 1.4,
          "mass": 5.957968999999988,
          "is_produced_by": [],
          "is_consumed_by": [
            "d6851355-6d59-4f3c-a23e-281e52f7ebb7"
          ],
          "provenance__density": "dummy estimator based on mw",
          "provenance__is_consumed_by": null,
          "provenance__is_produced_by": null,
          "provenance__mass": null,
          "provenance__molecular_weight": "periodic table",
          "provenance__smiles": null,
          "provenance__state_of_matter": "dummy estimator based on mw"
        }
      ],
      "reagents": [
        {
          "identifier": "115b6283-104e-44c0-a457-fca0668de054",
          "smiles": "ClCCl",
          "state_of_matter": "LIQUID",
          "molecular_weight": 84.93258000000002,
          "density": 1.0,
          "mass": 0.8493258000000001,
          "is_produced_by": [],
          "is_consumed_by": [
            "d6851355-6d59-4f3c-a23e-281e52f7ebb7"
          ],
          "provenance__density": "dummy estimator based on mw",
          "provenance__is_consumed_by": null,
          "provenance__is_produced_by": null,
          "provenance__mass": null,
          "provenance__molecular_weight": "periodic table",
          "provenance__smiles": null,
          "provenance__state_of_matter": "dummy estimator based on mw"
        }
      ],
      "products": [
        {
          "identifier": "56625cb0-9f12-41c8-a382-dd785090af09",
          "smiles": "NC(=O)N1CCC(CC(=O)N2CCC(C3c4ncc(Br)cc4CCc4cc(Cl)cc(Br)c43)CC2)CC1",
          "state_of_matter": "SOLID",
          "molecular_weight": 638.8216399999989,
          "density": 1.4,
          "mass": 6.388216399999989,
          "is_produced_by": [
            "d6851355-6d59-4f3c-a23e-281e52f7ebb7"
          ],
          "is_consumed_by": [],
          "provenance__density": "dummy estimator based on mw",
          "provenance__is_consumed_by": null,
          "provenance__is_produced_by": null,
          "provenance__mass": null,
          "provenance__molecular_weight": "periodic table",
          "provenance__smiles": null,
          "provenance__state_of_matter": "dummy estimator based on mw"
        }
      ],
      "stoichiometry": {
        "a2f8b9d9-1ff3-436d-ba80-8019173fe9b6": 1.0,
        "a72c6a25-eceb-4cba-9a3a-85fb7db2c50e": 1.0,
        "56625cb0-9f12-41c8-a382-dd785090af09": -1.0
      },
      "temperature": 286.6168689250946,
      "intended_ratios": {
        "a2f8b9d9-1ff3-436d-ba80-8019173fe9b6": 1.0,
        "a72c6a25-eceb-4cba-9a3a-85fb7db2c50e": 1.0,
        "115b6283-104e-44c0-a457-fca0668de054": 1.0
      },
      "expected_yields": {
        "56625cb0-9f12-41c8-a382-dd785090af09": 1.0
      },
      "reaction_extent": 0.01
    },
    {
      "identifier": "0775fa41-9546-4801-9cf6-c5878113d9e0",
      "reactants": [
        {
          "identifier": "d44c1274-2d5c-4682-9b4f-03dedde43f7d",
          "smiles": "Clc1cc(Br)c2c(c1)CCc1cc(Br)cnc1C2=C1CCNCC1",
          "state_of_matter": "SOLID",
          "molecular_weight": 468.6126800000001,
          "density": 1.4,
          "mass": 4.686126800000001,
          "is_produced_by": [],
          "is_consumed_by": [
            "0775fa41-9546-4801-9cf6-c5878113d9e0"
          ],
          "provenance__density": "dummy estimator based on mw",
          "provenance__is_consumed_by": null,
          "provenance__is_produced_by": null,
          "provenance__mass": null,
          "provenance__molecular_weight": "periodic table",
          "provenance__smiles": null,
          "provenance__state_of_matter": "dummy estimator based on mw"
        }
      ],
      "reagents": [
        {
          "identifier": "6c79dc89-b285-4b60-b9d5-33c9c44cfd0d",
          "smiles": "ClCCl",
          "state_of_matter": "LIQUID",
          "molecular_weight": 84.93258000000002,
          "density": 1.0,
          "mass": 0.8493258000000001,
          "is_produced_by": [],
          "is_consumed_by": [
            "0775fa41-9546-4801-9cf6-c5878113d9e0"
          ],
          "provenance__density": "dummy estimator based on mw",
          "provenance__is_consumed_by": null,
          "provenance__is_produced_by": null,
          "provenance__mass": null,
          "provenance__molecular_weight": "periodic table",
          "provenance__smiles": null,
          "provenance__state_of_matter": "dummy estimator based on mw"
        },
        {
          "identifier": "e07d024b-a8c3-4ac7-95ec-c30d3bb180df",
          "smiles": "O=C(O)C(F)(F)F",
          "state_of_matter": "LIQUID",
          "molecular_weight": 114.0233496,
          "density": 1.0,
          "mass": 1.140233496,
          "is_produced_by": [],
          "is_consumed_by": [
            "0775fa41-9546-4801-9cf6-c5878113d9e0"
          ],
          "provenance__density": "dummy estimator based on mw",
          "provenance__is_consumed_by": null,
          "provenance__is_produced_by": null,
          "provenance__mass": null,
          "provenance__molecular_weight": "periodic table",
          "provenance__smiles": null,
          "provenance__state_of_matter": "dummy estimator based on mw"
        }
      ],
      "products": [
        {
          "identifier": "4e469f2b-04e4-435e-93ab-1ad2d5412537",
          "smiles": "Clc1cc(Br)c2c(c1)CCc1cc(Br)cnc1C2C1CCNCC1",
          "state_of_matter": "SOLID",
          "molecular_weight": 470.62856000000016,
          "density": 1.4,
          "mass": 4.706285600000002,
          "is_produced_by": [
            "0775fa41-9546-4801-9cf6-c5878113d9e0"
          ],
          "is_consumed_by": [],
          "provenance__density": "dummy estimator based on mw",
          "provenance__is_consumed_by": null,
          "provenance__is_produced_by": null,
          "provenance__mass": null,
          "provenance__molecular_weight": "periodic table",
          "provenance__smiles": null,
          "provenance__state_of_matter": "dummy estimator based on mw"
        }
      ],
      "stoichiometry": {
        "d44c1274-2d5c-4682-9b4f-03dedde43f7d": 1.0,
        "4e469f2b-04e4-435e-93ab-1ad2d5412537": -1.0
      },
      "temperature": 283.66671758294103,
      "intended_ratios": {
        "d44c1274-2d5c-4682-9b4f-03dedde43f7d": 1.0,
        "6c79dc89-b285-4b60-b9d5-33c9c44cfd0d": 1.0,
        "e07d024b-a8c3-4ac7-95ec-c30d3bb180df": 1.0
      },
      "expected_yields": {
        "4e469f2b-04e4-435e-93ab-1ad2d5412537": 1.0
      },
      "reaction_extent": 0.01
    },
    {
      "identifier": "fff4f139-159b-4307-baa8-f9ec64070adb",
      "reactants": [
        {
          "identifier": "b935eb9c-d292-41cf-8522-89084ef3cb5e",
          "smiles": "Clc1cc(Br)c2c(c1)CCc1cc(Br)cnc1C2C1CCNCC1",
          "state_of_matter": "SOLID",
          "molecular_weight": 470.62856000000016,
          "density": 1.4,
          "mass": 4.706285600000002,
          "is_produced_by": [],
          "is_consumed_by": [
            "fff4f139-159b-4307-baa8-f9ec64070adb"
          ],
          "provenance__density": "dummy estimator based on mw",
          "provenance__is_consumed_by": null,
          "provenance__is_produced_by": null,
          "provenance__mass": null,
          "provenance__molecular_weight": "periodic table",
          "provenance__smiles": null,
          "provenance__state_of_matter": "dummy estimator based on mw"
        },
        {
          "identifier": "4b3133a6-d9c1-40a7-8ceb-171c7269d931",
          "smiles": "O=C(O)CC1CCNCC1",
          "state_of_matter": "LIQUID",
          "molecular_weight": 143.18361999999988,
          "density": 1.0,
          "mass": 1.431836199999999,
          "is_produced_by": [],
          "is_consumed_by": [
            "fff4f139-159b-4307-baa8-f9ec64070adb"
          ],
          "provenance__density": "dummy estimator based on mw",
          "provenance__is_consumed_by": null,
          "provenance__is_produced_by": null,
          "provenance__mass": null,
          "provenance__molecular_weight": "periodic table",
          "provenance__smiles": null,
          "provenance__state_of_matter": "dummy estimator based on mw"
        }
      ],
      "reagents": [
        {
          "identifier": "b1b9d193-9388-4cd5-8513-a6cc1eaa09ec",
          "smiles": "CN(C)C=O",
          "state_of_matter": "LIQUID",
          "molecular_weight": 73.09378000000004,
          "density": 1.0,
          "mass": 0.7309378000000004,
          "is_produced_by": [],
          "is_consumed_by": [
            "fff4f139-159b-4307-baa8-f9ec64070adb"
          ],
          "provenance__density": "dummy estimator based on mw",
          "provenance__is_consumed_by": null,
          "provenance__is_produced_by": null,
          "provenance__mass": null,
          "provenance__molecular_weight": "periodic table",
          "provenance__smiles": null,
          "provenance__state_of_matter": "dummy estimator based on mw"
        },
        {
          "identifier": "9c35e0bb-8a6e-4f5f-894d-d6ad7e651855",
          "smiles": "CN(C)C(On1nnc2cccnc21)=[N+](C)C.F[P-](F)(F)(F)(F)F",
          "state_of_matter": "SOLID",
          "molecular_weight": 381.2378202000002,
          "density": 1.4,
          "mass": 3.8123782020000023,
          "is_produced_by": [],
          "is_consumed_by": [
            "fff4f139-159b-4307-baa8-f9ec64070adb"
          ],
          "provenance__density": "dummy estimator based on mw",
          "provenance__is_consumed_by": null,
          "provenance__is_produced_by": null,
          "provenance__mass": null,
          "provenance__molecular_weight": "periodic table",
          "provenance__smiles": null,
          "provenance__state_of_matter": "dummy estimator based on mw"
        },
        {
          "identifier": "8574086f-6975-4a08-8db6-02add026f25f",
          "smiles": "CCN(C(C)C)C(C)C",
          "state_of_matter": "LIQUID",
          "molecular_weight": 129.24316000000007,
          "density": 1.0,
          "mass": 1.2924316000000007,
          "is_produced_by": [],
          "is_consumed_by": [
            "fff4f139-159b-4307-baa8-f9ec64070adb"
          ],
          "provenance__density": "dummy estimator based on mw",
          "provenance__is_consumed_by": null,
          "provenance__is_produced_by": null,
          "provenance__mass": null,
          "provenance__molecular_weight": "periodic table",
          "provenance__smiles": null,
          "provenance__state_of_matter": "dummy estimator based on mw"
        }
      ],
      "products": [
        {
          "identifier": "71078cdc-f883-4dc4-8b32-bef7d893aa39",
          "smiles": "O=C(CC1CCNCC1)N1CCC(C2c3ncc(Br)cc3CCc3cc(Cl)cc(Br)c32)CC1",
          "state_of_matter": "SOLID",
          "molecular_weight": 595.7968999999988,
          "density": 1.4,
          "mass": 5.957968999999988,
          "is_produced_by": [
            "fff4f139-159b-4307-baa8-f9ec64070adb"
          ],
          "is_consumed_by": [],
          "provenance__density": "dummy estimator based on mw",
          "provenance__is_consumed_by": null,
          "provenance__is_produced_by": null,
          "provenance__mass": null,
          "provenance__molecular_weight": "periodic table",
          "provenance__smiles": null,
          "provenance__state_of_matter": "dummy estimator based on mw"
        }
      ],
      "stoichiometry": {
        "b935eb9c-d292-41cf-8522-89084ef3cb5e": 1.0,
        "4b3133a6-d9c1-40a7-8ceb-171c7269d931": 1.0,
        "71078cdc-f883-4dc4-8b32-bef7d893aa39": -1.0
      },
      "temperature": 280.4004216134548,
      "intended_ratios": {
        "b935eb9c-d292-41cf-8522-89084ef3cb5e": 1.0,
        "4b3133a6-d9c1-40a7-8ceb-171c7269d931": 1.0,
        "b1b9d193-9388-4cd5-8513-a6cc1eaa09ec": 1.0,
        "9c35e0bb-8a6e-4f5f-894d-d6ad7e651855": 1.0,
        "8574086f-6975-4a08-8db6-02add026f25f": 1.0
      },
      "expected_yields": {
        "71078cdc-f883-4dc4-8b32-bef7d893aa39": 1.0
      },
      "reaction_extent": 0.01
    }
  ],
  "molecular_nodes": [
    "BrBr",
    "CC(=O)O",
    "CC(C)(C)OC(=O)N1CCC(=C2c3ccc(Cl)cc3CCc3cccnc32)CC1",
    "CC(C)(C)OC(=O)N1CCC(=C2c3ncc(Br)cc3CCc3cc(Cl)cc(Br)c32)CC1",
    "CC(C)(C)OC(=O)N1CCC(=C2c3ncccc3CCc3cc(Cl)cc(Br)c32)CC1",
    "CC(C)(C)OC(=O)OC(=O)OC(C)(C)C",
    "CCN(C(C)C)C(C)C",
    "CCN(CC)CC",
    "CN(C)C(On1nnc2cccnc21)=[N+](C)C.F[P-](F)(F)(F)(F)F",
    "CN(C)C=O",
    "C[Si](C)(C)N=C=O",
    "ClCCl",
    "Clc1cc(Br)c2c(c1)CCc1cc(Br)cnc1C2=C1CCNCC1",
    "Clc1cc(Br)c2c(c1)CCc1cc(Br)cnc1C2C1CCNCC1",
    "Clc1ccc2c(c1)CCc1cccnc1C2=C1CCNCC1",
    "NC(=O)N1CCC(CC(=O)N2CCC(C3c4ncc(Br)cc4CCc4cc(Cl)cc(Br)c43)CC2)CC1",
    "O=C(CC1CCNCC1)N1CCC(C2c3ncc(Br)cc3CCc3cc(Cl)cc(Br)c32)CC1",
    "O=C(O)C(F)(F)F",
    "O=C(O)CC1CCNCC1",
    "[NaH]"
  ],
  "edges": [
    [
      "0775fa41-9546-4801-9cf6-c5878113d9e0",
      "Clc1cc(Br)c2c(c1)CCc1cc(Br)cnc1C2C1CCNCC1"
    ],
    [
      "2050471f-09bb-4fc8-b700-f84d828ece44",
      "CC(C)(C)OC(=O)N1CCC(=C2c3ccc(Cl)cc3CCc3cccnc32)CC1"
    ],
    [
      "3f24983e-dfdd-4b06-bf3a-8429d9cb61bf",
      "Clc1cc(Br)c2c(c1)CCc1cc(Br)cnc1C2=C1CCNCC1"
    ],
    [
      "530aee39-2b95-4ac3-8d2d-10444d4915dc",
      "CC(C)(C)OC(=O)N1CCC(=C2c3ncccc3CCc3cc(Cl)cc(Br)c32)CC1"
    ],
    [
      "856418e6-b356-4e50-b085-23fa8ece673d",
      "CC(C)(C)OC(=O)N1CCC(=C2c3ncc(Br)cc3CCc3cc(Cl)cc(Br)c32)CC1"
    ],
    [
      "BrBr",
      "530aee39-2b95-4ac3-8d2d-10444d4915dc"
    ],
    [
      "CC(=O)O",
      "530aee39-2b95-4ac3-8d2d-10444d4915dc"
    ],
    [
      "CC(C)(C)OC(=O)N1CCC(=C2c3ccc(Cl)cc3CCc3cccnc32)CC1",
      "530aee39-2b95-4ac3-8d2d-10444d4915dc"
    ],
    [
      "CC(C)(C)OC(=O)N1CCC(=C2c3ncc(Br)cc3CCc3cc(Cl)cc(Br)c32)CC1",
      "3f24983e-dfdd-4b06-bf3a-8429d9cb61bf"
    ],
    [
      "CC(C)(C)OC(=O)N1CCC(=C2c3ncccc3CCc3cc(Cl)cc(Br)c32)CC1",
      "856418e6-b356-4e50-b085-23fa8ece673d"
    ],
    [
      "CC(C)(C)OC(=O)OC(=O)OC(C)(C)C",
      "2050471f-09bb-4fc8-b700-f84d828ece44"
    ],
    [
      "CCN(C(C)C)C(C)C",
      "fff4f139-159b-4307-baa8-f9ec64070adb"
    ],
    [
      "CCN(CC)CC",
      "2050471f-09bb-4fc8-b700-f84d828ece44"
    ],
    [
      "CN(C)C(On1nnc2cccnc21)=[N+](C)C.F[P-](F)(F)(F)(F)F",
      "fff4f139-159b-4307-baa8-f9ec64070adb"
    ],
    [
      "CN(C)C=O",
      "856418e6-b356-4e50-b085-23fa8ece673d"
    ],
    [
      "CN(C)C=O",
      "fff4f139-159b-4307-baa8-f9ec64070adb"
    ],
    [
      "C[Si](C)(C)N=C=O",
      "d6851355-6d59-4f3c-a23e-281e52f7ebb7"
    ],
    [
      "ClCCl",
      "0775fa41-9546-4801-9cf6-c5878113d9e0"
    ],
    [
      "ClCCl",
      "2050471f-09bb-4fc8-b700-f84d828ece44"
    ],
    [
      "ClCCl",
      "3f24983e-dfdd-4b06-bf3a-8429d9cb61bf"
    ],
    [
      "ClCCl",
      "d6851355-6d59-4f3c-a23e-281e52f7ebb7"
    ],
    [
      "Clc1cc(Br)c2c(c1)CCc1cc(Br)cnc1C2=C1CCNCC1",
      "0775fa41-9546-4801-9cf6-c5878113d9e0"
    ],
    [
      "Clc1cc(Br)c2c(c1)CCc1cc(Br)cnc1C2C1CCNCC1",
      "fff4f139-159b-4307-baa8-f9ec64070adb"
    ],
    [
      "Clc1ccc2c(c1)CCc1cccnc1C2=C1CCNCC1",
      "2050471f-09bb-4fc8-b700-f84d828ece44"
    ],
    [
      "O=C(CC1CCNCC1)N1CCC(C2c3ncc(Br)cc3CCc3cc(Cl)cc(Br)c32)CC1",
      "d6851355-6d59-4f3c-a23e-281e52f7ebb7"
    ],
    [
      "O=C(O)C(F)(F)F",
      "0775fa41-9546-4801-9cf6-c5878113d9e0"
    ],
    [
      "O=C(O)C(F)(F)F",
      "3f24983e-dfdd-4b06-bf3a-8429d9cb61bf"
    ],
    [
      "O=C(O)CC1CCNCC1",
      "fff4f139-159b-4307-baa8-f9ec64070adb"
    ],
    [
      "[NaH]",
      "856418e6-b356-4e50-b085-23fa8ece673d"
    ],
    [
      "d6851355-6d59-4f3c-a23e-281e52f7ebb7",
      "NC(=O)N1CCC(CC(=O)N2CCC(C3c4ncc(Br)cc4CCc4cc(Cl)cc(Br)c43)CC2)CC1"
    ],
    [
      "fff4f139-159b-4307-baa8-f9ec64070adb",
      "O=C(CC1CCNCC1)N1CCC(C2c3ncc(Br)cc3CCc3cc(Cl)cc(Br)c32)CC1"
    ]
  ]
}