{
  "identifier": "64729eed-ee41-4168-8dff-77231ad46b2a",
  "chemical_reactions": [
    {
      "identifier": "12df58db-a923-4e23-9e89-f325d1ab1f53",
      "reactants": [
        {
          "identifier": "48877c00-0d25-4191-b525-52453ed748dd",
          "smiles": "C1CCNC1",
          "state_of_matter": "LIQUID",
          "molecular_weight": 71.12096000000004,
          "density": 1.0,
          "mass": 71.12096000000004,
          "is_produced_by": [],
          "is_consumed_by": [
            "12df58db-a923-4e23-9e89-f325d1ab1f53"
          ],
          "provenance__density": "dummy estimator based on mw",
          "provenance__is_consumed_by": null,
          "provenance__is_produced_by": null,
          "provenance__mass": null,
          "provenance__molecular_weight": "periodic table",
          "provenance__smiles": null,
          "provenance__state_of_matter": "dummy estimator based on mw"
        },
        {
          "identifier": "2cd01e3b-d4ec-42bb-8af4-592a0521c4b5",
          "smiles": "CC(C)(C)c1ccccc1OS(=O)(=O)C(F)(F)F",
          "state_of_matter": "SOLID",
          "molecular_weight": 282.2793296000002,
          "density": 1.4,
          "mass": 282.2793296000002,
          "is_produced_by": [],
          "is_consumed_by": [
            "12df58db-a923-4e23-9e89-f325d1ab1f53"
          ],
          "provenance__density": "dummy estimator based on mw",
          "provenance__is_consumed_by": null,
          "provenance__is_produced_by": null,
          "provenance__mass": null,
          "provenance__molecular_weight": "periodic table",
          "provenance__smiles": null,
          "provenance__state_of_matter": "dummy estimator based on mw"
        }
      ],
      "reagents": [
        {
          "identifier": "31b39656-13ef-47fc-81e8-2775d7175c36",
          "smiles": "Cc1ccccc1",
          "state_of_matter": "LIQUID",
          "molecular_weight": 92.13842000000004,
          "density": 1.0,
          "mass": 92.13842000000004,
          "is_produced_by": [],
          "is_consumed_by": [
            "12df58db-a923-4e23-9e89-f325d1ab1f53"
          ],
          "provenance__density": "dummy estimator based on mw",
          "provenance__is_consumed_by": null,
          "provenance__is_produced_by": null,
          "provenance__mass": null,
          "provenance__molecular_weight": "periodic table",
          "provenance__smiles": null,
          "provenance__state_of_matter": "dummy estimator based on mw"
        },
        {
          "identifier": "ab55911e-4212-4dbe-9c2f-acd439a03e27",
          "smiles": "CC(=O)[O-].CC(=O)[O-].[Pd+2]",
          "state_of_matter": "SOLID",
          "molecular_weight": 224.50803999999994,
          "density": 1.4,
          "mass": 224.50803999999994,
          "is_produced_by": [],
          "is_consumed_by": [
            "12df58db-a923-4e23-9e89-f325d1ab1f53"
          ],
          "provenance__density": "dummy estimator based on mw",
          "provenance__is_consumed_by": null,
          "provenance__is_produced_by": null,
          "provenance__mass": null,
          "provenance__molecular_weight": "periodic table",
          "provenance__smiles": null,
          "provenance__state_of_matter": "dummy estimator based on mw"
        },
        {
          "identifier": "8db49b67-0b18-48d9-8fb5-f02ac1f678aa",
          "smiles": "O=C(O[Cs])O[Cs]",
          "state_of_matter": "SOLID",
          "molecular_weight": 325.8198,
          "density": 1.4,
          "mass": 325.8198,
          "is_produced_by": [],
          "is_consumed_by": [
            "12df58db-a923-4e23-9e89-f325d1ab1f53"
          ],
          "provenance__density": "dummy estimator based on mw",
          "provenance__is_consumed_by": null,
          "provenance__is_produced_by": null,
          "provenance__mass": null,
          "provenance__molecular_weight": "periodic table",
          "provenance__smiles": null,
          "provenance__state_of_matter": "dummy estimator based on mw"
        },
        {
          "identifier": "fbb5c28e-70a9-403b-8723-57ebe0b4576c",
          "smiles": "c1ccc(P(c2ccccc2)c2ccc3ccccc3c2c2c(P(c3ccccc3)c3ccccc3)ccc3ccccc32)cc1",
          "state_of_matter": "SOLID",
          "molecular_weight": 622.6724019999987,
          "density": 1.4,
          "mass": 622.6724019999987,
          "is_produced_by": [],
          "is_consumed_by": [
            "12df58db-a923-4e23-9e89-f325d1ab1f53"
          ],
          "provenance__density": "dummy estimator based on mw",
          "provenance__is_consumed_by": null,
          "provenance__is_produced_by": null,
          "provenance__mass": null,
          "provenance__molecular_weight": "periodic table",
          "provenance__smiles": null,
          "provenance__state_of_matter": "dummy estimator based on mw"
        }
      ],
      "products": [
        {
          "identifier": "3a5b5f42-e42c-4f21-9a21-f935e7b3166f",
          "smiles": "CC(C)(C)c1ccccc1N1CCCC1",
          "state_of_matter": "SOLID",
          "molecular_weight": 203.32323999999974,
          "density": 1.4,
          "mass": 203.32323999999974,
          "is_produced_by": [
            "12df58db-a923-4e23-9e89-f325d1ab1f53"
          ],
          "is_consumed_by": [],
          "provenance__density": "dummy estimator based on mw",
          "provenance__is_consumed_by": null,
          "provenance__is_produced_by": null,
          "provenance__mass": null,
          "provenance__molecular_weight": "periodic table",
          "provenance__smiles": null,
          "provenance__state_of_matter": "dummy estimator based on mw"
        }
      ],
      "stoichiometry": {
        "48877c00-0d25-4191-b525-52453ed748dd": 1.0,
        "2cd01e3b-d4ec-42bb-8af4-592a0521c4b5": 1.0,
        "3a5b5f42-e42c-4f21-9a21-f935e7b3166f": -1.0
      },
      "temperature": 355.681005603075,
      "intended_ratios": {
        "48877c00-0d25-4191-b525-52453ed748dd": 1.0,
        "2cd01e3b-d4ec-42bb-8af4-592a0521c4b5": 1.0,
        "31b39656-13ef-47fc-81e8-2775d7175c36": 1.0,
        "ab55911e-4212-4dbe-9c2f-acd439a03e27": 1.0,
        "8db49b67-0b18-48d9-8fb5-f02ac1f678aa": 1.0,
        "fbb5c28e-70a9-403b-8723-57ebe0b4576c": 1.0
      },
      "expected_yields": {
        "3a5b5f42-e42c-4f21-9a21-f935e7b3166f": 1.0
      },
      "reaction_extent": 1.0
    },
    {
      "identifier": "7a0875e7-3a3c-48ae-8884-832216be227a",
      "reactants": [
        {
          "identifier": "260b92b2-4305-4607-80f8-f8b6d72743ac",
          "smiles": "CC(C)(C)OC(=O)N1CCC(=C2c3ccc(Cl)cc3CCc3cccnc32)CC1",
          "state_of_matter": "SOLID",
          "molecular_weight": 410.9363800000003,
          "density": 1.4,
          "mass": 410.9363800000003,
          "is_produced_by": [],
          "is_consumed_by": [
            "7a0875e7-3a3c-48ae-8884-832216be227a"
          ],
          "provenance__density": "dummy estimator based on mw",
          "provenance__is_consumed_by": null,
          "provenance__is_produced_by": null,
          "provenance__mass": null,
          "provenance__molecular_weight": "periodic table",
          "provenance__smiles": null,
          "provenance__state_of_matter": "dummy estimator based on mw"
        }
      ],
      "reagents": [
        {
          "identifier": "ce60a362-fe7c-45cf-9b85-ebd13f302655",
          "smiles": "CC(=O)O",
          "state_of_matter": "LIQUID",
          "molecular_weight": 60.051959999999994,
          "density": 1.0,
          "mass": 60.051959999999994,
          "is_produced_by": [],
          "is_consumed_by": [
            "7a0875e7-3a3c-48ae-8884-832216be227a"
          ],
          "provenance__density": "dummy estimator based on mw",
          "provenance__is_consumed_by": null,
          "provenance__is_produced_by": null,
          "provenance__mass": null,
          "provenance__molecular_weight": "periodic table",
          "provenance__smiles": null,
          "provenance__state_of_matter": "dummy estimator based on mw"
        },
        {
          "identifier": "35399e5a-43ae-4b9f-a44c-add774c1d8e0",
          "smiles": "BrBr",
          "state_of_matter": "LIQUID",
          "molecular_weight": 159.808,
          "density": 1.0,
          "mass": 159.808,
          "is_produced_by": [],
          "is_consumed_by": [
            "7a0875e7-3a3c-48ae-8884-832216be227a"
          ],
          "provenance__density": "dummy estimator based on mw",
          "provenance__is_consumed_by": null,
          "provenance__is_produced_by": null,
          "provenance__mass": null,
          "provenance__molecular_weight": "periodic table",
          "provenance__smiles": null,
          "provenance__state_of_matter": "dummy estimator based on mw"
        }
      ],
      "products": [
        {
          "identifier": "b420e300-0d76-4ce9-bc3e-0695a184eb43",
          "smiles": "CC(C)(C)OC(=O)N1CCC(=C2c3ncccc3CCc3cc(Cl)cc(Br)c32)CC1",
          "state_of_matter": "SOLID",
          "molecular_weight": 489.8324400000003,
          "density": 1.4,
          "mass": 489.8324400000003,
          "is_produced_by": [
            "7a0875e7-3a3c-48ae-8884-832216be227a"
          ],
          "is_consumed_by": [],
          "provenance__density": "dummy estimator based on mw",
          "provenance__is_consumed_by": null,
          "provenance__is_produced_by": null,
          "provenance__mass": null,
          "provenance__molecular_weight": "periodic table",
          "provenance__smiles": null,
          "provenance__state_of_matter": "dummy estimator based on mw"
        }
      ],
      "stoichiometry": {
        "260b92b2-4305-4607-80f8-f8b6d72743ac": 1.0,
        "b420e300-0d76-4ce9-bc3e-0695a184eb43": -1.0
      },
      "temperature": 296.42936775684353,
      "intended_ratios": {
        "260b92b2-4305-4607-80f8-f8b6d72743ac": 1.0,
        "ce60a362-fe7c-45cf-9b85-ebd13f302655": 1.0,
        "35399e5a-43ae-4b9f-a44c-add774c1d8e0": 1.0
      },
      "expected_yields": {
        "b420e300-0d76-4ce9-bc3e-0695a184eb43": 1.0
      },
      "reaction_extent": 1.0
    },
    {
      "identifier": "57186bdd-0373-4dc2-8eae-1cf1f319404a",
      "reactants": [
        {
          "identifier": "96799b03-21ca-4acb-b441-be3f2447b57a",
          "smiles": "CC(C)(C)OC(=O)N1CCC(=C2c3ncc(Br)cc3CCc3cc(Cl)cc(Br)c32)CC1",
          "state_of_matter": "SOLID",
          "molecular_weight": 568.728499999999,
          "density": 1.4,
          "mass": 568.728499999999,
          "is_produced_by": [],
          "is_consumed_by": [
            "57186bdd-0373-4dc2-8eae-1cf1f319404a"
          ],
          "provenance__density": "dummy estimator based on mw",
          "provenance__is_consumed_by": null,
          "provenance__is_produced_by": null,
          "provenance__mass": null,
          "provenance__molecular_weight": "periodic table",
          "provenance__smiles": null,
          "provenance__state_of_matter": "dummy estimator based on mw"
        }
      ],
      "reagents": [
        {
          "identifier": "a17d865a-3e0f-46c0-ac29-1be0c5876f64",
          "smiles": "ClCCl",
          "state_of_matter": "LIQUID",
          "molecular_weight": 84.93258000000002,
          "density": 1.0,
          "mass": 84.93258000000002,
          "is_produced_by": [],
          "is_consumed_by": [
            "57186bdd-0373-4dc2-8eae-1cf1f319404a"
          ],
          "provenance__density": "dummy estimator based on mw",
          "provenance__is_consumed_by": null,
          "provenance__is_produced_by": null,
          "provenance__mass": null,
          "provenance__molecular_weight": "periodic table",
          "provenance__smiles": null,
          "provenance__state_of_matter": "dummy estimator based on mw"
        },
        {
          "identifier": "8d2b9152-2609-4ffb-92e6-3ef7b22820c6",
          "smiles": "O=C(O)C(F)(F)F",
          "state_of_matter": "LIQUID",
          "molecular_weight": 114.0233496,
          "density": 1.0,
          "mass": 114.0233496,
          "is_produced_by": [],
          "is_consumed_by": [
            "57186bdd-0373-4dc2-8eae-1cf1f319404a"
          ],
          "provenance__density": "dummy estimator based on mw",
          "provenance__is_consumed_by": null,
          "provenance__is_produced_by": null,
          "provenance__mass": null,
          "provenance__molecular_weight": "periodic table",
          "provenance__smiles": null,
          "provenance__state_of_matter": "dummy estimator based on mw"
        }
      ],
      "products": [
        {
          "identifier": "38a70a7b-0d54-4d2e-ba30-89a586e3bc6d",
          "smiles": "Clc1cc(Br)c2c(c1)CCc1cc(Br)cnc1C2=C1CCNCC1",
          "state_of_matter": "SOLID",
          "molecular_weight": 468.6126800000001,
          "density": 1.4,
          "mass": 468.6126800000001,
          "is_produced_by": [
            "57186bdd-0373-4dc2-8eae-1cf1f319404a"
          ],
          "is_consumed_by": [],
          "provenance__density": "dummy estimator based on mw",
          "provenance__is_consumed_by": null,
          "provenance__is_produced_by": null,
          "provenance__mass": null,
          "provenance__molecular_weight": "periodic table",
          "provenance__smiles": null,
          "provenance__state_of_matter": "dummy estimator based on mw"
        }
      ],
      "stoichiometry": {
        "96799b03-21ca-4acb-b441-be3f2447b57a": 1.0,
        "38a70a7b-0d54-4d2e-ba30-89a586e3bc6d": -1.0
      },
      "temperature": 293.481430631876,
      "intended_ratios": {
        "96799b03-21ca-4acb-b441-be3f2447b57a": 1.0,
        "a17d865a-3e0f-46c0-ac29-1be0c5876f64": 1.0,
        "8d2b9152-2609-4ffb-92e6-3ef7b22820c6": 1.0
      },
      "expected_yields": {
        "38a70a7b-0d54-4d2e-ba30-89a586e3bc6d": 1.0
      },
      "reaction_extent": 1.0
    },
    {
      "identifier": "67043e62-737e-41e6-ab60-43afb793c68d",
      "reactants": [
        {
          "identifier": "a7207e71-194f-48c9-a124-ff6679acee36",
          "smiles": "CC(C)(C)OC(=O)N1CCC(=C2c3ncccc3CCc3cc(Cl)cc(Br)c32)CC1",
          "state_of_matter": "SOLID",
          "molecular_weight": 489.8324400000003,
          "density": 1.4,
          "mass": 489.8324400000003,
          "is_produced_by": [],
          "is_consumed_by": [
            "67043e62-737e-41e6-ab60-43afb793c68d"
          ],
          "provenance__density": "dummy estimator based on mw",
          "provenance__is_consumed_by": null,
          "provenance__is_produced_by": null,
          "provenance__mass": null,
          "provenance__molecular_weight": "periodic table",
          "provenance__smiles": null,
          "provenance__state_of_matter": "dummy estimator based on mw"
        }
      ],
      "reagents": [
        {
          "identifier": "48670f89-428f-441a-93aa-9d9b68c9edfe",
          "smiles": "CN(C)C=O",
          "state_of_matter": "LIQUID",
          "molecular_weight": 73.09378000000004,
          "density": 1.0,
          "mass": 73.09378000000004,
          "is_produced_by": [],
          "is_consumed_by": [
            "67043e62-737e-41e6-ab60-43afb793c68d"
          ],
          "provenance__density": "dummy estimator based on mw",
          "provenance__is_consumed_by": null,
          "provenance__is_produced_by": null,
          "provenance__mass": null,
          "provenance__molecular_weight": "periodic table",
          "provenance__smiles": null,
          "provenance__state_of_matter": "dummy estimator based on mw"
        },
        {
          "identifier": "0f37cd9f-ce48-44db-b0be-d2bbbf6e0867",
          "smiles": "[NaH]",
          "state_of_matter": "SOLID",
          "molecular_weight": 23.99771,
          "density": 1.4,
          "mass": 23.99771,
          "is_produced_by": [],
          "is_consumed_by": [
            "67043e62-737e-41e6-ab60-43afb793c68d"
          ],
          "provenance__density": "dummy estimator based on mw",
          "provenance__is_consumed_by": null,
          "provenance__is_produced_by": null,
          "provenance__mass": null,
          "provenance__molecular_weight": "periodic table",
          "provenance__smiles": null,
          "provenance__state_of_matter": "dummy estimator based on mw"
        }
      ],
      "products": [
        {
          "identifier": "e5a1f5b1-d065-4d4b-9d11-0b87fab60466",
          "smiles": "CC(C)(C)OC(=O)N1CCC(=C2c3ncc(Br)cc3CCc3cc(Cl)cc(Br)c32)CC1",
          "state_of_matter": "SOLID",
          "molecular_weight": 568.728499999999,
          "density": 1.4,
          "mass": 568.728499999999,
          "is_produced_by": [
            "67043e62-737e-41e6-ab60-43afb793c68d"
          ],
          "is_consumed_by": [],
          "provenance__density": "dummy estimator based on mw",
          "provenance__is_consumed_by": null,
          "provenance__is_produced_by": null,
          "provenance__mass": null,
          "provenance__molecular_weight": "periodic table",
          "provenance__smiles": null,
          "provenance__state_of_matter": "dummy estimator based on mw"
        }
      ],
      "stoichiometry": {
        "a7207e71-194f-48c9-a124-ff6679acee36": 1.0,
        "e5a1f5b1-d065-4d4b-9d11-0b87fab60466": -1.0
      },
      "temperature": 297.4380413711071,
      "intended_ratios": {
        "a7207e71-194f-48c9-a124-ff6679acee36": 1.0,
        "48670f89-428f-441a-93aa-9d9b68c9edfe": 1.0,
        "0f37cd9f-ce48-44db-b0be-d2bbbf6e0867": 1.0
      },
      "expected_yields": {
        "e5a1f5b1-d065-4d4b-9d11-0b87fab60466": 1.0
      },
      "reaction_extent": 1.0
    },
    {
      "identifier": "17317237-ec98-4442-8e4f-9491cde7b60c",
      "reactants": [
        {
          "identifier": "623525c9-4faf-421e-a96f-f8a053e027c7",
          "smiles": "CC(C)(C)OC(=O)OC(=O)OC(C)(C)C",
          "state_of_matter": "SOLID",
          "molecular_weight": 218.24691999999976,
          "density": 1.4,
          "mass": 218.24691999999976,
          "is_produced_by": [],
          "is_consumed_by": [
            "17317237-ec98-4442-8e4f-9491cde7b60c"
          ],
          "provenance__density": "dummy estimator based on mw",
          "provenance__is_consumed_by": null,
          "provenance__is_produced_by": null,
          "provenance__mass": null,
          "provenance__molecular_weight": "periodic table",
          "provenance__smiles": null,
          "provenance__state_of_matter": "dummy estimator based on mw"
        },
        {
          "identifier": "34e7a433-c99f-4ab4-a78c-ea914b5eb953",
          "smiles": "Clc1ccc2c(c1)CCc1cccnc1C2=C1CCNCC1",
          "state_of_matter": "SOLID",
          "molecular_weight": 310.8205600000003,
          "density": 1.4,
          "mass": 310.8205600000003,
          "is_produced_by": [],
          "is_consumed_by": [
            "17317237-ec98-4442-8e4f-9491cde7b60c"
          ],
          "provenance__density": "dummy estimator based on mw",
          "provenance__is_consumed_by": null,
          "provenance__is_produced_by": null,
          "provenance__mass": null,
          "provenance__molecular_weight": "periodic table",
          "provenance__smiles": null,
          "provenance__state_of_matter": "dummy estimator based on mw"
        }
      ],
      "reagents": [
        {
          "identifier": "239c91c1-b447-45bb-9b76-acb0173628af",
          "smiles": "ClCCl",
          "state_of_matter": "LIQUID",
          "molecular_weight": 84.93258000000002,
          "density": 1.0,
          "mass": 84.93258000000002,
          "is_produced_by": [],
          "is_consumed_by": [
            "17317237-ec98-4442-8e4f-9491cde7b60c"
          ],
          "provenance__density": "dummy estimator based on mw",
          "provenance__is_consumed_by": null,
          "provenance__is_produced_by": null,
          "provenance__mass": null,
          "provenance__molecular_weight": "periodic table",
          "provenance__smiles": null,
          "provenance__state_of_matter": "dummy estimator based on mw"
        },
        {
          "identifier": "496ccc95-f2e1-4d25-8013-e5cf8387eadc",
          "smiles": "CCN(CC)CC",
          "state_of_matter": "LIQUID",
          "molecular_weight": 101.19000000000008,
          "density": 1.0,
          "mass": 101.19000000000008,
          "is_produced_by": [],
          "is_consumed_by": [
            "17317237-ec98-4442-8e4f-9491cde7b60c"
          ],
          "provenance__density": "dummy estimator based on mw",
          "provenance__is_consumed_by": null,
          "provenance__is_produced_by": null,
          "provenance__mass": null,
          "provenance__molecular_weight": "periodic table",
          "provenance__smiles": null,
          "provenance__state_of_matter": "dummy estimator based on mw"
        }
      ],
      "products": [
        {
          "identifier": "06133706-7469-4106-85eb-d53a90c24cdc",
          "smiles": "CC(C)(C)OC(=O)N1CCC(=C2c3ccc(Cl)cc3CCc3cccnc32)CC1",
          "state_of_matter": "SOLID",
          "molecular_weight": 410.9363800000003,
          "density": 1.4,
          "mass": 410.9363800000003,
          "is_produced_by": [
            "17317237-ec98-4442-8e4f-9491cde7b60c"
          ],
          "is_consumed_by": [],
          "provenance__density": "dummy estimator based on mw",
          "provenance__is_consumed_by": null,
          "provenance__is_produced_by": null,
          "provenance__mass": null,
          "provenance__molecular_weight": "periodic table",
          "provenance__smiles": null,
          "provenance__state_of_matter": "dummy estimator based on mw"
        }
      ],
      "stoichiometry": {
        "623525c9-4faf-421e-a96f-f8a053e027c7": 1.0,
        "34e7a433-c99f-4ab4-a78c-ea914b5eb953": 1.0,
        "06133706-7469-4106-85eb-d53a90c24cdc": -1.0
      },
      "temperature": 274.6511415660381,
      "intended_ratios": {
        "623525c9-4faf-421e-a96f-f8a053e027c7": 1.0,
        "34e7a433-c99f-4ab4-a78c-ea914b5eb953": 1.0,
        "239c91c1-b447-45bb-9b76-acb0173628af": 1.0,
        "496ccc95-f2e1-4d25-8013-e5cf8387eadc": 1.0
      },
      "expected_yields": {
        "06133706-7469-4106-85eb-d53a90c24cdc": 1.0
      },
      "reaction_extent": 1.0
    },
    {
      "identifier": "f461ad37-f43a-42fe-8ef4-bef6e96c0b61",
      "reactants": [
        {
          "identifier": "de0a4a99-6c3f-4060-b942-c9ecd2d08394",
          "smiles": "CC(C)(C)c1cc(B(O)O)ccc1N1CCCC1",
          "state_of_matter": "SOLID",
          "molecular_weight": 247.14097999999973,
          "density": 1.4,
          "mass": 247.14097999999973,
          "is_produced_by": [],
          "is_consumed_by": [
            "f461ad37-f43a-42fe-8ef4-bef6e96c0b61"
          ],
          "provenance__density": "dummy estimator based on mw",
          "provenance__is_consumed_by": null,
          "provenance__is_produced_by": null,
          "provenance__mass": null,
          "provenance__molecular_weight": "periodic table",
          "provenance__smiles": null,
          "provenance__state_of_matter": "dummy estimator based on mw"
        },
        {
          "identifier": "fd60832a-03f1-4cab-8428-6bbbdb0c4e66",
          "smiles": "COC(=O)c1ccc(-c2ccc(OCCO)c(Br)c2)cc1",
          "state_of_matter": "SOLID",
          "molecular_weight": 351.19190000000026,
          "density": 1.4,
          "mass": 351.19190000000026,
          "is_produced_by": [],
          "is_consumed_by": [
            "f461ad37-f43a-42fe-8ef4-bef6e96c0b61"
          ],
          "provenance__density": "dummy estimator based on mw",
          "provenance__is_consumed_by": null,
          "provenance__is_produced_by": null,
          "provenance__mass": null,
          "provenance__molecular_weight": "periodic table",
          "provenance__smiles": null,
          "provenance__state_of_matter": "dummy estimator based on mw"
        }
      ],
      "reagents": [
        {
          "identifier": "43052fab-45d9-41a8-a5d2-e6afa487a5a5",
          "smiles": "O",
          "state_of_matter": "LIQUID",
          "molecular_weight": 18.01528,
          "density": 1.0,
          "mass": 18.01528,
          "is_produced_by": [],
          "is_consumed_by": [
            "f461ad37-f43a-42fe-8ef4-bef6e96c0b61"
          ],
          "provenance__density": "dummy estimator based on mw",
          "provenance__is_consumed_by": null,
          "provenance__is_produced_by": null,
          "provenance__mass": null,
          "provenance__molecular_weight": "periodic table",
          "provenance__smiles": null,
          "provenance__state_of_matter": "dummy estimator based on mw"
        },
        {
          "identifier": "3c6c60fb-5164-4bf9-b193-3c9da6c68ea2",
          "smiles": "O=C(O[K])O[K]",
          "state_of_matter": "SOLID",
          "molecular_weight": 138.2055,
          "density": 1.4,
          "mass": 138.2055,
          "is_produced_by": [],
          "is_consumed_by": [
            "f461ad37-f43a-42fe-8ef4-bef6e96c0b61"
          ],
          "provenance__density": "dummy estimator based on mw",
          "provenance__is_consumed_by": null,
          "provenance__is_produced_by": null,
          "provenance__mass": null,
          "provenance__molecular_weight": "periodic table",
          "provenance__smiles": null,
          "provenance__state_of_matter": "dummy estimator based on mw"
        },
        {
          "identifier": "87b000ce-d562-494b-bb39-9cac6a6a15a6",
          "smiles": "C1COCCO1",
          "state_of_matter": "LIQUID",
          "molecular_weight": 88.10512000000004,
          "density": 1.0,
          "mass": 88.10512000000004,
          "is_produced_by": [],
          "is_consumed_by": [
            "f461ad37-f43a-42fe-8ef4-bef6e96c0b61"
          ],
          "provenance__density": "dummy estimator based on mw",
          "provenance__is_consumed_by": null,
          "provenance__is_produced_by": null,
          "provenance__mass": null,
          "provenance__molecular_weight": "periodic table",
          "provenance__smiles": null,
          "provenance__state_of_matter": "dummy estimator based on mw"
        }
      ],
      "products": [
        {
          "identifier": "f166992b-8762-41b4-a051-1e82be12f5ef",
          "smiles": "COC(=O)c1ccc(-c2ccc(OCCO)c(-c3ccc(N4CCCC4)c(C(C)(C)C)c3)c2)cc1",
          "state_of_matter": "SOLID",
          "molecular_weight": 473.60320000000047,
          "density": 1.4,
          "mass": 473.60320000000047,
          "is_produced_by": [
            "f461ad37-f43a-42fe-8ef4-bef6e96c0b61"
          ],
          "is_consumed_by": [],
          "provenance__density": "dummy estimator based on mw",
          "provenance__is_consumed_by": null,
          "provenance__is_produced_by": null,
          "provenance__mass": null,
          "provenance__molecular_weight": "periodic table",
          "provenance__smiles": null,
          "provenance__state_of_matter": "dummy estimator based on mw"
        }
      ],
      "stoichiometry": {
        "de0a4a99-6c3f-4060-b942-c9ecd2d08394": 1.0,
        "fd60832a-03f1-4cab-8428-6bbbdb0c4e66": 1.0,
        "f166992b-8762-41b4-a051-1e82be12f5ef": -1.0
      },
      "temperature": 337.429408711195,
      "intended_ratios": {
        "de0a4a99-6c3f-4060-b942-c9ecd2d08394": 1.0,
        "fd60832a-03f1-4cab-8428-6bbbdb0c4e66": 1.0,
        "43052fab-45d9-41a8-a5d2-e6afa487a5a5": 1.0,
        "3c6c60fb-5164-4bf9-b193-3c9da6c68ea2": 1.0,
        "87b000ce-d562-494b-bb39-9cac6a6a15a6": 1.0
      },
      "expected_yields": {
        "f166992b-8762-41b4-a051-1e82be12f5ef": 1.0
      },
      "reaction_extent": 1.0
    },
    {
      "identifier": "5f86ed0a-02d5-47c3-851d-0d7a8c9588a2",
      "reactants": [
        {
          "identifier": "337a050d-423d-428e-b436-c70cb3a8e1cf",
          "smiles": "CC(C)(C)c1cc(Br)ccc1N1CCCC1",
          "state_of_matter": "SOLID",
          "molecular_weight": 282.2193000000003,
          "density": 1.4,
          "mass": 282.2193000000003,
          "is_produced_by": [],
          "is_consumed_by": [
            "5f86ed0a-02d5-47c3-851d-0d7a8c9588a2"
          ],
          "provenance__density": "dummy estimator based on mw",
          "provenance__is_consumed_by": null,
          "provenance__is_produced_by": null,
          "provenance__mass": null,
          "provenance__molecular_weight": "periodic table",
          "provenance__smiles": null,
          "provenance__state_of_matter": "dummy estimator based on mw"
        }
      ],
      "reagents": [
        {
          "identifier": "4df0e7de-7838-4b76-bfea-f58e845046d6",
          "smiles": "C1CCOC1",
          "state_of_matter": "LIQUID",
          "molecular_weight": 72.10572000000005,
          "density": 1.0,
          "mass": 72.10572000000005,
          "is_produced_by": [],
          "is_consumed_by": [
            "5f86ed0a-02d5-47c3-851d-0d7a8c9588a2"
          ],
          "provenance__density": "dummy estimator based on mw",
          "provenance__is_consumed_by": null,
          "provenance__is_produced_by": null,
          "provenance__mass": null,
          "provenance__molecular_weight": "periodic table",
          "provenance__smiles": null,
          "provenance__state_of_matter": "dummy estimator based on mw"
        },
        {
          "identifier": "bdaa4096-d64f-45b2-a91d-00c023ad0589",
          "smiles": "[Li]CCCC",
          "state_of_matter": "SOLID",
          "molecular_weight": 64.05525999999999,
          "density": 1.4,
          "mass": 64.05525999999999,
          "is_produced_by": [],
          "is_consumed_by": [
            "5f86ed0a-02d5-47c3-851d-0d7a8c9588a2"
          ],
          "provenance__density": "dummy estimator based on mw",
          "provenance__is_consumed_by": null,
          "provenance__is_produced_by": null,
          "provenance__mass": null,
          "provenance__molecular_weight": "periodic table",
          "provenance__smiles": null,
          "provenance__state_of_matter": "dummy estimator based on mw"
        },
        {
          "identifier": "9ebca59a-e275-4fe2-8878-553025a0e3e5",
          "smiles": "CC(C)OB(OC(C)C)OC(C)C",
          "state_of_matter": "LIQUID",
          "molecular_weight": 188.07223999999977,
          "density": 1.0,
          "mass": 188.07223999999977,
          "is_produced_by": [],
          "is_consumed_by": [
            "5f86ed0a-02d5-47c3-851d-0d7a8c9588a2"
          ],
          "provenance__density": "dummy estimator based on mw",
          "provenance__is_consumed_by": null,
          "provenance__is_produced_by": null,
          "provenance__mass": null,
          "provenance__molecular_weight": "periodic table",
          "provenance__smiles": null,
          "provenance__state_of_matter": "dummy estimator based on mw"
        }
      ],
      "products": [
        {
          "identifier": "84ffc679-96de-457a-b5d9-f01e6faae8e7",
          "smiles": "CC(C)(C)c1cc(B(O)O)ccc1N1CCCC1",
          "state_of_matter": "SOLID",
          "molecular_weight": 247.14097999999973,
          "density": 1.4,
          "mass": 247.14097999999973,
          "is_produced_by": [
            "5f86ed0a-02d5-47c3-851d-0d7a8c9588a2"
          ],
          "is_consumed_by": [],
          "provenance__density": "dummy estimator based on mw",
          "provenance__is_consumed_by": null,
          "provenance__is_produced_by": null,
          "provenance__mass": null,
          "provenance__molecular_weight": "periodic table",
          "provenance__smiles": null,
          "provenance__state_of_matter": "dummy estimator based on mw"
        }
      ],
      "stoichiometry": {
        "337a050d-423d-428e-b436-c70cb3a8e1cf": 1.0,
        "84ffc679-96de-457a-b5d9-f01e6faae8e7": -1.0
      },
      "temperature": 190.80204177796838,
      "intended_ratios": {
        "337a050d-423d-428e-b436-c70cb3a8e1cf": 1.0,
        "4df0e7de-7838-4b76-bfea-f58e845046d6": 1.0,
        "bdaa4096-d64f-45b2-a91d-00c023ad0589": 1.0,
        "9ebca59a-e275-4fe2-8878-553025a0e3e5": 1.0
      },
      "expected_yields": {
        "84ffc679-96de-457a-b5d9-f01e6faae8e7": 1.0
      },
      "reaction_extent": 1.0
    },
    {
      "identifier": "100a6a99-f981-447f-ae1d-ee274bb48e2a",
      "reactants": [
        {
          "identifier": "33bb4602-f1b1-40cf-9f0e-790aba77ffdb",
          "smiles": "CC(C)(C)c1ccccc1N1CCCC1",
          "state_of_matter": "SOLID",
          "molecular_weight": 203.32323999999974,
          "density": 1.4,
          "mass": 203.32323999999974,
          "is_produced_by": [],
          "is_consumed_by": [
            "100a6a99-f981-447f-ae1d-ee274bb48e2a"
          ],
          "provenance__density": "dummy estimator based on mw",
          "provenance__is_consumed_by": null,
          "provenance__is_produced_by": null,
          "provenance__mass": null,
          "provenance__molecular_weight": "periodic table",
          "provenance__smiles": null,
          "provenance__state_of_matter": "dummy estimator based on mw"
        }
      ],
      "reagents": [
        {
          "identifier": "7cf009a7-3a39-4758-84d9-2a87fccd3b4d",
          "smiles": "BrBr",
          "state_of_matter": "LIQUID",
          "molecular_weight": 159.808,
          "density": 1.0,
          "mass": 159.808,
          "is_produced_by": [],
          "is_consumed_by": [
            "100a6a99-f981-447f-ae1d-ee274bb48e2a"
          ],
          "provenance__density": "dummy estimator based on mw",
          "provenance__is_consumed_by": null,
          "provenance__is_produced_by": null,
          "provenance__mass": null,
          "provenance__molecular_weight": "periodic table",
          "provenance__smiles": null,
          "provenance__state_of_matter": "dummy estimator based on mw"
        }
      ],
      "products": [
        {
          "identifier": "fd846083-a169-4d45-9293-6a3b7741fc30",
          "smiles": "CC(C)(C)c1cc(Br)ccc1N1CCCC1",
          "state_of_matter": "SOLID",
          "molecular_weight": 282.2193000000003,
          "density": 1.4,
          "mass": 282.2193000000003,
          "is_produced_by": [
            "100a6a99-f981-447f-ae1d-ee274bb48e2a"
          ],
          "is_consumed_by": [],
          "provenance__density": "dummy estimator based on mw",
          "provenance__is_consumed_by": null,
          "provenance__is_produced_by": null,
          "provenance__mass": null,
          "provenance__molecular_weight": "periodic table",
          "provenance__smiles": null,
          "provenance__state_of_matter": "dummy estimator based on mw"
        }
      ],
      "stoichiometry": {
        "33bb4602-f1b1-40cf-9f0e-790aba77ffdb": 1.0,
        "fd846083-a169-4d45-9293-6a3b7741fc30": -1.0
      },
      "temperature": 312.1091839492321,
      "intended_ratios": {
        "33bb4602-f1b1-40cf-9f0e-790aba77ffdb": 1.0,
        "7cf009a7-3a39-4758-84d9-2a87fccd3b4d": 1.0
      },
      "expected_yields": {
        "fd846083-a169-4d45-9293-6a3b7741fc30": 1.0
      },
      "reaction_extent": 1.0
    },
    {
      "identifier": "d02434ba-a52a-47e1-a38f-a08bd9661c09",
      "reactants": [
        {
          "identifier": "aec456fc-9cd2-4f9e-bf44-472ad1e0125d",
          "smiles": "CC(C)(C)c1ccccc1O",
          "state_of_matter": "LIQUID",
          "molecular_weight": 150.21755999999988,
          "density": 1.0,
          "mass": 150.21755999999988,
          "is_produced_by": [],
          "is_consumed_by": [
            "d02434ba-a52a-47e1-a38f-a08bd9661c09"
          ],
          "provenance__density": "dummy estimator based on mw",
          "provenance__is_consumed_by": null,
          "provenance__is_produced_by": null,
          "provenance__mass": null,
          "provenance__molecular_weight": "periodic table",
          "provenance__smiles": null,
          "provenance__state_of_matter": "dummy estimator based on mw"
        },
        {
          "identifier": "6580515c-234e-4218-9fdb-8a607f6a07b7",
          "smiles": "O=S(=O)(OS(=O)(=O)C(F)(F)F)C(F)(F)F",
          "state_of_matter": "SOLID",
          "molecular_weight": 282.1388191999999,
          "density": 1.4,
          "mass": 282.1388191999999,
          "is_produced_by": [],
          "is_consumed_by": [
            "d02434ba-a52a-47e1-a38f-a08bd9661c09"
          ],
          "provenance__density": "dummy estimator based on mw",
          "provenance__is_consumed_by": null,
          "provenance__is_produced_by": null,
          "provenance__mass": null,
          "provenance__molecular_weight": "periodic table",
          "provenance__smiles": null,
          "provenance__state_of_matter": "dummy estimator based on mw"
        }
      ],
      "reagents": [
        {
          "identifier": "2438390b-e846-4dca-a0c2-72f53f42244e",
          "smiles": "ClCCl",
          "state_of_matter": "LIQUID",
          "molecular_weight": 84.93258000000002,
          "density": 1.0,
          "mass": 84.93258000000002,
          "is_produced_by": [],
          "is_consumed_by": [
            "d02434ba-a52a-47e1-a38f-a08bd9661c09"
          ],
          "provenance__density": "dummy estimator based on mw",
          "provenance__is_consumed_by": null,
          "provenance__is_produced_by": null,
          "provenance__mass": null,
          "provenance__molecular_weight": "periodic table",
          "provenance__smiles": null,
          "provenance__state_of_matter": "dummy estimator based on mw"
        },
        {
          "identifier": "d5809294-dd04-4826-b517-ad85aa8e7911",
          "smiles": "CCN(CC)CC",
          "state_of_matter": "LIQUID",
          "molecular_weight": 101.19000000000008,
          "density": 1.0,
          "mass": 101.19000000000008,
          "is_produced_by": [],
          "is_consumed_by": [
            "d02434ba-a52a-47e1-a38f-a08bd9661c09"
          ],
          "provenance__density": "dummy estimator based on mw",
          "provenance__is_consumed_by": null,
          "provenance__is_produced_by": null,
          "provenance__mass": null,
          "provenance__molecular_weight": "periodic table",
          "provenance__smiles": null,
          "provenance__state_of_matter": "dummy estimator based on mw"
        }
      ],
      "products": [
        {
          "identifier": "b08cf23e-2181-439c-aa76-ea80999a8add",
          "smiles": "CC(C)(C)c1ccccc1OS(=O)(=O)C(F)(F)F",
          "state_of_matter": "SOLID",
          "molecular_weight": 282.2793296000002,
          "density": 1.4,
          "mass": 282.2793296000002,
          "is_produced_by": [
            "d02434ba-a52a-47e1-a38f-a08bd9661c09"
          ],
          "is_consumed_by": [],
          "provenance__density": "dummy estimator based on mw",
          "provenance__is_consumed_by": null,
          "provenance__is_produced_by": null,
          "provenance__mass": null,
          "provenance__molecular_weight": "periodic table",
          "provenance__smiles": null,
          "provenance__state_of_matter": "dummy estimator based on mw"
        }
      ],
      "stoichiometry": {
        "aec456fc-9cd2-4f9e-bf44-472ad1e0125d": 1.0,
        "6580515c-234e-4218-9fdb-8a607f6a07b7": 1.0,
        "b08cf23e-2181-439c-aa76-ea80999a8add": -1.0
      },
      "temperature": 255.63681197762486,
      "intended_ratios": {
        "aec456fc-9cd2-4f9e-bf44-472ad1e0125d": 1.0,
        "6580515c-234e-4218-9fdb-8a607f6a07b7": 1.0,
        "2438390b-e846-4dca-a0c2-72f53f42244e": 1.0,
        "d5809294-dd04-4826-b517-ad85aa8e7911": 1.0
      },
      "expected_yields": {
        "b08cf23e-2181-439c-aa76-ea80999a8add": 1.0
      },
      "reaction_extent": 1.0
    },
    {
      "identifier": "a53e40a1-73ab-4746-bb70-37bf7f8c55d7",
      "reactants": [
        {
          "identifier": "48a53026-d46f-40b7-9e7d-a17e31e2d559",
          "smiles": "COC(=O)c1ccc(-c2ccc(O)c(Br)c2)cc1",
          "state_of_matter": "SOLID",
          "molecular_weight": 307.1393400000002,
          "density": 1.4,
          "mass": 307.1393400000002,
          "is_produced_by": [],
          "is_consumed_by": [
            "a53e40a1-73ab-4746-bb70-37bf7f8c55d7"
          ],
          "provenance__density": "dummy estimator based on mw",
          "provenance__is_consumed_by": null,
          "provenance__is_produced_by": null,
          "provenance__mass": null,
          "provenance__molecular_weight": "periodic table",
          "provenance__smiles": null,
          "provenance__state_of_matter": "dummy estimator based on mw"
        },
        {
          "identifier": "cc4a605d-9cc1-4f37-97eb-7f8b9e5c386c",
          "smiles": "OCCBr",
          "state_of_matter": "LIQUID",
          "molecular_weight": 124.96450000000003,
          "density": 1.0,
          "mass": 124.96450000000003,
          "is_produced_by": [],
          "is_consumed_by": [
            "a53e40a1-73ab-4746-bb70-37bf7f8c55d7"
          ],
          "provenance__density": "dummy estimator based on mw",
          "provenance__is_consumed_by": null,
          "provenance__is_produced_by": null,
          "provenance__mass": null,
          "provenance__molecular_weight": "periodic table",
          "provenance__smiles": null,
          "provenance__state_of_matter": "dummy estimator based on mw"
        }
      ],
      "reagents": [
        {
          "identifier": "6d2766c8-d310-41f8-bad8-1f5bed181678",
          "smiles": "CN(C)C=O",
          "state_of_matter": "LIQUID",
          "molecular_weight": 73.09378000000004,
          "density": 1.0,
          "mass": 73.09378000000004,
          "is_produced_by": [],
          "is_consumed_by": [
            "a53e40a1-73ab-4746-bb70-37bf7f8c55d7"
          ],
          "provenance__density": "dummy estimator based on mw",
          "provenance__is_consumed_by": null,
          "provenance__is_produced_by": null,
          "provenance__mass": null,
          "provenance__molecular_weight": "periodic table",
          "provenance__smiles": null,
          "provenance__state_of_matter": "dummy estimator based on mw"
        },
        {
          "identifier": "3c1fcdaf-e500-451b-93fa-5b379da0324d",
          "smiles": "O=C(O[K])O[K]",
          "state_of_matter": "SOLID",
          "molecular_weight": 138.2055,
          "density": 1.4,
          "mass": 138.2055,
          "is_produced_by": [],
          "is_consumed_by": [
            "a53e40a1-73ab-4746-bb70-37bf7f8c55d7"
          ],
          "provenance__density": "dummy estimator based on mw",
          "provenance__is_consumed_by": null,
          "provenance__is_produced_by": null,
          "provenance__mass": null,
          "provenance__molecular_weight": "periodic table",
          "provenance__smiles": null,
          "provenance__state_of_matter": "dummy estimator based on mw"
        }
      ],
      "products": [
        {
          "identifier": "0f5cddfa-bd0a-4f6e-b6de-e1318244f635",
          "smiles": "COC(=O)c1ccc(-c2ccc(OCCO)c(Br)c2)cc1",
          "state_of_matter": "SOLID",
          "molecular_weight": 351.19190000000026,
          "density": 1.4,
          "mass": 351.19190000000026,
          "is_produced_by": [
            "a53e40a1-73ab-4746-bb70-37bf7f8c55d7"
          ],
          "is_consumed_by": [],
          "provenance__density": "dummy estimator based on mw",
          "provenance__is_consumed_by": null,
          "provenance__is_produced_by": null,
          "provenance__mass": null,
          "provenance__molecular_weight": "periodic table",
          "provenance__smiles": null,
          "provenance__state_of_matter": "dummy estimator based on mw"
        }
      ],
      "stoichiometry": {
        "48a53026-d46f-40b7-9e7d-a17e31e2d559": 1.0,
        "cc4a605d-9cc1-4f37-97eb-7f8b9e5c386c": 1.0,
        "0f5cddfa-bd0a-4f6e-b6de-e1318244f635": -1.0
      },
      "temperature": 300.2687226712703,
      "intended_ratios": {
        "48a53026-d46f-40b7-9e7d-a17e31e2d559": 1.0,
        "cc4a605d-9cc1-4f37-97eb-7f8b9e5c386c": 1.0,
        "6d2766c8-d310-41f8-bad8-1f5bed181678": 1.0,
        "3c1fcdaf-e500-451b-93fa-5b379da0324d": 1.0
      },
      "expected_yields": {
        "0f5cddfa-bd0a-4f6e-b6de-e1318244f635": 1.0
      },
      "reaction_extent": 1.0
    },
    {
      "identifier": "19f81326-892c-4e69-88c0-21896cd9d9cb",
      "reactants": [
        {
          "identifier": "f2b8c236-dd23-4624-a29d-129407def726",
          "smiles": "COC(=O)c1ccc(-c2ccc(O)cc2)cc1",
          "state_of_matter": "SOLID",
          "molecular_weight": 228.24327999999986,
          "density": 1.4,
          "mass": 228.24327999999986,
          "is_produced_by": [],
          "is_consumed_by": [
            "19f81326-892c-4e69-88c0-21896cd9d9cb"
          ],
          "provenance__density": "dummy estimator based on mw",
          "provenance__is_consumed_by": null,
          "provenance__is_produced_by": null,
          "provenance__mass": null,
          "provenance__molecular_weight": "periodic table",
          "provenance__smiles": null,
          "provenance__state_of_matter": "dummy estimator based on mw"
        }
      ],
      "reagents": [
        {
          "identifier": "71cf8622-0500-4b3d-a0f5-4db4d14c37fa",
          "smiles": "CC(=O)O",
          "state_of_matter": "LIQUID",
          "molecular_weight": 60.051959999999994,
          "density": 1.0,
          "mass": 60.051959999999994,
          "is_produced_by": [],
          "is_consumed_by": [
            "19f81326-892c-4e69-88c0-21896cd9d9cb"
          ],
          "provenance__density": "dummy estimator based on mw",
          "provenance__is_consumed_by": null,
          "provenance__is_produced_by": null,
          "provenance__mass": null,
          "provenance__molecular_weight": "periodic table",
          "provenance__smiles": null,
          "provenance__state_of_matter": "dummy estimator based on mw"
        },
        {
          "identifier": "9b166601-5e6a-4b31-b53a-e09c4eb1851c",
          "smiles": "BrBr",
          "state_of_matter": "LIQUID",
          "molecular_weight": 159.808,
          "density": 1.0,
          "mass": 159.808,
          "is_produced_by": [],
          "is_consumed_by": [
            "19f81326-892c-4e69-88c0-21896cd9d9cb"
          ],
          "provenance__density": "dummy estimator based on mw",
          "provenance__is_consumed_by": null,
          "provenance__is_produced_by": null,
          "provenance__mass": null,
          "provenance__molecular_weight": "periodic table",
          "provenance__smiles": null,
          "provenance__state_of_matter": "dummy estimator based on mw"
        }
      ],
      "products": [
        {
          "identifier": "d69ad7e0-e7ce-4c3b-95be-9e9762da8a96",
          "smiles": "COC(=O)c1ccc(-c2ccc(O)c(Br)c2)cc1",
          "state_of_matter": "SOLID",
          "molecular_weight": 307.1393400000002,
          "density": 1.4,
          "mass": 307.1393400000002,
          "is_produced_by": [
            "19f81326-892c-4e69-88c0-21896cd9d9cb"
          ],
          "is_consumed_by": [],
          "provenance__density": "dummy estimator based on mw",
          "provenance__is_consumed_by": null,
          "provenance__is_produced_by": null,
          "provenance__mass": null,
          "provenance__molecular_weight": "periodic table",
          "provenance__smiles": null,
          "provenance__state_of_matter": "dummy estimator based on mw"
        }
      ],
      "stoichiometry": {
        "f2b8c236-dd23-4624-a29d-129407def726": 1.0,
        "d69ad7e0-e7ce-4c3b-95be-9e9762da8a96": -1.0
      },
      "temperature": 294.12755874395367,
      "intended_ratios": {
        "f2b8c236-dd23-4624-a29d-129407def726": 1.0,
        "71cf8622-0500-4b3d-a0f5-4db4d14c37fa": 1.0,
        "9b166601-5e6a-4b31-b53a-e09c4eb1851c": 1.0
      },
      "expected_yields": {
        "d69ad7e0-e7ce-4c3b-95be-9e9762da8a96": 1.0
      },
      "reaction_extent": 1.0
    },
    {
      "identifier": "35f7e2f8-2bb2-418d-9d25-db325ce7266d",
      "reactants": [
        {
          "identifier": "2ea7e3ec-db6b-407f-961f-9174c452ba84",
          "smiles": "COC(=O)c1ccc(-c2ccc(OCCO)c(-c3ccc(N4CCCC4)c(C(C)(C)C)c3)c2)cc1",
          "state_of_matter": "SOLID",
          "molecular_weight": 473.60320000000047,
          "density": 1.4,
          "mass": 473.60320000000047,
          "is_produced_by": [],
          "is_consumed_by": [
            "35f7e2f8-2bb2-418d-9d25-db325ce7266d"
          ],
          "provenance__density": "dummy estimator based on mw",
          "provenance__is_consumed_by": null,
          "provenance__is_produced_by": null,
          "provenance__mass": null,
          "provenance__molecular_weight": "periodic table",
          "provenance__smiles": null,
          "provenance__state_of_matter": "dummy estimator based on mw"
        }
      ],
      "reagents": [
        {
          "identifier": "bb330923-8df0-4057-80bf-156079d14239",
          "smiles": "C1CCOC1",
          "state_of_matter": "LIQUID",
          "molecular_weight": 72.10572000000005,
          "density": 1.0,
          "mass": 72.10572000000005,
          "is_produced_by": [],
          "is_consumed_by": [
            "35f7e2f8-2bb2-418d-9d25-db325ce7266d"
          ],
          "provenance__density": "dummy estimator based on mw",
          "provenance__is_consumed_by": null,
          "provenance__is_produced_by": null,
          "provenance__mass": null,
          "provenance__molecular_weight": "periodic table",
          "provenance__smiles": null,
          "provenance__state_of_matter": "dummy estimator based on mw"
        },
        {
          "identifier": "8010bef3-7af8-48bf-b8da-d6998235a6f0",
          "smiles": "[Li]O",
          "state_of_matter": "SOLID",
          "molecular_weight": 23.94834,
          "density": 1.4,
          "mass": 23.94834,
          "is_produced_by": [],
          "is_consumed_by": [
            "35f7e2f8-2bb2-418d-9d25-db325ce7266d"
          ],
          "provenance__density": "dummy estimator based on mw",
          "provenance__is_consumed_by": null,
          "provenance__is_produced_by": null,
          "provenance__mass": null,
          "provenance__molecular_weight": "periodic table",
          "provenance__smiles": null,
          "provenance__state_of_matter": "dummy estimator based on mw"
        }
      ],
      "products": [
        {
          "identifier": "8be06154-77c0-47f0-bb9d-99be59e6eccb",
          "smiles": "CC(C)(C)c1cc(-c2cc(-c3ccc(C(=O)O)cc3)ccc2OCCO)ccc1N1CCCC1",
          "state_of_matter": "SOLID",
          "molecular_weight": 459.5766200000004,
          "density": 1.4,
          "mass": 459.5766200000004,
          "is_produced_by": [
            "35f7e2f8-2bb2-418d-9d25-db325ce7266d"
          ],
          "is_consumed_by": [],
          "provenance__density": "dummy estimator based on mw",
          "provenance__is_consumed_by": null,
          "provenance__is_produced_by": null,
          "provenance__mass": null,
          "provenance__molecular_weight": "periodic table",
          "provenance__smiles": null,
          "provenance__state_of_matter": "dummy estimator based on mw"
        }
      ],
      "stoichiometry": {
        "2ea7e3ec-db6b-407f-961f-9174c452ba84": 1.0,
        "8be06154-77c0-47f0-bb9d-99be59e6eccb": -1.0
      },
      "temperature": 301.09843543767926,
      "intended_ratios": {
        "2ea7e3ec-db6b-407f-961f-9174c452ba84": 1.0,
        "bb330923-8df0-4057-80bf-156079d14239": 1.0,
        "8010bef3-7af8-48bf-b8da-d6998235a6f0": 1.0
      },
      "expected_yields": {
        "8be06154-77c0-47f0-bb9d-99be59e6eccb": 1.0
      },
      "reaction_extent": 1.0
    },
    {
      "identifier": "4d8c39d4-5001-49c1-8cb0-9f93087988fa",
      "reactants": [
        {
          "identifier": "5ce747cf-3db4-4490-bcaf-e17c3eb32144",
          "smiles": "C[Si](C)(C)N=C=O",
          "state_of_matter": "LIQUID",
          "molecular_weight": 115.20586000000003,
          "density": 1.0,
          "mass": 115.20586000000003,
          "is_produced_by": [],
          "is_consumed_by": [
            "4d8c39d4-5001-49c1-8cb0-9f93087988fa"
          ],
          "provenance__density": "dummy estimator based on mw",
          "provenance__is_consumed_by": null,
          "provenance__is_produced_by": null,
          "provenance__mass": null,
          "provenance__molecular_weight": "periodic table",
          "provenance__smiles": null,
          "provenance__state_of_matter": "dummy estimator based on mw"
        },
        {
          "identifier": "10816773-5179-456a-8a69-b7ec472a92d7",
          "smiles": "O=C(CC1CCNCC1)N1CCC(C2c3ncc(Br)cc3CCc3cc(Cl)cc(Br)c32)CC1",
          "state_of_matter": "SOLID",
          "molecular_weight": 595.7968999999988,
          "density": 1.4,
          "mass": 595.7968999999988,
          "is_produced_by": [],
          "is_consumed_by": [
            "4d8c39d4-5001-49c1-8cb0-9f93087988fa"
          ],
          "provenance__density": "dummy estimator based on mw",
          "provenance__is_consumed_by": null,
          "provenance__is_produced_by": null,
          "provenance__mass": null,
          "provenance__molecular_weight": "periodic table",
          "provenance__smiles": null,
          "provenance__state_of_matter": "dummy estimator based on mw"
        }
      ],
      "reagents": [
        {
          "identifier": "39332026-cb6a-4f28-a85b-d6150c371ba1",
          "smiles": "ClCCl",
          "state_of_matter": "LIQUID",
          "molecular_weight": 84.93258000000002,
          "density": 1.0,
          "mass": 84.93258000000002,
          "is_produced_by": [],
          "is_consumed_by": [
            "4d8c39d4-5001-49c1-8cb0-9f93087988fa"
          ],
          "provenance__density": "dummy estimator based on mw",
          "provenance__is_consumed_by": null,
          "provenance__is_produced_by": null,
          "provenance__mass": null,
          "provenance__molecular_weight": "periodic table",
          "provenance__smiles": null,
          "provenance__state_of_matter": "dummy estimator based on mw"
        }
      ],
      "products": [
        {
          "identifier": "b0f260dd-7a11-4364-81d1-69c19bfa1048",
          "smiles": "NC(=O)N1CCC(CC(=O)N2CCC(C3c4ncc(Br)cc4CCc4cc(Cl)cc(Br)c43)CC2)CC1",
          "state_of_matter": "SOLID",
          "molecular_weight": 638.8216399999989,
          "density": 1.4,
          "mass": 638.8216399999989,
          "is_produced_by": [
            "4d8c39d4-5001-49c1-8cb0-9f93087988fa"
          ],
          "is_consumed_by": [],
          "provenance__density": "dummy estimator based on mw",
          "provenance__is_consumed_by": null,
          "provenance__is_produced_by": null,
          "provenance__mass": null,
          "provenance__molecular_weight": "periodic table",
          "provenance__smiles": null,
          "provenance__state_of_matter": "dummy estimator based on mw"
        }
      ],
      "stoichiometry": {
        "5ce747cf-3db4-4490-bcaf-e17c3eb32144": 1.0,
        "10816773-5179-456a-8a69-b7ec472a92d7": 1.0,
        "b0f260dd-7a11-4364-81d1-69c19bfa1048": -1.0
      },
      "temperature": 286.6168689250946,
      "intended_ratios": {
        "5ce747cf-3db4-4490-bcaf-e17c3eb32144": 1.0,
        "10816773-5179-456a-8a69-b7ec472a92d7": 1.0,
        "39332026-cb6a-4f28-a85b-d6150c371ba1": 1.0
      },
      "expected_yields": {
        "b0f260dd-7a11-4364-81d1-69c19bfa1048": 1.0
      },
      "reaction_extent": 1.0
    },
    {
      "identifier": "94324a80-74e3-4cdd-ae3a-b7923bc9fd41",
      "reactants": [
        {
          "identifier": "b7ee0e64-2738-485c-9840-e024ae6b0a9c",
          "smiles": "Clc1cc(Br)c2c(c1)CCc1cc(Br)cnc1C2=C1CCNCC1",
          "state_of_matter": "SOLID",
          "molecular_weight": 468.6126800000001,
          "density": 1.4,
          "mass": 468.6126800000001,
          "is_produced_by": [],
          "is_consumed_by": [
            "94324a80-74e3-4cdd-ae3a-b7923bc9fd41"
          ],
          "provenance__density": "dummy estimator based on mw",
          "provenance__is_consumed_by": null,
          "provenance__is_produced_by": null,
          "provenance__mass": null,
          "provenance__molecular_weight": "periodic table",
          "provenance__smiles": null,
          "provenance__state_of_matter": "dummy estimator based on mw"
        }
      ],
      "reagents": [
        {
          "identifier": "78828f52-5563-4e3b-a21f-b5cc61afd801",
          "smiles": "ClCCl",
          "state_of_matter": "LIQUID",
          "molecular_weight": 84.93258000000002,
          "density": 1.0,
          "mass": 84.93258000000002,
          "is_produced_by": [],
          "is_consumed_by": [
            "94324a80-74e3-4cdd-ae3a-b7923bc9fd41"
          ],
          "provenance__density": "dummy estimator based on mw",
          "provenance__is_consumed_by": null,
          "provenance__is_produced_by": null,
          "provenance__mass": null,
          "provenance__molecular_weight": "periodic table",
          "provenance__smiles": null,
          "provenance__state_of_matter": "dummy estimator based on mw"
        },
        {
          "identifier": "c17a260b-a763-41dd-944e-d44c7dad910d",
          "smiles": "O=C(O)C(F)(F)F",
          "state_of_matter": "LIQUID",
          "molecular_weight": 114.0233496,
          "density": 1.0,
          "mass": 114.0233496,
          "is_produced_by": [],
          "is_consumed_by": [
            "94324a80-74e3-4cdd-ae3a-b7923bc9fd41"
          ],
          "provenance__density": "dummy estimator based on mw",
          "provenance__is_consumed_by": null,
          "provenance__is_produced_by": null,
          "provenance__mass": null,
          "provenance__molecular_weight": "periodic table",
          "provenance__smiles": null,
          "provenance__state_of_matter": "dummy estimator based on mw"
        }
      ],
      "products": [
        {
          "identifier": "df157a39-c0d6-4450-8393-75a9ba0fa9c1",
          "smiles": "Clc1cc(Br)c2c(c1)CCc1cc(Br)cnc1C2C1CCNCC1",
          "state_of_matter": "SOLID",
          "molecular_weight": 470.62856000000016,
          "density": 1.4,
          "mass": 470.62856000000016,
          "is_produced_by": [
            "94324a80-74e3-4cdd-ae3a-b7923bc9fd41"
          ],
          "is_consumed_by": [],
          "provenance__density": "dummy estimator based on mw",
          "provenance__is_consumed_by": null,
          "provenance__is_produced_by": null,
          "provenance__mass": null,
          "provenance__molecular_weight": "periodic table",
          "provenance__smiles": null,
          "provenance__state_of_matter": "dummy estimator based on mw"
        }
      ],
      "stoichiometry": {
        "b7ee0e64-2738-485c-9840-e024ae6b0a9c": 1.0,
        "df157a39-c0d6-4450-8393-75a9ba0fa9c1": -1.0
      },
      "temperature": 283.66671758294103,
      "intended_ratios": {
        "b7ee0e64-2738-485c-9840-e024ae6b0a9c": 1.0,
        "78828f52-5563-4e3b-a21f-b5cc61afd801": 1.0,
        "c17a260b-a763-41dd-944e-d44c7dad910d": 1.0
      },
      "expected_yields": {
        "df157a39-c0d6-4450-8393-75a9ba0fa9c1": 1.0
      },
      "reaction_extent": 1.0
    },
    {
      "identifier": "710f0c3e-b63f-493d-8109-a49c417856c4",
      "reactants": [
        {
          "identifier": "499d4b87-271b-480e-8a7a-570018c167d4",
          "smiles": "Clc1cc(Br)c2c(c1)CCc1cc(Br)cnc1C2C1CCNCC1",
          "state_of_matter": "SOLID",
          "molecular_weight": 470.62856000000016,
          "density": 1.4,
          "mass": 470.62856000000016,
          "is_produced_by": [],
          "is_consumed_by": [
            "710f0c3e-b63f-493d-8109-a49c417856c4"
          ],
          "provenance__density": "dummy estimator based on mw",
          "provenance__is_consumed_by": null,
          "provenance__is_produced_by": null,
          "provenance__mass": null,
          "provenance__molecular_weight": "periodic table",
          "provenance__smiles": null,
          "provenance__state_of_matter": "dummy estimator based on mw"
        },
        {
          "identifier": "6890f3ef-4f0e-4476-b174-9c3207f1d6ec",
          "smiles": "O=C(O)CC1CCNCC1",
          "state_of_matter": "LIQUID",
          "molecular_weight": 143.18361999999988,
          "density": 1.0,
          "mass": 143.18361999999988,
          "is_produced_by": [],
          "is_consumed_by": [
            "710f0c3e-b63f-493d-8109-a49c417856c4"
          ],
          "provenance__density": "dummy estimator based on mw",
          "provenance__is_consumed_by": null,
          "provenance__is_produced_by": null,
          "provenance__mass": null,
          "provenance__molecular_weight": "periodic table",
          "provenance__smiles": null,
          "provenance__state_of_matter": "dummy estimator based on mw"
        }
      ],
      "reagents": [
        {
          "identifier": "b7881d75-9775-4229-8ec4-2a03649c6789",
          "smiles": "CN(C)C=O",
          "state_of_matter": "LIQUID",
          "molecular_weight": 73.09378000000004,
          "density": 1.0,
          "mass": 73.09378000000004,
          "is_produced_by": [],
          "is_consumed_by": [
            "710f0c3e-b63f-493d-8109-a49c417856c4"
          ],
          "provenance__density": "dummy estimator based on mw",
          "provenance__is_consumed_by": null,
          "provenance__is_produced_by": null,
          "provenance__mass": null,
          "provenance__molecular_weight": "periodic table",
          "provenance__smiles": null,
          "provenance__state_of_matter": "dummy estimator based on mw"
        },
        {
          "identifier": "482d6ce9-dd52-423f-8ab7-b59945503f67",
          "smiles": "CN(C)C(On1nnc2cccnc21)=[N+](C)C.F[P-](F)(F)(F)(F)F",
          "state_of_matter": "SOLID",
          "molecular_weight": 381.2378202000002,
          "density": 1.4,
          "mass": 381.2378202000002,
          "is_produced_by": [],
          "is_consumed_by": [
            "710f0c3e-b63f-493d-8109-a49c417856c4"
          ],
          "provenance__density": "dummy estimator based on mw",
          "provenance__is_consumed_by": null,
          "provenance__is_produced_by": null,
          "provenance__mass": null,
          "provenance__molecular_weight": "periodic table",
          "provenance__smiles": null,
          "provenance__state_of_matter": "dummy estimator based on mw"
        },
        {
          "identifier": "a8ccad5f-d41d-4497-8dd3-7b4a6f9f9057",
          "smiles": "CCN(C(C)C)C(C)C",
          "state_of_matter": "LIQUID",
          "molecular_weight": 129.24316000000007,
          "density": 1.0,
          "mass": 129.24316000000007,
          "is_produced_by": [],
          "is_consumed_by": [
            "710f0c3e-b63f-493d-8109-a49c417856c4"
          ],
          "provenance__density": "dummy estimator based on mw",
          "provenance__is_consumed_by": null,
          "provenance__is_produced_by": null,
          "provenance__mass": null,
          "provenance__molecular_weight": "periodic table",
          "provenance__smiles": null,
          "provenance__state_of_matter": "dummy estimator based on mw"
        }
      ],
      "products": [
        {
          "identifier": "1a50a916-10e9-4227-9a89-e603d072271a",
          "smiles": "O=C(CC1CCNCC1)N1CCC(C2c3ncc(Br)cc3CCc3cc(Cl)cc(Br)c32)CC1",
          "state_of_matter": "SOLID",
          "molecular_weight": 595.7968999999988,
          "density": 1.4,
          "mass": 595.7968999999988,
          "is_produced_by": [
            "710f0c3e-b63f-493d-8109-a49c417856c4"
          ],
          "is_consumed_by": [],
          "provenance__density": "dummy estimator based on mw",
          "provenance__is_consumed_by": null,
          "provenance__is_produced_by": null,
          "provenance__mass": null,
          "provenance__molecular_weight": "periodic table",
          "provenance__smiles": null,
          "provenance__state_of_matter": "dummy estimator based on mw"
        }
      ],
      "stoichiometry": {
        "499d4b87-271b-480e-8a7a-570018c167d4": 1.0,
        "6890f3ef-4f0e-4476-b174-9c3207f1d6ec": 1.0,
        "1a50a916-10e9-4227-9a89-e603d072271a": -1.0
      },
      "temperature": 280.4004216134548,
      "intended_ratios": {
        "499d4b87-271b-480e-8a7a-570018c167d4": 1.0,
        "6890f3ef-4f0e-4476-b174-9c3207f1d6ec": 1.0,
        "b7881d75-9775-4229-8ec4-2a03649c6789": 1.0,
        "482d6ce9-dd52-423f-8ab7-b59945503f67": 1.0,
        "a8ccad5f-d41d-4497-8dd3-7b4a6f9f9057": 1.0
      },
      "expected_yields": {
        "1a50a916-10e9-4227-9a89-e603d072271a": 1.0
      },
      "reaction_extent": 1.0
    }
  ],
  "molecular_nodes": [
    "BrBr",
    "C1CCNC1",
    "C1CCOC1",
    "C1COCCO1",
    "CC(=O)O",
    "CC(=O)[O-].CC(=O)[O-].[Pd+2]",
    "CC(C)(C)OC(=O)N1CCC(=C2c3ccc(Cl)cc3CCc3cccnc32)CC1",
    "CC(C)(C)OC(=O)N1CCC(=C2c3ncc(Br)cc3CCc3cc(Cl)cc(Br)c32)CC1",
    "CC(C)(C)OC(=O)N1CCC(=C2c3ncccc3CCc3cc(Cl)cc(Br)c32)CC1",
    "CC(C)(C)OC(=O)OC(=O)OC(C)(C)C",
    "CC(C)(C)c1cc(-c2cc(-c3ccc(C(=O)O)cc3)ccc2OCCO)ccc1N1CCCC1",
    "CC(C)(C)c1cc(B(O)O)ccc1N1CCCC1",
    "CC(C)(C)c1cc(Br)ccc1N1CCCC1",
    "CC(C)(C)c1ccccc1N1CCCC1",
    "CC(C)(C)c1ccccc1O",
    "CC(C)(C)c1ccccc1OS(=O)(=O)C(F)(F)F",
    "CC(C)OB(OC(C)C)OC(C)C",
    "CCN(C(C)C)C(C)C",
    "CCN(CC)CC",
    "CN(C)C(On1nnc2cccnc21)=[N+](C)C.F[P-](F)(F)(F)(F)F",
    "CN(C)C=O",
    "COC(=O)c1ccc(-c2ccc(O)c(Br)c2)cc1",
    "COC(=O)c1ccc(-c2ccc(O)cc2)cc1",
    "COC(=O)c1ccc(-c2ccc(OCCO)c(-c3ccc(N4CCCC4)c(C(C)(C)C)c3)c2)cc1",
    "COC(=O)c1ccc(-c2ccc(OCCO)c(Br)c2)cc1",
    "C[Si](C)(C)N=C=O",
    "Cc1ccccc1",
    "ClCCl",
    "Clc1cc(Br)c2c(c1)CCc1cc(Br)cnc1C2=C1CCNCC1",
    "Clc1cc(Br)c2c(c1)CCc1cc(Br)cnc1C2C1CCNCC1",
    "Clc1ccc2c(c1)CCc1cccnc1C2=C1CCNCC1",
    "NC(=O)N1CCC(CC(=O)N2CCC(C3c4ncc(Br)cc4CCc4cc(Cl)cc(Br)c43)CC2)CC1",
    "O",
    "O=C(CC1CCNCC1)N1CCC(C2c3ncc(Br)cc3CCc3cc(Cl)cc(Br)c32)CC1",
    "O=C(O)C(F)(F)F",
    "O=C(O)CC1CCNCC1",
    "O=C(O[Cs])O[Cs]",
    "O=C(O[K])O[K]",
    "O=S(=O)(OS(=O)(=O)C(F)(F)F)C(F)(F)F",
    "OCCBr",
    "[Li]CCCC",
    "[Li]O",
    "[NaH]",
    "c1ccc(P(c2ccccc2)c2ccc3ccccc3c2c2c(P(c3ccccc3)c3ccccc3)ccc3ccccc32)cc1"
  ],
  "edges": [
    [
      "100a6a99-f981-447f-ae1d-ee274bb48e2a",
      "CC(C)(C)c1cc(Br)ccc1N1CCCC1"
    ],
    [
      "12df58db-a923-4e23-9e89-f325d1ab1f53",
      "CC(C)(C)c1ccccc1N1CCCC1"
    ],
    [
      "17317237-ec98-4442-8e4f-9491cde7b60c",
      "CC(C)(C)OC(=O)N1CCC(=C2c3ccc(Cl)cc3CCc3cccnc32)CC1"
    ],
    [
      "19f81326-892c-4e69-88c0-21896cd9d9cb",
      "COC(=O)c1ccc(-c2ccc(O)c(Br)c2)cc1"
    ],
    [
      "35f7e2f8-2bb2-418d-9d25-db325ce7266d",
      "CC(C)(C)c1cc(-c2cc(-c3ccc(C(=O)O)cc3)ccc2OCCO)ccc1N1CCCC1"
    ],
    [
      "4d8c39d4-5001-49c1-8cb0-9f93087988fa",
      "NC(=O)N1CCC(CC(=O)N2CCC(C3c4ncc(Br)cc4CCc4cc(Cl)cc(Br)c43)CC2)CC1"
    ],
    [
      "57186bdd-0373-4dc2-8eae-1cf1f319404a",
      "Clc1cc(Br)c2c(c1)CCc1cc(Br)cnc1C2=C1CCNCC1"
    ],
    [
      "5f86ed0a-02d5-47c3-851d-0d7a8c9588a2",
      "CC(C)(C)c1cc(B(O)O)ccc1N1CCCC1"
    ],
    [
      "67043e62-737e-41e6-ab60-43afb793c68d",
      "CC(C)(C)OC(=O)N1CCC(=C2c3ncc(Br)cc3CCc3cc(Cl)cc(Br)c32)CC1"
    ],
    [
      "710f0c3e-b63f-493d-8109-a49c417856c4",
      "O=C(CC1CCNCC1)N1CCC(C2c3ncc(Br)cc3CCc3cc(Cl)cc(Br)c32)CC1"
    ],
    [
      "7a0875e7-3a3c-48ae-8884-832216be227a",
      "CC(C)(C)OC(=O)N1CCC(=C2c3ncccc3CCc3cc(Cl)cc(Br)c32)CC1"
    ],
    [
      "94324a80-74e3-4cdd-ae3a-b7923bc9fd41",
      "Clc1cc(Br)c2c(c1)CCc1cc(Br)cnc1C2C1CCNCC1"
    ],
    [
      "BrBr",
      "100a6a99-f981-447f-ae1d-ee274bb48e2a"
    ],
    [
      "BrBr",
      "19f81326-892c-4e69-88c0-21896cd9d9cb"
    ],
    [
      "BrBr",
      "7a0875e7-3a3c-48ae-8884-832216be227a"
    ],
    [
      "C1CCNC1",
      "12df58db-a923-4e23-9e89-f325d1ab1f53"
    ],
    [
      "C1CCOC1",
      "35f7e2f8-2bb2-418d-9d25-db325ce7266d"
    ],
    [
      "C1CCOC1",
      "5f86ed0a-02d5-47c3-851d-0d7a8c9588a2"
    ],
    [
      "C1COCCO1",
      "f461ad37-f43a-42fe-8ef4-bef6e96c0b61"
    ],
    [
      "CC(=O)O",
      "19f81326-892c-4e69-88c0-21896cd9d9cb"
    ],
    [
      "CC(=O)O",
      "7a0875e7-3a3c-48ae-8884-832216be227a"
    ],
    [
      "CC(=O)[O-].CC(=O)[O-].[Pd+2]",
      "12df58db-a923-4e23-9e89-f325d1ab1f53"
    ],
    [
      "CC(C)(C)OC(=O)N1CCC(=C2c3ccc(Cl)cc3CCc3cccnc32)CC1",
      "7a0875e7-3a3c-48ae-8884-832216be227a"
    ],
    [
      "CC(C)(C)OC(=O)N1CCC(=C2c3ncc(Br)cc3CCc3cc(Cl)cc(Br)c32)CC1",
      "57186bdd-0373-4dc2-8eae-1cf1f319404a"
    ],
    [
      "CC(C)(C)OC(=O)N1CCC(=C2c3ncccc3CCc3cc(Cl)cc(Br)c32)CC1",
      "67043e62-737e-41e6-ab60-43afb793c68d"
    ],
    [
      "CC(C)(C)OC(=O)OC(=O)OC(C)(C)C",
      "17317237-ec98-4442-8e4f-9491cde7b60c"
    ],
    [
      "CC(C)(C)c1cc(B(O)O)ccc1N1CCCC1",
      "f461ad37-f43a-42fe-8ef4-bef6e96c0b61"
    ],
    [
      "CC(C)(C)c1cc(Br)ccc1N1CCCC1",
      "5f86ed0a-02d5-47c3-851d-0d7a8c9588a2"
    ],
    [
      "CC(C)(C)c1ccccc1N1CCCC1",
      "100a6a99-f981-447f-ae1d-ee274bb48e2a"
    ],
    [
      "CC(C)(C)c1ccccc1O",
      "d02434ba-a52a-47e1-a38f-a08bd9661c09"
    ],
    [
      "CC(C)(C)c1ccccc1OS(=O)(=O)C(F)(F)F",
      "12df58db-a923-4e23-9e89-f325d1ab1f53"
    ],
    [
      "CC(C)OB(OC(C)C)OC(C)C",
      "5f86ed0a-02d5-47c3-851d-0d7a8c9588a2"
    ],
    [
      "CCN(C(C)C)C(C)C",
      "710f0c3e-b63f-493d-8109-a49c417856c4"
    ],
    [
      "CCN(CC)CC",
      "17317237-ec98-4442-8e4f-9491cde7b60c"
    ],
    [
      "CCN(CC)CC",
      "d02434ba-a52a-47e1-a38f-a08bd9661c09"
    ],
    [
      "CN(C)C(On1nnc2cccnc21)=[N+](C)C.F[P-](F)(F)(F)(F)F",
      "710f0c3e-b63f-493d-8109-a49c417856c4"
    ],
    [
      "CN(C)C=O",
      "67043e62-737e-41e6-ab60-43afb793c68d"
    ],
    [
      "CN(C)C=O",
      "710f0c3e-b63f-493d-8109-a49c417856c4"
    ],
    [
      "CN(C)C=O",
      "a53e40a1-73ab-4746-bb70-37bf7f8c55d7"
    ],
    [
      "COC(=O)c1ccc(-c2ccc(O)c(Br)c2)cc1",
      "a53e40a1-73ab-4746-bb70-37bf7f8c55d7"
    ],
    [
      "COC(=O)c1ccc(-c2ccc(O)cc2)cc1",
      "19f81326-892c-4e69-88c0-21896cd9d9cb"
    ],
    [
      "COC(=O)c1ccc(-c2ccc(OCCO)c(-c3ccc(N4CCCC4)c(C(C)(C)C)c3)c2)cc1",
      "35f7e2f8-2bb2-418d-9d25-db325ce7266d"
    ],
    [
      "COC(=O)c1ccc(-c2ccc(OCCO)c(Br)c2)cc1",
      "f461ad37-f43a-42fe-8ef4-bef6e96c0b61"
    ],
    [
      "C[Si](C)(C)N=C=O",
      "4d8c39d4-5001-49c1-8cb0-9f93087988fa"
    ],
    [
      "Cc1ccccc1",
      "12df58db-a923-4e23-9e89-f325d1ab1f53"
    ],
    [
      "ClCCl",
      "17317237-ec98-4442-8e4f-9491cde7b60c"
    ],
    [
      "ClCCl",
      "4d8c39d4-5001-49c1-8cb0-9f93087988fa"
    ],
    [
      "ClCCl",
      "57186bdd-0373-4dc2-8eae-1cf1f319404a"
    ],
    [
      "ClCCl",
      "94324a80-74e3-4cdd-ae3a-b7923bc9fd41"
    ],
    [
      "ClCCl",
      "d02434ba-a52a-47e1-a38f-a08bd9661c09"
    ],
    [
      "Clc1cc(Br)c2c(c1)CCc1cc(Br)cnc1C2=C1CCNCC1",
      "94324a80-74e3-4cdd-ae3a-b7923bc9fd41"
    ],
    [
      "Clc1cc(Br)c2c(c1)CCc1cc(Br)cnc1C2C1CCNCC1",
      "710f0c3e-b63f-493d-8109-a49c417856c4"
    ],
    [
      "Clc1ccc2c(c1)CCc1cccnc1C2=C1CCNCC1",
      "17317237-ec98-4442-8e4f-9491cde7b60c"
    ],
    [
      "O",
      "f461ad37-f43a-42fe-8ef4-bef6e96c0b61"
    ],
    [
      "O=C(CC1CCNCC1)N1CCC(C2c3ncc(Br)cc3CCc3cc(Cl)cc(Br)c32)CC1",
      "4d8c39d4-5001-49c1-8cb0-9f93087988fa"
    ],
    [
      "O=C(O)C(F)(F)F",
      "57186bdd-0373-4dc2-8eae-1cf1f319404a"
    ],
    [
      "O=C(O)C(F)(F)F",
      "94324a80-74e3-4cdd-ae3a-b7923bc9fd41"
    ],
    [
      "O=C(O)CC1CCNCC1",
      "710f0c3e-b63f-493d-8109-a49c417856c4"
    ],
    [
      "O=C(O[Cs])O[Cs]",
      "12df58db-a923-4e23-9e89-f325d1ab1f53"
    ],
    [
      "O=C(O[K])O[K]",
      "a53e40a1-73ab-4746-bb70-37bf7f8c55d7"
    ],
    [
      "O=C(O[K])O[K]",
      "f461ad37-f43a-42fe-8ef4-bef6e96c0b61"
    ],
    [
      "O=S(=O)(OS(=O)(=O)C(F)(F)F)C(F)(F)F",
      "d02434ba-a52a-47e1-a38f-a08bd9661c09"
    ],
    [
      "OCCBr",
      "a53e40a1-73ab-4746-bb70-37bf7f8c55d7"
    ],
    [
      "[Li]CCCC",
      "5f86ed0a-02d5-47c3-851d-0d7a8c9588a2"
    ],
    [
      "[Li]O",
      "35f7e2f8-2bb2-418d-9d25-db325ce7266d"
    ],
    [
      "[NaH]",
      "67043e62-737e-41e6-ab60-43afb793c68d"
    ],
    [
      "a53e40a1-73ab-4746-bb70-37bf7f8c55d7",
      "COC(=O)c1ccc(-c2ccc(OCCO)c(Br)c2)cc1"
    ],
    [
      "c1ccc(P(c2ccccc2)c2ccc3ccccc3c2c2c(P(c3ccccc3)c3ccccc3)ccc3ccccc32)cc1",
      "12df58db-a923-4e23-9e89-f325d1ab1f53"
    ],
    [
      "d02434ba-a52a-47e1-a38f-a08bd9661c09",
      "CC(C)(C)c1ccccc1OS(=O)(=O)C(F)(F)F"
    ],
    [
      "f461ad37-f43a-42fe-8ef4-bef6e96c0b61",
      "COC(=O)c1ccc(-c2ccc(OCCO)c(-c3ccc(N4CCCC4)c(C(C)(C)C)c3)c2)cc1"
    ]
  ]
}