{
  "identifier": "d50d1488-e1eb-4d39-8cdb-7c46fd54e867",
  "chemical_reactions": [
    {
      "identifier": "32d6b784-75c4-443d-a6cb-22e71ec9115d",
      "reactants": [
        {
          "identifier": "f1b08783-bd86-4e2a-9fda-f21164e10003",
          "smiles": "CC(C)(C)NS(=O)(=O)c1cccc(N)c1",
          "state_of_matter": "SOLID",
          "molecular_weight": 228.31123999999977,
          "density": 1.4,
          "mass": 228.31123999999977,
          "is_produced_by": [],
          "is_consumed_by": [
            "32d6b784-75c4-443d-a6cb-22e71ec9115d"
          ],
          "provenance__density": "dummy estimator based on mw",
          "provenance__is_consumed_by": null,
          "provenance__is_produced_by": null,
          "provenance__mass": null,
          "provenance__molecular_weight": "periodic table",
          "provenance__smiles": null,
          "provenance__state_of_matter": "dummy estimator based on mw"
        },
        {
          "identifier": "83f3f7b9-2c7b-479c-bb45-55f415df1308",
          "smiles": "Cc1cnc(Cl)nc1Cl",
          "state_of_matter": "LIQUID",
          "molecular_weight": 163.00465999999994,
          "density": 1.0,
          "mass": 163.00465999999994,
          "is_produced_by": [],
          "is_consumed_by": [
            "32d6b784-75c4-443d-a6cb-22e71ec9115d"
          ],
          "provenance__density": "dummy estimator based on mw",
          "provenance__is_consumed_by": null,
          "provenance__is_produced_by": null,
          "provenance__mass": null,
          "provenance__molecular_weight": "periodic table",
          "provenance__smiles": null,
          "provenance__state_of_matter": "dummy estimator based on mw"
        }
      ],
      "reagents": [
        {
          "identifier": "0a63ebaa-22f7-4e6f-bdd5-462510ac0f77",
          "smiles": "CO",
          "state_of_matter": "LIQUID",
          "molecular_weight": 32.04186000000001,
          "density": 1.0,
          "mass": 32.04186000000001,
          "is_produced_by": [],
          "is_consumed_by": [
            "32d6b784-75c4-443d-a6cb-22e71ec9115d"
          ],
          "provenance__density": "dummy estimator based on mw",
          "provenance__is_consumed_by": null,
          "provenance__is_produced_by": null,
          "provenance__mass": null,
          "provenance__molecular_weight": "periodic table",
          "provenance__smiles": null,
          "provenance__state_of_matter": "dummy estimator based on mw"
        }
      ],
      "products": [
        {
          "identifier": "206ef67b-1922-471f-a49f-3f6fec6b7f6a",
          "smiles": "Cc1cnc(Cl)nc1Nc1cccc(S(=O)(=O)NC(C)(C)C)c1",
          "state_of_matter": "SOLID",
          "molecular_weight": 354.8549600000003,
          "density": 1.4,
          "mass": 354.8549600000003,
          "is_produced_by": [
            "32d6b784-75c4-443d-a6cb-22e71ec9115d"
          ],
          "is_consumed_by": [],
          "provenance__density": "dummy estimator based on mw",
          "provenance__is_consumed_by": null,
          "provenance__is_produced_by": null,
          "provenance__mass": null,
          "provenance__molecular_weight": "periodic table",
          "provenance__smiles": null,
          "provenance__state_of_matter": "dummy estimator based on mw"
        }
      ],
      "stoichiometry": {
        "f1b08783-bd86-4e2a-9fda-f21164e10003": 1.0,
        "83f3f7b9-2c7b-479c-bb45-55f415df1308": 1.0,
        "206ef67b-1922-471f-a49f-3f6fec6b7f6a": -1.0
      },
      "temperature": 324.2890065729618,
      "intended_ratios": {
        "f1b08783-bd86-4e2a-9fda-f21164e10003": 1.0,
        "83f3f7b9-2c7b-479c-bb45-55f415df1308": 1.0,
        "0a63ebaa-22f7-4e6f-bdd5-462510ac0f77": 1.0
      },
      "expected_yields": {
        "206ef67b-1922-471f-a49f-3f6fec6b7f6a": 1.0
      },
      "reaction_extent": 1.0
    },
    {
      "identifier": "5f54c2b2-fbe4-472a-b394-f142ef22ba43",
      "reactants": [
        {
          "identifier": "52d18587-aafc-468a-a890-a131521a422e",
          "smiles": "CC(C)(C)[Si](C)(C)Cl",
          "state_of_matter": "LIQUID",
          "molecular_weight": 150.72179999999986,
          "density": 1.0,
          "mass": 150.72179999999986,
          "is_produced_by": [],
          "is_consumed_by": [
            "5f54c2b2-fbe4-472a-b394-f142ef22ba43"
          ],
          "provenance__density": "dummy estimator based on mw",
          "provenance__is_consumed_by": null,
          "provenance__is_produced_by": null,
          "provenance__mass": null,
          "provenance__molecular_weight": "periodic table",
          "provenance__smiles": null,
          "provenance__state_of_matter": "dummy estimator based on mw"
        },
        {
          "identifier": "41d56dcb-d439-4e42-abe8-3d199da65433",
          "smiles": "OCCc1c[nH]cn1",
          "state_of_matter": "LIQUID",
          "molecular_weight": 112.12982000000004,
          "density": 1.0,
          "mass": 112.12982000000004,
          "is_produced_by": [],
          "is_consumed_by": [
            "5f54c2b2-fbe4-472a-b394-f142ef22ba43"
          ],
          "provenance__density": "dummy estimator based on mw",
          "provenance__is_consumed_by": null,
          "provenance__is_produced_by": null,
          "provenance__mass": null,
          "provenance__molecular_weight": "periodic table",
          "provenance__smiles": null,
          "provenance__state_of_matter": "dummy estimator based on mw"
        }
      ],
      "reagents": [
        {
          "identifier": "b747a3a3-e679-4a12-a13b-99fd10c6f8fb",
          "smiles": "CN(C)C=O",
          "state_of_matter": "LIQUID",
          "molecular_weight": 73.09378000000004,
          "density": 1.0,
          "mass": 73.09378000000004,
          "is_produced_by": [],
          "is_consumed_by": [
            "5f54c2b2-fbe4-472a-b394-f142ef22ba43"
          ],
          "provenance__density": "dummy estimator based on mw",
          "provenance__is_consumed_by": null,
          "provenance__is_produced_by": null,
          "provenance__mass": null,
          "provenance__molecular_weight": "periodic table",
          "provenance__smiles": null,
          "provenance__state_of_matter": "dummy estimator based on mw"
        },
        {
          "identifier": "af7ae298-4ada-4397-a292-7787a10a4171",
          "smiles": "c1c[nH]cn1",
          "state_of_matter": "LIQUID",
          "molecular_weight": 68.07726000000002,
          "density": 1.0,
          "mass": 68.07726000000002,
          "is_produced_by": [],
          "is_consumed_by": [
            "5f54c2b2-fbe4-472a-b394-f142ef22ba43"
          ],
          "provenance__density": "dummy estimator based on mw",
          "provenance__is_consumed_by": null,
          "provenance__is_produced_by": null,
          "provenance__mass": null,
          "provenance__molecular_weight": "periodic table",
          "provenance__smiles": null,
          "provenance__state_of_matter": "dummy estimator based on mw"
        }
      ],
      "products": [
        {
          "identifier": "f2ed111c-bf08-442b-84dc-8d89aba846a3",
          "smiles": "CC(C)(C)[Si](C)(C)OCCc1c[nH]cn1",
          "state_of_matter": "SOLID",
          "molecular_weight": 226.39067999999978,
          "density": 1.4,
          "mass": 226.39067999999978,
          "is_produced_by": [
            "5f54c2b2-fbe4-472a-b394-f142ef22ba43"
          ],
          "is_consumed_by": [],
          "provenance__density": "dummy estimator based on mw",
          "provenance__is_consumed_by": null,
          "provenance__is_produced_by": null,
          "provenance__mass": null,
          "provenance__molecular_weight": "periodic table",
          "provenance__smiles": null,
          "provenance__state_of_matter": "dummy estimator based on mw"
        }
      ],
      "stoichiometry": {
        "52d18587-aafc-468a-a890-a131521a422e": 1.0,
        "41d56dcb-d439-4e42-abe8-3d199da65433": 1.0,
        "f2ed111c-bf08-442b-84dc-8d89aba846a3": -1.0
      },
      "temperature": 302.4676682710647,
      "intended_ratios": {
        "52d18587-aafc-468a-a890-a131521a422e": 1.0,
        "41d56dcb-d439-4e42-abe8-3d199da65433": 1.0,
        "b747a3a3-e679-4a12-a13b-99fd10c6f8fb": 1.0,
        "af7ae298-4ada-4397-a292-7787a10a4171": 1.0
      },
      "expected_yields": {
        "f2ed111c-bf08-442b-84dc-8d89aba846a3": 1.0
      },
      "reaction_extent": 1.0
    },
    {
      "identifier": "e85c1cbb-8f8b-414d-ad91-cb9e7b87b5d5",
      "reactants": [
        {
          "identifier": "5cf22fb8-f812-4731-b93f-3933e67b6c77",
          "smiles": "CC(C)(C)[Si](C)(C)OCCc1c[nH]cn1",
          "state_of_matter": "SOLID",
          "molecular_weight": 226.39067999999978,
          "density": 1.4,
          "mass": 226.39067999999978,
          "is_produced_by": [],
          "is_consumed_by": [
            "e85c1cbb-8f8b-414d-ad91-cb9e7b87b5d5"
          ],
          "provenance__density": "dummy estimator based on mw",
          "provenance__is_consumed_by": null,
          "provenance__is_produced_by": null,
          "provenance__mass": null,
          "provenance__molecular_weight": "periodic table",
          "provenance__smiles": null,
          "provenance__state_of_matter": "dummy estimator based on mw"
        },
        {
          "identifier": "eb4b17ff-b59b-4f64-85b1-008adc1268eb",
          "smiles": "N#Cc1ccc(CBr)c(F)c1",
          "state_of_matter": "SOLID",
          "molecular_weight": 214.0344031999999,
          "density": 1.4,
          "mass": 214.0344031999999,
          "is_produced_by": [],
          "is_consumed_by": [
            "e85c1cbb-8f8b-414d-ad91-cb9e7b87b5d5"
          ],
          "provenance__density": "dummy estimator based on mw",
          "provenance__is_consumed_by": null,
          "provenance__is_produced_by": null,
          "provenance__mass": null,
          "provenance__molecular_weight": "periodic table",
          "provenance__smiles": null,
          "provenance__state_of_matter": "dummy estimator based on mw"
        }
      ],
      "reagents": [
        {
          "identifier": "1c8477bd-3348-435f-a5c8-95a3998f0f52",
          "smiles": "C1CCOC1",
          "state_of_matter": "LIQUID",
          "molecular_weight": 72.10572000000005,
          "density": 1.0,
          "mass": 72.10572000000005,
          "is_produced_by": [],
          "is_consumed_by": [
            "e85c1cbb-8f8b-414d-ad91-cb9e7b87b5d5"
          ],
          "provenance__density": "dummy estimator based on mw",
          "provenance__is_consumed_by": null,
          "provenance__is_produced_by": null,
          "provenance__mass": null,
          "provenance__molecular_weight": "periodic table",
          "provenance__smiles": null,
          "provenance__state_of_matter": "dummy estimator based on mw"
        },
        {
          "identifier": "ebe05ef3-b29a-41b3-9341-73b008fe73a9",
          "smiles": "[NaH]",
          "state_of_matter": "SOLID",
          "molecular_weight": 23.99771,
          "density": 1.4,
          "mass": 23.99771,
          "is_produced_by": [],
          "is_consumed_by": [
            "e85c1cbb-8f8b-414d-ad91-cb9e7b87b5d5"
          ],
          "provenance__density": "dummy estimator based on mw",
          "provenance__is_consumed_by": null,
          "provenance__is_produced_by": null,
          "provenance__mass": null,
          "provenance__molecular_weight": "periodic table",
          "provenance__smiles": null,
          "provenance__state_of_matter": "dummy estimator based on mw"
        }
      ],
      "products": [
        {
          "identifier": "176a19c0-b7f9-4303-b2ac-18d2ef293e75",
          "smiles": "CC(C)(C)[Si](C)(C)OCCc1cncn1Cc1ccc(C#N)cc1F",
          "state_of_matter": "SOLID",
          "molecular_weight": 360.5210832000004,
          "density": 1.4,
          "mass": 360.5210832000004,
          "is_produced_by": [
            "e85c1cbb-8f8b-414d-ad91-cb9e7b87b5d5"
          ],
          "is_consumed_by": [],
          "provenance__density": "dummy estimator based on mw",
          "provenance__is_consumed_by": null,
          "provenance__is_produced_by": null,
          "provenance__mass": null,
          "provenance__molecular_weight": "periodic table",
          "provenance__smiles": null,
          "provenance__state_of_matter": "dummy estimator based on mw"
        }
      ],
      "stoichiometry": {
        "5cf22fb8-f812-4731-b93f-3933e67b6c77": 1.0,
        "eb4b17ff-b59b-4f64-85b1-008adc1268eb": 1.0,
        "176a19c0-b7f9-4303-b2ac-18d2ef293e75": -1.0
      },
      "temperature": 270.7384895503521,
      "intended_ratios": {
        "5cf22fb8-f812-4731-b93f-3933e67b6c77": 1.0,
        "eb4b17ff-b59b-4f64-85b1-008adc1268eb": 1.0,
        "1c8477bd-3348-435f-a5c8-95a3998f0f52": 1.0,
        "ebe05ef3-b29a-41b3-9341-73b008fe73a9": 1.0
      },
      "expected_yields": {
        "176a19c0-b7f9-4303-b2ac-18d2ef293e75": 1.0
      },
      "reaction_extent": 1.0
    },
    {
      "identifier": "d7f2ef0e-ee7d-4d6b-a5ff-14a9576285fe",
      "reactants": [
        {
          "identifier": "2bb90eb6-aa19-4b55-a151-4d90f7bb4d6b",
          "smiles": "CC(C)(C)[Si](C)(C)OCCc1cncn1Cc1ccc(C#N)cc1F",
          "state_of_matter": "SOLID",
          "molecular_weight": 360.5210832000004,
          "density": 1.4,
          "mass": 360.5210832000004,
          "is_produced_by": [],
          "is_consumed_by": [
            "d7f2ef0e-ee7d-4d6b-a5ff-14a9576285fe"
          ],
          "provenance__density": "dummy estimator based on mw",
          "provenance__is_consumed_by": null,
          "provenance__is_produced_by": null,
          "provenance__mass": null,
          "provenance__molecular_weight": "periodic table",
          "provenance__smiles": null,
          "provenance__state_of_matter": "dummy estimator based on mw"
        }
      ],
      "reagents": [
        {
          "identifier": "bae871be-950f-47b3-9336-b946ba82027a",
          "smiles": "C1CCOC1",
          "state_of_matter": "LIQUID",
          "molecular_weight": 72.10572000000005,
          "density": 1.0,
          "mass": 72.10572000000005,
          "is_produced_by": [],
          "is_consumed_by": [
            "d7f2ef0e-ee7d-4d6b-a5ff-14a9576285fe"
          ],
          "provenance__density": "dummy estimator based on mw",
          "provenance__is_consumed_by": null,
          "provenance__is_produced_by": null,
          "provenance__mass": null,
          "provenance__molecular_weight": "periodic table",
          "provenance__smiles": null,
          "provenance__state_of_matter": "dummy estimator based on mw"
        },
        {
          "identifier": "9efc7734-ae25-413f-8cbe-7d226d3aff89",
          "smiles": "CCCC[N+](CCCC)(CCCC)CCCC.[F-]",
          "state_of_matter": "SOLID",
          "molecular_weight": 261.46214319999973,
          "density": 1.4,
          "mass": 261.46214319999973,
          "is_produced_by": [],
          "is_consumed_by": [
            "d7f2ef0e-ee7d-4d6b-a5ff-14a9576285fe"
          ],
          "provenance__density": "dummy estimator based on mw",
          "provenance__is_consumed_by": null,
          "provenance__is_produced_by": null,
          "provenance__mass": null,
          "provenance__molecular_weight": "periodic table",
          "provenance__smiles": null,
          "provenance__state_of_matter": "dummy estimator based on mw"
        }
      ],
      "products": [
        {
          "identifier": "de92f7ed-f3f2-4072-b315-91b7631e0a92",
          "smiles": "N#Cc1ccc(Cn2cncc2CCO)c(F)c1",
          "state_of_matter": "SOLID",
          "molecular_weight": 246.26022319999984,
          "density": 1.4,
          "mass": 246.26022319999984,
          "is_produced_by": [
            "d7f2ef0e-ee7d-4d6b-a5ff-14a9576285fe"
          ],
          "is_consumed_by": [],
          "provenance__density": "dummy estimator based on mw",
          "provenance__is_consumed_by": null,
          "provenance__is_produced_by": null,
          "provenance__mass": null,
          "provenance__molecular_weight": "periodic table",
          "provenance__smiles": null,
          "provenance__state_of_matter": "dummy estimator based on mw"
        }
      ],
      "stoichiometry": {
        "2bb90eb6-aa19-4b55-a151-4d90f7bb4d6b": 1.0,
        "de92f7ed-f3f2-4072-b315-91b7631e0a92": -1.0
      },
      "temperature": 281.7756132960319,
      "intended_ratios": {
        "2bb90eb6-aa19-4b55-a151-4d90f7bb4d6b": 1.0,
        "bae871be-950f-47b3-9336-b946ba82027a": 1.0,
        "9efc7734-ae25-413f-8cbe-7d226d3aff89": 1.0
      },
      "expected_yields": {
        "de92f7ed-f3f2-4072-b315-91b7631e0a92": 1.0
      },
      "reaction_extent": 1.0
    },
    {
      "identifier": "6ec43e21-2ebc-4dcb-b2d0-9bcc04cd1692",
      "reactants": [
        {
          "identifier": "96ecde95-5bc7-49f9-bebb-aed4ac4c3cc2",
          "smiles": "CC(N)=O",
          "state_of_matter": "LIQUID",
          "molecular_weight": 59.06719999999999,
          "density": 1.0,
          "mass": 59.06719999999999,
          "is_produced_by": [],
          "is_consumed_by": [
            "6ec43e21-2ebc-4dcb-b2d0-9bcc04cd1692"
          ],
          "provenance__density": "dummy estimator based on mw",
          "provenance__is_consumed_by": null,
          "provenance__is_produced_by": null,
          "provenance__mass": null,
          "provenance__molecular_weight": "periodic table",
          "provenance__smiles": null,
          "provenance__state_of_matter": "dummy estimator based on mw"
        },
        {
          "identifier": "dcfbd25c-4048-44d4-a453-7aec9e89cd79",
          "smiles": "CNC(=O)c1nnc(Cl)cc1Nc1cccc(-c2ncn(C)n2)c1OC",
          "state_of_matter": "SOLID",
          "molecular_weight": 374.80488000000025,
          "density": 1.4,
          "mass": 374.80488000000025,
          "is_produced_by": [],
          "is_consumed_by": [
            "6ec43e21-2ebc-4dcb-b2d0-9bcc04cd1692"
          ],
          "provenance__density": "dummy estimator based on mw",
          "provenance__is_consumed_by": null,
          "provenance__is_produced_by": null,
          "provenance__mass": null,
          "provenance__molecular_weight": "periodic table",
          "provenance__smiles": null,
          "provenance__state_of_matter": "dummy estimator based on mw"
        }
      ],
      "reagents": [
        {
          "identifier": "18e270c3-5b21-4919-894d-913b6673868d",
          "smiles": "C1COCCO1",
          "state_of_matter": "LIQUID",
          "molecular_weight": 88.10512000000004,
          "density": 1.0,
          "mass": 88.10512000000004,
          "is_produced_by": [],
          "is_consumed_by": [
            "6ec43e21-2ebc-4dcb-b2d0-9bcc04cd1692"
          ],
          "provenance__density": "dummy estimator based on mw",
          "provenance__is_consumed_by": null,
          "provenance__is_produced_by": null,
          "provenance__mass": null,
          "provenance__molecular_weight": "periodic table",
          "provenance__smiles": null,
          "provenance__state_of_matter": "dummy estimator based on mw"
        },
        {
          "identifier": "764c70e6-c0b0-4064-8e71-c52011980fcc",
          "smiles": "[Pd]",
          "state_of_matter": "SOLID",
          "molecular_weight": 106.42,
          "density": 1.4,
          "mass": 106.42,
          "is_produced_by": [],
          "is_consumed_by": [
            "6ec43e21-2ebc-4dcb-b2d0-9bcc04cd1692"
          ],
          "provenance__density": "dummy estimator based on mw",
          "provenance__is_consumed_by": null,
          "provenance__is_produced_by": null,
          "provenance__mass": null,
          "provenance__molecular_weight": "periodic table",
          "provenance__smiles": null,
          "provenance__state_of_matter": "dummy estimator based on mw"
        },
        {
          "identifier": "6ddf3a1e-0180-4756-beff-9663b4f857f1",
          "smiles": "CC1(C)c2cccc(P(c3ccccc3)c3ccccc3)c2Oc2c(P(c3ccccc3)c3ccccc3)cccc21",
          "state_of_matter": "SOLID",
          "molecular_weight": 578.6183019999985,
          "density": 1.4,
          "mass": 578.6183019999985,
          "is_produced_by": [],
          "is_consumed_by": [
            "6ec43e21-2ebc-4dcb-b2d0-9bcc04cd1692"
          ],
          "provenance__density": "dummy estimator based on mw",
          "provenance__is_consumed_by": null,
          "provenance__is_produced_by": null,
          "provenance__mass": null,
          "provenance__molecular_weight": "periodic table",
          "provenance__smiles": null,
          "provenance__state_of_matter": "dummy estimator based on mw"
        },
        {
          "identifier": "10189b24-0e3d-4686-a94b-d8c5744c4651",
          "smiles": "O=C(O[Cs])O[Cs]",
          "state_of_matter": "SOLID",
          "molecular_weight": 325.8198,
          "density": 1.4,
          "mass": 325.8198,
          "is_produced_by": [],
          "is_consumed_by": [
            "6ec43e21-2ebc-4dcb-b2d0-9bcc04cd1692"
          ],
          "provenance__density": "dummy estimator based on mw",
          "provenance__is_consumed_by": null,
          "provenance__is_produced_by": null,
          "provenance__mass": null,
          "provenance__molecular_weight": "periodic table",
          "provenance__smiles": null,
          "provenance__state_of_matter": "dummy estimator based on mw"
        }
      ],
      "products": [
        {
          "identifier": "a86ec881-cd5c-4cdb-ae82-5df5fee07f26",
          "smiles": "CNC(=O)c1nnc(NC(C)=O)cc1Nc1cccc(-c2ncn(C)n2)c1OC",
          "state_of_matter": "SOLID",
          "molecular_weight": 397.41114000000033,
          "density": 1.4,
          "mass": 397.41114000000033,
          "is_produced_by": [
            "6ec43e21-2ebc-4dcb-b2d0-9bcc04cd1692"
          ],
          "is_consumed_by": [],
          "provenance__density": "dummy estimator based on mw",
          "provenance__is_consumed_by": null,
          "provenance__is_produced_by": null,
          "provenance__mass": null,
          "provenance__molecular_weight": "periodic table",
          "provenance__smiles": null,
          "provenance__state_of_matter": "dummy estimator based on mw"
        }
      ],
      "stoichiometry": {
        "96ecde95-5bc7-49f9-bebb-aed4ac4c3cc2": 1.0,
        "dcfbd25c-4048-44d4-a453-7aec9e89cd79": 1.0,
        "a86ec881-cd5c-4cdb-ae82-5df5fee07f26": -1.0
      },
      "temperature": 361.9062446594238,
      "intended_ratios": {
        "96ecde95-5bc7-49f9-bebb-aed4ac4c3cc2": 1.0,
        "dcfbd25c-4048-44d4-a453-7aec9e89cd79": 1.0,
        "18e270c3-5b21-4919-894d-913b6673868d": 1.0,
        "764c70e6-c0b0-4064-8e71-c52011980fcc": 1.0,
        "6ddf3a1e-0180-4756-beff-9663b4f857f1": 1.0,
        "10189b24-0e3d-4686-a94b-d8c5744c4651": 1.0
      },
      "expected_yields": {
        "a86ec881-cd5c-4cdb-ae82-5df5fee07f26": 1.0
      },
      "reaction_extent": 1.0
    },
    {
      "identifier": "002b9400-10fa-49d2-bf91-372d125fe3bf",
      "reactants": [
        {
          "identifier": "aeb72949-ff34-4323-8cd1-5ba7520dc7e2",
          "smiles": "CN",
          "state_of_matter": "LIQUID",
          "molecular_weight": 31.05710000000001,
          "density": 1.0,
          "mass": 31.05710000000001,
          "is_produced_by": [],
          "is_consumed_by": [
            "002b9400-10fa-49d2-bf91-372d125fe3bf"
          ],
          "provenance__density": "dummy estimator based on mw",
          "provenance__is_consumed_by": null,
          "provenance__is_produced_by": null,
          "provenance__mass": null,
          "provenance__molecular_weight": "periodic table",
          "provenance__smiles": null,
          "provenance__state_of_matter": "dummy estimator based on mw"
        },
        {
          "identifier": "00f3caed-8aef-4520-b6d1-deba595941df",
          "smiles": "COC(=O)c1nnc(Cl)cc1Nc1cccc(-c2ncn(C)n2)c1OC",
          "state_of_matter": "SOLID",
          "molecular_weight": 375.7896400000002,
          "density": 1.4,
          "mass": 375.7896400000002,
          "is_produced_by": [],
          "is_consumed_by": [
            "002b9400-10fa-49d2-bf91-372d125fe3bf"
          ],
          "provenance__density": "dummy estimator based on mw",
          "provenance__is_consumed_by": null,
          "provenance__is_produced_by": null,
          "provenance__mass": null,
          "provenance__molecular_weight": "periodic table",
          "provenance__smiles": null,
          "provenance__state_of_matter": "dummy estimator based on mw"
        }
      ],
      "reagents": [
        {
          "identifier": "0b05c4cc-293d-40a9-ad61-b2464bd8ad0f",
          "smiles": "C1CCOC1",
          "state_of_matter": "LIQUID",
          "molecular_weight": 72.10572000000005,
          "density": 1.0,
          "mass": 72.10572000000005,
          "is_produced_by": [],
          "is_consumed_by": [
            "002b9400-10fa-49d2-bf91-372d125fe3bf"
          ],
          "provenance__density": "dummy estimator based on mw",
          "provenance__is_consumed_by": null,
          "provenance__is_produced_by": null,
          "provenance__mass": null,
          "provenance__molecular_weight": "periodic table",
          "provenance__smiles": null,
          "provenance__state_of_matter": "dummy estimator based on mw"
        },
        {
          "identifier": "8d1472ec-0dcd-45ea-a15f-11b40496f46f",
          "smiles": "[Li]N([Si](C)(C)C)[Si](C)(C)C",
          "state_of_matter": "SOLID",
          "molecular_weight": 167.3258199999998,
          "density": 1.4,
          "mass": 167.3258199999998,
          "is_produced_by": [],
          "is_consumed_by": [
            "002b9400-10fa-49d2-bf91-372d125fe3bf"
          ],
          "provenance__density": "dummy estimator based on mw",
          "provenance__is_consumed_by": null,
          "provenance__is_produced_by": null,
          "provenance__mass": null,
          "provenance__molecular_weight": "periodic table",
          "provenance__smiles": null,
          "provenance__state_of_matter": "dummy estimator based on mw"
        }
      ],
      "products": [
        {
          "identifier": "82cd8cbb-1fcf-4f5f-b289-a4b4911e8467",
          "smiles": "CNC(=O)c1nnc(Cl)cc1Nc1cccc(-c2ncn(C)n2)c1OC",
          "state_of_matter": "SOLID",
          "molecular_weight": 374.80488000000025,
          "density": 1.4,
          "mass": 374.80488000000025,
          "is_produced_by": [
            "002b9400-10fa-49d2-bf91-372d125fe3bf"
          ],
          "is_consumed_by": [],
          "provenance__density": "dummy estimator based on mw",
          "provenance__is_consumed_by": null,
          "provenance__is_produced_by": null,
          "provenance__mass": null,
          "provenance__molecular_weight": "periodic table",
          "provenance__smiles": null,
          "provenance__state_of_matter": "dummy estimator based on mw"
        }
      ],
      "stoichiometry": {
        "aeb72949-ff34-4323-8cd1-5ba7520dc7e2": 1.0,
        "00f3caed-8aef-4520-b6d1-deba595941df": 1.0,
        "82cd8cbb-1fcf-4f5f-b289-a4b4911e8467": -1.0
      },
      "temperature": 235.2590293139219,
      "intended_ratios": {
        "aeb72949-ff34-4323-8cd1-5ba7520dc7e2": 1.0,
        "00f3caed-8aef-4520-b6d1-deba595941df": 1.0,
        "0b05c4cc-293d-40a9-ad61-b2464bd8ad0f": 1.0,
        "8d1472ec-0dcd-45ea-a15f-11b40496f46f": 1.0
      },
      "expected_yields": {
        "82cd8cbb-1fcf-4f5f-b289-a4b4911e8467": 1.0
      },
      "reaction_extent": 1.0
    },
    {
      "identifier": "30c1fbb8-1c62-4697-9dce-af8587d06883",
      "reactants": [
        {
          "identifier": "f23c2bb9-f99e-4edf-a149-ad68853d0d25",
          "smiles": "CNC(=O)c1nnc(N)cc1Nc1cccc(-c2ncn(C)n2)c1OC",
          "state_of_matter": "SOLID",
          "molecular_weight": 355.3744600000003,
          "density": 1.4,
          "mass": 355.3744600000003,
          "is_produced_by": [],
          "is_consumed_by": [
            "30c1fbb8-1c62-4697-9dce-af8587d06883"
          ],
          "provenance__density": "dummy estimator based on mw",
          "provenance__is_consumed_by": null,
          "provenance__is_produced_by": null,
          "provenance__mass": null,
          "provenance__molecular_weight": "periodic table",
          "provenance__smiles": null,
          "provenance__state_of_matter": "dummy estimator based on mw"
        },
        {
          "identifier": "570c804a-ee33-4ffa-9bd9-892ba942a885",
          "smiles": "O=C(O)C1CC1",
          "state_of_matter": "LIQUID",
          "molecular_weight": 86.08924000000003,
          "density": 1.0,
          "mass": 86.08924000000003,
          "is_produced_by": [],
          "is_consumed_by": [
            "30c1fbb8-1c62-4697-9dce-af8587d06883"
          ],
          "provenance__density": "dummy estimator based on mw",
          "provenance__is_consumed_by": null,
          "provenance__is_produced_by": null,
          "provenance__mass": null,
          "provenance__molecular_weight": "periodic table",
          "provenance__smiles": null,
          "provenance__state_of_matter": "dummy estimator based on mw"
        }
      ],
      "reagents": [
        {
          "identifier": "21b043f7-0a92-4c33-8206-c4fa251c41c4",
          "smiles": "CN(C)C=O",
          "state_of_matter": "LIQUID",
          "molecular_weight": 73.09378000000004,
          "density": 1.0,
          "mass": 73.09378000000004,
          "is_produced_by": [],
          "is_consumed_by": [
            "30c1fbb8-1c62-4697-9dce-af8587d06883"
          ],
          "provenance__density": "dummy estimator based on mw",
          "provenance__is_consumed_by": null,
          "provenance__is_produced_by": null,
          "provenance__mass": null,
          "provenance__molecular_weight": "periodic table",
          "provenance__smiles": null,
          "provenance__state_of_matter": "dummy estimator based on mw"
        },
        {
          "identifier": "1c86f4b8-b608-4335-b14d-df6fb9de7054",
          "smiles": "CN(C)C(On1nnc2cccnc21)=[N+](C)C.F[P-](F)(F)(F)(F)F",
          "state_of_matter": "SOLID",
          "molecular_weight": 381.2378202000002,
          "density": 1.4,
          "mass": 381.2378202000002,
          "is_produced_by": [],
          "is_consumed_by": [
            "30c1fbb8-1c62-4697-9dce-af8587d06883"
          ],
          "provenance__density": "dummy estimator based on mw",
          "provenance__is_consumed_by": null,
          "provenance__is_produced_by": null,
          "provenance__mass": null,
          "provenance__molecular_weight": "periodic table",
          "provenance__smiles": null,
          "provenance__state_of_matter": "dummy estimator based on mw"
        },
        {
          "identifier": "b1754ddf-c30d-49e5-b3a1-11ba599a52ae",
          "smiles": "CCN(C(C)C)C(C)C",
          "state_of_matter": "LIQUID",
          "molecular_weight": 129.24316000000007,
          "density": 1.0,
          "mass": 129.24316000000007,
          "is_produced_by": [],
          "is_consumed_by": [
            "30c1fbb8-1c62-4697-9dce-af8587d06883"
          ],
          "provenance__density": "dummy estimator based on mw",
          "provenance__is_consumed_by": null,
          "provenance__is_produced_by": null,
          "provenance__mass": null,
          "provenance__molecular_weight": "periodic table",
          "provenance__smiles": null,
          "provenance__state_of_matter": "dummy estimator based on mw"
        }
      ],
      "products": [
        {
          "identifier": "bb1d5694-da53-41f9-a8b5-a911120d529b",
          "smiles": "CNC(=O)c1nnc(NC(=O)C2CC2)cc1Nc1cccc(-c2ncn(C)n2)c1OC",
          "state_of_matter": "SOLID",
          "molecular_weight": 423.44842000000034,
          "density": 1.4,
          "mass": 423.44842000000034,
          "is_produced_by": [
            "30c1fbb8-1c62-4697-9dce-af8587d06883"
          ],
          "is_consumed_by": [],
          "provenance__density": "dummy estimator based on mw",
          "provenance__is_consumed_by": null,
          "provenance__is_produced_by": null,
          "provenance__mass": null,
          "provenance__molecular_weight": "periodic table",
          "provenance__smiles": null,
          "provenance__state_of_matter": "dummy estimator based on mw"
        }
      ],
      "stoichiometry": {
        "f23c2bb9-f99e-4edf-a149-ad68853d0d25": 1.0,
        "570c804a-ee33-4ffa-9bd9-892ba942a885": 1.0,
        "bb1d5694-da53-41f9-a8b5-a911120d529b": -1.0
      },
      "temperature": 292.6367393374443,
      "intended_ratios": {
        "f23c2bb9-f99e-4edf-a149-ad68853d0d25": 1.0,
        "570c804a-ee33-4ffa-9bd9-892ba942a885": 1.0,
        "21b043f7-0a92-4c33-8206-c4fa251c41c4": 1.0,
        "1c86f4b8-b608-4335-b14d-df6fb9de7054": 1.0,
        "b1754ddf-c30d-49e5-b3a1-11ba599a52ae": 1.0
      },
      "expected_yields": {
        "bb1d5694-da53-41f9-a8b5-a911120d529b": 1.0
      },
      "reaction_extent": 1.0
    },
    {
      "identifier": "8a8509f7-8c95-4712-997c-625a7ed573fa",
      "reactants": [
        {
          "identifier": "e9db2036-ae58-47b2-ae98-569800254dfa",
          "smiles": "CNC(=O)c1nnc(NC(C)=O)cc1Nc1cccc(-c2ncn(C)n2)c1OC",
          "state_of_matter": "SOLID",
          "molecular_weight": 397.41114000000033,
          "density": 1.4,
          "mass": 397.41114000000033,
          "is_produced_by": [],
          "is_consumed_by": [
            "8a8509f7-8c95-4712-997c-625a7ed573fa"
          ],
          "provenance__density": "dummy estimator based on mw",
          "provenance__is_consumed_by": null,
          "provenance__is_produced_by": null,
          "provenance__mass": null,
          "provenance__molecular_weight": "periodic table",
          "provenance__smiles": null,
          "provenance__state_of_matter": "dummy estimator based on mw"
        }
      ],
      "reagents": [
        {
          "identifier": "e8a646e3-2219-4bee-925a-33f16f71a1d7",
          "smiles": "CO",
          "state_of_matter": "LIQUID",
          "molecular_weight": 32.04186000000001,
          "density": 1.0,
          "mass": 32.04186000000001,
          "is_produced_by": [],
          "is_consumed_by": [
            "8a8509f7-8c95-4712-997c-625a7ed573fa"
          ],
          "provenance__density": "dummy estimator based on mw",
          "provenance__is_consumed_by": null,
          "provenance__is_produced_by": null,
          "provenance__mass": null,
          "provenance__molecular_weight": "periodic table",
          "provenance__smiles": null,
          "provenance__state_of_matter": "dummy estimator based on mw"
        }
      ],
      "products": [
        {
          "identifier": "5cc0d8c0-b515-43dc-84f9-6a4bf401a584",
          "smiles": "CNC(=O)c1nnc(N)cc1Nc1cccc(-c2ncn(C)n2)c1OC",
          "state_of_matter": "SOLID",
          "molecular_weight": 355.3744600000003,
          "density": 1.4,
          "mass": 355.3744600000003,
          "is_produced_by": [
            "8a8509f7-8c95-4712-997c-625a7ed573fa"
          ],
          "is_consumed_by": [],
          "provenance__density": "dummy estimator based on mw",
          "provenance__is_consumed_by": null,
          "provenance__is_produced_by": null,
          "provenance__mass": null,
          "provenance__molecular_weight": "periodic table",
          "provenance__smiles": null,
          "provenance__state_of_matter": "dummy estimator based on mw"
        }
      ],
      "stoichiometry": {
        "e9db2036-ae58-47b2-ae98-569800254dfa": 1.0,
        "5cc0d8c0-b515-43dc-84f9-6a4bf401a584": -1.0
      },
      "temperature": 300.69668526649474,
      "intended_ratios": {
        "e9db2036-ae58-47b2-ae98-569800254dfa": 1.0,
        "e8a646e3-2219-4bee-925a-33f16f71a1d7": 1.0
      },
      "expected_yields": {
        "5cc0d8c0-b515-43dc-84f9-6a4bf401a584": 1.0
      },
      "reaction_extent": 1.0
    },
    {
      "identifier": "dd5e96aa-d39d-4b88-8ea3-1beef9a60a95",
      "reactants": [
        {
          "identifier": "2aab917c-ee3c-47f5-a694-fee63539516f",
          "smiles": "COC(=O)c1nnc(Cl)cc1Cl",
          "state_of_matter": "SOLID",
          "molecular_weight": 207.01415999999992,
          "density": 1.4,
          "mass": 207.01415999999992,
          "is_produced_by": [],
          "is_consumed_by": [
            "dd5e96aa-d39d-4b88-8ea3-1beef9a60a95"
          ],
          "provenance__density": "dummy estimator based on mw",
          "provenance__is_consumed_by": null,
          "provenance__is_produced_by": null,
          "provenance__mass": null,
          "provenance__molecular_weight": "periodic table",
          "provenance__smiles": null,
          "provenance__state_of_matter": "dummy estimator based on mw"
        },
        {
          "identifier": "dcb91ec8-085b-4648-abf7-600ce7111476",
          "smiles": "COc1c(N)cccc1-c1ncn(C)n1",
          "state_of_matter": "SOLID",
          "molecular_weight": 205.2364199999999,
          "density": 1.4,
          "mass": 205.2364199999999,
          "is_produced_by": [],
          "is_consumed_by": [
            "dd5e96aa-d39d-4b88-8ea3-1beef9a60a95"
          ],
          "provenance__density": "dummy estimator based on mw",
          "provenance__is_consumed_by": null,
          "provenance__is_produced_by": null,
          "provenance__mass": null,
          "provenance__molecular_weight": "periodic table",
          "provenance__smiles": null,
          "provenance__state_of_matter": "dummy estimator based on mw"
        }
      ],
      "reagents": [
        {
          "identifier": "0d7a7217-cf3c-46bc-9508-2b90c455d00d",
          "smiles": "C1CCOC1",
          "state_of_matter": "LIQUID",
          "molecular_weight": 72.10572000000005,
          "density": 1.0,
          "mass": 72.10572000000005,
          "is_produced_by": [],
          "is_consumed_by": [
            "dd5e96aa-d39d-4b88-8ea3-1beef9a60a95"
          ],
          "provenance__density": "dummy estimator based on mw",
          "provenance__is_consumed_by": null,
          "provenance__is_produced_by": null,
          "provenance__mass": null,
          "provenance__molecular_weight": "periodic table",
          "provenance__smiles": null,
          "provenance__state_of_matter": "dummy estimator based on mw"
        },
        {
          "identifier": "dbee082b-56bb-455e-86fb-28d64e9e6e25",
          "smiles": "[Li]N([Si](C)(C)C)[Si](C)(C)C",
          "state_of_matter": "SOLID",
          "molecular_weight": 167.3258199999998,
          "density": 1.4,
          "mass": 167.3258199999998,
          "is_produced_by": [],
          "is_consumed_by": [
            "dd5e96aa-d39d-4b88-8ea3-1beef9a60a95"
          ],
          "provenance__density": "dummy estimator based on mw",
          "provenance__is_consumed_by": null,
          "provenance__is_produced_by": null,
          "provenance__mass": null,
          "provenance__molecular_weight": "periodic table",
          "provenance__smiles": null,
          "provenance__state_of_matter": "dummy estimator based on mw"
        }
      ],
      "products": [
        {
          "identifier": "abc16a75-3e1c-462a-bb8f-90e1bab114f8",
          "smiles": "COC(=O)c1nnc(Cl)cc1Nc1cccc(-c2ncn(C)n2)c1OC",
          "state_of_matter": "SOLID",
          "molecular_weight": 375.7896400000002,
          "density": 1.4,
          "mass": 375.7896400000002,
          "is_produced_by": [
            "dd5e96aa-d39d-4b88-8ea3-1beef9a60a95"
          ],
          "is_consumed_by": [],
          "provenance__density": "dummy estimator based on mw",
          "provenance__is_consumed_by": null,
          "provenance__is_produced_by": null,
          "provenance__mass": null,
          "provenance__molecular_weight": "periodic table",
          "provenance__smiles": null,
          "provenance__state_of_matter": "dummy estimator based on mw"
        }
      ],
      "stoichiometry": {
        "2aab917c-ee3c-47f5-a694-fee63539516f": 1.0,
        "dcb91ec8-085b-4648-abf7-600ce7111476": 1.0,
        "abc16a75-3e1c-462a-bb8f-90e1bab114f8": -1.0
      },
      "temperature": 277.9126183569431,
      "intended_ratios": {
        "2aab917c-ee3c-47f5-a694-fee63539516f": 1.0,
        "dcb91ec8-085b-4648-abf7-600ce7111476": 1.0,
        "0d7a7217-cf3c-46bc-9508-2b90c455d00d": 1.0,
        "dbee082b-56bb-455e-86fb-28d64e9e6e25": 1.0
      },
      "expected_yields": {
        "abc16a75-3e1c-462a-bb8f-90e1bab114f8": 1.0
      },
      "reaction_extent": 1.0
    },
    {
      "identifier": "0490b021-4392-4f6e-bb95-b231a56fd9e4",
      "reactants": [
        {
          "identifier": "a42f04ca-295c-4448-a0e3-43bf89e80442",
          "smiles": "Cc1cnc(Cl)nc1Nc1cccc(S(=O)(=O)NC(C)(C)C)c1",
          "state_of_matter": "SOLID",
          "molecular_weight": 354.8549600000003,
          "density": 1.4,
          "mass": 354.8549600000003,
          "is_produced_by": [],
          "is_consumed_by": [
            "0490b021-4392-4f6e-bb95-b231a56fd9e4"
          ],
          "provenance__density": "dummy estimator based on mw",
          "provenance__is_consumed_by": null,
          "provenance__is_produced_by": null,
          "provenance__mass": null,
          "provenance__molecular_weight": "periodic table",
          "provenance__smiles": null,
          "provenance__state_of_matter": "dummy estimator based on mw"
        },
        {
          "identifier": "bb60fb5c-819d-488b-83fa-91099f6be736",
          "smiles": "Nc1ccc(OCc2ccccc2)cc1",
          "state_of_matter": "LIQUID",
          "molecular_weight": 199.2484199999998,
          "density": 1.0,
          "mass": 199.2484199999998,
          "is_produced_by": [],
          "is_consumed_by": [
            "0490b021-4392-4f6e-bb95-b231a56fd9e4"
          ],
          "provenance__density": "dummy estimator based on mw",
          "provenance__is_consumed_by": null,
          "provenance__is_produced_by": null,
          "provenance__mass": null,
          "provenance__molecular_weight": "periodic table",
          "provenance__smiles": null,
          "provenance__state_of_matter": "dummy estimator based on mw"
        }
      ],
      "reagents": [
        {
          "identifier": "c83b2e57-1316-4caf-a95c-49a49fac299e",
          "smiles": "Cl",
          "state_of_matter": "LIQUID",
          "molecular_weight": 36.46094,
          "density": 1.0,
          "mass": 36.46094,
          "is_produced_by": [],
          "is_consumed_by": [
            "0490b021-4392-4f6e-bb95-b231a56fd9e4"
          ],
          "provenance__density": "dummy estimator based on mw",
          "provenance__is_consumed_by": null,
          "provenance__is_produced_by": null,
          "provenance__mass": null,
          "provenance__molecular_weight": "periodic table",
          "provenance__smiles": null,
          "provenance__state_of_matter": "dummy estimator based on mw"
        },
        {
          "identifier": "444c0578-dc62-4652-a68f-eb9f2810d180",
          "smiles": "C1COCCO1",
          "state_of_matter": "LIQUID",
          "molecular_weight": 88.10512000000004,
          "density": 1.0,
          "mass": 88.10512000000004,
          "is_produced_by": [],
          "is_consumed_by": [
            "0490b021-4392-4f6e-bb95-b231a56fd9e4"
          ],
          "provenance__density": "dummy estimator based on mw",
          "provenance__is_consumed_by": null,
          "provenance__is_produced_by": null,
          "provenance__mass": null,
          "provenance__molecular_weight": "periodic table",
          "provenance__smiles": null,
          "provenance__state_of_matter": "dummy estimator based on mw"
        }
      ],
      "products": [
        {
          "identifier": "710a92c9-d511-40d0-ab1a-5f69fa672133",
          "smiles": "Cc1cnc(Nc2ccc(OCc3ccccc3)cc2)nc1Nc1cccc(S(=O)(=O)NC(C)(C)C)c1",
          "state_of_matter": "SOLID",
          "molecular_weight": 517.6424400000001,
          "density": 1.4,
          "mass": 517.6424400000001,
          "is_produced_by": [
            "0490b021-4392-4f6e-bb95-b231a56fd9e4"
          ],
          "is_consumed_by": [],
          "provenance__density": "dummy estimator based on mw",
          "provenance__is_consumed_by": null,
          "provenance__is_produced_by": null,
          "provenance__mass": null,
          "provenance__molecular_weight": "periodic table",
          "provenance__smiles": null,
          "provenance__state_of_matter": "dummy estimator based on mw"
        }
      ],
      "stoichiometry": {
        "a42f04ca-295c-4448-a0e3-43bf89e80442": 1.0,
        "bb60fb5c-819d-488b-83fa-91099f6be736": 1.0,
        "710a92c9-d511-40d0-ab1a-5f69fa672133": -1.0
      },
      "temperature": 369.8748215675354,
      "intended_ratios": {
        "a42f04ca-295c-4448-a0e3-43bf89e80442": 1.0,
        "bb60fb5c-819d-488b-83fa-91099f6be736": 1.0,
        "c83b2e57-1316-4caf-a95c-49a49fac299e": 1.0,
        "444c0578-dc62-4652-a68f-eb9f2810d180": 1.0
      },
      "expected_yields": {
        "710a92c9-d511-40d0-ab1a-5f69fa672133": 1.0
      },
      "reaction_extent": 1.0
    },
    {
      "identifier": "1825ee9d-8541-40cd-9661-8c6cac51ad4d",
      "reactants": [
        {
          "identifier": "44434a5d-ab37-4f5c-a4c0-dc08f78fd5b6",
          "smiles": "Cc1cnc(Nc2ccc(O)cc2)nc1Nc1cccc(S(=O)(=O)NC(C)(C)C)c1",
          "state_of_matter": "SOLID",
          "molecular_weight": 427.51990000000035,
          "density": 1.4,
          "mass": 427.51990000000035,
          "is_produced_by": [],
          "is_consumed_by": [
            "1825ee9d-8541-40cd-9661-8c6cac51ad4d"
          ],
          "provenance__density": "dummy estimator based on mw",
          "provenance__is_consumed_by": null,
          "provenance__is_produced_by": null,
          "provenance__mass": null,
          "provenance__molecular_weight": "periodic table",
          "provenance__smiles": null,
          "provenance__state_of_matter": "dummy estimator based on mw"
        },
        {
          "identifier": "f9d52066-b61e-4142-bfd6-2880be9f69b8",
          "smiles": "ClCCN1CCCC1",
          "state_of_matter": "LIQUID",
          "molecular_weight": 133.61917999999997,
          "density": 1.0,
          "mass": 133.61917999999997,
          "is_produced_by": [],
          "is_consumed_by": [
            "1825ee9d-8541-40cd-9661-8c6cac51ad4d"
          ],
          "provenance__density": "dummy estimator based on mw",
          "provenance__is_consumed_by": null,
          "provenance__is_produced_by": null,
          "provenance__mass": null,
          "provenance__molecular_weight": "periodic table",
          "provenance__smiles": null,
          "provenance__state_of_matter": "dummy estimator based on mw"
        }
      ],
      "reagents": [
        {
          "identifier": "6f4fb59e-daa4-4178-8f64-a4c8f7a99f53",
          "smiles": "O=C(O[K])O[K]",
          "state_of_matter": "SOLID",
          "molecular_weight": 138.2055,
          "density": 1.4,
          "mass": 138.2055,
          "is_produced_by": [],
          "is_consumed_by": [
            "1825ee9d-8541-40cd-9661-8c6cac51ad4d"
          ],
          "provenance__density": "dummy estimator based on mw",
          "provenance__is_consumed_by": null,
          "provenance__is_produced_by": null,
          "provenance__mass": null,
          "provenance__molecular_weight": "periodic table",
          "provenance__smiles": null,
          "provenance__state_of_matter": "dummy estimator based on mw"
        },
        {
          "identifier": "d36f34ba-65ce-4a72-b172-334700e42823",
          "smiles": "CC(C)=O",
          "state_of_matter": "LIQUID",
          "molecular_weight": 58.07913999999999,
          "density": 1.0,
          "mass": 58.07913999999999,
          "is_produced_by": [],
          "is_consumed_by": [
            "1825ee9d-8541-40cd-9661-8c6cac51ad4d"
          ],
          "provenance__density": "dummy estimator based on mw",
          "provenance__is_consumed_by": null,
          "provenance__is_produced_by": null,
          "provenance__mass": null,
          "provenance__molecular_weight": "periodic table",
          "provenance__smiles": null,
          "provenance__state_of_matter": "dummy estimator based on mw"
        }
      ],
      "products": [
        {
          "identifier": "714d848a-6a5f-4b38-a68a-c4ddf78548ad",
          "smiles": "Cc1cnc(Nc2ccc(OCCN3CCCC3)cc2)nc1Nc1cccc(S(=O)(=O)NC(C)(C)C)c1",
          "state_of_matter": "SOLID",
          "molecular_weight": 524.6781399999998,
          "density": 1.4,
          "mass": 524.6781399999998,
          "is_produced_by": [
            "1825ee9d-8541-40cd-9661-8c6cac51ad4d"
          ],
          "is_consumed_by": [],
          "provenance__density": "dummy estimator based on mw",
          "provenance__is_consumed_by": null,
          "provenance__is_produced_by": null,
          "provenance__mass": null,
          "provenance__molecular_weight": "periodic table",
          "provenance__smiles": null,
          "provenance__state_of_matter": "dummy estimator based on mw"
        }
      ],
      "stoichiometry": {
        "44434a5d-ab37-4f5c-a4c0-dc08f78fd5b6": 1.0,
        "f9d52066-b61e-4142-bfd6-2880be9f69b8": 1.0,
        "714d848a-6a5f-4b38-a68a-c4ddf78548ad": -1.0
      },
      "temperature": 346.08960286974906,
      "intended_ratios": {
        "44434a5d-ab37-4f5c-a4c0-dc08f78fd5b6": 1.0,
        "f9d52066-b61e-4142-bfd6-2880be9f69b8": 1.0,
        "6f4fb59e-daa4-4178-8f64-a4c8f7a99f53": 1.0,
        "d36f34ba-65ce-4a72-b172-334700e42823": 1.0
      },
      "expected_yields": {
        "714d848a-6a5f-4b38-a68a-c4ddf78548ad": 1.0
      },
      "reaction_extent": 1.0
    },
    {
      "identifier": "d6ec85da-04b4-4d20-b3ce-76631b64be06",
      "reactants": [
        {
          "identifier": "603fb5b0-15aa-461d-8d0b-b612c3f24f5f",
          "smiles": "Cc1cnc(Nc2ccc(OCc3ccccc3)cc2)nc1Nc1cccc(S(=O)(=O)NC(C)(C)C)c1",
          "state_of_matter": "SOLID",
          "molecular_weight": 517.6424400000001,
          "density": 1.4,
          "mass": 517.6424400000001,
          "is_produced_by": [],
          "is_consumed_by": [
            "d6ec85da-04b4-4d20-b3ce-76631b64be06"
          ],
          "provenance__density": "dummy estimator based on mw",
          "provenance__is_consumed_by": null,
          "provenance__is_produced_by": null,
          "provenance__mass": null,
          "provenance__molecular_weight": "periodic table",
          "provenance__smiles": null,
          "provenance__state_of_matter": "dummy estimator based on mw"
        }
      ],
      "reagents": [
        {
          "identifier": "8eb40964-5f71-4cd7-8d1b-31be233c2988",
          "smiles": "CO",
          "state_of_matter": "LIQUID",
          "molecular_weight": 32.04186000000001,
          "density": 1.0,
          "mass": 32.04186000000001,
          "is_produced_by": [],
          "is_consumed_by": [
            "d6ec85da-04b4-4d20-b3ce-76631b64be06"
          ],
          "provenance__density": "dummy estimator based on mw",
          "provenance__is_consumed_by": null,
          "provenance__is_produced_by": null,
          "provenance__mass": null,
          "provenance__molecular_weight": "periodic table",
          "provenance__smiles": null,
          "provenance__state_of_matter": "dummy estimator based on mw"
        },
        {
          "identifier": "b4ad02fd-6259-4311-8996-2ad91ddfcb2b",
          "smiles": "[Pd]",
          "state_of_matter": "SOLID",
          "molecular_weight": 106.42,
          "density": 1.4,
          "mass": 106.42,
          "is_produced_by": [],
          "is_consumed_by": [
            "d6ec85da-04b4-4d20-b3ce-76631b64be06"
          ],
          "provenance__density": "dummy estimator based on mw",
          "provenance__is_consumed_by": null,
          "provenance__is_produced_by": null,
          "provenance__mass": null,
          "provenance__molecular_weight": "periodic table",
          "provenance__smiles": null,
          "provenance__state_of_matter": "dummy estimator based on mw"
        }
      ],
      "products": [
        {
          "identifier": "2a162b54-7e6b-4681-a9ea-70d3d68bcabe",
          "smiles": "Cc1cnc(Nc2ccc(O)cc2)nc1Nc1cccc(S(=O)(=O)NC(C)(C)C)c1",
          "state_of_matter": "SOLID",
          "molecular_weight": 427.51990000000035,
          "density": 1.4,
          "mass": 427.51990000000035,
          "is_produced_by": [
            "d6ec85da-04b4-4d20-b3ce-76631b64be06"
          ],
          "is_consumed_by": [],
          "provenance__density": "dummy estimator based on mw",
          "provenance__is_consumed_by": null,
          "provenance__is_produced_by": null,
          "provenance__mass": null,
          "provenance__molecular_weight": "periodic table",
          "provenance__smiles": null,
          "provenance__state_of_matter": "dummy estimator based on mw"
        }
      ],
      "stoichiometry": {
        "603fb5b0-15aa-461d-8d0b-b612c3f24f5f": 1.0,
        "2a162b54-7e6b-4681-a9ea-70d3d68bcabe": -1.0
      },
      "temperature": 290.56993040442467,
      "intended_ratios": {
        "603fb5b0-15aa-461d-8d0b-b612c3f24f5f": 1.0,
        "8eb40964-5f71-4cd7-8d1b-31be233c2988": 1.0,
        "b4ad02fd-6259-4311-8996-2ad91ddfcb2b": 1.0
      },
      "expected_yields": {
        "2a162b54-7e6b-4681-a9ea-70d3d68bcabe": 1.0
      },
      "reaction_extent": 1.0
    },
    {
      "identifier": "2315395a-a2f0-450c-be24-20953e3cffba",
      "reactants": [
        {
          "identifier": "7fa0e4c6-0942-483e-a188-af2319a32ef3",
          "smiles": "N#Cc1ccc(Cn2cncc2CCCl)c(F)c1",
          "state_of_matter": "SOLID",
          "molecular_weight": 264.7058832000001,
          "density": 1.4,
          "mass": 264.7058832000001,
          "is_produced_by": [],
          "is_consumed_by": [
            "2315395a-a2f0-450c-be24-20953e3cffba"
          ],
          "provenance__density": "dummy estimator based on mw",
          "provenance__is_consumed_by": null,
          "provenance__is_produced_by": null,
          "provenance__mass": null,
          "provenance__molecular_weight": "periodic table",
          "provenance__smiles": null,
          "provenance__state_of_matter": "dummy estimator based on mw"
        }
      ],
      "reagents": [
        {
          "identifier": "cce137fa-5938-45ab-ac9b-cb5e8b904523",
          "smiles": "CN(C)C=O",
          "state_of_matter": "LIQUID",
          "molecular_weight": 73.09378000000004,
          "density": 1.0,
          "mass": 73.09378000000004,
          "is_produced_by": [],
          "is_consumed_by": [
            "2315395a-a2f0-450c-be24-20953e3cffba"
          ],
          "provenance__density": "dummy estimator based on mw",
          "provenance__is_consumed_by": null,
          "provenance__is_produced_by": null,
          "provenance__mass": null,
          "provenance__molecular_weight": "periodic table",
          "provenance__smiles": null,
          "provenance__state_of_matter": "dummy estimator based on mw"
        },
        {
          "identifier": "7b441ba0-6f60-4f03-9cf2-748c18afefac",
          "smiles": "[NaH]",
          "state_of_matter": "SOLID",
          "molecular_weight": 23.99771,
          "density": 1.4,
          "mass": 23.99771,
          "is_produced_by": [],
          "is_consumed_by": [
            "2315395a-a2f0-450c-be24-20953e3cffba"
          ],
          "provenance__density": "dummy estimator based on mw",
          "provenance__is_consumed_by": null,
          "provenance__is_produced_by": null,
          "provenance__mass": null,
          "provenance__molecular_weight": "periodic table",
          "provenance__smiles": null,
          "provenance__state_of_matter": "dummy estimator based on mw"
        }
      ],
      "products": [
        {
          "identifier": "f0ac822a-99b2-4932-b711-108860095f29",
          "smiles": "N#Cc1ccc(C2CCc3cncn32)c(F)c1",
          "state_of_matter": "SOLID",
          "molecular_weight": 228.24494319999988,
          "density": 1.4,
          "mass": 228.24494319999988,
          "is_produced_by": [
            "2315395a-a2f0-450c-be24-20953e3cffba"
          ],
          "is_consumed_by": [],
          "provenance__density": "dummy estimator based on mw",
          "provenance__is_consumed_by": null,
          "provenance__is_produced_by": null,
          "provenance__mass": null,
          "provenance__molecular_weight": "periodic table",
          "provenance__smiles": null,
          "provenance__state_of_matter": "dummy estimator based on mw"
        }
      ],
      "stoichiometry": {
        "7fa0e4c6-0942-483e-a188-af2319a32ef3": 1.0,
        "f0ac822a-99b2-4932-b711-108860095f29": -1.0
      },
      "temperature": 289.2455680310726,
      "intended_ratios": {
        "7fa0e4c6-0942-483e-a188-af2319a32ef3": 1.0,
        "cce137fa-5938-45ab-ac9b-cb5e8b904523": 1.0,
        "7b441ba0-6f60-4f03-9cf2-748c18afefac": 1.0
      },
      "expected_yields": {
        "f0ac822a-99b2-4932-b711-108860095f29": 1.0
      },
      "reaction_extent": 1.0
    },
    {
      "identifier": "385f564d-9c3d-4c84-b9f7-60108529f3ed",
      "reactants": [
        {
          "identifier": "41525e8c-f75e-49f0-8dce-d4fb4366a715",
          "smiles": "N#Cc1ccc(Cn2cncc2CCO)c(F)c1",
          "state_of_matter": "SOLID",
          "molecular_weight": 246.26022319999984,
          "density": 1.4,
          "mass": 246.26022319999984,
          "is_produced_by": [],
          "is_consumed_by": [
            "385f564d-9c3d-4c84-b9f7-60108529f3ed"
          ],
          "provenance__density": "dummy estimator based on mw",
          "provenance__is_consumed_by": null,
          "provenance__is_produced_by": null,
          "provenance__mass": null,
          "provenance__molecular_weight": "periodic table",
          "provenance__smiles": null,
          "provenance__state_of_matter": "dummy estimator based on mw"
        }
      ],
      "reagents": [
        {
          "identifier": "99964da4-cb22-4dc1-8beb-ea4094f468c0",
          "smiles": "ClCCl",
          "state_of_matter": "LIQUID",
          "molecular_weight": 84.93258000000002,
          "density": 1.0,
          "mass": 84.93258000000002,
          "is_produced_by": [],
          "is_consumed_by": [
            "385f564d-9c3d-4c84-b9f7-60108529f3ed"
          ],
          "provenance__density": "dummy estimator based on mw",
          "provenance__is_consumed_by": null,
          "provenance__is_produced_by": null,
          "provenance__mass": null,
          "provenance__molecular_weight": "periodic table",
          "provenance__smiles": null,
          "provenance__state_of_matter": "dummy estimator based on mw"
        },
        {
          "identifier": "4a5a50b6-5878-46e9-92cb-d3c7d487e49b",
          "smiles": "CCN(CC)CC",
          "state_of_matter": "LIQUID",
          "molecular_weight": 101.19000000000008,
          "density": 1.0,
          "mass": 101.19000000000008,
          "is_produced_by": [],
          "is_consumed_by": [
            "385f564d-9c3d-4c84-b9f7-60108529f3ed"
          ],
          "provenance__density": "dummy estimator based on mw",
          "provenance__is_consumed_by": null,
          "provenance__is_produced_by": null,
          "provenance__mass": null,
          "provenance__molecular_weight": "periodic table",
          "provenance__smiles": null,
          "provenance__state_of_matter": "dummy estimator based on mw"
        },
        {
          "identifier": "0c2868a5-2e17-4d05-a902-a85f9b09937f",
          "smiles": "CS(=O)(=O)Cl",
          "state_of_matter": "LIQUID",
          "molecular_weight": 114.55132000000002,
          "density": 1.0,
          "mass": 114.55132000000002,
          "is_produced_by": [],
          "is_consumed_by": [
            "385f564d-9c3d-4c84-b9f7-60108529f3ed"
          ],
          "provenance__density": "dummy estimator based on mw",
          "provenance__is_consumed_by": null,
          "provenance__is_produced_by": null,
          "provenance__mass": null,
          "provenance__molecular_weight": "periodic table",
          "provenance__smiles": null,
          "provenance__state_of_matter": "dummy estimator based on mw"
        }
      ],
      "products": [
        {
          "identifier": "c8905885-0902-4fe3-856b-3dac3cdc0bbb",
          "smiles": "N#Cc1ccc(Cn2cncc2CCCl)c(F)c1",
          "state_of_matter": "SOLID",
          "molecular_weight": 264.7058832000001,
          "density": 1.4,
          "mass": 264.7058832000001,
          "is_produced_by": [
            "385f564d-9c3d-4c84-b9f7-60108529f3ed"
          ],
          "is_consumed_by": [],
          "provenance__density": "dummy estimator based on mw",
          "provenance__is_consumed_by": null,
          "provenance__is_produced_by": null,
          "provenance__mass": null,
          "provenance__molecular_weight": "periodic table",
          "provenance__smiles": null,
          "provenance__state_of_matter": "dummy estimator based on mw"
        }
      ],
      "stoichiometry": {
        "41525e8c-f75e-49f0-8dce-d4fb4366a715": 1.0,
        "c8905885-0902-4fe3-856b-3dac3cdc0bbb": -1.0
      },
      "temperature": 280.6338912785053,
      "intended_ratios": {
        "41525e8c-f75e-49f0-8dce-d4fb4366a715": 1.0,
        "99964da4-cb22-4dc1-8beb-ea4094f468c0": 1.0,
        "4a5a50b6-5878-46e9-92cb-d3c7d487e49b": 1.0,
        "0c2868a5-2e17-4d05-a902-a85f9b09937f": 1.0
      },
      "expected_yields": {
        "c8905885-0902-4fe3-856b-3dac3cdc0bbb": 1.0
      },
      "reaction_extent": 1.0
    }
  ],
  "molecular_nodes": [
    "C1CCOC1",
    "C1COCCO1",
    "CC(C)(C)NS(=O)(=O)c1cccc(N)c1",
    "CC(C)(C)[Si](C)(C)Cl",
    "CC(C)(C)[Si](C)(C)OCCc1c[nH]cn1",
    "CC(C)(C)[Si](C)(C)OCCc1cncn1Cc1ccc(C#N)cc1F",
    "CC(C)=O",
    "CC(N)=O",
    "CC1(C)c2cccc(P(c3ccccc3)c3ccccc3)c2Oc2c(P(c3ccccc3)c3ccccc3)cccc21",
    "CCCC[N+](CCCC)(CCCC)CCCC.[F-]",
    "CCN(C(C)C)C(C)C",
    "CCN(CC)CC",
    "CN",
    "CN(C)C(On1nnc2cccnc21)=[N+](C)C.F[P-](F)(F)(F)(F)F",
    "CN(C)C=O",
    "CNC(=O)c1nnc(Cl)cc1Nc1cccc(-c2ncn(C)n2)c1OC",
    "CNC(=O)c1nnc(N)cc1Nc1cccc(-c2ncn(C)n2)c1OC",
    "CNC(=O)c1nnc(NC(=O)C2CC2)cc1Nc1cccc(-c2ncn(C)n2)c1OC",
    "CNC(=O)c1nnc(NC(C)=O)cc1Nc1cccc(-c2ncn(C)n2)c1OC",
    "CO",
    "COC(=O)c1nnc(Cl)cc1Cl",
    "COC(=O)c1nnc(Cl)cc1Nc1cccc(-c2ncn(C)n2)c1OC",
    "COc1c(N)cccc1-c1ncn(C)n1",
    "CS(=O)(=O)Cl",
    "Cc1cnc(Cl)nc1Cl",
    "Cc1cnc(Cl)nc1Nc1cccc(S(=O)(=O)NC(C)(C)C)c1",
    "Cc1cnc(Nc2ccc(O)cc2)nc1Nc1cccc(S(=O)(=O)NC(C)(C)C)c1",
    "Cc1cnc(Nc2ccc(OCCN3CCCC3)cc2)nc1Nc1cccc(S(=O)(=O)NC(C)(C)C)c1",
    "Cc1cnc(Nc2ccc(OCc3ccccc3)cc2)nc1Nc1cccc(S(=O)(=O)NC(C)(C)C)c1",
    "Cl",
    "ClCCN1CCCC1",
    "ClCCl",
    "N#Cc1ccc(C2CCc3cncn32)c(F)c1",
    "N#Cc1ccc(CBr)c(F)c1",
    "N#Cc1ccc(Cn2cncc2CCCl)c(F)c1",
    "N#Cc1ccc(Cn2cncc2CCO)c(F)c1",
    "Nc1ccc(OCc2ccccc2)cc1",
    "O=C(O)C1CC1",
    "O=C(O[Cs])O[Cs]",
    "O=C(O[K])O[K]",
    "OCCc1c[nH]cn1",
    "[Li]N([Si](C)(C)C)[Si](C)(C)C",
    "[NaH]",
    "[Pd]",
    "c1c[nH]cn1"
  ],
  "edges": [
    [
      "002b9400-10fa-49d2-bf91-372d125fe3bf",
      "CNC(=O)c1nnc(Cl)cc1Nc1cccc(-c2ncn(C)n2)c1OC"
    ],
    [
      "0490b021-4392-4f6e-bb95-b231a56fd9e4",
      "Cc1cnc(Nc2ccc(OCc3ccccc3)cc2)nc1Nc1cccc(S(=O)(=O)NC(C)(C)C)c1"
    ],
    [
      "1825ee9d-8541-40cd-9661-8c6cac51ad4d",
      "Cc1cnc(Nc2ccc(OCCN3CCCC3)cc2)nc1Nc1cccc(S(=O)(=O)NC(C)(C)C)c1"
    ],
    [
      "2315395a-a2f0-450c-be24-20953e3cffba",
      "N#Cc1ccc(C2CCc3cncn32)c(F)c1"
    ],
    [
      "30c1fbb8-1c62-4697-9dce-af8587d06883",
      "CNC(=O)c1nnc(NC(=O)C2CC2)cc1Nc1cccc(-c2ncn(C)n2)c1OC"
    ],
    [
      "32d6b784-75c4-443d-a6cb-22e71ec9115d",
      "Cc1cnc(Cl)nc1Nc1cccc(S(=O)(=O)NC(C)(C)C)c1"
    ],
    [
      "385f564d-9c3d-4c84-b9f7-60108529f3ed",
      "N#Cc1ccc(Cn2cncc2CCCl)c(F)c1"
    ],
    [
      "5f54c2b2-fbe4-472a-b394-f142ef22ba43",
      "CC(C)(C)[Si](C)(C)OCCc1c[nH]cn1"
    ],
    [
      "6ec43e21-2ebc-4dcb-b2d0-9bcc04cd1692",
      "CNC(=O)c1nnc(NC(C)=O)cc1Nc1cccc(-c2ncn(C)n2)c1OC"
    ],
    [
      "8a8509f7-8c95-4712-997c-625a7ed573fa",
      "CNC(=O)c1nnc(N)cc1Nc1cccc(-c2ncn(C)n2)c1OC"
    ],
    [
      "C1CCOC1",
      "002b9400-10fa-49d2-bf91-372d125fe3bf"
    ],
    [
      "C1CCOC1",
      "d7f2ef0e-ee7d-4d6b-a5ff-14a9576285fe"
    ],
    [
      "C1CCOC1",
      "dd5e96aa-d39d-4b88-8ea3-1beef9a60a95"
    ],
    [
      "C1CCOC1",
      "e85c1cbb-8f8b-414d-ad91-cb9e7b87b5d5"
    ],
    [
      "C1COCCO1",
      "0490b021-4392-4f6e-bb95-b231a56fd9e4"
    ],
    [
      "C1COCCO1",
      "6ec43e21-2ebc-4dcb-b2d0-9bcc04cd1692"
    ],
    [
      "CC(C)(C)NS(=O)(=O)c1cccc(N)c1",
      "32d6b784-75c4-443d-a6cb-22e71ec9115d"
    ],
    [
      "CC(C)(C)[Si](C)(C)Cl",
      "5f54c2b2-fbe4-472a-b394-f142ef22ba43"
    ],
    [
      "CC(C)(C)[Si](C)(C)OCCc1c[nH]cn1",
      "e85c1cbb-8f8b-414d-ad91-cb9e7b87b5d5"
    ],
    [
      "CC(C)(C)[Si](C)(C)OCCc1cncn1Cc1ccc(C#N)cc1F",
      "d7f2ef0e-ee7d-4d6b-a5ff-14a9576285fe"
    ],
    [
      "CC(C)=O",
      "1825ee9d-8541-40cd-9661-8c6cac51ad4d"
    ],
    [
      "CC(N)=O",
      "6ec43e21-2ebc-4dcb-b2d0-9bcc04cd1692"
    ],
    [
      "CC1(C)c2cccc(P(c3ccccc3)c3ccccc3)c2Oc2c(P(c3ccccc3)c3ccccc3)cccc21",
      "6ec43e21-2ebc-4dcb-b2d0-9bcc04cd1692"
    ],
    [
      "CCCC[N+](CCCC)(CCCC)CCCC.[F-]",
      "d7f2ef0e-ee7d-4d6b-a5ff-14a9576285fe"
    ],
    [
      "CCN(C(C)C)C(C)C",
      "30c1fbb8-1c62-4697-9dce-af8587d06883"
    ],
    [
      "CCN(CC)CC",
      "385f564d-9c3d-4c84-b9f7-60108529f3ed"
    ],
    [
      "CN",
      "002b9400-10fa-49d2-bf91-372d125fe3bf"
    ],
    [
      "CN(C)C(On1nnc2cccnc21)=[N+](C)C.F[P-](F)(F)(F)(F)F",
      "30c1fbb8-1c62-4697-9dce-af8587d06883"
    ],
    [
      "CN(C)C=O",
      "2315395a-a2f0-450c-be24-20953e3cffba"
    ],
    [
      "CN(C)C=O",
      "30c1fbb8-1c62-4697-9dce-af8587d06883"
    ],
    [
      "CN(C)C=O",
      "5f54c2b2-fbe4-472a-b394-f142ef22ba43"
    ],
    [
      "CNC(=O)c1nnc(Cl)cc1Nc1cccc(-c2ncn(C)n2)c1OC",
      "6ec43e21-2ebc-4dcb-b2d0-9bcc04cd1692"
    ],
    [
      "CNC(=O)c1nnc(N)cc1Nc1cccc(-c2ncn(C)n2)c1OC",
      "30c1fbb8-1c62-4697-9dce-af8587d06883"
    ],
    [
      "CNC(=O)c1nnc(NC(C)=O)cc1Nc1cccc(-c2ncn(C)n2)c1OC",
      "8a8509f7-8c95-4712-997c-625a7ed573fa"
    ],
    [
      "CO",
      "32d6b784-75c4-443d-a6cb-22e71ec9115d"
    ],
    [
      "CO",
      "8a8509f7-8c95-4712-997c-625a7ed573fa"
    ],
    [
      "CO",
      "d6ec85da-04b4-4d20-b3ce-76631b64be06"
    ],
    [
      "COC(=O)c1nnc(Cl)cc1Cl",
      "dd5e96aa-d39d-4b88-8ea3-1beef9a60a95"
    ],
    [
      "COC(=O)c1nnc(Cl)cc1Nc1cccc(-c2ncn(C)n2)c1OC",
      "002b9400-10fa-49d2-bf91-372d125fe3bf"
    ],
    [
      "COc1c(N)cccc1-c1ncn(C)n1",
      "dd5e96aa-d39d-4b88-8ea3-1beef9a60a95"
    ],
    [
      "CS(=O)(=O)Cl",
      "385f564d-9c3d-4c84-b9f7-60108529f3ed"
    ],
    [
      "Cc1cnc(Cl)nc1Cl",
      "32d6b784-75c4-443d-a6cb-22e71ec9115d"
    ],
    [
      "Cc1cnc(Cl)nc1Nc1cccc(S(=O)(=O)NC(C)(C)C)c1",
      "0490b021-4392-4f6e-bb95-b231a56fd9e4"
    ],
    [
      "Cc1cnc(Nc2ccc(O)cc2)nc1Nc1cccc(S(=O)(=O)NC(C)(C)C)c1",
      "1825ee9d-8541-40cd-9661-8c6cac51ad4d"
    ],
    [
      "Cc1cnc(Nc2ccc(OCc3ccccc3)cc2)nc1Nc1cccc(S(=O)(=O)NC(C)(C)C)c1",
      "d6ec85da-04b4-4d20-b3ce-76631b64be06"
    ],
    [
      "Cl",
      "0490b021-4392-4f6e-bb95-b231a56fd9e4"
    ],
    [
      "ClCCN1CCCC1",
      "1825ee9d-8541-40cd-9661-8c6cac51ad4d"
    ],
    [
      "ClCCl",
      "385f564d-9c3d-4c84-b9f7-60108529f3ed"
    ],
    [
      "N#Cc1ccc(CBr)c(F)c1",
      "e85c1cbb-8f8b-414d-ad91-cb9e7b87b5d5"
    ],
    [
      "N#Cc1ccc(Cn2cncc2CCCl)c(F)c1",
      "2315395a-a2f0-450c-be24-20953e3cffba"
    ],
    [
      "N#Cc1ccc(Cn2cncc2CCO)c(F)c1",
      "385f564d-9c3d-4c84-b9f7-60108529f3ed"
    ],
    [
      "Nc1ccc(OCc2ccccc2)cc1",
      "0490b021-4392-4f6e-bb95-b231a56fd9e4"
    ],
    [
      "O=C(O)C1CC1",
      "30c1fbb8-1c62-4697-9dce-af8587d06883"
    ],
    [
      "O=C(O[Cs])O[Cs]",
      "6ec43e21-2ebc-4dcb-b2d0-9bcc04cd1692"
    ],
    [
      "O=C(O[K])O[K]",
      "1825ee9d-8541-40cd-9661-8c6cac51ad4d"
    ],
    [
      "OCCc1c[nH]cn1",
      "5f54c2b2-fbe4-472a-b394-f142ef22ba43"
    ],
    [
      "[Li]N([Si](C)(C)C)[Si](C)(C)C",
      "002b9400-10fa-49d2-bf91-372d125fe3bf"
    ],
    [
      "[Li]N([Si](C)(C)C)[Si](C)(C)C",
      "dd5e96aa-d39d-4b88-8ea3-1beef9a60a95"
    ],
    [
      "[NaH]",
      "2315395a-a2f0-450c-be24-20953e3cffba"
    ],
    [
      "[NaH]",
      "e85c1cbb-8f8b-414d-ad91-cb9e7b87b5d5"
    ],
    [
      "[Pd]",
      "6ec43e21-2ebc-4dcb-b2d0-9bcc04cd1692"
    ],
    [
      "[Pd]",
      "d6ec85da-04b4-4d20-b3ce-76631b64be06"
    ],
    [
      "c1c[nH]cn1",
      "5f54c2b2-fbe4-472a-b394-f142ef22ba43"
    ],
    [
      "d6ec85da-04b4-4d20-b3ce-76631b64be06",
      "Cc1cnc(Nc2ccc(O)cc2)nc1Nc1cccc(S(=O)(=O)NC(C)(C)C)c1"
    ],
    [
      "d7f2ef0e-ee7d-4d6b-a5ff-14a9576285fe",
      "N#Cc1ccc(Cn2cncc2CCO)c(F)c1"
    ],
    [
      "dd5e96aa-d39d-4b88-8ea3-1beef9a60a95",
      "COC(=O)c1nnc(Cl)cc1Nc1cccc(-c2ncn(C)n2)c1OC"
    ],
    [
      "e85c1cbb-8f8b-414d-ad91-cb9e7b87b5d5",
      "CC(C)(C)[Si](C)(C)OCCc1cncn1Cc1ccc(C#N)cc1F"
    ]
  ]
}