{
  "identifier": "3e08656e-a805-4793-92bc-0a15b0dbc2f7",
  "chemical_reactions": [
    {
      "identifier": "b5022413-f8d6-4a20-93c1-a0ee82518c2e",
      "reactants": [
        {
          "identifier": "af4d81c9-a010-4885-9f76-3e54a9169f6b",
          "smiles": "CC(C)N",
          "state_of_matter": "LIQUID",
          "molecular_weight": 59.11025999999998,
          "density": 1.0,
          "mass": 59.11025999999998,
          "is_produced_by": [],
          "is_consumed_by": [
            "b5022413-f8d6-4a20-93c1-a0ee82518c2e"
          ],
          "provenance__density": "dummy estimator based on mw",
          "provenance__is_consumed_by": null,
          "provenance__is_produced_by": null,
          "provenance__mass": null,
          "provenance__molecular_weight": "periodic table",
          "provenance__smiles": null,
          "provenance__state_of_matter": "dummy estimator based on mw"
        },
        {
          "identifier": "3dbd107b-eedf-4cbc-bf69-bc3ae2fd2332",
          "smiles": "O=C(OC(Cl)(Cl)Cl)OC(Cl)(Cl)Cl",
          "state_of_matter": "SOLID",
          "molecular_weight": 296.7483000000001,
          "density": 1.4,
          "mass": 296.7483000000001,
          "is_produced_by": [],
          "is_consumed_by": [
            "b5022413-f8d6-4a20-93c1-a0ee82518c2e"
          ],
          "provenance__density": "dummy estimator based on mw",
          "provenance__is_consumed_by": null,
          "provenance__is_produced_by": null,
          "provenance__mass": null,
          "provenance__molecular_weight": "periodic table",
          "provenance__smiles": null,
          "provenance__state_of_matter": "dummy estimator based on mw"
        }
      ],
      "reagents": [
        {
          "identifier": "ba2b0e15-fb8c-4bd8-8684-24c225ec12a6",
          "smiles": "ClCCl",
          "state_of_matter": "LIQUID",
          "molecular_weight": 84.93258000000002,
          "density": 1.0,
          "mass": 84.93258000000002,
          "is_produced_by": [],
          "is_consumed_by": [
            "b5022413-f8d6-4a20-93c1-a0ee82518c2e"
          ],
          "provenance__density": "dummy estimator based on mw",
          "provenance__is_consumed_by": null,
          "provenance__is_produced_by": null,
          "provenance__mass": null,
          "provenance__molecular_weight": "periodic table",
          "provenance__smiles": null,
          "provenance__state_of_matter": "dummy estimator based on mw"
        }
      ],
      "products": [
        {
          "identifier": "b9683085-5a5d-429e-b3df-41e4d589be00",
          "smiles": "CC(C)NC(=O)Cl",
          "state_of_matter": "LIQUID",
          "molecular_weight": 121.56542000000005,
          "density": 1.0,
          "mass": 121.56542000000005,
          "is_produced_by": [
            "b5022413-f8d6-4a20-93c1-a0ee82518c2e"
          ],
          "is_consumed_by": [],
          "provenance__density": "dummy estimator based on mw",
          "provenance__is_consumed_by": null,
          "provenance__is_produced_by": null,
          "provenance__mass": null,
          "provenance__molecular_weight": "periodic table",
          "provenance__smiles": null,
          "provenance__state_of_matter": "dummy estimator based on mw"
        }
      ],
      "stoichiometry": {
        "af4d81c9-a010-4885-9f76-3e54a9169f6b": 1.0,
        "3dbd107b-eedf-4cbc-bf69-bc3ae2fd2332": 1.0,
        "b9683085-5a5d-429e-b3df-41e4d589be00": -1.0
      },
      "temperature": 287.31718023419376,
      "intended_ratios": {
        "af4d81c9-a010-4885-9f76-3e54a9169f6b": 1.0,
        "3dbd107b-eedf-4cbc-bf69-bc3ae2fd2332": 1.0,
        "ba2b0e15-fb8c-4bd8-8684-24c225ec12a6": 1.0
      },
      "expected_yields": {
        "b9683085-5a5d-429e-b3df-41e4d589be00": 1.0
      },
      "reaction_extent": 1.0
    },
    {
      "identifier": "37a10391-1527-4216-98f9-8bb8446d17c5",
      "reactants": [
        {
          "identifier": "5cc03aa0-9709-4c3c-b73b-714939cf7a88",
          "smiles": "CC(C)N1C(=O)CC(=O)NC1=O",
          "state_of_matter": "LIQUID",
          "molecular_weight": 170.16589999999994,
          "density": 1.0,
          "mass": 170.16589999999994,
          "is_produced_by": [],
          "is_consumed_by": [
            "37a10391-1527-4216-98f9-8bb8446d17c5"
          ],
          "provenance__density": "dummy estimator based on mw",
          "provenance__is_consumed_by": null,
          "provenance__is_produced_by": null,
          "provenance__mass": null,
          "provenance__molecular_weight": "periodic table",
          "provenance__smiles": null,
          "provenance__state_of_matter": "dummy estimator based on mw"
        }
      ],
      "reagents": [
        {
          "identifier": "5168fd12-07da-4e05-8f3c-82378de5fe86",
          "smiles": "CN(C)C=O",
          "state_of_matter": "LIQUID",
          "molecular_weight": 73.09378000000004,
          "density": 1.0,
          "mass": 73.09378000000004,
          "is_produced_by": [],
          "is_consumed_by": [
            "37a10391-1527-4216-98f9-8bb8446d17c5"
          ],
          "provenance__density": "dummy estimator based on mw",
          "provenance__is_consumed_by": null,
          "provenance__is_produced_by": null,
          "provenance__mass": null,
          "provenance__molecular_weight": "periodic table",
          "provenance__smiles": null,
          "provenance__state_of_matter": "dummy estimator based on mw"
        },
        {
          "identifier": "70fd8829-cb7c-40d0-9b7b-353cdff82539",
          "smiles": "O",
          "state_of_matter": "LIQUID",
          "molecular_weight": 18.01528,
          "density": 1.0,
          "mass": 18.01528,
          "is_produced_by": [],
          "is_consumed_by": [
            "37a10391-1527-4216-98f9-8bb8446d17c5"
          ],
          "provenance__density": "dummy estimator based on mw",
          "provenance__is_consumed_by": null,
          "provenance__is_produced_by": null,
          "provenance__mass": null,
          "provenance__molecular_weight": "periodic table",
          "provenance__smiles": null,
          "provenance__state_of_matter": "dummy estimator based on mw"
        },
        {
          "identifier": "79b68ed8-39bb-4cd4-9554-fc0e809db4be",
          "smiles": "O=C(O[K])O[K]",
          "state_of_matter": "SOLID",
          "molecular_weight": 138.2055,
          "density": 1.4,
          "mass": 138.2055,
          "is_produced_by": [],
          "is_consumed_by": [
            "37a10391-1527-4216-98f9-8bb8446d17c5"
          ],
          "provenance__density": "dummy estimator based on mw",
          "provenance__is_consumed_by": null,
          "provenance__is_produced_by": null,
          "provenance__mass": null,
          "provenance__molecular_weight": "periodic table",
          "provenance__smiles": null,
          "provenance__state_of_matter": "dummy estimator based on mw"
        },
        {
          "identifier": "a492b45d-40d2-4363-80fc-f5d02009fc80",
          "smiles": "CI",
          "state_of_matter": "LIQUID",
          "molecular_weight": 141.93898999999996,
          "density": 1.0,
          "mass": 141.93898999999996,
          "is_produced_by": [],
          "is_consumed_by": [
            "37a10391-1527-4216-98f9-8bb8446d17c5"
          ],
          "provenance__density": "dummy estimator based on mw",
          "provenance__is_consumed_by": null,
          "provenance__is_produced_by": null,
          "provenance__mass": null,
          "provenance__molecular_weight": "periodic table",
          "provenance__smiles": null,
          "provenance__state_of_matter": "dummy estimator based on mw"
        }
      ],
      "products": [
        {
          "identifier": "d44824b4-84e7-4249-b5b1-9bd346ec3d43",
          "smiles": "CC(C)n1c(=O)cc(Cl)[nH]c1=O",
          "state_of_matter": "LIQUID",
          "molecular_weight": 189.61949999999993,
          "density": 1.0,
          "mass": 189.61949999999993,
          "is_produced_by": [
            "37a10391-1527-4216-98f9-8bb8446d17c5"
          ],
          "is_consumed_by": [],
          "provenance__density": "dummy estimator based on mw",
          "provenance__is_consumed_by": null,
          "provenance__is_produced_by": null,
          "provenance__mass": null,
          "provenance__molecular_weight": "periodic table",
          "provenance__smiles": null,
          "provenance__state_of_matter": "dummy estimator based on mw"
        }
      ],
      "stoichiometry": {
        "5cc03aa0-9709-4c3c-b73b-714939cf7a88": 1.0,
        "d44824b4-84e7-4249-b5b1-9bd346ec3d43": -1.0
      },
      "temperature": 297.4154758930206,
      "intended_ratios": {
        "5cc03aa0-9709-4c3c-b73b-714939cf7a88": 1.0,
        "5168fd12-07da-4e05-8f3c-82378de5fe86": 1.0,
        "70fd8829-cb7c-40d0-9b7b-353cdff82539": 1.0,
        "79b68ed8-39bb-4cd4-9554-fc0e809db4be": 1.0,
        "a492b45d-40d2-4363-80fc-f5d02009fc80": 1.0
      },
      "expected_yields": {
        "d44824b4-84e7-4249-b5b1-9bd346ec3d43": 1.0
      },
      "reaction_extent": 1.0
    },
    {
      "identifier": "ccceedf8-eefd-46e4-a61f-222a21f16613",
      "reactants": [
        {
          "identifier": "a9bd138b-d0b8-4944-99ee-5b9dec7a58e6",
          "smiles": "CC(C)NC(=O)Cl",
          "state_of_matter": "LIQUID",
          "molecular_weight": 121.56542000000005,
          "density": 1.0,
          "mass": 121.56542000000005,
          "is_produced_by": [],
          "is_consumed_by": [
            "ccceedf8-eefd-46e4-a61f-222a21f16613"
          ],
          "provenance__density": "dummy estimator based on mw",
          "provenance__is_consumed_by": null,
          "provenance__is_produced_by": null,
          "provenance__mass": null,
          "provenance__molecular_weight": "periodic table",
          "provenance__smiles": null,
          "provenance__state_of_matter": "dummy estimator based on mw"
        },
        {
          "identifier": "b0286358-067d-4e32-8bf3-f4e0d941609a",
          "smiles": "CCOC(=O)CC(=O)Cl",
          "state_of_matter": "LIQUID",
          "molecular_weight": 150.56027999999995,
          "density": 1.0,
          "mass": 150.56027999999995,
          "is_produced_by": [],
          "is_consumed_by": [
            "ccceedf8-eefd-46e4-a61f-222a21f16613"
          ],
          "provenance__density": "dummy estimator based on mw",
          "provenance__is_consumed_by": null,
          "provenance__is_produced_by": null,
          "provenance__mass": null,
          "provenance__molecular_weight": "periodic table",
          "provenance__smiles": null,
          "provenance__state_of_matter": "dummy estimator based on mw"
        }
      ],
      "reagents": [
        {
          "identifier": "7fdd2582-e20b-4195-b917-7c99a34ef672",
          "smiles": "ClCCl",
          "state_of_matter": "LIQUID",
          "molecular_weight": 84.93258000000002,
          "density": 1.0,
          "mass": 84.93258000000002,
          "is_produced_by": [],
          "is_consumed_by": [
            "ccceedf8-eefd-46e4-a61f-222a21f16613"
          ],
          "provenance__density": "dummy estimator based on mw",
          "provenance__is_consumed_by": null,
          "provenance__is_produced_by": null,
          "provenance__mass": null,
          "provenance__molecular_weight": "periodic table",
          "provenance__smiles": null,
          "provenance__state_of_matter": "dummy estimator based on mw"
        }
      ],
      "products": [
        {
          "identifier": "c07b477e-4872-460f-9bd6-b592d14055a6",
          "smiles": "CCOC(=O)CC(=O)N(C(=O)Cl)C(C)C",
          "state_of_matter": "SOLID",
          "molecular_weight": 235.66475999999983,
          "density": 1.4,
          "mass": 235.66475999999983,
          "is_produced_by": [
            "ccceedf8-eefd-46e4-a61f-222a21f16613"
          ],
          "is_consumed_by": [],
          "provenance__density": "dummy estimator based on mw",
          "provenance__is_consumed_by": null,
          "provenance__is_produced_by": null,
          "provenance__mass": null,
          "provenance__molecular_weight": "periodic table",
          "provenance__smiles": null,
          "provenance__state_of_matter": "dummy estimator based on mw"
        }
      ],
      "stoichiometry": {
        "a9bd138b-d0b8-4944-99ee-5b9dec7a58e6": 1.0,
        "b0286358-067d-4e32-8bf3-f4e0d941609a": 1.0,
        "c07b477e-4872-460f-9bd6-b592d14055a6": -1.0
      },
      "temperature": 298.78428542017934,
      "intended_ratios": {
        "a9bd138b-d0b8-4944-99ee-5b9dec7a58e6": 1.0,
        "b0286358-067d-4e32-8bf3-f4e0d941609a": 1.0,
        "7fdd2582-e20b-4195-b917-7c99a34ef672": 1.0
      },
      "expected_yields": {
        "c07b477e-4872-460f-9bd6-b592d14055a6": 1.0
      },
      "reaction_extent": 1.0
    },
    {
      "identifier": "0d91cfe3-eccd-4b31-b97e-b16b7a9f95f1",
      "reactants": [
        {
          "identifier": "6408cd31-ebe9-40a9-bafc-3a0eb2f2ba0b",
          "smiles": "CC(C)n1c(=O)cc(Cl)[nH]c1=O",
          "state_of_matter": "LIQUID",
          "molecular_weight": 189.61949999999993,
          "density": 1.0,
          "mass": 189.61949999999993,
          "is_produced_by": [],
          "is_consumed_by": [
            "0d91cfe3-eccd-4b31-b97e-b16b7a9f95f1"
          ],
          "provenance__density": "dummy estimator based on mw",
          "provenance__is_consumed_by": null,
          "provenance__is_produced_by": null,
          "provenance__mass": null,
          "provenance__molecular_weight": "periodic table",
          "provenance__smiles": null,
          "provenance__state_of_matter": "dummy estimator based on mw"
        },
        {
          "identifier": "f9191aa9-8d0c-46f4-9ea1-33fd46064bb6",
          "smiles": "CC(N)c1ccccc1",
          "state_of_matter": "LIQUID",
          "molecular_weight": 121.17964000000006,
          "density": 1.0,
          "mass": 121.17964000000006,
          "is_produced_by": [],
          "is_consumed_by": [
            "0d91cfe3-eccd-4b31-b97e-b16b7a9f95f1"
          ],
          "provenance__density": "dummy estimator based on mw",
          "provenance__is_consumed_by": null,
          "provenance__is_produced_by": null,
          "provenance__mass": null,
          "provenance__molecular_weight": "periodic table",
          "provenance__smiles": null,
          "provenance__state_of_matter": "dummy estimator based on mw"
        }
      ],
      "reagents": [
        {
          "identifier": "bd3759cc-bf41-48e1-ace4-d71876787a39",
          "smiles": "CC#N",
          "state_of_matter": "LIQUID",
          "molecular_weight": 41.051919999999996,
          "density": 1.0,
          "mass": 41.051919999999996,
          "is_produced_by": [],
          "is_consumed_by": [
            "0d91cfe3-eccd-4b31-b97e-b16b7a9f95f1"
          ],
          "provenance__density": "dummy estimator based on mw",
          "provenance__is_consumed_by": null,
          "provenance__is_produced_by": null,
          "provenance__mass": null,
          "provenance__molecular_weight": "periodic table",
          "provenance__smiles": null,
          "provenance__state_of_matter": "dummy estimator based on mw"
        }
      ],
      "products": [
        {
          "identifier": "4fbd1ef0-071c-4108-a42b-6ea68758de73",
          "smiles": "CC(Nc1cc(=O)n(C(C)C)c(=O)[nH]1)c1ccccc1",
          "state_of_matter": "SOLID",
          "molecular_weight": 274.3382000000002,
          "density": 1.4,
          "mass": 274.3382000000002,
          "is_produced_by": [
            "0d91cfe3-eccd-4b31-b97e-b16b7a9f95f1"
          ],
          "is_consumed_by": [],
          "provenance__density": "dummy estimator based on mw",
          "provenance__is_consumed_by": null,
          "provenance__is_produced_by": null,
          "provenance__mass": null,
          "provenance__molecular_weight": "periodic table",
          "provenance__smiles": null,
          "provenance__state_of_matter": "dummy estimator based on mw"
        }
      ],
      "stoichiometry": {
        "6408cd31-ebe9-40a9-bafc-3a0eb2f2ba0b": 1.0,
        "f9191aa9-8d0c-46f4-9ea1-33fd46064bb6": 1.0,
        "4fbd1ef0-071c-4108-a42b-6ea68758de73": -1.0
      },
      "temperature": 349.5068563520908,
      "intended_ratios": {
        "6408cd31-ebe9-40a9-bafc-3a0eb2f2ba0b": 1.0,
        "f9191aa9-8d0c-46f4-9ea1-33fd46064bb6": 1.0,
        "bd3759cc-bf41-48e1-ace4-d71876787a39": 1.0
      },
      "expected_yields": {
        "4fbd1ef0-071c-4108-a42b-6ea68758de73": 1.0
      },
      "reaction_extent": 1.0
    },
    {
      "identifier": "b7933778-e7a1-4e08-a777-ed66afa538cb",
      "reactants": [
        {
          "identifier": "43b15814-c100-48c0-95b4-bd5c9c39dd3a",
          "smiles": "CC(N)=O",
          "state_of_matter": "LIQUID",
          "molecular_weight": 59.06719999999999,
          "density": 1.0,
          "mass": 59.06719999999999,
          "is_produced_by": [],
          "is_consumed_by": [
            "b7933778-e7a1-4e08-a777-ed66afa538cb"
          ],
          "provenance__density": "dummy estimator based on mw",
          "provenance__is_consumed_by": null,
          "provenance__is_produced_by": null,
          "provenance__mass": null,
          "provenance__molecular_weight": "periodic table",
          "provenance__smiles": null,
          "provenance__state_of_matter": "dummy estimator based on mw"
        },
        {
          "identifier": "89bef53d-5ced-4a6d-ba02-c47a6656bb66",
          "smiles": "CNC(=O)c1nnc(Cl)cc1Nc1cccc(-c2ncn(C)n2)c1OC",
          "state_of_matter": "SOLID",
          "molecular_weight": 374.80488000000025,
          "density": 1.4,
          "mass": 374.80488000000025,
          "is_produced_by": [],
          "is_consumed_by": [
            "b7933778-e7a1-4e08-a777-ed66afa538cb"
          ],
          "provenance__density": "dummy estimator based on mw",
          "provenance__is_consumed_by": null,
          "provenance__is_produced_by": null,
          "provenance__mass": null,
          "provenance__molecular_weight": "periodic table",
          "provenance__smiles": null,
          "provenance__state_of_matter": "dummy estimator based on mw"
        }
      ],
      "reagents": [
        {
          "identifier": "c6ea1a72-531c-47cc-b995-64fa6a24e648",
          "smiles": "C1COCCO1",
          "state_of_matter": "LIQUID",
          "molecular_weight": 88.10512000000004,
          "density": 1.0,
          "mass": 88.10512000000004,
          "is_produced_by": [],
          "is_consumed_by": [
            "b7933778-e7a1-4e08-a777-ed66afa538cb"
          ],
          "provenance__density": "dummy estimator based on mw",
          "provenance__is_consumed_by": null,
          "provenance__is_produced_by": null,
          "provenance__mass": null,
          "provenance__molecular_weight": "periodic table",
          "provenance__smiles": null,
          "provenance__state_of_matter": "dummy estimator based on mw"
        },
        {
          "identifier": "2521f10c-4f94-47a7-9118-fa38101d56f1",
          "smiles": "[Pd]",
          "state_of_matter": "SOLID",
          "molecular_weight": 106.42,
          "density": 1.4,
          "mass": 106.42,
          "is_produced_by": [],
          "is_consumed_by": [
            "b7933778-e7a1-4e08-a777-ed66afa538cb"
          ],
          "provenance__density": "dummy estimator based on mw",
          "provenance__is_consumed_by": null,
          "provenance__is_produced_by": null,
          "provenance__mass": null,
          "provenance__molecular_weight": "periodic table",
          "provenance__smiles": null,
          "provenance__state_of_matter": "dummy estimator based on mw"
        },
        {
          "identifier": "7ed191bf-6af9-4ed8-877b-5d68e0d3a5dc",
          "smiles": "CC1(C)c2cccc(P(c3ccccc3)c3ccccc3)c2Oc2c(P(c3ccccc3)c3ccccc3)cccc21",
          "state_of_matter": "SOLID",
          "molecular_weight": 578.6183019999985,
          "density": 1.4,
          "mass": 578.6183019999985,
          "is_produced_by": [],
          "is_consumed_by": [
            "b7933778-e7a1-4e08-a777-ed66afa538cb"
          ],
          "provenance__density": "dummy estimator based on mw",
          "provenance__is_consumed_by": null,
          "provenance__is_produced_by": null,
          "provenance__mass": null,
          "provenance__molecular_weight": "periodic table",
          "provenance__smiles": null,
          "provenance__state_of_matter": "dummy estimator based on mw"
        },
        {
          "identifier": "c2dab94a-f32e-4e73-a82d-925e7e3a4926",
          "smiles": "O=C(O[Cs])O[Cs]",
          "state_of_matter": "SOLID",
          "molecular_weight": 325.8198,
          "density": 1.4,
          "mass": 325.8198,
          "is_produced_by": [],
          "is_consumed_by": [
            "b7933778-e7a1-4e08-a777-ed66afa538cb"
          ],
          "provenance__density": "dummy estimator based on mw",
          "provenance__is_consumed_by": null,
          "provenance__is_produced_by": null,
          "provenance__mass": null,
          "provenance__molecular_weight": "periodic table",
          "provenance__smiles": null,
          "provenance__state_of_matter": "dummy estimator based on mw"
        }
      ],
      "products": [
        {
          "identifier": "5011c3b7-dedc-4160-80b7-7dd02de2e639",
          "smiles": "CNC(=O)c1nnc(NC(C)=O)cc1Nc1cccc(-c2ncn(C)n2)c1OC",
          "state_of_matter": "SOLID",
          "molecular_weight": 397.41114000000033,
          "density": 1.4,
          "mass": 397.41114000000033,
          "is_produced_by": [
            "b7933778-e7a1-4e08-a777-ed66afa538cb"
          ],
          "is_consumed_by": [],
          "provenance__density": "dummy estimator based on mw",
          "provenance__is_consumed_by": null,
          "provenance__is_produced_by": null,
          "provenance__mass": null,
          "provenance__molecular_weight": "periodic table",
          "provenance__smiles": null,
          "provenance__state_of_matter": "dummy estimator based on mw"
        }
      ],
      "stoichiometry": {
        "43b15814-c100-48c0-95b4-bd5c9c39dd3a": 1.0,
        "89bef53d-5ced-4a6d-ba02-c47a6656bb66": 1.0,
        "5011c3b7-dedc-4160-80b7-7dd02de2e639": -1.0
      },
      "temperature": 361.9062446594238,
      "intended_ratios": {
        "43b15814-c100-48c0-95b4-bd5c9c39dd3a": 1.0,
        "89bef53d-5ced-4a6d-ba02-c47a6656bb66": 1.0,
        "c6ea1a72-531c-47cc-b995-64fa6a24e648": 1.0,
        "2521f10c-4f94-47a7-9118-fa38101d56f1": 1.0,
        "7ed191bf-6af9-4ed8-877b-5d68e0d3a5dc": 1.0,
        "c2dab94a-f32e-4e73-a82d-925e7e3a4926": 1.0
      },
      "expected_yields": {
        "5011c3b7-dedc-4160-80b7-7dd02de2e639": 1.0
      },
      "reaction_extent": 1.0
    },
    {
      "identifier": "86957915-22d6-4b3a-951d-1ec22c52bdac",
      "reactants": [
        {
          "identifier": "f2473fb0-49bf-4853-8286-f95daf22827e",
          "smiles": "CCOC(=O)CC(=O)N(C(=O)Cl)C(C)C",
          "state_of_matter": "SOLID",
          "molecular_weight": 235.66475999999983,
          "density": 1.4,
          "mass": 235.66475999999983,
          "is_produced_by": [],
          "is_consumed_by": [
            "86957915-22d6-4b3a-951d-1ec22c52bdac"
          ],
          "provenance__density": "dummy estimator based on mw",
          "provenance__is_consumed_by": null,
          "provenance__is_produced_by": null,
          "provenance__mass": null,
          "provenance__molecular_weight": "periodic table",
          "provenance__smiles": null,
          "provenance__state_of_matter": "dummy estimator based on mw"
        }
      ],
      "reagents": [
        {
          "identifier": "9aed4e60-911c-4a74-b2ff-e96e3f711b5c",
          "smiles": "ClCCl",
          "state_of_matter": "LIQUID",
          "molecular_weight": 84.93258000000002,
          "density": 1.0,
          "mass": 84.93258000000002,
          "is_produced_by": [],
          "is_consumed_by": [
            "86957915-22d6-4b3a-951d-1ec22c52bdac"
          ],
          "provenance__density": "dummy estimator based on mw",
          "provenance__is_consumed_by": null,
          "provenance__is_produced_by": null,
          "provenance__mass": null,
          "provenance__molecular_weight": "periodic table",
          "provenance__smiles": null,
          "provenance__state_of_matter": "dummy estimator based on mw"
        }
      ],
      "products": [
        {
          "identifier": "c33bf4c8-fb3f-49e2-851c-91e364bf3721",
          "smiles": "CCOC(=O)CC(=O)N(C(N)=O)C(C)C",
          "state_of_matter": "SOLID",
          "molecular_weight": 216.2343399999998,
          "density": 1.4,
          "mass": 216.2343399999998,
          "is_produced_by": [
            "86957915-22d6-4b3a-951d-1ec22c52bdac"
          ],
          "is_consumed_by": [],
          "provenance__density": "dummy estimator based on mw",
          "provenance__is_consumed_by": null,
          "provenance__is_produced_by": null,
          "provenance__mass": null,
          "provenance__molecular_weight": "periodic table",
          "provenance__smiles": null,
          "provenance__state_of_matter": "dummy estimator based on mw"
        }
      ],
      "stoichiometry": {
        "f2473fb0-49bf-4853-8286-f95daf22827e": 1.0,
        "c33bf4c8-fb3f-49e2-851c-91e364bf3721": -1.0
      },
      "temperature": 299.2253053843975,
      "intended_ratios": {
        "f2473fb0-49bf-4853-8286-f95daf22827e": 1.0,
        "9aed4e60-911c-4a74-b2ff-e96e3f711b5c": 1.0
      },
      "expected_yields": {
        "c33bf4c8-fb3f-49e2-851c-91e364bf3721": 1.0
      },
      "reaction_extent": 1.0
    },
    {
      "identifier": "d53c6737-a78f-40da-ab22-dfd7d8b3fea2",
      "reactants": [
        {
          "identifier": "583605bd-f8e8-4ef5-869a-61b0a4fb7bb0",
          "smiles": "CCOC(=O)CC(=O)N(C(N)=O)C(C)C",
          "state_of_matter": "SOLID",
          "molecular_weight": 216.2343399999998,
          "density": 1.4,
          "mass": 216.2343399999998,
          "is_produced_by": [],
          "is_consumed_by": [
            "d53c6737-a78f-40da-ab22-dfd7d8b3fea2"
          ],
          "provenance__density": "dummy estimator based on mw",
          "provenance__is_consumed_by": null,
          "provenance__is_produced_by": null,
          "provenance__mass": null,
          "provenance__molecular_weight": "periodic table",
          "provenance__smiles": null,
          "provenance__state_of_matter": "dummy estimator based on mw"
        }
      ],
      "reagents": [
        {
          "identifier": "9b4a722f-04f6-4521-a4d3-7f7724308550",
          "smiles": "CCO",
          "state_of_matter": "LIQUID",
          "molecular_weight": 46.06843999999999,
          "density": 1.0,
          "mass": 46.06843999999999,
          "is_produced_by": [],
          "is_consumed_by": [
            "d53c6737-a78f-40da-ab22-dfd7d8b3fea2"
          ],
          "provenance__density": "dummy estimator based on mw",
          "provenance__is_consumed_by": null,
          "provenance__is_produced_by": null,
          "provenance__mass": null,
          "provenance__molecular_weight": "periodic table",
          "provenance__smiles": null,
          "provenance__state_of_matter": "dummy estimator based on mw"
        },
        {
          "identifier": "2a19a665-eaac-41e4-9d72-a7b1c25b0465",
          "smiles": "CCO[Na]",
          "state_of_matter": "SOLID",
          "molecular_weight": 68.05027000000003,
          "density": 1.4,
          "mass": 68.05027000000003,
          "is_produced_by": [],
          "is_consumed_by": [
            "d53c6737-a78f-40da-ab22-dfd7d8b3fea2"
          ],
          "provenance__density": "dummy estimator based on mw",
          "provenance__is_consumed_by": null,
          "provenance__is_produced_by": null,
          "provenance__mass": null,
          "provenance__molecular_weight": "periodic table",
          "provenance__smiles": null,
          "provenance__state_of_matter": "dummy estimator based on mw"
        }
      ],
      "products": [
        {
          "identifier": "ce1da365-a474-44b0-adca-2a18dbc8f1ec",
          "smiles": "CC(C)N1C(=O)CC(=O)NC1=O",
          "state_of_matter": "LIQUID",
          "molecular_weight": 170.16589999999994,
          "density": 1.0,
          "mass": 170.16589999999994,
          "is_produced_by": [
            "d53c6737-a78f-40da-ab22-dfd7d8b3fea2"
          ],
          "is_consumed_by": [],
          "provenance__density": "dummy estimator based on mw",
          "provenance__is_consumed_by": null,
          "provenance__is_produced_by": null,
          "provenance__mass": null,
          "provenance__molecular_weight": "periodic table",
          "provenance__smiles": null,
          "provenance__state_of_matter": "dummy estimator based on mw"
        }
      ],
      "stoichiometry": {
        "583605bd-f8e8-4ef5-869a-61b0a4fb7bb0": 1.0,
        "ce1da365-a474-44b0-adca-2a18dbc8f1ec": -1.0
      },
      "temperature": 321.2602179586887,
      "intended_ratios": {
        "583605bd-f8e8-4ef5-869a-61b0a4fb7bb0": 1.0,
        "9b4a722f-04f6-4521-a4d3-7f7724308550": 1.0,
        "2a19a665-eaac-41e4-9d72-a7b1c25b0465": 1.0
      },
      "expected_yields": {
        "ce1da365-a474-44b0-adca-2a18dbc8f1ec": 1.0
      },
      "reaction_extent": 1.0
    },
    {
      "identifier": "d7bb69ea-d949-4a5e-ba04-0fe4ce83ced1",
      "reactants": [
        {
          "identifier": "0cd76425-9413-4914-9666-233ca1cd227f",
          "smiles": "CN",
          "state_of_matter": "LIQUID",
          "molecular_weight": 31.05710000000001,
          "density": 1.0,
          "mass": 31.05710000000001,
          "is_produced_by": [],
          "is_consumed_by": [
            "d7bb69ea-d949-4a5e-ba04-0fe4ce83ced1"
          ],
          "provenance__density": "dummy estimator based on mw",
          "provenance__is_consumed_by": null,
          "provenance__is_produced_by": null,
          "provenance__mass": null,
          "provenance__molecular_weight": "periodic table",
          "provenance__smiles": null,
          "provenance__state_of_matter": "dummy estimator based on mw"
        },
        {
          "identifier": "5a818b79-339b-46ed-af1d-1e5eb57aff4f",
          "smiles": "COC(=O)c1nnc(Cl)cc1Nc1cccc(-c2ncn(C)n2)c1OC",
          "state_of_matter": "SOLID",
          "molecular_weight": 375.7896400000002,
          "density": 1.4,
          "mass": 375.7896400000002,
          "is_produced_by": [],
          "is_consumed_by": [
            "d7bb69ea-d949-4a5e-ba04-0fe4ce83ced1"
          ],
          "provenance__density": "dummy estimator based on mw",
          "provenance__is_consumed_by": null,
          "provenance__is_produced_by": null,
          "provenance__mass": null,
          "provenance__molecular_weight": "periodic table",
          "provenance__smiles": null,
          "provenance__state_of_matter": "dummy estimator based on mw"
        }
      ],
      "reagents": [
        {
          "identifier": "80f150d8-8f30-4f6c-83a7-f219326f0aa5",
          "smiles": "C1CCOC1",
          "state_of_matter": "LIQUID",
          "molecular_weight": 72.10572000000005,
          "density": 1.0,
          "mass": 72.10572000000005,
          "is_produced_by": [],
          "is_consumed_by": [
            "d7bb69ea-d949-4a5e-ba04-0fe4ce83ced1"
          ],
          "provenance__density": "dummy estimator based on mw",
          "provenance__is_consumed_by": null,
          "provenance__is_produced_by": null,
          "provenance__mass": null,
          "provenance__molecular_weight": "periodic table",
          "provenance__smiles": null,
          "provenance__state_of_matter": "dummy estimator based on mw"
        },
        {
          "identifier": "3a9e0d9f-94f7-4150-b068-b54b638da909",
          "smiles": "[Li]N([Si](C)(C)C)[Si](C)(C)C",
          "state_of_matter": "SOLID",
          "molecular_weight": 167.3258199999998,
          "density": 1.4,
          "mass": 167.3258199999998,
          "is_produced_by": [],
          "is_consumed_by": [
            "d7bb69ea-d949-4a5e-ba04-0fe4ce83ced1"
          ],
          "provenance__density": "dummy estimator based on mw",
          "provenance__is_consumed_by": null,
          "provenance__is_produced_by": null,
          "provenance__mass": null,
          "provenance__molecular_weight": "periodic table",
          "provenance__smiles": null,
          "provenance__state_of_matter": "dummy estimator based on mw"
        }
      ],
      "products": [
        {
          "identifier": "8c8b8f35-a331-4313-a081-91462b17e7fd",
          "smiles": "CNC(=O)c1nnc(Cl)cc1Nc1cccc(-c2ncn(C)n2)c1OC",
          "state_of_matter": "SOLID",
          "molecular_weight": 374.80488000000025,
          "density": 1.4,
          "mass": 374.80488000000025,
          "is_produced_by": [
            "d7bb69ea-d949-4a5e-ba04-0fe4ce83ced1"
          ],
          "is_consumed_by": [],
          "provenance__density": "dummy estimator based on mw",
          "provenance__is_consumed_by": null,
          "provenance__is_produced_by": null,
          "provenance__mass": null,
          "provenance__molecular_weight": "periodic table",
          "provenance__smiles": null,
          "provenance__state_of_matter": "dummy estimator based on mw"
        }
      ],
      "stoichiometry": {
        "0cd76425-9413-4914-9666-233ca1cd227f": 1.0,
        "5a818b79-339b-46ed-af1d-1e5eb57aff4f": 1.0,
        "8c8b8f35-a331-4313-a081-91462b17e7fd": -1.0
      },
      "temperature": 235.2590293139219,
      "intended_ratios": {
        "0cd76425-9413-4914-9666-233ca1cd227f": 1.0,
        "5a818b79-339b-46ed-af1d-1e5eb57aff4f": 1.0,
        "80f150d8-8f30-4f6c-83a7-f219326f0aa5": 1.0,
        "3a9e0d9f-94f7-4150-b068-b54b638da909": 1.0
      },
      "expected_yields": {
        "8c8b8f35-a331-4313-a081-91462b17e7fd": 1.0
      },
      "reaction_extent": 1.0
    },
    {
      "identifier": "eadc0522-0d10-4456-ae9a-6dc9f62822f0",
      "reactants": [
        {
          "identifier": "3220badf-8b27-4236-86d1-6632aae57254",
          "smiles": "CN1CCN(c2ccc(C(=O)Cl)c(NC3CCOCC3)c2)CC1",
          "state_of_matter": "SOLID",
          "molecular_weight": 337.8443600000004,
          "density": 1.4,
          "mass": 337.8443600000004,
          "is_produced_by": [],
          "is_consumed_by": [
            "eadc0522-0d10-4456-ae9a-6dc9f62822f0"
          ],
          "provenance__density": "dummy estimator based on mw",
          "provenance__is_consumed_by": null,
          "provenance__is_produced_by": null,
          "provenance__mass": null,
          "provenance__molecular_weight": "periodic table",
          "provenance__smiles": null,
          "provenance__state_of_matter": "dummy estimator based on mw"
        },
        {
          "identifier": "71fb2226-658f-44eb-b709-43a3b5ebe8d9",
          "smiles": "Nc1n[nH]c2ccc(Cc3cc(F)cc(F)c3)cc12",
          "state_of_matter": "SOLID",
          "molecular_weight": 259.2540463999999,
          "density": 1.4,
          "mass": 259.2540463999999,
          "is_produced_by": [],
          "is_consumed_by": [
            "eadc0522-0d10-4456-ae9a-6dc9f62822f0"
          ],
          "provenance__density": "dummy estimator based on mw",
          "provenance__is_consumed_by": null,
          "provenance__is_produced_by": null,
          "provenance__mass": null,
          "provenance__molecular_weight": "periodic table",
          "provenance__smiles": null,
          "provenance__state_of_matter": "dummy estimator based on mw"
        }
      ],
      "reagents": [
        {
          "identifier": "47097b3e-dea6-4871-baf2-c348500d6369",
          "smiles": "ClCCl",
          "state_of_matter": "LIQUID",
          "molecular_weight": 84.93258000000002,
          "density": 1.0,
          "mass": 84.93258000000002,
          "is_produced_by": [],
          "is_consumed_by": [
            "eadc0522-0d10-4456-ae9a-6dc9f62822f0"
          ],
          "provenance__density": "dummy estimator based on mw",
          "provenance__is_consumed_by": null,
          "provenance__is_produced_by": null,
          "provenance__mass": null,
          "provenance__molecular_weight": "periodic table",
          "provenance__smiles": null,
          "provenance__state_of_matter": "dummy estimator based on mw"
        },
        {
          "identifier": "4933d0e8-a4b4-4bd6-9eae-88bec4ec7b42",
          "smiles": "c1ccncc1",
          "state_of_matter": "LIQUID",
          "molecular_weight": 79.09990000000003,
          "density": 1.0,
          "mass": 79.09990000000003,
          "is_produced_by": [],
          "is_consumed_by": [
            "eadc0522-0d10-4456-ae9a-6dc9f62822f0"
          ],
          "provenance__density": "dummy estimator based on mw",
          "provenance__is_consumed_by": null,
          "provenance__is_produced_by": null,
          "provenance__mass": null,
          "provenance__molecular_weight": "periodic table",
          "provenance__smiles": null,
          "provenance__state_of_matter": "dummy estimator based on mw"
        }
      ],
      "products": [
        {
          "identifier": "c834b8aa-8e80-436d-9705-f222c28752ee",
          "smiles": "CN1CCN(c2ccc(C(=O)Nc3n[nH]c4ccc(Cc5cc(F)cc(F)c5)cc34)c(NC3CCOCC3)c2)CC1",
          "state_of_matter": "SOLID",
          "molecular_weight": 560.6374663999984,
          "density": 1.4,
          "mass": 560.6374663999984,
          "is_produced_by": [
            "eadc0522-0d10-4456-ae9a-6dc9f62822f0"
          ],
          "is_consumed_by": [],
          "provenance__density": "dummy estimator based on mw",
          "provenance__is_consumed_by": null,
          "provenance__is_produced_by": null,
          "provenance__mass": null,
          "provenance__molecular_weight": "periodic table",
          "provenance__smiles": null,
          "provenance__state_of_matter": "dummy estimator based on mw"
        }
      ],
      "stoichiometry": {
        "3220badf-8b27-4236-86d1-6632aae57254": 1.0,
        "71fb2226-658f-44eb-b709-43a3b5ebe8d9": 1.0,
        "c834b8aa-8e80-436d-9705-f222c28752ee": -1.0
      },
      "temperature": 287.3701260745525,
      "intended_ratios": {
        "3220badf-8b27-4236-86d1-6632aae57254": 1.0,
        "71fb2226-658f-44eb-b709-43a3b5ebe8d9": 1.0,
        "47097b3e-dea6-4871-baf2-c348500d6369": 1.0,
        "4933d0e8-a4b4-4bd6-9eae-88bec4ec7b42": 1.0
      },
      "expected_yields": {
        "c834b8aa-8e80-436d-9705-f222c28752ee": 1.0
      },
      "reaction_extent": 1.0
    },
    {
      "identifier": "5f26f5d5-0042-40c6-ac85-5786a7abc8c7",
      "reactants": [
        {
          "identifier": "2078c530-154a-4beb-8688-936467c9a7e0",
          "smiles": "CN1CCN(c2ccc(C(=O)O)c(NC3CCOCC3)c2)CC1",
          "state_of_matter": "SOLID",
          "molecular_weight": 319.3987000000004,
          "density": 1.4,
          "mass": 319.3987000000004,
          "is_produced_by": [],
          "is_consumed_by": [
            "5f26f5d5-0042-40c6-ac85-5786a7abc8c7"
          ],
          "provenance__density": "dummy estimator based on mw",
          "provenance__is_consumed_by": null,
          "provenance__is_produced_by": null,
          "provenance__mass": null,
          "provenance__molecular_weight": "periodic table",
          "provenance__smiles": null,
          "provenance__state_of_matter": "dummy estimator based on mw"
        }
      ],
      "reagents": [
        {
          "identifier": "f4258941-ca84-47a7-bcea-9f124d6b2102",
          "smiles": "CN(C)C=O",
          "state_of_matter": "LIQUID",
          "molecular_weight": 73.09378000000004,
          "density": 1.0,
          "mass": 73.09378000000004,
          "is_produced_by": [],
          "is_consumed_by": [
            "5f26f5d5-0042-40c6-ac85-5786a7abc8c7"
          ],
          "provenance__density": "dummy estimator based on mw",
          "provenance__is_consumed_by": null,
          "provenance__is_produced_by": null,
          "provenance__mass": null,
          "provenance__molecular_weight": "periodic table",
          "provenance__smiles": null,
          "provenance__state_of_matter": "dummy estimator based on mw"
        },
        {
          "identifier": "b90cbd08-937c-4241-b6c9-a806d245ecab",
          "smiles": "ClCCl",
          "state_of_matter": "LIQUID",
          "molecular_weight": 84.93258000000002,
          "density": 1.0,
          "mass": 84.93258000000002,
          "is_produced_by": [],
          "is_consumed_by": [
            "5f26f5d5-0042-40c6-ac85-5786a7abc8c7"
          ],
          "provenance__density": "dummy estimator based on mw",
          "provenance__is_consumed_by": null,
          "provenance__is_produced_by": null,
          "provenance__mass": null,
          "provenance__molecular_weight": "periodic table",
          "provenance__smiles": null,
          "provenance__state_of_matter": "dummy estimator based on mw"
        },
        {
          "identifier": "e05978f1-ca7f-497f-855c-6bbb03c2dce5",
          "smiles": "O=C(Cl)C(=O)Cl",
          "state_of_matter": "LIQUID",
          "molecular_weight": 126.92620000000001,
          "density": 1.0,
          "mass": 126.92620000000001,
          "is_produced_by": [],
          "is_consumed_by": [
            "5f26f5d5-0042-40c6-ac85-5786a7abc8c7"
          ],
          "provenance__density": "dummy estimator based on mw",
          "provenance__is_consumed_by": null,
          "provenance__is_produced_by": null,
          "provenance__mass": null,
          "provenance__molecular_weight": "periodic table",
          "provenance__smiles": null,
          "provenance__state_of_matter": "dummy estimator based on mw"
        }
      ],
      "products": [
        {
          "identifier": "bc83dd82-6ddd-42ef-86b5-8996a5f6f130",
          "smiles": "CN1CCN(c2ccc(C(=O)Cl)c(NC3CCOCC3)c2)CC1",
          "state_of_matter": "SOLID",
          "molecular_weight": 337.8443600000004,
          "density": 1.4,
          "mass": 337.8443600000004,
          "is_produced_by": [
            "5f26f5d5-0042-40c6-ac85-5786a7abc8c7"
          ],
          "is_consumed_by": [],
          "provenance__density": "dummy estimator based on mw",
          "provenance__is_consumed_by": null,
          "provenance__is_produced_by": null,
          "provenance__mass": null,
          "provenance__molecular_weight": "periodic table",
          "provenance__smiles": null,
          "provenance__state_of_matter": "dummy estimator based on mw"
        }
      ],
      "stoichiometry": {
        "2078c530-154a-4beb-8688-936467c9a7e0": 1.0,
        "bc83dd82-6ddd-42ef-86b5-8996a5f6f130": -1.0
      },
      "temperature": 280.648934930563,
      "intended_ratios": {
        "2078c530-154a-4beb-8688-936467c9a7e0": 1.0,
        "f4258941-ca84-47a7-bcea-9f124d6b2102": 1.0,
        "b90cbd08-937c-4241-b6c9-a806d245ecab": 1.0,
        "e05978f1-ca7f-497f-855c-6bbb03c2dce5": 1.0
      },
      "expected_yields": {
        "bc83dd82-6ddd-42ef-86b5-8996a5f6f130": 1.0
      },
      "reaction_extent": 1.0
    },
    {
      "identifier": "48b4cba0-58a0-482b-92ee-85bc9490a5fd",
      "reactants": [
        {
          "identifier": "d449f419-58a3-48e1-ab61-2ba4aba42099",
          "smiles": "CN1CCNCC1",
          "state_of_matter": "LIQUID",
          "molecular_weight": 100.16218000000006,
          "density": 1.0,
          "mass": 100.16218000000006,
          "is_produced_by": [],
          "is_consumed_by": [
            "48b4cba0-58a0-482b-92ee-85bc9490a5fd"
          ],
          "provenance__density": "dummy estimator based on mw",
          "provenance__is_consumed_by": null,
          "provenance__is_produced_by": null,
          "provenance__mass": null,
          "provenance__molecular_weight": "periodic table",
          "provenance__smiles": null,
          "provenance__state_of_matter": "dummy estimator based on mw"
        },
        {
          "identifier": "16f8264b-d0af-4180-8d3c-f6112055a08a",
          "smiles": "O=C(O)c1ccc(Br)cc1NC1CCOCC1",
          "state_of_matter": "SOLID",
          "molecular_weight": 300.14846000000017,
          "density": 1.4,
          "mass": 300.14846000000017,
          "is_produced_by": [],
          "is_consumed_by": [
            "48b4cba0-58a0-482b-92ee-85bc9490a5fd"
          ],
          "provenance__density": "dummy estimator based on mw",
          "provenance__is_consumed_by": null,
          "provenance__is_produced_by": null,
          "provenance__mass": null,
          "provenance__molecular_weight": "periodic table",
          "provenance__smiles": null,
          "provenance__state_of_matter": "dummy estimator based on mw"
        }
      ],
      "reagents": [
        {
          "identifier": "1862ffd6-37d8-4e3b-b222-e0f1963ed905",
          "smiles": "[Pd]",
          "state_of_matter": "SOLID",
          "molecular_weight": 106.42,
          "density": 1.4,
          "mass": 106.42,
          "is_produced_by": [],
          "is_consumed_by": [
            "48b4cba0-58a0-482b-92ee-85bc9490a5fd"
          ],
          "provenance__density": "dummy estimator based on mw",
          "provenance__is_consumed_by": null,
          "provenance__is_produced_by": null,
          "provenance__mass": null,
          "provenance__molecular_weight": "periodic table",
          "provenance__smiles": null,
          "provenance__state_of_matter": "dummy estimator based on mw"
        },
        {
          "identifier": "10bac60b-585d-4526-9a67-ceccdac2fb98",
          "smiles": "CC(C)(C)O[Na]",
          "state_of_matter": "SOLID",
          "molecular_weight": 96.10343000000005,
          "density": 1.4,
          "mass": 96.10343000000005,
          "is_produced_by": [],
          "is_consumed_by": [
            "48b4cba0-58a0-482b-92ee-85bc9490a5fd"
          ],
          "provenance__density": "dummy estimator based on mw",
          "provenance__is_consumed_by": null,
          "provenance__is_produced_by": null,
          "provenance__mass": null,
          "provenance__molecular_weight": "periodic table",
          "provenance__smiles": null,
          "provenance__state_of_matter": "dummy estimator based on mw"
        },
        {
          "identifier": "c48f3c17-5922-4299-8d2b-cc5255bbd2bd",
          "smiles": "CC(C)c1cc(C(C)C)c(c2ccccc2P(C2CCCCC2)C2CCCCC2)c(C(C)C)c1",
          "state_of_matter": "SOLID",
          "molecular_weight": 476.71592100000066,
          "density": 1.4,
          "mass": 476.71592100000066,
          "is_produced_by": [],
          "is_consumed_by": [
            "48b4cba0-58a0-482b-92ee-85bc9490a5fd"
          ],
          "provenance__density": "dummy estimator based on mw",
          "provenance__is_consumed_by": null,
          "provenance__is_produced_by": null,
          "provenance__mass": null,
          "provenance__molecular_weight": "periodic table",
          "provenance__smiles": null,
          "provenance__state_of_matter": "dummy estimator based on mw"
        }
      ],
      "products": [
        {
          "identifier": "74cde948-9e5a-4462-bf8c-479db857aa46",
          "smiles": "CN1CCN(c2ccc(C(=O)O)c(NC3CCOCC3)c2)CC1",
          "state_of_matter": "SOLID",
          "molecular_weight": 319.3987000000004,
          "density": 1.4,
          "mass": 319.3987000000004,
          "is_produced_by": [
            "48b4cba0-58a0-482b-92ee-85bc9490a5fd"
          ],
          "is_consumed_by": [],
          "provenance__density": "dummy estimator based on mw",
          "provenance__is_consumed_by": null,
          "provenance__is_produced_by": null,
          "provenance__mass": null,
          "provenance__molecular_weight": "periodic table",
          "provenance__smiles": null,
          "provenance__state_of_matter": "dummy estimator based on mw"
        }
      ],
      "stoichiometry": {
        "d449f419-58a3-48e1-ab61-2ba4aba42099": 1.0,
        "16f8264b-d0af-4180-8d3c-f6112055a08a": 1.0,
        "74cde948-9e5a-4462-bf8c-479db857aa46": -1.0
      },
      "temperature": 357.50750684738153,
      "intended_ratios": {
        "d449f419-58a3-48e1-ab61-2ba4aba42099": 1.0,
        "16f8264b-d0af-4180-8d3c-f6112055a08a": 1.0,
        "1862ffd6-37d8-4e3b-b222-e0f1963ed905": 1.0,
        "10bac60b-585d-4526-9a67-ceccdac2fb98": 1.0,
        "c48f3c17-5922-4299-8d2b-cc5255bbd2bd": 1.0
      },
      "expected_yields": {
        "74cde948-9e5a-4462-bf8c-479db857aa46": 1.0
      },
      "reaction_extent": 1.0
    },
    {
      "identifier": "f04f8192-a6d1-4c16-bf49-4d676dd66d1d",
      "reactants": [
        {
          "identifier": "87f6bc3d-4360-41eb-906c-c9bca7af8e2c",
          "smiles": "CNC(=O)c1nnc(N)cc1Nc1cccc(-c2ncn(C)n2)c1OC",
          "state_of_matter": "SOLID",
          "molecular_weight": 355.3744600000003,
          "density": 1.4,
          "mass": 355.3744600000003,
          "is_produced_by": [],
          "is_consumed_by": [
            "f04f8192-a6d1-4c16-bf49-4d676dd66d1d"
          ],
          "provenance__density": "dummy estimator based on mw",
          "provenance__is_consumed_by": null,
          "provenance__is_produced_by": null,
          "provenance__mass": null,
          "provenance__molecular_weight": "periodic table",
          "provenance__smiles": null,
          "provenance__state_of_matter": "dummy estimator based on mw"
        },
        {
          "identifier": "05609d05-6309-4d2c-af70-e239572b5144",
          "smiles": "O=C(O)C1CC1",
          "state_of_matter": "LIQUID",
          "molecular_weight": 86.08924000000003,
          "density": 1.0,
          "mass": 86.08924000000003,
          "is_produced_by": [],
          "is_consumed_by": [
            "f04f8192-a6d1-4c16-bf49-4d676dd66d1d"
          ],
          "provenance__density": "dummy estimator based on mw",
          "provenance__is_consumed_by": null,
          "provenance__is_produced_by": null,
          "provenance__mass": null,
          "provenance__molecular_weight": "periodic table",
          "provenance__smiles": null,
          "provenance__state_of_matter": "dummy estimator based on mw"
        }
      ],
      "reagents": [
        {
          "identifier": "85596e2d-db69-4c1b-b4e9-80fbeea4e18d",
          "smiles": "CN(C)C=O",
          "state_of_matter": "LIQUID",
          "molecular_weight": 73.09378000000004,
          "density": 1.0,
          "mass": 73.09378000000004,
          "is_produced_by": [],
          "is_consumed_by": [
            "f04f8192-a6d1-4c16-bf49-4d676dd66d1d"
          ],
          "provenance__density": "dummy estimator based on mw",
          "provenance__is_consumed_by": null,
          "provenance__is_produced_by": null,
          "provenance__mass": null,
          "provenance__molecular_weight": "periodic table",
          "provenance__smiles": null,
          "provenance__state_of_matter": "dummy estimator based on mw"
        },
        {
          "identifier": "0360d6e5-b92a-4981-b4f2-7bba7a3d854e",
          "smiles": "CN(C)C(On1nnc2cccnc21)=[N+](C)C.F[P-](F)(F)(F)(F)F",
          "state_of_matter": "SOLID",
          "molecular_weight": 381.2378202000002,
          "density": 1.4,
          "mass": 381.2378202000002,
          "is_produced_by": [],
          "is_consumed_by": [
            "f04f8192-a6d1-4c16-bf49-4d676dd66d1d"
          ],
          "provenance__density": "dummy estimator based on mw",
          "provenance__is_consumed_by": null,
          "provenance__is_produced_by": null,
          "provenance__mass": null,
          "provenance__molecular_weight": "periodic table",
          "provenance__smiles": null,
          "provenance__state_of_matter": "dummy estimator based on mw"
        },
        {
          "identifier": "b849b115-6837-4d7b-a6f4-2cde17ea06d6",
          "smiles": "CCN(C(C)C)C(C)C",
          "state_of_matter": "LIQUID",
          "molecular_weight": 129.24316000000007,
          "density": 1.0,
          "mass": 129.24316000000007,
          "is_produced_by": [],
          "is_consumed_by": [
            "f04f8192-a6d1-4c16-bf49-4d676dd66d1d"
          ],
          "provenance__density": "dummy estimator based on mw",
          "provenance__is_consumed_by": null,
          "provenance__is_produced_by": null,
          "provenance__mass": null,
          "provenance__molecular_weight": "periodic table",
          "provenance__smiles": null,
          "provenance__state_of_matter": "dummy estimator based on mw"
        }
      ],
      "products": [
        {
          "identifier": "7c878138-8d31-4af5-b255-51c6ee6d4aa3",
          "smiles": "CNC(=O)c1nnc(NC(=O)C2CC2)cc1Nc1cccc(-c2ncn(C)n2)c1OC",
          "state_of_matter": "SOLID",
          "molecular_weight": 423.44842000000034,
          "density": 1.4,
          "mass": 423.44842000000034,
          "is_produced_by": [
            "f04f8192-a6d1-4c16-bf49-4d676dd66d1d"
          ],
          "is_consumed_by": [],
          "provenance__density": "dummy estimator based on mw",
          "provenance__is_consumed_by": null,
          "provenance__is_produced_by": null,
          "provenance__mass": null,
          "provenance__molecular_weight": "periodic table",
          "provenance__smiles": null,
          "provenance__state_of_matter": "dummy estimator based on mw"
        }
      ],
      "stoichiometry": {
        "87f6bc3d-4360-41eb-906c-c9bca7af8e2c": 1.0,
        "05609d05-6309-4d2c-af70-e239572b5144": 1.0,
        "7c878138-8d31-4af5-b255-51c6ee6d4aa3": -1.0
      },
      "temperature": 292.6367393374443,
      "intended_ratios": {
        "87f6bc3d-4360-41eb-906c-c9bca7af8e2c": 1.0,
        "05609d05-6309-4d2c-af70-e239572b5144": 1.0,
        "85596e2d-db69-4c1b-b4e9-80fbeea4e18d": 1.0,
        "0360d6e5-b92a-4981-b4f2-7bba7a3d854e": 1.0,
        "b849b115-6837-4d7b-a6f4-2cde17ea06d6": 1.0
      },
      "expected_yields": {
        "7c878138-8d31-4af5-b255-51c6ee6d4aa3": 1.0
      },
      "reaction_extent": 1.0
    },
    {
      "identifier": "ec079f0f-14f4-4236-927e-61045d36895c",
      "reactants": [
        {
          "identifier": "e16601c9-9c0c-40a5-9e48-ec32f855eec9",
          "smiles": "CNC(=O)c1nnc(NC(C)=O)cc1Nc1cccc(-c2ncn(C)n2)c1OC",
          "state_of_matter": "SOLID",
          "molecular_weight": 397.41114000000033,
          "density": 1.4,
          "mass": 397.41114000000033,
          "is_produced_by": [],
          "is_consumed_by": [
            "ec079f0f-14f4-4236-927e-61045d36895c"
          ],
          "provenance__density": "dummy estimator based on mw",
          "provenance__is_consumed_by": null,
          "provenance__is_produced_by": null,
          "provenance__mass": null,
          "provenance__molecular_weight": "periodic table",
          "provenance__smiles": null,
          "provenance__state_of_matter": "dummy estimator based on mw"
        }
      ],
      "reagents": [
        {
          "identifier": "97a25400-2dbc-440b-8bab-9054c997e4ff",
          "smiles": "CO",
          "state_of_matter": "LIQUID",
          "molecular_weight": 32.04186000000001,
          "density": 1.0,
          "mass": 32.04186000000001,
          "is_produced_by": [],
          "is_consumed_by": [
            "ec079f0f-14f4-4236-927e-61045d36895c"
          ],
          "provenance__density": "dummy estimator based on mw",
          "provenance__is_consumed_by": null,
          "provenance__is_produced_by": null,
          "provenance__mass": null,
          "provenance__molecular_weight": "periodic table",
          "provenance__smiles": null,
          "provenance__state_of_matter": "dummy estimator based on mw"
        }
      ],
      "products": [
        {
          "identifier": "4fd56359-dc90-4e43-b18a-7d7b7b1cb396",
          "smiles": "CNC(=O)c1nnc(N)cc1Nc1cccc(-c2ncn(C)n2)c1OC",
          "state_of_matter": "SOLID",
          "molecular_weight": 355.3744600000003,
          "density": 1.4,
          "mass": 355.3744600000003,
          "is_produced_by": [
            "ec079f0f-14f4-4236-927e-61045d36895c"
          ],
          "is_consumed_by": [],
          "provenance__density": "dummy estimator based on mw",
          "provenance__is_consumed_by": null,
          "provenance__is_produced_by": null,
          "provenance__mass": null,
          "provenance__molecular_weight": "periodic table",
          "provenance__smiles": null,
          "provenance__state_of_matter": "dummy estimator based on mw"
        }
      ],
      "stoichiometry": {
        "e16601c9-9c0c-40a5-9e48-ec32f855eec9": 1.0,
        "4fd56359-dc90-4e43-b18a-7d7b7b1cb396": -1.0
      },
      "temperature": 300.69668526649474,
      "intended_ratios": {
        "e16601c9-9c0c-40a5-9e48-ec32f855eec9": 1.0,
        "97a25400-2dbc-440b-8bab-9054c997e4ff": 1.0
      },
      "expected_yields": {
        "4fd56359-dc90-4e43-b18a-7d7b7b1cb396": 1.0
      },
      "reaction_extent": 1.0
    },
    {
      "identifier": "d6701c08-cd94-494f-86d1-16b36a30fbed",
      "reactants": [
        {
          "identifier": "a4d425e1-2886-450e-88ca-8b557f60f814",
          "smiles": "COC(=O)c1nnc(Cl)cc1Cl",
          "state_of_matter": "SOLID",
          "molecular_weight": 207.01415999999992,
          "density": 1.4,
          "mass": 207.01415999999992,
          "is_produced_by": [],
          "is_consumed_by": [
            "d6701c08-cd94-494f-86d1-16b36a30fbed"
          ],
          "provenance__density": "dummy estimator based on mw",
          "provenance__is_consumed_by": null,
          "provenance__is_produced_by": null,
          "provenance__mass": null,
          "provenance__molecular_weight": "periodic table",
          "provenance__smiles": null,
          "provenance__state_of_matter": "dummy estimator based on mw"
        },
        {
          "identifier": "22d4dcb3-9938-4c3a-86a3-e8f908998bd7",
          "smiles": "COc1c(N)cccc1-c1ncn(C)n1",
          "state_of_matter": "SOLID",
          "molecular_weight": 205.2364199999999,
          "density": 1.4,
          "mass": 205.2364199999999,
          "is_produced_by": [],
          "is_consumed_by": [
            "d6701c08-cd94-494f-86d1-16b36a30fbed"
          ],
          "provenance__density": "dummy estimator based on mw",
          "provenance__is_consumed_by": null,
          "provenance__is_produced_by": null,
          "provenance__mass": null,
          "provenance__molecular_weight": "periodic table",
          "provenance__smiles": null,
          "provenance__state_of_matter": "dummy estimator based on mw"
        }
      ],
      "reagents": [
        {
          "identifier": "c554f711-9d55-4676-95b0-c4ca61d5cb6b",
          "smiles": "C1CCOC1",
          "state_of_matter": "LIQUID",
          "molecular_weight": 72.10572000000005,
          "density": 1.0,
          "mass": 72.10572000000005,
          "is_produced_by": [],
          "is_consumed_by": [
            "d6701c08-cd94-494f-86d1-16b36a30fbed"
          ],
          "provenance__density": "dummy estimator based on mw",
          "provenance__is_consumed_by": null,
          "provenance__is_produced_by": null,
          "provenance__mass": null,
          "provenance__molecular_weight": "periodic table",
          "provenance__smiles": null,
          "provenance__state_of_matter": "dummy estimator based on mw"
        },
        {
          "identifier": "f4d1d681-c9c4-4d29-ba08-4c89243f33e6",
          "smiles": "[Li]N([Si](C)(C)C)[Si](C)(C)C",
          "state_of_matter": "SOLID",
          "molecular_weight": 167.3258199999998,
          "density": 1.4,
          "mass": 167.3258199999998,
          "is_produced_by": [],
          "is_consumed_by": [
            "d6701c08-cd94-494f-86d1-16b36a30fbed"
          ],
          "provenance__density": "dummy estimator based on mw",
          "provenance__is_consumed_by": null,
          "provenance__is_produced_by": null,
          "provenance__mass": null,
          "provenance__molecular_weight": "periodic table",
          "provenance__smiles": null,
          "provenance__state_of_matter": "dummy estimator based on mw"
        }
      ],
      "products": [
        {
          "identifier": "a9242940-9dbe-43cb-a0db-a26eb207cae2",
          "smiles": "COC(=O)c1nnc(Cl)cc1Nc1cccc(-c2ncn(C)n2)c1OC",
          "state_of_matter": "SOLID",
          "molecular_weight": 375.7896400000002,
          "density": 1.4,
          "mass": 375.7896400000002,
          "is_produced_by": [
            "d6701c08-cd94-494f-86d1-16b36a30fbed"
          ],
          "is_consumed_by": [],
          "provenance__density": "dummy estimator based on mw",
          "provenance__is_consumed_by": null,
          "provenance__is_produced_by": null,
          "provenance__mass": null,
          "provenance__molecular_weight": "periodic table",
          "provenance__smiles": null,
          "provenance__state_of_matter": "dummy estimator based on mw"
        }
      ],
      "stoichiometry": {
        "a4d425e1-2886-450e-88ca-8b557f60f814": 1.0,
        "22d4dcb3-9938-4c3a-86a3-e8f908998bd7": 1.0,
        "a9242940-9dbe-43cb-a0db-a26eb207cae2": -1.0
      },
      "temperature": 277.9126183569431,
      "intended_ratios": {
        "a4d425e1-2886-450e-88ca-8b557f60f814": 1.0,
        "22d4dcb3-9938-4c3a-86a3-e8f908998bd7": 1.0,
        "c554f711-9d55-4676-95b0-c4ca61d5cb6b": 1.0,
        "f4d1d681-c9c4-4d29-ba08-4c89243f33e6": 1.0
      },
      "expected_yields": {
        "a9242940-9dbe-43cb-a0db-a26eb207cae2": 1.0
      },
      "reaction_extent": 1.0
    },
    {
      "identifier": "e2171d2b-2b91-45eb-a8ee-4a52d848a012",
      "reactants": [
        {
          "identifier": "9241c478-77b7-4288-85b4-33422a5f96a8",
          "smiles": "N#Cc1cc(Br)ccc1F",
          "state_of_matter": "SOLID",
          "molecular_weight": 200.00782319999993,
          "density": 1.4,
          "mass": 200.00782319999993,
          "is_produced_by": [],
          "is_consumed_by": [
            "e2171d2b-2b91-45eb-a8ee-4a52d848a012"
          ],
          "provenance__density": "dummy estimator based on mw",
          "provenance__is_consumed_by": null,
          "provenance__is_produced_by": null,
          "provenance__mass": null,
          "provenance__molecular_weight": "periodic table",
          "provenance__smiles": null,
          "provenance__state_of_matter": "dummy estimator based on mw"
        },
        {
          "identifier": "09dafff2-176f-4785-9f1d-8b6e9753d800",
          "smiles": "O=Cc1cc(F)cc(F)c1",
          "state_of_matter": "LIQUID",
          "molecular_weight": 142.10286639999998,
          "density": 1.0,
          "mass": 142.10286639999998,
          "is_produced_by": [],
          "is_consumed_by": [
            "e2171d2b-2b91-45eb-a8ee-4a52d848a012"
          ],
          "provenance__density": "dummy estimator based on mw",
          "provenance__is_consumed_by": null,
          "provenance__is_produced_by": null,
          "provenance__mass": null,
          "provenance__molecular_weight": "periodic table",
          "provenance__smiles": null,
          "provenance__state_of_matter": "dummy estimator based on mw"
        }
      ],
      "reagents": [
        {
          "identifier": "938b74bb-db5f-45c2-8842-b3245e17feb3",
          "smiles": "C1CCOC1",
          "state_of_matter": "LIQUID",
          "molecular_weight": 72.10572000000005,
          "density": 1.0,
          "mass": 72.10572000000005,
          "is_produced_by": [],
          "is_consumed_by": [
            "e2171d2b-2b91-45eb-a8ee-4a52d848a012"
          ],
          "provenance__density": "dummy estimator based on mw",
          "provenance__is_consumed_by": null,
          "provenance__is_produced_by": null,
          "provenance__mass": null,
          "provenance__molecular_weight": "periodic table",
          "provenance__smiles": null,
          "provenance__state_of_matter": "dummy estimator based on mw"
        },
        {
          "identifier": "864a4554-ed4f-4949-8866-1193324e0fad",
          "smiles": "[Li]CCCC",
          "state_of_matter": "SOLID",
          "molecular_weight": 64.05525999999999,
          "density": 1.4,
          "mass": 64.05525999999999,
          "is_produced_by": [],
          "is_consumed_by": [
            "e2171d2b-2b91-45eb-a8ee-4a52d848a012"
          ],
          "provenance__density": "dummy estimator based on mw",
          "provenance__is_consumed_by": null,
          "provenance__is_produced_by": null,
          "provenance__mass": null,
          "provenance__molecular_weight": "periodic table",
          "provenance__smiles": null,
          "provenance__state_of_matter": "dummy estimator based on mw"
        }
      ],
      "products": [
        {
          "identifier": "f22cf8d8-d112-4d9d-ad9a-874e82c80800",
          "smiles": "N#Cc1cc(C(O)c2cc(F)cc(F)c2)ccc1F",
          "state_of_matter": "SOLID",
          "molecular_weight": 263.2146296,
          "density": 1.4,
          "mass": 263.2146296,
          "is_produced_by": [
            "e2171d2b-2b91-45eb-a8ee-4a52d848a012"
          ],
          "is_consumed_by": [],
          "provenance__density": "dummy estimator based on mw",
          "provenance__is_consumed_by": null,
          "provenance__is_produced_by": null,
          "provenance__mass": null,
          "provenance__molecular_weight": "periodic table",
          "provenance__smiles": null,
          "provenance__state_of_matter": "dummy estimator based on mw"
        }
      ],
      "stoichiometry": {
        "9241c478-77b7-4288-85b4-33422a5f96a8": 1.0,
        "09dafff2-176f-4785-9f1d-8b6e9753d800": 1.0,
        "f22cf8d8-d112-4d9d-ad9a-874e82c80800": -1.0
      },
      "temperature": 229.77050590217112,
      "intended_ratios": {
        "9241c478-77b7-4288-85b4-33422a5f96a8": 1.0,
        "09dafff2-176f-4785-9f1d-8b6e9753d800": 1.0,
        "938b74bb-db5f-45c2-8842-b3245e17feb3": 1.0,
        "864a4554-ed4f-4949-8866-1193324e0fad": 1.0
      },
      "expected_yields": {
        "f22cf8d8-d112-4d9d-ad9a-874e82c80800": 1.0
      },
      "reaction_extent": 1.0
    },
    {
      "identifier": "339312e4-e390-4022-a0bf-60d8f25a7cdf",
      "reactants": [
        {
          "identifier": "2c1859fc-3a8a-4c32-a4bc-70a72c67e5f5",
          "smiles": "N#Cc1cc(C(O)c2cc(F)cc(F)c2)ccc1F",
          "state_of_matter": "SOLID",
          "molecular_weight": 263.2146296,
          "density": 1.4,
          "mass": 263.2146296,
          "is_produced_by": [],
          "is_consumed_by": [
            "339312e4-e390-4022-a0bf-60d8f25a7cdf"
          ],
          "provenance__density": "dummy estimator based on mw",
          "provenance__is_consumed_by": null,
          "provenance__is_produced_by": null,
          "provenance__mass": null,
          "provenance__molecular_weight": "periodic table",
          "provenance__smiles": null,
          "provenance__state_of_matter": "dummy estimator based on mw"
        }
      ],
      "reagents": [
        {
          "identifier": "9df3e9f2-fe61-4035-a92a-67c6d9da5ac3",
          "smiles": "CO",
          "state_of_matter": "LIQUID",
          "molecular_weight": 32.04186000000001,
          "density": 1.0,
          "mass": 32.04186000000001,
          "is_produced_by": [],
          "is_consumed_by": [
            "339312e4-e390-4022-a0bf-60d8f25a7cdf"
          ],
          "provenance__density": "dummy estimator based on mw",
          "provenance__is_consumed_by": null,
          "provenance__is_produced_by": null,
          "provenance__mass": null,
          "provenance__molecular_weight": "periodic table",
          "provenance__smiles": null,
          "provenance__state_of_matter": "dummy estimator based on mw"
        },
        {
          "identifier": "ab395342-9e4b-4645-af9e-b46443065597",
          "smiles": "[Pd]",
          "state_of_matter": "SOLID",
          "molecular_weight": 106.42,
          "density": 1.4,
          "mass": 106.42,
          "is_produced_by": [],
          "is_consumed_by": [
            "339312e4-e390-4022-a0bf-60d8f25a7cdf"
          ],
          "provenance__density": "dummy estimator based on mw",
          "provenance__is_consumed_by": null,
          "provenance__is_produced_by": null,
          "provenance__mass": null,
          "provenance__molecular_weight": "periodic table",
          "provenance__smiles": null,
          "provenance__state_of_matter": "dummy estimator based on mw"
        }
      ],
      "products": [
        {
          "identifier": "2e7ef9c5-5ea7-4317-a432-5ab9fce6a8b3",
          "smiles": "N#Cc1cc(Cc2cc(F)cc(F)c2)ccc1F",
          "state_of_matter": "SOLID",
          "molecular_weight": 247.21522959999982,
          "density": 1.4,
          "mass": 247.21522959999982,
          "is_produced_by": [
            "339312e4-e390-4022-a0bf-60d8f25a7cdf"
          ],
          "is_consumed_by": [],
          "provenance__density": "dummy estimator based on mw",
          "provenance__is_consumed_by": null,
          "provenance__is_produced_by": null,
          "provenance__mass": null,
          "provenance__molecular_weight": "periodic table",
          "provenance__smiles": null,
          "provenance__state_of_matter": "dummy estimator based on mw"
        }
      ],
      "stoichiometry": {
        "2c1859fc-3a8a-4c32-a4bc-70a72c67e5f5": 1.0,
        "2e7ef9c5-5ea7-4317-a432-5ab9fce6a8b3": -1.0
      },
      "temperature": 297.74259392023083,
      "intended_ratios": {
        "2c1859fc-3a8a-4c32-a4bc-70a72c67e5f5": 1.0,
        "9df3e9f2-fe61-4035-a92a-67c6d9da5ac3": 1.0,
        "ab395342-9e4b-4645-af9e-b46443065597": 1.0
      },
      "expected_yields": {
        "2e7ef9c5-5ea7-4317-a432-5ab9fce6a8b3": 1.0
      },
      "reaction_extent": 1.0
    },
    {
      "identifier": "18ab7575-6a3d-48fa-9274-aabce3291405",
      "reactants": [
        {
          "identifier": "757f94f7-2b7b-4ac3-a2d2-c373e2b313d7",
          "smiles": "N#Cc1cc(Cc2cc(F)cc(F)c2)ccc1F",
          "state_of_matter": "SOLID",
          "molecular_weight": 247.21522959999982,
          "density": 1.4,
          "mass": 247.21522959999982,
          "is_produced_by": [],
          "is_consumed_by": [
            "18ab7575-6a3d-48fa-9274-aabce3291405"
          ],
          "provenance__density": "dummy estimator based on mw",
          "provenance__is_consumed_by": null,
          "provenance__is_produced_by": null,
          "provenance__mass": null,
          "provenance__molecular_weight": "periodic table",
          "provenance__smiles": null,
          "provenance__state_of_matter": "dummy estimator based on mw"
        }
      ],
      "reagents": [
        {
          "identifier": "3ad751e7-deaf-45e0-9afd-54facf1308e4",
          "smiles": "O",
          "state_of_matter": "LIQUID",
          "molecular_weight": 18.01528,
          "density": 1.0,
          "mass": 18.01528,
          "is_produced_by": [],
          "is_consumed_by": [
            "18ab7575-6a3d-48fa-9274-aabce3291405"
          ],
          "provenance__density": "dummy estimator based on mw",
          "provenance__is_consumed_by": null,
          "provenance__is_produced_by": null,
          "provenance__mass": null,
          "provenance__molecular_weight": "periodic table",
          "provenance__smiles": null,
          "provenance__state_of_matter": "dummy estimator based on mw"
        },
        {
          "identifier": "77da4181-bbc7-43a9-bf67-4e7756ccc431",
          "smiles": "CCOC(C)=O",
          "state_of_matter": "LIQUID",
          "molecular_weight": 88.10512000000004,
          "density": 1.0,
          "mass": 88.10512000000004,
          "is_produced_by": [],
          "is_consumed_by": [
            "18ab7575-6a3d-48fa-9274-aabce3291405"
          ],
          "provenance__density": "dummy estimator based on mw",
          "provenance__is_consumed_by": null,
          "provenance__is_produced_by": null,
          "provenance__mass": null,
          "provenance__molecular_weight": "periodic table",
          "provenance__smiles": null,
          "provenance__state_of_matter": "dummy estimator based on mw"
        },
        {
          "identifier": "9bbb91bc-3747-43c9-a520-4434fdeea9f6",
          "smiles": "CCCCO",
          "state_of_matter": "LIQUID",
          "molecular_weight": 74.12160000000004,
          "density": 1.0,
          "mass": 74.12160000000004,
          "is_produced_by": [],
          "is_consumed_by": [
            "18ab7575-6a3d-48fa-9274-aabce3291405"
          ],
          "provenance__density": "dummy estimator based on mw",
          "provenance__is_consumed_by": null,
          "provenance__is_produced_by": null,
          "provenance__mass": null,
          "provenance__molecular_weight": "periodic table",
          "provenance__smiles": null,
          "provenance__state_of_matter": "dummy estimator based on mw"
        }
      ],
      "products": [
        {
          "identifier": "01d8ef71-4e66-447e-921e-24410e05c251",
          "smiles": "Nc1n[nH]c2ccc(Cc3cc(F)cc(F)c3)cc12",
          "state_of_matter": "SOLID",
          "molecular_weight": 259.2540463999999,
          "density": 1.4,
          "mass": 259.2540463999999,
          "is_produced_by": [
            "18ab7575-6a3d-48fa-9274-aabce3291405"
          ],
          "is_consumed_by": [],
          "provenance__density": "dummy estimator based on mw",
          "provenance__is_consumed_by": null,
          "provenance__is_produced_by": null,
          "provenance__mass": null,
          "provenance__molecular_weight": "periodic table",
          "provenance__smiles": null,
          "provenance__state_of_matter": "dummy estimator based on mw"
        }
      ],
      "stoichiometry": {
        "757f94f7-2b7b-4ac3-a2d2-c373e2b313d7": 1.0,
        "01d8ef71-4e66-447e-921e-24410e05c251": -1.0
      },
      "temperature": 379.059687513113,
      "intended_ratios": {
        "757f94f7-2b7b-4ac3-a2d2-c373e2b313d7": 1.0,
        "3ad751e7-deaf-45e0-9afd-54facf1308e4": 1.0,
        "77da4181-bbc7-43a9-bf67-4e7756ccc431": 1.0,
        "9bbb91bc-3747-43c9-a520-4434fdeea9f6": 1.0
      },
      "expected_yields": {
        "01d8ef71-4e66-447e-921e-24410e05c251": 1.0
      },
      "reaction_extent": 1.0
    },
    {
      "identifier": "635e37ee-f13c-4997-9664-bfb80fd97d02",
      "reactants": [
        {
          "identifier": "5b24e52f-8803-47d3-8d83-1b816a3d08a8",
          "smiles": "Nc1cc(Br)ccc1C(=O)O",
          "state_of_matter": "SOLID",
          "molecular_weight": 216.03203999999994,
          "density": 1.4,
          "mass": 216.03203999999994,
          "is_produced_by": [],
          "is_consumed_by": [
            "635e37ee-f13c-4997-9664-bfb80fd97d02"
          ],
          "provenance__density": "dummy estimator based on mw",
          "provenance__is_consumed_by": null,
          "provenance__is_produced_by": null,
          "provenance__mass": null,
          "provenance__molecular_weight": "periodic table",
          "provenance__smiles": null,
          "provenance__state_of_matter": "dummy estimator based on mw"
        },
        {
          "identifier": "430a9fd7-5f87-44a0-a921-7a6d19bec9ba",
          "smiles": "O=C1CCOCC1",
          "state_of_matter": "LIQUID",
          "molecular_weight": 100.11582000000004,
          "density": 1.0,
          "mass": 100.11582000000004,
          "is_produced_by": [],
          "is_consumed_by": [
            "635e37ee-f13c-4997-9664-bfb80fd97d02"
          ],
          "provenance__density": "dummy estimator based on mw",
          "provenance__is_consumed_by": null,
          "provenance__is_produced_by": null,
          "provenance__mass": null,
          "provenance__molecular_weight": "periodic table",
          "provenance__smiles": null,
          "provenance__state_of_matter": "dummy estimator based on mw"
        }
      ],
      "reagents": [
        {
          "identifier": "76092719-d1b6-463e-8c54-cfb3bcf06c46",
          "smiles": "ClCCl",
          "state_of_matter": "LIQUID",
          "molecular_weight": 84.93258000000002,
          "density": 1.0,
          "mass": 84.93258000000002,
          "is_produced_by": [],
          "is_consumed_by": [
            "635e37ee-f13c-4997-9664-bfb80fd97d02"
          ],
          "provenance__density": "dummy estimator based on mw",
          "provenance__is_consumed_by": null,
          "provenance__is_produced_by": null,
          "provenance__mass": null,
          "provenance__molecular_weight": "periodic table",
          "provenance__smiles": null,
          "provenance__state_of_matter": "dummy estimator based on mw"
        },
        {
          "identifier": "a796a368-3d07-4d70-8cdc-56e6a6bb950a",
          "smiles": "CC(=O)O[BH-](OC(C)=O)OC(C)=O.[Na+]",
          "state_of_matter": "SOLID",
          "molecular_weight": 211.94076999999987,
          "density": 1.4,
          "mass": 211.94076999999987,
          "is_produced_by": [],
          "is_consumed_by": [
            "635e37ee-f13c-4997-9664-bfb80fd97d02"
          ],
          "provenance__density": "dummy estimator based on mw",
          "provenance__is_consumed_by": null,
          "provenance__is_produced_by": null,
          "provenance__mass": null,
          "provenance__molecular_weight": "periodic table",
          "provenance__smiles": null,
          "provenance__state_of_matter": "dummy estimator based on mw"
        },
        {
          "identifier": "19787e15-1b15-45b9-b03e-cfea85531477",
          "smiles": "CC(=O)O",
          "state_of_matter": "LIQUID",
          "molecular_weight": 60.051959999999994,
          "density": 1.0,
          "mass": 60.051959999999994,
          "is_produced_by": [],
          "is_consumed_by": [
            "635e37ee-f13c-4997-9664-bfb80fd97d02"
          ],
          "provenance__density": "dummy estimator based on mw",
          "provenance__is_consumed_by": null,
          "provenance__is_produced_by": null,
          "provenance__mass": null,
          "provenance__molecular_weight": "periodic table",
          "provenance__smiles": null,
          "provenance__state_of_matter": "dummy estimator based on mw"
        }
      ],
      "products": [
        {
          "identifier": "39db7a23-3160-499f-b111-cc381fcd1587",
          "smiles": "O=C(O)c1ccc(Br)cc1NC1CCOCC1",
          "state_of_matter": "SOLID",
          "molecular_weight": 300.14846000000017,
          "density": 1.4,
          "mass": 300.14846000000017,
          "is_produced_by": [
            "635e37ee-f13c-4997-9664-bfb80fd97d02"
          ],
          "is_consumed_by": [],
          "provenance__density": "dummy estimator based on mw",
          "provenance__is_consumed_by": null,
          "provenance__is_produced_by": null,
          "provenance__mass": null,
          "provenance__molecular_weight": "periodic table",
          "provenance__smiles": null,
          "provenance__state_of_matter": "dummy estimator based on mw"
        }
      ],
      "stoichiometry": {
        "5b24e52f-8803-47d3-8d83-1b816a3d08a8": 1.0,
        "430a9fd7-5f87-44a0-a921-7a6d19bec9ba": 1.0,
        "39db7a23-3160-499f-b111-cc381fcd1587": -1.0
      },
      "temperature": 270.7203199446201,
      "intended_ratios": {
        "5b24e52f-8803-47d3-8d83-1b816a3d08a8": 1.0,
        "430a9fd7-5f87-44a0-a921-7a6d19bec9ba": 1.0,
        "76092719-d1b6-463e-8c54-cfb3bcf06c46": 1.0,
        "a796a368-3d07-4d70-8cdc-56e6a6bb950a": 1.0,
        "19787e15-1b15-45b9-b03e-cfea85531477": 1.0
      },
      "expected_yields": {
        "39db7a23-3160-499f-b111-cc381fcd1587": 1.0
      },
      "reaction_extent": 1.0
    }
  ],
  "molecular_nodes": [
    "C1CCOC1",
    "C1COCCO1",
    "CC#N",
    "CC(=O)O",
    "CC(=O)O[BH-](OC(C)=O)OC(C)=O.[Na+]",
    "CC(C)(C)O[Na]",
    "CC(C)N",
    "CC(C)N1C(=O)CC(=O)NC1=O",
    "CC(C)NC(=O)Cl",
    "CC(C)c1cc(C(C)C)c(c2ccccc2P(C2CCCCC2)C2CCCCC2)c(C(C)C)c1",
    "CC(C)n1c(=O)cc(Cl)[nH]c1=O",
    "CC(N)=O",
    "CC(N)c1ccccc1",
    "CC(Nc1cc(=O)n(C(C)C)c(=O)[nH]1)c1ccccc1",
    "CC1(C)c2cccc(P(c3ccccc3)c3ccccc3)c2Oc2c(P(c3ccccc3)c3ccccc3)cccc21",
    "CCCCO",
    "CCN(C(C)C)C(C)C",
    "CCO",
    "CCOC(=O)CC(=O)Cl",
    "CCOC(=O)CC(=O)N(C(=O)Cl)C(C)C",
    "CCOC(=O)CC(=O)N(C(N)=O)C(C)C",
    "CCOC(C)=O",
    "CCO[Na]",
    "CI",
    "CN",
    "CN(C)C(On1nnc2cccnc21)=[N+](C)C.F[P-](F)(F)(F)(F)F",
    "CN(C)C=O",
    "CN1CCN(c2ccc(C(=O)Cl)c(NC3CCOCC3)c2)CC1",
    "CN1CCN(c2ccc(C(=O)Nc3n[nH]c4ccc(Cc5cc(F)cc(F)c5)cc34)c(NC3CCOCC3)c2)CC1",
    "CN1CCN(c2ccc(C(=O)O)c(NC3CCOCC3)c2)CC1",
    "CN1CCNCC1",
    "CNC(=O)c1nnc(Cl)cc1Nc1cccc(-c2ncn(C)n2)c1OC",
    "CNC(=O)c1nnc(N)cc1Nc1cccc(-c2ncn(C)n2)c1OC",
    "CNC(=O)c1nnc(NC(=O)C2CC2)cc1Nc1cccc(-c2ncn(C)n2)c1OC",
    "CNC(=O)c1nnc(NC(C)=O)cc1Nc1cccc(-c2ncn(C)n2)c1OC",
    "CO",
    "COC(=O)c1nnc(Cl)cc1Cl",
    "COC(=O)c1nnc(Cl)cc1Nc1cccc(-c2ncn(C)n2)c1OC",
    "COc1c(N)cccc1-c1ncn(C)n1",
    "ClCCl",
    "N#Cc1cc(Br)ccc1F",
    "N#Cc1cc(C(O)c2cc(F)cc(F)c2)ccc1F",
    "N#Cc1cc(Cc2cc(F)cc(F)c2)ccc1F",
    "Nc1cc(Br)ccc1C(=O)O",
    "Nc1n[nH]c2ccc(Cc3cc(F)cc(F)c3)cc12",
    "O",
    "O=C(Cl)C(=O)Cl",
    "O=C(O)C1CC1",
    "O=C(O)c1ccc(Br)cc1NC1CCOCC1",
    "O=C(OC(Cl)(Cl)Cl)OC(Cl)(Cl)Cl",
    "O=C(O[Cs])O[Cs]",
    "O=C(O[K])O[K]",
    "O=C1CCOCC1",
    "O=Cc1cc(F)cc(F)c1",
    "[Li]CCCC",
    "[Li]N([Si](C)(C)C)[Si](C)(C)C",
    "[Pd]",
    "c1ccncc1"
  ],
  "edges": [
    [
      "0d91cfe3-eccd-4b31-b97e-b16b7a9f95f1",
      "CC(Nc1cc(=O)n(C(C)C)c(=O)[nH]1)c1ccccc1"
    ],
    [
      "18ab7575-6a3d-48fa-9274-aabce3291405",
      "Nc1n[nH]c2ccc(Cc3cc(F)cc(F)c3)cc12"
    ],
    [
      "339312e4-e390-4022-a0bf-60d8f25a7cdf",
      "N#Cc1cc(Cc2cc(F)cc(F)c2)ccc1F"
    ],
    [
      "37a10391-1527-4216-98f9-8bb8446d17c5",
      "CC(C)n1c(=O)cc(Cl)[nH]c1=O"
    ],
    [
      "48b4cba0-58a0-482b-92ee-85bc9490a5fd",
      "CN1CCN(c2ccc(C(=O)O)c(NC3CCOCC3)c2)CC1"
    ],
    [
      "5f26f5d5-0042-40c6-ac85-5786a7abc8c7",
      "CN1CCN(c2ccc(C(=O)Cl)c(NC3CCOCC3)c2)CC1"
    ],
    [
      "635e37ee-f13c-4997-9664-bfb80fd97d02",
      "O=C(O)c1ccc(Br)cc1NC1CCOCC1"
    ],
    [
      "86957915-22d6-4b3a-951d-1ec22c52bdac",
      "CCOC(=O)CC(=O)N(C(N)=O)C(C)C"
    ],
    [
      "C1CCOC1",
      "d6701c08-cd94-494f-86d1-16b36a30fbed"
    ],
    [
      "C1CCOC1",
      "d7bb69ea-d949-4a5e-ba04-0fe4ce83ced1"
    ],
    [
      "C1CCOC1",
      "e2171d2b-2b91-45eb-a8ee-4a52d848a012"
    ],
    [
      "C1COCCO1",
      "b7933778-e7a1-4e08-a777-ed66afa538cb"
    ],
    [
      "CC#N",
      "0d91cfe3-eccd-4b31-b97e-b16b7a9f95f1"
    ],
    [
      "CC(=O)O",
      "635e37ee-f13c-4997-9664-bfb80fd97d02"
    ],
    [
      "CC(=O)O[BH-](OC(C)=O)OC(C)=O.[Na+]",
      "635e37ee-f13c-4997-9664-bfb80fd97d02"
    ],
    [
      "CC(C)(C)O[Na]",
      "48b4cba0-58a0-482b-92ee-85bc9490a5fd"
    ],
    [
      "CC(C)N",
      "b5022413-f8d6-4a20-93c1-a0ee82518c2e"
    ],
    [
      "CC(C)N1C(=O)CC(=O)NC1=O",
      "37a10391-1527-4216-98f9-8bb8446d17c5"
    ],
    [
      "CC(C)NC(=O)Cl",
      "ccceedf8-eefd-46e4-a61f-222a21f16613"
    ],
    [
      "CC(C)c1cc(C(C)C)c(c2ccccc2P(C2CCCCC2)C2CCCCC2)c(C(C)C)c1",
      "48b4cba0-58a0-482b-92ee-85bc9490a5fd"
    ],
    [
      "CC(C)n1c(=O)cc(Cl)[nH]c1=O",
      "0d91cfe3-eccd-4b31-b97e-b16b7a9f95f1"
    ],
    [
      "CC(N)=O",
      "b7933778-e7a1-4e08-a777-ed66afa538cb"
    ],
    [
      "CC(N)c1ccccc1",
      "0d91cfe3-eccd-4b31-b97e-b16b7a9f95f1"
    ],
    [
      "CC1(C)c2cccc(P(c3ccccc3)c3ccccc3)c2Oc2c(P(c3ccccc3)c3ccccc3)cccc21",
      "b7933778-e7a1-4e08-a777-ed66afa538cb"
    ],
    [
      "CCCCO",
      "18ab7575-6a3d-48fa-9274-aabce3291405"
    ],
    [
      "CCN(C(C)C)C(C)C",
      "f04f8192-a6d1-4c16-bf49-4d676dd66d1d"
    ],
    [
      "CCO",
      "d53c6737-a78f-40da-ab22-dfd7d8b3fea2"
    ],
    [
      "CCOC(=O)CC(=O)Cl",
      "ccceedf8-eefd-46e4-a61f-222a21f16613"
    ],
    [
      "CCOC(=O)CC(=O)N(C(=O)Cl)C(C)C",
      "86957915-22d6-4b3a-951d-1ec22c52bdac"
    ],
    [
      "CCOC(=O)CC(=O)N(C(N)=O)C(C)C",
      "d53c6737-a78f-40da-ab22-dfd7d8b3fea2"
    ],
    [
      "CCOC(C)=O",
      "18ab7575-6a3d-48fa-9274-aabce3291405"
    ],
    [
      "CCO[Na]",
      "d53c6737-a78f-40da-ab22-dfd7d8b3fea2"
    ],
    [
      "CI",
      "37a10391-1527-4216-98f9-8bb8446d17c5"
    ],
    [
      "CN",
      "d7bb69ea-d949-4a5e-ba04-0fe4ce83ced1"
    ],
    [
      "CN(C)C(On1nnc2cccnc21)=[N+](C)C.F[P-](F)(F)(F)(F)F",
      "f04f8192-a6d1-4c16-bf49-4d676dd66d1d"
    ],
    [
      "CN(C)C=O",
      "37a10391-1527-4216-98f9-8bb8446d17c5"
    ],
    [
      "CN(C)C=O",
      "5f26f5d5-0042-40c6-ac85-5786a7abc8c7"
    ],
    [
      "CN(C)C=O",
      "f04f8192-a6d1-4c16-bf49-4d676dd66d1d"
    ],
    [
      "CN1CCN(c2ccc(C(=O)Cl)c(NC3CCOCC3)c2)CC1",
      "eadc0522-0d10-4456-ae9a-6dc9f62822f0"
    ],
    [
      "CN1CCN(c2ccc(C(=O)O)c(NC3CCOCC3)c2)CC1",
      "5f26f5d5-0042-40c6-ac85-5786a7abc8c7"
    ],
    [
      "CN1CCNCC1",
      "48b4cba0-58a0-482b-92ee-85bc9490a5fd"
    ],
    [
      "CNC(=O)c1nnc(Cl)cc1Nc1cccc(-c2ncn(C)n2)c1OC",
      "b7933778-e7a1-4e08-a777-ed66afa538cb"
    ],
    [
      "CNC(=O)c1nnc(N)cc1Nc1cccc(-c2ncn(C)n2)c1OC",
      "f04f8192-a6d1-4c16-bf49-4d676dd66d1d"
    ],
    [
      "CNC(=O)c1nnc(NC(C)=O)cc1Nc1cccc(-c2ncn(C)n2)c1OC",
      "ec079f0f-14f4-4236-927e-61045d36895c"
    ],
    [
      "CO",
      "339312e4-e390-4022-a0bf-60d8f25a7cdf"
    ],
    [
      "CO",
      "ec079f0f-14f4-4236-927e-61045d36895c"
    ],
    [
      "COC(=O)c1nnc(Cl)cc1Cl",
      "d6701c08-cd94-494f-86d1-16b36a30fbed"
    ],
    [
      "COC(=O)c1nnc(Cl)cc1Nc1cccc(-c2ncn(C)n2)c1OC",
      "d7bb69ea-d949-4a5e-ba04-0fe4ce83ced1"
    ],
    [
      "COc1c(N)cccc1-c1ncn(C)n1",
      "d6701c08-cd94-494f-86d1-16b36a30fbed"
    ],
    [
      "ClCCl",
      "5f26f5d5-0042-40c6-ac85-5786a7abc8c7"
    ],
    [
      "ClCCl",
      "635e37ee-f13c-4997-9664-bfb80fd97d02"
    ],
    [
      "ClCCl",
      "86957915-22d6-4b3a-951d-1ec22c52bdac"
    ],
    [
      "ClCCl",
      "b5022413-f8d6-4a20-93c1-a0ee82518c2e"
    ],
    [
      "ClCCl",
      "ccceedf8-eefd-46e4-a61f-222a21f16613"
    ],
    [
      "ClCCl",
      "eadc0522-0d10-4456-ae9a-6dc9f62822f0"
    ],
    [
      "N#Cc1cc(Br)ccc1F",
      "e2171d2b-2b91-45eb-a8ee-4a52d848a012"
    ],
    [
      "N#Cc1cc(C(O)c2cc(F)cc(F)c2)ccc1F",
      "339312e4-e390-4022-a0bf-60d8f25a7cdf"
    ],
    [
      "N#Cc1cc(Cc2cc(F)cc(F)c2)ccc1F",
      "18ab7575-6a3d-48fa-9274-aabce3291405"
    ],
    [
      "Nc1cc(Br)ccc1C(=O)O",
      "635e37ee-f13c-4997-9664-bfb80fd97d02"
    ],
    [
      "Nc1n[nH]c2ccc(Cc3cc(F)cc(F)c3)cc12",
      "eadc0522-0d10-4456-ae9a-6dc9f62822f0"
    ],
    [
      "O",
      "18ab7575-6a3d-48fa-9274-aabce3291405"
    ],
    [
      "O",
      "37a10391-1527-4216-98f9-8bb8446d17c5"
    ],
    [
      "O=C(Cl)C(=O)Cl",
      "5f26f5d5-0042-40c6-ac85-5786a7abc8c7"
    ],
    [
      "O=C(O)C1CC1",
      "f04f8192-a6d1-4c16-bf49-4d676dd66d1d"
    ],
    [
      "O=C(O)c1ccc(Br)cc1NC1CCOCC1",
      "48b4cba0-58a0-482b-92ee-85bc9490a5fd"
    ],
    [
      "O=C(OC(Cl)(Cl)Cl)OC(Cl)(Cl)Cl",
      "b5022413-f8d6-4a20-93c1-a0ee82518c2e"
    ],
    [
      "O=C(O[Cs])O[Cs]",
      "b7933778-e7a1-4e08-a777-ed66afa538cb"
    ],
    [
      "O=C(O[K])O[K]",
      "37a10391-1527-4216-98f9-8bb8446d17c5"
    ],
    [
      "O=C1CCOCC1",
      "635e37ee-f13c-4997-9664-bfb80fd97d02"
    ],
    [
      "O=Cc1cc(F)cc(F)c1",
      "e2171d2b-2b91-45eb-a8ee-4a52d848a012"
    ],
    [
      "[Li]CCCC",
      "e2171d2b-2b91-45eb-a8ee-4a52d848a012"
    ],
    [
      "[Li]N([Si](C)(C)C)[Si](C)(C)C",
      "d6701c08-cd94-494f-86d1-16b36a30fbed"
    ],
    [
      "[Li]N([Si](C)(C)C)[Si](C)(C)C",
      "d7bb69ea-d949-4a5e-ba04-0fe4ce83ced1"
    ],
    [
      "[Pd]",
      "339312e4-e390-4022-a0bf-60d8f25a7cdf"
    ],
    [
      "[Pd]",
      "48b4cba0-58a0-482b-92ee-85bc9490a5fd"
    ],
    [
      "[Pd]",
      "b7933778-e7a1-4e08-a777-ed66afa538cb"
    ],
    [
      "b5022413-f8d6-4a20-93c1-a0ee82518c2e",
      "CC(C)NC(=O)Cl"
    ],
    [
      "b7933778-e7a1-4e08-a777-ed66afa538cb",
      "CNC(=O)c1nnc(NC(C)=O)cc1Nc1cccc(-c2ncn(C)n2)c1OC"
    ],
    [
      "c1ccncc1",
      "eadc0522-0d10-4456-ae9a-6dc9f62822f0"
    ],
    [
      "ccceedf8-eefd-46e4-a61f-222a21f16613",
      "CCOC(=O)CC(=O)N(C(=O)Cl)C(C)C"
    ],
    [
      "d53c6737-a78f-40da-ab22-dfd7d8b3fea2",
      "CC(C)N1C(=O)CC(=O)NC1=O"
    ],
    [
      "d6701c08-cd94-494f-86d1-16b36a30fbed",
      "COC(=O)c1nnc(Cl)cc1Nc1cccc(-c2ncn(C)n2)c1OC"
    ],
    [
      "d7bb69ea-d949-4a5e-ba04-0fe4ce83ced1",
      "CNC(=O)c1nnc(Cl)cc1Nc1cccc(-c2ncn(C)n2)c1OC"
    ],
    [
      "e2171d2b-2b91-45eb-a8ee-4a52d848a012",
      "N#Cc1cc(C(O)c2cc(F)cc(F)c2)ccc1F"
    ],
    [
      "eadc0522-0d10-4456-ae9a-6dc9f62822f0",
      "CN1CCN(c2ccc(C(=O)Nc3n[nH]c4ccc(Cc5cc(F)cc(F)c5)cc34)c(NC3CCOCC3)c2)CC1"
    ],
    [
      "ec079f0f-14f4-4236-927e-61045d36895c",
      "CNC(=O)c1nnc(N)cc1Nc1cccc(-c2ncn(C)n2)c1OC"
    ],
    [
      "f04f8192-a6d1-4c16-bf49-4d676dd66d1d",
      "CNC(=O)c1nnc(NC(=O)C2CC2)cc1Nc1cccc(-c2ncn(C)n2)c1OC"
    ]
  ]
}