{
  "identifier": "bb90cc0a-bac3-4f32-8c12-39a2985d0e7a",
  "chemical_reactions": [
    {
      "identifier": "d80aa8de-4abc-4fc2-afb0-be1fc1455413",
      "reactants": [
        {
          "identifier": "15c9d38f-3174-42b5-a8a1-d6c94c2287ad",
          "smiles": "CC(C)(C)NS(=O)(=O)c1cccc(N)c1",
          "state_of_matter": "SOLID",
          "molecular_weight": 228.31123999999977,
          "density": 1.4,
          "mass": 2.2831123999999976,
          "is_produced_by": [],
          "is_consumed_by": [
            "d80aa8de-4abc-4fc2-afb0-be1fc1455413"
          ],
          "provenance__density": "dummy estimator based on mw",
          "provenance__is_consumed_by": null,
          "provenance__is_produced_by": null,
          "provenance__mass": null,
          "provenance__molecular_weight": "periodic table",
          "provenance__smiles": null,
          "provenance__state_of_matter": "dummy estimator based on mw"
        },
        {
          "identifier": "63da51e9-6913-48a7-a434-f5dc80280797",
          "smiles": "Cc1cnc(Cl)nc1Cl",
          "state_of_matter": "LIQUID",
          "molecular_weight": 163.00465999999994,
          "density": 1.0,
          "mass": 1.6300465999999996,
          "is_produced_by": [],
          "is_consumed_by": [
            "d80aa8de-4abc-4fc2-afb0-be1fc1455413"
          ],
          "provenance__density": "dummy estimator based on mw",
          "provenance__is_consumed_by": null,
          "provenance__is_produced_by": null,
          "provenance__mass": null,
          "provenance__molecular_weight": "periodic table",
          "provenance__smiles": null,
          "provenance__state_of_matter": "dummy estimator based on mw"
        }
      ],
      "reagents": [
        {
          "identifier": "33659edc-305e-4681-bdf7-f4bcd49d60a5",
          "smiles": "CO",
          "state_of_matter": "LIQUID",
          "molecular_weight": 32.04186000000001,
          "density": 1.0,
          "mass": 0.32041860000000005,
          "is_produced_by": [],
          "is_consumed_by": [
            "d80aa8de-4abc-4fc2-afb0-be1fc1455413"
          ],
          "provenance__density": "dummy estimator based on mw",
          "provenance__is_consumed_by": null,
          "provenance__is_produced_by": null,
          "provenance__mass": null,
          "provenance__molecular_weight": "periodic table",
          "provenance__smiles": null,
          "provenance__state_of_matter": "dummy estimator based on mw"
        }
      ],
      "products": [
        {
          "identifier": "2bf58da9-20cf-484c-8a7c-6b3d452c89a4",
          "smiles": "Cc1cnc(Cl)nc1Nc1cccc(S(=O)(=O)NC(C)(C)C)c1",
          "state_of_matter": "SOLID",
          "molecular_weight": 354.8549600000003,
          "density": 1.4,
          "mass": 3.548549600000003,
          "is_produced_by": [
            "d80aa8de-4abc-4fc2-afb0-be1fc1455413"
          ],
          "is_consumed_by": [],
          "provenance__density": "dummy estimator based on mw",
          "provenance__is_consumed_by": null,
          "provenance__is_produced_by": null,
          "provenance__mass": null,
          "provenance__molecular_weight": "periodic table",
          "provenance__smiles": null,
          "provenance__state_of_matter": "dummy estimator based on mw"
        }
      ],
      "stoichiometry": {
        "15c9d38f-3174-42b5-a8a1-d6c94c2287ad": 1.0,
        "63da51e9-6913-48a7-a434-f5dc80280797": 1.0,
        "2bf58da9-20cf-484c-8a7c-6b3d452c89a4": -1.0
      },
      "temperature": 324.2890065729618,
      "intended_ratios": {
        "15c9d38f-3174-42b5-a8a1-d6c94c2287ad": 1.0,
        "63da51e9-6913-48a7-a434-f5dc80280797": 1.0,
        "33659edc-305e-4681-bdf7-f4bcd49d60a5": 1.0
      },
      "expected_yields": {
        "2bf58da9-20cf-484c-8a7c-6b3d452c89a4": 1.0
      },
      "reaction_extent": 0.01
    },
    {
      "identifier": "968769f2-c849-4408-bf09-f29dcd3c8204",
      "reactants": [
        {
          "identifier": "fb212720-388d-4278-a05c-057ce8ac3ad6",
          "smiles": "CC(C)n1nccc1-c1ncccc1CCl",
          "state_of_matter": "SOLID",
          "molecular_weight": 236.72059999999982,
          "density": 1.4,
          "mass": 2.367205999999998,
          "is_produced_by": [],
          "is_consumed_by": [
            "968769f2-c849-4408-bf09-f29dcd3c8204"
          ],
          "provenance__density": "dummy estimator based on mw",
          "provenance__is_consumed_by": null,
          "provenance__is_produced_by": null,
          "provenance__mass": null,
          "provenance__molecular_weight": "periodic table",
          "provenance__smiles": null,
          "provenance__state_of_matter": "dummy estimator based on mw"
        },
        {
          "identifier": "e89e5478-1fad-4f68-b5ff-cc70496ca5e2",
          "smiles": "O=Cc1c(O)cccc1O",
          "state_of_matter": "LIQUID",
          "molecular_weight": 138.12073999999996,
          "density": 1.0,
          "mass": 1.3812073999999996,
          "is_produced_by": [],
          "is_consumed_by": [
            "968769f2-c849-4408-bf09-f29dcd3c8204"
          ],
          "provenance__density": "dummy estimator based on mw",
          "provenance__is_consumed_by": null,
          "provenance__is_produced_by": null,
          "provenance__mass": null,
          "provenance__molecular_weight": "periodic table",
          "provenance__smiles": null,
          "provenance__state_of_matter": "dummy estimator based on mw"
        }
      ],
      "reagents": [
        {
          "identifier": "13a5b099-fd7f-4960-b5bf-a72eefda7456",
          "smiles": "CN(C)C=O",
          "state_of_matter": "LIQUID",
          "molecular_weight": 73.09378000000004,
          "density": 1.0,
          "mass": 0.7309378000000004,
          "is_produced_by": [],
          "is_consumed_by": [
            "968769f2-c849-4408-bf09-f29dcd3c8204"
          ],
          "provenance__density": "dummy estimator based on mw",
          "provenance__is_consumed_by": null,
          "provenance__is_produced_by": null,
          "provenance__mass": null,
          "provenance__molecular_weight": "periodic table",
          "provenance__smiles": null,
          "provenance__state_of_matter": "dummy estimator based on mw"
        },
        {
          "identifier": "14e3fb1f-574a-4024-a39a-1150e96825e5",
          "smiles": "Cl",
          "state_of_matter": "LIQUID",
          "molecular_weight": 36.46094,
          "density": 1.0,
          "mass": 0.36460940000000003,
          "is_produced_by": [],
          "is_consumed_by": [
            "968769f2-c849-4408-bf09-f29dcd3c8204"
          ],
          "provenance__density": "dummy estimator based on mw",
          "provenance__is_consumed_by": null,
          "provenance__is_produced_by": null,
          "provenance__mass": null,
          "provenance__molecular_weight": "periodic table",
          "provenance__smiles": null,
          "provenance__state_of_matter": "dummy estimator based on mw"
        },
        {
          "identifier": "6114d4f3-8b3e-4e01-ab13-ab358f6cffd3",
          "smiles": "O=C(O[K])O[K]",
          "state_of_matter": "SOLID",
          "molecular_weight": 138.2055,
          "density": 1.4,
          "mass": 1.382055,
          "is_produced_by": [],
          "is_consumed_by": [
            "968769f2-c849-4408-bf09-f29dcd3c8204"
          ],
          "provenance__density": "dummy estimator based on mw",
          "provenance__is_consumed_by": null,
          "provenance__is_produced_by": null,
          "provenance__mass": null,
          "provenance__molecular_weight": "periodic table",
          "provenance__smiles": null,
          "provenance__state_of_matter": "dummy estimator based on mw"
        }
      ],
      "products": [
        {
          "identifier": "f9fadcc3-4dd3-4cc9-b5ce-f092b7c670d0",
          "smiles": "CC(C)n1nccc1-c1ncccc1COc1cccc(O)c1C=O",
          "state_of_matter": "SOLID",
          "molecular_weight": 338.38040000000024,
          "density": 1.4,
          "mass": 3.3838040000000023,
          "is_produced_by": [
            "968769f2-c849-4408-bf09-f29dcd3c8204"
          ],
          "is_consumed_by": [],
          "provenance__density": "dummy estimator based on mw",
          "provenance__is_consumed_by": null,
          "provenance__is_produced_by": null,
          "provenance__mass": null,
          "provenance__molecular_weight": "periodic table",
          "provenance__smiles": null,
          "provenance__state_of_matter": "dummy estimator based on mw"
        }
      ],
      "stoichiometry": {
        "fb212720-388d-4278-a05c-057ce8ac3ad6": 1.0,
        "e89e5478-1fad-4f68-b5ff-cc70496ca5e2": 1.0,
        "f9fadcc3-4dd3-4cc9-b5ce-f092b7c670d0": -1.0
      },
      "temperature": 305.7333455622196,
      "intended_ratios": {
        "fb212720-388d-4278-a05c-057ce8ac3ad6": 1.0,
        "e89e5478-1fad-4f68-b5ff-cc70496ca5e2": 1.0,
        "13a5b099-fd7f-4960-b5bf-a72eefda7456": 1.0,
        "14e3fb1f-574a-4024-a39a-1150e96825e5": 1.0,
        "6114d4f3-8b3e-4e01-ab13-ab358f6cffd3": 1.0
      },
      "expected_yields": {
        "f9fadcc3-4dd3-4cc9-b5ce-f092b7c670d0": 1.0
      },
      "reaction_extent": 0.01
    },
    {
      "identifier": "8c2b3dd2-6dc8-4d2a-a757-cac00ebffb1b",
      "reactants": [
        {
          "identifier": "c971e866-6349-46c9-95a8-09d6a83ed666",
          "smiles": "CC(C)n1nccc1-c1ncccc1CO",
          "state_of_matter": "SOLID",
          "molecular_weight": 218.27493999999982,
          "density": 1.4,
          "mass": 2.1827493999999983,
          "is_produced_by": [],
          "is_consumed_by": [
            "8c2b3dd2-6dc8-4d2a-a757-cac00ebffb1b"
          ],
          "provenance__density": "dummy estimator based on mw",
          "provenance__is_consumed_by": null,
          "provenance__is_produced_by": null,
          "provenance__mass": null,
          "provenance__molecular_weight": "periodic table",
          "provenance__smiles": null,
          "provenance__state_of_matter": "dummy estimator based on mw"
        }
      ],
      "reagents": [
        {
          "identifier": "00ff3bf7-08f8-4afe-8c85-b0681690bb3c",
          "smiles": "ClCCl",
          "state_of_matter": "LIQUID",
          "molecular_weight": 84.93258000000002,
          "density": 1.0,
          "mass": 0.8493258000000001,
          "is_produced_by": [],
          "is_consumed_by": [
            "8c2b3dd2-6dc8-4d2a-a757-cac00ebffb1b"
          ],
          "provenance__density": "dummy estimator based on mw",
          "provenance__is_consumed_by": null,
          "provenance__is_produced_by": null,
          "provenance__mass": null,
          "provenance__molecular_weight": "periodic table",
          "provenance__smiles": null,
          "provenance__state_of_matter": "dummy estimator based on mw"
        },
        {
          "identifier": "1e9014f1-bbf6-492f-944e-f13403635a76",
          "smiles": "CCN(CC)CC",
          "state_of_matter": "LIQUID",
          "molecular_weight": 101.19000000000008,
          "density": 1.0,
          "mass": 1.011900000000001,
          "is_produced_by": [],
          "is_consumed_by": [
            "8c2b3dd2-6dc8-4d2a-a757-cac00ebffb1b"
          ],
          "provenance__density": "dummy estimator based on mw",
          "provenance__is_consumed_by": null,
          "provenance__is_produced_by": null,
          "provenance__mass": null,
          "provenance__molecular_weight": "periodic table",
          "provenance__smiles": null,
          "provenance__state_of_matter": "dummy estimator based on mw"
        },
        {
          "identifier": "d723ea65-4cfa-4968-bcc6-68ee92f7038a",
          "smiles": "CS(=O)(=O)Cl",
          "state_of_matter": "LIQUID",
          "molecular_weight": 114.55132000000002,
          "density": 1.0,
          "mass": 1.1455132000000001,
          "is_produced_by": [],
          "is_consumed_by": [
            "8c2b3dd2-6dc8-4d2a-a757-cac00ebffb1b"
          ],
          "provenance__density": "dummy estimator based on mw",
          "provenance__is_consumed_by": null,
          "provenance__is_produced_by": null,
          "provenance__mass": null,
          "provenance__molecular_weight": "periodic table",
          "provenance__smiles": null,
          "provenance__state_of_matter": "dummy estimator based on mw"
        }
      ],
      "products": [
        {
          "identifier": "36b3b88e-5097-4642-8f44-65ebeb321ab8",
          "smiles": "CC(C)n1nccc1-c1ncccc1CCl",
          "state_of_matter": "SOLID",
          "molecular_weight": 236.72059999999982,
          "density": 1.4,
          "mass": 2.367205999999998,
          "is_produced_by": [
            "8c2b3dd2-6dc8-4d2a-a757-cac00ebffb1b"
          ],
          "is_consumed_by": [],
          "provenance__density": "dummy estimator based on mw",
          "provenance__is_consumed_by": null,
          "provenance__is_produced_by": null,
          "provenance__mass": null,
          "provenance__molecular_weight": "periodic table",
          "provenance__smiles": null,
          "provenance__state_of_matter": "dummy estimator based on mw"
        }
      ],
      "stoichiometry": {
        "c971e866-6349-46c9-95a8-09d6a83ed666": 1.0,
        "36b3b88e-5097-4642-8f44-65ebeb321ab8": -1.0
      },
      "temperature": 283.1918331205845,
      "intended_ratios": {
        "c971e866-6349-46c9-95a8-09d6a83ed666": 1.0,
        "00ff3bf7-08f8-4afe-8c85-b0681690bb3c": 1.0,
        "1e9014f1-bbf6-492f-944e-f13403635a76": 1.0,
        "d723ea65-4cfa-4968-bcc6-68ee92f7038a": 1.0
      },
      "expected_yields": {
        "36b3b88e-5097-4642-8f44-65ebeb321ab8": 1.0
      },
      "reaction_extent": 0.01
    },
    {
      "identifier": "efd1e183-0b17-435d-be84-a4f12bb12160",
      "reactants": [
        {
          "identifier": "fe9cc83d-6054-4c95-98ad-9c1b923199c6",
          "smiles": "CC(C)n1nccc1B1OC(C)(C)C(C)(C)O1",
          "state_of_matter": "SOLID",
          "molecular_weight": 237.12627999999975,
          "density": 1.4,
          "mass": 2.3712627999999976,
          "is_produced_by": [],
          "is_consumed_by": [
            "efd1e183-0b17-435d-be84-a4f12bb12160"
          ],
          "provenance__density": "dummy estimator based on mw",
          "provenance__is_consumed_by": null,
          "provenance__is_produced_by": null,
          "provenance__mass": null,
          "provenance__molecular_weight": "periodic table",
          "provenance__smiles": null,
          "provenance__state_of_matter": "dummy estimator based on mw"
        },
        {
          "identifier": "facd56cf-a339-4671-a6fb-4ffe9130439f",
          "smiles": "OCc1cccnc1Cl",
          "state_of_matter": "LIQUID",
          "molecular_weight": 143.57093999999995,
          "density": 1.0,
          "mass": 1.4357093999999995,
          "is_produced_by": [],
          "is_consumed_by": [
            "efd1e183-0b17-435d-be84-a4f12bb12160"
          ],
          "provenance__density": "dummy estimator based on mw",
          "provenance__is_consumed_by": null,
          "provenance__is_produced_by": null,
          "provenance__mass": null,
          "provenance__molecular_weight": "periodic table",
          "provenance__smiles": null,
          "provenance__state_of_matter": "dummy estimator based on mw"
        }
      ],
      "reagents": [
        {
          "identifier": "0b4a0d6a-4964-4faa-b17d-9fc30e2bda19",
          "smiles": "O",
          "state_of_matter": "LIQUID",
          "molecular_weight": 18.01528,
          "density": 1.0,
          "mass": 0.1801528,
          "is_produced_by": [],
          "is_consumed_by": [
            "efd1e183-0b17-435d-be84-a4f12bb12160"
          ],
          "provenance__density": "dummy estimator based on mw",
          "provenance__is_consumed_by": null,
          "provenance__is_produced_by": null,
          "provenance__mass": null,
          "provenance__molecular_weight": "periodic table",
          "provenance__smiles": null,
          "provenance__state_of_matter": "dummy estimator based on mw"
        },
        {
          "identifier": "332feea0-e49f-460c-9969-57799ba75e33",
          "smiles": "C1COCCO1",
          "state_of_matter": "LIQUID",
          "molecular_weight": 88.10512000000004,
          "density": 1.0,
          "mass": 0.8810512000000005,
          "is_produced_by": [],
          "is_consumed_by": [
            "efd1e183-0b17-435d-be84-a4f12bb12160"
          ],
          "provenance__density": "dummy estimator based on mw",
          "provenance__is_consumed_by": null,
          "provenance__is_produced_by": null,
          "provenance__mass": null,
          "provenance__molecular_weight": "periodic table",
          "provenance__smiles": null,
          "provenance__state_of_matter": "dummy estimator based on mw"
        },
        {
          "identifier": "d1d99dc9-8683-4c0d-99e6-9852c4aaeaaa",
          "smiles": "O=C(O)O[Na]",
          "state_of_matter": "SOLID",
          "molecular_weight": 84.00661000000001,
          "density": 1.4,
          "mass": 0.8400661000000001,
          "is_produced_by": [],
          "is_consumed_by": [
            "efd1e183-0b17-435d-be84-a4f12bb12160"
          ],
          "provenance__density": "dummy estimator based on mw",
          "provenance__is_consumed_by": null,
          "provenance__is_produced_by": null,
          "provenance__mass": null,
          "provenance__molecular_weight": "periodic table",
          "provenance__smiles": null,
          "provenance__state_of_matter": "dummy estimator based on mw"
        }
      ],
      "products": [
        {
          "identifier": "ec222bb5-05f4-4c52-a1fb-bdf0b9f21a63",
          "smiles": "CC(C)n1nccc1-c1ncccc1CO",
          "state_of_matter": "SOLID",
          "molecular_weight": 218.27493999999982,
          "density": 1.4,
          "mass": 2.1827493999999983,
          "is_produced_by": [
            "efd1e183-0b17-435d-be84-a4f12bb12160"
          ],
          "is_consumed_by": [],
          "provenance__density": "dummy estimator based on mw",
          "provenance__is_consumed_by": null,
          "provenance__is_produced_by": null,
          "provenance__mass": null,
          "provenance__molecular_weight": "periodic table",
          "provenance__smiles": null,
          "provenance__state_of_matter": "dummy estimator based on mw"
        }
      ],
      "stoichiometry": {
        "fe9cc83d-6054-4c95-98ad-9c1b923199c6": 1.0,
        "facd56cf-a339-4671-a6fb-4ffe9130439f": 1.0,
        "ec222bb5-05f4-4c52-a1fb-bdf0b9f21a63": -1.0
      },
      "temperature": 350.5005188763141,
      "intended_ratios": {
        "fe9cc83d-6054-4c95-98ad-9c1b923199c6": 1.0,
        "facd56cf-a339-4671-a6fb-4ffe9130439f": 1.0,
        "0b4a0d6a-4964-4faa-b17d-9fc30e2bda19": 1.0,
        "332feea0-e49f-460c-9969-57799ba75e33": 1.0,
        "d1d99dc9-8683-4c0d-99e6-9852c4aaeaaa": 1.0
      },
      "expected_yields": {
        "ec222bb5-05f4-4c52-a1fb-bdf0b9f21a63": 1.0
      },
      "reaction_extent": 0.01
    },
    {
      "identifier": "2f73578a-08d7-4c8e-af92-a9dead80985a",
      "reactants": [
        {
          "identifier": "41059282-9bfd-49eb-a856-3a26f31ae92f",
          "smiles": "CN",
          "state_of_matter": "LIQUID",
          "molecular_weight": 31.05710000000001,
          "density": 1.0,
          "mass": 0.3105710000000001,
          "is_produced_by": [],
          "is_consumed_by": [
            "2f73578a-08d7-4c8e-af92-a9dead80985a"
          ],
          "provenance__density": "dummy estimator based on mw",
          "provenance__is_consumed_by": null,
          "provenance__is_produced_by": null,
          "provenance__mass": null,
          "provenance__molecular_weight": "periodic table",
          "provenance__smiles": null,
          "provenance__state_of_matter": "dummy estimator based on mw"
        },
        {
          "identifier": "5d0242e7-b80f-4046-b0d2-8f62655b929d",
          "smiles": "O=Cc1cc(-c2ccccc2F)n(S(=O)(=O)c2cccnc2)c1",
          "state_of_matter": "SOLID",
          "molecular_weight": 331.3414832000002,
          "density": 1.4,
          "mass": 3.313414832000002,
          "is_produced_by": [],
          "is_consumed_by": [
            "2f73578a-08d7-4c8e-af92-a9dead80985a"
          ],
          "provenance__density": "dummy estimator based on mw",
          "provenance__is_consumed_by": null,
          "provenance__is_produced_by": null,
          "provenance__mass": null,
          "provenance__molecular_weight": "periodic table",
          "provenance__smiles": null,
          "provenance__state_of_matter": "dummy estimator based on mw"
        }
      ],
      "reagents": [
        {
          "identifier": "f382af4a-0aec-4136-8084-ad08111dc9dd",
          "smiles": "CO",
          "state_of_matter": "LIQUID",
          "molecular_weight": 32.04186000000001,
          "density": 1.0,
          "mass": 0.32041860000000005,
          "is_produced_by": [],
          "is_consumed_by": [
            "2f73578a-08d7-4c8e-af92-a9dead80985a"
          ],
          "provenance__density": "dummy estimator based on mw",
          "provenance__is_consumed_by": null,
          "provenance__is_produced_by": null,
          "provenance__mass": null,
          "provenance__molecular_weight": "periodic table",
          "provenance__smiles": null,
          "provenance__state_of_matter": "dummy estimator based on mw"
        },
        {
          "identifier": "c79f011d-9f15-4dd4-a650-fd80d9c9d09e",
          "smiles": "[BH4][Na]",
          "state_of_matter": "SOLID",
          "molecular_weight": 37.83252999999999,
          "density": 1.4,
          "mass": 0.3783252999999999,
          "is_produced_by": [],
          "is_consumed_by": [
            "2f73578a-08d7-4c8e-af92-a9dead80985a"
          ],
          "provenance__density": "dummy estimator based on mw",
          "provenance__is_consumed_by": null,
          "provenance__is_produced_by": null,
          "provenance__mass": null,
          "provenance__molecular_weight": "periodic table",
          "provenance__smiles": null,
          "provenance__state_of_matter": "dummy estimator based on mw"
        },
        {
          "identifier": "842aa704-e6fd-49b8-ba58-2db1d72bdd66",
          "smiles": "O=C(O)O[Na]",
          "state_of_matter": "SOLID",
          "molecular_weight": 84.00661000000001,
          "density": 1.4,
          "mass": 0.8400661000000001,
          "is_produced_by": [],
          "is_consumed_by": [
            "2f73578a-08d7-4c8e-af92-a9dead80985a"
          ],
          "provenance__density": "dummy estimator based on mw",
          "provenance__is_consumed_by": null,
          "provenance__is_produced_by": null,
          "provenance__mass": null,
          "provenance__molecular_weight": "periodic table",
          "provenance__smiles": null,
          "provenance__state_of_matter": "dummy estimator based on mw"
        }
      ],
      "products": [
        {
          "identifier": "006698d9-1165-4fb9-8229-6c69f0b8c1a4",
          "smiles": "CNCc1cc(-c2ccccc2F)n(S(=O)(=O)c2cccnc2)c1",
          "state_of_matter": "SOLID",
          "molecular_weight": 346.39918320000027,
          "density": 1.4,
          "mass": 3.4639918320000027,
          "is_produced_by": [
            "2f73578a-08d7-4c8e-af92-a9dead80985a"
          ],
          "is_consumed_by": [],
          "provenance__density": "dummy estimator based on mw",
          "provenance__is_consumed_by": null,
          "provenance__is_produced_by": null,
          "provenance__mass": null,
          "provenance__molecular_weight": "periodic table",
          "provenance__smiles": null,
          "provenance__state_of_matter": "dummy estimator based on mw"
        }
      ],
      "stoichiometry": {
        "41059282-9bfd-49eb-a856-3a26f31ae92f": 1.0,
        "5d0242e7-b80f-4046-b0d2-8f62655b929d": 1.0,
        "006698d9-1165-4fb9-8229-6c69f0b8c1a4": -1.0
      },
      "temperature": 294.2666636824608,
      "intended_ratios": {
        "41059282-9bfd-49eb-a856-3a26f31ae92f": 1.0,
        "5d0242e7-b80f-4046-b0d2-8f62655b929d": 1.0,
        "f382af4a-0aec-4136-8084-ad08111dc9dd": 1.0,
        "c79f011d-9f15-4dd4-a650-fd80d9c9d09e": 1.0,
        "842aa704-e6fd-49b8-ba58-2db1d72bdd66": 1.0
      },
      "expected_yields": {
        "006698d9-1165-4fb9-8229-6c69f0b8c1a4": 1.0
      },
      "reaction_extent": 0.01
    },
    {
      "identifier": "ecc21df0-9a25-4dac-9414-eb6e285d8493",
      "reactants": [
        {
          "identifier": "efff9235-c93b-405c-8785-05e3c92cf903",
          "smiles": "Cc1cnc(Cl)nc1Nc1cccc(S(=O)(=O)NC(C)(C)C)c1",
          "state_of_matter": "SOLID",
          "molecular_weight": 354.8549600000003,
          "density": 1.4,
          "mass": 3.548549600000003,
          "is_produced_by": [],
          "is_consumed_by": [
            "ecc21df0-9a25-4dac-9414-eb6e285d8493"
          ],
          "provenance__density": "dummy estimator based on mw",
          "provenance__is_consumed_by": null,
          "provenance__is_produced_by": null,
          "provenance__mass": null,
          "provenance__molecular_weight": "periodic table",
          "provenance__smiles": null,
          "provenance__state_of_matter": "dummy estimator based on mw"
        },
        {
          "identifier": "0cb15396-1ec4-4006-94b1-44dba2139060",
          "smiles": "Nc1ccc(OCc2ccccc2)cc1",
          "state_of_matter": "LIQUID",
          "molecular_weight": 199.2484199999998,
          "density": 1.0,
          "mass": 1.9924841999999983,
          "is_produced_by": [],
          "is_consumed_by": [
            "ecc21df0-9a25-4dac-9414-eb6e285d8493"
          ],
          "provenance__density": "dummy estimator based on mw",
          "provenance__is_consumed_by": null,
          "provenance__is_produced_by": null,
          "provenance__mass": null,
          "provenance__molecular_weight": "periodic table",
          "provenance__smiles": null,
          "provenance__state_of_matter": "dummy estimator based on mw"
        }
      ],
      "reagents": [
        {
          "identifier": "c6d3f4be-66e1-4bfa-a5d1-e2510d3b3ed2",
          "smiles": "Cl",
          "state_of_matter": "LIQUID",
          "molecular_weight": 36.46094,
          "density": 1.0,
          "mass": 0.36460940000000003,
          "is_produced_by": [],
          "is_consumed_by": [
            "ecc21df0-9a25-4dac-9414-eb6e285d8493"
          ],
          "provenance__density": "dummy estimator based on mw",
          "provenance__is_consumed_by": null,
          "provenance__is_produced_by": null,
          "provenance__mass": null,
          "provenance__molecular_weight": "periodic table",
          "provenance__smiles": null,
          "provenance__state_of_matter": "dummy estimator based on mw"
        },
        {
          "identifier": "a61c5e67-0baf-4060-acbe-30ca31409a35",
          "smiles": "C1COCCO1",
          "state_of_matter": "LIQUID",
          "molecular_weight": 88.10512000000004,
          "density": 1.0,
          "mass": 0.8810512000000005,
          "is_produced_by": [],
          "is_consumed_by": [
            "ecc21df0-9a25-4dac-9414-eb6e285d8493"
          ],
          "provenance__density": "dummy estimator based on mw",
          "provenance__is_consumed_by": null,
          "provenance__is_produced_by": null,
          "provenance__mass": null,
          "provenance__molecular_weight": "periodic table",
          "provenance__smiles": null,
          "provenance__state_of_matter": "dummy estimator based on mw"
        }
      ],
      "products": [
        {
          "identifier": "5ef6a5b3-7bd2-4aa3-9b2e-d7587f193455",
          "smiles": "Cc1cnc(Nc2ccc(OCc3ccccc3)cc2)nc1Nc1cccc(S(=O)(=O)NC(C)(C)C)c1",
          "state_of_matter": "SOLID",
          "molecular_weight": 517.6424400000001,
          "density": 1.4,
          "mass": 5.176424400000001,
          "is_produced_by": [
            "ecc21df0-9a25-4dac-9414-eb6e285d8493"
          ],
          "is_consumed_by": [],
          "provenance__density": "dummy estimator based on mw",
          "provenance__is_consumed_by": null,
          "provenance__is_produced_by": null,
          "provenance__mass": null,
          "provenance__molecular_weight": "periodic table",
          "provenance__smiles": null,
          "provenance__state_of_matter": "dummy estimator based on mw"
        }
      ],
      "stoichiometry": {
        "efff9235-c93b-405c-8785-05e3c92cf903": 1.0,
        "0cb15396-1ec4-4006-94b1-44dba2139060": 1.0,
        "5ef6a5b3-7bd2-4aa3-9b2e-d7587f193455": -1.0
      },
      "temperature": 369.8748215675354,
      "intended_ratios": {
        "efff9235-c93b-405c-8785-05e3c92cf903": 1.0,
        "0cb15396-1ec4-4006-94b1-44dba2139060": 1.0,
        "c6d3f4be-66e1-4bfa-a5d1-e2510d3b3ed2": 1.0,
        "a61c5e67-0baf-4060-acbe-30ca31409a35": 1.0
      },
      "expected_yields": {
        "5ef6a5b3-7bd2-4aa3-9b2e-d7587f193455": 1.0
      },
      "reaction_extent": 0.01
    },
    {
      "identifier": "930c1a18-b799-4f2e-952c-23f3d7a61c27",
      "reactants": [
        {
          "identifier": "3cfa230e-5a84-4863-aa71-6132ccedd205",
          "smiles": "Cc1cnc(Nc2ccc(O)cc2)nc1Nc1cccc(S(=O)(=O)NC(C)(C)C)c1",
          "state_of_matter": "SOLID",
          "molecular_weight": 427.51990000000035,
          "density": 1.4,
          "mass": 4.275199000000003,
          "is_produced_by": [],
          "is_consumed_by": [
            "930c1a18-b799-4f2e-952c-23f3d7a61c27"
          ],
          "provenance__density": "dummy estimator based on mw",
          "provenance__is_consumed_by": null,
          "provenance__is_produced_by": null,
          "provenance__mass": null,
          "provenance__molecular_weight": "periodic table",
          "provenance__smiles": null,
          "provenance__state_of_matter": "dummy estimator based on mw"
        },
        {
          "identifier": "24d5fa4c-dcb1-4b0a-8fa2-3071fd02b599",
          "smiles": "ClCCN1CCCC1",
          "state_of_matter": "LIQUID",
          "molecular_weight": 133.61917999999997,
          "density": 1.0,
          "mass": 1.3361917999999997,
          "is_produced_by": [],
          "is_consumed_by": [
            "930c1a18-b799-4f2e-952c-23f3d7a61c27"
          ],
          "provenance__density": "dummy estimator based on mw",
          "provenance__is_consumed_by": null,
          "provenance__is_produced_by": null,
          "provenance__mass": null,
          "provenance__molecular_weight": "periodic table",
          "provenance__smiles": null,
          "provenance__state_of_matter": "dummy estimator based on mw"
        }
      ],
      "reagents": [
        {
          "identifier": "baec45cf-fdb3-4ee0-95d6-6b97a931c106",
          "smiles": "O=C(O[K])O[K]",
          "state_of_matter": "SOLID",
          "molecular_weight": 138.2055,
          "density": 1.4,
          "mass": 1.382055,
          "is_produced_by": [],
          "is_consumed_by": [
            "930c1a18-b799-4f2e-952c-23f3d7a61c27"
          ],
          "provenance__density": "dummy estimator based on mw",
          "provenance__is_consumed_by": null,
          "provenance__is_produced_by": null,
          "provenance__mass": null,
          "provenance__molecular_weight": "periodic table",
          "provenance__smiles": null,
          "provenance__state_of_matter": "dummy estimator based on mw"
        },
        {
          "identifier": "78f8d865-b363-4c5f-8fe7-836914be4f58",
          "smiles": "CC(C)=O",
          "state_of_matter": "LIQUID",
          "molecular_weight": 58.07913999999999,
          "density": 1.0,
          "mass": 0.5807913999999998,
          "is_produced_by": [],
          "is_consumed_by": [
            "930c1a18-b799-4f2e-952c-23f3d7a61c27"
          ],
          "provenance__density": "dummy estimator based on mw",
          "provenance__is_consumed_by": null,
          "provenance__is_produced_by": null,
          "provenance__mass": null,
          "provenance__molecular_weight": "periodic table",
          "provenance__smiles": null,
          "provenance__state_of_matter": "dummy estimator based on mw"
        }
      ],
      "products": [
        {
          "identifier": "381eabb5-7c1b-4788-8031-6b93f28f46ae",
          "smiles": "Cc1cnc(Nc2ccc(OCCN3CCCC3)cc2)nc1Nc1cccc(S(=O)(=O)NC(C)(C)C)c1",
          "state_of_matter": "SOLID",
          "molecular_weight": 524.6781399999998,
          "density": 1.4,
          "mass": 5.246781399999998,
          "is_produced_by": [
            "930c1a18-b799-4f2e-952c-23f3d7a61c27"
          ],
          "is_consumed_by": [],
          "provenance__density": "dummy estimator based on mw",
          "provenance__is_consumed_by": null,
          "provenance__is_produced_by": null,
          "provenance__mass": null,
          "provenance__molecular_weight": "periodic table",
          "provenance__smiles": null,
          "provenance__state_of_matter": "dummy estimator based on mw"
        }
      ],
      "stoichiometry": {
        "3cfa230e-5a84-4863-aa71-6132ccedd205": 1.0,
        "24d5fa4c-dcb1-4b0a-8fa2-3071fd02b599": 1.0,
        "381eabb5-7c1b-4788-8031-6b93f28f46ae": -1.0
      },
      "temperature": 346.08960286974906,
      "intended_ratios": {
        "3cfa230e-5a84-4863-aa71-6132ccedd205": 1.0,
        "24d5fa4c-dcb1-4b0a-8fa2-3071fd02b599": 1.0,
        "baec45cf-fdb3-4ee0-95d6-6b97a931c106": 1.0,
        "78f8d865-b363-4c5f-8fe7-836914be4f58": 1.0
      },
      "expected_yields": {
        "381eabb5-7c1b-4788-8031-6b93f28f46ae": 1.0
      },
      "reaction_extent": 0.01
    },
    {
      "identifier": "76413546-3697-431f-8cb1-dc5e83425add",
      "reactants": [
        {
          "identifier": "ac4c5dd4-fb40-469c-bde9-1bfe2097528a",
          "smiles": "Cc1cnc(Nc2ccc(OCc3ccccc3)cc2)nc1Nc1cccc(S(=O)(=O)NC(C)(C)C)c1",
          "state_of_matter": "SOLID",
          "molecular_weight": 517.6424400000001,
          "density": 1.4,
          "mass": 5.176424400000001,
          "is_produced_by": [],
          "is_consumed_by": [
            "76413546-3697-431f-8cb1-dc5e83425add"
          ],
          "provenance__density": "dummy estimator based on mw",
          "provenance__is_consumed_by": null,
          "provenance__is_produced_by": null,
          "provenance__mass": null,
          "provenance__molecular_weight": "periodic table",
          "provenance__smiles": null,
          "provenance__state_of_matter": "dummy estimator based on mw"
        }
      ],
      "reagents": [
        {
          "identifier": "84d24fe4-6d7a-46ce-bf70-b571c8b94ae0",
          "smiles": "CO",
          "state_of_matter": "LIQUID",
          "molecular_weight": 32.04186000000001,
          "density": 1.0,
          "mass": 0.32041860000000005,
          "is_produced_by": [],
          "is_consumed_by": [
            "76413546-3697-431f-8cb1-dc5e83425add"
          ],
          "provenance__density": "dummy estimator based on mw",
          "provenance__is_consumed_by": null,
          "provenance__is_produced_by": null,
          "provenance__mass": null,
          "provenance__molecular_weight": "periodic table",
          "provenance__smiles": null,
          "provenance__state_of_matter": "dummy estimator based on mw"
        },
        {
          "identifier": "78705546-6084-4940-b767-9bae55451a6e",
          "smiles": "[Pd]",
          "state_of_matter": "SOLID",
          "molecular_weight": 106.42,
          "density": 1.4,
          "mass": 1.0642,
          "is_produced_by": [],
          "is_consumed_by": [
            "76413546-3697-431f-8cb1-dc5e83425add"
          ],
          "provenance__density": "dummy estimator based on mw",
          "provenance__is_consumed_by": null,
          "provenance__is_produced_by": null,
          "provenance__mass": null,
          "provenance__molecular_weight": "periodic table",
          "provenance__smiles": null,
          "provenance__state_of_matter": "dummy estimator based on mw"
        }
      ],
      "products": [
        {
          "identifier": "5ef80422-6e12-43e7-afb2-646d8c913114",
          "smiles": "Cc1cnc(Nc2ccc(O)cc2)nc1Nc1cccc(S(=O)(=O)NC(C)(C)C)c1",
          "state_of_matter": "SOLID",
          "molecular_weight": 427.51990000000035,
          "density": 1.4,
          "mass": 4.275199000000003,
          "is_produced_by": [
            "76413546-3697-431f-8cb1-dc5e83425add"
          ],
          "is_consumed_by": [],
          "provenance__density": "dummy estimator based on mw",
          "provenance__is_consumed_by": null,
          "provenance__is_produced_by": null,
          "provenance__mass": null,
          "provenance__molecular_weight": "periodic table",
          "provenance__smiles": null,
          "provenance__state_of_matter": "dummy estimator based on mw"
        }
      ],
      "stoichiometry": {
        "ac4c5dd4-fb40-469c-bde9-1bfe2097528a": 1.0,
        "5ef80422-6e12-43e7-afb2-646d8c913114": -1.0
      },
      "temperature": 290.56993040442467,
      "intended_ratios": {
        "ac4c5dd4-fb40-469c-bde9-1bfe2097528a": 1.0,
        "84d24fe4-6d7a-46ce-bf70-b571c8b94ae0": 1.0,
        "78705546-6084-4940-b767-9bae55451a6e": 1.0
      },
      "expected_yields": {
        "5ef80422-6e12-43e7-afb2-646d8c913114": 1.0
      },
      "reaction_extent": 0.01
    },
    {
      "identifier": "377ebd93-6537-4ae8-8ebe-918bf06ac03d",
      "reactants": [
        {
          "identifier": "e6cb9461-8439-43ad-acf6-e306a435ddf7",
          "smiles": "NC(=O)OCC(Cc1ccccc1)N1C(=O)c2ccccc2C1=O",
          "state_of_matter": "SOLID",
          "molecular_weight": 324.3306400000002,
          "density": 1.4,
          "mass": 3.243306400000002,
          "is_produced_by": [],
          "is_consumed_by": [
            "377ebd93-6537-4ae8-8ebe-918bf06ac03d"
          ],
          "provenance__density": "dummy estimator based on mw",
          "provenance__is_consumed_by": null,
          "provenance__is_produced_by": null,
          "provenance__mass": null,
          "provenance__molecular_weight": "periodic table",
          "provenance__smiles": null,
          "provenance__state_of_matter": "dummy estimator based on mw"
        }
      ],
      "reagents": [
        {
          "identifier": "d14a521f-d53b-4f87-96cc-c7f02b516e3f",
          "smiles": "CCO",
          "state_of_matter": "LIQUID",
          "molecular_weight": 46.06843999999999,
          "density": 1.0,
          "mass": 0.4606843999999999,
          "is_produced_by": [],
          "is_consumed_by": [
            "377ebd93-6537-4ae8-8ebe-918bf06ac03d"
          ],
          "provenance__density": "dummy estimator based on mw",
          "provenance__is_consumed_by": null,
          "provenance__is_produced_by": null,
          "provenance__mass": null,
          "provenance__molecular_weight": "periodic table",
          "provenance__smiles": null,
          "provenance__state_of_matter": "dummy estimator based on mw"
        },
        {
          "identifier": "ba816d03-6a4a-41e7-a974-6dcdd82d47d4",
          "smiles": "O",
          "state_of_matter": "LIQUID",
          "molecular_weight": 18.01528,
          "density": 1.0,
          "mass": 0.1801528,
          "is_produced_by": [],
          "is_consumed_by": [
            "377ebd93-6537-4ae8-8ebe-918bf06ac03d"
          ],
          "provenance__density": "dummy estimator based on mw",
          "provenance__is_consumed_by": null,
          "provenance__is_produced_by": null,
          "provenance__mass": null,
          "provenance__molecular_weight": "periodic table",
          "provenance__smiles": null,
          "provenance__state_of_matter": "dummy estimator based on mw"
        },
        {
          "identifier": "0bdb02c9-56bd-478c-b1b0-30444e067c88",
          "smiles": "NN",
          "state_of_matter": "LIQUID",
          "molecular_weight": 32.04516,
          "density": 1.0,
          "mass": 0.32045160000000006,
          "is_produced_by": [],
          "is_consumed_by": [
            "377ebd93-6537-4ae8-8ebe-918bf06ac03d"
          ],
          "provenance__density": "dummy estimator based on mw",
          "provenance__is_consumed_by": null,
          "provenance__is_produced_by": null,
          "provenance__mass": null,
          "provenance__molecular_weight": "periodic table",
          "provenance__smiles": null,
          "provenance__state_of_matter": "dummy estimator based on mw"
        }
      ],
      "products": [
        {
          "identifier": "8607b569-3e57-4fca-afde-71430c5334ad",
          "smiles": "NC(=O)OCC(N)Cc1ccccc1",
          "state_of_matter": "LIQUID",
          "molecular_weight": 194.23035999999985,
          "density": 1.0,
          "mass": 1.9423035999999985,
          "is_produced_by": [
            "377ebd93-6537-4ae8-8ebe-918bf06ac03d"
          ],
          "is_consumed_by": [],
          "provenance__density": "dummy estimator based on mw",
          "provenance__is_consumed_by": null,
          "provenance__is_produced_by": null,
          "provenance__mass": null,
          "provenance__molecular_weight": "periodic table",
          "provenance__smiles": null,
          "provenance__state_of_matter": "dummy estimator based on mw"
        }
      ],
      "stoichiometry": {
        "e6cb9461-8439-43ad-acf6-e306a435ddf7": 1.0,
        "8607b569-3e57-4fca-afde-71430c5334ad": -1.0
      },
      "temperature": 317.4692176401615,
      "intended_ratios": {
        "e6cb9461-8439-43ad-acf6-e306a435ddf7": 1.0,
        "d14a521f-d53b-4f87-96cc-c7f02b516e3f": 1.0,
        "ba816d03-6a4a-41e7-a974-6dcdd82d47d4": 1.0,
        "0bdb02c9-56bd-478c-b1b0-30444e067c88": 1.0
      },
      "expected_yields": {
        "8607b569-3e57-4fca-afde-71430c5334ad": 1.0
      },
      "reaction_extent": 0.01
    },
    {
      "identifier": "27534a5f-2e1a-487c-b496-3726836b4715",
      "reactants": [
        {
          "identifier": "13f4bfff-674d-4ed5-9ea0-490674f310ef",
          "smiles": "O=C(Cl)C(Cc1ccccc1)N1C(=O)c2ccccc2C1=O",
          "state_of_matter": "SOLID",
          "molecular_weight": 313.73508000000015,
          "density": 1.4,
          "mass": 3.1373508000000014,
          "is_produced_by": [],
          "is_consumed_by": [
            "27534a5f-2e1a-487c-b496-3726836b4715"
          ],
          "provenance__density": "dummy estimator based on mw",
          "provenance__is_consumed_by": null,
          "provenance__is_produced_by": null,
          "provenance__mass": null,
          "provenance__molecular_weight": "periodic table",
          "provenance__smiles": null,
          "provenance__state_of_matter": "dummy estimator based on mw"
        }
      ],
      "reagents": [
        {
          "identifier": "15ca1815-8e5a-4117-89e4-893181356060",
          "smiles": "c1ccncc1",
          "state_of_matter": "LIQUID",
          "molecular_weight": 79.09990000000003,
          "density": 1.0,
          "mass": 0.7909990000000003,
          "is_produced_by": [],
          "is_consumed_by": [
            "27534a5f-2e1a-487c-b496-3726836b4715"
          ],
          "provenance__density": "dummy estimator based on mw",
          "provenance__is_consumed_by": null,
          "provenance__is_produced_by": null,
          "provenance__mass": null,
          "provenance__molecular_weight": "periodic table",
          "provenance__smiles": null,
          "provenance__state_of_matter": "dummy estimator based on mw"
        }
      ],
      "products": [
        {
          "identifier": "ac9c092e-856e-42d6-9329-b50277eb7f2b",
          "smiles": "O=CC(Cc1ccccc1)N1C(=O)c2ccccc2C1=O",
          "state_of_matter": "SOLID",
          "molecular_weight": 279.2900200000002,
          "density": 1.4,
          "mass": 2.792900200000002,
          "is_produced_by": [
            "27534a5f-2e1a-487c-b496-3726836b4715"
          ],
          "is_consumed_by": [],
          "provenance__density": "dummy estimator based on mw",
          "provenance__is_consumed_by": null,
          "provenance__is_produced_by": null,
          "provenance__mass": null,
          "provenance__molecular_weight": "periodic table",
          "provenance__smiles": null,
          "provenance__state_of_matter": "dummy estimator based on mw"
        }
      ],
      "stoichiometry": {
        "13f4bfff-674d-4ed5-9ea0-490674f310ef": 1.0,
        "ac9c092e-856e-42d6-9329-b50277eb7f2b": -1.0
      },
      "temperature": 317.42750569581983,
      "intended_ratios": {
        "13f4bfff-674d-4ed5-9ea0-490674f310ef": 1.0,
        "15ca1815-8e5a-4117-89e4-893181356060": 1.0
      },
      "expected_yields": {
        "ac9c092e-856e-42d6-9329-b50277eb7f2b": 1.0
      },
      "reaction_extent": 0.01
    },
    {
      "identifier": "878a3c8e-b178-429e-be33-77db322a93b9",
      "reactants": [
        {
          "identifier": "3d8945b0-29b4-47d9-95a9-83fe78cd73e6",
          "smiles": "O=C(Cl)Oc1ccccc1",
          "state_of_matter": "LIQUID",
          "molecular_weight": 156.56639999999996,
          "density": 1.0,
          "mass": 1.5656639999999997,
          "is_produced_by": [],
          "is_consumed_by": [
            "878a3c8e-b178-429e-be33-77db322a93b9"
          ],
          "provenance__density": "dummy estimator based on mw",
          "provenance__is_consumed_by": null,
          "provenance__is_produced_by": null,
          "provenance__mass": null,
          "provenance__molecular_weight": "periodic table",
          "provenance__smiles": null,
          "provenance__state_of_matter": "dummy estimator based on mw"
        },
        {
          "identifier": "56bfd366-3143-4708-bc3c-bfed02692808",
          "smiles": "O=C1c2ccccc2C(=O)N1C(CO)Cc1ccccc1",
          "state_of_matter": "SOLID",
          "molecular_weight": 281.30590000000024,
          "density": 1.4,
          "mass": 2.813059000000002,
          "is_produced_by": [],
          "is_consumed_by": [
            "878a3c8e-b178-429e-be33-77db322a93b9"
          ],
          "provenance__density": "dummy estimator based on mw",
          "provenance__is_consumed_by": null,
          "provenance__is_produced_by": null,
          "provenance__mass": null,
          "provenance__molecular_weight": "periodic table",
          "provenance__smiles": null,
          "provenance__state_of_matter": "dummy estimator based on mw"
        }
      ],
      "reagents": [
        {
          "identifier": "71cd8cb3-7205-433b-96c9-6209ac7aa950",
          "smiles": "ClCCl",
          "state_of_matter": "LIQUID",
          "molecular_weight": 84.93258000000002,
          "density": 1.0,
          "mass": 0.8493258000000001,
          "is_produced_by": [],
          "is_consumed_by": [
            "878a3c8e-b178-429e-be33-77db322a93b9"
          ],
          "provenance__density": "dummy estimator based on mw",
          "provenance__is_consumed_by": null,
          "provenance__is_produced_by": null,
          "provenance__mass": null,
          "provenance__molecular_weight": "periodic table",
          "provenance__smiles": null,
          "provenance__state_of_matter": "dummy estimator based on mw"
        },
        {
          "identifier": "09b34864-ee4d-4e0c-aceb-341635d8eb5d",
          "smiles": "c1ccncc1",
          "state_of_matter": "LIQUID",
          "molecular_weight": 79.09990000000003,
          "density": 1.0,
          "mass": 0.7909990000000003,
          "is_produced_by": [],
          "is_consumed_by": [
            "878a3c8e-b178-429e-be33-77db322a93b9"
          ],
          "provenance__density": "dummy estimator based on mw",
          "provenance__is_consumed_by": null,
          "provenance__is_produced_by": null,
          "provenance__mass": null,
          "provenance__molecular_weight": "periodic table",
          "provenance__smiles": null,
          "provenance__state_of_matter": "dummy estimator based on mw"
        }
      ],
      "products": [
        {
          "identifier": "ed042003-19bc-4104-9378-529b8d058eed",
          "smiles": "O=C(OCC(Cc1ccccc1)N1C(=O)c2ccccc2C1=O)Oc1ccccc1",
          "state_of_matter": "SOLID",
          "molecular_weight": 401.4113600000002,
          "density": 1.4,
          "mass": 4.014113600000002,
          "is_produced_by": [
            "878a3c8e-b178-429e-be33-77db322a93b9"
          ],
          "is_consumed_by": [],
          "provenance__density": "dummy estimator based on mw",
          "provenance__is_consumed_by": null,
          "provenance__is_produced_by": null,
          "provenance__mass": null,
          "provenance__molecular_weight": "periodic table",
          "provenance__smiles": null,
          "provenance__state_of_matter": "dummy estimator based on mw"
        }
      ],
      "stoichiometry": {
        "3d8945b0-29b4-47d9-95a9-83fe78cd73e6": 1.0,
        "56bfd366-3143-4708-bc3c-bfed02692808": 1.0,
        "ed042003-19bc-4104-9378-529b8d058eed": -1.0
      },
      "temperature": 284.061108738184,
      "intended_ratios": {
        "3d8945b0-29b4-47d9-95a9-83fe78cd73e6": 1.0,
        "56bfd366-3143-4708-bc3c-bfed02692808": 1.0,
        "71cd8cb3-7205-433b-96c9-6209ac7aa950": 1.0,
        "09b34864-ee4d-4e0c-aceb-341635d8eb5d": 1.0
      },
      "expected_yields": {
        "ed042003-19bc-4104-9378-529b8d058eed": 1.0
      },
      "reaction_extent": 0.01
    },
    {
      "identifier": "2acf0fe2-3cef-4cdf-9204-0028f509a357",
      "reactants": [
        {
          "identifier": "1e4af18c-8cf8-4b76-9537-9902781aad2a",
          "smiles": "O=C(O)C(Cc1ccccc1)N1C(=O)c2ccccc2C1=O",
          "state_of_matter": "SOLID",
          "molecular_weight": 295.2894200000002,
          "density": 1.4,
          "mass": 2.952894200000002,
          "is_produced_by": [],
          "is_consumed_by": [
            "2acf0fe2-3cef-4cdf-9204-0028f509a357"
          ],
          "provenance__density": "dummy estimator based on mw",
          "provenance__is_consumed_by": null,
          "provenance__is_produced_by": null,
          "provenance__mass": null,
          "provenance__molecular_weight": "periodic table",
          "provenance__smiles": null,
          "provenance__state_of_matter": "dummy estimator based on mw"
        }
      ],
      "reagents": [
        {
          "identifier": "1a91aea7-9fc1-4e64-9129-8407a7a6d71b",
          "smiles": "CN(C)C=O",
          "state_of_matter": "LIQUID",
          "molecular_weight": 73.09378000000004,
          "density": 1.0,
          "mass": 0.7309378000000004,
          "is_produced_by": [],
          "is_consumed_by": [
            "2acf0fe2-3cef-4cdf-9204-0028f509a357"
          ],
          "provenance__density": "dummy estimator based on mw",
          "provenance__is_consumed_by": null,
          "provenance__is_produced_by": null,
          "provenance__mass": null,
          "provenance__molecular_weight": "periodic table",
          "provenance__smiles": null,
          "provenance__state_of_matter": "dummy estimator based on mw"
        },
        {
          "identifier": "b1593a92-f209-4a65-a5c8-0d6bbcf85c73",
          "smiles": "ClCCl",
          "state_of_matter": "LIQUID",
          "molecular_weight": 84.93258000000002,
          "density": 1.0,
          "mass": 0.8493258000000001,
          "is_produced_by": [],
          "is_consumed_by": [
            "2acf0fe2-3cef-4cdf-9204-0028f509a357"
          ],
          "provenance__density": "dummy estimator based on mw",
          "provenance__is_consumed_by": null,
          "provenance__is_produced_by": null,
          "provenance__mass": null,
          "provenance__molecular_weight": "periodic table",
          "provenance__smiles": null,
          "provenance__state_of_matter": "dummy estimator based on mw"
        },
        {
          "identifier": "f16b5e5c-a459-4586-b3d8-867f6657f42b",
          "smiles": "O=C(Cl)C(=O)Cl",
          "state_of_matter": "LIQUID",
          "molecular_weight": 126.92620000000001,
          "density": 1.0,
          "mass": 1.2692620000000001,
          "is_produced_by": [],
          "is_consumed_by": [
            "2acf0fe2-3cef-4cdf-9204-0028f509a357"
          ],
          "provenance__density": "dummy estimator based on mw",
          "provenance__is_consumed_by": null,
          "provenance__is_produced_by": null,
          "provenance__mass": null,
          "provenance__molecular_weight": "periodic table",
          "provenance__smiles": null,
          "provenance__state_of_matter": "dummy estimator based on mw"
        }
      ],
      "products": [
        {
          "identifier": "61e22841-ab18-421e-ad5a-de4b879bcf4a",
          "smiles": "O=C(Cl)C(Cc1ccccc1)N1C(=O)c2ccccc2C1=O",
          "state_of_matter": "SOLID",
          "molecular_weight": 313.73508000000015,
          "density": 1.4,
          "mass": 3.1373508000000014,
          "is_produced_by": [
            "2acf0fe2-3cef-4cdf-9204-0028f509a357"
          ],
          "is_consumed_by": [],
          "provenance__density": "dummy estimator based on mw",
          "provenance__is_consumed_by": null,
          "provenance__is_produced_by": null,
          "provenance__mass": null,
          "provenance__molecular_weight": "periodic table",
          "provenance__smiles": null,
          "provenance__state_of_matter": "dummy estimator based on mw"
        }
      ],
      "stoichiometry": {
        "1e4af18c-8cf8-4b76-9537-9902781aad2a": 1.0,
        "61e22841-ab18-421e-ad5a-de4b879bcf4a": -1.0
      },
      "temperature": 293.7473646283149,
      "intended_ratios": {
        "1e4af18c-8cf8-4b76-9537-9902781aad2a": 1.0,
        "1a91aea7-9fc1-4e64-9129-8407a7a6d71b": 1.0,
        "b1593a92-f209-4a65-a5c8-0d6bbcf85c73": 1.0,
        "f16b5e5c-a459-4586-b3d8-867f6657f42b": 1.0
      },
      "expected_yields": {
        "61e22841-ab18-421e-ad5a-de4b879bcf4a": 1.0
      },
      "reaction_extent": 0.01
    },
    {
      "identifier": "ed0d4a8a-c3b1-4755-9b63-518f4eaf9119",
      "reactants": [
        {
          "identifier": "c80d77de-4a04-4fb6-acaf-d57d53d24ddf",
          "smiles": "O=C(OCC(Cc1ccccc1)N1C(=O)c2ccccc2C1=O)Oc1ccccc1",
          "state_of_matter": "SOLID",
          "molecular_weight": 401.4113600000002,
          "density": 1.4,
          "mass": 4.014113600000002,
          "is_produced_by": [],
          "is_consumed_by": [
            "ed0d4a8a-c3b1-4755-9b63-518f4eaf9119"
          ],
          "provenance__density": "dummy estimator based on mw",
          "provenance__is_consumed_by": null,
          "provenance__is_produced_by": null,
          "provenance__mass": null,
          "provenance__molecular_weight": "periodic table",
          "provenance__smiles": null,
          "provenance__state_of_matter": "dummy estimator based on mw"
        }
      ],
      "reagents": [
        {
          "identifier": "c3cd04d2-089a-4875-be76-4901399b413e",
          "smiles": "CN",
          "state_of_matter": "LIQUID",
          "molecular_weight": 31.05710000000001,
          "density": 1.0,
          "mass": 0.3105710000000001,
          "is_produced_by": [],
          "is_consumed_by": [
            "ed0d4a8a-c3b1-4755-9b63-518f4eaf9119"
          ],
          "provenance__density": "dummy estimator based on mw",
          "provenance__is_consumed_by": null,
          "provenance__is_produced_by": null,
          "provenance__mass": null,
          "provenance__molecular_weight": "periodic table",
          "provenance__smiles": null,
          "provenance__state_of_matter": "dummy estimator based on mw"
        }
      ],
      "products": [
        {
          "identifier": "644ec671-9809-40f6-8c80-db0ea244d9b4",
          "smiles": "NC(=O)OCC(Cc1ccccc1)N1C(=O)c2ccccc2C1=O",
          "state_of_matter": "SOLID",
          "molecular_weight": 324.3306400000002,
          "density": 1.4,
          "mass": 3.243306400000002,
          "is_produced_by": [
            "ed0d4a8a-c3b1-4755-9b63-518f4eaf9119"
          ],
          "is_consumed_by": [],
          "provenance__density": "dummy estimator based on mw",
          "provenance__is_consumed_by": null,
          "provenance__is_produced_by": null,
          "provenance__mass": null,
          "provenance__molecular_weight": "periodic table",
          "provenance__smiles": null,
          "provenance__state_of_matter": "dummy estimator based on mw"
        }
      ],
      "stoichiometry": {
        "c80d77de-4a04-4fb6-acaf-d57d53d24ddf": 1.0,
        "644ec671-9809-40f6-8c80-db0ea244d9b4": -1.0
      },
      "temperature": 351.4032031238079,
      "intended_ratios": {
        "c80d77de-4a04-4fb6-acaf-d57d53d24ddf": 1.0,
        "c3cd04d2-089a-4875-be76-4901399b413e": 1.0
      },
      "expected_yields": {
        "644ec671-9809-40f6-8c80-db0ea244d9b4": 1.0
      },
      "reaction_extent": 0.01
    },
    {
      "identifier": "0ee385f4-f290-44ed-8413-0b2f6152f360",
      "reactants": [
        {
          "identifier": "36285e70-11ef-4bb6-a813-c7f39a59b14d",
          "smiles": "O=CC(Cc1ccccc1)N1C(=O)c2ccccc2C1=O",
          "state_of_matter": "SOLID",
          "molecular_weight": 279.2900200000002,
          "density": 1.4,
          "mass": 2.792900200000002,
          "is_produced_by": [],
          "is_consumed_by": [
            "0ee385f4-f290-44ed-8413-0b2f6152f360"
          ],
          "provenance__density": "dummy estimator based on mw",
          "provenance__is_consumed_by": null,
          "provenance__is_produced_by": null,
          "provenance__mass": null,
          "provenance__molecular_weight": "periodic table",
          "provenance__smiles": null,
          "provenance__state_of_matter": "dummy estimator based on mw"
        }
      ],
      "reagents": [
        {
          "identifier": "1038838e-59cf-4d6d-b3b8-f65b55636ce9",
          "smiles": "CO",
          "state_of_matter": "LIQUID",
          "molecular_weight": 32.04186000000001,
          "density": 1.0,
          "mass": 0.32041860000000005,
          "is_produced_by": [],
          "is_consumed_by": [
            "0ee385f4-f290-44ed-8413-0b2f6152f360"
          ],
          "provenance__density": "dummy estimator based on mw",
          "provenance__is_consumed_by": null,
          "provenance__is_produced_by": null,
          "provenance__mass": null,
          "provenance__molecular_weight": "periodic table",
          "provenance__smiles": null,
          "provenance__state_of_matter": "dummy estimator based on mw"
        },
        {
          "identifier": "c4fb2ad4-b7d6-4734-b018-0e0d36580363",
          "smiles": "[BH4][Na]",
          "state_of_matter": "SOLID",
          "molecular_weight": 37.83252999999999,
          "density": 1.4,
          "mass": 0.3783252999999999,
          "is_produced_by": [],
          "is_consumed_by": [
            "0ee385f4-f290-44ed-8413-0b2f6152f360"
          ],
          "provenance__density": "dummy estimator based on mw",
          "provenance__is_consumed_by": null,
          "provenance__is_produced_by": null,
          "provenance__mass": null,
          "provenance__molecular_weight": "periodic table",
          "provenance__smiles": null,
          "provenance__state_of_matter": "dummy estimator based on mw"
        }
      ],
      "products": [
        {
          "identifier": "ac13d228-7100-4b5c-adf2-5e105878d075",
          "smiles": "O=C1c2ccccc2C(=O)N1C(CO)Cc1ccccc1",
          "state_of_matter": "SOLID",
          "molecular_weight": 281.30590000000024,
          "density": 1.4,
          "mass": 2.813059000000002,
          "is_produced_by": [
            "0ee385f4-f290-44ed-8413-0b2f6152f360"
          ],
          "is_consumed_by": [],
          "provenance__density": "dummy estimator based on mw",
          "provenance__is_consumed_by": null,
          "provenance__is_produced_by": null,
          "provenance__mass": null,
          "provenance__molecular_weight": "periodic table",
          "provenance__smiles": null,
          "provenance__state_of_matter": "dummy estimator based on mw"
        }
      ],
      "stoichiometry": {
        "36285e70-11ef-4bb6-a813-c7f39a59b14d": 1.0,
        "ac13d228-7100-4b5c-adf2-5e105878d075": -1.0
      },
      "temperature": 286.01925821900363,
      "intended_ratios": {
        "36285e70-11ef-4bb6-a813-c7f39a59b14d": 1.0,
        "1038838e-59cf-4d6d-b3b8-f65b55636ce9": 1.0,
        "c4fb2ad4-b7d6-4734-b018-0e0d36580363": 1.0
      },
      "expected_yields": {
        "ac13d228-7100-4b5c-adf2-5e105878d075": 1.0
      },
      "reaction_extent": 0.01
    },
    {
      "identifier": "227a0cb7-447c-4c55-a71b-9b4b0c8d33c6",
      "reactants": [
        {
          "identifier": "bc53791d-7340-417b-874a-47457e4e6121",
          "smiles": "O=Cc1c[nH]c(-c2ccccc2F)c1",
          "state_of_matter": "LIQUID",
          "molecular_weight": 189.18572319999987,
          "density": 1.0,
          "mass": 1.8918572319999987,
          "is_produced_by": [],
          "is_consumed_by": [
            "227a0cb7-447c-4c55-a71b-9b4b0c8d33c6"
          ],
          "provenance__density": "dummy estimator based on mw",
          "provenance__is_consumed_by": null,
          "provenance__is_produced_by": null,
          "provenance__mass": null,
          "provenance__molecular_weight": "periodic table",
          "provenance__smiles": null,
          "provenance__state_of_matter": "dummy estimator based on mw"
        },
        {
          "identifier": "7abee31c-cc1e-4624-b6a3-e39b89d95c19",
          "smiles": "O=S(=O)(Cl)c1cccnc1",
          "state_of_matter": "LIQUID",
          "molecular_weight": 177.60875999999996,
          "density": 1.0,
          "mass": 1.7760875999999997,
          "is_produced_by": [],
          "is_consumed_by": [
            "227a0cb7-447c-4c55-a71b-9b4b0c8d33c6"
          ],
          "provenance__density": "dummy estimator based on mw",
          "provenance__is_consumed_by": null,
          "provenance__is_produced_by": null,
          "provenance__mass": null,
          "provenance__molecular_weight": "periodic table",
          "provenance__smiles": null,
          "provenance__state_of_matter": "dummy estimator based on mw"
        }
      ],
      "reagents": [
        {
          "identifier": "0928a7f8-bf10-47f4-8b25-eaa7360413f8",
          "smiles": "C1CCOC1",
          "state_of_matter": "LIQUID",
          "molecular_weight": 72.10572000000005,
          "density": 1.0,
          "mass": 0.7210572000000005,
          "is_produced_by": [],
          "is_consumed_by": [
            "227a0cb7-447c-4c55-a71b-9b4b0c8d33c6"
          ],
          "provenance__density": "dummy estimator based on mw",
          "provenance__is_consumed_by": null,
          "provenance__is_produced_by": null,
          "provenance__mass": null,
          "provenance__molecular_weight": "periodic table",
          "provenance__smiles": null,
          "provenance__state_of_matter": "dummy estimator based on mw"
        },
        {
          "identifier": "b3a8b17e-c669-4a4b-b59e-4ec300963c32",
          "smiles": "[Na]Cl",
          "state_of_matter": "SOLID",
          "molecular_weight": 58.44277,
          "density": 1.4,
          "mass": 0.5844277,
          "is_produced_by": [],
          "is_consumed_by": [
            "227a0cb7-447c-4c55-a71b-9b4b0c8d33c6"
          ],
          "provenance__density": "dummy estimator based on mw",
          "provenance__is_consumed_by": null,
          "provenance__is_produced_by": null,
          "provenance__mass": null,
          "provenance__molecular_weight": "periodic table",
          "provenance__smiles": null,
          "provenance__state_of_matter": "dummy estimator based on mw"
        },
        {
          "identifier": "1f872f44-0208-495f-a7b1-18a26df081a5",
          "smiles": "[NaH]",
          "state_of_matter": "SOLID",
          "molecular_weight": 23.99771,
          "density": 1.4,
          "mass": 0.23997710000000003,
          "is_produced_by": [],
          "is_consumed_by": [
            "227a0cb7-447c-4c55-a71b-9b4b0c8d33c6"
          ],
          "provenance__density": "dummy estimator based on mw",
          "provenance__is_consumed_by": null,
          "provenance__is_produced_by": null,
          "provenance__mass": null,
          "provenance__molecular_weight": "periodic table",
          "provenance__smiles": null,
          "provenance__state_of_matter": "dummy estimator based on mw"
        },
        {
          "identifier": "61dc5f0e-cc07-440a-ba32-97c88921c8ac",
          "smiles": "C1COCCOCCOCCOCCO1",
          "state_of_matter": "SOLID",
          "molecular_weight": 220.26279999999983,
          "density": 1.4,
          "mass": 2.2026279999999985,
          "is_produced_by": [],
          "is_consumed_by": [
            "227a0cb7-447c-4c55-a71b-9b4b0c8d33c6"
          ],
          "provenance__density": "dummy estimator based on mw",
          "provenance__is_consumed_by": null,
          "provenance__is_produced_by": null,
          "provenance__mass": null,
          "provenance__molecular_weight": "periodic table",
          "provenance__smiles": null,
          "provenance__state_of_matter": "dummy estimator based on mw"
        }
      ],
      "products": [
        {
          "identifier": "6029042d-4e80-416a-8481-4bdabf8c3408",
          "smiles": "O=Cc1cc(-c2ccccc2F)n(S(=O)(=O)c2cccnc2)c1",
          "state_of_matter": "SOLID",
          "molecular_weight": 331.3414832000002,
          "density": 1.4,
          "mass": 3.313414832000002,
          "is_produced_by": [
            "227a0cb7-447c-4c55-a71b-9b4b0c8d33c6"
          ],
          "is_consumed_by": [],
          "provenance__density": "dummy estimator based on mw",
          "provenance__is_consumed_by": null,
          "provenance__is_produced_by": null,
          "provenance__mass": null,
          "provenance__molecular_weight": "periodic table",
          "provenance__smiles": null,
          "provenance__state_of_matter": "dummy estimator based on mw"
        }
      ],
      "stoichiometry": {
        "bc53791d-7340-417b-874a-47457e4e6121": 1.0,
        "7abee31c-cc1e-4624-b6a3-e39b89d95c19": 1.0,
        "6029042d-4e80-416a-8481-4bdabf8c3408": -1.0
      },
      "temperature": 289.642726957798,
      "intended_ratios": {
        "bc53791d-7340-417b-874a-47457e4e6121": 1.0,
        "7abee31c-cc1e-4624-b6a3-e39b89d95c19": 1.0,
        "0928a7f8-bf10-47f4-8b25-eaa7360413f8": 1.0,
        "b3a8b17e-c669-4a4b-b59e-4ec300963c32": 1.0,
        "1f872f44-0208-495f-a7b1-18a26df081a5": 1.0,
        "61dc5f0e-cc07-440a-ba32-97c88921c8ac": 1.0
      },
      "expected_yields": {
        "6029042d-4e80-416a-8481-4bdabf8c3408": 1.0
      },
      "reaction_extent": 0.01
    }
  ],
  "molecular_nodes": [
    "C1CCOC1",
    "C1COCCO1",
    "C1COCCOCCOCCOCCO1",
    "CC(C)(C)NS(=O)(=O)c1cccc(N)c1",
    "CC(C)=O",
    "CC(C)n1nccc1-c1ncccc1CCl",
    "CC(C)n1nccc1-c1ncccc1CO",
    "CC(C)n1nccc1-c1ncccc1COc1cccc(O)c1C=O",
    "CC(C)n1nccc1B1OC(C)(C)C(C)(C)O1",
    "CCN(CC)CC",
    "CCO",
    "CN",
    "CN(C)C=O",
    "CNCc1cc(-c2ccccc2F)n(S(=O)(=O)c2cccnc2)c1",
    "CO",
    "CS(=O)(=O)Cl",
    "Cc1cnc(Cl)nc1Cl",
    "Cc1cnc(Cl)nc1Nc1cccc(S(=O)(=O)NC(C)(C)C)c1",
    "Cc1cnc(Nc2ccc(O)cc2)nc1Nc1cccc(S(=O)(=O)NC(C)(C)C)c1",
    "Cc1cnc(Nc2ccc(OCCN3CCCC3)cc2)nc1Nc1cccc(S(=O)(=O)NC(C)(C)C)c1",
    "Cc1cnc(Nc2ccc(OCc3ccccc3)cc2)nc1Nc1cccc(S(=O)(=O)NC(C)(C)C)c1",
    "Cl",
    "ClCCN1CCCC1",
    "ClCCl",
    "NC(=O)OCC(Cc1ccccc1)N1C(=O)c2ccccc2C1=O",
    "NC(=O)OCC(N)Cc1ccccc1",
    "NN",
    "Nc1ccc(OCc2ccccc2)cc1",
    "O",
    "O=C(Cl)C(=O)Cl",
    "O=C(Cl)C(Cc1ccccc1)N1C(=O)c2ccccc2C1=O",
    "O=C(Cl)Oc1ccccc1",
    "O=C(O)C(Cc1ccccc1)N1C(=O)c2ccccc2C1=O",
    "O=C(O)O[Na]",
    "O=C(OCC(Cc1ccccc1)N1C(=O)c2ccccc2C1=O)Oc1ccccc1",
    "O=C(O[K])O[K]",
    "O=C1c2ccccc2C(=O)N1C(CO)Cc1ccccc1",
    "O=CC(Cc1ccccc1)N1C(=O)c2ccccc2C1=O",
    "O=Cc1c(O)cccc1O",
    "O=Cc1c[nH]c(-c2ccccc2F)c1",
    "O=Cc1cc(-c2ccccc2F)n(S(=O)(=O)c2cccnc2)c1",
    "O=S(=O)(Cl)c1cccnc1",
    "OCc1cccnc1Cl",
    "[BH4][Na]",
    "[NaH]",
    "[Na]Cl",
    "[Pd]",
    "c1ccncc1"
  ],
  "edges": [
    [
      "0ee385f4-f290-44ed-8413-0b2f6152f360",
      "O=C1c2ccccc2C(=O)N1C(CO)Cc1ccccc1"
    ],
    [
      "227a0cb7-447c-4c55-a71b-9b4b0c8d33c6",
      "O=Cc1cc(-c2ccccc2F)n(S(=O)(=O)c2cccnc2)c1"
    ],
    [
      "27534a5f-2e1a-487c-b496-3726836b4715",
      "O=CC(Cc1ccccc1)N1C(=O)c2ccccc2C1=O"
    ],
    [
      "2acf0fe2-3cef-4cdf-9204-0028f509a357",
      "O=C(Cl)C(Cc1ccccc1)N1C(=O)c2ccccc2C1=O"
    ],
    [
      "2f73578a-08d7-4c8e-af92-a9dead80985a",
      "CNCc1cc(-c2ccccc2F)n(S(=O)(=O)c2cccnc2)c1"
    ],
    [
      "377ebd93-6537-4ae8-8ebe-918bf06ac03d",
      "NC(=O)OCC(N)Cc1ccccc1"
    ],
    [
      "76413546-3697-431f-8cb1-dc5e83425add",
      "Cc1cnc(Nc2ccc(O)cc2)nc1Nc1cccc(S(=O)(=O)NC(C)(C)C)c1"
    ],
    [
      "878a3c8e-b178-429e-be33-77db322a93b9",
      "O=C(OCC(Cc1ccccc1)N1C(=O)c2ccccc2C1=O)Oc1ccccc1"
    ],
    [
      "8c2b3dd2-6dc8-4d2a-a757-cac00ebffb1b",
      "CC(C)n1nccc1-c1ncccc1CCl"
    ],
    [
      "930c1a18-b799-4f2e-952c-23f3d7a61c27",
      "Cc1cnc(Nc2ccc(OCCN3CCCC3)cc2)nc1Nc1cccc(S(=O)(=O)NC(C)(C)C)c1"
    ],
    [
      "968769f2-c849-4408-bf09-f29dcd3c8204",
      "CC(C)n1nccc1-c1ncccc1COc1cccc(O)c1C=O"
    ],
    [
      "C1CCOC1",
      "227a0cb7-447c-4c55-a71b-9b4b0c8d33c6"
    ],
    [
      "C1COCCO1",
      "ecc21df0-9a25-4dac-9414-eb6e285d8493"
    ],
    [
      "C1COCCO1",
      "efd1e183-0b17-435d-be84-a4f12bb12160"
    ],
    [
      "C1COCCOCCOCCOCCO1",
      "227a0cb7-447c-4c55-a71b-9b4b0c8d33c6"
    ],
    [
      "CC(C)(C)NS(=O)(=O)c1cccc(N)c1",
      "d80aa8de-4abc-4fc2-afb0-be1fc1455413"
    ],
    [
      "CC(C)=O",
      "930c1a18-b799-4f2e-952c-23f3d7a61c27"
    ],
    [
      "CC(C)n1nccc1-c1ncccc1CCl",
      "968769f2-c849-4408-bf09-f29dcd3c8204"
    ],
    [
      "CC(C)n1nccc1-c1ncccc1CO",
      "8c2b3dd2-6dc8-4d2a-a757-cac00ebffb1b"
    ],
    [
      "CC(C)n1nccc1B1OC(C)(C)C(C)(C)O1",
      "efd1e183-0b17-435d-be84-a4f12bb12160"
    ],
    [
      "CCN(CC)CC",
      "8c2b3dd2-6dc8-4d2a-a757-cac00ebffb1b"
    ],
    [
      "CCO",
      "377ebd93-6537-4ae8-8ebe-918bf06ac03d"
    ],
    [
      "CN",
      "2f73578a-08d7-4c8e-af92-a9dead80985a"
    ],
    [
      "CN",
      "ed0d4a8a-c3b1-4755-9b63-518f4eaf9119"
    ],
    [
      "CN(C)C=O",
      "2acf0fe2-3cef-4cdf-9204-0028f509a357"
    ],
    [
      "CN(C)C=O",
      "968769f2-c849-4408-bf09-f29dcd3c8204"
    ],
    [
      "CO",
      "0ee385f4-f290-44ed-8413-0b2f6152f360"
    ],
    [
      "CO",
      "2f73578a-08d7-4c8e-af92-a9dead80985a"
    ],
    [
      "CO",
      "76413546-3697-431f-8cb1-dc5e83425add"
    ],
    [
      "CO",
      "d80aa8de-4abc-4fc2-afb0-be1fc1455413"
    ],
    [
      "CS(=O)(=O)Cl",
      "8c2b3dd2-6dc8-4d2a-a757-cac00ebffb1b"
    ],
    [
      "Cc1cnc(Cl)nc1Cl",
      "d80aa8de-4abc-4fc2-afb0-be1fc1455413"
    ],
    [
      "Cc1cnc(Cl)nc1Nc1cccc(S(=O)(=O)NC(C)(C)C)c1",
      "ecc21df0-9a25-4dac-9414-eb6e285d8493"
    ],
    [
      "Cc1cnc(Nc2ccc(O)cc2)nc1Nc1cccc(S(=O)(=O)NC(C)(C)C)c1",
      "930c1a18-b799-4f2e-952c-23f3d7a61c27"
    ],
    [
      "Cc1cnc(Nc2ccc(OCc3ccccc3)cc2)nc1Nc1cccc(S(=O)(=O)NC(C)(C)C)c1",
      "76413546-3697-431f-8cb1-dc5e83425add"
    ],
    [
      "Cl",
      "968769f2-c849-4408-bf09-f29dcd3c8204"
    ],
    [
      "Cl",
      "ecc21df0-9a25-4dac-9414-eb6e285d8493"
    ],
    [
      "ClCCN1CCCC1",
      "930c1a18-b799-4f2e-952c-23f3d7a61c27"
    ],
    [
      "ClCCl",
      "2acf0fe2-3cef-4cdf-9204-0028f509a357"
    ],
    [
      "ClCCl",
      "878a3c8e-b178-429e-be33-77db322a93b9"
    ],
    [
      "ClCCl",
      "8c2b3dd2-6dc8-4d2a-a757-cac00ebffb1b"
    ],
    [
      "NC(=O)OCC(Cc1ccccc1)N1C(=O)c2ccccc2C1=O",
      "377ebd93-6537-4ae8-8ebe-918bf06ac03d"
    ],
    [
      "NN",
      "377ebd93-6537-4ae8-8ebe-918bf06ac03d"
    ],
    [
      "Nc1ccc(OCc2ccccc2)cc1",
      "ecc21df0-9a25-4dac-9414-eb6e285d8493"
    ],
    [
      "O",
      "377ebd93-6537-4ae8-8ebe-918bf06ac03d"
    ],
    [
      "O",
      "efd1e183-0b17-435d-be84-a4f12bb12160"
    ],
    [
      "O=C(Cl)C(=O)Cl",
      "2acf0fe2-3cef-4cdf-9204-0028f509a357"
    ],
    [
      "O=C(Cl)C(Cc1ccccc1)N1C(=O)c2ccccc2C1=O",
      "27534a5f-2e1a-487c-b496-3726836b4715"
    ],
    [
      "O=C(Cl)Oc1ccccc1",
      "878a3c8e-b178-429e-be33-77db322a93b9"
    ],
    [
      "O=C(O)C(Cc1ccccc1)N1C(=O)c2ccccc2C1=O",
      "2acf0fe2-3cef-4cdf-9204-0028f509a357"
    ],
    [
      "O=C(O)O[Na]",
      "2f73578a-08d7-4c8e-af92-a9dead80985a"
    ],
    [
      "O=C(O)O[Na]",
      "efd1e183-0b17-435d-be84-a4f12bb12160"
    ],
    [
      "O=C(OCC(Cc1ccccc1)N1C(=O)c2ccccc2C1=O)Oc1ccccc1",
      "ed0d4a8a-c3b1-4755-9b63-518f4eaf9119"
    ],
    [
      "O=C(O[K])O[K]",
      "930c1a18-b799-4f2e-952c-23f3d7a61c27"
    ],
    [
      "O=C(O[K])O[K]",
      "968769f2-c849-4408-bf09-f29dcd3c8204"
    ],
    [
      "O=C1c2ccccc2C(=O)N1C(CO)Cc1ccccc1",
      "878a3c8e-b178-429e-be33-77db322a93b9"
    ],
    [
      "O=CC(Cc1ccccc1)N1C(=O)c2ccccc2C1=O",
      "0ee385f4-f290-44ed-8413-0b2f6152f360"
    ],
    [
      "O=Cc1c(O)cccc1O",
      "968769f2-c849-4408-bf09-f29dcd3c8204"
    ],
    [
      "O=Cc1c[nH]c(-c2ccccc2F)c1",
      "227a0cb7-447c-4c55-a71b-9b4b0c8d33c6"
    ],
    [
      "O=Cc1cc(-c2ccccc2F)n(S(=O)(=O)c2cccnc2)c1",
      "2f73578a-08d7-4c8e-af92-a9dead80985a"
    ],
    [
      "O=S(=O)(Cl)c1cccnc1",
      "227a0cb7-447c-4c55-a71b-9b4b0c8d33c6"
    ],
    [
      "OCc1cccnc1Cl",
      "efd1e183-0b17-435d-be84-a4f12bb12160"
    ],
    [
      "[BH4][Na]",
      "0ee385f4-f290-44ed-8413-0b2f6152f360"
    ],
    [
      "[BH4][Na]",
      "2f73578a-08d7-4c8e-af92-a9dead80985a"
    ],
    [
      "[NaH]",
      "227a0cb7-447c-4c55-a71b-9b4b0c8d33c6"
    ],
    [
      "[Na]Cl",
      "227a0cb7-447c-4c55-a71b-9b4b0c8d33c6"
    ],
    [
      "[Pd]",
      "76413546-3697-431f-8cb1-dc5e83425add"
    ],
    [
      "c1ccncc1",
      "27534a5f-2e1a-487c-b496-3726836b4715"
    ],
    [
      "c1ccncc1",
      "878a3c8e-b178-429e-be33-77db322a93b9"
    ],
    [
      "d80aa8de-4abc-4fc2-afb0-be1fc1455413",
      "Cc1cnc(Cl)nc1Nc1cccc(S(=O)(=O)NC(C)(C)C)c1"
    ],
    [
      "ecc21df0-9a25-4dac-9414-eb6e285d8493",
      "Cc1cnc(Nc2ccc(OCc3ccccc3)cc2)nc1Nc1cccc(S(=O)(=O)NC(C)(C)C)c1"
    ],
    [
      "ed0d4a8a-c3b1-4755-9b63-518f4eaf9119",
      "NC(=O)OCC(Cc1ccccc1)N1C(=O)c2ccccc2C1=O"
    ],
    [
      "efd1e183-0b17-435d-be84-a4f12bb12160",
      "CC(C)n1nccc1-c1ncccc1CO"
    ]
  ]
}