{
  "identifier": "ee74f217-3b66-4f24-8be9-fca668b839e7",
  "chemical_reactions": [
    {
      "identifier": "624973d8-0b5b-4e7f-9109-28ccbee70d20",
      "reactants": [
        {
          "identifier": "4f96dc9c-a3cc-41f9-8fd4-e7d851051f2d",
          "smiles": "C=Cc1ccccc1",
          "state_of_matter": "LIQUID",
          "molecular_weight": 104.14912000000004,
          "density": 1.0,
          "mass": 1.0414912000000005,
          "is_produced_by": [],
          "is_consumed_by": [
            "624973d8-0b5b-4e7f-9109-28ccbee70d20"
          ],
          "provenance__density": "dummy estimator based on mw",
          "provenance__is_consumed_by": null,
          "provenance__is_produced_by": null,
          "provenance__mass": null,
          "provenance__molecular_weight": "periodic table",
          "provenance__smiles": null,
          "provenance__state_of_matter": "dummy estimator based on mw"
        },
        {
          "identifier": "463dda04-6659-4b35-959d-bcc5cf878a4f",
          "smiles": "CC(C)c1c(O)cc(Br)cc1O",
          "state_of_matter": "SOLID",
          "molecular_weight": 231.08643999999987,
          "density": 1.4,
          "mass": 2.310864399999999,
          "is_produced_by": [],
          "is_consumed_by": [
            "624973d8-0b5b-4e7f-9109-28ccbee70d20"
          ],
          "provenance__density": "dummy estimator based on mw",
          "provenance__is_consumed_by": null,
          "provenance__is_produced_by": null,
          "provenance__mass": null,
          "provenance__molecular_weight": "periodic table",
          "provenance__smiles": null,
          "provenance__state_of_matter": "dummy estimator based on mw"
        }
      ],
      "reagents": [
        {
          "identifier": "60d8aa3f-9be9-4fbf-925e-7466ea08c9c9",
          "smiles": "CN(C)C=O",
          "state_of_matter": "LIQUID",
          "molecular_weight": 73.09378000000004,
          "density": 1.0,
          "mass": 0.7309378000000004,
          "is_produced_by": [],
          "is_consumed_by": [
            "624973d8-0b5b-4e7f-9109-28ccbee70d20"
          ],
          "provenance__density": "dummy estimator based on mw",
          "provenance__is_consumed_by": null,
          "provenance__is_produced_by": null,
          "provenance__mass": null,
          "provenance__molecular_weight": "periodic table",
          "provenance__smiles": null,
          "provenance__state_of_matter": "dummy estimator based on mw"
        },
        {
          "identifier": "4d7ff188-a7c8-45ee-9274-570c46eb7a91",
          "smiles": "CCN(CC)CC",
          "state_of_matter": "LIQUID",
          "molecular_weight": 101.19000000000008,
          "density": 1.0,
          "mass": 1.011900000000001,
          "is_produced_by": [],
          "is_consumed_by": [
            "624973d8-0b5b-4e7f-9109-28ccbee70d20"
          ],
          "provenance__density": "dummy estimator based on mw",
          "provenance__is_consumed_by": null,
          "provenance__is_produced_by": null,
          "provenance__mass": null,
          "provenance__molecular_weight": "periodic table",
          "provenance__smiles": null,
          "provenance__state_of_matter": "dummy estimator based on mw"
        },
        {
          "identifier": "e424087a-a488-4acc-891e-4bb04dc47a1f",
          "smiles": "c1ccc(P(c2ccccc2)c2ccccc2)cc1",
          "state_of_matter": "SOLID",
          "molecular_weight": 262.28546099999994,
          "density": 1.4,
          "mass": 2.6228546099999996,
          "is_produced_by": [],
          "is_consumed_by": [
            "624973d8-0b5b-4e7f-9109-28ccbee70d20"
          ],
          "provenance__density": "dummy estimator based on mw",
          "provenance__is_consumed_by": null,
          "provenance__is_produced_by": null,
          "provenance__mass": null,
          "provenance__molecular_weight": "periodic table",
          "provenance__smiles": null,
          "provenance__state_of_matter": "dummy estimator based on mw"
        },
        {
          "identifier": "7bf1746e-14da-4db5-823b-99810ce1cddf",
          "smiles": "CC(=O)[O-].CC(=O)[O-].[Pd+2]",
          "state_of_matter": "SOLID",
          "molecular_weight": 224.50803999999994,
          "density": 1.4,
          "mass": 2.2450803999999995,
          "is_produced_by": [],
          "is_consumed_by": [
            "624973d8-0b5b-4e7f-9109-28ccbee70d20"
          ],
          "provenance__density": "dummy estimator based on mw",
          "provenance__is_consumed_by": null,
          "provenance__is_produced_by": null,
          "provenance__mass": null,
          "provenance__molecular_weight": "periodic table",
          "provenance__smiles": null,
          "provenance__state_of_matter": "dummy estimator based on mw"
        }
      ],
      "products": [
        {
          "identifier": "accf22f5-07bf-4a5d-bcbe-1af2a4d35c82",
          "smiles": "CC(C)c1c(O)cc(C=Cc2ccccc2)cc1O",
          "state_of_matter": "SOLID",
          "molecular_weight": 254.32361999999975,
          "density": 1.4,
          "mass": 2.5432361999999977,
          "is_produced_by": [
            "624973d8-0b5b-4e7f-9109-28ccbee70d20"
          ],
          "is_consumed_by": [],
          "provenance__density": "dummy estimator based on mw",
          "provenance__is_consumed_by": null,
          "provenance__is_produced_by": null,
          "provenance__mass": null,
          "provenance__molecular_weight": "periodic table",
          "provenance__smiles": null,
          "provenance__state_of_matter": "dummy estimator based on mw"
        }
      ],
      "stoichiometry": {
        "4f96dc9c-a3cc-41f9-8fd4-e7d851051f2d": 1.0,
        "463dda04-6659-4b35-959d-bcc5cf878a4f": 1.0,
        "accf22f5-07bf-4a5d-bcbe-1af2a4d35c82": -1.0
      },
      "temperature": 353.7789930403232,
      "intended_ratios": {
        "4f96dc9c-a3cc-41f9-8fd4-e7d851051f2d": 1.0,
        "463dda04-6659-4b35-959d-bcc5cf878a4f": 1.0,
        "60d8aa3f-9be9-4fbf-925e-7466ea08c9c9": 1.0,
        "4d7ff188-a7c8-45ee-9274-570c46eb7a91": 1.0,
        "e424087a-a488-4acc-891e-4bb04dc47a1f": 1.0,
        "7bf1746e-14da-4db5-823b-99810ce1cddf": 1.0
      },
      "expected_yields": {
        "accf22f5-07bf-4a5d-bcbe-1af2a4d35c82": 1.0
      },
      "reaction_extent": 0.01
    },
    {
      "identifier": "29e532df-1911-4b1b-b6d7-f0db87c68ba4",
      "reactants": [
        {
          "identifier": "b15aa72b-7a27-4ce3-8c78-517553edae05",
          "smiles": "CC(C)N",
          "state_of_matter": "LIQUID",
          "molecular_weight": 59.11025999999998,
          "density": 1.0,
          "mass": 0.5911025999999998,
          "is_produced_by": [],
          "is_consumed_by": [
            "29e532df-1911-4b1b-b6d7-f0db87c68ba4"
          ],
          "provenance__density": "dummy estimator based on mw",
          "provenance__is_consumed_by": null,
          "provenance__is_produced_by": null,
          "provenance__mass": null,
          "provenance__molecular_weight": "periodic table",
          "provenance__smiles": null,
          "provenance__state_of_matter": "dummy estimator based on mw"
        },
        {
          "identifier": "4967e2b8-4466-40d6-97a7-40914dca99c8",
          "smiles": "O=C(OC(Cl)(Cl)Cl)OC(Cl)(Cl)Cl",
          "state_of_matter": "SOLID",
          "molecular_weight": 296.7483000000001,
          "density": 1.4,
          "mass": 2.967483000000001,
          "is_produced_by": [],
          "is_consumed_by": [
            "29e532df-1911-4b1b-b6d7-f0db87c68ba4"
          ],
          "provenance__density": "dummy estimator based on mw",
          "provenance__is_consumed_by": null,
          "provenance__is_produced_by": null,
          "provenance__mass": null,
          "provenance__molecular_weight": "periodic table",
          "provenance__smiles": null,
          "provenance__state_of_matter": "dummy estimator based on mw"
        }
      ],
      "reagents": [
        {
          "identifier": "5c0ac74e-d0ba-44ee-9b31-dc9b8c33a221",
          "smiles": "ClCCl",
          "state_of_matter": "LIQUID",
          "molecular_weight": 84.93258000000002,
          "density": 1.0,
          "mass": 0.8493258000000001,
          "is_produced_by": [],
          "is_consumed_by": [
            "29e532df-1911-4b1b-b6d7-f0db87c68ba4"
          ],
          "provenance__density": "dummy estimator based on mw",
          "provenance__is_consumed_by": null,
          "provenance__is_produced_by": null,
          "provenance__mass": null,
          "provenance__molecular_weight": "periodic table",
          "provenance__smiles": null,
          "provenance__state_of_matter": "dummy estimator based on mw"
        }
      ],
      "products": [
        {
          "identifier": "51a9d089-dc27-48e2-a7ef-fd58885df666",
          "smiles": "CC(C)NC(=O)Cl",
          "state_of_matter": "LIQUID",
          "molecular_weight": 121.56542000000005,
          "density": 1.0,
          "mass": 1.2156542000000006,
          "is_produced_by": [
            "29e532df-1911-4b1b-b6d7-f0db87c68ba4"
          ],
          "is_consumed_by": [],
          "provenance__density": "dummy estimator based on mw",
          "provenance__is_consumed_by": null,
          "provenance__is_produced_by": null,
          "provenance__mass": null,
          "provenance__molecular_weight": "periodic table",
          "provenance__smiles": null,
          "provenance__state_of_matter": "dummy estimator based on mw"
        }
      ],
      "stoichiometry": {
        "b15aa72b-7a27-4ce3-8c78-517553edae05": 1.0,
        "4967e2b8-4466-40d6-97a7-40914dca99c8": 1.0,
        "51a9d089-dc27-48e2-a7ef-fd58885df666": -1.0
      },
      "temperature": 287.31718023419376,
      "intended_ratios": {
        "b15aa72b-7a27-4ce3-8c78-517553edae05": 1.0,
        "4967e2b8-4466-40d6-97a7-40914dca99c8": 1.0,
        "5c0ac74e-d0ba-44ee-9b31-dc9b8c33a221": 1.0
      },
      "expected_yields": {
        "51a9d089-dc27-48e2-a7ef-fd58885df666": 1.0
      },
      "reaction_extent": 0.01
    },
    {
      "identifier": "415a1933-ae7c-4dfe-9ee6-9332a70a7d91",
      "reactants": [
        {
          "identifier": "a7f86464-667f-4f32-a7e9-c8da5fca1617",
          "smiles": "CC(C)N1C(=O)CC(=O)NC1=O",
          "state_of_matter": "LIQUID",
          "molecular_weight": 170.16589999999994,
          "density": 1.0,
          "mass": 1.7016589999999994,
          "is_produced_by": [],
          "is_consumed_by": [
            "415a1933-ae7c-4dfe-9ee6-9332a70a7d91"
          ],
          "provenance__density": "dummy estimator based on mw",
          "provenance__is_consumed_by": null,
          "provenance__is_produced_by": null,
          "provenance__mass": null,
          "provenance__molecular_weight": "periodic table",
          "provenance__smiles": null,
          "provenance__state_of_matter": "dummy estimator based on mw"
        }
      ],
      "reagents": [
        {
          "identifier": "015ebdbb-38ed-4798-992c-5f0c52cc20e0",
          "smiles": "CN(C)C=O",
          "state_of_matter": "LIQUID",
          "molecular_weight": 73.09378000000004,
          "density": 1.0,
          "mass": 0.7309378000000004,
          "is_produced_by": [],
          "is_consumed_by": [
            "415a1933-ae7c-4dfe-9ee6-9332a70a7d91"
          ],
          "provenance__density": "dummy estimator based on mw",
          "provenance__is_consumed_by": null,
          "provenance__is_produced_by": null,
          "provenance__mass": null,
          "provenance__molecular_weight": "periodic table",
          "provenance__smiles": null,
          "provenance__state_of_matter": "dummy estimator based on mw"
        },
        {
          "identifier": "d110fe15-8d61-487e-9be4-702177664830",
          "smiles": "O",
          "state_of_matter": "LIQUID",
          "molecular_weight": 18.01528,
          "density": 1.0,
          "mass": 0.1801528,
          "is_produced_by": [],
          "is_consumed_by": [
            "415a1933-ae7c-4dfe-9ee6-9332a70a7d91"
          ],
          "provenance__density": "dummy estimator based on mw",
          "provenance__is_consumed_by": null,
          "provenance__is_produced_by": null,
          "provenance__mass": null,
          "provenance__molecular_weight": "periodic table",
          "provenance__smiles": null,
          "provenance__state_of_matter": "dummy estimator based on mw"
        },
        {
          "identifier": "2f287c72-31c0-4ab8-afdd-c37fc2f524e5",
          "smiles": "O=C(O[K])O[K]",
          "state_of_matter": "SOLID",
          "molecular_weight": 138.2055,
          "density": 1.4,
          "mass": 1.382055,
          "is_produced_by": [],
          "is_consumed_by": [
            "415a1933-ae7c-4dfe-9ee6-9332a70a7d91"
          ],
          "provenance__density": "dummy estimator based on mw",
          "provenance__is_consumed_by": null,
          "provenance__is_produced_by": null,
          "provenance__mass": null,
          "provenance__molecular_weight": "periodic table",
          "provenance__smiles": null,
          "provenance__state_of_matter": "dummy estimator based on mw"
        },
        {
          "identifier": "ba7e1cfe-921e-4771-a8b3-d25242d8a16b",
          "smiles": "CI",
          "state_of_matter": "LIQUID",
          "molecular_weight": 141.93898999999996,
          "density": 1.0,
          "mass": 1.4193898999999996,
          "is_produced_by": [],
          "is_consumed_by": [
            "415a1933-ae7c-4dfe-9ee6-9332a70a7d91"
          ],
          "provenance__density": "dummy estimator based on mw",
          "provenance__is_consumed_by": null,
          "provenance__is_produced_by": null,
          "provenance__mass": null,
          "provenance__molecular_weight": "periodic table",
          "provenance__smiles": null,
          "provenance__state_of_matter": "dummy estimator based on mw"
        }
      ],
      "products": [
        {
          "identifier": "a2330704-eacd-40a8-bd6c-7a6021002c2c",
          "smiles": "CC(C)n1c(=O)cc(Cl)[nH]c1=O",
          "state_of_matter": "LIQUID",
          "molecular_weight": 189.61949999999993,
          "density": 1.0,
          "mass": 1.8961949999999994,
          "is_produced_by": [
            "415a1933-ae7c-4dfe-9ee6-9332a70a7d91"
          ],
          "is_consumed_by": [],
          "provenance__density": "dummy estimator based on mw",
          "provenance__is_consumed_by": null,
          "provenance__is_produced_by": null,
          "provenance__mass": null,
          "provenance__molecular_weight": "periodic table",
          "provenance__smiles": null,
          "provenance__state_of_matter": "dummy estimator based on mw"
        }
      ],
      "stoichiometry": {
        "a7f86464-667f-4f32-a7e9-c8da5fca1617": 1.0,
        "a2330704-eacd-40a8-bd6c-7a6021002c2c": -1.0
      },
      "temperature": 297.4154758930206,
      "intended_ratios": {
        "a7f86464-667f-4f32-a7e9-c8da5fca1617": 1.0,
        "015ebdbb-38ed-4798-992c-5f0c52cc20e0": 1.0,
        "d110fe15-8d61-487e-9be4-702177664830": 1.0,
        "2f287c72-31c0-4ab8-afdd-c37fc2f524e5": 1.0,
        "ba7e1cfe-921e-4771-a8b3-d25242d8a16b": 1.0
      },
      "expected_yields": {
        "a2330704-eacd-40a8-bd6c-7a6021002c2c": 1.0
      },
      "reaction_extent": 0.01
    },
    {
      "identifier": "2fd50d5a-c3a1-404e-9cd4-1b8d0c1a154f",
      "reactants": [
        {
          "identifier": "e808d52a-eb42-42c7-a506-9399b8d10c88",
          "smiles": "CC(C)NC(=O)Cl",
          "state_of_matter": "LIQUID",
          "molecular_weight": 121.56542000000005,
          "density": 1.0,
          "mass": 1.2156542000000006,
          "is_produced_by": [],
          "is_consumed_by": [
            "2fd50d5a-c3a1-404e-9cd4-1b8d0c1a154f"
          ],
          "provenance__density": "dummy estimator based on mw",
          "provenance__is_consumed_by": null,
          "provenance__is_produced_by": null,
          "provenance__mass": null,
          "provenance__molecular_weight": "periodic table",
          "provenance__smiles": null,
          "provenance__state_of_matter": "dummy estimator based on mw"
        },
        {
          "identifier": "1afdc1e7-e90a-4e15-89e7-614851d32e16",
          "smiles": "CCOC(=O)CC(=O)Cl",
          "state_of_matter": "LIQUID",
          "molecular_weight": 150.56027999999995,
          "density": 1.0,
          "mass": 1.5056027999999995,
          "is_produced_by": [],
          "is_consumed_by": [
            "2fd50d5a-c3a1-404e-9cd4-1b8d0c1a154f"
          ],
          "provenance__density": "dummy estimator based on mw",
          "provenance__is_consumed_by": null,
          "provenance__is_produced_by": null,
          "provenance__mass": null,
          "provenance__molecular_weight": "periodic table",
          "provenance__smiles": null,
          "provenance__state_of_matter": "dummy estimator based on mw"
        }
      ],
      "reagents": [
        {
          "identifier": "e57f5b08-2078-4029-a565-5eb44e185468",
          "smiles": "ClCCl",
          "state_of_matter": "LIQUID",
          "molecular_weight": 84.93258000000002,
          "density": 1.0,
          "mass": 0.8493258000000001,
          "is_produced_by": [],
          "is_consumed_by": [
            "2fd50d5a-c3a1-404e-9cd4-1b8d0c1a154f"
          ],
          "provenance__density": "dummy estimator based on mw",
          "provenance__is_consumed_by": null,
          "provenance__is_produced_by": null,
          "provenance__mass": null,
          "provenance__molecular_weight": "periodic table",
          "provenance__smiles": null,
          "provenance__state_of_matter": "dummy estimator based on mw"
        }
      ],
      "products": [
        {
          "identifier": "9bdf6e00-1ed1-4669-9f02-ec96690892ad",
          "smiles": "CCOC(=O)CC(=O)N(C(=O)Cl)C(C)C",
          "state_of_matter": "SOLID",
          "molecular_weight": 235.66475999999983,
          "density": 1.4,
          "mass": 2.3566475999999983,
          "is_produced_by": [
            "2fd50d5a-c3a1-404e-9cd4-1b8d0c1a154f"
          ],
          "is_consumed_by": [],
          "provenance__density": "dummy estimator based on mw",
          "provenance__is_consumed_by": null,
          "provenance__is_produced_by": null,
          "provenance__mass": null,
          "provenance__molecular_weight": "periodic table",
          "provenance__smiles": null,
          "provenance__state_of_matter": "dummy estimator based on mw"
        }
      ],
      "stoichiometry": {
        "e808d52a-eb42-42c7-a506-9399b8d10c88": 1.0,
        "1afdc1e7-e90a-4e15-89e7-614851d32e16": 1.0,
        "9bdf6e00-1ed1-4669-9f02-ec96690892ad": -1.0
      },
      "temperature": 298.78428542017934,
      "intended_ratios": {
        "e808d52a-eb42-42c7-a506-9399b8d10c88": 1.0,
        "1afdc1e7-e90a-4e15-89e7-614851d32e16": 1.0,
        "e57f5b08-2078-4029-a565-5eb44e185468": 1.0
      },
      "expected_yields": {
        "9bdf6e00-1ed1-4669-9f02-ec96690892ad": 1.0
      },
      "reaction_extent": 0.01
    },
    {
      "identifier": "0c07898d-d3db-4f53-bbaa-3c49a18b6c2b",
      "reactants": [
        {
          "identifier": "0b7dd55c-5132-4346-8f8f-eb0549d740de",
          "smiles": "CC(C)O",
          "state_of_matter": "LIQUID",
          "molecular_weight": 60.095019999999984,
          "density": 1.0,
          "mass": 0.6009502,
          "is_produced_by": [],
          "is_consumed_by": [
            "0c07898d-d3db-4f53-bbaa-3c49a18b6c2b"
          ],
          "provenance__density": "dummy estimator based on mw",
          "provenance__is_consumed_by": null,
          "provenance__is_produced_by": null,
          "provenance__mass": null,
          "provenance__molecular_weight": "periodic table",
          "provenance__smiles": null,
          "provenance__state_of_matter": "dummy estimator based on mw"
        },
        {
          "identifier": "ca1b818c-fd90-482d-98c8-ace31954d192",
          "smiles": "Oc1cc(O)cc(Br)c1",
          "state_of_matter": "LIQUID",
          "molecular_weight": 189.00669999999994,
          "density": 1.0,
          "mass": 1.8900669999999997,
          "is_produced_by": [],
          "is_consumed_by": [
            "0c07898d-d3db-4f53-bbaa-3c49a18b6c2b"
          ],
          "provenance__density": "dummy estimator based on mw",
          "provenance__is_consumed_by": null,
          "provenance__is_produced_by": null,
          "provenance__mass": null,
          "provenance__molecular_weight": "periodic table",
          "provenance__smiles": null,
          "provenance__state_of_matter": "dummy estimator based on mw"
        }
      ],
      "reagents": [
        {
          "identifier": "b912ab43-fccd-43fd-999e-a900bcaedd13",
          "smiles": "O=S(=O)(O)O",
          "state_of_matter": "LIQUID",
          "molecular_weight": 98.07848,
          "density": 1.0,
          "mass": 0.9807848000000002,
          "is_produced_by": [],
          "is_consumed_by": [
            "0c07898d-d3db-4f53-bbaa-3c49a18b6c2b"
          ],
          "provenance__density": "dummy estimator based on mw",
          "provenance__is_consumed_by": null,
          "provenance__is_produced_by": null,
          "provenance__mass": null,
          "provenance__molecular_weight": "periodic table",
          "provenance__smiles": null,
          "provenance__state_of_matter": "dummy estimator based on mw"
        }
      ],
      "products": [
        {
          "identifier": "42b98753-eeef-4f02-ba67-e24de82b6f63",
          "smiles": "CC(C)c1c(O)cc(Br)cc1O",
          "state_of_matter": "SOLID",
          "molecular_weight": 231.08643999999987,
          "density": 1.4,
          "mass": 2.310864399999999,
          "is_produced_by": [
            "0c07898d-d3db-4f53-bbaa-3c49a18b6c2b"
          ],
          "is_consumed_by": [],
          "provenance__density": "dummy estimator based on mw",
          "provenance__is_consumed_by": null,
          "provenance__is_produced_by": null,
          "provenance__mass": null,
          "provenance__molecular_weight": "periodic table",
          "provenance__smiles": null,
          "provenance__state_of_matter": "dummy estimator based on mw"
        }
      ],
      "stoichiometry": {
        "0b7dd55c-5132-4346-8f8f-eb0549d740de": 1.0,
        "ca1b818c-fd90-482d-98c8-ace31954d192": 1.0,
        "42b98753-eeef-4f02-ba67-e24de82b6f63": -1.0
      },
      "temperature": 299.26102591753005,
      "intended_ratios": {
        "0b7dd55c-5132-4346-8f8f-eb0549d740de": 1.0,
        "ca1b818c-fd90-482d-98c8-ace31954d192": 1.0,
        "b912ab43-fccd-43fd-999e-a900bcaedd13": 1.0
      },
      "expected_yields": {
        "42b98753-eeef-4f02-ba67-e24de82b6f63": 1.0
      },
      "reaction_extent": 0.010000000000000002
    },
    {
      "identifier": "c25ab0ca-d8f9-4694-bcca-84d2280bb86d",
      "reactants": [
        {
          "identifier": "fba57e8d-9f8f-4739-8d9f-427a5b0ce683",
          "smiles": "CC(C)n1c(=O)cc(Cl)[nH]c1=O",
          "state_of_matter": "LIQUID",
          "molecular_weight": 189.61949999999993,
          "density": 1.0,
          "mass": 1.8961949999999994,
          "is_produced_by": [],
          "is_consumed_by": [
            "c25ab0ca-d8f9-4694-bcca-84d2280bb86d"
          ],
          "provenance__density": "dummy estimator based on mw",
          "provenance__is_consumed_by": null,
          "provenance__is_produced_by": null,
          "provenance__mass": null,
          "provenance__molecular_weight": "periodic table",
          "provenance__smiles": null,
          "provenance__state_of_matter": "dummy estimator based on mw"
        },
        {
          "identifier": "18ebde64-ff34-476e-80cb-9b622259b99d",
          "smiles": "CC(N)c1ccccc1",
          "state_of_matter": "LIQUID",
          "molecular_weight": 121.17964000000006,
          "density": 1.0,
          "mass": 1.2117964000000006,
          "is_produced_by": [],
          "is_consumed_by": [
            "c25ab0ca-d8f9-4694-bcca-84d2280bb86d"
          ],
          "provenance__density": "dummy estimator based on mw",
          "provenance__is_consumed_by": null,
          "provenance__is_produced_by": null,
          "provenance__mass": null,
          "provenance__molecular_weight": "periodic table",
          "provenance__smiles": null,
          "provenance__state_of_matter": "dummy estimator based on mw"
        }
      ],
      "reagents": [
        {
          "identifier": "1f293118-e910-4123-b4b9-fe924d10930f",
          "smiles": "CC#N",
          "state_of_matter": "LIQUID",
          "molecular_weight": 41.051919999999996,
          "density": 1.0,
          "mass": 0.4105192,
          "is_produced_by": [],
          "is_consumed_by": [
            "c25ab0ca-d8f9-4694-bcca-84d2280bb86d"
          ],
          "provenance__density": "dummy estimator based on mw",
          "provenance__is_consumed_by": null,
          "provenance__is_produced_by": null,
          "provenance__mass": null,
          "provenance__molecular_weight": "periodic table",
          "provenance__smiles": null,
          "provenance__state_of_matter": "dummy estimator based on mw"
        }
      ],
      "products": [
        {
          "identifier": "069e81ed-c2a0-40b2-80e0-54a50291ad46",
          "smiles": "CC(Nc1cc(=O)n(C(C)C)c(=O)[nH]1)c1ccccc1",
          "state_of_matter": "SOLID",
          "molecular_weight": 274.3382000000002,
          "density": 1.4,
          "mass": 2.743382000000002,
          "is_produced_by": [
            "c25ab0ca-d8f9-4694-bcca-84d2280bb86d"
          ],
          "is_consumed_by": [],
          "provenance__density": "dummy estimator based on mw",
          "provenance__is_consumed_by": null,
          "provenance__is_produced_by": null,
          "provenance__mass": null,
          "provenance__molecular_weight": "periodic table",
          "provenance__smiles": null,
          "provenance__state_of_matter": "dummy estimator based on mw"
        }
      ],
      "stoichiometry": {
        "fba57e8d-9f8f-4739-8d9f-427a5b0ce683": 1.0,
        "18ebde64-ff34-476e-80cb-9b622259b99d": 1.0,
        "069e81ed-c2a0-40b2-80e0-54a50291ad46": -1.0
      },
      "temperature": 349.5068563520908,
      "intended_ratios": {
        "fba57e8d-9f8f-4739-8d9f-427a5b0ce683": 1.0,
        "18ebde64-ff34-476e-80cb-9b622259b99d": 1.0,
        "1f293118-e910-4123-b4b9-fe924d10930f": 1.0
      },
      "expected_yields": {
        "069e81ed-c2a0-40b2-80e0-54a50291ad46": 1.0
      },
      "reaction_extent": 0.01
    },
    {
      "identifier": "a7d47f9d-997d-4996-91dc-17f29de4a8d0",
      "reactants": [
        {
          "identifier": "994ae705-43a9-4b3d-ae84-2878d1072619",
          "smiles": "CCOC(=O)CC(=O)N(C(=O)Cl)C(C)C",
          "state_of_matter": "SOLID",
          "molecular_weight": 235.66475999999983,
          "density": 1.4,
          "mass": 2.3566475999999983,
          "is_produced_by": [],
          "is_consumed_by": [
            "a7d47f9d-997d-4996-91dc-17f29de4a8d0"
          ],
          "provenance__density": "dummy estimator based on mw",
          "provenance__is_consumed_by": null,
          "provenance__is_produced_by": null,
          "provenance__mass": null,
          "provenance__molecular_weight": "periodic table",
          "provenance__smiles": null,
          "provenance__state_of_matter": "dummy estimator based on mw"
        }
      ],
      "reagents": [
        {
          "identifier": "fa4c61e1-1452-49bb-b983-f6222fe1133a",
          "smiles": "ClCCl",
          "state_of_matter": "LIQUID",
          "molecular_weight": 84.93258000000002,
          "density": 1.0,
          "mass": 0.8493258000000001,
          "is_produced_by": [],
          "is_consumed_by": [
            "a7d47f9d-997d-4996-91dc-17f29de4a8d0"
          ],
          "provenance__density": "dummy estimator based on mw",
          "provenance__is_consumed_by": null,
          "provenance__is_produced_by": null,
          "provenance__mass": null,
          "provenance__molecular_weight": "periodic table",
          "provenance__smiles": null,
          "provenance__state_of_matter": "dummy estimator based on mw"
        }
      ],
      "products": [
        {
          "identifier": "6b4f9785-5c35-45b6-90bf-e739d93c922f",
          "smiles": "CCOC(=O)CC(=O)N(C(N)=O)C(C)C",
          "state_of_matter": "SOLID",
          "molecular_weight": 216.2343399999998,
          "density": 1.4,
          "mass": 2.162343399999998,
          "is_produced_by": [
            "a7d47f9d-997d-4996-91dc-17f29de4a8d0"
          ],
          "is_consumed_by": [],
          "provenance__density": "dummy estimator based on mw",
          "provenance__is_consumed_by": null,
          "provenance__is_produced_by": null,
          "provenance__mass": null,
          "provenance__molecular_weight": "periodic table",
          "provenance__smiles": null,
          "provenance__state_of_matter": "dummy estimator based on mw"
        }
      ],
      "stoichiometry": {
        "994ae705-43a9-4b3d-ae84-2878d1072619": 1.0,
        "6b4f9785-5c35-45b6-90bf-e739d93c922f": -1.0
      },
      "temperature": 299.2253053843975,
      "intended_ratios": {
        "994ae705-43a9-4b3d-ae84-2878d1072619": 1.0,
        "fa4c61e1-1452-49bb-b983-f6222fe1133a": 1.0
      },
      "expected_yields": {
        "6b4f9785-5c35-45b6-90bf-e739d93c922f": 1.0
      },
      "reaction_extent": 0.01
    },
    {
      "identifier": "7ed7efc3-7309-4a83-94f7-f83fa3f20571",
      "reactants": [
        {
          "identifier": "2aebce3d-3323-4052-b301-a4e7318c3569",
          "smiles": "CCOC(=O)CC(=O)N(C(N)=O)C(C)C",
          "state_of_matter": "SOLID",
          "molecular_weight": 216.2343399999998,
          "density": 1.4,
          "mass": 2.162343399999998,
          "is_produced_by": [],
          "is_consumed_by": [
            "7ed7efc3-7309-4a83-94f7-f83fa3f20571"
          ],
          "provenance__density": "dummy estimator based on mw",
          "provenance__is_consumed_by": null,
          "provenance__is_produced_by": null,
          "provenance__mass": null,
          "provenance__molecular_weight": "periodic table",
          "provenance__smiles": null,
          "provenance__state_of_matter": "dummy estimator based on mw"
        }
      ],
      "reagents": [
        {
          "identifier": "f376f6a2-8484-4d6e-ab79-fe5ae0693f8d",
          "smiles": "CCO",
          "state_of_matter": "LIQUID",
          "molecular_weight": 46.06843999999999,
          "density": 1.0,
          "mass": 0.4606843999999999,
          "is_produced_by": [],
          "is_consumed_by": [
            "7ed7efc3-7309-4a83-94f7-f83fa3f20571"
          ],
          "provenance__density": "dummy estimator based on mw",
          "provenance__is_consumed_by": null,
          "provenance__is_produced_by": null,
          "provenance__mass": null,
          "provenance__molecular_weight": "periodic table",
          "provenance__smiles": null,
          "provenance__state_of_matter": "dummy estimator based on mw"
        },
        {
          "identifier": "15f61c10-1e7e-4661-912d-1c55395ce9ff",
          "smiles": "CCO[Na]",
          "state_of_matter": "SOLID",
          "molecular_weight": 68.05027000000003,
          "density": 1.4,
          "mass": 0.6805027000000002,
          "is_produced_by": [],
          "is_consumed_by": [
            "7ed7efc3-7309-4a83-94f7-f83fa3f20571"
          ],
          "provenance__density": "dummy estimator based on mw",
          "provenance__is_consumed_by": null,
          "provenance__is_produced_by": null,
          "provenance__mass": null,
          "provenance__molecular_weight": "periodic table",
          "provenance__smiles": null,
          "provenance__state_of_matter": "dummy estimator based on mw"
        }
      ],
      "products": [
        {
          "identifier": "1dcc1f8f-d5c3-4c2a-99b7-2ca2b20774a1",
          "smiles": "CC(C)N1C(=O)CC(=O)NC1=O",
          "state_of_matter": "LIQUID",
          "molecular_weight": 170.16589999999994,
          "density": 1.0,
          "mass": 1.7016589999999994,
          "is_produced_by": [
            "7ed7efc3-7309-4a83-94f7-f83fa3f20571"
          ],
          "is_consumed_by": [],
          "provenance__density": "dummy estimator based on mw",
          "provenance__is_consumed_by": null,
          "provenance__is_produced_by": null,
          "provenance__mass": null,
          "provenance__molecular_weight": "periodic table",
          "provenance__smiles": null,
          "provenance__state_of_matter": "dummy estimator based on mw"
        }
      ],
      "stoichiometry": {
        "2aebce3d-3323-4052-b301-a4e7318c3569": 1.0,
        "1dcc1f8f-d5c3-4c2a-99b7-2ca2b20774a1": -1.0
      },
      "temperature": 321.2602179586887,
      "intended_ratios": {
        "2aebce3d-3323-4052-b301-a4e7318c3569": 1.0,
        "f376f6a2-8484-4d6e-ab79-fe5ae0693f8d": 1.0,
        "15f61c10-1e7e-4661-912d-1c55395ce9ff": 1.0
      },
      "expected_yields": {
        "1dcc1f8f-d5c3-4c2a-99b7-2ca2b20774a1": 1.0
      },
      "reaction_extent": 0.01
    },
    {
      "identifier": "a411ed74-3c32-4a47-808f-32cfc4079242",
      "reactants": [
        {
          "identifier": "f14a4e37-9b1c-452f-b2d3-0c17a2189ed9",
          "smiles": "CSc1ccc(O)cc1",
          "state_of_matter": "LIQUID",
          "molecular_weight": 140.20281999999992,
          "density": 1.0,
          "mass": 1.4020281999999993,
          "is_produced_by": [],
          "is_consumed_by": [
            "a411ed74-3c32-4a47-808f-32cfc4079242"
          ],
          "provenance__density": "dummy estimator based on mw",
          "provenance__is_consumed_by": null,
          "provenance__is_produced_by": null,
          "provenance__mass": null,
          "provenance__molecular_weight": "periodic table",
          "provenance__smiles": null,
          "provenance__state_of_matter": "dummy estimator based on mw"
        },
        {
          "identifier": "632bae84-2d95-412d-a2c1-63684e5b4d01",
          "smiles": "Cn1c([N+](=O)[O-])cnc1CO",
          "state_of_matter": "LIQUID",
          "molecular_weight": 158.13531999999992,
          "density": 1.0,
          "mass": 1.5813531999999992,
          "is_produced_by": [],
          "is_consumed_by": [
            "a411ed74-3c32-4a47-808f-32cfc4079242"
          ],
          "provenance__density": "dummy estimator based on mw",
          "provenance__is_consumed_by": null,
          "provenance__is_produced_by": null,
          "provenance__mass": null,
          "provenance__molecular_weight": "periodic table",
          "provenance__smiles": null,
          "provenance__state_of_matter": "dummy estimator based on mw"
        }
      ],
      "reagents": [
        {
          "identifier": "f1c911d6-0bd1-40e2-9462-06b90a706b69",
          "smiles": "C1CCOC1",
          "state_of_matter": "LIQUID",
          "molecular_weight": 72.10572000000005,
          "density": 1.0,
          "mass": 0.7210572000000005,
          "is_produced_by": [],
          "is_consumed_by": [
            "a411ed74-3c32-4a47-808f-32cfc4079242"
          ],
          "provenance__density": "dummy estimator based on mw",
          "provenance__is_consumed_by": null,
          "provenance__is_produced_by": null,
          "provenance__mass": null,
          "provenance__molecular_weight": "periodic table",
          "provenance__smiles": null,
          "provenance__state_of_matter": "dummy estimator based on mw"
        },
        {
          "identifier": "90c16a37-7478-4b6b-b73a-fbf28e02ec86",
          "smiles": "c1ccc(P(c2ccccc2)c2ccccc2)cc1",
          "state_of_matter": "SOLID",
          "molecular_weight": 262.28546099999994,
          "density": 1.4,
          "mass": 2.6228546099999996,
          "is_produced_by": [],
          "is_consumed_by": [
            "a411ed74-3c32-4a47-808f-32cfc4079242"
          ],
          "provenance__density": "dummy estimator based on mw",
          "provenance__is_consumed_by": null,
          "provenance__is_produced_by": null,
          "provenance__mass": null,
          "provenance__molecular_weight": "periodic table",
          "provenance__smiles": null,
          "provenance__state_of_matter": "dummy estimator based on mw"
        },
        {
          "identifier": "58951df6-3ed6-4377-b343-35dc786c36fa",
          "smiles": "CCOC(=O)N=NC(=O)OCC",
          "state_of_matter": "LIQUID",
          "molecular_weight": 174.1545999999999,
          "density": 1.0,
          "mass": 1.7415459999999992,
          "is_produced_by": [],
          "is_consumed_by": [
            "a411ed74-3c32-4a47-808f-32cfc4079242"
          ],
          "provenance__density": "dummy estimator based on mw",
          "provenance__is_consumed_by": null,
          "provenance__is_produced_by": null,
          "provenance__mass": null,
          "provenance__molecular_weight": "periodic table",
          "provenance__smiles": null,
          "provenance__state_of_matter": "dummy estimator based on mw"
        }
      ],
      "products": [
        {
          "identifier": "affa11d5-2c3c-45f0-b7b2-ca8e1aac61c9",
          "smiles": "CSc1ccc(OCc2ncc([N+](=O)[O-])n2C)cc1",
          "state_of_matter": "SOLID",
          "molecular_weight": 280.3228600000002,
          "density": 1.4,
          "mass": 2.8032286000000024,
          "is_produced_by": [
            "a411ed74-3c32-4a47-808f-32cfc4079242"
          ],
          "is_consumed_by": [],
          "provenance__density": "dummy estimator based on mw",
          "provenance__is_consumed_by": null,
          "provenance__is_produced_by": null,
          "provenance__mass": null,
          "provenance__molecular_weight": "periodic table",
          "provenance__smiles": null,
          "provenance__state_of_matter": "dummy estimator based on mw"
        }
      ],
      "stoichiometry": {
        "f14a4e37-9b1c-452f-b2d3-0c17a2189ed9": 1.0,
        "632bae84-2d95-412d-a2c1-63684e5b4d01": 1.0,
        "affa11d5-2c3c-45f0-b7b2-ca8e1aac61c9": -1.0
      },
      "temperature": 283.99080734252925,
      "intended_ratios": {
        "f14a4e37-9b1c-452f-b2d3-0c17a2189ed9": 1.0,
        "632bae84-2d95-412d-a2c1-63684e5b4d01": 1.0,
        "f1c911d6-0bd1-40e2-9462-06b90a706b69": 1.0,
        "90c16a37-7478-4b6b-b73a-fbf28e02ec86": 1.0,
        "58951df6-3ed6-4377-b343-35dc786c36fa": 1.0
      },
      "expected_yields": {
        "affa11d5-2c3c-45f0-b7b2-ca8e1aac61c9": 1.0
      },
      "reaction_extent": 0.01
    },
    {
      "identifier": "9805b99e-ee01-4b58-8253-6d10ce6c4476",
      "reactants": [
        {
          "identifier": "0b34f58e-5b20-4ddd-af5d-69512d36b79f",
          "smiles": "Cc1ccc(S(=O)(=O)Cl)cc1",
          "state_of_matter": "LIQUID",
          "molecular_weight": 190.64727999999988,
          "density": 1.0,
          "mass": 1.9064727999999989,
          "is_produced_by": [],
          "is_consumed_by": [
            "9805b99e-ee01-4b58-8253-6d10ce6c4476"
          ],
          "provenance__density": "dummy estimator based on mw",
          "provenance__is_consumed_by": null,
          "provenance__is_produced_by": null,
          "provenance__mass": null,
          "provenance__molecular_weight": "periodic table",
          "provenance__smiles": null,
          "provenance__state_of_matter": "dummy estimator based on mw"
        },
        {
          "identifier": "ebf65017-acc9-4162-95e7-89219a0a061d",
          "smiles": "Clc1cnc2[nH]cc(Cc3ccc(Cl)nc3)c2c1",
          "state_of_matter": "SOLID",
          "molecular_weight": 278.13666000000006,
          "density": 1.4,
          "mass": 2.7813666000000006,
          "is_produced_by": [],
          "is_consumed_by": [
            "9805b99e-ee01-4b58-8253-6d10ce6c4476"
          ],
          "provenance__density": "dummy estimator based on mw",
          "provenance__is_consumed_by": null,
          "provenance__is_produced_by": null,
          "provenance__mass": null,
          "provenance__molecular_weight": "periodic table",
          "provenance__smiles": null,
          "provenance__state_of_matter": "dummy estimator based on mw"
        }
      ],
      "reagents": [
        {
          "identifier": "2ec83297-8dd4-4248-ac84-ee879d3634c5",
          "smiles": "CN(C)C=O",
          "state_of_matter": "LIQUID",
          "molecular_weight": 73.09378000000004,
          "density": 1.0,
          "mass": 0.7309378000000004,
          "is_produced_by": [],
          "is_consumed_by": [
            "9805b99e-ee01-4b58-8253-6d10ce6c4476"
          ],
          "provenance__density": "dummy estimator based on mw",
          "provenance__is_consumed_by": null,
          "provenance__is_produced_by": null,
          "provenance__mass": null,
          "provenance__molecular_weight": "periodic table",
          "provenance__smiles": null,
          "provenance__state_of_matter": "dummy estimator based on mw"
        },
        {
          "identifier": "968085d8-9b2f-4920-a6aa-f43cc02c8d73",
          "smiles": "O",
          "state_of_matter": "LIQUID",
          "molecular_weight": 18.01528,
          "density": 1.0,
          "mass": 0.1801528,
          "is_produced_by": [],
          "is_consumed_by": [
            "9805b99e-ee01-4b58-8253-6d10ce6c4476"
          ],
          "provenance__density": "dummy estimator based on mw",
          "provenance__is_consumed_by": null,
          "provenance__is_produced_by": null,
          "provenance__mass": null,
          "provenance__molecular_weight": "periodic table",
          "provenance__smiles": null,
          "provenance__state_of_matter": "dummy estimator based on mw"
        },
        {
          "identifier": "d9438ae2-7179-4c1a-948d-9f17311874c3",
          "smiles": "[NaH]",
          "state_of_matter": "SOLID",
          "molecular_weight": 23.99771,
          "density": 1.4,
          "mass": 0.23997710000000003,
          "is_produced_by": [],
          "is_consumed_by": [
            "9805b99e-ee01-4b58-8253-6d10ce6c4476"
          ],
          "provenance__density": "dummy estimator based on mw",
          "provenance__is_consumed_by": null,
          "provenance__is_produced_by": null,
          "provenance__mass": null,
          "provenance__molecular_weight": "periodic table",
          "provenance__smiles": null,
          "provenance__state_of_matter": "dummy estimator based on mw"
        }
      ],
      "products": [
        {
          "identifier": "860165fb-969c-4eda-a851-692d1bd6f9e7",
          "smiles": "Cc1ccc(S(=O)(=O)n2cc(Cc3ccc(Cl)nc3)c3cc(Cl)cnc32)cc1",
          "state_of_matter": "SOLID",
          "molecular_weight": 433.33094000000017,
          "density": 1.4,
          "mass": 4.333309400000002,
          "is_produced_by": [
            "9805b99e-ee01-4b58-8253-6d10ce6c4476"
          ],
          "is_consumed_by": [],
          "provenance__density": "dummy estimator based on mw",
          "provenance__is_consumed_by": null,
          "provenance__is_produced_by": null,
          "provenance__mass": null,
          "provenance__molecular_weight": "periodic table",
          "provenance__smiles": null,
          "provenance__state_of_matter": "dummy estimator based on mw"
        }
      ],
      "stoichiometry": {
        "0b34f58e-5b20-4ddd-af5d-69512d36b79f": 1.0,
        "ebf65017-acc9-4162-95e7-89219a0a061d": 1.0,
        "860165fb-969c-4eda-a851-692d1bd6f9e7": -1.0
      },
      "temperature": 294.0366781532764,
      "intended_ratios": {
        "0b34f58e-5b20-4ddd-af5d-69512d36b79f": 1.0,
        "ebf65017-acc9-4162-95e7-89219a0a061d": 1.0,
        "2ec83297-8dd4-4248-ac84-ee879d3634c5": 1.0,
        "968085d8-9b2f-4920-a6aa-f43cc02c8d73": 1.0,
        "d9438ae2-7179-4c1a-948d-9f17311874c3": 1.0
      },
      "expected_yields": {
        "860165fb-969c-4eda-a851-692d1bd6f9e7": 1.0
      },
      "reaction_extent": 0.01
    },
    {
      "identifier": "1bb2b1b1-5a48-4822-b7d7-c0b9954587d4",
      "reactants": [
        {
          "identifier": "e715ff0c-33d8-493d-bbd5-2ebd24bfd4fb",
          "smiles": "Cc1ccc(S(=O)(=O)n2cc(Cc3ccc(Cl)nc3)c3cc(Cl)cnc32)cc1",
          "state_of_matter": "SOLID",
          "molecular_weight": 433.33094000000017,
          "density": 1.4,
          "mass": 4.333309400000002,
          "is_produced_by": [],
          "is_consumed_by": [
            "1bb2b1b1-5a48-4822-b7d7-c0b9954587d4"
          ],
          "provenance__density": "dummy estimator based on mw",
          "provenance__is_consumed_by": null,
          "provenance__is_produced_by": null,
          "provenance__mass": null,
          "provenance__molecular_weight": "periodic table",
          "provenance__smiles": null,
          "provenance__state_of_matter": "dummy estimator based on mw"
        }
      ],
      "reagents": [
        {
          "identifier": "0dd74b1d-f1b5-4d94-b9a2-24df552655e4",
          "smiles": "O=C(O)C(F)(F)F",
          "state_of_matter": "LIQUID",
          "molecular_weight": 114.0233496,
          "density": 1.0,
          "mass": 1.140233496,
          "is_produced_by": [],
          "is_consumed_by": [
            "1bb2b1b1-5a48-4822-b7d7-c0b9954587d4"
          ],
          "provenance__density": "dummy estimator based on mw",
          "provenance__is_consumed_by": null,
          "provenance__is_produced_by": null,
          "provenance__mass": null,
          "provenance__molecular_weight": "periodic table",
          "provenance__smiles": null,
          "provenance__state_of_matter": "dummy estimator based on mw"
        }
      ],
      "products": [
        {
          "identifier": "18957b15-8ada-4d0f-a62d-e4454f620997",
          "smiles": "Cc1ccc(S(=O)(=O)n2cc(Cc3ccc(N)nc3)c3cc(Cl)cnc32)cc1",
          "state_of_matter": "SOLID",
          "molecular_weight": 413.90052000000014,
          "density": 1.4,
          "mass": 4.1390052000000015,
          "is_produced_by": [
            "1bb2b1b1-5a48-4822-b7d7-c0b9954587d4"
          ],
          "is_consumed_by": [],
          "provenance__density": "dummy estimator based on mw",
          "provenance__is_consumed_by": null,
          "provenance__is_produced_by": null,
          "provenance__mass": null,
          "provenance__molecular_weight": "periodic table",
          "provenance__smiles": null,
          "provenance__state_of_matter": "dummy estimator based on mw"
        }
      ],
      "stoichiometry": {
        "e715ff0c-33d8-493d-bbd5-2ebd24bfd4fb": 1.0,
        "18957b15-8ada-4d0f-a62d-e4454f620997": -1.0
      },
      "temperature": 354.8695926904678,
      "intended_ratios": {
        "e715ff0c-33d8-493d-bbd5-2ebd24bfd4fb": 1.0,
        "0dd74b1d-f1b5-4d94-b9a2-24df552655e4": 1.0
      },
      "expected_yields": {
        "18957b15-8ada-4d0f-a62d-e4454f620997": 1.0
      },
      "reaction_extent": 0.01
    },
    {
      "identifier": "12b480b4-d036-4b4d-8c4b-1541935d84cf",
      "reactants": [
        {
          "identifier": "e718ea4c-e9c6-4065-be4b-be59a676ffa8",
          "smiles": "Cc1ccc(S(=O)(=O)n2cc(Cc3ccc(N)nc3)c3cc(Cl)cnc32)cc1",
          "state_of_matter": "SOLID",
          "molecular_weight": 413.90052000000014,
          "density": 1.4,
          "mass": 4.1390052000000015,
          "is_produced_by": [],
          "is_consumed_by": [
            "12b480b4-d036-4b4d-8c4b-1541935d84cf"
          ],
          "provenance__density": "dummy estimator based on mw",
          "provenance__is_consumed_by": null,
          "provenance__is_produced_by": null,
          "provenance__mass": null,
          "provenance__molecular_weight": "periodic table",
          "provenance__smiles": null,
          "provenance__state_of_matter": "dummy estimator based on mw"
        },
        {
          "identifier": "fcc77395-6e51-4da6-8eb7-6b6f70cd4bf7",
          "smiles": "O=C(O)c1ccc(C(F)(F)F)nc1",
          "state_of_matter": "LIQUID",
          "molecular_weight": 191.10736959999997,
          "density": 1.0,
          "mass": 1.9110736959999997,
          "is_produced_by": [],
          "is_consumed_by": [
            "12b480b4-d036-4b4d-8c4b-1541935d84cf"
          ],
          "provenance__density": "dummy estimator based on mw",
          "provenance__is_consumed_by": null,
          "provenance__is_produced_by": null,
          "provenance__mass": null,
          "provenance__molecular_weight": "periodic table",
          "provenance__smiles": null,
          "provenance__state_of_matter": "dummy estimator based on mw"
        }
      ],
      "reagents": [
        {
          "identifier": "a56277f6-abcd-46b2-8308-ff30e6b46a47",
          "smiles": "c1ccncc1",
          "state_of_matter": "LIQUID",
          "molecular_weight": 79.09990000000003,
          "density": 1.0,
          "mass": 0.7909990000000003,
          "is_produced_by": [],
          "is_consumed_by": [
            "12b480b4-d036-4b4d-8c4b-1541935d84cf"
          ],
          "provenance__density": "dummy estimator based on mw",
          "provenance__is_consumed_by": null,
          "provenance__is_produced_by": null,
          "provenance__mass": null,
          "provenance__molecular_weight": "periodic table",
          "provenance__smiles": null,
          "provenance__state_of_matter": "dummy estimator based on mw"
        },
        {
          "identifier": "d18d9dbe-c0a4-49a4-9698-2dfa6bfc6efc",
          "smiles": "O=S(Cl)Cl",
          "state_of_matter": "LIQUID",
          "molecular_weight": 118.97040000000001,
          "density": 1.0,
          "mass": 1.189704,
          "is_produced_by": [],
          "is_consumed_by": [
            "12b480b4-d036-4b4d-8c4b-1541935d84cf"
          ],
          "provenance__density": "dummy estimator based on mw",
          "provenance__is_consumed_by": null,
          "provenance__is_produced_by": null,
          "provenance__mass": null,
          "provenance__molecular_weight": "periodic table",
          "provenance__smiles": null,
          "provenance__state_of_matter": "dummy estimator based on mw"
        }
      ],
      "products": [
        {
          "identifier": "bf761328-beae-42d0-b9dc-914e530521a2",
          "smiles": "Cc1ccc(S(=O)(=O)n2cc(Cc3ccc(NC(=O)c4ccc(C(F)(F)F)nc4)nc3)c3cc(Cl)cnc32)cc1",
          "state_of_matter": "SOLID",
          "molecular_weight": 586.9926095999992,
          "density": 1.4,
          "mass": 5.869926095999992,
          "is_produced_by": [
            "12b480b4-d036-4b4d-8c4b-1541935d84cf"
          ],
          "is_consumed_by": [],
          "provenance__density": "dummy estimator based on mw",
          "provenance__is_consumed_by": null,
          "provenance__is_produced_by": null,
          "provenance__mass": null,
          "provenance__molecular_weight": "periodic table",
          "provenance__smiles": null,
          "provenance__state_of_matter": "dummy estimator based on mw"
        }
      ],
      "stoichiometry": {
        "e718ea4c-e9c6-4065-be4b-be59a676ffa8": 1.0,
        "fcc77395-6e51-4da6-8eb7-6b6f70cd4bf7": 1.0,
        "bf761328-beae-42d0-b9dc-914e530521a2": -1.0
      },
      "temperature": 328.6723099887371,
      "intended_ratios": {
        "e718ea4c-e9c6-4065-be4b-be59a676ffa8": 1.0,
        "fcc77395-6e51-4da6-8eb7-6b6f70cd4bf7": 1.0,
        "a56277f6-abcd-46b2-8308-ff30e6b46a47": 1.0,
        "d18d9dbe-c0a4-49a4-9698-2dfa6bfc6efc": 1.0
      },
      "expected_yields": {
        "bf761328-beae-42d0-b9dc-914e530521a2": 1.0
      },
      "reaction_extent": 0.01
    },
    {
      "identifier": "0be6caa1-1f20-4a7b-8d67-5a7f70ab0e06",
      "reactants": [
        {
          "identifier": "7e295a14-e06b-4888-9cea-7fe80f983ce9",
          "smiles": "Cc1ccc(S(=O)(=O)n2cc(Cc3ccc(NC(=O)c4ccc(C(F)(F)F)nc4)nc3)c3cc(Cl)cnc32)cc1",
          "state_of_matter": "SOLID",
          "molecular_weight": 586.9926095999992,
          "density": 1.4,
          "mass": 5.869926095999992,
          "is_produced_by": [],
          "is_consumed_by": [
            "0be6caa1-1f20-4a7b-8d67-5a7f70ab0e06"
          ],
          "provenance__density": "dummy estimator based on mw",
          "provenance__is_consumed_by": null,
          "provenance__is_produced_by": null,
          "provenance__mass": null,
          "provenance__molecular_weight": "periodic table",
          "provenance__smiles": null,
          "provenance__state_of_matter": "dummy estimator based on mw"
        }
      ],
      "reagents": [
        {
          "identifier": "7b0c4427-e20c-40f4-bb1a-089c0e4b23a0",
          "smiles": "O",
          "state_of_matter": "LIQUID",
          "molecular_weight": 18.01528,
          "density": 1.0,
          "mass": 0.1801528,
          "is_produced_by": [],
          "is_consumed_by": [
            "0be6caa1-1f20-4a7b-8d67-5a7f70ab0e06"
          ],
          "provenance__density": "dummy estimator based on mw",
          "provenance__is_consumed_by": null,
          "provenance__is_produced_by": null,
          "provenance__mass": null,
          "provenance__molecular_weight": "periodic table",
          "provenance__smiles": null,
          "provenance__state_of_matter": "dummy estimator based on mw"
        },
        {
          "identifier": "20d3b6ae-07eb-4187-925b-e8534bf5211e",
          "smiles": "C1CCOC1",
          "state_of_matter": "LIQUID",
          "molecular_weight": 72.10572000000005,
          "density": 1.0,
          "mass": 0.7210572000000005,
          "is_produced_by": [],
          "is_consumed_by": [
            "0be6caa1-1f20-4a7b-8d67-5a7f70ab0e06"
          ],
          "provenance__density": "dummy estimator based on mw",
          "provenance__is_consumed_by": null,
          "provenance__is_produced_by": null,
          "provenance__mass": null,
          "provenance__molecular_weight": "periodic table",
          "provenance__smiles": null,
          "provenance__state_of_matter": "dummy estimator based on mw"
        },
        {
          "identifier": "a305bf58-2de4-4eaf-b1b3-07cb8b1cf5c2",
          "smiles": "CCCC[N+](CCCC)(CCCC)CCCC.[F-]",
          "state_of_matter": "SOLID",
          "molecular_weight": 261.46214319999973,
          "density": 1.4,
          "mass": 2.614621431999997,
          "is_produced_by": [],
          "is_consumed_by": [
            "0be6caa1-1f20-4a7b-8d67-5a7f70ab0e06"
          ],
          "provenance__density": "dummy estimator based on mw",
          "provenance__is_consumed_by": null,
          "provenance__is_produced_by": null,
          "provenance__mass": null,
          "provenance__molecular_weight": "periodic table",
          "provenance__smiles": null,
          "provenance__state_of_matter": "dummy estimator based on mw"
        }
      ],
      "products": [
        {
          "identifier": "60efedff-2639-4ef6-9e7c-8e922af44abe",
          "smiles": "O=C(Nc1ccc(Cc2c[nH]c3ncc(Cl)cc23)cn1)c1ccc(C(F)(F)F)nc1",
          "state_of_matter": "SOLID",
          "molecular_weight": 431.79832960000016,
          "density": 1.4,
          "mass": 4.317983296000001,
          "is_produced_by": [
            "0be6caa1-1f20-4a7b-8d67-5a7f70ab0e06"
          ],
          "is_consumed_by": [],
          "provenance__density": "dummy estimator based on mw",
          "provenance__is_consumed_by": null,
          "provenance__is_produced_by": null,
          "provenance__mass": null,
          "provenance__molecular_weight": "periodic table",
          "provenance__smiles": null,
          "provenance__state_of_matter": "dummy estimator based on mw"
        }
      ],
      "stoichiometry": {
        "7e295a14-e06b-4888-9cea-7fe80f983ce9": 1.0,
        "60efedff-2639-4ef6-9e7c-8e922af44abe": -1.0
      },
      "temperature": 316.97248406410216,
      "intended_ratios": {
        "7e295a14-e06b-4888-9cea-7fe80f983ce9": 1.0,
        "7b0c4427-e20c-40f4-bb1a-089c0e4b23a0": 1.0,
        "20d3b6ae-07eb-4187-925b-e8534bf5211e": 1.0,
        "a305bf58-2de4-4eaf-b1b3-07cb8b1cf5c2": 1.0
      },
      "expected_yields": {
        "60efedff-2639-4ef6-9e7c-8e922af44abe": 1.0
      },
      "reaction_extent": 0.01
    },
    {
      "identifier": "47076752-8b24-4947-8bf5-a1328e3015ee",
      "reactants": [
        {
          "identifier": "def954db-de83-42e3-a767-81e30eb4223b",
          "smiles": "Clc1cnc2[nH]ccc2c1",
          "state_of_matter": "LIQUID",
          "molecular_weight": 152.58099999999993,
          "density": 1.0,
          "mass": 1.5258099999999994,
          "is_produced_by": [],
          "is_consumed_by": [
            "47076752-8b24-4947-8bf5-a1328e3015ee"
          ],
          "provenance__density": "dummy estimator based on mw",
          "provenance__is_consumed_by": null,
          "provenance__is_produced_by": null,
          "provenance__mass": null,
          "provenance__molecular_weight": "periodic table",
          "provenance__smiles": null,
          "provenance__state_of_matter": "dummy estimator based on mw"
        },
        {
          "identifier": "bed71122-6ba5-4bf2-98a0-5744431f078a",
          "smiles": "O=Cc1ccc(Cl)nc1",
          "state_of_matter": "LIQUID",
          "molecular_weight": 141.55505999999997,
          "density": 1.0,
          "mass": 1.4155505999999998,
          "is_produced_by": [],
          "is_consumed_by": [
            "47076752-8b24-4947-8bf5-a1328e3015ee"
          ],
          "provenance__density": "dummy estimator based on mw",
          "provenance__is_consumed_by": null,
          "provenance__is_produced_by": null,
          "provenance__mass": null,
          "provenance__molecular_weight": "periodic table",
          "provenance__smiles": null,
          "provenance__state_of_matter": "dummy estimator based on mw"
        }
      ],
      "reagents": [
        {
          "identifier": "c1a177d8-37d1-45d2-94a2-dbbaaabad0c3",
          "smiles": "CO",
          "state_of_matter": "LIQUID",
          "molecular_weight": 32.04186000000001,
          "density": 1.0,
          "mass": 0.32041860000000005,
          "is_produced_by": [],
          "is_consumed_by": [
            "47076752-8b24-4947-8bf5-a1328e3015ee"
          ],
          "provenance__density": "dummy estimator based on mw",
          "provenance__is_consumed_by": null,
          "provenance__is_produced_by": null,
          "provenance__mass": null,
          "provenance__molecular_weight": "periodic table",
          "provenance__smiles": null,
          "provenance__state_of_matter": "dummy estimator based on mw"
        },
        {
          "identifier": "9a9cafb2-2603-4b22-a878-e0368dd1db48",
          "smiles": "O",
          "state_of_matter": "LIQUID",
          "molecular_weight": 18.01528,
          "density": 1.0,
          "mass": 0.1801528,
          "is_produced_by": [],
          "is_consumed_by": [
            "47076752-8b24-4947-8bf5-a1328e3015ee"
          ],
          "provenance__density": "dummy estimator based on mw",
          "provenance__is_consumed_by": null,
          "provenance__is_produced_by": null,
          "provenance__mass": null,
          "provenance__molecular_weight": "periodic table",
          "provenance__smiles": null,
          "provenance__state_of_matter": "dummy estimator based on mw"
        },
        {
          "identifier": "d01809db-755d-4b10-94c6-199915fd98d8",
          "smiles": "O[K]",
          "state_of_matter": "SOLID",
          "molecular_weight": 56.10564,
          "density": 1.4,
          "mass": 0.5610564,
          "is_produced_by": [],
          "is_consumed_by": [
            "47076752-8b24-4947-8bf5-a1328e3015ee"
          ],
          "provenance__density": "dummy estimator based on mw",
          "provenance__is_consumed_by": null,
          "provenance__is_produced_by": null,
          "provenance__mass": null,
          "provenance__molecular_weight": "periodic table",
          "provenance__smiles": null,
          "provenance__state_of_matter": "dummy estimator based on mw"
        }
      ],
      "products": [
        {
          "identifier": "5428a99c-e740-451f-b04b-efc92997cd8a",
          "smiles": "OC(c1ccc(Cl)nc1)c1c[nH]c2ncc(Cl)cc12",
          "state_of_matter": "SOLID",
          "molecular_weight": 294.1360600000001,
          "density": 1.4,
          "mass": 2.941360600000001,
          "is_produced_by": [
            "47076752-8b24-4947-8bf5-a1328e3015ee"
          ],
          "is_consumed_by": [],
          "provenance__density": "dummy estimator based on mw",
          "provenance__is_consumed_by": null,
          "provenance__is_produced_by": null,
          "provenance__mass": null,
          "provenance__molecular_weight": "periodic table",
          "provenance__smiles": null,
          "provenance__state_of_matter": "dummy estimator based on mw"
        }
      ],
      "stoichiometry": {
        "def954db-de83-42e3-a767-81e30eb4223b": 1.0,
        "bed71122-6ba5-4bf2-98a0-5744431f078a": 1.0,
        "5428a99c-e740-451f-b04b-efc92997cd8a": -1.0
      },
      "temperature": 281.2925557672977,
      "intended_ratios": {
        "def954db-de83-42e3-a767-81e30eb4223b": 1.0,
        "bed71122-6ba5-4bf2-98a0-5744431f078a": 1.0,
        "c1a177d8-37d1-45d2-94a2-dbbaaabad0c3": 1.0,
        "9a9cafb2-2603-4b22-a878-e0368dd1db48": 1.0,
        "d01809db-755d-4b10-94c6-199915fd98d8": 1.0
      },
      "expected_yields": {
        "5428a99c-e740-451f-b04b-efc92997cd8a": 1.0
      },
      "reaction_extent": 0.01
    },
    {
      "identifier": "7b2e9902-b91c-448d-82c7-7b1327f79980",
      "reactants": [
        {
          "identifier": "2b2432c1-13d1-4ab5-b0a0-ef880d5ebd42",
          "smiles": "O=C(Nc1ccc(Cc2c[nH]c3ncc(Cl)cc23)cn1)c1ccc(C(F)(F)F)nc1",
          "state_of_matter": "SOLID",
          "molecular_weight": 431.79832960000016,
          "density": 1.4,
          "mass": 4.317983296000001,
          "is_produced_by": [],
          "is_consumed_by": [
            "7b2e9902-b91c-448d-82c7-7b1327f79980"
          ],
          "provenance__density": "dummy estimator based on mw",
          "provenance__is_consumed_by": null,
          "provenance__is_produced_by": null,
          "provenance__mass": null,
          "provenance__molecular_weight": "periodic table",
          "provenance__smiles": null,
          "provenance__state_of_matter": "dummy estimator based on mw"
        }
      ],
      "reagents": [
        {
          "identifier": "86547b0f-b105-4ea6-a004-5e0621f5f249",
          "smiles": "CC#N",
          "state_of_matter": "LIQUID",
          "molecular_weight": 41.051919999999996,
          "density": 1.0,
          "mass": 0.4105192,
          "is_produced_by": [],
          "is_consumed_by": [
            "7b2e9902-b91c-448d-82c7-7b1327f79980"
          ],
          "provenance__density": "dummy estimator based on mw",
          "provenance__is_consumed_by": null,
          "provenance__is_produced_by": null,
          "provenance__mass": null,
          "provenance__molecular_weight": "periodic table",
          "provenance__smiles": null,
          "provenance__state_of_matter": "dummy estimator based on mw"
        },
        {
          "identifier": "893abc16-4854-4780-9673-34a52a66d8e6",
          "smiles": "O=C(O)C(F)(F)F",
          "state_of_matter": "LIQUID",
          "molecular_weight": 114.0233496,
          "density": 1.0,
          "mass": 1.140233496,
          "is_produced_by": [],
          "is_consumed_by": [
            "7b2e9902-b91c-448d-82c7-7b1327f79980"
          ],
          "provenance__density": "dummy estimator based on mw",
          "provenance__is_consumed_by": null,
          "provenance__is_produced_by": null,
          "provenance__mass": null,
          "provenance__molecular_weight": "periodic table",
          "provenance__smiles": null,
          "provenance__state_of_matter": "dummy estimator based on mw"
        },
        {
          "identifier": "66ca728c-5866-45d7-980e-8ac64672a2c0",
          "smiles": "CC[SiH](CC)CC",
          "state_of_matter": "LIQUID",
          "molecular_weight": 116.27674000000007,
          "density": 1.0,
          "mass": 1.1627674000000008,
          "is_produced_by": [],
          "is_consumed_by": [
            "7b2e9902-b91c-448d-82c7-7b1327f79980"
          ],
          "provenance__density": "dummy estimator based on mw",
          "provenance__is_consumed_by": null,
          "provenance__is_produced_by": null,
          "provenance__mass": null,
          "provenance__molecular_weight": "periodic table",
          "provenance__smiles": null,
          "provenance__state_of_matter": "dummy estimator based on mw"
        }
      ],
      "products": [
        {
          "identifier": "bfe6ed45-4ede-4fe0-b4a6-1564b99ecdd2",
          "smiles": "FC(F)(F)c1ccc(CNc2ccc(Cc3c[nH]c4ncc(Cl)cc34)cn2)cn1",
          "state_of_matter": "SOLID",
          "molecular_weight": 417.81480960000016,
          "density": 1.4,
          "mass": 4.178148096000002,
          "is_produced_by": [
            "7b2e9902-b91c-448d-82c7-7b1327f79980"
          ],
          "is_consumed_by": [],
          "provenance__density": "dummy estimator based on mw",
          "provenance__is_consumed_by": null,
          "provenance__is_produced_by": null,
          "provenance__mass": null,
          "provenance__molecular_weight": "periodic table",
          "provenance__smiles": null,
          "provenance__state_of_matter": "dummy estimator based on mw"
        }
      ],
      "stoichiometry": {
        "2b2432c1-13d1-4ab5-b0a0-ef880d5ebd42": 1.0,
        "bfe6ed45-4ede-4fe0-b4a6-1564b99ecdd2": -1.0
      },
      "temperature": 327.5941164672374,
      "intended_ratios": {
        "2b2432c1-13d1-4ab5-b0a0-ef880d5ebd42": 1.0,
        "86547b0f-b105-4ea6-a004-5e0621f5f249": 1.0,
        "893abc16-4854-4780-9673-34a52a66d8e6": 1.0,
        "66ca728c-5866-45d7-980e-8ac64672a2c0": 1.0
      },
      "expected_yields": {
        "bfe6ed45-4ede-4fe0-b4a6-1564b99ecdd2": 1.0
      },
      "reaction_extent": 0.01
    },
    {
      "identifier": "ddca193e-4aad-4194-8eb1-eb865bb6cf7c",
      "reactants": [
        {
          "identifier": "852f6b69-e7e1-4165-bc88-d23c8ba3b293",
          "smiles": "OC(c1ccc(Cl)nc1)c1c[nH]c2ncc(Cl)cc12",
          "state_of_matter": "SOLID",
          "molecular_weight": 294.1360600000001,
          "density": 1.4,
          "mass": 2.941360600000001,
          "is_produced_by": [],
          "is_consumed_by": [
            "ddca193e-4aad-4194-8eb1-eb865bb6cf7c"
          ],
          "provenance__density": "dummy estimator based on mw",
          "provenance__is_consumed_by": null,
          "provenance__is_produced_by": null,
          "provenance__mass": null,
          "provenance__molecular_weight": "periodic table",
          "provenance__smiles": null,
          "provenance__state_of_matter": "dummy estimator based on mw"
        }
      ],
      "reagents": [
        {
          "identifier": "555156e8-9013-4513-b1ca-d9c484a46a8a",
          "smiles": "CC#N",
          "state_of_matter": "LIQUID",
          "molecular_weight": 41.051919999999996,
          "density": 1.0,
          "mass": 0.4105192,
          "is_produced_by": [],
          "is_consumed_by": [
            "ddca193e-4aad-4194-8eb1-eb865bb6cf7c"
          ],
          "provenance__density": "dummy estimator based on mw",
          "provenance__is_consumed_by": null,
          "provenance__is_produced_by": null,
          "provenance__mass": null,
          "provenance__molecular_weight": "periodic table",
          "provenance__smiles": null,
          "provenance__state_of_matter": "dummy estimator based on mw"
        },
        {
          "identifier": "4961eacd-ec18-476d-b7e5-f9d4b3e26436",
          "smiles": "O=C(O)C(F)(F)F",
          "state_of_matter": "LIQUID",
          "molecular_weight": 114.0233496,
          "density": 1.0,
          "mass": 1.140233496,
          "is_produced_by": [],
          "is_consumed_by": [
            "ddca193e-4aad-4194-8eb1-eb865bb6cf7c"
          ],
          "provenance__density": "dummy estimator based on mw",
          "provenance__is_consumed_by": null,
          "provenance__is_produced_by": null,
          "provenance__mass": null,
          "provenance__molecular_weight": "periodic table",
          "provenance__smiles": null,
          "provenance__state_of_matter": "dummy estimator based on mw"
        },
        {
          "identifier": "b9917e37-1c72-4e12-8ddb-8aaa8cf4e188",
          "smiles": "CC[SiH](CC)CC",
          "state_of_matter": "LIQUID",
          "molecular_weight": 116.27674000000007,
          "density": 1.0,
          "mass": 1.1627674000000008,
          "is_produced_by": [],
          "is_consumed_by": [
            "ddca193e-4aad-4194-8eb1-eb865bb6cf7c"
          ],
          "provenance__density": "dummy estimator based on mw",
          "provenance__is_consumed_by": null,
          "provenance__is_produced_by": null,
          "provenance__mass": null,
          "provenance__molecular_weight": "periodic table",
          "provenance__smiles": null,
          "provenance__state_of_matter": "dummy estimator based on mw"
        }
      ],
      "products": [
        {
          "identifier": "b20c33aa-0bb4-488f-b9f7-83507d535a26",
          "smiles": "Clc1cnc2[nH]cc(Cc3ccc(Cl)nc3)c2c1",
          "state_of_matter": "SOLID",
          "molecular_weight": 278.13666000000006,
          "density": 1.4,
          "mass": 2.7813666000000006,
          "is_produced_by": [
            "ddca193e-4aad-4194-8eb1-eb865bb6cf7c"
          ],
          "is_consumed_by": [],
          "provenance__density": "dummy estimator based on mw",
          "provenance__is_consumed_by": null,
          "provenance__is_produced_by": null,
          "provenance__mass": null,
          "provenance__molecular_weight": "periodic table",
          "provenance__smiles": null,
          "provenance__state_of_matter": "dummy estimator based on mw"
        }
      ],
      "stoichiometry": {
        "852f6b69-e7e1-4165-bc88-d23c8ba3b293": 1.0,
        "b20c33aa-0bb4-488f-b9f7-83507d535a26": -1.0
      },
      "temperature": 307.97120277285575,
      "intended_ratios": {
        "852f6b69-e7e1-4165-bc88-d23c8ba3b293": 1.0,
        "555156e8-9013-4513-b1ca-d9c484a46a8a": 1.0,
        "4961eacd-ec18-476d-b7e5-f9d4b3e26436": 1.0,
        "b9917e37-1c72-4e12-8ddb-8aaa8cf4e188": 1.0
      },
      "expected_yields": {
        "b20c33aa-0bb4-488f-b9f7-83507d535a26": 1.0
      },
      "reaction_extent": 0.01
    }
  ],
  "molecular_nodes": [
    "C1CCOC1",
    "C=Cc1ccccc1",
    "CC#N",
    "CC(=O)[O-].CC(=O)[O-].[Pd+2]",
    "CC(C)N",
    "CC(C)N1C(=O)CC(=O)NC1=O",
    "CC(C)NC(=O)Cl",
    "CC(C)O",
    "CC(C)c1c(O)cc(Br)cc1O",
    "CC(C)c1c(O)cc(C=Cc2ccccc2)cc1O",
    "CC(C)n1c(=O)cc(Cl)[nH]c1=O",
    "CC(N)c1ccccc1",
    "CC(Nc1cc(=O)n(C(C)C)c(=O)[nH]1)c1ccccc1",
    "CCCC[N+](CCCC)(CCCC)CCCC.[F-]",
    "CCN(CC)CC",
    "CCO",
    "CCOC(=O)CC(=O)Cl",
    "CCOC(=O)CC(=O)N(C(=O)Cl)C(C)C",
    "CCOC(=O)CC(=O)N(C(N)=O)C(C)C",
    "CCOC(=O)N=NC(=O)OCC",
    "CCO[Na]",
    "CC[SiH](CC)CC",
    "CI",
    "CN(C)C=O",
    "CO",
    "CSc1ccc(O)cc1",
    "CSc1ccc(OCc2ncc([N+](=O)[O-])n2C)cc1",
    "Cc1ccc(S(=O)(=O)Cl)cc1",
    "Cc1ccc(S(=O)(=O)n2cc(Cc3ccc(Cl)nc3)c3cc(Cl)cnc32)cc1",
    "Cc1ccc(S(=O)(=O)n2cc(Cc3ccc(N)nc3)c3cc(Cl)cnc32)cc1",
    "Cc1ccc(S(=O)(=O)n2cc(Cc3ccc(NC(=O)c4ccc(C(F)(F)F)nc4)nc3)c3cc(Cl)cnc32)cc1",
    "ClCCl",
    "Clc1cnc2[nH]cc(Cc3ccc(Cl)nc3)c2c1",
    "Clc1cnc2[nH]ccc2c1",
    "Cn1c([N+](=O)[O-])cnc1CO",
    "FC(F)(F)c1ccc(CNc2ccc(Cc3c[nH]c4ncc(Cl)cc34)cn2)cn1",
    "O",
    "O=C(Nc1ccc(Cc2c[nH]c3ncc(Cl)cc23)cn1)c1ccc(C(F)(F)F)nc1",
    "O=C(O)C(F)(F)F",
    "O=C(O)c1ccc(C(F)(F)F)nc1",
    "O=C(OC(Cl)(Cl)Cl)OC(Cl)(Cl)Cl",
    "O=C(O[K])O[K]",
    "O=Cc1ccc(Cl)nc1",
    "O=S(=O)(O)O",
    "O=S(Cl)Cl",
    "OC(c1ccc(Cl)nc1)c1c[nH]c2ncc(Cl)cc12",
    "O[K]",
    "Oc1cc(O)cc(Br)c1",
    "[NaH]",
    "c1ccc(P(c2ccccc2)c2ccccc2)cc1",
    "c1ccncc1"
  ],
  "edges": [
    [
      "0be6caa1-1f20-4a7b-8d67-5a7f70ab0e06",
      "O=C(Nc1ccc(Cc2c[nH]c3ncc(Cl)cc23)cn1)c1ccc(C(F)(F)F)nc1"
    ],
    [
      "0c07898d-d3db-4f53-bbaa-3c49a18b6c2b",
      "CC(C)c1c(O)cc(Br)cc1O"
    ],
    [
      "12b480b4-d036-4b4d-8c4b-1541935d84cf",
      "Cc1ccc(S(=O)(=O)n2cc(Cc3ccc(NC(=O)c4ccc(C(F)(F)F)nc4)nc3)c3cc(Cl)cnc32)cc1"
    ],
    [
      "1bb2b1b1-5a48-4822-b7d7-c0b9954587d4",
      "Cc1ccc(S(=O)(=O)n2cc(Cc3ccc(N)nc3)c3cc(Cl)cnc32)cc1"
    ],
    [
      "29e532df-1911-4b1b-b6d7-f0db87c68ba4",
      "CC(C)NC(=O)Cl"
    ],
    [
      "2fd50d5a-c3a1-404e-9cd4-1b8d0c1a154f",
      "CCOC(=O)CC(=O)N(C(=O)Cl)C(C)C"
    ],
    [
      "415a1933-ae7c-4dfe-9ee6-9332a70a7d91",
      "CC(C)n1c(=O)cc(Cl)[nH]c1=O"
    ],
    [
      "47076752-8b24-4947-8bf5-a1328e3015ee",
      "OC(c1ccc(Cl)nc1)c1c[nH]c2ncc(Cl)cc12"
    ],
    [
      "624973d8-0b5b-4e7f-9109-28ccbee70d20",
      "CC(C)c1c(O)cc(C=Cc2ccccc2)cc1O"
    ],
    [
      "7b2e9902-b91c-448d-82c7-7b1327f79980",
      "FC(F)(F)c1ccc(CNc2ccc(Cc3c[nH]c4ncc(Cl)cc34)cn2)cn1"
    ],
    [
      "7ed7efc3-7309-4a83-94f7-f83fa3f20571",
      "CC(C)N1C(=O)CC(=O)NC1=O"
    ],
    [
      "9805b99e-ee01-4b58-8253-6d10ce6c4476",
      "Cc1ccc(S(=O)(=O)n2cc(Cc3ccc(Cl)nc3)c3cc(Cl)cnc32)cc1"
    ],
    [
      "C1CCOC1",
      "0be6caa1-1f20-4a7b-8d67-5a7f70ab0e06"
    ],
    [
      "C1CCOC1",
      "a411ed74-3c32-4a47-808f-32cfc4079242"
    ],
    [
      "C=Cc1ccccc1",
      "624973d8-0b5b-4e7f-9109-28ccbee70d20"
    ],
    [
      "CC#N",
      "7b2e9902-b91c-448d-82c7-7b1327f79980"
    ],
    [
      "CC#N",
      "c25ab0ca-d8f9-4694-bcca-84d2280bb86d"
    ],
    [
      "CC#N",
      "ddca193e-4aad-4194-8eb1-eb865bb6cf7c"
    ],
    [
      "CC(=O)[O-].CC(=O)[O-].[Pd+2]",
      "624973d8-0b5b-4e7f-9109-28ccbee70d20"
    ],
    [
      "CC(C)N",
      "29e532df-1911-4b1b-b6d7-f0db87c68ba4"
    ],
    [
      "CC(C)N1C(=O)CC(=O)NC1=O",
      "415a1933-ae7c-4dfe-9ee6-9332a70a7d91"
    ],
    [
      "CC(C)NC(=O)Cl",
      "2fd50d5a-c3a1-404e-9cd4-1b8d0c1a154f"
    ],
    [
      "CC(C)O",
      "0c07898d-d3db-4f53-bbaa-3c49a18b6c2b"
    ],
    [
      "CC(C)c1c(O)cc(Br)cc1O",
      "624973d8-0b5b-4e7f-9109-28ccbee70d20"
    ],
    [
      "CC(C)n1c(=O)cc(Cl)[nH]c1=O",
      "c25ab0ca-d8f9-4694-bcca-84d2280bb86d"
    ],
    [
      "CC(N)c1ccccc1",
      "c25ab0ca-d8f9-4694-bcca-84d2280bb86d"
    ],
    [
      "CCCC[N+](CCCC)(CCCC)CCCC.[F-]",
      "0be6caa1-1f20-4a7b-8d67-5a7f70ab0e06"
    ],
    [
      "CCN(CC)CC",
      "624973d8-0b5b-4e7f-9109-28ccbee70d20"
    ],
    [
      "CCO",
      "7ed7efc3-7309-4a83-94f7-f83fa3f20571"
    ],
    [
      "CCOC(=O)CC(=O)Cl",
      "2fd50d5a-c3a1-404e-9cd4-1b8d0c1a154f"
    ],
    [
      "CCOC(=O)CC(=O)N(C(=O)Cl)C(C)C",
      "a7d47f9d-997d-4996-91dc-17f29de4a8d0"
    ],
    [
      "CCOC(=O)CC(=O)N(C(N)=O)C(C)C",
      "7ed7efc3-7309-4a83-94f7-f83fa3f20571"
    ],
    [
      "CCOC(=O)N=NC(=O)OCC",
      "a411ed74-3c32-4a47-808f-32cfc4079242"
    ],
    [
      "CCO[Na]",
      "7ed7efc3-7309-4a83-94f7-f83fa3f20571"
    ],
    [
      "CC[SiH](CC)CC",
      "7b2e9902-b91c-448d-82c7-7b1327f79980"
    ],
    [
      "CC[SiH](CC)CC",
      "ddca193e-4aad-4194-8eb1-eb865bb6cf7c"
    ],
    [
      "CI",
      "415a1933-ae7c-4dfe-9ee6-9332a70a7d91"
    ],
    [
      "CN(C)C=O",
      "415a1933-ae7c-4dfe-9ee6-9332a70a7d91"
    ],
    [
      "CN(C)C=O",
      "624973d8-0b5b-4e7f-9109-28ccbee70d20"
    ],
    [
      "CN(C)C=O",
      "9805b99e-ee01-4b58-8253-6d10ce6c4476"
    ],
    [
      "CO",
      "47076752-8b24-4947-8bf5-a1328e3015ee"
    ],
    [
      "CSc1ccc(O)cc1",
      "a411ed74-3c32-4a47-808f-32cfc4079242"
    ],
    [
      "Cc1ccc(S(=O)(=O)Cl)cc1",
      "9805b99e-ee01-4b58-8253-6d10ce6c4476"
    ],
    [
      "Cc1ccc(S(=O)(=O)n2cc(Cc3ccc(Cl)nc3)c3cc(Cl)cnc32)cc1",
      "1bb2b1b1-5a48-4822-b7d7-c0b9954587d4"
    ],
    [
      "Cc1ccc(S(=O)(=O)n2cc(Cc3ccc(N)nc3)c3cc(Cl)cnc32)cc1",
      "12b480b4-d036-4b4d-8c4b-1541935d84cf"
    ],
    [
      "Cc1ccc(S(=O)(=O)n2cc(Cc3ccc(NC(=O)c4ccc(C(F)(F)F)nc4)nc3)c3cc(Cl)cnc32)cc1",
      "0be6caa1-1f20-4a7b-8d67-5a7f70ab0e06"
    ],
    [
      "ClCCl",
      "29e532df-1911-4b1b-b6d7-f0db87c68ba4"
    ],
    [
      "ClCCl",
      "2fd50d5a-c3a1-404e-9cd4-1b8d0c1a154f"
    ],
    [
      "ClCCl",
      "a7d47f9d-997d-4996-91dc-17f29de4a8d0"
    ],
    [
      "Clc1cnc2[nH]cc(Cc3ccc(Cl)nc3)c2c1",
      "9805b99e-ee01-4b58-8253-6d10ce6c4476"
    ],
    [
      "Clc1cnc2[nH]ccc2c1",
      "47076752-8b24-4947-8bf5-a1328e3015ee"
    ],
    [
      "Cn1c([N+](=O)[O-])cnc1CO",
      "a411ed74-3c32-4a47-808f-32cfc4079242"
    ],
    [
      "O",
      "0be6caa1-1f20-4a7b-8d67-5a7f70ab0e06"
    ],
    [
      "O",
      "415a1933-ae7c-4dfe-9ee6-9332a70a7d91"
    ],
    [
      "O",
      "47076752-8b24-4947-8bf5-a1328e3015ee"
    ],
    [
      "O",
      "9805b99e-ee01-4b58-8253-6d10ce6c4476"
    ],
    [
      "O=C(Nc1ccc(Cc2c[nH]c3ncc(Cl)cc23)cn1)c1ccc(C(F)(F)F)nc1",
      "7b2e9902-b91c-448d-82c7-7b1327f79980"
    ],
    [
      "O=C(O)C(F)(F)F",
      "1bb2b1b1-5a48-4822-b7d7-c0b9954587d4"
    ],
    [
      "O=C(O)C(F)(F)F",
      "7b2e9902-b91c-448d-82c7-7b1327f79980"
    ],
    [
      "O=C(O)C(F)(F)F",
      "ddca193e-4aad-4194-8eb1-eb865bb6cf7c"
    ],
    [
      "O=C(O)c1ccc(C(F)(F)F)nc1",
      "12b480b4-d036-4b4d-8c4b-1541935d84cf"
    ],
    [
      "O=C(OC(Cl)(Cl)Cl)OC(Cl)(Cl)Cl",
      "29e532df-1911-4b1b-b6d7-f0db87c68ba4"
    ],
    [
      "O=C(O[K])O[K]",
      "415a1933-ae7c-4dfe-9ee6-9332a70a7d91"
    ],
    [
      "O=Cc1ccc(Cl)nc1",
      "47076752-8b24-4947-8bf5-a1328e3015ee"
    ],
    [
      "O=S(=O)(O)O",
      "0c07898d-d3db-4f53-bbaa-3c49a18b6c2b"
    ],
    [
      "O=S(Cl)Cl",
      "12b480b4-d036-4b4d-8c4b-1541935d84cf"
    ],
    [
      "OC(c1ccc(Cl)nc1)c1c[nH]c2ncc(Cl)cc12",
      "ddca193e-4aad-4194-8eb1-eb865bb6cf7c"
    ],
    [
      "O[K]",
      "47076752-8b24-4947-8bf5-a1328e3015ee"
    ],
    [
      "Oc1cc(O)cc(Br)c1",
      "0c07898d-d3db-4f53-bbaa-3c49a18b6c2b"
    ],
    [
      "[NaH]",
      "9805b99e-ee01-4b58-8253-6d10ce6c4476"
    ],
    [
      "a411ed74-3c32-4a47-808f-32cfc4079242",
      "CSc1ccc(OCc2ncc([N+](=O)[O-])n2C)cc1"
    ],
    [
      "a7d47f9d-997d-4996-91dc-17f29de4a8d0",
      "CCOC(=O)CC(=O)N(C(N)=O)C(C)C"
    ],
    [
      "c1ccc(P(c2ccccc2)c2ccccc2)cc1",
      "624973d8-0b5b-4e7f-9109-28ccbee70d20"
    ],
    [
      "c1ccc(P(c2ccccc2)c2ccccc2)cc1",
      "a411ed74-3c32-4a47-808f-32cfc4079242"
    ],
    [
      "c1ccncc1",
      "12b480b4-d036-4b4d-8c4b-1541935d84cf"
    ],
    [
      "c25ab0ca-d8f9-4694-bcca-84d2280bb86d",
      "CC(Nc1cc(=O)n(C(C)C)c(=O)[nH]1)c1ccccc1"
    ],
    [
      "ddca193e-4aad-4194-8eb1-eb865bb6cf7c",
      "Clc1cnc2[nH]cc(Cc3ccc(Cl)nc3)c2c1"
    ]
  ]
}