{
  "identifier": "c6a345aa-8642-41b3-8055-497bf51e9469",
  "chemical_reactions": [
    {
      "identifier": "2805092b-246e-4b94-82d2-f958e01886b2",
      "reactants": [
        {
          "identifier": "bd874d49-79d6-4cc1-8513-ae67d74394a5",
          "smiles": "CC(C)(C)NS(=O)(=O)c1cccc(N)c1",
          "state_of_matter": "SOLID",
          "molecular_weight": 228.31123999999977,
          "density": 1.4,
          "mass": 2.2831123999999976,
          "is_produced_by": [],
          "is_consumed_by": [
            "2805092b-246e-4b94-82d2-f958e01886b2"
          ],
          "provenance__density": "dummy estimator based on mw",
          "provenance__is_consumed_by": null,
          "provenance__is_produced_by": null,
          "provenance__mass": null,
          "provenance__molecular_weight": "periodic table",
          "provenance__smiles": null,
          "provenance__state_of_matter": "dummy estimator based on mw"
        },
        {
          "identifier": "f40501a7-6d39-4cc8-843d-e80c32657073",
          "smiles": "Cc1cnc(Cl)nc1Cl",
          "state_of_matter": "LIQUID",
          "molecular_weight": 163.00465999999994,
          "density": 1.0,
          "mass": 1.6300465999999996,
          "is_produced_by": [],
          "is_consumed_by": [
            "2805092b-246e-4b94-82d2-f958e01886b2"
          ],
          "provenance__density": "dummy estimator based on mw",
          "provenance__is_consumed_by": null,
          "provenance__is_produced_by": null,
          "provenance__mass": null,
          "provenance__molecular_weight": "periodic table",
          "provenance__smiles": null,
          "provenance__state_of_matter": "dummy estimator based on mw"
        }
      ],
      "reagents": [
        {
          "identifier": "bdb8563f-d076-4c53-8aa6-d10649bc1a13",
          "smiles": "CO",
          "state_of_matter": "LIQUID",
          "molecular_weight": 32.04186000000001,
          "density": 1.0,
          "mass": 0.32041860000000005,
          "is_produced_by": [],
          "is_consumed_by": [
            "2805092b-246e-4b94-82d2-f958e01886b2"
          ],
          "provenance__density": "dummy estimator based on mw",
          "provenance__is_consumed_by": null,
          "provenance__is_produced_by": null,
          "provenance__mass": null,
          "provenance__molecular_weight": "periodic table",
          "provenance__smiles": null,
          "provenance__state_of_matter": "dummy estimator based on mw"
        }
      ],
      "products": [
        {
          "identifier": "cc3fe19b-8174-4ac2-8779-f58f89f2f4c4",
          "smiles": "Cc1cnc(Cl)nc1Nc1cccc(S(=O)(=O)NC(C)(C)C)c1",
          "state_of_matter": "SOLID",
          "molecular_weight": 354.8549600000003,
          "density": 1.4,
          "mass": 3.548549600000003,
          "is_produced_by": [
            "2805092b-246e-4b94-82d2-f958e01886b2"
          ],
          "is_consumed_by": [],
          "provenance__density": "dummy estimator based on mw",
          "provenance__is_consumed_by": null,
          "provenance__is_produced_by": null,
          "provenance__mass": null,
          "provenance__molecular_weight": "periodic table",
          "provenance__smiles": null,
          "provenance__state_of_matter": "dummy estimator based on mw"
        }
      ],
      "stoichiometry": {
        "bd874d49-79d6-4cc1-8513-ae67d74394a5": 1.0,
        "f40501a7-6d39-4cc8-843d-e80c32657073": 1.0,
        "cc3fe19b-8174-4ac2-8779-f58f89f2f4c4": -1.0
      },
      "temperature": 324.2890065729618,
      "intended_ratios": {
        "bd874d49-79d6-4cc1-8513-ae67d74394a5": 1.0,
        "f40501a7-6d39-4cc8-843d-e80c32657073": 1.0,
        "bdb8563f-d076-4c53-8aa6-d10649bc1a13": 1.0
      },
      "expected_yields": {
        "cc3fe19b-8174-4ac2-8779-f58f89f2f4c4": 1.0
      },
      "reaction_extent": 0.01
    },
    {
      "identifier": "4104c574-d918-4ea9-a736-d1b98b2ff796",
      "reactants": [
        {
          "identifier": "f7a665fe-be19-4f1b-a673-51902776e1e2",
          "smiles": "CC(C)(C)[Si](C)(C)Cl",
          "state_of_matter": "LIQUID",
          "molecular_weight": 150.72179999999986,
          "density": 1.0,
          "mass": 1.5072179999999988,
          "is_produced_by": [],
          "is_consumed_by": [
            "4104c574-d918-4ea9-a736-d1b98b2ff796"
          ],
          "provenance__density": "dummy estimator based on mw",
          "provenance__is_consumed_by": null,
          "provenance__is_produced_by": null,
          "provenance__mass": null,
          "provenance__molecular_weight": "periodic table",
          "provenance__smiles": null,
          "provenance__state_of_matter": "dummy estimator based on mw"
        },
        {
          "identifier": "af2d555c-03e3-42be-a5a9-f485bcd17c81",
          "smiles": "OCCc1c[nH]cn1",
          "state_of_matter": "LIQUID",
          "molecular_weight": 112.12982000000004,
          "density": 1.0,
          "mass": 1.1212982000000007,
          "is_produced_by": [],
          "is_consumed_by": [
            "4104c574-d918-4ea9-a736-d1b98b2ff796"
          ],
          "provenance__density": "dummy estimator based on mw",
          "provenance__is_consumed_by": null,
          "provenance__is_produced_by": null,
          "provenance__mass": null,
          "provenance__molecular_weight": "periodic table",
          "provenance__smiles": null,
          "provenance__state_of_matter": "dummy estimator based on mw"
        }
      ],
      "reagents": [
        {
          "identifier": "54c29ca3-5315-4e4f-8042-02ea66c64617",
          "smiles": "CN(C)C=O",
          "state_of_matter": "LIQUID",
          "molecular_weight": 73.09378000000004,
          "density": 1.0,
          "mass": 0.7309378000000005,
          "is_produced_by": [],
          "is_consumed_by": [
            "4104c574-d918-4ea9-a736-d1b98b2ff796"
          ],
          "provenance__density": "dummy estimator based on mw",
          "provenance__is_consumed_by": null,
          "provenance__is_produced_by": null,
          "provenance__mass": null,
          "provenance__molecular_weight": "periodic table",
          "provenance__smiles": null,
          "provenance__state_of_matter": "dummy estimator based on mw"
        },
        {
          "identifier": "d4d2d916-00ab-49ad-94ed-d1b7d9c09c29",
          "smiles": "c1c[nH]cn1",
          "state_of_matter": "LIQUID",
          "molecular_weight": 68.07726000000002,
          "density": 1.0,
          "mass": 0.6807726000000004,
          "is_produced_by": [],
          "is_consumed_by": [
            "4104c574-d918-4ea9-a736-d1b98b2ff796"
          ],
          "provenance__density": "dummy estimator based on mw",
          "provenance__is_consumed_by": null,
          "provenance__is_produced_by": null,
          "provenance__mass": null,
          "provenance__molecular_weight": "periodic table",
          "provenance__smiles": null,
          "provenance__state_of_matter": "dummy estimator based on mw"
        }
      ],
      "products": [
        {
          "identifier": "8ff06da1-765a-4947-a2b6-3c600c309eda",
          "smiles": "CC(C)(C)[Si](C)(C)OCCc1c[nH]cn1",
          "state_of_matter": "SOLID",
          "molecular_weight": 226.39067999999978,
          "density": 1.4,
          "mass": 2.263906799999998,
          "is_produced_by": [
            "4104c574-d918-4ea9-a736-d1b98b2ff796"
          ],
          "is_consumed_by": [],
          "provenance__density": "dummy estimator based on mw",
          "provenance__is_consumed_by": null,
          "provenance__is_produced_by": null,
          "provenance__mass": null,
          "provenance__molecular_weight": "periodic table",
          "provenance__smiles": null,
          "provenance__state_of_matter": "dummy estimator based on mw"
        }
      ],
      "stoichiometry": {
        "f7a665fe-be19-4f1b-a673-51902776e1e2": 1.0,
        "af2d555c-03e3-42be-a5a9-f485bcd17c81": 1.0,
        "8ff06da1-765a-4947-a2b6-3c600c309eda": -1.0
      },
      "temperature": 302.4676682710647,
      "intended_ratios": {
        "f7a665fe-be19-4f1b-a673-51902776e1e2": 1.0,
        "af2d555c-03e3-42be-a5a9-f485bcd17c81": 1.0,
        "54c29ca3-5315-4e4f-8042-02ea66c64617": 1.0,
        "d4d2d916-00ab-49ad-94ed-d1b7d9c09c29": 1.0
      },
      "expected_yields": {
        "8ff06da1-765a-4947-a2b6-3c600c309eda": 1.0
      },
      "reaction_extent": 0.010000000000000002
    },
    {
      "identifier": "0271b24f-12e9-48b9-a5a1-1d32b7307780",
      "reactants": [
        {
          "identifier": "7a89aa90-814f-4c08-a2c7-58c750bf94da",
          "smiles": "CC(C)(C)[Si](C)(C)OCCc1c[nH]cn1",
          "state_of_matter": "SOLID",
          "molecular_weight": 226.39067999999978,
          "density": 1.4,
          "mass": 2.263906799999998,
          "is_produced_by": [],
          "is_consumed_by": [
            "0271b24f-12e9-48b9-a5a1-1d32b7307780"
          ],
          "provenance__density": "dummy estimator based on mw",
          "provenance__is_consumed_by": null,
          "provenance__is_produced_by": null,
          "provenance__mass": null,
          "provenance__molecular_weight": "periodic table",
          "provenance__smiles": null,
          "provenance__state_of_matter": "dummy estimator based on mw"
        },
        {
          "identifier": "1c7597f7-1072-4782-b0f2-a4396d798d3b",
          "smiles": "N#Cc1ccc(CBr)c(F)c1",
          "state_of_matter": "SOLID",
          "molecular_weight": 214.0344031999999,
          "density": 1.4,
          "mass": 2.1403440319999993,
          "is_produced_by": [],
          "is_consumed_by": [
            "0271b24f-12e9-48b9-a5a1-1d32b7307780"
          ],
          "provenance__density": "dummy estimator based on mw",
          "provenance__is_consumed_by": null,
          "provenance__is_produced_by": null,
          "provenance__mass": null,
          "provenance__molecular_weight": "periodic table",
          "provenance__smiles": null,
          "provenance__state_of_matter": "dummy estimator based on mw"
        }
      ],
      "reagents": [
        {
          "identifier": "625e039f-8d83-4e94-90af-85f2f4663f24",
          "smiles": "C1CCOC1",
          "state_of_matter": "LIQUID",
          "molecular_weight": 72.10572000000005,
          "density": 1.0,
          "mass": 0.7210572000000006,
          "is_produced_by": [],
          "is_consumed_by": [
            "0271b24f-12e9-48b9-a5a1-1d32b7307780"
          ],
          "provenance__density": "dummy estimator based on mw",
          "provenance__is_consumed_by": null,
          "provenance__is_produced_by": null,
          "provenance__mass": null,
          "provenance__molecular_weight": "periodic table",
          "provenance__smiles": null,
          "provenance__state_of_matter": "dummy estimator based on mw"
        },
        {
          "identifier": "068a33be-f909-4192-900b-ef3b71ea6539",
          "smiles": "[NaH]",
          "state_of_matter": "SOLID",
          "molecular_weight": 23.99771,
          "density": 1.4,
          "mass": 0.23997710000000005,
          "is_produced_by": [],
          "is_consumed_by": [
            "0271b24f-12e9-48b9-a5a1-1d32b7307780"
          ],
          "provenance__density": "dummy estimator based on mw",
          "provenance__is_consumed_by": null,
          "provenance__is_produced_by": null,
          "provenance__mass": null,
          "provenance__molecular_weight": "periodic table",
          "provenance__smiles": null,
          "provenance__state_of_matter": "dummy estimator based on mw"
        }
      ],
      "products": [
        {
          "identifier": "e090c0f0-52fd-419a-94d3-fda3a07bbe4b",
          "smiles": "CC(C)(C)[Si](C)(C)OCCc1cncn1Cc1ccc(C#N)cc1F",
          "state_of_matter": "SOLID",
          "molecular_weight": 360.5210832000004,
          "density": 1.4,
          "mass": 3.605210832000005,
          "is_produced_by": [
            "0271b24f-12e9-48b9-a5a1-1d32b7307780"
          ],
          "is_consumed_by": [],
          "provenance__density": "dummy estimator based on mw",
          "provenance__is_consumed_by": null,
          "provenance__is_produced_by": null,
          "provenance__mass": null,
          "provenance__molecular_weight": "periodic table",
          "provenance__smiles": null,
          "provenance__state_of_matter": "dummy estimator based on mw"
        }
      ],
      "stoichiometry": {
        "7a89aa90-814f-4c08-a2c7-58c750bf94da": 1.0,
        "1c7597f7-1072-4782-b0f2-a4396d798d3b": 1.0,
        "e090c0f0-52fd-419a-94d3-fda3a07bbe4b": -1.0
      },
      "temperature": 270.7384895503521,
      "intended_ratios": {
        "7a89aa90-814f-4c08-a2c7-58c750bf94da": 1.0,
        "1c7597f7-1072-4782-b0f2-a4396d798d3b": 1.0,
        "625e039f-8d83-4e94-90af-85f2f4663f24": 1.0,
        "068a33be-f909-4192-900b-ef3b71ea6539": 1.0
      },
      "expected_yields": {
        "e090c0f0-52fd-419a-94d3-fda3a07bbe4b": 1.0
      },
      "reaction_extent": 0.010000000000000002
    },
    {
      "identifier": "4583d808-8117-43a2-9466-7d5d7907c274",
      "reactants": [
        {
          "identifier": "0c11c2a7-214a-417e-a806-9e575ca65a8e",
          "smiles": "CC(C)(C)[Si](C)(C)OCCc1cncn1Cc1ccc(C#N)cc1F",
          "state_of_matter": "SOLID",
          "molecular_weight": 360.5210832000004,
          "density": 1.4,
          "mass": 3.605210832000005,
          "is_produced_by": [],
          "is_consumed_by": [
            "4583d808-8117-43a2-9466-7d5d7907c274"
          ],
          "provenance__density": "dummy estimator based on mw",
          "provenance__is_consumed_by": null,
          "provenance__is_produced_by": null,
          "provenance__mass": null,
          "provenance__molecular_weight": "periodic table",
          "provenance__smiles": null,
          "provenance__state_of_matter": "dummy estimator based on mw"
        }
      ],
      "reagents": [
        {
          "identifier": "ff4cf7cf-834c-435b-8f75-6583ce00868a",
          "smiles": "C1CCOC1",
          "state_of_matter": "LIQUID",
          "molecular_weight": 72.10572000000005,
          "density": 1.0,
          "mass": 0.7210572000000006,
          "is_produced_by": [],
          "is_consumed_by": [
            "4583d808-8117-43a2-9466-7d5d7907c274"
          ],
          "provenance__density": "dummy estimator based on mw",
          "provenance__is_consumed_by": null,
          "provenance__is_produced_by": null,
          "provenance__mass": null,
          "provenance__molecular_weight": "periodic table",
          "provenance__smiles": null,
          "provenance__state_of_matter": "dummy estimator based on mw"
        },
        {
          "identifier": "6f84eecd-aa33-4ce2-9591-42613eac2b62",
          "smiles": "CCCC[N+](CCCC)(CCCC)CCCC.[F-]",
          "state_of_matter": "SOLID",
          "molecular_weight": 261.46214319999973,
          "density": 1.4,
          "mass": 2.6146214319999976,
          "is_produced_by": [],
          "is_consumed_by": [
            "4583d808-8117-43a2-9466-7d5d7907c274"
          ],
          "provenance__density": "dummy estimator based on mw",
          "provenance__is_consumed_by": null,
          "provenance__is_produced_by": null,
          "provenance__mass": null,
          "provenance__molecular_weight": "periodic table",
          "provenance__smiles": null,
          "provenance__state_of_matter": "dummy estimator based on mw"
        }
      ],
      "products": [
        {
          "identifier": "5d9ba38b-4b73-4afd-8cf9-d13916098ff6",
          "smiles": "N#Cc1ccc(Cn2cncc2CCO)c(F)c1",
          "state_of_matter": "SOLID",
          "molecular_weight": 246.26022319999984,
          "density": 1.4,
          "mass": 2.4626022319999987,
          "is_produced_by": [
            "4583d808-8117-43a2-9466-7d5d7907c274"
          ],
          "is_consumed_by": [],
          "provenance__density": "dummy estimator based on mw",
          "provenance__is_consumed_by": null,
          "provenance__is_produced_by": null,
          "provenance__mass": null,
          "provenance__molecular_weight": "periodic table",
          "provenance__smiles": null,
          "provenance__state_of_matter": "dummy estimator based on mw"
        }
      ],
      "stoichiometry": {
        "0c11c2a7-214a-417e-a806-9e575ca65a8e": 1.0,
        "5d9ba38b-4b73-4afd-8cf9-d13916098ff6": -1.0
      },
      "temperature": 281.7756132960319,
      "intended_ratios": {
        "0c11c2a7-214a-417e-a806-9e575ca65a8e": 1.0,
        "ff4cf7cf-834c-435b-8f75-6583ce00868a": 1.0,
        "6f84eecd-aa33-4ce2-9591-42613eac2b62": 1.0
      },
      "expected_yields": {
        "5d9ba38b-4b73-4afd-8cf9-d13916098ff6": 1.0
      },
      "reaction_extent": 0.010000000000000002
    },
    {
      "identifier": "26272eac-93a8-4b86-95df-5401c51a962c",
      "reactants": [
        {
          "identifier": "d453f7a0-7d1c-4a75-9431-06a339af3011",
          "smiles": "CC(N)=O",
          "state_of_matter": "LIQUID",
          "molecular_weight": 59.06719999999999,
          "density": 1.0,
          "mass": 0.590672,
          "is_produced_by": [],
          "is_consumed_by": [
            "26272eac-93a8-4b86-95df-5401c51a962c"
          ],
          "provenance__density": "dummy estimator based on mw",
          "provenance__is_consumed_by": null,
          "provenance__is_produced_by": null,
          "provenance__mass": null,
          "provenance__molecular_weight": "periodic table",
          "provenance__smiles": null,
          "provenance__state_of_matter": "dummy estimator based on mw"
        },
        {
          "identifier": "d68f6ee5-df58-4eb3-8718-15bacee26ac1",
          "smiles": "CNC(=O)c1nnc(Cl)cc1Nc1cccc(-c2ncn(C)n2)c1OC",
          "state_of_matter": "SOLID",
          "molecular_weight": 374.80488000000025,
          "density": 1.4,
          "mass": 3.7480488000000025,
          "is_produced_by": [],
          "is_consumed_by": [
            "26272eac-93a8-4b86-95df-5401c51a962c"
          ],
          "provenance__density": "dummy estimator based on mw",
          "provenance__is_consumed_by": null,
          "provenance__is_produced_by": null,
          "provenance__mass": null,
          "provenance__molecular_weight": "periodic table",
          "provenance__smiles": null,
          "provenance__state_of_matter": "dummy estimator based on mw"
        }
      ],
      "reagents": [
        {
          "identifier": "55ae474b-67a0-4a7e-8f0e-94ceaa7fd2a7",
          "smiles": "C1COCCO1",
          "state_of_matter": "LIQUID",
          "molecular_weight": 88.10512000000004,
          "density": 1.0,
          "mass": 0.8810512000000005,
          "is_produced_by": [],
          "is_consumed_by": [
            "26272eac-93a8-4b86-95df-5401c51a962c"
          ],
          "provenance__density": "dummy estimator based on mw",
          "provenance__is_consumed_by": null,
          "provenance__is_produced_by": null,
          "provenance__mass": null,
          "provenance__molecular_weight": "periodic table",
          "provenance__smiles": null,
          "provenance__state_of_matter": "dummy estimator based on mw"
        },
        {
          "identifier": "8fbf1259-6ec8-4147-b254-c5a199454e8a",
          "smiles": "[Pd]",
          "state_of_matter": "SOLID",
          "molecular_weight": 106.42,
          "density": 1.4,
          "mass": 1.0642,
          "is_produced_by": [],
          "is_consumed_by": [
            "26272eac-93a8-4b86-95df-5401c51a962c"
          ],
          "provenance__density": "dummy estimator based on mw",
          "provenance__is_consumed_by": null,
          "provenance__is_produced_by": null,
          "provenance__mass": null,
          "provenance__molecular_weight": "periodic table",
          "provenance__smiles": null,
          "provenance__state_of_matter": "dummy estimator based on mw"
        },
        {
          "identifier": "14c354ca-d07d-40bc-b1f8-3d39f5eb7dcd",
          "smiles": "CC1(C)c2cccc(P(c3ccccc3)c3ccccc3)c2Oc2c(P(c3ccccc3)c3ccccc3)cccc21",
          "state_of_matter": "SOLID",
          "molecular_weight": 578.6183019999985,
          "density": 1.4,
          "mass": 5.786183019999985,
          "is_produced_by": [],
          "is_consumed_by": [
            "26272eac-93a8-4b86-95df-5401c51a962c"
          ],
          "provenance__density": "dummy estimator based on mw",
          "provenance__is_consumed_by": null,
          "provenance__is_produced_by": null,
          "provenance__mass": null,
          "provenance__molecular_weight": "periodic table",
          "provenance__smiles": null,
          "provenance__state_of_matter": "dummy estimator based on mw"
        },
        {
          "identifier": "eaa7daa8-4c01-49b8-8207-538a5c03faa5",
          "smiles": "O=C(O[Cs])O[Cs]",
          "state_of_matter": "SOLID",
          "molecular_weight": 325.8198,
          "density": 1.4,
          "mass": 3.258198,
          "is_produced_by": [],
          "is_consumed_by": [
            "26272eac-93a8-4b86-95df-5401c51a962c"
          ],
          "provenance__density": "dummy estimator based on mw",
          "provenance__is_consumed_by": null,
          "provenance__is_produced_by": null,
          "provenance__mass": null,
          "provenance__molecular_weight": "periodic table",
          "provenance__smiles": null,
          "provenance__state_of_matter": "dummy estimator based on mw"
        }
      ],
      "products": [
        {
          "identifier": "98f80a6b-4ac4-450c-b53f-0e2801b0a29d",
          "smiles": "CNC(=O)c1nnc(NC(C)=O)cc1Nc1cccc(-c2ncn(C)n2)c1OC",
          "state_of_matter": "SOLID",
          "molecular_weight": 397.41114000000033,
          "density": 1.4,
          "mass": 3.9741114000000035,
          "is_produced_by": [
            "26272eac-93a8-4b86-95df-5401c51a962c"
          ],
          "is_consumed_by": [],
          "provenance__density": "dummy estimator based on mw",
          "provenance__is_consumed_by": null,
          "provenance__is_produced_by": null,
          "provenance__mass": null,
          "provenance__molecular_weight": "periodic table",
          "provenance__smiles": null,
          "provenance__state_of_matter": "dummy estimator based on mw"
        }
      ],
      "stoichiometry": {
        "d453f7a0-7d1c-4a75-9431-06a339af3011": 1.0,
        "d68f6ee5-df58-4eb3-8718-15bacee26ac1": 1.0,
        "98f80a6b-4ac4-450c-b53f-0e2801b0a29d": -1.0
      },
      "temperature": 361.9062446594238,
      "intended_ratios": {
        "d453f7a0-7d1c-4a75-9431-06a339af3011": 1.0,
        "d68f6ee5-df58-4eb3-8718-15bacee26ac1": 1.0,
        "55ae474b-67a0-4a7e-8f0e-94ceaa7fd2a7": 1.0,
        "8fbf1259-6ec8-4147-b254-c5a199454e8a": 1.0,
        "14c354ca-d07d-40bc-b1f8-3d39f5eb7dcd": 1.0,
        "eaa7daa8-4c01-49b8-8207-538a5c03faa5": 1.0
      },
      "expected_yields": {
        "98f80a6b-4ac4-450c-b53f-0e2801b0a29d": 1.0
      },
      "reaction_extent": 0.01
    },
    {
      "identifier": "0d1fb2f4-8ff0-42ea-9922-a2fed013fe25",
      "reactants": [
        {
          "identifier": "08c7ae89-80b3-4cb6-8d71-e13525e346ab",
          "smiles": "CN",
          "state_of_matter": "LIQUID",
          "molecular_weight": 31.05710000000001,
          "density": 1.0,
          "mass": 0.3105710000000001,
          "is_produced_by": [],
          "is_consumed_by": [
            "0d1fb2f4-8ff0-42ea-9922-a2fed013fe25"
          ],
          "provenance__density": "dummy estimator based on mw",
          "provenance__is_consumed_by": null,
          "provenance__is_produced_by": null,
          "provenance__mass": null,
          "provenance__molecular_weight": "periodic table",
          "provenance__smiles": null,
          "provenance__state_of_matter": "dummy estimator based on mw"
        },
        {
          "identifier": "dd62bd49-f138-4664-abec-0e5f092c175d",
          "smiles": "COC(=O)c1nnc(Cl)cc1Nc1cccc(-c2ncn(C)n2)c1OC",
          "state_of_matter": "SOLID",
          "molecular_weight": 375.7896400000002,
          "density": 1.4,
          "mass": 3.757896400000002,
          "is_produced_by": [],
          "is_consumed_by": [
            "0d1fb2f4-8ff0-42ea-9922-a2fed013fe25"
          ],
          "provenance__density": "dummy estimator based on mw",
          "provenance__is_consumed_by": null,
          "provenance__is_produced_by": null,
          "provenance__mass": null,
          "provenance__molecular_weight": "periodic table",
          "provenance__smiles": null,
          "provenance__state_of_matter": "dummy estimator based on mw"
        }
      ],
      "reagents": [
        {
          "identifier": "f923dd6a-cb24-47cc-8394-49c7f767dde1",
          "smiles": "C1CCOC1",
          "state_of_matter": "LIQUID",
          "molecular_weight": 72.10572000000005,
          "density": 1.0,
          "mass": 0.7210572000000005,
          "is_produced_by": [],
          "is_consumed_by": [
            "0d1fb2f4-8ff0-42ea-9922-a2fed013fe25"
          ],
          "provenance__density": "dummy estimator based on mw",
          "provenance__is_consumed_by": null,
          "provenance__is_produced_by": null,
          "provenance__mass": null,
          "provenance__molecular_weight": "periodic table",
          "provenance__smiles": null,
          "provenance__state_of_matter": "dummy estimator based on mw"
        },
        {
          "identifier": "0283719f-3f4b-48c6-b571-7c9aa3acfea5",
          "smiles": "[Li]N([Si](C)(C)C)[Si](C)(C)C",
          "state_of_matter": "SOLID",
          "molecular_weight": 167.3258199999998,
          "density": 1.4,
          "mass": 1.673258199999998,
          "is_produced_by": [],
          "is_consumed_by": [
            "0d1fb2f4-8ff0-42ea-9922-a2fed013fe25"
          ],
          "provenance__density": "dummy estimator based on mw",
          "provenance__is_consumed_by": null,
          "provenance__is_produced_by": null,
          "provenance__mass": null,
          "provenance__molecular_weight": "periodic table",
          "provenance__smiles": null,
          "provenance__state_of_matter": "dummy estimator based on mw"
        }
      ],
      "products": [
        {
          "identifier": "46cc3cbf-b1bc-495c-9985-e58ebf67751d",
          "smiles": "CNC(=O)c1nnc(Cl)cc1Nc1cccc(-c2ncn(C)n2)c1OC",
          "state_of_matter": "SOLID",
          "molecular_weight": 374.80488000000025,
          "density": 1.4,
          "mass": 3.7480488000000025,
          "is_produced_by": [
            "0d1fb2f4-8ff0-42ea-9922-a2fed013fe25"
          ],
          "is_consumed_by": [],
          "provenance__density": "dummy estimator based on mw",
          "provenance__is_consumed_by": null,
          "provenance__is_produced_by": null,
          "provenance__mass": null,
          "provenance__molecular_weight": "periodic table",
          "provenance__smiles": null,
          "provenance__state_of_matter": "dummy estimator based on mw"
        }
      ],
      "stoichiometry": {
        "08c7ae89-80b3-4cb6-8d71-e13525e346ab": 1.0,
        "dd62bd49-f138-4664-abec-0e5f092c175d": 1.0,
        "46cc3cbf-b1bc-495c-9985-e58ebf67751d": -1.0
      },
      "temperature": 235.2590293139219,
      "intended_ratios": {
        "08c7ae89-80b3-4cb6-8d71-e13525e346ab": 1.0,
        "dd62bd49-f138-4664-abec-0e5f092c175d": 1.0,
        "f923dd6a-cb24-47cc-8394-49c7f767dde1": 1.0,
        "0283719f-3f4b-48c6-b571-7c9aa3acfea5": 1.0
      },
      "expected_yields": {
        "46cc3cbf-b1bc-495c-9985-e58ebf67751d": 1.0
      },
      "reaction_extent": 0.01
    },
    {
      "identifier": "2f5e0ecb-f2a8-4e20-b308-cad94d31ff73",
      "reactants": [
        {
          "identifier": "1b143243-9a71-4a4a-b931-2439da9d0d76",
          "smiles": "CNC(=O)c1nnc(N)cc1Nc1cccc(-c2ncn(C)n2)c1OC",
          "state_of_matter": "SOLID",
          "molecular_weight": 355.3744600000003,
          "density": 1.4,
          "mass": 3.553744600000003,
          "is_produced_by": [],
          "is_consumed_by": [
            "2f5e0ecb-f2a8-4e20-b308-cad94d31ff73"
          ],
          "provenance__density": "dummy estimator based on mw",
          "provenance__is_consumed_by": null,
          "provenance__is_produced_by": null,
          "provenance__mass": null,
          "provenance__molecular_weight": "periodic table",
          "provenance__smiles": null,
          "provenance__state_of_matter": "dummy estimator based on mw"
        },
        {
          "identifier": "db94d303-3539-4ed4-a5d4-9206e16ef16d",
          "smiles": "O=C(O)C1CC1",
          "state_of_matter": "LIQUID",
          "molecular_weight": 86.08924000000003,
          "density": 1.0,
          "mass": 0.8608924000000003,
          "is_produced_by": [],
          "is_consumed_by": [
            "2f5e0ecb-f2a8-4e20-b308-cad94d31ff73"
          ],
          "provenance__density": "dummy estimator based on mw",
          "provenance__is_consumed_by": null,
          "provenance__is_produced_by": null,
          "provenance__mass": null,
          "provenance__molecular_weight": "periodic table",
          "provenance__smiles": null,
          "provenance__state_of_matter": "dummy estimator based on mw"
        }
      ],
      "reagents": [
        {
          "identifier": "b8c6c4ba-29e6-494d-a5e7-5100a18eda8a",
          "smiles": "CN(C)C=O",
          "state_of_matter": "LIQUID",
          "molecular_weight": 73.09378000000004,
          "density": 1.0,
          "mass": 0.7309378000000004,
          "is_produced_by": [],
          "is_consumed_by": [
            "2f5e0ecb-f2a8-4e20-b308-cad94d31ff73"
          ],
          "provenance__density": "dummy estimator based on mw",
          "provenance__is_consumed_by": null,
          "provenance__is_produced_by": null,
          "provenance__mass": null,
          "provenance__molecular_weight": "periodic table",
          "provenance__smiles": null,
          "provenance__state_of_matter": "dummy estimator based on mw"
        },
        {
          "identifier": "855c4848-0317-4b84-a5e7-60726068ee26",
          "smiles": "CN(C)C(On1nnc2cccnc21)=[N+](C)C.F[P-](F)(F)(F)(F)F",
          "state_of_matter": "SOLID",
          "molecular_weight": 381.2378202000002,
          "density": 1.4,
          "mass": 3.8123782020000023,
          "is_produced_by": [],
          "is_consumed_by": [
            "2f5e0ecb-f2a8-4e20-b308-cad94d31ff73"
          ],
          "provenance__density": "dummy estimator based on mw",
          "provenance__is_consumed_by": null,
          "provenance__is_produced_by": null,
          "provenance__mass": null,
          "provenance__molecular_weight": "periodic table",
          "provenance__smiles": null,
          "provenance__state_of_matter": "dummy estimator based on mw"
        },
        {
          "identifier": "afbe0f24-2131-48fd-9242-6cf15094dc7f",
          "smiles": "CCN(C(C)C)C(C)C",
          "state_of_matter": "LIQUID",
          "molecular_weight": 129.24316000000007,
          "density": 1.0,
          "mass": 1.2924316000000007,
          "is_produced_by": [],
          "is_consumed_by": [
            "2f5e0ecb-f2a8-4e20-b308-cad94d31ff73"
          ],
          "provenance__density": "dummy estimator based on mw",
          "provenance__is_consumed_by": null,
          "provenance__is_produced_by": null,
          "provenance__mass": null,
          "provenance__molecular_weight": "periodic table",
          "provenance__smiles": null,
          "provenance__state_of_matter": "dummy estimator based on mw"
        }
      ],
      "products": [
        {
          "identifier": "5180073b-3551-4b0a-80aa-2ba0d2e1ffa4",
          "smiles": "CNC(=O)c1nnc(NC(=O)C2CC2)cc1Nc1cccc(-c2ncn(C)n2)c1OC",
          "state_of_matter": "SOLID",
          "molecular_weight": 423.44842000000034,
          "density": 1.4,
          "mass": 4.234484200000003,
          "is_produced_by": [
            "2f5e0ecb-f2a8-4e20-b308-cad94d31ff73"
          ],
          "is_consumed_by": [],
          "provenance__density": "dummy estimator based on mw",
          "provenance__is_consumed_by": null,
          "provenance__is_produced_by": null,
          "provenance__mass": null,
          "provenance__molecular_weight": "periodic table",
          "provenance__smiles": null,
          "provenance__state_of_matter": "dummy estimator based on mw"
        }
      ],
      "stoichiometry": {
        "1b143243-9a71-4a4a-b931-2439da9d0d76": 1.0,
        "db94d303-3539-4ed4-a5d4-9206e16ef16d": 1.0,
        "5180073b-3551-4b0a-80aa-2ba0d2e1ffa4": -1.0
      },
      "temperature": 292.6367393374443,
      "intended_ratios": {
        "1b143243-9a71-4a4a-b931-2439da9d0d76": 1.0,
        "db94d303-3539-4ed4-a5d4-9206e16ef16d": 1.0,
        "b8c6c4ba-29e6-494d-a5e7-5100a18eda8a": 1.0,
        "855c4848-0317-4b84-a5e7-60726068ee26": 1.0,
        "afbe0f24-2131-48fd-9242-6cf15094dc7f": 1.0
      },
      "expected_yields": {
        "5180073b-3551-4b0a-80aa-2ba0d2e1ffa4": 1.0
      },
      "reaction_extent": 0.01
    },
    {
      "identifier": "c2584b40-476e-48b5-a5f2-0c0991c54974",
      "reactants": [
        {
          "identifier": "94625d37-de23-41f6-bdcb-cb584b264b92",
          "smiles": "CNC(=O)c1nnc(NC(C)=O)cc1Nc1cccc(-c2ncn(C)n2)c1OC",
          "state_of_matter": "SOLID",
          "molecular_weight": 397.41114000000033,
          "density": 1.4,
          "mass": 3.9741114000000035,
          "is_produced_by": [],
          "is_consumed_by": [
            "c2584b40-476e-48b5-a5f2-0c0991c54974"
          ],
          "provenance__density": "dummy estimator based on mw",
          "provenance__is_consumed_by": null,
          "provenance__is_produced_by": null,
          "provenance__mass": null,
          "provenance__molecular_weight": "periodic table",
          "provenance__smiles": null,
          "provenance__state_of_matter": "dummy estimator based on mw"
        }
      ],
      "reagents": [
        {
          "identifier": "8f290be9-d226-4540-98d5-6a535cc4767c",
          "smiles": "CO",
          "state_of_matter": "LIQUID",
          "molecular_weight": 32.04186000000001,
          "density": 1.0,
          "mass": 0.32041860000000005,
          "is_produced_by": [],
          "is_consumed_by": [
            "c2584b40-476e-48b5-a5f2-0c0991c54974"
          ],
          "provenance__density": "dummy estimator based on mw",
          "provenance__is_consumed_by": null,
          "provenance__is_produced_by": null,
          "provenance__mass": null,
          "provenance__molecular_weight": "periodic table",
          "provenance__smiles": null,
          "provenance__state_of_matter": "dummy estimator based on mw"
        }
      ],
      "products": [
        {
          "identifier": "7ebd9a7c-6690-46fe-b91f-ab83bb9269cb",
          "smiles": "CNC(=O)c1nnc(N)cc1Nc1cccc(-c2ncn(C)n2)c1OC",
          "state_of_matter": "SOLID",
          "molecular_weight": 355.3744600000003,
          "density": 1.4,
          "mass": 3.553744600000003,
          "is_produced_by": [
            "c2584b40-476e-48b5-a5f2-0c0991c54974"
          ],
          "is_consumed_by": [],
          "provenance__density": "dummy estimator based on mw",
          "provenance__is_consumed_by": null,
          "provenance__is_produced_by": null,
          "provenance__mass": null,
          "provenance__molecular_weight": "periodic table",
          "provenance__smiles": null,
          "provenance__state_of_matter": "dummy estimator based on mw"
        }
      ],
      "stoichiometry": {
        "94625d37-de23-41f6-bdcb-cb584b264b92": 1.0,
        "7ebd9a7c-6690-46fe-b91f-ab83bb9269cb": -1.0
      },
      "temperature": 300.69668526649474,
      "intended_ratios": {
        "94625d37-de23-41f6-bdcb-cb584b264b92": 1.0,
        "8f290be9-d226-4540-98d5-6a535cc4767c": 1.0
      },
      "expected_yields": {
        "7ebd9a7c-6690-46fe-b91f-ab83bb9269cb": 1.0
      },
      "reaction_extent": 0.01
    },
    {
      "identifier": "9742515b-0616-491c-a765-35ea6fe450ff",
      "reactants": [
        {
          "identifier": "d79167db-94ff-467f-aae0-bfc672fb57b0",
          "smiles": "COC(=O)c1nnc(Cl)cc1Cl",
          "state_of_matter": "SOLID",
          "molecular_weight": 207.01415999999992,
          "density": 1.4,
          "mass": 2.070141599999999,
          "is_produced_by": [],
          "is_consumed_by": [
            "9742515b-0616-491c-a765-35ea6fe450ff"
          ],
          "provenance__density": "dummy estimator based on mw",
          "provenance__is_consumed_by": null,
          "provenance__is_produced_by": null,
          "provenance__mass": null,
          "provenance__molecular_weight": "periodic table",
          "provenance__smiles": null,
          "provenance__state_of_matter": "dummy estimator based on mw"
        },
        {
          "identifier": "02e61060-3755-4d2c-966c-d4dc8f7a8b2f",
          "smiles": "COc1c(N)cccc1-c1ncn(C)n1",
          "state_of_matter": "SOLID",
          "molecular_weight": 205.2364199999999,
          "density": 1.4,
          "mass": 2.052364199999999,
          "is_produced_by": [],
          "is_consumed_by": [
            "9742515b-0616-491c-a765-35ea6fe450ff"
          ],
          "provenance__density": "dummy estimator based on mw",
          "provenance__is_consumed_by": null,
          "provenance__is_produced_by": null,
          "provenance__mass": null,
          "provenance__molecular_weight": "periodic table",
          "provenance__smiles": null,
          "provenance__state_of_matter": "dummy estimator based on mw"
        }
      ],
      "reagents": [
        {
          "identifier": "6d2f3363-5911-4f06-b3ce-4dc38c31b4d9",
          "smiles": "C1CCOC1",
          "state_of_matter": "LIQUID",
          "molecular_weight": 72.10572000000005,
          "density": 1.0,
          "mass": 0.7210572000000005,
          "is_produced_by": [],
          "is_consumed_by": [
            "9742515b-0616-491c-a765-35ea6fe450ff"
          ],
          "provenance__density": "dummy estimator based on mw",
          "provenance__is_consumed_by": null,
          "provenance__is_produced_by": null,
          "provenance__mass": null,
          "provenance__molecular_weight": "periodic table",
          "provenance__smiles": null,
          "provenance__state_of_matter": "dummy estimator based on mw"
        },
        {
          "identifier": "c0c8b3e7-9697-44ca-8ac4-318044aac470",
          "smiles": "[Li]N([Si](C)(C)C)[Si](C)(C)C",
          "state_of_matter": "SOLID",
          "molecular_weight": 167.3258199999998,
          "density": 1.4,
          "mass": 1.673258199999998,
          "is_produced_by": [],
          "is_consumed_by": [
            "9742515b-0616-491c-a765-35ea6fe450ff"
          ],
          "provenance__density": "dummy estimator based on mw",
          "provenance__is_consumed_by": null,
          "provenance__is_produced_by": null,
          "provenance__mass": null,
          "provenance__molecular_weight": "periodic table",
          "provenance__smiles": null,
          "provenance__state_of_matter": "dummy estimator based on mw"
        }
      ],
      "products": [
        {
          "identifier": "d4e64677-9eda-4788-954a-eac7685bcf96",
          "smiles": "COC(=O)c1nnc(Cl)cc1Nc1cccc(-c2ncn(C)n2)c1OC",
          "state_of_matter": "SOLID",
          "molecular_weight": 375.7896400000002,
          "density": 1.4,
          "mass": 3.757896400000002,
          "is_produced_by": [
            "9742515b-0616-491c-a765-35ea6fe450ff"
          ],
          "is_consumed_by": [],
          "provenance__density": "dummy estimator based on mw",
          "provenance__is_consumed_by": null,
          "provenance__is_produced_by": null,
          "provenance__mass": null,
          "provenance__molecular_weight": "periodic table",
          "provenance__smiles": null,
          "provenance__state_of_matter": "dummy estimator based on mw"
        }
      ],
      "stoichiometry": {
        "d79167db-94ff-467f-aae0-bfc672fb57b0": 1.0,
        "02e61060-3755-4d2c-966c-d4dc8f7a8b2f": 1.0,
        "d4e64677-9eda-4788-954a-eac7685bcf96": -1.0
      },
      "temperature": 277.9126183569431,
      "intended_ratios": {
        "d79167db-94ff-467f-aae0-bfc672fb57b0": 1.0,
        "02e61060-3755-4d2c-966c-d4dc8f7a8b2f": 1.0,
        "6d2f3363-5911-4f06-b3ce-4dc38c31b4d9": 1.0,
        "c0c8b3e7-9697-44ca-8ac4-318044aac470": 1.0
      },
      "expected_yields": {
        "d4e64677-9eda-4788-954a-eac7685bcf96": 1.0
      },
      "reaction_extent": 0.01
    },
    {
      "identifier": "69a7a71f-6685-42ac-8c48-a7ad29f22b32",
      "reactants": [
        {
          "identifier": "6b31f25e-90e5-420a-9181-9014321469c1",
          "smiles": "Cc1cnc(Cl)nc1Nc1cccc(S(=O)(=O)NC(C)(C)C)c1",
          "state_of_matter": "SOLID",
          "molecular_weight": 354.8549600000003,
          "density": 1.4,
          "mass": 3.548549600000003,
          "is_produced_by": [],
          "is_consumed_by": [
            "69a7a71f-6685-42ac-8c48-a7ad29f22b32"
          ],
          "provenance__density": "dummy estimator based on mw",
          "provenance__is_consumed_by": null,
          "provenance__is_produced_by": null,
          "provenance__mass": null,
          "provenance__molecular_weight": "periodic table",
          "provenance__smiles": null,
          "provenance__state_of_matter": "dummy estimator based on mw"
        },
        {
          "identifier": "70fd8253-ebb1-431c-a0c6-dc100e7b2f14",
          "smiles": "Nc1ccc(OCc2ccccc2)cc1",
          "state_of_matter": "LIQUID",
          "molecular_weight": 199.2484199999998,
          "density": 1.0,
          "mass": 1.9924841999999983,
          "is_produced_by": [],
          "is_consumed_by": [
            "69a7a71f-6685-42ac-8c48-a7ad29f22b32"
          ],
          "provenance__density": "dummy estimator based on mw",
          "provenance__is_consumed_by": null,
          "provenance__is_produced_by": null,
          "provenance__mass": null,
          "provenance__molecular_weight": "periodic table",
          "provenance__smiles": null,
          "provenance__state_of_matter": "dummy estimator based on mw"
        }
      ],
      "reagents": [
        {
          "identifier": "573472c5-6cd2-4ba6-a929-a482cb9eb2a8",
          "smiles": "Cl",
          "state_of_matter": "LIQUID",
          "molecular_weight": 36.46094,
          "density": 1.0,
          "mass": 0.36460940000000003,
          "is_produced_by": [],
          "is_consumed_by": [
            "69a7a71f-6685-42ac-8c48-a7ad29f22b32"
          ],
          "provenance__density": "dummy estimator based on mw",
          "provenance__is_consumed_by": null,
          "provenance__is_produced_by": null,
          "provenance__mass": null,
          "provenance__molecular_weight": "periodic table",
          "provenance__smiles": null,
          "provenance__state_of_matter": "dummy estimator based on mw"
        },
        {
          "identifier": "930e47ac-1ed3-4c10-836f-8314c8066eca",
          "smiles": "C1COCCO1",
          "state_of_matter": "LIQUID",
          "molecular_weight": 88.10512000000004,
          "density": 1.0,
          "mass": 0.8810512000000005,
          "is_produced_by": [],
          "is_consumed_by": [
            "69a7a71f-6685-42ac-8c48-a7ad29f22b32"
          ],
          "provenance__density": "dummy estimator based on mw",
          "provenance__is_consumed_by": null,
          "provenance__is_produced_by": null,
          "provenance__mass": null,
          "provenance__molecular_weight": "periodic table",
          "provenance__smiles": null,
          "provenance__state_of_matter": "dummy estimator based on mw"
        }
      ],
      "products": [
        {
          "identifier": "2f039fb1-4c00-4643-bb97-b895a903be52",
          "smiles": "Cc1cnc(Nc2ccc(OCc3ccccc3)cc2)nc1Nc1cccc(S(=O)(=O)NC(C)(C)C)c1",
          "state_of_matter": "SOLID",
          "molecular_weight": 517.6424400000001,
          "density": 1.4,
          "mass": 5.176424400000001,
          "is_produced_by": [
            "69a7a71f-6685-42ac-8c48-a7ad29f22b32"
          ],
          "is_consumed_by": [],
          "provenance__density": "dummy estimator based on mw",
          "provenance__is_consumed_by": null,
          "provenance__is_produced_by": null,
          "provenance__mass": null,
          "provenance__molecular_weight": "periodic table",
          "provenance__smiles": null,
          "provenance__state_of_matter": "dummy estimator based on mw"
        }
      ],
      "stoichiometry": {
        "6b31f25e-90e5-420a-9181-9014321469c1": 1.0,
        "70fd8253-ebb1-431c-a0c6-dc100e7b2f14": 1.0,
        "2f039fb1-4c00-4643-bb97-b895a903be52": -1.0
      },
      "temperature": 369.8748215675354,
      "intended_ratios": {
        "6b31f25e-90e5-420a-9181-9014321469c1": 1.0,
        "70fd8253-ebb1-431c-a0c6-dc100e7b2f14": 1.0,
        "573472c5-6cd2-4ba6-a929-a482cb9eb2a8": 1.0,
        "930e47ac-1ed3-4c10-836f-8314c8066eca": 1.0
      },
      "expected_yields": {
        "2f039fb1-4c00-4643-bb97-b895a903be52": 1.0
      },
      "reaction_extent": 0.01
    },
    {
      "identifier": "fc5503fd-829e-4717-8f73-c2f002ce70a1",
      "reactants": [
        {
          "identifier": "4abaaf39-4ea2-46a9-bcb2-2df23e8219c6",
          "smiles": "Cc1cnc(Nc2ccc(O)cc2)nc1Nc1cccc(S(=O)(=O)NC(C)(C)C)c1",
          "state_of_matter": "SOLID",
          "molecular_weight": 427.51990000000035,
          "density": 1.4,
          "mass": 4.275199000000003,
          "is_produced_by": [],
          "is_consumed_by": [
            "fc5503fd-829e-4717-8f73-c2f002ce70a1"
          ],
          "provenance__density": "dummy estimator based on mw",
          "provenance__is_consumed_by": null,
          "provenance__is_produced_by": null,
          "provenance__mass": null,
          "provenance__molecular_weight": "periodic table",
          "provenance__smiles": null,
          "provenance__state_of_matter": "dummy estimator based on mw"
        },
        {
          "identifier": "77fa3605-9c53-4368-a988-c18ed3604916",
          "smiles": "ClCCN1CCCC1",
          "state_of_matter": "LIQUID",
          "molecular_weight": 133.61917999999997,
          "density": 1.0,
          "mass": 1.3361917999999997,
          "is_produced_by": [],
          "is_consumed_by": [
            "fc5503fd-829e-4717-8f73-c2f002ce70a1"
          ],
          "provenance__density": "dummy estimator based on mw",
          "provenance__is_consumed_by": null,
          "provenance__is_produced_by": null,
          "provenance__mass": null,
          "provenance__molecular_weight": "periodic table",
          "provenance__smiles": null,
          "provenance__state_of_matter": "dummy estimator based on mw"
        }
      ],
      "reagents": [
        {
          "identifier": "1cd632dc-dcda-43d2-a79a-dd5d6581eb18",
          "smiles": "O=C(O[K])O[K]",
          "state_of_matter": "SOLID",
          "molecular_weight": 138.2055,
          "density": 1.4,
          "mass": 1.382055,
          "is_produced_by": [],
          "is_consumed_by": [
            "fc5503fd-829e-4717-8f73-c2f002ce70a1"
          ],
          "provenance__density": "dummy estimator based on mw",
          "provenance__is_consumed_by": null,
          "provenance__is_produced_by": null,
          "provenance__mass": null,
          "provenance__molecular_weight": "periodic table",
          "provenance__smiles": null,
          "provenance__state_of_matter": "dummy estimator based on mw"
        },
        {
          "identifier": "c4bcdfd1-03aa-42fd-86c0-b31a354f6fe3",
          "smiles": "CC(C)=O",
          "state_of_matter": "LIQUID",
          "molecular_weight": 58.07913999999999,
          "density": 1.0,
          "mass": 0.5807913999999998,
          "is_produced_by": [],
          "is_consumed_by": [
            "fc5503fd-829e-4717-8f73-c2f002ce70a1"
          ],
          "provenance__density": "dummy estimator based on mw",
          "provenance__is_consumed_by": null,
          "provenance__is_produced_by": null,
          "provenance__mass": null,
          "provenance__molecular_weight": "periodic table",
          "provenance__smiles": null,
          "provenance__state_of_matter": "dummy estimator based on mw"
        }
      ],
      "products": [
        {
          "identifier": "5a26eb8f-8abc-420c-abe5-fc9d0cbd771c",
          "smiles": "Cc1cnc(Nc2ccc(OCCN3CCCC3)cc2)nc1Nc1cccc(S(=O)(=O)NC(C)(C)C)c1",
          "state_of_matter": "SOLID",
          "molecular_weight": 524.6781399999998,
          "density": 1.4,
          "mass": 5.246781399999998,
          "is_produced_by": [
            "fc5503fd-829e-4717-8f73-c2f002ce70a1"
          ],
          "is_consumed_by": [],
          "provenance__density": "dummy estimator based on mw",
          "provenance__is_consumed_by": null,
          "provenance__is_produced_by": null,
          "provenance__mass": null,
          "provenance__molecular_weight": "periodic table",
          "provenance__smiles": null,
          "provenance__state_of_matter": "dummy estimator based on mw"
        }
      ],
      "stoichiometry": {
        "4abaaf39-4ea2-46a9-bcb2-2df23e8219c6": 1.0,
        "77fa3605-9c53-4368-a988-c18ed3604916": 1.0,
        "5a26eb8f-8abc-420c-abe5-fc9d0cbd771c": -1.0
      },
      "temperature": 346.08960286974906,
      "intended_ratios": {
        "4abaaf39-4ea2-46a9-bcb2-2df23e8219c6": 1.0,
        "77fa3605-9c53-4368-a988-c18ed3604916": 1.0,
        "1cd632dc-dcda-43d2-a79a-dd5d6581eb18": 1.0,
        "c4bcdfd1-03aa-42fd-86c0-b31a354f6fe3": 1.0
      },
      "expected_yields": {
        "5a26eb8f-8abc-420c-abe5-fc9d0cbd771c": 1.0
      },
      "reaction_extent": 0.01
    },
    {
      "identifier": "c946354e-716b-49b4-896a-74cd8c318a54",
      "reactants": [
        {
          "identifier": "5e729c60-062b-4ef5-9349-e4e32f510cc9",
          "smiles": "Cc1cnc(Nc2ccc(OCc3ccccc3)cc2)nc1Nc1cccc(S(=O)(=O)NC(C)(C)C)c1",
          "state_of_matter": "SOLID",
          "molecular_weight": 517.6424400000001,
          "density": 1.4,
          "mass": 5.176424400000001,
          "is_produced_by": [],
          "is_consumed_by": [
            "c946354e-716b-49b4-896a-74cd8c318a54"
          ],
          "provenance__density": "dummy estimator based on mw",
          "provenance__is_consumed_by": null,
          "provenance__is_produced_by": null,
          "provenance__mass": null,
          "provenance__molecular_weight": "periodic table",
          "provenance__smiles": null,
          "provenance__state_of_matter": "dummy estimator based on mw"
        }
      ],
      "reagents": [
        {
          "identifier": "52fd5785-92e9-4dea-aea1-d87af43c1e2f",
          "smiles": "CO",
          "state_of_matter": "LIQUID",
          "molecular_weight": 32.04186000000001,
          "density": 1.0,
          "mass": 0.32041860000000005,
          "is_produced_by": [],
          "is_consumed_by": [
            "c946354e-716b-49b4-896a-74cd8c318a54"
          ],
          "provenance__density": "dummy estimator based on mw",
          "provenance__is_consumed_by": null,
          "provenance__is_produced_by": null,
          "provenance__mass": null,
          "provenance__molecular_weight": "periodic table",
          "provenance__smiles": null,
          "provenance__state_of_matter": "dummy estimator based on mw"
        },
        {
          "identifier": "41a5eec7-d5bb-4a26-b942-3624d0d08f41",
          "smiles": "[Pd]",
          "state_of_matter": "SOLID",
          "molecular_weight": 106.42,
          "density": 1.4,
          "mass": 1.0642,
          "is_produced_by": [],
          "is_consumed_by": [
            "c946354e-716b-49b4-896a-74cd8c318a54"
          ],
          "provenance__density": "dummy estimator based on mw",
          "provenance__is_consumed_by": null,
          "provenance__is_produced_by": null,
          "provenance__mass": null,
          "provenance__molecular_weight": "periodic table",
          "provenance__smiles": null,
          "provenance__state_of_matter": "dummy estimator based on mw"
        }
      ],
      "products": [
        {
          "identifier": "5f021fb6-c7de-45a3-a712-78b0ff2af94b",
          "smiles": "Cc1cnc(Nc2ccc(O)cc2)nc1Nc1cccc(S(=O)(=O)NC(C)(C)C)c1",
          "state_of_matter": "SOLID",
          "molecular_weight": 427.51990000000035,
          "density": 1.4,
          "mass": 4.275199000000003,
          "is_produced_by": [
            "c946354e-716b-49b4-896a-74cd8c318a54"
          ],
          "is_consumed_by": [],
          "provenance__density": "dummy estimator based on mw",
          "provenance__is_consumed_by": null,
          "provenance__is_produced_by": null,
          "provenance__mass": null,
          "provenance__molecular_weight": "periodic table",
          "provenance__smiles": null,
          "provenance__state_of_matter": "dummy estimator based on mw"
        }
      ],
      "stoichiometry": {
        "5e729c60-062b-4ef5-9349-e4e32f510cc9": 1.0,
        "5f021fb6-c7de-45a3-a712-78b0ff2af94b": -1.0
      },
      "temperature": 290.56993040442467,
      "intended_ratios": {
        "5e729c60-062b-4ef5-9349-e4e32f510cc9": 1.0,
        "52fd5785-92e9-4dea-aea1-d87af43c1e2f": 1.0,
        "41a5eec7-d5bb-4a26-b942-3624d0d08f41": 1.0
      },
      "expected_yields": {
        "5f021fb6-c7de-45a3-a712-78b0ff2af94b": 1.0
      },
      "reaction_extent": 0.01
    },
    {
      "identifier": "e178d7ea-3990-49f0-a19e-e2d4322c6bb0",
      "reactants": [
        {
          "identifier": "ec5778ad-df82-45a3-b639-72ed8d2573dd",
          "smiles": "N#Cc1ccc(Cn2cncc2CCCl)c(F)c1",
          "state_of_matter": "SOLID",
          "molecular_weight": 264.7058832000001,
          "density": 1.4,
          "mass": 2.6470588320000012,
          "is_produced_by": [],
          "is_consumed_by": [
            "e178d7ea-3990-49f0-a19e-e2d4322c6bb0"
          ],
          "provenance__density": "dummy estimator based on mw",
          "provenance__is_consumed_by": null,
          "provenance__is_produced_by": null,
          "provenance__mass": null,
          "provenance__molecular_weight": "periodic table",
          "provenance__smiles": null,
          "provenance__state_of_matter": "dummy estimator based on mw"
        }
      ],
      "reagents": [
        {
          "identifier": "5ebcecca-a529-4a18-b6d7-49ed0908e832",
          "smiles": "CN(C)C=O",
          "state_of_matter": "LIQUID",
          "molecular_weight": 73.09378000000004,
          "density": 1.0,
          "mass": 0.7309378000000005,
          "is_produced_by": [],
          "is_consumed_by": [
            "e178d7ea-3990-49f0-a19e-e2d4322c6bb0"
          ],
          "provenance__density": "dummy estimator based on mw",
          "provenance__is_consumed_by": null,
          "provenance__is_produced_by": null,
          "provenance__mass": null,
          "provenance__molecular_weight": "periodic table",
          "provenance__smiles": null,
          "provenance__state_of_matter": "dummy estimator based on mw"
        },
        {
          "identifier": "763f26f1-9cb3-410a-93b5-6c3ca1cc2902",
          "smiles": "[NaH]",
          "state_of_matter": "SOLID",
          "molecular_weight": 23.99771,
          "density": 1.4,
          "mass": 0.23997710000000005,
          "is_produced_by": [],
          "is_consumed_by": [
            "e178d7ea-3990-49f0-a19e-e2d4322c6bb0"
          ],
          "provenance__density": "dummy estimator based on mw",
          "provenance__is_consumed_by": null,
          "provenance__is_produced_by": null,
          "provenance__mass": null,
          "provenance__molecular_weight": "periodic table",
          "provenance__smiles": null,
          "provenance__state_of_matter": "dummy estimator based on mw"
        }
      ],
      "products": [
        {
          "identifier": "c876461d-ee9a-4d54-8b63-a20fb73ac828",
          "smiles": "N#Cc1ccc(C2CCc3cncn32)c(F)c1",
          "state_of_matter": "SOLID",
          "molecular_weight": 228.24494319999988,
          "density": 1.4,
          "mass": 2.282449431999999,
          "is_produced_by": [
            "e178d7ea-3990-49f0-a19e-e2d4322c6bb0"
          ],
          "is_consumed_by": [],
          "provenance__density": "dummy estimator based on mw",
          "provenance__is_consumed_by": null,
          "provenance__is_produced_by": null,
          "provenance__mass": null,
          "provenance__molecular_weight": "periodic table",
          "provenance__smiles": null,
          "provenance__state_of_matter": "dummy estimator based on mw"
        }
      ],
      "stoichiometry": {
        "ec5778ad-df82-45a3-b639-72ed8d2573dd": 1.0,
        "c876461d-ee9a-4d54-8b63-a20fb73ac828": -1.0
      },
      "temperature": 289.2455680310726,
      "intended_ratios": {
        "ec5778ad-df82-45a3-b639-72ed8d2573dd": 1.0,
        "5ebcecca-a529-4a18-b6d7-49ed0908e832": 1.0,
        "763f26f1-9cb3-410a-93b5-6c3ca1cc2902": 1.0
      },
      "expected_yields": {
        "c876461d-ee9a-4d54-8b63-a20fb73ac828": 1.0
      },
      "reaction_extent": 0.010000000000000002
    },
    {
      "identifier": "8282a2a5-dba2-4f7a-b822-affc8817b22e",
      "reactants": [
        {
          "identifier": "b05d721d-63e6-4601-bfce-31d0f489cfc8",
          "smiles": "N#Cc1ccc(Cn2cncc2CCO)c(F)c1",
          "state_of_matter": "SOLID",
          "molecular_weight": 246.26022319999984,
          "density": 1.4,
          "mass": 2.4626022319999987,
          "is_produced_by": [],
          "is_consumed_by": [
            "8282a2a5-dba2-4f7a-b822-affc8817b22e"
          ],
          "provenance__density": "dummy estimator based on mw",
          "provenance__is_consumed_by": null,
          "provenance__is_produced_by": null,
          "provenance__mass": null,
          "provenance__molecular_weight": "periodic table",
          "provenance__smiles": null,
          "provenance__state_of_matter": "dummy estimator based on mw"
        }
      ],
      "reagents": [
        {
          "identifier": "25b1c957-8793-47df-a552-f5eab7199b5b",
          "smiles": "ClCCl",
          "state_of_matter": "LIQUID",
          "molecular_weight": 84.93258000000002,
          "density": 1.0,
          "mass": 0.8493258000000004,
          "is_produced_by": [],
          "is_consumed_by": [
            "8282a2a5-dba2-4f7a-b822-affc8817b22e"
          ],
          "provenance__density": "dummy estimator based on mw",
          "provenance__is_consumed_by": null,
          "provenance__is_produced_by": null,
          "provenance__mass": null,
          "provenance__molecular_weight": "periodic table",
          "provenance__smiles": null,
          "provenance__state_of_matter": "dummy estimator based on mw"
        },
        {
          "identifier": "332dcd24-252c-4779-b53e-dc9f9f7479f3",
          "smiles": "CCN(CC)CC",
          "state_of_matter": "LIQUID",
          "molecular_weight": 101.19000000000008,
          "density": 1.0,
          "mass": 1.0119000000000011,
          "is_produced_by": [],
          "is_consumed_by": [
            "8282a2a5-dba2-4f7a-b822-affc8817b22e"
          ],
          "provenance__density": "dummy estimator based on mw",
          "provenance__is_consumed_by": null,
          "provenance__is_produced_by": null,
          "provenance__mass": null,
          "provenance__molecular_weight": "periodic table",
          "provenance__smiles": null,
          "provenance__state_of_matter": "dummy estimator based on mw"
        },
        {
          "identifier": "a3ded10f-84d3-428f-a362-f457a339069f",
          "smiles": "CS(=O)(=O)Cl",
          "state_of_matter": "LIQUID",
          "molecular_weight": 114.55132000000002,
          "density": 1.0,
          "mass": 1.1455132000000003,
          "is_produced_by": [],
          "is_consumed_by": [
            "8282a2a5-dba2-4f7a-b822-affc8817b22e"
          ],
          "provenance__density": "dummy estimator based on mw",
          "provenance__is_consumed_by": null,
          "provenance__is_produced_by": null,
          "provenance__mass": null,
          "provenance__molecular_weight": "periodic table",
          "provenance__smiles": null,
          "provenance__state_of_matter": "dummy estimator based on mw"
        }
      ],
      "products": [
        {
          "identifier": "40e59436-8063-427e-b3c4-a80ef75c43a6",
          "smiles": "N#Cc1ccc(Cn2cncc2CCCl)c(F)c1",
          "state_of_matter": "SOLID",
          "molecular_weight": 264.7058832000001,
          "density": 1.4,
          "mass": 2.6470588320000012,
          "is_produced_by": [
            "8282a2a5-dba2-4f7a-b822-affc8817b22e"
          ],
          "is_consumed_by": [],
          "provenance__density": "dummy estimator based on mw",
          "provenance__is_consumed_by": null,
          "provenance__is_produced_by": null,
          "provenance__mass": null,
          "provenance__molecular_weight": "periodic table",
          "provenance__smiles": null,
          "provenance__state_of_matter": "dummy estimator based on mw"
        }
      ],
      "stoichiometry": {
        "b05d721d-63e6-4601-bfce-31d0f489cfc8": 1.0,
        "40e59436-8063-427e-b3c4-a80ef75c43a6": -1.0
      },
      "temperature": 280.6338912785053,
      "intended_ratios": {
        "b05d721d-63e6-4601-bfce-31d0f489cfc8": 1.0,
        "25b1c957-8793-47df-a552-f5eab7199b5b": 1.0,
        "332dcd24-252c-4779-b53e-dc9f9f7479f3": 1.0,
        "a3ded10f-84d3-428f-a362-f457a339069f": 1.0
      },
      "expected_yields": {
        "40e59436-8063-427e-b3c4-a80ef75c43a6": 1.0
      },
      "reaction_extent": 0.010000000000000002
    }
  ],
  "molecular_nodes": [
    "C1CCOC1",
    "C1COCCO1",
    "CC(C)(C)NS(=O)(=O)c1cccc(N)c1",
    "CC(C)(C)[Si](C)(C)Cl",
    "CC(C)(C)[Si](C)(C)OCCc1c[nH]cn1",
    "CC(C)(C)[Si](C)(C)OCCc1cncn1Cc1ccc(C#N)cc1F",
    "CC(C)=O",
    "CC(N)=O",
    "CC1(C)c2cccc(P(c3ccccc3)c3ccccc3)c2Oc2c(P(c3ccccc3)c3ccccc3)cccc21",
    "CCCC[N+](CCCC)(CCCC)CCCC.[F-]",
    "CCN(C(C)C)C(C)C",
    "CCN(CC)CC",
    "CN",
    "CN(C)C(On1nnc2cccnc21)=[N+](C)C.F[P-](F)(F)(F)(F)F",
    "CN(C)C=O",
    "CNC(=O)c1nnc(Cl)cc1Nc1cccc(-c2ncn(C)n2)c1OC",
    "CNC(=O)c1nnc(N)cc1Nc1cccc(-c2ncn(C)n2)c1OC",
    "CNC(=O)c1nnc(NC(=O)C2CC2)cc1Nc1cccc(-c2ncn(C)n2)c1OC",
    "CNC(=O)c1nnc(NC(C)=O)cc1Nc1cccc(-c2ncn(C)n2)c1OC",
    "CO",
    "COC(=O)c1nnc(Cl)cc1Cl",
    "COC(=O)c1nnc(Cl)cc1Nc1cccc(-c2ncn(C)n2)c1OC",
    "COc1c(N)cccc1-c1ncn(C)n1",
    "CS(=O)(=O)Cl",
    "Cc1cnc(Cl)nc1Cl",
    "Cc1cnc(Cl)nc1Nc1cccc(S(=O)(=O)NC(C)(C)C)c1",
    "Cc1cnc(Nc2ccc(O)cc2)nc1Nc1cccc(S(=O)(=O)NC(C)(C)C)c1",
    "Cc1cnc(Nc2ccc(OCCN3CCCC3)cc2)nc1Nc1cccc(S(=O)(=O)NC(C)(C)C)c1",
    "Cc1cnc(Nc2ccc(OCc3ccccc3)cc2)nc1Nc1cccc(S(=O)(=O)NC(C)(C)C)c1",
    "Cl",
    "ClCCN1CCCC1",
    "ClCCl",
    "N#Cc1ccc(C2CCc3cncn32)c(F)c1",
    "N#Cc1ccc(CBr)c(F)c1",
    "N#Cc1ccc(Cn2cncc2CCCl)c(F)c1",
    "N#Cc1ccc(Cn2cncc2CCO)c(F)c1",
    "Nc1ccc(OCc2ccccc2)cc1",
    "O=C(O)C1CC1",
    "O=C(O[Cs])O[Cs]",
    "O=C(O[K])O[K]",
    "OCCc1c[nH]cn1",
    "[Li]N([Si](C)(C)C)[Si](C)(C)C",
    "[NaH]",
    "[Pd]",
    "c1c[nH]cn1"
  ],
  "edges": [
    [
      "0271b24f-12e9-48b9-a5a1-1d32b7307780",
      "CC(C)(C)[Si](C)(C)OCCc1cncn1Cc1ccc(C#N)cc1F"
    ],
    [
      "0d1fb2f4-8ff0-42ea-9922-a2fed013fe25",
      "CNC(=O)c1nnc(Cl)cc1Nc1cccc(-c2ncn(C)n2)c1OC"
    ],
    [
      "26272eac-93a8-4b86-95df-5401c51a962c",
      "CNC(=O)c1nnc(NC(C)=O)cc1Nc1cccc(-c2ncn(C)n2)c1OC"
    ],
    [
      "2805092b-246e-4b94-82d2-f958e01886b2",
      "Cc1cnc(Cl)nc1Nc1cccc(S(=O)(=O)NC(C)(C)C)c1"
    ],
    [
      "2f5e0ecb-f2a8-4e20-b308-cad94d31ff73",
      "CNC(=O)c1nnc(NC(=O)C2CC2)cc1Nc1cccc(-c2ncn(C)n2)c1OC"
    ],
    [
      "4104c574-d918-4ea9-a736-d1b98b2ff796",
      "CC(C)(C)[Si](C)(C)OCCc1c[nH]cn1"
    ],
    [
      "4583d808-8117-43a2-9466-7d5d7907c274",
      "N#Cc1ccc(Cn2cncc2CCO)c(F)c1"
    ],
    [
      "69a7a71f-6685-42ac-8c48-a7ad29f22b32",
      "Cc1cnc(Nc2ccc(OCc3ccccc3)cc2)nc1Nc1cccc(S(=O)(=O)NC(C)(C)C)c1"
    ],
    [
      "8282a2a5-dba2-4f7a-b822-affc8817b22e",
      "N#Cc1ccc(Cn2cncc2CCCl)c(F)c1"
    ],
    [
      "9742515b-0616-491c-a765-35ea6fe450ff",
      "COC(=O)c1nnc(Cl)cc1Nc1cccc(-c2ncn(C)n2)c1OC"
    ],
    [
      "C1CCOC1",
      "0271b24f-12e9-48b9-a5a1-1d32b7307780"
    ],
    [
      "C1CCOC1",
      "0d1fb2f4-8ff0-42ea-9922-a2fed013fe25"
    ],
    [
      "C1CCOC1",
      "4583d808-8117-43a2-9466-7d5d7907c274"
    ],
    [
      "C1CCOC1",
      "9742515b-0616-491c-a765-35ea6fe450ff"
    ],
    [
      "C1COCCO1",
      "26272eac-93a8-4b86-95df-5401c51a962c"
    ],
    [
      "C1COCCO1",
      "69a7a71f-6685-42ac-8c48-a7ad29f22b32"
    ],
    [
      "CC(C)(C)NS(=O)(=O)c1cccc(N)c1",
      "2805092b-246e-4b94-82d2-f958e01886b2"
    ],
    [
      "CC(C)(C)[Si](C)(C)Cl",
      "4104c574-d918-4ea9-a736-d1b98b2ff796"
    ],
    [
      "CC(C)(C)[Si](C)(C)OCCc1c[nH]cn1",
      "0271b24f-12e9-48b9-a5a1-1d32b7307780"
    ],
    [
      "CC(C)(C)[Si](C)(C)OCCc1cncn1Cc1ccc(C#N)cc1F",
      "4583d808-8117-43a2-9466-7d5d7907c274"
    ],
    [
      "CC(C)=O",
      "fc5503fd-829e-4717-8f73-c2f002ce70a1"
    ],
    [
      "CC(N)=O",
      "26272eac-93a8-4b86-95df-5401c51a962c"
    ],
    [
      "CC1(C)c2cccc(P(c3ccccc3)c3ccccc3)c2Oc2c(P(c3ccccc3)c3ccccc3)cccc21",
      "26272eac-93a8-4b86-95df-5401c51a962c"
    ],
    [
      "CCCC[N+](CCCC)(CCCC)CCCC.[F-]",
      "4583d808-8117-43a2-9466-7d5d7907c274"
    ],
    [
      "CCN(C(C)C)C(C)C",
      "2f5e0ecb-f2a8-4e20-b308-cad94d31ff73"
    ],
    [
      "CCN(CC)CC",
      "8282a2a5-dba2-4f7a-b822-affc8817b22e"
    ],
    [
      "CN",
      "0d1fb2f4-8ff0-42ea-9922-a2fed013fe25"
    ],
    [
      "CN(C)C(On1nnc2cccnc21)=[N+](C)C.F[P-](F)(F)(F)(F)F",
      "2f5e0ecb-f2a8-4e20-b308-cad94d31ff73"
    ],
    [
      "CN(C)C=O",
      "2f5e0ecb-f2a8-4e20-b308-cad94d31ff73"
    ],
    [
      "CN(C)C=O",
      "4104c574-d918-4ea9-a736-d1b98b2ff796"
    ],
    [
      "CN(C)C=O",
      "e178d7ea-3990-49f0-a19e-e2d4322c6bb0"
    ],
    [
      "CNC(=O)c1nnc(Cl)cc1Nc1cccc(-c2ncn(C)n2)c1OC",
      "26272eac-93a8-4b86-95df-5401c51a962c"
    ],
    [
      "CNC(=O)c1nnc(N)cc1Nc1cccc(-c2ncn(C)n2)c1OC",
      "2f5e0ecb-f2a8-4e20-b308-cad94d31ff73"
    ],
    [
      "CNC(=O)c1nnc(NC(C)=O)cc1Nc1cccc(-c2ncn(C)n2)c1OC",
      "c2584b40-476e-48b5-a5f2-0c0991c54974"
    ],
    [
      "CO",
      "2805092b-246e-4b94-82d2-f958e01886b2"
    ],
    [
      "CO",
      "c2584b40-476e-48b5-a5f2-0c0991c54974"
    ],
    [
      "CO",
      "c946354e-716b-49b4-896a-74cd8c318a54"
    ],
    [
      "COC(=O)c1nnc(Cl)cc1Cl",
      "9742515b-0616-491c-a765-35ea6fe450ff"
    ],
    [
      "COC(=O)c1nnc(Cl)cc1Nc1cccc(-c2ncn(C)n2)c1OC",
      "0d1fb2f4-8ff0-42ea-9922-a2fed013fe25"
    ],
    [
      "COc1c(N)cccc1-c1ncn(C)n1",
      "9742515b-0616-491c-a765-35ea6fe450ff"
    ],
    [
      "CS(=O)(=O)Cl",
      "8282a2a5-dba2-4f7a-b822-affc8817b22e"
    ],
    [
      "Cc1cnc(Cl)nc1Cl",
      "2805092b-246e-4b94-82d2-f958e01886b2"
    ],
    [
      "Cc1cnc(Cl)nc1Nc1cccc(S(=O)(=O)NC(C)(C)C)c1",
      "69a7a71f-6685-42ac-8c48-a7ad29f22b32"
    ],
    [
      "Cc1cnc(Nc2ccc(O)cc2)nc1Nc1cccc(S(=O)(=O)NC(C)(C)C)c1",
      "fc5503fd-829e-4717-8f73-c2f002ce70a1"
    ],
    [
      "Cc1cnc(Nc2ccc(OCc3ccccc3)cc2)nc1Nc1cccc(S(=O)(=O)NC(C)(C)C)c1",
      "c946354e-716b-49b4-896a-74cd8c318a54"
    ],
    [
      "Cl",
      "69a7a71f-6685-42ac-8c48-a7ad29f22b32"
    ],
    [
      "ClCCN1CCCC1",
      "fc5503fd-829e-4717-8f73-c2f002ce70a1"
    ],
    [
      "ClCCl",
      "8282a2a5-dba2-4f7a-b822-affc8817b22e"
    ],
    [
      "N#Cc1ccc(CBr)c(F)c1",
      "0271b24f-12e9-48b9-a5a1-1d32b7307780"
    ],
    [
      "N#Cc1ccc(Cn2cncc2CCCl)c(F)c1",
      "e178d7ea-3990-49f0-a19e-e2d4322c6bb0"
    ],
    [
      "N#Cc1ccc(Cn2cncc2CCO)c(F)c1",
      "8282a2a5-dba2-4f7a-b822-affc8817b22e"
    ],
    [
      "Nc1ccc(OCc2ccccc2)cc1",
      "69a7a71f-6685-42ac-8c48-a7ad29f22b32"
    ],
    [
      "O=C(O)C1CC1",
      "2f5e0ecb-f2a8-4e20-b308-cad94d31ff73"
    ],
    [
      "O=C(O[Cs])O[Cs]",
      "26272eac-93a8-4b86-95df-5401c51a962c"
    ],
    [
      "O=C(O[K])O[K]",
      "fc5503fd-829e-4717-8f73-c2f002ce70a1"
    ],
    [
      "OCCc1c[nH]cn1",
      "4104c574-d918-4ea9-a736-d1b98b2ff796"
    ],
    [
      "[Li]N([Si](C)(C)C)[Si](C)(C)C",
      "0d1fb2f4-8ff0-42ea-9922-a2fed013fe25"
    ],
    [
      "[Li]N([Si](C)(C)C)[Si](C)(C)C",
      "9742515b-0616-491c-a765-35ea6fe450ff"
    ],
    [
      "[NaH]",
      "0271b24f-12e9-48b9-a5a1-1d32b7307780"
    ],
    [
      "[NaH]",
      "e178d7ea-3990-49f0-a19e-e2d4322c6bb0"
    ],
    [
      "[Pd]",
      "26272eac-93a8-4b86-95df-5401c51a962c"
    ],
    [
      "[Pd]",
      "c946354e-716b-49b4-896a-74cd8c318a54"
    ],
    [
      "c1c[nH]cn1",
      "4104c574-d918-4ea9-a736-d1b98b2ff796"
    ],
    [
      "c2584b40-476e-48b5-a5f2-0c0991c54974",
      "CNC(=O)c1nnc(N)cc1Nc1cccc(-c2ncn(C)n2)c1OC"
    ],
    [
      "c946354e-716b-49b4-896a-74cd8c318a54",
      "Cc1cnc(Nc2ccc(O)cc2)nc1Nc1cccc(S(=O)(=O)NC(C)(C)C)c1"
    ],
    [
      "e178d7ea-3990-49f0-a19e-e2d4322c6bb0",
      "N#Cc1ccc(C2CCc3cncn32)c(F)c1"
    ],
    [
      "fc5503fd-829e-4717-8f73-c2f002ce70a1",
      "Cc1cnc(Nc2ccc(OCCN3CCCC3)cc2)nc1Nc1cccc(S(=O)(=O)NC(C)(C)C)c1"
    ]
  ]
}