{
  "identifier": "e5ed34c9-6b14-4bfa-a10f-5852730b3062",
  "chemical_reactions": [
    {
      "identifier": "d52d4e61-5e13-43e3-92cd-2733dc6e76d1",
      "reactants": [
        {
          "identifier": "bcd0b125-a64c-41f4-8e86-cada416d9347",
          "smiles": "CC(=O)C1CCC2C3CCC4CC(=O)CCC4(C)C3CCC12C",
          "state_of_matter": "SOLID",
          "molecular_weight": 316.4775800000005,
          "density": 1.4,
          "mass": 3.164775800000005,
          "is_produced_by": [],
          "is_consumed_by": [
            "d52d4e61-5e13-43e3-92cd-2733dc6e76d1"
          ],
          "provenance__density": "dummy estimator based on mw",
          "provenance__is_consumed_by": null,
          "provenance__is_produced_by": null,
          "provenance__mass": null,
          "provenance__molecular_weight": "periodic table",
          "provenance__smiles": null,
          "provenance__state_of_matter": "dummy estimator based on mw"
        }
      ],
      "reagents": [
        {
          "identifier": "cab94325-8592-44b5-ac0d-1da74dd00425",
          "smiles": "CCO",
          "state_of_matter": "LIQUID",
          "molecular_weight": 46.06843999999999,
          "density": 1.0,
          "mass": 0.4606843999999999,
          "is_produced_by": [],
          "is_consumed_by": [
            "d52d4e61-5e13-43e3-92cd-2733dc6e76d1"
          ],
          "provenance__density": "dummy estimator based on mw",
          "provenance__is_consumed_by": null,
          "provenance__is_produced_by": null,
          "provenance__mass": null,
          "provenance__molecular_weight": "periodic table",
          "provenance__smiles": null,
          "provenance__state_of_matter": "dummy estimator based on mw"
        },
        {
          "identifier": "5604f498-109a-416a-8f2c-deda5e3b0d38",
          "smiles": "[Na]",
          "state_of_matter": "SOLID",
          "molecular_weight": 22.98977,
          "density": 1.4,
          "mass": 0.2298977,
          "is_produced_by": [],
          "is_consumed_by": [
            "d52d4e61-5e13-43e3-92cd-2733dc6e76d1"
          ],
          "provenance__density": "dummy estimator based on mw",
          "provenance__is_consumed_by": null,
          "provenance__is_produced_by": null,
          "provenance__mass": null,
          "provenance__molecular_weight": "periodic table",
          "provenance__smiles": null,
          "provenance__state_of_matter": "dummy estimator based on mw"
        }
      ],
      "products": [
        {
          "identifier": "bcde73ae-ae60-4bf6-84c9-947aa67270df",
          "smiles": "CC(=O)C1CCC2C3CCC4CC(O)CCC4(C)C3CCC12C",
          "state_of_matter": "SOLID",
          "molecular_weight": 318.49346000000054,
          "density": 1.4,
          "mass": 3.1849346000000054,
          "is_produced_by": [
            "d52d4e61-5e13-43e3-92cd-2733dc6e76d1"
          ],
          "is_consumed_by": [],
          "provenance__density": "dummy estimator based on mw",
          "provenance__is_consumed_by": null,
          "provenance__is_produced_by": null,
          "provenance__mass": null,
          "provenance__molecular_weight": "periodic table",
          "provenance__smiles": null,
          "provenance__state_of_matter": "dummy estimator based on mw"
        }
      ],
      "stoichiometry": {
        "bcd0b125-a64c-41f4-8e86-cada416d9347": 1.0,
        "bcde73ae-ae60-4bf6-84c9-947aa67270df": -1.0
      },
      "temperature": 288.2519380688667,
      "intended_ratios": {
        "bcd0b125-a64c-41f4-8e86-cada416d9347": 1.0,
        "cab94325-8592-44b5-ac0d-1da74dd00425": 1.0,
        "5604f498-109a-416a-8f2c-deda5e3b0d38": 1.0
      },
      "expected_yields": {
        "bcde73ae-ae60-4bf6-84c9-947aa67270df": 1.0
      },
      "reaction_extent": 0.01
    },
    {
      "identifier": "1505cede-4026-4352-86b2-d6b22747c5b7",
      "reactants": [
        {
          "identifier": "f878a27d-6f52-4bf8-969a-7ed1bf57c6cb",
          "smiles": "CC(C)N",
          "state_of_matter": "LIQUID",
          "molecular_weight": 59.11025999999998,
          "density": 1.0,
          "mass": 0.5911025999999999,
          "is_produced_by": [],
          "is_consumed_by": [
            "1505cede-4026-4352-86b2-d6b22747c5b7"
          ],
          "provenance__density": "dummy estimator based on mw",
          "provenance__is_consumed_by": null,
          "provenance__is_produced_by": null,
          "provenance__mass": null,
          "provenance__molecular_weight": "periodic table",
          "provenance__smiles": null,
          "provenance__state_of_matter": "dummy estimator based on mw"
        },
        {
          "identifier": "250e28d5-1d16-4c1e-825e-2bd9dbd9bd2a",
          "smiles": "COc1cc(OC)cc(N(CCCl)c2ccc3ncc(-c4cnn(C)c4)nc3c2)c1",
          "state_of_matter": "SOLID",
          "molecular_weight": 424.90332000000035,
          "density": 1.4,
          "mass": 4.249033200000004,
          "is_produced_by": [],
          "is_consumed_by": [
            "1505cede-4026-4352-86b2-d6b22747c5b7"
          ],
          "provenance__density": "dummy estimator based on mw",
          "provenance__is_consumed_by": null,
          "provenance__is_produced_by": null,
          "provenance__mass": null,
          "provenance__molecular_weight": "periodic table",
          "provenance__smiles": null,
          "provenance__state_of_matter": "dummy estimator based on mw"
        }
      ],
      "reagents": [
        {
          "identifier": "7cfce9d6-9557-443e-a1e6-69ab95b0786a",
          "smiles": "C1COCCO1",
          "state_of_matter": "LIQUID",
          "molecular_weight": 88.10512000000004,
          "density": 1.0,
          "mass": 0.8810512000000006,
          "is_produced_by": [],
          "is_consumed_by": [
            "1505cede-4026-4352-86b2-d6b22747c5b7"
          ],
          "provenance__density": "dummy estimator based on mw",
          "provenance__is_consumed_by": null,
          "provenance__is_produced_by": null,
          "provenance__mass": null,
          "provenance__molecular_weight": "periodic table",
          "provenance__smiles": null,
          "provenance__state_of_matter": "dummy estimator based on mw"
        }
      ],
      "products": [
        {
          "identifier": "a6bde9b1-d815-412d-ae87-372ec15da044",
          "smiles": "COc1cc(OC)cc(N(CCNC(C)C)c2ccc3ncc(-c4cnn(C)c4)nc3c2)c1",
          "state_of_matter": "SOLID",
          "molecular_weight": 447.55264000000045,
          "density": 1.4,
          "mass": 4.475526400000005,
          "is_produced_by": [
            "1505cede-4026-4352-86b2-d6b22747c5b7"
          ],
          "is_consumed_by": [],
          "provenance__density": "dummy estimator based on mw",
          "provenance__is_consumed_by": null,
          "provenance__is_produced_by": null,
          "provenance__mass": null,
          "provenance__molecular_weight": "periodic table",
          "provenance__smiles": null,
          "provenance__state_of_matter": "dummy estimator based on mw"
        }
      ],
      "stoichiometry": {
        "f878a27d-6f52-4bf8-969a-7ed1bf57c6cb": 1.0,
        "250e28d5-1d16-4c1e-825e-2bd9dbd9bd2a": 1.0,
        "a6bde9b1-d815-412d-ae87-372ec15da044": -1.0
      },
      "temperature": 341.7540028095245,
      "intended_ratios": {
        "f878a27d-6f52-4bf8-969a-7ed1bf57c6cb": 1.0,
        "250e28d5-1d16-4c1e-825e-2bd9dbd9bd2a": 1.0,
        "7cfce9d6-9557-443e-a1e6-69ab95b0786a": 1.0
      },
      "expected_yields": {
        "a6bde9b1-d815-412d-ae87-372ec15da044": 1.0
      },
      "reaction_extent": 0.010000000000000002
    },
    {
      "identifier": "83cb667e-8a51-4951-89c0-f8f0ce98e4e2",
      "reactants": [
        {
          "identifier": "2fbcd17a-4793-40fb-8277-0c80892d6c96",
          "smiles": "CC(C)N",
          "state_of_matter": "LIQUID",
          "molecular_weight": 59.11025999999998,
          "density": 1.0,
          "mass": 0.5911025999999998,
          "is_produced_by": [],
          "is_consumed_by": [
            "83cb667e-8a51-4951-89c0-f8f0ce98e4e2"
          ],
          "provenance__density": "dummy estimator based on mw",
          "provenance__is_consumed_by": null,
          "provenance__is_produced_by": null,
          "provenance__mass": null,
          "provenance__molecular_weight": "periodic table",
          "provenance__smiles": null,
          "provenance__state_of_matter": "dummy estimator based on mw"
        },
        {
          "identifier": "1d1ce829-df23-4f4e-9f14-341975ff4423",
          "smiles": "O=C(O)COc1cccc(-c2nc(Nc3ccc4[nH]ncc4c3)c3ccccc3n2)c1",
          "state_of_matter": "SOLID",
          "molecular_weight": 411.41278000000017,
          "density": 1.4,
          "mass": 4.114127800000002,
          "is_produced_by": [],
          "is_consumed_by": [
            "83cb667e-8a51-4951-89c0-f8f0ce98e4e2"
          ],
          "provenance__density": "dummy estimator based on mw",
          "provenance__is_consumed_by": null,
          "provenance__is_produced_by": null,
          "provenance__mass": null,
          "provenance__molecular_weight": "periodic table",
          "provenance__smiles": null,
          "provenance__state_of_matter": "dummy estimator based on mw"
        }
      ],
      "reagents": [
        {
          "identifier": "3f1d9517-5ca9-4e73-be4b-974c3bfea4f6",
          "smiles": "CN(C)C=O",
          "state_of_matter": "LIQUID",
          "molecular_weight": 73.09378000000004,
          "density": 1.0,
          "mass": 0.7309378000000004,
          "is_produced_by": [],
          "is_consumed_by": [
            "83cb667e-8a51-4951-89c0-f8f0ce98e4e2"
          ],
          "provenance__density": "dummy estimator based on mw",
          "provenance__is_consumed_by": null,
          "provenance__is_produced_by": null,
          "provenance__mass": null,
          "provenance__molecular_weight": "periodic table",
          "provenance__smiles": null,
          "provenance__state_of_matter": "dummy estimator based on mw"
        },
        {
          "identifier": "24d14461-f173-47ff-a798-ee7e2252a6fd",
          "smiles": "ClCCl",
          "state_of_matter": "LIQUID",
          "molecular_weight": 84.93258000000002,
          "density": 1.0,
          "mass": 0.8493258000000001,
          "is_produced_by": [],
          "is_consumed_by": [
            "83cb667e-8a51-4951-89c0-f8f0ce98e4e2"
          ],
          "provenance__density": "dummy estimator based on mw",
          "provenance__is_consumed_by": null,
          "provenance__is_produced_by": null,
          "provenance__mass": null,
          "provenance__molecular_weight": "periodic table",
          "provenance__smiles": null,
          "provenance__state_of_matter": "dummy estimator based on mw"
        },
        {
          "identifier": "3be05cd5-b64e-4dc2-83e7-597190232cc9",
          "smiles": "CCN(C(C)C)C(C)C",
          "state_of_matter": "LIQUID",
          "molecular_weight": 129.24316000000007,
          "density": 1.0,
          "mass": 1.2924316000000007,
          "is_produced_by": [],
          "is_consumed_by": [
            "83cb667e-8a51-4951-89c0-f8f0ce98e4e2"
          ],
          "provenance__density": "dummy estimator based on mw",
          "provenance__is_consumed_by": null,
          "provenance__is_produced_by": null,
          "provenance__mass": null,
          "provenance__molecular_weight": "periodic table",
          "provenance__smiles": null,
          "provenance__state_of_matter": "dummy estimator based on mw"
        },
        {
          "identifier": "d7da33e2-1e52-4877-a9bf-0fbeca0464c7",
          "smiles": "F[P-](F)(F)(F)(F)F.c1ccc2c(c1)nnn2O[P+](N1CCCC1)(N1CCCC1)N1CCCC1",
          "state_of_matter": "SOLID",
          "molecular_weight": 521.4004011999998,
          "density": 1.4,
          "mass": 5.214004011999998,
          "is_produced_by": [],
          "is_consumed_by": [
            "83cb667e-8a51-4951-89c0-f8f0ce98e4e2"
          ],
          "provenance__density": "dummy estimator based on mw",
          "provenance__is_consumed_by": null,
          "provenance__is_produced_by": null,
          "provenance__mass": null,
          "provenance__molecular_weight": "periodic table",
          "provenance__smiles": null,
          "provenance__state_of_matter": "dummy estimator based on mw"
        }
      ],
      "products": [
        {
          "identifier": "b1270c4d-ec33-4f04-adb6-8d5c406645b5",
          "smiles": "CC(C)NC(=O)COc1cccc(-c2nc(Nc3ccc4[nH]ncc4c3)c3ccccc3n2)c1",
          "state_of_matter": "SOLID",
          "molecular_weight": 452.5077600000003,
          "density": 1.4,
          "mass": 4.525077600000003,
          "is_produced_by": [
            "83cb667e-8a51-4951-89c0-f8f0ce98e4e2"
          ],
          "is_consumed_by": [],
          "provenance__density": "dummy estimator based on mw",
          "provenance__is_consumed_by": null,
          "provenance__is_produced_by": null,
          "provenance__mass": null,
          "provenance__molecular_weight": "periodic table",
          "provenance__smiles": null,
          "provenance__state_of_matter": "dummy estimator based on mw"
        }
      ],
      "stoichiometry": {
        "2fbcd17a-4793-40fb-8277-0c80892d6c96": 1.0,
        "1d1ce829-df23-4f4e-9f14-341975ff4423": 1.0,
        "b1270c4d-ec33-4f04-adb6-8d5c406645b5": -1.0
      },
      "temperature": 294.2399628281593,
      "intended_ratios": {
        "2fbcd17a-4793-40fb-8277-0c80892d6c96": 1.0,
        "1d1ce829-df23-4f4e-9f14-341975ff4423": 1.0,
        "3f1d9517-5ca9-4e73-be4b-974c3bfea4f6": 1.0,
        "24d14461-f173-47ff-a798-ee7e2252a6fd": 1.0,
        "3be05cd5-b64e-4dc2-83e7-597190232cc9": 1.0,
        "d7da33e2-1e52-4877-a9bf-0fbeca0464c7": 1.0
      },
      "expected_yields": {
        "b1270c4d-ec33-4f04-adb6-8d5c406645b5": 1.0
      },
      "reaction_extent": 0.01
    },
    {
      "identifier": "44853b9b-6aba-441a-9656-87d4d710ce38",
      "reactants": [
        {
          "identifier": "3811edf3-8560-4aa2-8367-240de42a3937",
          "smiles": "CC(C)n1nccc1-c1ncccc1CCl",
          "state_of_matter": "SOLID",
          "molecular_weight": 236.72059999999982,
          "density": 1.4,
          "mass": 2.367205999999998,
          "is_produced_by": [],
          "is_consumed_by": [
            "44853b9b-6aba-441a-9656-87d4d710ce38"
          ],
          "provenance__density": "dummy estimator based on mw",
          "provenance__is_consumed_by": null,
          "provenance__is_produced_by": null,
          "provenance__mass": null,
          "provenance__molecular_weight": "periodic table",
          "provenance__smiles": null,
          "provenance__state_of_matter": "dummy estimator based on mw"
        },
        {
          "identifier": "a74de7ae-8521-404a-a3ff-e565cd949114",
          "smiles": "O=Cc1c(O)cccc1O",
          "state_of_matter": "LIQUID",
          "molecular_weight": 138.12073999999996,
          "density": 1.0,
          "mass": 1.3812073999999996,
          "is_produced_by": [],
          "is_consumed_by": [
            "44853b9b-6aba-441a-9656-87d4d710ce38"
          ],
          "provenance__density": "dummy estimator based on mw",
          "provenance__is_consumed_by": null,
          "provenance__is_produced_by": null,
          "provenance__mass": null,
          "provenance__molecular_weight": "periodic table",
          "provenance__smiles": null,
          "provenance__state_of_matter": "dummy estimator based on mw"
        }
      ],
      "reagents": [
        {
          "identifier": "078659d7-9525-4250-a209-f0587be6ee4f",
          "smiles": "CN(C)C=O",
          "state_of_matter": "LIQUID",
          "molecular_weight": 73.09378000000004,
          "density": 1.0,
          "mass": 0.7309378000000004,
          "is_produced_by": [],
          "is_consumed_by": [
            "44853b9b-6aba-441a-9656-87d4d710ce38"
          ],
          "provenance__density": "dummy estimator based on mw",
          "provenance__is_consumed_by": null,
          "provenance__is_produced_by": null,
          "provenance__mass": null,
          "provenance__molecular_weight": "periodic table",
          "provenance__smiles": null,
          "provenance__state_of_matter": "dummy estimator based on mw"
        },
        {
          "identifier": "7d83c213-8aa7-40fa-947c-ce6d44b092ad",
          "smiles": "Cl",
          "state_of_matter": "LIQUID",
          "molecular_weight": 36.46094,
          "density": 1.0,
          "mass": 0.36460940000000003,
          "is_produced_by": [],
          "is_consumed_by": [
            "44853b9b-6aba-441a-9656-87d4d710ce38"
          ],
          "provenance__density": "dummy estimator based on mw",
          "provenance__is_consumed_by": null,
          "provenance__is_produced_by": null,
          "provenance__mass": null,
          "provenance__molecular_weight": "periodic table",
          "provenance__smiles": null,
          "provenance__state_of_matter": "dummy estimator based on mw"
        },
        {
          "identifier": "96a9138c-e498-4db0-adf6-695e5d8ff7c0",
          "smiles": "O=C(O[K])O[K]",
          "state_of_matter": "SOLID",
          "molecular_weight": 138.2055,
          "density": 1.4,
          "mass": 1.382055,
          "is_produced_by": [],
          "is_consumed_by": [
            "44853b9b-6aba-441a-9656-87d4d710ce38"
          ],
          "provenance__density": "dummy estimator based on mw",
          "provenance__is_consumed_by": null,
          "provenance__is_produced_by": null,
          "provenance__mass": null,
          "provenance__molecular_weight": "periodic table",
          "provenance__smiles": null,
          "provenance__state_of_matter": "dummy estimator based on mw"
        }
      ],
      "products": [
        {
          "identifier": "5a137c97-4815-480f-8b16-3fb401d5b7b3",
          "smiles": "CC(C)n1nccc1-c1ncccc1COc1cccc(O)c1C=O",
          "state_of_matter": "SOLID",
          "molecular_weight": 338.38040000000024,
          "density": 1.4,
          "mass": 3.3838040000000023,
          "is_produced_by": [
            "44853b9b-6aba-441a-9656-87d4d710ce38"
          ],
          "is_consumed_by": [],
          "provenance__density": "dummy estimator based on mw",
          "provenance__is_consumed_by": null,
          "provenance__is_produced_by": null,
          "provenance__mass": null,
          "provenance__molecular_weight": "periodic table",
          "provenance__smiles": null,
          "provenance__state_of_matter": "dummy estimator based on mw"
        }
      ],
      "stoichiometry": {
        "3811edf3-8560-4aa2-8367-240de42a3937": 1.0,
        "a74de7ae-8521-404a-a3ff-e565cd949114": 1.0,
        "5a137c97-4815-480f-8b16-3fb401d5b7b3": -1.0
      },
      "temperature": 305.7333455622196,
      "intended_ratios": {
        "3811edf3-8560-4aa2-8367-240de42a3937": 1.0,
        "a74de7ae-8521-404a-a3ff-e565cd949114": 1.0,
        "078659d7-9525-4250-a209-f0587be6ee4f": 1.0,
        "7d83c213-8aa7-40fa-947c-ce6d44b092ad": 1.0,
        "96a9138c-e498-4db0-adf6-695e5d8ff7c0": 1.0
      },
      "expected_yields": {
        "5a137c97-4815-480f-8b16-3fb401d5b7b3": 1.0
      },
      "reaction_extent": 0.01
    },
    {
      "identifier": "b248ea5a-38df-4149-9ffb-7a9ebf93dd8e",
      "reactants": [
        {
          "identifier": "40a959b9-efbf-4fd8-8834-0111e7609645",
          "smiles": "CC(C)n1nccc1-c1ncccc1CO",
          "state_of_matter": "SOLID",
          "molecular_weight": 218.27493999999982,
          "density": 1.4,
          "mass": 2.1827493999999983,
          "is_produced_by": [],
          "is_consumed_by": [
            "b248ea5a-38df-4149-9ffb-7a9ebf93dd8e"
          ],
          "provenance__density": "dummy estimator based on mw",
          "provenance__is_consumed_by": null,
          "provenance__is_produced_by": null,
          "provenance__mass": null,
          "provenance__molecular_weight": "periodic table",
          "provenance__smiles": null,
          "provenance__state_of_matter": "dummy estimator based on mw"
        }
      ],
      "reagents": [
        {
          "identifier": "cb56979c-697c-428a-be03-10a6df125a0e",
          "smiles": "ClCCl",
          "state_of_matter": "LIQUID",
          "molecular_weight": 84.93258000000002,
          "density": 1.0,
          "mass": 0.8493258000000001,
          "is_produced_by": [],
          "is_consumed_by": [
            "b248ea5a-38df-4149-9ffb-7a9ebf93dd8e"
          ],
          "provenance__density": "dummy estimator based on mw",
          "provenance__is_consumed_by": null,
          "provenance__is_produced_by": null,
          "provenance__mass": null,
          "provenance__molecular_weight": "periodic table",
          "provenance__smiles": null,
          "provenance__state_of_matter": "dummy estimator based on mw"
        },
        {
          "identifier": "eeddd63f-1aeb-485a-b68a-431530be0a5e",
          "smiles": "CCN(CC)CC",
          "state_of_matter": "LIQUID",
          "molecular_weight": 101.19000000000008,
          "density": 1.0,
          "mass": 1.011900000000001,
          "is_produced_by": [],
          "is_consumed_by": [
            "b248ea5a-38df-4149-9ffb-7a9ebf93dd8e"
          ],
          "provenance__density": "dummy estimator based on mw",
          "provenance__is_consumed_by": null,
          "provenance__is_produced_by": null,
          "provenance__mass": null,
          "provenance__molecular_weight": "periodic table",
          "provenance__smiles": null,
          "provenance__state_of_matter": "dummy estimator based on mw"
        },
        {
          "identifier": "db592796-e14b-47b7-a7d0-593084a449f6",
          "smiles": "CS(=O)(=O)Cl",
          "state_of_matter": "LIQUID",
          "molecular_weight": 114.55132000000002,
          "density": 1.0,
          "mass": 1.1455132000000001,
          "is_produced_by": [],
          "is_consumed_by": [
            "b248ea5a-38df-4149-9ffb-7a9ebf93dd8e"
          ],
          "provenance__density": "dummy estimator based on mw",
          "provenance__is_consumed_by": null,
          "provenance__is_produced_by": null,
          "provenance__mass": null,
          "provenance__molecular_weight": "periodic table",
          "provenance__smiles": null,
          "provenance__state_of_matter": "dummy estimator based on mw"
        }
      ],
      "products": [
        {
          "identifier": "711b53bb-5c94-4bb4-8f24-2f5d7f687940",
          "smiles": "CC(C)n1nccc1-c1ncccc1CCl",
          "state_of_matter": "SOLID",
          "molecular_weight": 236.72059999999982,
          "density": 1.4,
          "mass": 2.367205999999998,
          "is_produced_by": [
            "b248ea5a-38df-4149-9ffb-7a9ebf93dd8e"
          ],
          "is_consumed_by": [],
          "provenance__density": "dummy estimator based on mw",
          "provenance__is_consumed_by": null,
          "provenance__is_produced_by": null,
          "provenance__mass": null,
          "provenance__molecular_weight": "periodic table",
          "provenance__smiles": null,
          "provenance__state_of_matter": "dummy estimator based on mw"
        }
      ],
      "stoichiometry": {
        "40a959b9-efbf-4fd8-8834-0111e7609645": 1.0,
        "711b53bb-5c94-4bb4-8f24-2f5d7f687940": -1.0
      },
      "temperature": 283.1918331205845,
      "intended_ratios": {
        "40a959b9-efbf-4fd8-8834-0111e7609645": 1.0,
        "cb56979c-697c-428a-be03-10a6df125a0e": 1.0,
        "eeddd63f-1aeb-485a-b68a-431530be0a5e": 1.0,
        "db592796-e14b-47b7-a7d0-593084a449f6": 1.0
      },
      "expected_yields": {
        "711b53bb-5c94-4bb4-8f24-2f5d7f687940": 1.0
      },
      "reaction_extent": 0.01
    },
    {
      "identifier": "a7fd3c61-603f-4f34-a4a2-10d3a416a47d",
      "reactants": [
        {
          "identifier": "81122b9b-1c1b-4c26-8553-2fe5897880f2",
          "smiles": "CC(C)n1nccc1B1OC(C)(C)C(C)(C)O1",
          "state_of_matter": "SOLID",
          "molecular_weight": 237.12627999999975,
          "density": 1.4,
          "mass": 2.3712627999999976,
          "is_produced_by": [],
          "is_consumed_by": [
            "a7fd3c61-603f-4f34-a4a2-10d3a416a47d"
          ],
          "provenance__density": "dummy estimator based on mw",
          "provenance__is_consumed_by": null,
          "provenance__is_produced_by": null,
          "provenance__mass": null,
          "provenance__molecular_weight": "periodic table",
          "provenance__smiles": null,
          "provenance__state_of_matter": "dummy estimator based on mw"
        },
        {
          "identifier": "8f1087d6-b16b-48b5-85f3-31b0603b7bf0",
          "smiles": "OCc1cccnc1Cl",
          "state_of_matter": "LIQUID",
          "molecular_weight": 143.57093999999995,
          "density": 1.0,
          "mass": 1.4357093999999995,
          "is_produced_by": [],
          "is_consumed_by": [
            "a7fd3c61-603f-4f34-a4a2-10d3a416a47d"
          ],
          "provenance__density": "dummy estimator based on mw",
          "provenance__is_consumed_by": null,
          "provenance__is_produced_by": null,
          "provenance__mass": null,
          "provenance__molecular_weight": "periodic table",
          "provenance__smiles": null,
          "provenance__state_of_matter": "dummy estimator based on mw"
        }
      ],
      "reagents": [
        {
          "identifier": "14aa3b26-7b1b-4f7f-ab16-45f737e8fc62",
          "smiles": "O",
          "state_of_matter": "LIQUID",
          "molecular_weight": 18.01528,
          "density": 1.0,
          "mass": 0.1801528,
          "is_produced_by": [],
          "is_consumed_by": [
            "a7fd3c61-603f-4f34-a4a2-10d3a416a47d"
          ],
          "provenance__density": "dummy estimator based on mw",
          "provenance__is_consumed_by": null,
          "provenance__is_produced_by": null,
          "provenance__mass": null,
          "provenance__molecular_weight": "periodic table",
          "provenance__smiles": null,
          "provenance__state_of_matter": "dummy estimator based on mw"
        },
        {
          "identifier": "bee279f4-7eff-43cd-8c55-0982e081c4a3",
          "smiles": "C1COCCO1",
          "state_of_matter": "LIQUID",
          "molecular_weight": 88.10512000000004,
          "density": 1.0,
          "mass": 0.8810512000000005,
          "is_produced_by": [],
          "is_consumed_by": [
            "a7fd3c61-603f-4f34-a4a2-10d3a416a47d"
          ],
          "provenance__density": "dummy estimator based on mw",
          "provenance__is_consumed_by": null,
          "provenance__is_produced_by": null,
          "provenance__mass": null,
          "provenance__molecular_weight": "periodic table",
          "provenance__smiles": null,
          "provenance__state_of_matter": "dummy estimator based on mw"
        },
        {
          "identifier": "c8957b67-da19-4797-9106-738868241679",
          "smiles": "O=C(O)O[Na]",
          "state_of_matter": "SOLID",
          "molecular_weight": 84.00661000000001,
          "density": 1.4,
          "mass": 0.8400661000000001,
          "is_produced_by": [],
          "is_consumed_by": [
            "a7fd3c61-603f-4f34-a4a2-10d3a416a47d"
          ],
          "provenance__density": "dummy estimator based on mw",
          "provenance__is_consumed_by": null,
          "provenance__is_produced_by": null,
          "provenance__mass": null,
          "provenance__molecular_weight": "periodic table",
          "provenance__smiles": null,
          "provenance__state_of_matter": "dummy estimator based on mw"
        }
      ],
      "products": [
        {
          "identifier": "b2eccf55-56de-4335-9e38-c0d32961f995",
          "smiles": "CC(C)n1nccc1-c1ncccc1CO",
          "state_of_matter": "SOLID",
          "molecular_weight": 218.27493999999982,
          "density": 1.4,
          "mass": 2.1827493999999983,
          "is_produced_by": [
            "a7fd3c61-603f-4f34-a4a2-10d3a416a47d"
          ],
          "is_consumed_by": [],
          "provenance__density": "dummy estimator based on mw",
          "provenance__is_consumed_by": null,
          "provenance__is_produced_by": null,
          "provenance__mass": null,
          "provenance__molecular_weight": "periodic table",
          "provenance__smiles": null,
          "provenance__state_of_matter": "dummy estimator based on mw"
        }
      ],
      "stoichiometry": {
        "81122b9b-1c1b-4c26-8553-2fe5897880f2": 1.0,
        "8f1087d6-b16b-48b5-85f3-31b0603b7bf0": 1.0,
        "b2eccf55-56de-4335-9e38-c0d32961f995": -1.0
      },
      "temperature": 350.5005188763141,
      "intended_ratios": {
        "81122b9b-1c1b-4c26-8553-2fe5897880f2": 1.0,
        "8f1087d6-b16b-48b5-85f3-31b0603b7bf0": 1.0,
        "14aa3b26-7b1b-4f7f-ab16-45f737e8fc62": 1.0,
        "bee279f4-7eff-43cd-8c55-0982e081c4a3": 1.0,
        "c8957b67-da19-4797-9106-738868241679": 1.0
      },
      "expected_yields": {
        "b2eccf55-56de-4335-9e38-c0d32961f995": 1.0
      },
      "reaction_extent": 0.01
    },
    {
      "identifier": "5b188758-88dd-4540-8734-c86a34336e91",
      "reactants": [
        {
          "identifier": "d3974fa6-29fe-48a8-9475-467a17b9e2e8",
          "smiles": "COC(=O)CBr",
          "state_of_matter": "LIQUID",
          "molecular_weight": 152.97459999999995,
          "density": 1.0,
          "mass": 1.5297459999999996,
          "is_produced_by": [],
          "is_consumed_by": [
            "5b188758-88dd-4540-8734-c86a34336e91"
          ],
          "provenance__density": "dummy estimator based on mw",
          "provenance__is_consumed_by": null,
          "provenance__is_produced_by": null,
          "provenance__mass": null,
          "provenance__molecular_weight": "periodic table",
          "provenance__smiles": null,
          "provenance__state_of_matter": "dummy estimator based on mw"
        },
        {
          "identifier": "b8c8187e-dc60-47d3-b22e-8a3ff5a2281d",
          "smiles": "Oc1cccc(-c2nc(Nc3ccc4[nH]ncc4c3)c3ccccc3n2)c1",
          "state_of_matter": "SOLID",
          "molecular_weight": 353.37670000000014,
          "density": 1.4,
          "mass": 3.5337670000000014,
          "is_produced_by": [],
          "is_consumed_by": [
            "5b188758-88dd-4540-8734-c86a34336e91"
          ],
          "provenance__density": "dummy estimator based on mw",
          "provenance__is_consumed_by": null,
          "provenance__is_produced_by": null,
          "provenance__mass": null,
          "provenance__molecular_weight": "periodic table",
          "provenance__smiles": null,
          "provenance__state_of_matter": "dummy estimator based on mw"
        }
      ],
      "reagents": [
        {
          "identifier": "fe1805b4-24a7-4333-af02-fcddbac6a330",
          "smiles": "CN(C)C=O",
          "state_of_matter": "LIQUID",
          "molecular_weight": 73.09378000000004,
          "density": 1.0,
          "mass": 0.7309378000000004,
          "is_produced_by": [],
          "is_consumed_by": [
            "5b188758-88dd-4540-8734-c86a34336e91"
          ],
          "provenance__density": "dummy estimator based on mw",
          "provenance__is_consumed_by": null,
          "provenance__is_produced_by": null,
          "provenance__mass": null,
          "provenance__molecular_weight": "periodic table",
          "provenance__smiles": null,
          "provenance__state_of_matter": "dummy estimator based on mw"
        },
        {
          "identifier": "fbf2bff9-5c13-4a31-9855-1e408218455d",
          "smiles": "O=C(O[K])O[K]",
          "state_of_matter": "SOLID",
          "molecular_weight": 138.2055,
          "density": 1.4,
          "mass": 1.382055,
          "is_produced_by": [],
          "is_consumed_by": [
            "5b188758-88dd-4540-8734-c86a34336e91"
          ],
          "provenance__density": "dummy estimator based on mw",
          "provenance__is_consumed_by": null,
          "provenance__is_produced_by": null,
          "provenance__mass": null,
          "provenance__molecular_weight": "periodic table",
          "provenance__smiles": null,
          "provenance__state_of_matter": "dummy estimator based on mw"
        },
        {
          "identifier": "0be47314-9194-43c5-be14-40239f5dfbf5",
          "smiles": "ClCCl",
          "state_of_matter": "LIQUID",
          "molecular_weight": 84.93258000000002,
          "density": 1.0,
          "mass": 0.8493258000000001,
          "is_produced_by": [],
          "is_consumed_by": [
            "5b188758-88dd-4540-8734-c86a34336e91"
          ],
          "provenance__density": "dummy estimator based on mw",
          "provenance__is_consumed_by": null,
          "provenance__is_produced_by": null,
          "provenance__mass": null,
          "provenance__molecular_weight": "periodic table",
          "provenance__smiles": null,
          "provenance__state_of_matter": "dummy estimator based on mw"
        }
      ],
      "products": [
        {
          "identifier": "2c222728-6d89-4ed4-a480-c4df783b6217",
          "smiles": "COC(=O)COc1cccc(-c2nc(Nc3ccc4[nH]ncc4c3)c3ccccc3n2)c1",
          "state_of_matter": "SOLID",
          "molecular_weight": 425.43936000000025,
          "density": 1.4,
          "mass": 4.254393600000003,
          "is_produced_by": [
            "5b188758-88dd-4540-8734-c86a34336e91"
          ],
          "is_consumed_by": [],
          "provenance__density": "dummy estimator based on mw",
          "provenance__is_consumed_by": null,
          "provenance__is_produced_by": null,
          "provenance__mass": null,
          "provenance__molecular_weight": "periodic table",
          "provenance__smiles": null,
          "provenance__state_of_matter": "dummy estimator based on mw"
        }
      ],
      "stoichiometry": {
        "d3974fa6-29fe-48a8-9475-467a17b9e2e8": 1.0,
        "b8c8187e-dc60-47d3-b22e-8a3ff5a2281d": 1.0,
        "2c222728-6d89-4ed4-a480-c4df783b6217": -1.0
      },
      "temperature": 318.9238932073116,
      "intended_ratios": {
        "d3974fa6-29fe-48a8-9475-467a17b9e2e8": 1.0,
        "b8c8187e-dc60-47d3-b22e-8a3ff5a2281d": 1.0,
        "fe1805b4-24a7-4333-af02-fcddbac6a330": 1.0,
        "fbf2bff9-5c13-4a31-9855-1e408218455d": 1.0,
        "0be47314-9194-43c5-be14-40239f5dfbf5": 1.0
      },
      "expected_yields": {
        "2c222728-6d89-4ed4-a480-c4df783b6217": 1.0
      },
      "reaction_extent": 0.01
    },
    {
      "identifier": "7bc1f9e9-3480-4892-970d-0b3b819b10fb",
      "reactants": [
        {
          "identifier": "104186b4-4f7b-47af-a935-515dcbccb3c9",
          "smiles": "COC(=O)COc1cccc(-c2nc(Nc3ccc4[nH]ncc4c3)c3ccccc3n2)c1",
          "state_of_matter": "SOLID",
          "molecular_weight": 425.43936000000025,
          "density": 1.4,
          "mass": 4.254393600000003,
          "is_produced_by": [],
          "is_consumed_by": [
            "7bc1f9e9-3480-4892-970d-0b3b819b10fb"
          ],
          "provenance__density": "dummy estimator based on mw",
          "provenance__is_consumed_by": null,
          "provenance__is_produced_by": null,
          "provenance__mass": null,
          "provenance__molecular_weight": "periodic table",
          "provenance__smiles": null,
          "provenance__state_of_matter": "dummy estimator based on mw"
        }
      ],
      "reagents": [
        {
          "identifier": "c0b35d41-51a6-42c4-b3fa-d9c77ae4e488",
          "smiles": "CN(C)C=O",
          "state_of_matter": "LIQUID",
          "molecular_weight": 73.09378000000004,
          "density": 1.0,
          "mass": 0.7309378000000004,
          "is_produced_by": [],
          "is_consumed_by": [
            "7bc1f9e9-3480-4892-970d-0b3b819b10fb"
          ],
          "provenance__density": "dummy estimator based on mw",
          "provenance__is_consumed_by": null,
          "provenance__is_produced_by": null,
          "provenance__mass": null,
          "provenance__molecular_weight": "periodic table",
          "provenance__smiles": null,
          "provenance__state_of_matter": "dummy estimator based on mw"
        },
        {
          "identifier": "d3bac5ff-7c4d-4301-8e78-6b5790881ee1",
          "smiles": "ClCCl",
          "state_of_matter": "LIQUID",
          "molecular_weight": 84.93258000000002,
          "density": 1.0,
          "mass": 0.8493258000000001,
          "is_produced_by": [],
          "is_consumed_by": [
            "7bc1f9e9-3480-4892-970d-0b3b819b10fb"
          ],
          "provenance__density": "dummy estimator based on mw",
          "provenance__is_consumed_by": null,
          "provenance__is_produced_by": null,
          "provenance__mass": null,
          "provenance__molecular_weight": "periodic table",
          "provenance__smiles": null,
          "provenance__state_of_matter": "dummy estimator based on mw"
        },
        {
          "identifier": "e80b99d8-c853-4d58-8cc6-a6294349b996",
          "smiles": "CCN(C(C)C)C(C)C",
          "state_of_matter": "LIQUID",
          "molecular_weight": 129.24316000000007,
          "density": 1.0,
          "mass": 1.2924316000000007,
          "is_produced_by": [],
          "is_consumed_by": [
            "7bc1f9e9-3480-4892-970d-0b3b819b10fb"
          ],
          "provenance__density": "dummy estimator based on mw",
          "provenance__is_consumed_by": null,
          "provenance__is_produced_by": null,
          "provenance__mass": null,
          "provenance__molecular_weight": "periodic table",
          "provenance__smiles": null,
          "provenance__state_of_matter": "dummy estimator based on mw"
        },
        {
          "identifier": "20652187-87f5-494c-a312-bbdf5b313c1f",
          "smiles": "F[P-](F)(F)(F)(F)F.c1ccc2c(c1)nnn2O[P+](N1CCCC1)(N1CCCC1)N1CCCC1",
          "state_of_matter": "SOLID",
          "molecular_weight": 521.4004011999998,
          "density": 1.4,
          "mass": 5.214004011999998,
          "is_produced_by": [],
          "is_consumed_by": [
            "7bc1f9e9-3480-4892-970d-0b3b819b10fb"
          ],
          "provenance__density": "dummy estimator based on mw",
          "provenance__is_consumed_by": null,
          "provenance__is_produced_by": null,
          "provenance__mass": null,
          "provenance__molecular_weight": "periodic table",
          "provenance__smiles": null,
          "provenance__state_of_matter": "dummy estimator based on mw"
        }
      ],
      "products": [
        {
          "identifier": "c6248338-cd8f-4676-883b-85be1a6c0bc9",
          "smiles": "O=C(O)COc1cccc(-c2nc(Nc3ccc4[nH]ncc4c3)c3ccccc3n2)c1",
          "state_of_matter": "SOLID",
          "molecular_weight": 411.41278000000017,
          "density": 1.4,
          "mass": 4.114127800000002,
          "is_produced_by": [
            "7bc1f9e9-3480-4892-970d-0b3b819b10fb"
          ],
          "is_consumed_by": [],
          "provenance__density": "dummy estimator based on mw",
          "provenance__is_consumed_by": null,
          "provenance__is_produced_by": null,
          "provenance__mass": null,
          "provenance__molecular_weight": "periodic table",
          "provenance__smiles": null,
          "provenance__state_of_matter": "dummy estimator based on mw"
        }
      ],
      "stoichiometry": {
        "104186b4-4f7b-47af-a935-515dcbccb3c9": 1.0,
        "c6248338-cd8f-4676-883b-85be1a6c0bc9": -1.0
      },
      "temperature": 300.959981739521,
      "intended_ratios": {
        "104186b4-4f7b-47af-a935-515dcbccb3c9": 1.0,
        "c0b35d41-51a6-42c4-b3fa-d9c77ae4e488": 1.0,
        "d3bac5ff-7c4d-4301-8e78-6b5790881ee1": 1.0,
        "e80b99d8-c853-4d58-8cc6-a6294349b996": 1.0,
        "20652187-87f5-494c-a312-bbdf5b313c1f": 1.0
      },
      "expected_yields": {
        "c6248338-cd8f-4676-883b-85be1a6c0bc9": 1.0
      },
      "reaction_extent": 0.01
    },
    {
      "identifier": "c7c107ba-0d82-4c90-9f91-8b277ad06dd2",
      "reactants": [
        {
          "identifier": "3860c193-5988-4b23-9703-a21991617233",
          "smiles": "COc1cc(N)cc(OC)c1",
          "state_of_matter": "LIQUID",
          "molecular_weight": 153.17843999999988,
          "density": 1.0,
          "mass": 1.5317843999999992,
          "is_produced_by": [],
          "is_consumed_by": [
            "c7c107ba-0d82-4c90-9f91-8b277ad06dd2"
          ],
          "provenance__density": "dummy estimator based on mw",
          "provenance__is_consumed_by": null,
          "provenance__is_produced_by": null,
          "provenance__mass": null,
          "provenance__molecular_weight": "periodic table",
          "provenance__smiles": null,
          "provenance__state_of_matter": "dummy estimator based on mw"
        },
        {
          "identifier": "722ebc7c-11e7-4108-a494-99b52d9f8f71",
          "smiles": "Cn1cc(-c2cnc3ccc(Br)cc3n2)cn1",
          "state_of_matter": "SOLID",
          "molecular_weight": 290.1386000000002,
          "density": 1.4,
          "mass": 2.9013860000000027,
          "is_produced_by": [],
          "is_consumed_by": [
            "c7c107ba-0d82-4c90-9f91-8b277ad06dd2"
          ],
          "provenance__density": "dummy estimator based on mw",
          "provenance__is_consumed_by": null,
          "provenance__is_produced_by": null,
          "provenance__mass": null,
          "provenance__molecular_weight": "periodic table",
          "provenance__smiles": null,
          "provenance__state_of_matter": "dummy estimator based on mw"
        }
      ],
      "reagents": [
        {
          "identifier": "ad33f8ad-8f6b-4c8f-b9e7-4d3df4e72178",
          "smiles": "C1COCCO1",
          "state_of_matter": "LIQUID",
          "molecular_weight": 88.10512000000004,
          "density": 1.0,
          "mass": 0.8810512000000006,
          "is_produced_by": [],
          "is_consumed_by": [
            "c7c107ba-0d82-4c90-9f91-8b277ad06dd2"
          ],
          "provenance__density": "dummy estimator based on mw",
          "provenance__is_consumed_by": null,
          "provenance__is_produced_by": null,
          "provenance__mass": null,
          "provenance__molecular_weight": "periodic table",
          "provenance__smiles": null,
          "provenance__state_of_matter": "dummy estimator based on mw"
        },
        {
          "identifier": "0251ac42-c7f3-47e5-9c1a-dde406f64274",
          "smiles": "[Pd]",
          "state_of_matter": "SOLID",
          "molecular_weight": 106.42,
          "density": 1.4,
          "mass": 1.0642000000000003,
          "is_produced_by": [],
          "is_consumed_by": [
            "c7c107ba-0d82-4c90-9f91-8b277ad06dd2"
          ],
          "provenance__density": "dummy estimator based on mw",
          "provenance__is_consumed_by": null,
          "provenance__is_produced_by": null,
          "provenance__mass": null,
          "provenance__molecular_weight": "periodic table",
          "provenance__smiles": null,
          "provenance__state_of_matter": "dummy estimator based on mw"
        },
        {
          "identifier": "14e9fc54-1d0f-4e56-a785-986c54ce6ca7",
          "smiles": "CC(C)(C)O[Na]",
          "state_of_matter": "SOLID",
          "molecular_weight": 96.10343000000005,
          "density": 1.4,
          "mass": 0.9610343000000007,
          "is_produced_by": [],
          "is_consumed_by": [
            "c7c107ba-0d82-4c90-9f91-8b277ad06dd2"
          ],
          "provenance__density": "dummy estimator based on mw",
          "provenance__is_consumed_by": null,
          "provenance__is_produced_by": null,
          "provenance__mass": null,
          "provenance__molecular_weight": "periodic table",
          "provenance__smiles": null,
          "provenance__state_of_matter": "dummy estimator based on mw"
        }
      ],
      "products": [
        {
          "identifier": "ba598738-8581-4b91-829b-be7400d2d1fd",
          "smiles": "COc1cc(Nc2ccc3ncc(-c4cnn(C)c4)nc3c2)cc(OC)c1",
          "state_of_matter": "SOLID",
          "molecular_weight": 362.40510000000023,
          "density": 1.4,
          "mass": 3.6240510000000032,
          "is_produced_by": [
            "c7c107ba-0d82-4c90-9f91-8b277ad06dd2"
          ],
          "is_consumed_by": [],
          "provenance__density": "dummy estimator based on mw",
          "provenance__is_consumed_by": null,
          "provenance__is_produced_by": null,
          "provenance__mass": null,
          "provenance__molecular_weight": "periodic table",
          "provenance__smiles": null,
          "provenance__state_of_matter": "dummy estimator based on mw"
        }
      ],
      "stoichiometry": {
        "3860c193-5988-4b23-9703-a21991617233": 1.0,
        "722ebc7c-11e7-4108-a494-99b52d9f8f71": 1.0,
        "ba598738-8581-4b91-829b-be7400d2d1fd": -1.0
      },
      "temperature": 356.5717721521854,
      "intended_ratios": {
        "3860c193-5988-4b23-9703-a21991617233": 1.0,
        "722ebc7c-11e7-4108-a494-99b52d9f8f71": 1.0,
        "ad33f8ad-8f6b-4c8f-b9e7-4d3df4e72178": 1.0,
        "0251ac42-c7f3-47e5-9c1a-dde406f64274": 1.0,
        "14e9fc54-1d0f-4e56-a785-986c54ce6ca7": 1.0
      },
      "expected_yields": {
        "ba598738-8581-4b91-829b-be7400d2d1fd": 1.0
      },
      "reaction_extent": 0.010000000000000002
    },
    {
      "identifier": "30d3d73d-ae8b-4192-a970-fcc33ca327f6",
      "reactants": [
        {
          "identifier": "8dc2817f-bbb3-444a-a784-3d377dc07882",
          "smiles": "COc1cc(Nc2ccc3ncc(-c4cnn(C)c4)nc3c2)cc(OC)c1",
          "state_of_matter": "SOLID",
          "molecular_weight": 362.40510000000023,
          "density": 1.4,
          "mass": 3.6240510000000032,
          "is_produced_by": [],
          "is_consumed_by": [
            "30d3d73d-ae8b-4192-a970-fcc33ca327f6"
          ],
          "provenance__density": "dummy estimator based on mw",
          "provenance__is_consumed_by": null,
          "provenance__is_produced_by": null,
          "provenance__mass": null,
          "provenance__molecular_weight": "periodic table",
          "provenance__smiles": null,
          "provenance__state_of_matter": "dummy estimator based on mw"
        },
        {
          "identifier": "bbe6dcd8-8820-4d78-889b-d99598990e76",
          "smiles": "ClCCBr",
          "state_of_matter": "LIQUID",
          "molecular_weight": 143.41015999999996,
          "density": 1.0,
          "mass": 1.4341016,
          "is_produced_by": [],
          "is_consumed_by": [
            "30d3d73d-ae8b-4192-a970-fcc33ca327f6"
          ],
          "provenance__density": "dummy estimator based on mw",
          "provenance__is_consumed_by": null,
          "provenance__is_produced_by": null,
          "provenance__mass": null,
          "provenance__molecular_weight": "periodic table",
          "provenance__smiles": null,
          "provenance__state_of_matter": "dummy estimator based on mw"
        }
      ],
      "reagents": [
        {
          "identifier": "14f25225-af23-4ea3-bee2-b76add9b5fc1",
          "smiles": "CN(C)C=O",
          "state_of_matter": "LIQUID",
          "molecular_weight": 73.09378000000004,
          "density": 1.0,
          "mass": 0.7309378000000005,
          "is_produced_by": [],
          "is_consumed_by": [
            "30d3d73d-ae8b-4192-a970-fcc33ca327f6"
          ],
          "provenance__density": "dummy estimator based on mw",
          "provenance__is_consumed_by": null,
          "provenance__is_produced_by": null,
          "provenance__mass": null,
          "provenance__molecular_weight": "periodic table",
          "provenance__smiles": null,
          "provenance__state_of_matter": "dummy estimator based on mw"
        },
        {
          "identifier": "467b9a8c-74b7-4c31-8d85-8b0a10075ebe",
          "smiles": "O",
          "state_of_matter": "LIQUID",
          "molecular_weight": 18.01528,
          "density": 1.0,
          "mass": 0.18015280000000003,
          "is_produced_by": [],
          "is_consumed_by": [
            "30d3d73d-ae8b-4192-a970-fcc33ca327f6"
          ],
          "provenance__density": "dummy estimator based on mw",
          "provenance__is_consumed_by": null,
          "provenance__is_produced_by": null,
          "provenance__mass": null,
          "provenance__molecular_weight": "periodic table",
          "provenance__smiles": null,
          "provenance__state_of_matter": "dummy estimator based on mw"
        },
        {
          "identifier": "124c22aa-a1fe-4727-a682-5529911d3ffe",
          "smiles": "[NaH]",
          "state_of_matter": "SOLID",
          "molecular_weight": 23.99771,
          "density": 1.4,
          "mass": 0.23997710000000005,
          "is_produced_by": [],
          "is_consumed_by": [
            "30d3d73d-ae8b-4192-a970-fcc33ca327f6"
          ],
          "provenance__density": "dummy estimator based on mw",
          "provenance__is_consumed_by": null,
          "provenance__is_produced_by": null,
          "provenance__mass": null,
          "provenance__molecular_weight": "periodic table",
          "provenance__smiles": null,
          "provenance__state_of_matter": "dummy estimator based on mw"
        }
      ],
      "products": [
        {
          "identifier": "720c0f38-cdc4-4f7f-80a5-97bae0909f11",
          "smiles": "COc1cc(OC)cc(N(CCCl)c2ccc3ncc(-c4cnn(C)c4)nc3c2)c1",
          "state_of_matter": "SOLID",
          "molecular_weight": 424.90332000000035,
          "density": 1.4,
          "mass": 4.249033200000004,
          "is_produced_by": [
            "30d3d73d-ae8b-4192-a970-fcc33ca327f6"
          ],
          "is_consumed_by": [],
          "provenance__density": "dummy estimator based on mw",
          "provenance__is_consumed_by": null,
          "provenance__is_produced_by": null,
          "provenance__mass": null,
          "provenance__molecular_weight": "periodic table",
          "provenance__smiles": null,
          "provenance__state_of_matter": "dummy estimator based on mw"
        }
      ],
      "stoichiometry": {
        "8dc2817f-bbb3-444a-a784-3d377dc07882": 1.0,
        "bbe6dcd8-8820-4d78-889b-d99598990e76": 1.0,
        "720c0f38-cdc4-4f7f-80a5-97bae0909f11": -1.0
      },
      "temperature": 284.1107983767986,
      "intended_ratios": {
        "8dc2817f-bbb3-444a-a784-3d377dc07882": 1.0,
        "bbe6dcd8-8820-4d78-889b-d99598990e76": 1.0,
        "14f25225-af23-4ea3-bee2-b76add9b5fc1": 1.0,
        "467b9a8c-74b7-4c31-8d85-8b0a10075ebe": 1.0,
        "124c22aa-a1fe-4727-a682-5529911d3ffe": 1.0
      },
      "expected_yields": {
        "720c0f38-cdc4-4f7f-80a5-97bae0909f11": 1.0
      },
      "reaction_extent": 0.010000000000000002
    },
    {
      "identifier": "27bd1321-1449-49e4-8f12-6a21cbede003",
      "reactants": [
        {
          "identifier": "092b845e-9909-4ad2-acd4-b4a21e3d6631",
          "smiles": "Clc1cnc2ccc(Br)cc2n1",
          "state_of_matter": "SOLID",
          "molecular_weight": 243.48775999999995,
          "density": 1.4,
          "mass": 2.4348776,
          "is_produced_by": [],
          "is_consumed_by": [
            "27bd1321-1449-49e4-8f12-6a21cbede003"
          ],
          "provenance__density": "dummy estimator based on mw",
          "provenance__is_consumed_by": null,
          "provenance__is_produced_by": null,
          "provenance__mass": null,
          "provenance__molecular_weight": "periodic table",
          "provenance__smiles": null,
          "provenance__state_of_matter": "dummy estimator based on mw"
        },
        {
          "identifier": "02bf4cb1-5d8c-4a79-b72d-2e1f881c9c40",
          "smiles": "Cn1cc(B2OC(C)(C)C(C)(C)O2)cn1",
          "state_of_matter": "SOLID",
          "molecular_weight": 209.07311999999982,
          "density": 1.4,
          "mass": 2.0907311999999987,
          "is_produced_by": [],
          "is_consumed_by": [
            "27bd1321-1449-49e4-8f12-6a21cbede003"
          ],
          "provenance__density": "dummy estimator based on mw",
          "provenance__is_consumed_by": null,
          "provenance__is_produced_by": null,
          "provenance__mass": null,
          "provenance__molecular_weight": "periodic table",
          "provenance__smiles": null,
          "provenance__state_of_matter": "dummy estimator based on mw"
        }
      ],
      "reagents": [
        {
          "identifier": "b860b489-ad16-454b-9a43-3965afcd1fb0",
          "smiles": "CN(C)C=O",
          "state_of_matter": "LIQUID",
          "molecular_weight": 73.09378000000004,
          "density": 1.0,
          "mass": 0.7309378000000005,
          "is_produced_by": [],
          "is_consumed_by": [
            "27bd1321-1449-49e4-8f12-6a21cbede003"
          ],
          "provenance__density": "dummy estimator based on mw",
          "provenance__is_consumed_by": null,
          "provenance__is_produced_by": null,
          "provenance__mass": null,
          "provenance__molecular_weight": "periodic table",
          "provenance__smiles": null,
          "provenance__state_of_matter": "dummy estimator based on mw"
        },
        {
          "identifier": "765b0097-993a-48d2-b0cb-73a2d57e3a80",
          "smiles": "O=C(O[Cs])O[Cs]",
          "state_of_matter": "SOLID",
          "molecular_weight": 325.8198,
          "density": 1.4,
          "mass": 3.2581980000000006,
          "is_produced_by": [],
          "is_consumed_by": [
            "27bd1321-1449-49e4-8f12-6a21cbede003"
          ],
          "provenance__density": "dummy estimator based on mw",
          "provenance__is_consumed_by": null,
          "provenance__is_produced_by": null,
          "provenance__mass": null,
          "provenance__molecular_weight": "periodic table",
          "provenance__smiles": null,
          "provenance__state_of_matter": "dummy estimator based on mw"
        },
        {
          "identifier": "a9e1673d-9960-48d3-aa9e-98f106f3a018",
          "smiles": "C1=C[C-](P(c2ccccc2)c2ccccc2)C=C1.C1=C[C-](P(c2ccccc2)c2ccccc2)C=C1.[Fe+2]",
          "state_of_matter": "SOLID",
          "molecular_weight": 554.3786419999986,
          "density": 1.4,
          "mass": 5.543786419999988,
          "is_produced_by": [],
          "is_consumed_by": [
            "27bd1321-1449-49e4-8f12-6a21cbede003"
          ],
          "provenance__density": "dummy estimator based on mw",
          "provenance__is_consumed_by": null,
          "provenance__is_produced_by": null,
          "provenance__mass": null,
          "provenance__molecular_weight": "periodic table",
          "provenance__smiles": null,
          "provenance__state_of_matter": "dummy estimator based on mw"
        },
        {
          "identifier": "09188bd4-ec23-4aca-820b-20b1a42e0dec",
          "smiles": "Cl[Pd]Cl",
          "state_of_matter": "SOLID",
          "molecular_weight": 177.326,
          "density": 1.4,
          "mass": 1.7732600000000003,
          "is_produced_by": [],
          "is_consumed_by": [
            "27bd1321-1449-49e4-8f12-6a21cbede003"
          ],
          "provenance__density": "dummy estimator based on mw",
          "provenance__is_consumed_by": null,
          "provenance__is_produced_by": null,
          "provenance__mass": null,
          "provenance__molecular_weight": "periodic table",
          "provenance__smiles": null,
          "provenance__state_of_matter": "dummy estimator based on mw"
        }
      ],
      "products": [
        {
          "identifier": "444cee23-e685-44e8-ae65-18389d8be005",
          "smiles": "Cn1cc(-c2cnc3ccc(Br)cc3n2)cn1",
          "state_of_matter": "SOLID",
          "molecular_weight": 290.1386000000002,
          "density": 1.4,
          "mass": 2.9013860000000027,
          "is_produced_by": [
            "27bd1321-1449-49e4-8f12-6a21cbede003"
          ],
          "is_consumed_by": [],
          "provenance__density": "dummy estimator based on mw",
          "provenance__is_consumed_by": null,
          "provenance__is_produced_by": null,
          "provenance__mass": null,
          "provenance__molecular_weight": "periodic table",
          "provenance__smiles": null,
          "provenance__state_of_matter": "dummy estimator based on mw"
        }
      ],
      "stoichiometry": {
        "092b845e-9909-4ad2-acd4-b4a21e3d6631": 1.0,
        "02bf4cb1-5d8c-4a79-b72d-2e1f881c9c40": 1.0,
        "444cee23-e685-44e8-ae65-18389d8be005": -1.0
      },
      "temperature": 361.2041098773479,
      "intended_ratios": {
        "092b845e-9909-4ad2-acd4-b4a21e3d6631": 1.0,
        "02bf4cb1-5d8c-4a79-b72d-2e1f881c9c40": 1.0,
        "b860b489-ad16-454b-9a43-3965afcd1fb0": 1.0,
        "765b0097-993a-48d2-b0cb-73a2d57e3a80": 1.0,
        "a9e1673d-9960-48d3-aa9e-98f106f3a018": 1.0,
        "09188bd4-ec23-4aca-820b-20b1a42e0dec": 1.0
      },
      "expected_yields": {
        "444cee23-e685-44e8-ae65-18389d8be005": 1.0
      },
      "reaction_extent": 0.010000000000000002
    },
    {
      "identifier": "9aacf245-219d-44a5-8e71-45d3c53a5f86",
      "reactants": [
        {
          "identifier": "a5d428a1-1fc7-404a-80be-9d847ca9f32c",
          "smiles": "FC(F)(F)Oc1ccc(CBr)cc1",
          "state_of_matter": "SOLID",
          "molecular_weight": 255.03184959999987,
          "density": 1.4,
          "mass": 2.5503184959999987,
          "is_produced_by": [],
          "is_consumed_by": [
            "9aacf245-219d-44a5-8e71-45d3c53a5f86"
          ],
          "provenance__density": "dummy estimator based on mw",
          "provenance__is_consumed_by": null,
          "provenance__is_produced_by": null,
          "provenance__mass": null,
          "provenance__molecular_weight": "periodic table",
          "provenance__smiles": null,
          "provenance__state_of_matter": "dummy estimator based on mw"
        },
        {
          "identifier": "582196f5-2895-4850-9a85-705ac3254ba5",
          "smiles": "O=[N+]([O-])c1cn(CC(O)COCc2ccccc2)c(Br)n1",
          "state_of_matter": "SOLID",
          "molecular_weight": 357.1799000000002,
          "density": 1.4,
          "mass": 3.571799000000002,
          "is_produced_by": [],
          "is_consumed_by": [
            "9aacf245-219d-44a5-8e71-45d3c53a5f86"
          ],
          "provenance__density": "dummy estimator based on mw",
          "provenance__is_consumed_by": null,
          "provenance__is_produced_by": null,
          "provenance__mass": null,
          "provenance__molecular_weight": "periodic table",
          "provenance__smiles": null,
          "provenance__state_of_matter": "dummy estimator based on mw"
        }
      ],
      "reagents": [
        {
          "identifier": "2016c5a0-e867-49e3-963d-c00aa14622e7",
          "smiles": "CN(C)C=O",
          "state_of_matter": "LIQUID",
          "molecular_weight": 73.09378000000004,
          "density": 1.0,
          "mass": 0.7309378000000004,
          "is_produced_by": [],
          "is_consumed_by": [
            "9aacf245-219d-44a5-8e71-45d3c53a5f86"
          ],
          "provenance__density": "dummy estimator based on mw",
          "provenance__is_consumed_by": null,
          "provenance__is_produced_by": null,
          "provenance__mass": null,
          "provenance__molecular_weight": "periodic table",
          "provenance__smiles": null,
          "provenance__state_of_matter": "dummy estimator based on mw"
        },
        {
          "identifier": "d26f7dc4-bb8f-4777-ba43-7507c7457e6b",
          "smiles": "[NaH]",
          "state_of_matter": "SOLID",
          "molecular_weight": 23.99771,
          "density": 1.4,
          "mass": 0.23997710000000003,
          "is_produced_by": [],
          "is_consumed_by": [
            "9aacf245-219d-44a5-8e71-45d3c53a5f86"
          ],
          "provenance__density": "dummy estimator based on mw",
          "provenance__is_consumed_by": null,
          "provenance__is_produced_by": null,
          "provenance__mass": null,
          "provenance__molecular_weight": "periodic table",
          "provenance__smiles": null,
          "provenance__state_of_matter": "dummy estimator based on mw"
        }
      ],
      "products": [
        {
          "identifier": "cd667b03-6e68-4326-be69-9a8305b6f9c9",
          "smiles": "O=[N+]([O-])c1cn(CC(COCc2ccccc2)OCc2ccc(OC(F)(F)F)cc2)c(Br)n1",
          "state_of_matter": "SOLID",
          "molecular_weight": 531.2998095999991,
          "density": 1.4,
          "mass": 5.312998095999991,
          "is_produced_by": [
            "9aacf245-219d-44a5-8e71-45d3c53a5f86"
          ],
          "is_consumed_by": [],
          "provenance__density": "dummy estimator based on mw",
          "provenance__is_consumed_by": null,
          "provenance__is_produced_by": null,
          "provenance__mass": null,
          "provenance__molecular_weight": "periodic table",
          "provenance__smiles": null,
          "provenance__state_of_matter": "dummy estimator based on mw"
        }
      ],
      "stoichiometry": {
        "a5d428a1-1fc7-404a-80be-9d847ca9f32c": 1.0,
        "582196f5-2895-4850-9a85-705ac3254ba5": 1.0,
        "cd667b03-6e68-4326-be69-9a8305b6f9c9": -1.0
      },
      "temperature": 279.3248981773853,
      "intended_ratios": {
        "a5d428a1-1fc7-404a-80be-9d847ca9f32c": 1.0,
        "582196f5-2895-4850-9a85-705ac3254ba5": 1.0,
        "2016c5a0-e867-49e3-963d-c00aa14622e7": 1.0,
        "d26f7dc4-bb8f-4777-ba43-7507c7457e6b": 1.0
      },
      "expected_yields": {
        "cd667b03-6e68-4326-be69-9a8305b6f9c9": 1.0
      },
      "reaction_extent": 0.01
    },
    {
      "identifier": "b0496408-40c0-473a-af3e-4e905c2e78b3",
      "reactants": [
        {
          "identifier": "5f76fe54-2173-49cb-8a9d-dae8f31e9a40",
          "smiles": "NC(=O)c1ccccc1N",
          "state_of_matter": "LIQUID",
          "molecular_weight": 136.15121999999994,
          "density": 1.0,
          "mass": 1.3615121999999995,
          "is_produced_by": [],
          "is_consumed_by": [
            "b0496408-40c0-473a-af3e-4e905c2e78b3"
          ],
          "provenance__density": "dummy estimator based on mw",
          "provenance__is_consumed_by": null,
          "provenance__is_produced_by": null,
          "provenance__mass": null,
          "provenance__molecular_weight": "periodic table",
          "provenance__smiles": null,
          "provenance__state_of_matter": "dummy estimator based on mw"
        },
        {
          "identifier": "1f921157-a517-4807-aa3a-06ce232fa5cd",
          "smiles": "O=Cc1cccc(O)c1",
          "state_of_matter": "LIQUID",
          "molecular_weight": 122.12134000000003,
          "density": 1.0,
          "mass": 1.2212134000000003,
          "is_produced_by": [],
          "is_consumed_by": [
            "b0496408-40c0-473a-af3e-4e905c2e78b3"
          ],
          "provenance__density": "dummy estimator based on mw",
          "provenance__is_consumed_by": null,
          "provenance__is_produced_by": null,
          "provenance__mass": null,
          "provenance__molecular_weight": "periodic table",
          "provenance__smiles": null,
          "provenance__state_of_matter": "dummy estimator based on mw"
        }
      ],
      "reagents": [
        {
          "identifier": "9f6299ce-bfb3-4182-a1cb-32e1bb656126",
          "smiles": "O",
          "state_of_matter": "LIQUID",
          "molecular_weight": 18.01528,
          "density": 1.0,
          "mass": 0.1801528,
          "is_produced_by": [],
          "is_consumed_by": [
            "b0496408-40c0-473a-af3e-4e905c2e78b3"
          ],
          "provenance__density": "dummy estimator based on mw",
          "provenance__is_consumed_by": null,
          "provenance__is_produced_by": null,
          "provenance__mass": null,
          "provenance__molecular_weight": "periodic table",
          "provenance__smiles": null,
          "provenance__state_of_matter": "dummy estimator based on mw"
        },
        {
          "identifier": "889bf870-cb28-41f7-95c7-3d021d4caaef",
          "smiles": "Cc1ccc(S(=O)(=O)O)cc1",
          "state_of_matter": "LIQUID",
          "molecular_weight": 172.20161999999988,
          "density": 1.0,
          "mass": 1.7220161999999988,
          "is_produced_by": [],
          "is_consumed_by": [
            "b0496408-40c0-473a-af3e-4e905c2e78b3"
          ],
          "provenance__density": "dummy estimator based on mw",
          "provenance__is_consumed_by": null,
          "provenance__is_produced_by": null,
          "provenance__mass": null,
          "provenance__molecular_weight": "periodic table",
          "provenance__smiles": null,
          "provenance__state_of_matter": "dummy estimator based on mw"
        },
        {
          "identifier": "7735a7f8-abb2-45e2-a3d1-3eae97880fa3",
          "smiles": "CC(=O)N(C)C",
          "state_of_matter": "LIQUID",
          "molecular_weight": 87.12036000000005,
          "density": 1.0,
          "mass": 0.8712036000000005,
          "is_produced_by": [],
          "is_consumed_by": [
            "b0496408-40c0-473a-af3e-4e905c2e78b3"
          ],
          "provenance__density": "dummy estimator based on mw",
          "provenance__is_consumed_by": null,
          "provenance__is_produced_by": null,
          "provenance__mass": null,
          "provenance__molecular_weight": "periodic table",
          "provenance__smiles": null,
          "provenance__state_of_matter": "dummy estimator based on mw"
        },
        {
          "identifier": "5d7ed985-e924-409d-8c83-389756c405e2",
          "smiles": "O=S(O)O[Na]",
          "state_of_matter": "SOLID",
          "molecular_weight": 104.06090999999999,
          "density": 1.4,
          "mass": 1.0406091,
          "is_produced_by": [],
          "is_consumed_by": [
            "b0496408-40c0-473a-af3e-4e905c2e78b3"
          ],
          "provenance__density": "dummy estimator based on mw",
          "provenance__is_consumed_by": null,
          "provenance__is_produced_by": null,
          "provenance__mass": null,
          "provenance__molecular_weight": "periodic table",
          "provenance__smiles": null,
          "provenance__state_of_matter": "dummy estimator based on mw"
        }
      ],
      "products": [
        {
          "identifier": "3324033d-fdcb-4620-a32f-75eaada810fa",
          "smiles": "O=c1[nH]c(-c2cccc(O)c2)nc2ccccc12",
          "state_of_matter": "SOLID",
          "molecular_weight": 238.24139999999983,
          "density": 1.4,
          "mass": 2.3824139999999985,
          "is_produced_by": [
            "b0496408-40c0-473a-af3e-4e905c2e78b3"
          ],
          "is_consumed_by": [],
          "provenance__density": "dummy estimator based on mw",
          "provenance__is_consumed_by": null,
          "provenance__is_produced_by": null,
          "provenance__mass": null,
          "provenance__molecular_weight": "periodic table",
          "provenance__smiles": null,
          "provenance__state_of_matter": "dummy estimator based on mw"
        }
      ],
      "stoichiometry": {
        "5f76fe54-2173-49cb-8a9d-dae8f31e9a40": 1.0,
        "1f921157-a517-4807-aa3a-06ce232fa5cd": 1.0,
        "3324033d-fdcb-4620-a32f-75eaada810fa": -1.0
      },
      "temperature": 409.73255438804625,
      "intended_ratios": {
        "5f76fe54-2173-49cb-8a9d-dae8f31e9a40": 1.0,
        "1f921157-a517-4807-aa3a-06ce232fa5cd": 1.0,
        "9f6299ce-bfb3-4182-a1cb-32e1bb656126": 1.0,
        "889bf870-cb28-41f7-95c7-3d021d4caaef": 1.0,
        "7735a7f8-abb2-45e2-a3d1-3eae97880fa3": 1.0,
        "5d7ed985-e924-409d-8c83-389756c405e2": 1.0
      },
      "expected_yields": {
        "3324033d-fdcb-4620-a32f-75eaada810fa": 1.0
      },
      "reaction_extent": 0.01
    },
    {
      "identifier": "fab66296-9503-453b-8576-66f909341182",
      "reactants": [
        {
          "identifier": "5b08710c-e621-4f55-8740-489368fb5362",
          "smiles": "Nc1ccc2[nH]ncc2c1",
          "state_of_matter": "LIQUID",
          "molecular_weight": 133.15057999999996,
          "density": 1.0,
          "mass": 1.3315057999999997,
          "is_produced_by": [],
          "is_consumed_by": [
            "fab66296-9503-453b-8576-66f909341182"
          ],
          "provenance__density": "dummy estimator based on mw",
          "provenance__is_consumed_by": null,
          "provenance__is_produced_by": null,
          "provenance__mass": null,
          "provenance__molecular_weight": "periodic table",
          "provenance__smiles": null,
          "provenance__state_of_matter": "dummy estimator based on mw"
        },
        {
          "identifier": "4023dec3-0424-42d2-bd7b-d9ba288ef6bb",
          "smiles": "Oc1cccc(-c2nc(Cl)c3ccccc3n2)c1",
          "state_of_matter": "SOLID",
          "molecular_weight": 256.68705999999986,
          "density": 1.4,
          "mass": 2.566870599999999,
          "is_produced_by": [],
          "is_consumed_by": [
            "fab66296-9503-453b-8576-66f909341182"
          ],
          "provenance__density": "dummy estimator based on mw",
          "provenance__is_consumed_by": null,
          "provenance__is_produced_by": null,
          "provenance__mass": null,
          "provenance__molecular_weight": "periodic table",
          "provenance__smiles": null,
          "provenance__state_of_matter": "dummy estimator based on mw"
        }
      ],
      "reagents": [
        {
          "identifier": "36c99073-0962-421e-a5c1-0b68c8c851f0",
          "smiles": "CCO",
          "state_of_matter": "LIQUID",
          "molecular_weight": 46.06843999999999,
          "density": 1.0,
          "mass": 0.4606843999999999,
          "is_produced_by": [],
          "is_consumed_by": [
            "fab66296-9503-453b-8576-66f909341182"
          ],
          "provenance__density": "dummy estimator based on mw",
          "provenance__is_consumed_by": null,
          "provenance__is_produced_by": null,
          "provenance__mass": null,
          "provenance__molecular_weight": "periodic table",
          "provenance__smiles": null,
          "provenance__state_of_matter": "dummy estimator based on mw"
        }
      ],
      "products": [
        {
          "identifier": "df270389-2a95-48f1-8f7a-923607029710",
          "smiles": "Oc1cccc(-c2nc(Nc3ccc4[nH]ncc4c3)c3ccccc3n2)c1",
          "state_of_matter": "SOLID",
          "molecular_weight": 353.37670000000014,
          "density": 1.4,
          "mass": 3.5337670000000014,
          "is_produced_by": [
            "fab66296-9503-453b-8576-66f909341182"
          ],
          "is_consumed_by": [],
          "provenance__density": "dummy estimator based on mw",
          "provenance__is_consumed_by": null,
          "provenance__is_produced_by": null,
          "provenance__mass": null,
          "provenance__molecular_weight": "periodic table",
          "provenance__smiles": null,
          "provenance__state_of_matter": "dummy estimator based on mw"
        }
      ],
      "stoichiometry": {
        "5b08710c-e621-4f55-8740-489368fb5362": 1.0,
        "4023dec3-0424-42d2-bd7b-d9ba288ef6bb": 1.0,
        "df270389-2a95-48f1-8f7a-923607029710": -1.0
      },
      "temperature": 340.5299314498901,
      "intended_ratios": {
        "5b08710c-e621-4f55-8740-489368fb5362": 1.0,
        "4023dec3-0424-42d2-bd7b-d9ba288ef6bb": 1.0,
        "36c99073-0962-421e-a5c1-0b68c8c851f0": 1.0
      },
      "expected_yields": {
        "df270389-2a95-48f1-8f7a-923607029710": 1.0
      },
      "reaction_extent": 0.01
    },
    {
      "identifier": "f5cb6a8b-5374-4ab8-bac9-fcbb71b29248",
      "reactants": [
        {
          "identifier": "2e9d7b66-daee-4a51-8c0f-06115ee1292f",
          "smiles": "O=[N+]([O-])c1c[nH]c(Br)n1",
          "state_of_matter": "LIQUID",
          "molecular_weight": 191.97087999999997,
          "density": 1.0,
          "mass": 1.9197087999999998,
          "is_produced_by": [],
          "is_consumed_by": [
            "f5cb6a8b-5374-4ab8-bac9-fcbb71b29248"
          ],
          "provenance__density": "dummy estimator based on mw",
          "provenance__is_consumed_by": null,
          "provenance__is_produced_by": null,
          "provenance__mass": null,
          "provenance__molecular_weight": "periodic table",
          "provenance__smiles": null,
          "provenance__state_of_matter": "dummy estimator based on mw"
        },
        {
          "identifier": "943a687a-5d5a-4c97-9c67-953cb5d756b7",
          "smiles": "c1ccc(COCC2CO2)cc1",
          "state_of_matter": "LIQUID",
          "molecular_weight": 164.20107999999988,
          "density": 1.0,
          "mass": 1.6420107999999989,
          "is_produced_by": [],
          "is_consumed_by": [
            "f5cb6a8b-5374-4ab8-bac9-fcbb71b29248"
          ],
          "provenance__density": "dummy estimator based on mw",
          "provenance__is_consumed_by": null,
          "provenance__is_produced_by": null,
          "provenance__mass": null,
          "provenance__molecular_weight": "periodic table",
          "provenance__smiles": null,
          "provenance__state_of_matter": "dummy estimator based on mw"
        }
      ],
      "reagents": [
        {
          "identifier": "242bdc93-a772-49c7-9e0f-594fc8dc56e7",
          "smiles": "CO",
          "state_of_matter": "LIQUID",
          "molecular_weight": 32.04186000000001,
          "density": 1.0,
          "mass": 0.32041860000000005,
          "is_produced_by": [],
          "is_consumed_by": [
            "f5cb6a8b-5374-4ab8-bac9-fcbb71b29248"
          ],
          "provenance__density": "dummy estimator based on mw",
          "provenance__is_consumed_by": null,
          "provenance__is_produced_by": null,
          "provenance__mass": null,
          "provenance__molecular_weight": "periodic table",
          "provenance__smiles": null,
          "provenance__state_of_matter": "dummy estimator based on mw"
        }
      ],
      "products": [
        {
          "identifier": "393aa635-f40e-4a67-9519-3bdac1aa2fdc",
          "smiles": "O=[N+]([O-])c1cn(CC(O)COCc2ccccc2)c(Br)n1",
          "state_of_matter": "SOLID",
          "molecular_weight": 357.1799000000002,
          "density": 1.4,
          "mass": 3.571799000000002,
          "is_produced_by": [
            "f5cb6a8b-5374-4ab8-bac9-fcbb71b29248"
          ],
          "is_consumed_by": [],
          "provenance__density": "dummy estimator based on mw",
          "provenance__is_consumed_by": null,
          "provenance__is_produced_by": null,
          "provenance__mass": null,
          "provenance__molecular_weight": "periodic table",
          "provenance__smiles": null,
          "provenance__state_of_matter": "dummy estimator based on mw"
        }
      ],
      "stoichiometry": {
        "2e9d7b66-daee-4a51-8c0f-06115ee1292f": 1.0,
        "943a687a-5d5a-4c97-9c67-953cb5d756b7": 1.0,
        "393aa635-f40e-4a67-9519-3bdac1aa2fdc": -1.0
      },
      "temperature": 323.39270448088644,
      "intended_ratios": {
        "2e9d7b66-daee-4a51-8c0f-06115ee1292f": 1.0,
        "943a687a-5d5a-4c97-9c67-953cb5d756b7": 1.0,
        "242bdc93-a772-49c7-9e0f-594fc8dc56e7": 1.0
      },
      "expected_yields": {
        "393aa635-f40e-4a67-9519-3bdac1aa2fdc": 1.0
      },
      "reaction_extent": 0.01
    },
    {
      "identifier": "3e19b8f0-f1b5-4446-9041-62d57280da7b",
      "reactants": [
        {
          "identifier": "35b4f1be-a2f9-493a-8beb-8c5aa814b451",
          "smiles": "O=[N+]([O-])c1cn(CC(CO)OCc2ccc(OC(F)(F)F)cc2)c(Br)n1",
          "state_of_matter": "SOLID",
          "molecular_weight": 441.17726960000016,
          "density": 1.4,
          "mass": 4.411772696000002,
          "is_produced_by": [],
          "is_consumed_by": [
            "3e19b8f0-f1b5-4446-9041-62d57280da7b"
          ],
          "provenance__density": "dummy estimator based on mw",
          "provenance__is_consumed_by": null,
          "provenance__is_produced_by": null,
          "provenance__mass": null,
          "provenance__molecular_weight": "periodic table",
          "provenance__smiles": null,
          "provenance__state_of_matter": "dummy estimator based on mw"
        }
      ],
      "reagents": [
        {
          "identifier": "fc528f51-ce8f-4c25-9df4-5f90609d9f69",
          "smiles": "CN(C)C=O",
          "state_of_matter": "LIQUID",
          "molecular_weight": 73.09378000000004,
          "density": 1.0,
          "mass": 0.7309378000000004,
          "is_produced_by": [],
          "is_consumed_by": [
            "3e19b8f0-f1b5-4446-9041-62d57280da7b"
          ],
          "provenance__density": "dummy estimator based on mw",
          "provenance__is_consumed_by": null,
          "provenance__is_produced_by": null,
          "provenance__mass": null,
          "provenance__molecular_weight": "periodic table",
          "provenance__smiles": null,
          "provenance__state_of_matter": "dummy estimator based on mw"
        },
        {
          "identifier": "5ea0a672-3f50-43be-9d99-1085f877d3b3",
          "smiles": "[NaH]",
          "state_of_matter": "SOLID",
          "molecular_weight": 23.99771,
          "density": 1.4,
          "mass": 0.23997710000000003,
          "is_produced_by": [],
          "is_consumed_by": [
            "3e19b8f0-f1b5-4446-9041-62d57280da7b"
          ],
          "provenance__density": "dummy estimator based on mw",
          "provenance__is_consumed_by": null,
          "provenance__is_produced_by": null,
          "provenance__mass": null,
          "provenance__molecular_weight": "periodic table",
          "provenance__smiles": null,
          "provenance__state_of_matter": "dummy estimator based on mw"
        }
      ],
      "products": [
        {
          "identifier": "b83aa8d3-5bf5-45cf-93b5-2243680b0630",
          "smiles": "O=[N+]([O-])c1cn2c(n1)OCC(OCc1ccc(OC(F)(F)F)cc1)C2",
          "state_of_matter": "SOLID",
          "molecular_weight": 360.26532960000014,
          "density": 1.4,
          "mass": 3.6026532960000015,
          "is_produced_by": [
            "3e19b8f0-f1b5-4446-9041-62d57280da7b"
          ],
          "is_consumed_by": [],
          "provenance__density": "dummy estimator based on mw",
          "provenance__is_consumed_by": null,
          "provenance__is_produced_by": null,
          "provenance__mass": null,
          "provenance__molecular_weight": "periodic table",
          "provenance__smiles": null,
          "provenance__state_of_matter": "dummy estimator based on mw"
        }
      ],
      "stoichiometry": {
        "35b4f1be-a2f9-493a-8beb-8c5aa814b451": 1.0,
        "b83aa8d3-5bf5-45cf-93b5-2243680b0630": -1.0
      },
      "temperature": 315.6288124144077,
      "intended_ratios": {
        "35b4f1be-a2f9-493a-8beb-8c5aa814b451": 1.0,
        "fc528f51-ce8f-4c25-9df4-5f90609d9f69": 1.0,
        "5ea0a672-3f50-43be-9d99-1085f877d3b3": 1.0
      },
      "expected_yields": {
        "b83aa8d3-5bf5-45cf-93b5-2243680b0630": 1.0
      },
      "reaction_extent": 0.01
    },
    {
      "identifier": "47a0d527-3af0-4d93-a185-554b6fc34da5",
      "reactants": [
        {
          "identifier": "c343ab3e-f801-4553-a6eb-2eb21923d158",
          "smiles": "O=[N+]([O-])c1cn(CC(COCc2ccccc2)OCc2ccc(OC(F)(F)F)cc2)c(Br)n1",
          "state_of_matter": "SOLID",
          "molecular_weight": 531.2998095999991,
          "density": 1.4,
          "mass": 5.312998095999991,
          "is_produced_by": [],
          "is_consumed_by": [
            "47a0d527-3af0-4d93-a185-554b6fc34da5"
          ],
          "provenance__density": "dummy estimator based on mw",
          "provenance__is_consumed_by": null,
          "provenance__is_produced_by": null,
          "provenance__mass": null,
          "provenance__molecular_weight": "periodic table",
          "provenance__smiles": null,
          "provenance__state_of_matter": "dummy estimator based on mw"
        }
      ],
      "reagents": [
        {
          "identifier": "18206cec-d5b2-4018-88f9-102212715243",
          "smiles": "CCO",
          "state_of_matter": "LIQUID",
          "molecular_weight": 46.06843999999999,
          "density": 1.0,
          "mass": 0.4606843999999999,
          "is_produced_by": [],
          "is_consumed_by": [
            "47a0d527-3af0-4d93-a185-554b6fc34da5"
          ],
          "provenance__density": "dummy estimator based on mw",
          "provenance__is_consumed_by": null,
          "provenance__is_produced_by": null,
          "provenance__mass": null,
          "provenance__molecular_weight": "periodic table",
          "provenance__smiles": null,
          "provenance__state_of_matter": "dummy estimator based on mw"
        }
      ],
      "products": [
        {
          "identifier": "d27bc6f5-f054-433c-9307-5839423f4bc5",
          "smiles": "O=[N+]([O-])c1cn(CC(CO)OCc2ccc(OC(F)(F)F)cc2)c(Br)n1",
          "state_of_matter": "SOLID",
          "molecular_weight": 441.17726960000016,
          "density": 1.4,
          "mass": 4.411772696000002,
          "is_produced_by": [
            "47a0d527-3af0-4d93-a185-554b6fc34da5"
          ],
          "is_consumed_by": [],
          "provenance__density": "dummy estimator based on mw",
          "provenance__is_consumed_by": null,
          "provenance__is_produced_by": null,
          "provenance__mass": null,
          "provenance__molecular_weight": "periodic table",
          "provenance__smiles": null,
          "provenance__state_of_matter": "dummy estimator based on mw"
        }
      ],
      "stoichiometry": {
        "c343ab3e-f801-4553-a6eb-2eb21923d158": 1.0,
        "d27bc6f5-f054-433c-9307-5839423f4bc5": -1.0
      },
      "temperature": 321.5209745943546,
      "intended_ratios": {
        "c343ab3e-f801-4553-a6eb-2eb21923d158": 1.0,
        "18206cec-d5b2-4018-88f9-102212715243": 1.0
      },
      "expected_yields": {
        "d27bc6f5-f054-433c-9307-5839423f4bc5": 1.0
      },
      "reaction_extent": 0.01
    },
    {
      "identifier": "e3e2e764-9e0e-43c2-be59-d7ce3a20dd19",
      "reactants": [
        {
          "identifier": "e8429d92-9f19-4119-910f-e787d7eb376d",
          "smiles": "O=c1[nH]c(-c2cccc(O)c2)nc2ccccc12",
          "state_of_matter": "SOLID",
          "molecular_weight": 238.24139999999983,
          "density": 1.4,
          "mass": 2.3824139999999985,
          "is_produced_by": [],
          "is_consumed_by": [
            "e3e2e764-9e0e-43c2-be59-d7ce3a20dd19"
          ],
          "provenance__density": "dummy estimator based on mw",
          "provenance__is_consumed_by": null,
          "provenance__is_produced_by": null,
          "provenance__mass": null,
          "provenance__molecular_weight": "periodic table",
          "provenance__smiles": null,
          "provenance__state_of_matter": "dummy estimator based on mw"
        }
      ],
      "reagents": [
        {
          "identifier": "f5992727-444a-4833-ac16-ba87ddaa04f0",
          "smiles": "CN(C)C=O",
          "state_of_matter": "LIQUID",
          "molecular_weight": 73.09378000000004,
          "density": 1.0,
          "mass": 0.7309378000000004,
          "is_produced_by": [],
          "is_consumed_by": [
            "e3e2e764-9e0e-43c2-be59-d7ce3a20dd19"
          ],
          "provenance__density": "dummy estimator based on mw",
          "provenance__is_consumed_by": null,
          "provenance__is_produced_by": null,
          "provenance__mass": null,
          "provenance__molecular_weight": "periodic table",
          "provenance__smiles": null,
          "provenance__state_of_matter": "dummy estimator based on mw"
        },
        {
          "identifier": "f7140235-3bb7-4356-97f5-595a128fdac5",
          "smiles": "O=S(Cl)Cl",
          "state_of_matter": "LIQUID",
          "molecular_weight": 118.97040000000001,
          "density": 1.0,
          "mass": 1.189704,
          "is_produced_by": [],
          "is_consumed_by": [
            "e3e2e764-9e0e-43c2-be59-d7ce3a20dd19"
          ],
          "provenance__density": "dummy estimator based on mw",
          "provenance__is_consumed_by": null,
          "provenance__is_produced_by": null,
          "provenance__mass": null,
          "provenance__molecular_weight": "periodic table",
          "provenance__smiles": null,
          "provenance__state_of_matter": "dummy estimator based on mw"
        }
      ],
      "products": [
        {
          "identifier": "43963da3-79c4-4226-95e1-76ff268f3f36",
          "smiles": "Oc1cccc(-c2nc(Cl)c3ccccc3n2)c1",
          "state_of_matter": "SOLID",
          "molecular_weight": 256.68705999999986,
          "density": 1.4,
          "mass": 2.566870599999999,
          "is_produced_by": [
            "e3e2e764-9e0e-43c2-be59-d7ce3a20dd19"
          ],
          "is_consumed_by": [],
          "provenance__density": "dummy estimator based on mw",
          "provenance__is_consumed_by": null,
          "provenance__is_produced_by": null,
          "provenance__mass": null,
          "provenance__molecular_weight": "periodic table",
          "provenance__smiles": null,
          "provenance__state_of_matter": "dummy estimator based on mw"
        }
      ],
      "stoichiometry": {
        "e8429d92-9f19-4119-910f-e787d7eb376d": 1.0,
        "43963da3-79c4-4226-95e1-76ff268f3f36": -1.0
      },
      "temperature": 305.41619151234624,
      "intended_ratios": {
        "e8429d92-9f19-4119-910f-e787d7eb376d": 1.0,
        "f5992727-444a-4833-ac16-ba87ddaa04f0": 1.0,
        "f7140235-3bb7-4356-97f5-595a128fdac5": 1.0
      },
      "expected_yields": {
        "43963da3-79c4-4226-95e1-76ff268f3f36": 1.0
      },
      "reaction_extent": 0.01
    }
  ],
  "molecular_nodes": [
    "C1=C[C-](P(c2ccccc2)c2ccccc2)C=C1.C1=C[C-](P(c2ccccc2)c2ccccc2)C=C1.[Fe+2]",
    "C1COCCO1",
    "CC(=O)C1CCC2C3CCC4CC(=O)CCC4(C)C3CCC12C",
    "CC(=O)C1CCC2C3CCC4CC(O)CCC4(C)C3CCC12C",
    "CC(=O)N(C)C",
    "CC(C)(C)O[Na]",
    "CC(C)N",
    "CC(C)NC(=O)COc1cccc(-c2nc(Nc3ccc4[nH]ncc4c3)c3ccccc3n2)c1",
    "CC(C)n1nccc1-c1ncccc1CCl",
    "CC(C)n1nccc1-c1ncccc1CO",
    "CC(C)n1nccc1-c1ncccc1COc1cccc(O)c1C=O",
    "CC(C)n1nccc1B1OC(C)(C)C(C)(C)O1",
    "CCN(C(C)C)C(C)C",
    "CCN(CC)CC",
    "CCO",
    "CN(C)C=O",
    "CO",
    "COC(=O)CBr",
    "COC(=O)COc1cccc(-c2nc(Nc3ccc4[nH]ncc4c3)c3ccccc3n2)c1",
    "COc1cc(N)cc(OC)c1",
    "COc1cc(Nc2ccc3ncc(-c4cnn(C)c4)nc3c2)cc(OC)c1",
    "COc1cc(OC)cc(N(CCCl)c2ccc3ncc(-c4cnn(C)c4)nc3c2)c1",
    "COc1cc(OC)cc(N(CCNC(C)C)c2ccc3ncc(-c4cnn(C)c4)nc3c2)c1",
    "CS(=O)(=O)Cl",
    "Cc1ccc(S(=O)(=O)O)cc1",
    "Cl",
    "ClCCBr",
    "ClCCl",
    "Cl[Pd]Cl",
    "Clc1cnc2ccc(Br)cc2n1",
    "Cn1cc(-c2cnc3ccc(Br)cc3n2)cn1",
    "Cn1cc(B2OC(C)(C)C(C)(C)O2)cn1",
    "FC(F)(F)Oc1ccc(CBr)cc1",
    "F[P-](F)(F)(F)(F)F.c1ccc2c(c1)nnn2O[P+](N1CCCC1)(N1CCCC1)N1CCCC1",
    "NC(=O)c1ccccc1N",
    "Nc1ccc2[nH]ncc2c1",
    "O",
    "O=C(O)COc1cccc(-c2nc(Nc3ccc4[nH]ncc4c3)c3ccccc3n2)c1",
    "O=C(O)O[Na]",
    "O=C(O[Cs])O[Cs]",
    "O=C(O[K])O[K]",
    "O=Cc1c(O)cccc1O",
    "O=Cc1cccc(O)c1",
    "O=S(Cl)Cl",
    "O=S(O)O[Na]",
    "O=[N+]([O-])c1c[nH]c(Br)n1",
    "O=[N+]([O-])c1cn(CC(CO)OCc2ccc(OC(F)(F)F)cc2)c(Br)n1",
    "O=[N+]([O-])c1cn(CC(COCc2ccccc2)OCc2ccc(OC(F)(F)F)cc2)c(Br)n1",
    "O=[N+]([O-])c1cn(CC(O)COCc2ccccc2)c(Br)n1",
    "O=[N+]([O-])c1cn2c(n1)OCC(OCc1ccc(OC(F)(F)F)cc1)C2",
    "O=c1[nH]c(-c2cccc(O)c2)nc2ccccc12",
    "OCc1cccnc1Cl",
    "Oc1cccc(-c2nc(Cl)c3ccccc3n2)c1",
    "Oc1cccc(-c2nc(Nc3ccc4[nH]ncc4c3)c3ccccc3n2)c1",
    "[NaH]",
    "[Na]",
    "[Pd]",
    "c1ccc(COCC2CO2)cc1"
  ],
  "edges": [
    [
      "1505cede-4026-4352-86b2-d6b22747c5b7",
      "COc1cc(OC)cc(N(CCNC(C)C)c2ccc3ncc(-c4cnn(C)c4)nc3c2)c1"
    ],
    [
      "27bd1321-1449-49e4-8f12-6a21cbede003",
      "Cn1cc(-c2cnc3ccc(Br)cc3n2)cn1"
    ],
    [
      "30d3d73d-ae8b-4192-a970-fcc33ca327f6",
      "COc1cc(OC)cc(N(CCCl)c2ccc3ncc(-c4cnn(C)c4)nc3c2)c1"
    ],
    [
      "3e19b8f0-f1b5-4446-9041-62d57280da7b",
      "O=[N+]([O-])c1cn2c(n1)OCC(OCc1ccc(OC(F)(F)F)cc1)C2"
    ],
    [
      "44853b9b-6aba-441a-9656-87d4d710ce38",
      "CC(C)n1nccc1-c1ncccc1COc1cccc(O)c1C=O"
    ],
    [
      "47a0d527-3af0-4d93-a185-554b6fc34da5",
      "O=[N+]([O-])c1cn(CC(CO)OCc2ccc(OC(F)(F)F)cc2)c(Br)n1"
    ],
    [
      "5b188758-88dd-4540-8734-c86a34336e91",
      "COC(=O)COc1cccc(-c2nc(Nc3ccc4[nH]ncc4c3)c3ccccc3n2)c1"
    ],
    [
      "7bc1f9e9-3480-4892-970d-0b3b819b10fb",
      "O=C(O)COc1cccc(-c2nc(Nc3ccc4[nH]ncc4c3)c3ccccc3n2)c1"
    ],
    [
      "83cb667e-8a51-4951-89c0-f8f0ce98e4e2",
      "CC(C)NC(=O)COc1cccc(-c2nc(Nc3ccc4[nH]ncc4c3)c3ccccc3n2)c1"
    ],
    [
      "9aacf245-219d-44a5-8e71-45d3c53a5f86",
      "O=[N+]([O-])c1cn(CC(COCc2ccccc2)OCc2ccc(OC(F)(F)F)cc2)c(Br)n1"
    ],
    [
      "C1=C[C-](P(c2ccccc2)c2ccccc2)C=C1.C1=C[C-](P(c2ccccc2)c2ccccc2)C=C1.[Fe+2]",
      "27bd1321-1449-49e4-8f12-6a21cbede003"
    ],
    [
      "C1COCCO1",
      "1505cede-4026-4352-86b2-d6b22747c5b7"
    ],
    [
      "C1COCCO1",
      "a7fd3c61-603f-4f34-a4a2-10d3a416a47d"
    ],
    [
      "C1COCCO1",
      "c7c107ba-0d82-4c90-9f91-8b277ad06dd2"
    ],
    [
      "CC(=O)C1CCC2C3CCC4CC(=O)CCC4(C)C3CCC12C",
      "d52d4e61-5e13-43e3-92cd-2733dc6e76d1"
    ],
    [
      "CC(=O)N(C)C",
      "b0496408-40c0-473a-af3e-4e905c2e78b3"
    ],
    [
      "CC(C)(C)O[Na]",
      "c7c107ba-0d82-4c90-9f91-8b277ad06dd2"
    ],
    [
      "CC(C)N",
      "1505cede-4026-4352-86b2-d6b22747c5b7"
    ],
    [
      "CC(C)N",
      "83cb667e-8a51-4951-89c0-f8f0ce98e4e2"
    ],
    [
      "CC(C)n1nccc1-c1ncccc1CCl",
      "44853b9b-6aba-441a-9656-87d4d710ce38"
    ],
    [
      "CC(C)n1nccc1-c1ncccc1CO",
      "b248ea5a-38df-4149-9ffb-7a9ebf93dd8e"
    ],
    [
      "CC(C)n1nccc1B1OC(C)(C)C(C)(C)O1",
      "a7fd3c61-603f-4f34-a4a2-10d3a416a47d"
    ],
    [
      "CCN(C(C)C)C(C)C",
      "7bc1f9e9-3480-4892-970d-0b3b819b10fb"
    ],
    [
      "CCN(C(C)C)C(C)C",
      "83cb667e-8a51-4951-89c0-f8f0ce98e4e2"
    ],
    [
      "CCN(CC)CC",
      "b248ea5a-38df-4149-9ffb-7a9ebf93dd8e"
    ],
    [
      "CCO",
      "47a0d527-3af0-4d93-a185-554b6fc34da5"
    ],
    [
      "CCO",
      "d52d4e61-5e13-43e3-92cd-2733dc6e76d1"
    ],
    [
      "CCO",
      "fab66296-9503-453b-8576-66f909341182"
    ],
    [
      "CN(C)C=O",
      "27bd1321-1449-49e4-8f12-6a21cbede003"
    ],
    [
      "CN(C)C=O",
      "30d3d73d-ae8b-4192-a970-fcc33ca327f6"
    ],
    [
      "CN(C)C=O",
      "3e19b8f0-f1b5-4446-9041-62d57280da7b"
    ],
    [
      "CN(C)C=O",
      "44853b9b-6aba-441a-9656-87d4d710ce38"
    ],
    [
      "CN(C)C=O",
      "5b188758-88dd-4540-8734-c86a34336e91"
    ],
    [
      "CN(C)C=O",
      "7bc1f9e9-3480-4892-970d-0b3b819b10fb"
    ],
    [
      "CN(C)C=O",
      "83cb667e-8a51-4951-89c0-f8f0ce98e4e2"
    ],
    [
      "CN(C)C=O",
      "9aacf245-219d-44a5-8e71-45d3c53a5f86"
    ],
    [
      "CN(C)C=O",
      "e3e2e764-9e0e-43c2-be59-d7ce3a20dd19"
    ],
    [
      "CO",
      "f5cb6a8b-5374-4ab8-bac9-fcbb71b29248"
    ],
    [
      "COC(=O)CBr",
      "5b188758-88dd-4540-8734-c86a34336e91"
    ],
    [
      "COC(=O)COc1cccc(-c2nc(Nc3ccc4[nH]ncc4c3)c3ccccc3n2)c1",
      "7bc1f9e9-3480-4892-970d-0b3b819b10fb"
    ],
    [
      "COc1cc(N)cc(OC)c1",
      "c7c107ba-0d82-4c90-9f91-8b277ad06dd2"
    ],
    [
      "COc1cc(Nc2ccc3ncc(-c4cnn(C)c4)nc3c2)cc(OC)c1",
      "30d3d73d-ae8b-4192-a970-fcc33ca327f6"
    ],
    [
      "COc1cc(OC)cc(N(CCCl)c2ccc3ncc(-c4cnn(C)c4)nc3c2)c1",
      "1505cede-4026-4352-86b2-d6b22747c5b7"
    ],
    [
      "CS(=O)(=O)Cl",
      "b248ea5a-38df-4149-9ffb-7a9ebf93dd8e"
    ],
    [
      "Cc1ccc(S(=O)(=O)O)cc1",
      "b0496408-40c0-473a-af3e-4e905c2e78b3"
    ],
    [
      "Cl",
      "44853b9b-6aba-441a-9656-87d4d710ce38"
    ],
    [
      "ClCCBr",
      "30d3d73d-ae8b-4192-a970-fcc33ca327f6"
    ],
    [
      "ClCCl",
      "5b188758-88dd-4540-8734-c86a34336e91"
    ],
    [
      "ClCCl",
      "7bc1f9e9-3480-4892-970d-0b3b819b10fb"
    ],
    [
      "ClCCl",
      "83cb667e-8a51-4951-89c0-f8f0ce98e4e2"
    ],
    [
      "ClCCl",
      "b248ea5a-38df-4149-9ffb-7a9ebf93dd8e"
    ],
    [
      "Cl[Pd]Cl",
      "27bd1321-1449-49e4-8f12-6a21cbede003"
    ],
    [
      "Clc1cnc2ccc(Br)cc2n1",
      "27bd1321-1449-49e4-8f12-6a21cbede003"
    ],
    [
      "Cn1cc(-c2cnc3ccc(Br)cc3n2)cn1",
      "c7c107ba-0d82-4c90-9f91-8b277ad06dd2"
    ],
    [
      "Cn1cc(B2OC(C)(C)C(C)(C)O2)cn1",
      "27bd1321-1449-49e4-8f12-6a21cbede003"
    ],
    [
      "FC(F)(F)Oc1ccc(CBr)cc1",
      "9aacf245-219d-44a5-8e71-45d3c53a5f86"
    ],
    [
      "F[P-](F)(F)(F)(F)F.c1ccc2c(c1)nnn2O[P+](N1CCCC1)(N1CCCC1)N1CCCC1",
      "7bc1f9e9-3480-4892-970d-0b3b819b10fb"
    ],
    [
      "F[P-](F)(F)(F)(F)F.c1ccc2c(c1)nnn2O[P+](N1CCCC1)(N1CCCC1)N1CCCC1",
      "83cb667e-8a51-4951-89c0-f8f0ce98e4e2"
    ],
    [
      "NC(=O)c1ccccc1N",
      "b0496408-40c0-473a-af3e-4e905c2e78b3"
    ],
    [
      "Nc1ccc2[nH]ncc2c1",
      "fab66296-9503-453b-8576-66f909341182"
    ],
    [
      "O",
      "30d3d73d-ae8b-4192-a970-fcc33ca327f6"
    ],
    [
      "O",
      "a7fd3c61-603f-4f34-a4a2-10d3a416a47d"
    ],
    [
      "O",
      "b0496408-40c0-473a-af3e-4e905c2e78b3"
    ],
    [
      "O=C(O)COc1cccc(-c2nc(Nc3ccc4[nH]ncc4c3)c3ccccc3n2)c1",
      "83cb667e-8a51-4951-89c0-f8f0ce98e4e2"
    ],
    [
      "O=C(O)O[Na]",
      "a7fd3c61-603f-4f34-a4a2-10d3a416a47d"
    ],
    [
      "O=C(O[Cs])O[Cs]",
      "27bd1321-1449-49e4-8f12-6a21cbede003"
    ],
    [
      "O=C(O[K])O[K]",
      "44853b9b-6aba-441a-9656-87d4d710ce38"
    ],
    [
      "O=C(O[K])O[K]",
      "5b188758-88dd-4540-8734-c86a34336e91"
    ],
    [
      "O=Cc1c(O)cccc1O",
      "44853b9b-6aba-441a-9656-87d4d710ce38"
    ],
    [
      "O=Cc1cccc(O)c1",
      "b0496408-40c0-473a-af3e-4e905c2e78b3"
    ],
    [
      "O=S(Cl)Cl",
      "e3e2e764-9e0e-43c2-be59-d7ce3a20dd19"
    ],
    [
      "O=S(O)O[Na]",
      "b0496408-40c0-473a-af3e-4e905c2e78b3"
    ],
    [
      "O=[N+]([O-])c1c[nH]c(Br)n1",
      "f5cb6a8b-5374-4ab8-bac9-fcbb71b29248"
    ],
    [
      "O=[N+]([O-])c1cn(CC(CO)OCc2ccc(OC(F)(F)F)cc2)c(Br)n1",
      "3e19b8f0-f1b5-4446-9041-62d57280da7b"
    ],
    [
      "O=[N+]([O-])c1cn(CC(COCc2ccccc2)OCc2ccc(OC(F)(F)F)cc2)c(Br)n1",
      "47a0d527-3af0-4d93-a185-554b6fc34da5"
    ],
    [
      "O=[N+]([O-])c1cn(CC(O)COCc2ccccc2)c(Br)n1",
      "9aacf245-219d-44a5-8e71-45d3c53a5f86"
    ],
    [
      "O=c1[nH]c(-c2cccc(O)c2)nc2ccccc12",
      "e3e2e764-9e0e-43c2-be59-d7ce3a20dd19"
    ],
    [
      "OCc1cccnc1Cl",
      "a7fd3c61-603f-4f34-a4a2-10d3a416a47d"
    ],
    [
      "Oc1cccc(-c2nc(Cl)c3ccccc3n2)c1",
      "fab66296-9503-453b-8576-66f909341182"
    ],
    [
      "Oc1cccc(-c2nc(Nc3ccc4[nH]ncc4c3)c3ccccc3n2)c1",
      "5b188758-88dd-4540-8734-c86a34336e91"
    ],
    [
      "[NaH]",
      "30d3d73d-ae8b-4192-a970-fcc33ca327f6"
    ],
    [
      "[NaH]",
      "3e19b8f0-f1b5-4446-9041-62d57280da7b"
    ],
    [
      "[NaH]",
      "9aacf245-219d-44a5-8e71-45d3c53a5f86"
    ],
    [
      "[Na]",
      "d52d4e61-5e13-43e3-92cd-2733dc6e76d1"
    ],
    [
      "[Pd]",
      "c7c107ba-0d82-4c90-9f91-8b277ad06dd2"
    ],
    [
      "a7fd3c61-603f-4f34-a4a2-10d3a416a47d",
      "CC(C)n1nccc1-c1ncccc1CO"
    ],
    [
      "b0496408-40c0-473a-af3e-4e905c2e78b3",
      "O=c1[nH]c(-c2cccc(O)c2)nc2ccccc12"
    ],
    [
      "b248ea5a-38df-4149-9ffb-7a9ebf93dd8e",
      "CC(C)n1nccc1-c1ncccc1CCl"
    ],
    [
      "c1ccc(COCC2CO2)cc1",
      "f5cb6a8b-5374-4ab8-bac9-fcbb71b29248"
    ],
    [
      "c7c107ba-0d82-4c90-9f91-8b277ad06dd2",
      "COc1cc(Nc2ccc3ncc(-c4cnn(C)c4)nc3c2)cc(OC)c1"
    ],
    [
      "d52d4e61-5e13-43e3-92cd-2733dc6e76d1",
      "CC(=O)C1CCC2C3CCC4CC(O)CCC4(C)C3CCC12C"
    ],
    [
      "e3e2e764-9e0e-43c2-be59-d7ce3a20dd19",
      "Oc1cccc(-c2nc(Cl)c3ccccc3n2)c1"
    ],
    [
      "f5cb6a8b-5374-4ab8-bac9-fcbb71b29248",
      "O=[N+]([O-])c1cn(CC(O)COCc2ccccc2)c(Br)n1"
    ],
    [
      "fab66296-9503-453b-8576-66f909341182",
      "Oc1cccc(-c2nc(Nc3ccc4[nH]ncc4c3)c3ccccc3n2)c1"
    ]
  ]
}