{
  "identifier": "e9d85d9f-9513-4719-8a47-d64c9248a6fb",
  "chemical_reactions": [
    {
      "identifier": "9138c7ec-59fb-4a23-969f-42673d0bd58e",
      "reactants": [
        {
          "identifier": "c6d2128f-6685-4c9c-89db-f7b7b373cc2b",
          "smiles": "CC(=O)C1CCC2C3CCC4CC(=O)CCC4(C)C3CCC12C",
          "state_of_matter": "SOLID",
          "molecular_weight": 316.4775800000005,
          "density": 1.4,
          "mass": 316.4775800000005,
          "is_produced_by": [],
          "is_consumed_by": [
            "9138c7ec-59fb-4a23-969f-42673d0bd58e"
          ],
          "provenance__density": "dummy estimator based on mw",
          "provenance__is_consumed_by": null,
          "provenance__is_produced_by": null,
          "provenance__mass": null,
          "provenance__molecular_weight": "periodic table",
          "provenance__smiles": null,
          "provenance__state_of_matter": "dummy estimator based on mw"
        }
      ],
      "reagents": [
        {
          "identifier": "49db9d4c-9ffd-4cfe-84d6-352ec5d82f34",
          "smiles": "CCO",
          "state_of_matter": "LIQUID",
          "molecular_weight": 46.06843999999999,
          "density": 1.0,
          "mass": 46.06843999999999,
          "is_produced_by": [],
          "is_consumed_by": [
            "9138c7ec-59fb-4a23-969f-42673d0bd58e"
          ],
          "provenance__density": "dummy estimator based on mw",
          "provenance__is_consumed_by": null,
          "provenance__is_produced_by": null,
          "provenance__mass": null,
          "provenance__molecular_weight": "periodic table",
          "provenance__smiles": null,
          "provenance__state_of_matter": "dummy estimator based on mw"
        },
        {
          "identifier": "50d90056-7999-43eb-a847-96e412d9a73f",
          "smiles": "[Na]",
          "state_of_matter": "SOLID",
          "molecular_weight": 22.98977,
          "density": 1.4,
          "mass": 22.98977,
          "is_produced_by": [],
          "is_consumed_by": [
            "9138c7ec-59fb-4a23-969f-42673d0bd58e"
          ],
          "provenance__density": "dummy estimator based on mw",
          "provenance__is_consumed_by": null,
          "provenance__is_produced_by": null,
          "provenance__mass": null,
          "provenance__molecular_weight": "periodic table",
          "provenance__smiles": null,
          "provenance__state_of_matter": "dummy estimator based on mw"
        }
      ],
      "products": [
        {
          "identifier": "a2bb698e-edd6-45aa-a8a1-68e5a39f653e",
          "smiles": "CC(=O)C1CCC2C3CCC4CC(O)CCC4(C)C3CCC12C",
          "state_of_matter": "SOLID",
          "molecular_weight": 318.49346000000054,
          "density": 1.4,
          "mass": 318.49346000000054,
          "is_produced_by": [
            "9138c7ec-59fb-4a23-969f-42673d0bd58e"
          ],
          "is_consumed_by": [],
          "provenance__density": "dummy estimator based on mw",
          "provenance__is_consumed_by": null,
          "provenance__is_produced_by": null,
          "provenance__mass": null,
          "provenance__molecular_weight": "periodic table",
          "provenance__smiles": null,
          "provenance__state_of_matter": "dummy estimator based on mw"
        }
      ],
      "stoichiometry": {
        "c6d2128f-6685-4c9c-89db-f7b7b373cc2b": 1.0,
        "a2bb698e-edd6-45aa-a8a1-68e5a39f653e": -1.0
      },
      "temperature": 288.2519380688667,
      "intended_ratios": {
        "c6d2128f-6685-4c9c-89db-f7b7b373cc2b": 1.0,
        "49db9d4c-9ffd-4cfe-84d6-352ec5d82f34": 1.0,
        "50d90056-7999-43eb-a847-96e412d9a73f": 1.0
      },
      "expected_yields": {
        "a2bb698e-edd6-45aa-a8a1-68e5a39f653e": 1.0
      },
      "reaction_extent": 1.0
    },
    {
      "identifier": "884daa73-3645-48e6-b72e-fd52dd1e0a50",
      "reactants": [
        {
          "identifier": "2b1e1a92-f4d3-4a11-9ef3-a7a282e8a83c",
          "smiles": "CC(C)N",
          "state_of_matter": "LIQUID",
          "molecular_weight": 59.11025999999998,
          "density": 1.0,
          "mass": 59.11025999999998,
          "is_produced_by": [],
          "is_consumed_by": [
            "884daa73-3645-48e6-b72e-fd52dd1e0a50"
          ],
          "provenance__density": "dummy estimator based on mw",
          "provenance__is_consumed_by": null,
          "provenance__is_produced_by": null,
          "provenance__mass": null,
          "provenance__molecular_weight": "periodic table",
          "provenance__smiles": null,
          "provenance__state_of_matter": "dummy estimator based on mw"
        },
        {
          "identifier": "de479521-73d3-4bae-ae34-400f59ff3f70",
          "smiles": "COc1cc(OC)cc(N(CCCl)c2ccc3ncc(-c4cnn(C)c4)nc3c2)c1",
          "state_of_matter": "SOLID",
          "molecular_weight": 424.90332000000035,
          "density": 1.4,
          "mass": 424.90332000000035,
          "is_produced_by": [],
          "is_consumed_by": [
            "884daa73-3645-48e6-b72e-fd52dd1e0a50"
          ],
          "provenance__density": "dummy estimator based on mw",
          "provenance__is_consumed_by": null,
          "provenance__is_produced_by": null,
          "provenance__mass": null,
          "provenance__molecular_weight": "periodic table",
          "provenance__smiles": null,
          "provenance__state_of_matter": "dummy estimator based on mw"
        }
      ],
      "reagents": [
        {
          "identifier": "e7667d8b-952d-4690-94fa-86fb72227b83",
          "smiles": "C1COCCO1",
          "state_of_matter": "LIQUID",
          "molecular_weight": 88.10512000000004,
          "density": 1.0,
          "mass": 88.10512000000004,
          "is_produced_by": [],
          "is_consumed_by": [
            "884daa73-3645-48e6-b72e-fd52dd1e0a50"
          ],
          "provenance__density": "dummy estimator based on mw",
          "provenance__is_consumed_by": null,
          "provenance__is_produced_by": null,
          "provenance__mass": null,
          "provenance__molecular_weight": "periodic table",
          "provenance__smiles": null,
          "provenance__state_of_matter": "dummy estimator based on mw"
        }
      ],
      "products": [
        {
          "identifier": "d199d57b-8060-4f69-af55-d058b7635d6c",
          "smiles": "COc1cc(OC)cc(N(CCNC(C)C)c2ccc3ncc(-c4cnn(C)c4)nc3c2)c1",
          "state_of_matter": "SOLID",
          "molecular_weight": 447.55264000000045,
          "density": 1.4,
          "mass": 447.55264000000045,
          "is_produced_by": [
            "884daa73-3645-48e6-b72e-fd52dd1e0a50"
          ],
          "is_consumed_by": [],
          "provenance__density": "dummy estimator based on mw",
          "provenance__is_consumed_by": null,
          "provenance__is_produced_by": null,
          "provenance__mass": null,
          "provenance__molecular_weight": "periodic table",
          "provenance__smiles": null,
          "provenance__state_of_matter": "dummy estimator based on mw"
        }
      ],
      "stoichiometry": {
        "2b1e1a92-f4d3-4a11-9ef3-a7a282e8a83c": 1.0,
        "de479521-73d3-4bae-ae34-400f59ff3f70": 1.0,
        "d199d57b-8060-4f69-af55-d058b7635d6c": -1.0
      },
      "temperature": 341.7540028095245,
      "intended_ratios": {
        "2b1e1a92-f4d3-4a11-9ef3-a7a282e8a83c": 1.0,
        "de479521-73d3-4bae-ae34-400f59ff3f70": 1.0,
        "e7667d8b-952d-4690-94fa-86fb72227b83": 1.0
      },
      "expected_yields": {
        "d199d57b-8060-4f69-af55-d058b7635d6c": 1.0
      },
      "reaction_extent": 1.0
    },
    {
      "identifier": "b7c7400f-0134-48f7-951c-f2852037a6ed",
      "reactants": [
        {
          "identifier": "ab59b2a2-fd63-4800-a877-4f226155f56e",
          "smiles": "CC(C)N",
          "state_of_matter": "LIQUID",
          "molecular_weight": 59.11025999999998,
          "density": 1.0,
          "mass": 59.11025999999998,
          "is_produced_by": [],
          "is_consumed_by": [
            "b7c7400f-0134-48f7-951c-f2852037a6ed"
          ],
          "provenance__density": "dummy estimator based on mw",
          "provenance__is_consumed_by": null,
          "provenance__is_produced_by": null,
          "provenance__mass": null,
          "provenance__molecular_weight": "periodic table",
          "provenance__smiles": null,
          "provenance__state_of_matter": "dummy estimator based on mw"
        },
        {
          "identifier": "89b96d07-33e2-4b22-b081-7ac58dd6258f",
          "smiles": "O=C(O)COc1cccc(-c2nc(Nc3ccc4[nH]ncc4c3)c3ccccc3n2)c1",
          "state_of_matter": "SOLID",
          "molecular_weight": 411.41278000000017,
          "density": 1.4,
          "mass": 411.41278000000017,
          "is_produced_by": [],
          "is_consumed_by": [
            "b7c7400f-0134-48f7-951c-f2852037a6ed"
          ],
          "provenance__density": "dummy estimator based on mw",
          "provenance__is_consumed_by": null,
          "provenance__is_produced_by": null,
          "provenance__mass": null,
          "provenance__molecular_weight": "periodic table",
          "provenance__smiles": null,
          "provenance__state_of_matter": "dummy estimator based on mw"
        }
      ],
      "reagents": [
        {
          "identifier": "cc55b73d-5152-4354-8e2f-d6d041111249",
          "smiles": "CN(C)C=O",
          "state_of_matter": "LIQUID",
          "molecular_weight": 73.09378000000004,
          "density": 1.0,
          "mass": 73.09378000000004,
          "is_produced_by": [],
          "is_consumed_by": [
            "b7c7400f-0134-48f7-951c-f2852037a6ed"
          ],
          "provenance__density": "dummy estimator based on mw",
          "provenance__is_consumed_by": null,
          "provenance__is_produced_by": null,
          "provenance__mass": null,
          "provenance__molecular_weight": "periodic table",
          "provenance__smiles": null,
          "provenance__state_of_matter": "dummy estimator based on mw"
        },
        {
          "identifier": "851ca915-1fb4-4349-bc7f-e3f3d15f5a00",
          "smiles": "ClCCl",
          "state_of_matter": "LIQUID",
          "molecular_weight": 84.93258000000002,
          "density": 1.0,
          "mass": 84.93258000000002,
          "is_produced_by": [],
          "is_consumed_by": [
            "b7c7400f-0134-48f7-951c-f2852037a6ed"
          ],
          "provenance__density": "dummy estimator based on mw",
          "provenance__is_consumed_by": null,
          "provenance__is_produced_by": null,
          "provenance__mass": null,
          "provenance__molecular_weight": "periodic table",
          "provenance__smiles": null,
          "provenance__state_of_matter": "dummy estimator based on mw"
        },
        {
          "identifier": "e7f0eeb1-892a-4e49-a6eb-4132128bd0a8",
          "smiles": "CCN(C(C)C)C(C)C",
          "state_of_matter": "LIQUID",
          "molecular_weight": 129.24316000000007,
          "density": 1.0,
          "mass": 129.24316000000007,
          "is_produced_by": [],
          "is_consumed_by": [
            "b7c7400f-0134-48f7-951c-f2852037a6ed"
          ],
          "provenance__density": "dummy estimator based on mw",
          "provenance__is_consumed_by": null,
          "provenance__is_produced_by": null,
          "provenance__mass": null,
          "provenance__molecular_weight": "periodic table",
          "provenance__smiles": null,
          "provenance__state_of_matter": "dummy estimator based on mw"
        },
        {
          "identifier": "ca7e5476-5a19-4e29-b2bd-5e15b7f64282",
          "smiles": "F[P-](F)(F)(F)(F)F.c1ccc2c(c1)nnn2O[P+](N1CCCC1)(N1CCCC1)N1CCCC1",
          "state_of_matter": "SOLID",
          "molecular_weight": 521.4004011999998,
          "density": 1.4,
          "mass": 521.4004011999998,
          "is_produced_by": [],
          "is_consumed_by": [
            "b7c7400f-0134-48f7-951c-f2852037a6ed"
          ],
          "provenance__density": "dummy estimator based on mw",
          "provenance__is_consumed_by": null,
          "provenance__is_produced_by": null,
          "provenance__mass": null,
          "provenance__molecular_weight": "periodic table",
          "provenance__smiles": null,
          "provenance__state_of_matter": "dummy estimator based on mw"
        }
      ],
      "products": [
        {
          "identifier": "8d1052f0-7864-45d9-96e9-4a0fb55827ac",
          "smiles": "CC(C)NC(=O)COc1cccc(-c2nc(Nc3ccc4[nH]ncc4c3)c3ccccc3n2)c1",
          "state_of_matter": "SOLID",
          "molecular_weight": 452.5077600000003,
          "density": 1.4,
          "mass": 452.5077600000003,
          "is_produced_by": [
            "b7c7400f-0134-48f7-951c-f2852037a6ed"
          ],
          "is_consumed_by": [],
          "provenance__density": "dummy estimator based on mw",
          "provenance__is_consumed_by": null,
          "provenance__is_produced_by": null,
          "provenance__mass": null,
          "provenance__molecular_weight": "periodic table",
          "provenance__smiles": null,
          "provenance__state_of_matter": "dummy estimator based on mw"
        }
      ],
      "stoichiometry": {
        "ab59b2a2-fd63-4800-a877-4f226155f56e": 1.0,
        "89b96d07-33e2-4b22-b081-7ac58dd6258f": 1.0,
        "8d1052f0-7864-45d9-96e9-4a0fb55827ac": -1.0
      },
      "temperature": 294.2399628281593,
      "intended_ratios": {
        "ab59b2a2-fd63-4800-a877-4f226155f56e": 1.0,
        "89b96d07-33e2-4b22-b081-7ac58dd6258f": 1.0,
        "cc55b73d-5152-4354-8e2f-d6d041111249": 1.0,
        "851ca915-1fb4-4349-bc7f-e3f3d15f5a00": 1.0,
        "e7f0eeb1-892a-4e49-a6eb-4132128bd0a8": 1.0,
        "ca7e5476-5a19-4e29-b2bd-5e15b7f64282": 1.0
      },
      "expected_yields": {
        "8d1052f0-7864-45d9-96e9-4a0fb55827ac": 1.0
      },
      "reaction_extent": 1.0
    },
    {
      "identifier": "3eaad99c-b137-4f71-ae00-3f48229f990e",
      "reactants": [
        {
          "identifier": "2617346d-50eb-4678-85ad-3e544a0ffd33",
          "smiles": "CC(C)n1nccc1-c1ncccc1CCl",
          "state_of_matter": "SOLID",
          "molecular_weight": 236.72059999999982,
          "density": 1.4,
          "mass": 236.72059999999982,
          "is_produced_by": [],
          "is_consumed_by": [
            "3eaad99c-b137-4f71-ae00-3f48229f990e"
          ],
          "provenance__density": "dummy estimator based on mw",
          "provenance__is_consumed_by": null,
          "provenance__is_produced_by": null,
          "provenance__mass": null,
          "provenance__molecular_weight": "periodic table",
          "provenance__smiles": null,
          "provenance__state_of_matter": "dummy estimator based on mw"
        },
        {
          "identifier": "8b512abe-2598-4d16-bb85-46092c98e3b4",
          "smiles": "O=Cc1c(O)cccc1O",
          "state_of_matter": "LIQUID",
          "molecular_weight": 138.12073999999996,
          "density": 1.0,
          "mass": 138.12073999999996,
          "is_produced_by": [],
          "is_consumed_by": [
            "3eaad99c-b137-4f71-ae00-3f48229f990e"
          ],
          "provenance__density": "dummy estimator based on mw",
          "provenance__is_consumed_by": null,
          "provenance__is_produced_by": null,
          "provenance__mass": null,
          "provenance__molecular_weight": "periodic table",
          "provenance__smiles": null,
          "provenance__state_of_matter": "dummy estimator based on mw"
        }
      ],
      "reagents": [
        {
          "identifier": "5878c191-3f90-45f2-af33-bbb329767e72",
          "smiles": "CN(C)C=O",
          "state_of_matter": "LIQUID",
          "molecular_weight": 73.09378000000004,
          "density": 1.0,
          "mass": 73.09378000000004,
          "is_produced_by": [],
          "is_consumed_by": [
            "3eaad99c-b137-4f71-ae00-3f48229f990e"
          ],
          "provenance__density": "dummy estimator based on mw",
          "provenance__is_consumed_by": null,
          "provenance__is_produced_by": null,
          "provenance__mass": null,
          "provenance__molecular_weight": "periodic table",
          "provenance__smiles": null,
          "provenance__state_of_matter": "dummy estimator based on mw"
        },
        {
          "identifier": "63d96fab-5df8-450a-afaf-6234924534e0",
          "smiles": "Cl",
          "state_of_matter": "LIQUID",
          "molecular_weight": 36.46094,
          "density": 1.0,
          "mass": 36.46094,
          "is_produced_by": [],
          "is_consumed_by": [
            "3eaad99c-b137-4f71-ae00-3f48229f990e"
          ],
          "provenance__density": "dummy estimator based on mw",
          "provenance__is_consumed_by": null,
          "provenance__is_produced_by": null,
          "provenance__mass": null,
          "provenance__molecular_weight": "periodic table",
          "provenance__smiles": null,
          "provenance__state_of_matter": "dummy estimator based on mw"
        },
        {
          "identifier": "76dee080-4e09-4bcb-949f-738805774af3",
          "smiles": "O=C(O[K])O[K]",
          "state_of_matter": "SOLID",
          "molecular_weight": 138.2055,
          "density": 1.4,
          "mass": 138.2055,
          "is_produced_by": [],
          "is_consumed_by": [
            "3eaad99c-b137-4f71-ae00-3f48229f990e"
          ],
          "provenance__density": "dummy estimator based on mw",
          "provenance__is_consumed_by": null,
          "provenance__is_produced_by": null,
          "provenance__mass": null,
          "provenance__molecular_weight": "periodic table",
          "provenance__smiles": null,
          "provenance__state_of_matter": "dummy estimator based on mw"
        }
      ],
      "products": [
        {
          "identifier": "7995e088-5a16-4423-88fa-581d28941777",
          "smiles": "CC(C)n1nccc1-c1ncccc1COc1cccc(O)c1C=O",
          "state_of_matter": "SOLID",
          "molecular_weight": 338.38040000000024,
          "density": 1.4,
          "mass": 338.38040000000024,
          "is_produced_by": [
            "3eaad99c-b137-4f71-ae00-3f48229f990e"
          ],
          "is_consumed_by": [],
          "provenance__density": "dummy estimator based on mw",
          "provenance__is_consumed_by": null,
          "provenance__is_produced_by": null,
          "provenance__mass": null,
          "provenance__molecular_weight": "periodic table",
          "provenance__smiles": null,
          "provenance__state_of_matter": "dummy estimator based on mw"
        }
      ],
      "stoichiometry": {
        "2617346d-50eb-4678-85ad-3e544a0ffd33": 1.0,
        "8b512abe-2598-4d16-bb85-46092c98e3b4": 1.0,
        "7995e088-5a16-4423-88fa-581d28941777": -1.0
      },
      "temperature": 305.7333455622196,
      "intended_ratios": {
        "2617346d-50eb-4678-85ad-3e544a0ffd33": 1.0,
        "8b512abe-2598-4d16-bb85-46092c98e3b4": 1.0,
        "5878c191-3f90-45f2-af33-bbb329767e72": 1.0,
        "63d96fab-5df8-450a-afaf-6234924534e0": 1.0,
        "76dee080-4e09-4bcb-949f-738805774af3": 1.0
      },
      "expected_yields": {
        "7995e088-5a16-4423-88fa-581d28941777": 1.0
      },
      "reaction_extent": 1.0
    },
    {
      "identifier": "5f8690a3-c386-4745-8098-1e6d279ce9f9",
      "reactants": [
        {
          "identifier": "9cdcdddf-63b5-4955-a239-703844aa16c3",
          "smiles": "CC(C)n1nccc1-c1ncccc1CO",
          "state_of_matter": "SOLID",
          "molecular_weight": 218.27493999999982,
          "density": 1.4,
          "mass": 218.27493999999982,
          "is_produced_by": [],
          "is_consumed_by": [
            "5f8690a3-c386-4745-8098-1e6d279ce9f9"
          ],
          "provenance__density": "dummy estimator based on mw",
          "provenance__is_consumed_by": null,
          "provenance__is_produced_by": null,
          "provenance__mass": null,
          "provenance__molecular_weight": "periodic table",
          "provenance__smiles": null,
          "provenance__state_of_matter": "dummy estimator based on mw"
        }
      ],
      "reagents": [
        {
          "identifier": "5028f22e-af7e-4eb4-810e-50675bd35457",
          "smiles": "ClCCl",
          "state_of_matter": "LIQUID",
          "molecular_weight": 84.93258000000002,
          "density": 1.0,
          "mass": 84.93258000000002,
          "is_produced_by": [],
          "is_consumed_by": [
            "5f8690a3-c386-4745-8098-1e6d279ce9f9"
          ],
          "provenance__density": "dummy estimator based on mw",
          "provenance__is_consumed_by": null,
          "provenance__is_produced_by": null,
          "provenance__mass": null,
          "provenance__molecular_weight": "periodic table",
          "provenance__smiles": null,
          "provenance__state_of_matter": "dummy estimator based on mw"
        },
        {
          "identifier": "09839b9a-fa50-46e1-be43-cb204a720534",
          "smiles": "CCN(CC)CC",
          "state_of_matter": "LIQUID",
          "molecular_weight": 101.19000000000008,
          "density": 1.0,
          "mass": 101.19000000000008,
          "is_produced_by": [],
          "is_consumed_by": [
            "5f8690a3-c386-4745-8098-1e6d279ce9f9"
          ],
          "provenance__density": "dummy estimator based on mw",
          "provenance__is_consumed_by": null,
          "provenance__is_produced_by": null,
          "provenance__mass": null,
          "provenance__molecular_weight": "periodic table",
          "provenance__smiles": null,
          "provenance__state_of_matter": "dummy estimator based on mw"
        },
        {
          "identifier": "dd0e0260-ed3e-4b90-bcbe-fc1675d27af0",
          "smiles": "CS(=O)(=O)Cl",
          "state_of_matter": "LIQUID",
          "molecular_weight": 114.55132000000002,
          "density": 1.0,
          "mass": 114.55132000000002,
          "is_produced_by": [],
          "is_consumed_by": [
            "5f8690a3-c386-4745-8098-1e6d279ce9f9"
          ],
          "provenance__density": "dummy estimator based on mw",
          "provenance__is_consumed_by": null,
          "provenance__is_produced_by": null,
          "provenance__mass": null,
          "provenance__molecular_weight": "periodic table",
          "provenance__smiles": null,
          "provenance__state_of_matter": "dummy estimator based on mw"
        }
      ],
      "products": [
        {
          "identifier": "dd3e53b4-c3cf-4dda-a740-7c60e4549afd",
          "smiles": "CC(C)n1nccc1-c1ncccc1CCl",
          "state_of_matter": "SOLID",
          "molecular_weight": 236.72059999999982,
          "density": 1.4,
          "mass": 236.72059999999982,
          "is_produced_by": [
            "5f8690a3-c386-4745-8098-1e6d279ce9f9"
          ],
          "is_consumed_by": [],
          "provenance__density": "dummy estimator based on mw",
          "provenance__is_consumed_by": null,
          "provenance__is_produced_by": null,
          "provenance__mass": null,
          "provenance__molecular_weight": "periodic table",
          "provenance__smiles": null,
          "provenance__state_of_matter": "dummy estimator based on mw"
        }
      ],
      "stoichiometry": {
        "9cdcdddf-63b5-4955-a239-703844aa16c3": 1.0,
        "dd3e53b4-c3cf-4dda-a740-7c60e4549afd": -1.0
      },
      "temperature": 283.1918331205845,
      "intended_ratios": {
        "9cdcdddf-63b5-4955-a239-703844aa16c3": 1.0,
        "5028f22e-af7e-4eb4-810e-50675bd35457": 1.0,
        "09839b9a-fa50-46e1-be43-cb204a720534": 1.0,
        "dd0e0260-ed3e-4b90-bcbe-fc1675d27af0": 1.0
      },
      "expected_yields": {
        "dd3e53b4-c3cf-4dda-a740-7c60e4549afd": 1.0
      },
      "reaction_extent": 1.0
    },
    {
      "identifier": "bae41217-9f15-4f3b-8665-71629d862abb",
      "reactants": [
        {
          "identifier": "b6e1e0c2-9bb4-4868-8d88-363171955d7a",
          "smiles": "CC(C)n1nccc1B1OC(C)(C)C(C)(C)O1",
          "state_of_matter": "SOLID",
          "molecular_weight": 237.12627999999975,
          "density": 1.4,
          "mass": 237.12627999999975,
          "is_produced_by": [],
          "is_consumed_by": [
            "bae41217-9f15-4f3b-8665-71629d862abb"
          ],
          "provenance__density": "dummy estimator based on mw",
          "provenance__is_consumed_by": null,
          "provenance__is_produced_by": null,
          "provenance__mass": null,
          "provenance__molecular_weight": "periodic table",
          "provenance__smiles": null,
          "provenance__state_of_matter": "dummy estimator based on mw"
        },
        {
          "identifier": "be57924e-5834-4d92-8bbe-e46f83d03625",
          "smiles": "OCc1cccnc1Cl",
          "state_of_matter": "LIQUID",
          "molecular_weight": 143.57093999999995,
          "density": 1.0,
          "mass": 143.57093999999995,
          "is_produced_by": [],
          "is_consumed_by": [
            "bae41217-9f15-4f3b-8665-71629d862abb"
          ],
          "provenance__density": "dummy estimator based on mw",
          "provenance__is_consumed_by": null,
          "provenance__is_produced_by": null,
          "provenance__mass": null,
          "provenance__molecular_weight": "periodic table",
          "provenance__smiles": null,
          "provenance__state_of_matter": "dummy estimator based on mw"
        }
      ],
      "reagents": [
        {
          "identifier": "b77fad21-af31-4fb3-8c33-e8c8a69c4f50",
          "smiles": "O",
          "state_of_matter": "LIQUID",
          "molecular_weight": 18.01528,
          "density": 1.0,
          "mass": 18.01528,
          "is_produced_by": [],
          "is_consumed_by": [
            "bae41217-9f15-4f3b-8665-71629d862abb"
          ],
          "provenance__density": "dummy estimator based on mw",
          "provenance__is_consumed_by": null,
          "provenance__is_produced_by": null,
          "provenance__mass": null,
          "provenance__molecular_weight": "periodic table",
          "provenance__smiles": null,
          "provenance__state_of_matter": "dummy estimator based on mw"
        },
        {
          "identifier": "61967bbb-a76c-45fb-ba64-299c747e11a7",
          "smiles": "C1COCCO1",
          "state_of_matter": "LIQUID",
          "molecular_weight": 88.10512000000004,
          "density": 1.0,
          "mass": 88.10512000000004,
          "is_produced_by": [],
          "is_consumed_by": [
            "bae41217-9f15-4f3b-8665-71629d862abb"
          ],
          "provenance__density": "dummy estimator based on mw",
          "provenance__is_consumed_by": null,
          "provenance__is_produced_by": null,
          "provenance__mass": null,
          "provenance__molecular_weight": "periodic table",
          "provenance__smiles": null,
          "provenance__state_of_matter": "dummy estimator based on mw"
        },
        {
          "identifier": "239cc01d-7c3d-4527-8ef6-954b9b4c90e9",
          "smiles": "O=C(O)O[Na]",
          "state_of_matter": "SOLID",
          "molecular_weight": 84.00661000000001,
          "density": 1.4,
          "mass": 84.00661000000001,
          "is_produced_by": [],
          "is_consumed_by": [
            "bae41217-9f15-4f3b-8665-71629d862abb"
          ],
          "provenance__density": "dummy estimator based on mw",
          "provenance__is_consumed_by": null,
          "provenance__is_produced_by": null,
          "provenance__mass": null,
          "provenance__molecular_weight": "periodic table",
          "provenance__smiles": null,
          "provenance__state_of_matter": "dummy estimator based on mw"
        }
      ],
      "products": [
        {
          "identifier": "eb7f0232-04a1-4e55-a332-d81149b14418",
          "smiles": "CC(C)n1nccc1-c1ncccc1CO",
          "state_of_matter": "SOLID",
          "molecular_weight": 218.27493999999982,
          "density": 1.4,
          "mass": 218.27493999999982,
          "is_produced_by": [
            "bae41217-9f15-4f3b-8665-71629d862abb"
          ],
          "is_consumed_by": [],
          "provenance__density": "dummy estimator based on mw",
          "provenance__is_consumed_by": null,
          "provenance__is_produced_by": null,
          "provenance__mass": null,
          "provenance__molecular_weight": "periodic table",
          "provenance__smiles": null,
          "provenance__state_of_matter": "dummy estimator based on mw"
        }
      ],
      "stoichiometry": {
        "b6e1e0c2-9bb4-4868-8d88-363171955d7a": 1.0,
        "be57924e-5834-4d92-8bbe-e46f83d03625": 1.0,
        "eb7f0232-04a1-4e55-a332-d81149b14418": -1.0
      },
      "temperature": 350.5005188763141,
      "intended_ratios": {
        "b6e1e0c2-9bb4-4868-8d88-363171955d7a": 1.0,
        "be57924e-5834-4d92-8bbe-e46f83d03625": 1.0,
        "b77fad21-af31-4fb3-8c33-e8c8a69c4f50": 1.0,
        "61967bbb-a76c-45fb-ba64-299c747e11a7": 1.0,
        "239cc01d-7c3d-4527-8ef6-954b9b4c90e9": 1.0
      },
      "expected_yields": {
        "eb7f0232-04a1-4e55-a332-d81149b14418": 1.0
      },
      "reaction_extent": 1.0
    },
    {
      "identifier": "52f970af-35e8-409c-b213-32a9f6ce64ce",
      "reactants": [
        {
          "identifier": "237a91ea-c47a-47df-96be-997091db53e9",
          "smiles": "COC(=O)CBr",
          "state_of_matter": "LIQUID",
          "molecular_weight": 152.97459999999995,
          "density": 1.0,
          "mass": 152.97459999999995,
          "is_produced_by": [],
          "is_consumed_by": [
            "52f970af-35e8-409c-b213-32a9f6ce64ce"
          ],
          "provenance__density": "dummy estimator based on mw",
          "provenance__is_consumed_by": null,
          "provenance__is_produced_by": null,
          "provenance__mass": null,
          "provenance__molecular_weight": "periodic table",
          "provenance__smiles": null,
          "provenance__state_of_matter": "dummy estimator based on mw"
        },
        {
          "identifier": "4b74563a-e856-4471-96e6-b80f84721a4c",
          "smiles": "Oc1cccc(-c2nc(Nc3ccc4[nH]ncc4c3)c3ccccc3n2)c1",
          "state_of_matter": "SOLID",
          "molecular_weight": 353.37670000000014,
          "density": 1.4,
          "mass": 353.37670000000014,
          "is_produced_by": [],
          "is_consumed_by": [
            "52f970af-35e8-409c-b213-32a9f6ce64ce"
          ],
          "provenance__density": "dummy estimator based on mw",
          "provenance__is_consumed_by": null,
          "provenance__is_produced_by": null,
          "provenance__mass": null,
          "provenance__molecular_weight": "periodic table",
          "provenance__smiles": null,
          "provenance__state_of_matter": "dummy estimator based on mw"
        }
      ],
      "reagents": [
        {
          "identifier": "ed145a51-716b-43fc-8631-c68d1db1d92e",
          "smiles": "CN(C)C=O",
          "state_of_matter": "LIQUID",
          "molecular_weight": 73.09378000000004,
          "density": 1.0,
          "mass": 73.09378000000004,
          "is_produced_by": [],
          "is_consumed_by": [
            "52f970af-35e8-409c-b213-32a9f6ce64ce"
          ],
          "provenance__density": "dummy estimator based on mw",
          "provenance__is_consumed_by": null,
          "provenance__is_produced_by": null,
          "provenance__mass": null,
          "provenance__molecular_weight": "periodic table",
          "provenance__smiles": null,
          "provenance__state_of_matter": "dummy estimator based on mw"
        },
        {
          "identifier": "1ade71dd-db9a-459e-b723-666fb8551cdb",
          "smiles": "O=C(O[K])O[K]",
          "state_of_matter": "SOLID",
          "molecular_weight": 138.2055,
          "density": 1.4,
          "mass": 138.2055,
          "is_produced_by": [],
          "is_consumed_by": [
            "52f970af-35e8-409c-b213-32a9f6ce64ce"
          ],
          "provenance__density": "dummy estimator based on mw",
          "provenance__is_consumed_by": null,
          "provenance__is_produced_by": null,
          "provenance__mass": null,
          "provenance__molecular_weight": "periodic table",
          "provenance__smiles": null,
          "provenance__state_of_matter": "dummy estimator based on mw"
        },
        {
          "identifier": "befe4f3a-e0df-476f-9a9b-c343f1a0eea6",
          "smiles": "ClCCl",
          "state_of_matter": "LIQUID",
          "molecular_weight": 84.93258000000002,
          "density": 1.0,
          "mass": 84.93258000000002,
          "is_produced_by": [],
          "is_consumed_by": [
            "52f970af-35e8-409c-b213-32a9f6ce64ce"
          ],
          "provenance__density": "dummy estimator based on mw",
          "provenance__is_consumed_by": null,
          "provenance__is_produced_by": null,
          "provenance__mass": null,
          "provenance__molecular_weight": "periodic table",
          "provenance__smiles": null,
          "provenance__state_of_matter": "dummy estimator based on mw"
        }
      ],
      "products": [
        {
          "identifier": "dffc2f90-70ca-4f12-97ed-4271dabf17a7",
          "smiles": "COC(=O)COc1cccc(-c2nc(Nc3ccc4[nH]ncc4c3)c3ccccc3n2)c1",
          "state_of_matter": "SOLID",
          "molecular_weight": 425.43936000000025,
          "density": 1.4,
          "mass": 425.43936000000025,
          "is_produced_by": [
            "52f970af-35e8-409c-b213-32a9f6ce64ce"
          ],
          "is_consumed_by": [],
          "provenance__density": "dummy estimator based on mw",
          "provenance__is_consumed_by": null,
          "provenance__is_produced_by": null,
          "provenance__mass": null,
          "provenance__molecular_weight": "periodic table",
          "provenance__smiles": null,
          "provenance__state_of_matter": "dummy estimator based on mw"
        }
      ],
      "stoichiometry": {
        "237a91ea-c47a-47df-96be-997091db53e9": 1.0,
        "4b74563a-e856-4471-96e6-b80f84721a4c": 1.0,
        "dffc2f90-70ca-4f12-97ed-4271dabf17a7": -1.0
      },
      "temperature": 318.9238932073116,
      "intended_ratios": {
        "237a91ea-c47a-47df-96be-997091db53e9": 1.0,
        "4b74563a-e856-4471-96e6-b80f84721a4c": 1.0,
        "ed145a51-716b-43fc-8631-c68d1db1d92e": 1.0,
        "1ade71dd-db9a-459e-b723-666fb8551cdb": 1.0,
        "befe4f3a-e0df-476f-9a9b-c343f1a0eea6": 1.0
      },
      "expected_yields": {
        "dffc2f90-70ca-4f12-97ed-4271dabf17a7": 1.0
      },
      "reaction_extent": 1.0
    },
    {
      "identifier": "cf89bc50-671f-4556-bf8d-0fbc210cf51d",
      "reactants": [
        {
          "identifier": "82664dd6-054d-436c-9de0-2b3cb1bfd71a",
          "smiles": "COC(=O)COc1cccc(-c2nc(Nc3ccc4[nH]ncc4c3)c3ccccc3n2)c1",
          "state_of_matter": "SOLID",
          "molecular_weight": 425.43936000000025,
          "density": 1.4,
          "mass": 425.43936000000025,
          "is_produced_by": [],
          "is_consumed_by": [
            "cf89bc50-671f-4556-bf8d-0fbc210cf51d"
          ],
          "provenance__density": "dummy estimator based on mw",
          "provenance__is_consumed_by": null,
          "provenance__is_produced_by": null,
          "provenance__mass": null,
          "provenance__molecular_weight": "periodic table",
          "provenance__smiles": null,
          "provenance__state_of_matter": "dummy estimator based on mw"
        }
      ],
      "reagents": [
        {
          "identifier": "b651ba81-66b7-42f4-889c-a4cf4d0de99b",
          "smiles": "CN(C)C=O",
          "state_of_matter": "LIQUID",
          "molecular_weight": 73.09378000000004,
          "density": 1.0,
          "mass": 73.09378000000004,
          "is_produced_by": [],
          "is_consumed_by": [
            "cf89bc50-671f-4556-bf8d-0fbc210cf51d"
          ],
          "provenance__density": "dummy estimator based on mw",
          "provenance__is_consumed_by": null,
          "provenance__is_produced_by": null,
          "provenance__mass": null,
          "provenance__molecular_weight": "periodic table",
          "provenance__smiles": null,
          "provenance__state_of_matter": "dummy estimator based on mw"
        },
        {
          "identifier": "cbfcbf4e-7817-4de9-94e3-5d72a356216f",
          "smiles": "ClCCl",
          "state_of_matter": "LIQUID",
          "molecular_weight": 84.93258000000002,
          "density": 1.0,
          "mass": 84.93258000000002,
          "is_produced_by": [],
          "is_consumed_by": [
            "cf89bc50-671f-4556-bf8d-0fbc210cf51d"
          ],
          "provenance__density": "dummy estimator based on mw",
          "provenance__is_consumed_by": null,
          "provenance__is_produced_by": null,
          "provenance__mass": null,
          "provenance__molecular_weight": "periodic table",
          "provenance__smiles": null,
          "provenance__state_of_matter": "dummy estimator based on mw"
        },
        {
          "identifier": "728d1afc-a0c0-4f4a-b15a-ce84b6587024",
          "smiles": "CCN(C(C)C)C(C)C",
          "state_of_matter": "LIQUID",
          "molecular_weight": 129.24316000000007,
          "density": 1.0,
          "mass": 129.24316000000007,
          "is_produced_by": [],
          "is_consumed_by": [
            "cf89bc50-671f-4556-bf8d-0fbc210cf51d"
          ],
          "provenance__density": "dummy estimator based on mw",
          "provenance__is_consumed_by": null,
          "provenance__is_produced_by": null,
          "provenance__mass": null,
          "provenance__molecular_weight": "periodic table",
          "provenance__smiles": null,
          "provenance__state_of_matter": "dummy estimator based on mw"
        },
        {
          "identifier": "85d356e6-0372-4d15-b617-48fb57172b1f",
          "smiles": "F[P-](F)(F)(F)(F)F.c1ccc2c(c1)nnn2O[P+](N1CCCC1)(N1CCCC1)N1CCCC1",
          "state_of_matter": "SOLID",
          "molecular_weight": 521.4004011999998,
          "density": 1.4,
          "mass": 521.4004011999998,
          "is_produced_by": [],
          "is_consumed_by": [
            "cf89bc50-671f-4556-bf8d-0fbc210cf51d"
          ],
          "provenance__density": "dummy estimator based on mw",
          "provenance__is_consumed_by": null,
          "provenance__is_produced_by": null,
          "provenance__mass": null,
          "provenance__molecular_weight": "periodic table",
          "provenance__smiles": null,
          "provenance__state_of_matter": "dummy estimator based on mw"
        }
      ],
      "products": [
        {
          "identifier": "0b681ae5-b3d4-4fab-a06f-083008e391ff",
          "smiles": "O=C(O)COc1cccc(-c2nc(Nc3ccc4[nH]ncc4c3)c3ccccc3n2)c1",
          "state_of_matter": "SOLID",
          "molecular_weight": 411.41278000000017,
          "density": 1.4,
          "mass": 411.41278000000017,
          "is_produced_by": [
            "cf89bc50-671f-4556-bf8d-0fbc210cf51d"
          ],
          "is_consumed_by": [],
          "provenance__density": "dummy estimator based on mw",
          "provenance__is_consumed_by": null,
          "provenance__is_produced_by": null,
          "provenance__mass": null,
          "provenance__molecular_weight": "periodic table",
          "provenance__smiles": null,
          "provenance__state_of_matter": "dummy estimator based on mw"
        }
      ],
      "stoichiometry": {
        "82664dd6-054d-436c-9de0-2b3cb1bfd71a": 1.0,
        "0b681ae5-b3d4-4fab-a06f-083008e391ff": -1.0
      },
      "temperature": 300.959981739521,
      "intended_ratios": {
        "82664dd6-054d-436c-9de0-2b3cb1bfd71a": 1.0,
        "b651ba81-66b7-42f4-889c-a4cf4d0de99b": 1.0,
        "cbfcbf4e-7817-4de9-94e3-5d72a356216f": 1.0,
        "728d1afc-a0c0-4f4a-b15a-ce84b6587024": 1.0,
        "85d356e6-0372-4d15-b617-48fb57172b1f": 1.0
      },
      "expected_yields": {
        "0b681ae5-b3d4-4fab-a06f-083008e391ff": 1.0
      },
      "reaction_extent": 1.0
    },
    {
      "identifier": "9f3aa750-8a31-4194-9964-3722297dea18",
      "reactants": [
        {
          "identifier": "fadc50f2-9a77-4841-b58a-333fbea528a8",
          "smiles": "COc1cc(N)cc(OC)c1",
          "state_of_matter": "LIQUID",
          "molecular_weight": 153.17843999999988,
          "density": 1.0,
          "mass": 153.17843999999988,
          "is_produced_by": [],
          "is_consumed_by": [
            "9f3aa750-8a31-4194-9964-3722297dea18"
          ],
          "provenance__density": "dummy estimator based on mw",
          "provenance__is_consumed_by": null,
          "provenance__is_produced_by": null,
          "provenance__mass": null,
          "provenance__molecular_weight": "periodic table",
          "provenance__smiles": null,
          "provenance__state_of_matter": "dummy estimator based on mw"
        },
        {
          "identifier": "9ece18b0-d3b7-4831-a97e-f0d482dab8e3",
          "smiles": "Cn1cc(-c2cnc3ccc(Br)cc3n2)cn1",
          "state_of_matter": "SOLID",
          "molecular_weight": 290.1386000000002,
          "density": 1.4,
          "mass": 290.1386000000002,
          "is_produced_by": [],
          "is_consumed_by": [
            "9f3aa750-8a31-4194-9964-3722297dea18"
          ],
          "provenance__density": "dummy estimator based on mw",
          "provenance__is_consumed_by": null,
          "provenance__is_produced_by": null,
          "provenance__mass": null,
          "provenance__molecular_weight": "periodic table",
          "provenance__smiles": null,
          "provenance__state_of_matter": "dummy estimator based on mw"
        }
      ],
      "reagents": [
        {
          "identifier": "d8616db2-4647-4832-a98e-56753f79dc85",
          "smiles": "C1COCCO1",
          "state_of_matter": "LIQUID",
          "molecular_weight": 88.10512000000004,
          "density": 1.0,
          "mass": 88.10512000000004,
          "is_produced_by": [],
          "is_consumed_by": [
            "9f3aa750-8a31-4194-9964-3722297dea18"
          ],
          "provenance__density": "dummy estimator based on mw",
          "provenance__is_consumed_by": null,
          "provenance__is_produced_by": null,
          "provenance__mass": null,
          "provenance__molecular_weight": "periodic table",
          "provenance__smiles": null,
          "provenance__state_of_matter": "dummy estimator based on mw"
        },
        {
          "identifier": "df008867-f0f3-4d5e-ab1b-f8e7d47adf3c",
          "smiles": "[Pd]",
          "state_of_matter": "SOLID",
          "molecular_weight": 106.42,
          "density": 1.4,
          "mass": 106.42,
          "is_produced_by": [],
          "is_consumed_by": [
            "9f3aa750-8a31-4194-9964-3722297dea18"
          ],
          "provenance__density": "dummy estimator based on mw",
          "provenance__is_consumed_by": null,
          "provenance__is_produced_by": null,
          "provenance__mass": null,
          "provenance__molecular_weight": "periodic table",
          "provenance__smiles": null,
          "provenance__state_of_matter": "dummy estimator based on mw"
        },
        {
          "identifier": "f3cb7b4d-b2c1-4e1f-be4b-321c72c8b697",
          "smiles": "CC(C)(C)O[Na]",
          "state_of_matter": "SOLID",
          "molecular_weight": 96.10343000000005,
          "density": 1.4,
          "mass": 96.10343000000005,
          "is_produced_by": [],
          "is_consumed_by": [
            "9f3aa750-8a31-4194-9964-3722297dea18"
          ],
          "provenance__density": "dummy estimator based on mw",
          "provenance__is_consumed_by": null,
          "provenance__is_produced_by": null,
          "provenance__mass": null,
          "provenance__molecular_weight": "periodic table",
          "provenance__smiles": null,
          "provenance__state_of_matter": "dummy estimator based on mw"
        }
      ],
      "products": [
        {
          "identifier": "b13a63f1-2e29-4556-b384-fa251784f29a",
          "smiles": "COc1cc(Nc2ccc3ncc(-c4cnn(C)c4)nc3c2)cc(OC)c1",
          "state_of_matter": "SOLID",
          "molecular_weight": 362.40510000000023,
          "density": 1.4,
          "mass": 362.40510000000023,
          "is_produced_by": [
            "9f3aa750-8a31-4194-9964-3722297dea18"
          ],
          "is_consumed_by": [],
          "provenance__density": "dummy estimator based on mw",
          "provenance__is_consumed_by": null,
          "provenance__is_produced_by": null,
          "provenance__mass": null,
          "provenance__molecular_weight": "periodic table",
          "provenance__smiles": null,
          "provenance__state_of_matter": "dummy estimator based on mw"
        }
      ],
      "stoichiometry": {
        "fadc50f2-9a77-4841-b58a-333fbea528a8": 1.0,
        "9ece18b0-d3b7-4831-a97e-f0d482dab8e3": 1.0,
        "b13a63f1-2e29-4556-b384-fa251784f29a": -1.0
      },
      "temperature": 356.5717721521854,
      "intended_ratios": {
        "fadc50f2-9a77-4841-b58a-333fbea528a8": 1.0,
        "9ece18b0-d3b7-4831-a97e-f0d482dab8e3": 1.0,
        "d8616db2-4647-4832-a98e-56753f79dc85": 1.0,
        "df008867-f0f3-4d5e-ab1b-f8e7d47adf3c": 1.0,
        "f3cb7b4d-b2c1-4e1f-be4b-321c72c8b697": 1.0
      },
      "expected_yields": {
        "b13a63f1-2e29-4556-b384-fa251784f29a": 1.0
      },
      "reaction_extent": 1.0
    },
    {
      "identifier": "a490ddb6-18ef-4c42-a313-02d5544f266d",
      "reactants": [
        {
          "identifier": "9917ddf5-8578-46c3-abbd-21558fe6b77f",
          "smiles": "COc1cc(Nc2ccc3ncc(-c4cnn(C)c4)nc3c2)cc(OC)c1",
          "state_of_matter": "SOLID",
          "molecular_weight": 362.40510000000023,
          "density": 1.4,
          "mass": 362.40510000000023,
          "is_produced_by": [],
          "is_consumed_by": [
            "a490ddb6-18ef-4c42-a313-02d5544f266d"
          ],
          "provenance__density": "dummy estimator based on mw",
          "provenance__is_consumed_by": null,
          "provenance__is_produced_by": null,
          "provenance__mass": null,
          "provenance__molecular_weight": "periodic table",
          "provenance__smiles": null,
          "provenance__state_of_matter": "dummy estimator based on mw"
        },
        {
          "identifier": "6f594a29-a048-42c4-af07-64bb83d899b7",
          "smiles": "ClCCBr",
          "state_of_matter": "LIQUID",
          "molecular_weight": 143.41015999999996,
          "density": 1.0,
          "mass": 143.41015999999996,
          "is_produced_by": [],
          "is_consumed_by": [
            "a490ddb6-18ef-4c42-a313-02d5544f266d"
          ],
          "provenance__density": "dummy estimator based on mw",
          "provenance__is_consumed_by": null,
          "provenance__is_produced_by": null,
          "provenance__mass": null,
          "provenance__molecular_weight": "periodic table",
          "provenance__smiles": null,
          "provenance__state_of_matter": "dummy estimator based on mw"
        }
      ],
      "reagents": [
        {
          "identifier": "426b339a-8d08-4066-94ed-dda0877b4ca1",
          "smiles": "CN(C)C=O",
          "state_of_matter": "LIQUID",
          "molecular_weight": 73.09378000000004,
          "density": 1.0,
          "mass": 73.09378000000004,
          "is_produced_by": [],
          "is_consumed_by": [
            "a490ddb6-18ef-4c42-a313-02d5544f266d"
          ],
          "provenance__density": "dummy estimator based on mw",
          "provenance__is_consumed_by": null,
          "provenance__is_produced_by": null,
          "provenance__mass": null,
          "provenance__molecular_weight": "periodic table",
          "provenance__smiles": null,
          "provenance__state_of_matter": "dummy estimator based on mw"
        },
        {
          "identifier": "4a31039d-493e-4b35-9216-4e493c2cea28",
          "smiles": "O",
          "state_of_matter": "LIQUID",
          "molecular_weight": 18.01528,
          "density": 1.0,
          "mass": 18.01528,
          "is_produced_by": [],
          "is_consumed_by": [
            "a490ddb6-18ef-4c42-a313-02d5544f266d"
          ],
          "provenance__density": "dummy estimator based on mw",
          "provenance__is_consumed_by": null,
          "provenance__is_produced_by": null,
          "provenance__mass": null,
          "provenance__molecular_weight": "periodic table",
          "provenance__smiles": null,
          "provenance__state_of_matter": "dummy estimator based on mw"
        },
        {
          "identifier": "3ecbdd2b-28f7-49a1-bcef-7e87827dca37",
          "smiles": "[NaH]",
          "state_of_matter": "SOLID",
          "molecular_weight": 23.99771,
          "density": 1.4,
          "mass": 23.99771,
          "is_produced_by": [],
          "is_consumed_by": [
            "a490ddb6-18ef-4c42-a313-02d5544f266d"
          ],
          "provenance__density": "dummy estimator based on mw",
          "provenance__is_consumed_by": null,
          "provenance__is_produced_by": null,
          "provenance__mass": null,
          "provenance__molecular_weight": "periodic table",
          "provenance__smiles": null,
          "provenance__state_of_matter": "dummy estimator based on mw"
        }
      ],
      "products": [
        {
          "identifier": "1b5d0524-274f-4726-aa39-4f80dbe6c03c",
          "smiles": "COc1cc(OC)cc(N(CCCl)c2ccc3ncc(-c4cnn(C)c4)nc3c2)c1",
          "state_of_matter": "SOLID",
          "molecular_weight": 424.90332000000035,
          "density": 1.4,
          "mass": 424.90332000000035,
          "is_produced_by": [
            "a490ddb6-18ef-4c42-a313-02d5544f266d"
          ],
          "is_consumed_by": [],
          "provenance__density": "dummy estimator based on mw",
          "provenance__is_consumed_by": null,
          "provenance__is_produced_by": null,
          "provenance__mass": null,
          "provenance__molecular_weight": "periodic table",
          "provenance__smiles": null,
          "provenance__state_of_matter": "dummy estimator based on mw"
        }
      ],
      "stoichiometry": {
        "9917ddf5-8578-46c3-abbd-21558fe6b77f": 1.0,
        "6f594a29-a048-42c4-af07-64bb83d899b7": 1.0,
        "1b5d0524-274f-4726-aa39-4f80dbe6c03c": -1.0
      },
      "temperature": 284.1107983767986,
      "intended_ratios": {
        "9917ddf5-8578-46c3-abbd-21558fe6b77f": 1.0,
        "6f594a29-a048-42c4-af07-64bb83d899b7": 1.0,
        "426b339a-8d08-4066-94ed-dda0877b4ca1": 1.0,
        "4a31039d-493e-4b35-9216-4e493c2cea28": 1.0,
        "3ecbdd2b-28f7-49a1-bcef-7e87827dca37": 1.0
      },
      "expected_yields": {
        "1b5d0524-274f-4726-aa39-4f80dbe6c03c": 1.0
      },
      "reaction_extent": 1.0
    },
    {
      "identifier": "8250a4f8-7f3b-45ee-b5a2-f9e7b0ee1c58",
      "reactants": [
        {
          "identifier": "499bf4d7-1783-49ee-ae26-f71905f21467",
          "smiles": "Clc1cnc2ccc(Br)cc2n1",
          "state_of_matter": "SOLID",
          "molecular_weight": 243.48775999999995,
          "density": 1.4,
          "mass": 243.48775999999995,
          "is_produced_by": [],
          "is_consumed_by": [
            "8250a4f8-7f3b-45ee-b5a2-f9e7b0ee1c58"
          ],
          "provenance__density": "dummy estimator based on mw",
          "provenance__is_consumed_by": null,
          "provenance__is_produced_by": null,
          "provenance__mass": null,
          "provenance__molecular_weight": "periodic table",
          "provenance__smiles": null,
          "provenance__state_of_matter": "dummy estimator based on mw"
        },
        {
          "identifier": "5fd4990e-85b7-424b-859a-5dbe69d64341",
          "smiles": "Cn1cc(B2OC(C)(C)C(C)(C)O2)cn1",
          "state_of_matter": "SOLID",
          "molecular_weight": 209.07311999999982,
          "density": 1.4,
          "mass": 209.07311999999982,
          "is_produced_by": [],
          "is_consumed_by": [
            "8250a4f8-7f3b-45ee-b5a2-f9e7b0ee1c58"
          ],
          "provenance__density": "dummy estimator based on mw",
          "provenance__is_consumed_by": null,
          "provenance__is_produced_by": null,
          "provenance__mass": null,
          "provenance__molecular_weight": "periodic table",
          "provenance__smiles": null,
          "provenance__state_of_matter": "dummy estimator based on mw"
        }
      ],
      "reagents": [
        {
          "identifier": "0264d1cd-07f0-4fc1-809a-c8b9bab76ed8",
          "smiles": "CN(C)C=O",
          "state_of_matter": "LIQUID",
          "molecular_weight": 73.09378000000004,
          "density": 1.0,
          "mass": 73.09378000000004,
          "is_produced_by": [],
          "is_consumed_by": [
            "8250a4f8-7f3b-45ee-b5a2-f9e7b0ee1c58"
          ],
          "provenance__density": "dummy estimator based on mw",
          "provenance__is_consumed_by": null,
          "provenance__is_produced_by": null,
          "provenance__mass": null,
          "provenance__molecular_weight": "periodic table",
          "provenance__smiles": null,
          "provenance__state_of_matter": "dummy estimator based on mw"
        },
        {
          "identifier": "7a3bda97-5270-4ff1-bde6-2ae2c69320be",
          "smiles": "O=C(O[Cs])O[Cs]",
          "state_of_matter": "SOLID",
          "molecular_weight": 325.8198,
          "density": 1.4,
          "mass": 325.8198,
          "is_produced_by": [],
          "is_consumed_by": [
            "8250a4f8-7f3b-45ee-b5a2-f9e7b0ee1c58"
          ],
          "provenance__density": "dummy estimator based on mw",
          "provenance__is_consumed_by": null,
          "provenance__is_produced_by": null,
          "provenance__mass": null,
          "provenance__molecular_weight": "periodic table",
          "provenance__smiles": null,
          "provenance__state_of_matter": "dummy estimator based on mw"
        },
        {
          "identifier": "96580844-96b4-4e51-a17e-3a71eb415a71",
          "smiles": "C1=C[C-](P(c2ccccc2)c2ccccc2)C=C1.C1=C[C-](P(c2ccccc2)c2ccccc2)C=C1.[Fe+2]",
          "state_of_matter": "SOLID",
          "molecular_weight": 554.3786419999986,
          "density": 1.4,
          "mass": 554.3786419999986,
          "is_produced_by": [],
          "is_consumed_by": [
            "8250a4f8-7f3b-45ee-b5a2-f9e7b0ee1c58"
          ],
          "provenance__density": "dummy estimator based on mw",
          "provenance__is_consumed_by": null,
          "provenance__is_produced_by": null,
          "provenance__mass": null,
          "provenance__molecular_weight": "periodic table",
          "provenance__smiles": null,
          "provenance__state_of_matter": "dummy estimator based on mw"
        },
        {
          "identifier": "91167de6-7d7a-448d-be3b-8b52338d41e4",
          "smiles": "Cl[Pd]Cl",
          "state_of_matter": "SOLID",
          "molecular_weight": 177.326,
          "density": 1.4,
          "mass": 177.326,
          "is_produced_by": [],
          "is_consumed_by": [
            "8250a4f8-7f3b-45ee-b5a2-f9e7b0ee1c58"
          ],
          "provenance__density": "dummy estimator based on mw",
          "provenance__is_consumed_by": null,
          "provenance__is_produced_by": null,
          "provenance__mass": null,
          "provenance__molecular_weight": "periodic table",
          "provenance__smiles": null,
          "provenance__state_of_matter": "dummy estimator based on mw"
        }
      ],
      "products": [
        {
          "identifier": "acb3fbb9-c8c6-411e-a63c-1a45af964849",
          "smiles": "Cn1cc(-c2cnc3ccc(Br)cc3n2)cn1",
          "state_of_matter": "SOLID",
          "molecular_weight": 290.1386000000002,
          "density": 1.4,
          "mass": 290.1386000000002,
          "is_produced_by": [
            "8250a4f8-7f3b-45ee-b5a2-f9e7b0ee1c58"
          ],
          "is_consumed_by": [],
          "provenance__density": "dummy estimator based on mw",
          "provenance__is_consumed_by": null,
          "provenance__is_produced_by": null,
          "provenance__mass": null,
          "provenance__molecular_weight": "periodic table",
          "provenance__smiles": null,
          "provenance__state_of_matter": "dummy estimator based on mw"
        }
      ],
      "stoichiometry": {
        "499bf4d7-1783-49ee-ae26-f71905f21467": 1.0,
        "5fd4990e-85b7-424b-859a-5dbe69d64341": 1.0,
        "acb3fbb9-c8c6-411e-a63c-1a45af964849": -1.0
      },
      "temperature": 361.2041098773479,
      "intended_ratios": {
        "499bf4d7-1783-49ee-ae26-f71905f21467": 1.0,
        "5fd4990e-85b7-424b-859a-5dbe69d64341": 1.0,
        "0264d1cd-07f0-4fc1-809a-c8b9bab76ed8": 1.0,
        "7a3bda97-5270-4ff1-bde6-2ae2c69320be": 1.0,
        "96580844-96b4-4e51-a17e-3a71eb415a71": 1.0,
        "91167de6-7d7a-448d-be3b-8b52338d41e4": 1.0
      },
      "expected_yields": {
        "acb3fbb9-c8c6-411e-a63c-1a45af964849": 1.0
      },
      "reaction_extent": 1.0
    },
    {
      "identifier": "360ecf90-c632-4867-9f03-e958ab732e90",
      "reactants": [
        {
          "identifier": "7e17a175-70b3-4493-bd5c-4e8b1c89adab",
          "smiles": "FC(F)(F)Oc1ccc(CBr)cc1",
          "state_of_matter": "SOLID",
          "molecular_weight": 255.03184959999987,
          "density": 1.4,
          "mass": 255.03184959999987,
          "is_produced_by": [],
          "is_consumed_by": [
            "360ecf90-c632-4867-9f03-e958ab732e90"
          ],
          "provenance__density": "dummy estimator based on mw",
          "provenance__is_consumed_by": null,
          "provenance__is_produced_by": null,
          "provenance__mass": null,
          "provenance__molecular_weight": "periodic table",
          "provenance__smiles": null,
          "provenance__state_of_matter": "dummy estimator based on mw"
        },
        {
          "identifier": "1c5cbe79-082c-4b5a-8838-d352949c7969",
          "smiles": "O=[N+]([O-])c1cn(CC(O)COCc2ccccc2)c(Br)n1",
          "state_of_matter": "SOLID",
          "molecular_weight": 357.1799000000002,
          "density": 1.4,
          "mass": 357.1799000000002,
          "is_produced_by": [],
          "is_consumed_by": [
            "360ecf90-c632-4867-9f03-e958ab732e90"
          ],
          "provenance__density": "dummy estimator based on mw",
          "provenance__is_consumed_by": null,
          "provenance__is_produced_by": null,
          "provenance__mass": null,
          "provenance__molecular_weight": "periodic table",
          "provenance__smiles": null,
          "provenance__state_of_matter": "dummy estimator based on mw"
        }
      ],
      "reagents": [
        {
          "identifier": "fbbb84cb-afbe-4171-bff8-2371344af88e",
          "smiles": "CN(C)C=O",
          "state_of_matter": "LIQUID",
          "molecular_weight": 73.09378000000004,
          "density": 1.0,
          "mass": 73.09378000000004,
          "is_produced_by": [],
          "is_consumed_by": [
            "360ecf90-c632-4867-9f03-e958ab732e90"
          ],
          "provenance__density": "dummy estimator based on mw",
          "provenance__is_consumed_by": null,
          "provenance__is_produced_by": null,
          "provenance__mass": null,
          "provenance__molecular_weight": "periodic table",
          "provenance__smiles": null,
          "provenance__state_of_matter": "dummy estimator based on mw"
        },
        {
          "identifier": "90f3e213-3434-4075-8118-18193507cc98",
          "smiles": "[NaH]",
          "state_of_matter": "SOLID",
          "molecular_weight": 23.99771,
          "density": 1.4,
          "mass": 23.99771,
          "is_produced_by": [],
          "is_consumed_by": [
            "360ecf90-c632-4867-9f03-e958ab732e90"
          ],
          "provenance__density": "dummy estimator based on mw",
          "provenance__is_consumed_by": null,
          "provenance__is_produced_by": null,
          "provenance__mass": null,
          "provenance__molecular_weight": "periodic table",
          "provenance__smiles": null,
          "provenance__state_of_matter": "dummy estimator based on mw"
        }
      ],
      "products": [
        {
          "identifier": "91d88a19-f1e6-45f4-9448-4c4f5bd5c894",
          "smiles": "O=[N+]([O-])c1cn(CC(COCc2ccccc2)OCc2ccc(OC(F)(F)F)cc2)c(Br)n1",
          "state_of_matter": "SOLID",
          "molecular_weight": 531.2998095999991,
          "density": 1.4,
          "mass": 531.2998095999991,
          "is_produced_by": [
            "360ecf90-c632-4867-9f03-e958ab732e90"
          ],
          "is_consumed_by": [],
          "provenance__density": "dummy estimator based on mw",
          "provenance__is_consumed_by": null,
          "provenance__is_produced_by": null,
          "provenance__mass": null,
          "provenance__molecular_weight": "periodic table",
          "provenance__smiles": null,
          "provenance__state_of_matter": "dummy estimator based on mw"
        }
      ],
      "stoichiometry": {
        "7e17a175-70b3-4493-bd5c-4e8b1c89adab": 1.0,
        "1c5cbe79-082c-4b5a-8838-d352949c7969": 1.0,
        "91d88a19-f1e6-45f4-9448-4c4f5bd5c894": -1.0
      },
      "temperature": 279.3248981773853,
      "intended_ratios": {
        "7e17a175-70b3-4493-bd5c-4e8b1c89adab": 1.0,
        "1c5cbe79-082c-4b5a-8838-d352949c7969": 1.0,
        "fbbb84cb-afbe-4171-bff8-2371344af88e": 1.0,
        "90f3e213-3434-4075-8118-18193507cc98": 1.0
      },
      "expected_yields": {
        "91d88a19-f1e6-45f4-9448-4c4f5bd5c894": 1.0
      },
      "reaction_extent": 1.0
    },
    {
      "identifier": "abc7a697-836b-41c4-9d3c-7c1414feeab1",
      "reactants": [
        {
          "identifier": "461df629-dc1e-492f-bcf1-cbac535ab4b6",
          "smiles": "NC(=O)c1ccccc1N",
          "state_of_matter": "LIQUID",
          "molecular_weight": 136.15121999999994,
          "density": 1.0,
          "mass": 136.15121999999994,
          "is_produced_by": [],
          "is_consumed_by": [
            "abc7a697-836b-41c4-9d3c-7c1414feeab1"
          ],
          "provenance__density": "dummy estimator based on mw",
          "provenance__is_consumed_by": null,
          "provenance__is_produced_by": null,
          "provenance__mass": null,
          "provenance__molecular_weight": "periodic table",
          "provenance__smiles": null,
          "provenance__state_of_matter": "dummy estimator based on mw"
        },
        {
          "identifier": "06c2aba1-6e54-4112-abcc-d19b66639e34",
          "smiles": "O=Cc1cccc(O)c1",
          "state_of_matter": "LIQUID",
          "molecular_weight": 122.12134000000003,
          "density": 1.0,
          "mass": 122.12134000000003,
          "is_produced_by": [],
          "is_consumed_by": [
            "abc7a697-836b-41c4-9d3c-7c1414feeab1"
          ],
          "provenance__density": "dummy estimator based on mw",
          "provenance__is_consumed_by": null,
          "provenance__is_produced_by": null,
          "provenance__mass": null,
          "provenance__molecular_weight": "periodic table",
          "provenance__smiles": null,
          "provenance__state_of_matter": "dummy estimator based on mw"
        }
      ],
      "reagents": [
        {
          "identifier": "4d0f1fde-33c2-460c-bc6a-6859ee247141",
          "smiles": "O",
          "state_of_matter": "LIQUID",
          "molecular_weight": 18.01528,
          "density": 1.0,
          "mass": 18.01528,
          "is_produced_by": [],
          "is_consumed_by": [
            "abc7a697-836b-41c4-9d3c-7c1414feeab1"
          ],
          "provenance__density": "dummy estimator based on mw",
          "provenance__is_consumed_by": null,
          "provenance__is_produced_by": null,
          "provenance__mass": null,
          "provenance__molecular_weight": "periodic table",
          "provenance__smiles": null,
          "provenance__state_of_matter": "dummy estimator based on mw"
        },
        {
          "identifier": "fee7d0dd-011f-4840-9b3a-d375c719b261",
          "smiles": "Cc1ccc(S(=O)(=O)O)cc1",
          "state_of_matter": "LIQUID",
          "molecular_weight": 172.20161999999988,
          "density": 1.0,
          "mass": 172.20161999999988,
          "is_produced_by": [],
          "is_consumed_by": [
            "abc7a697-836b-41c4-9d3c-7c1414feeab1"
          ],
          "provenance__density": "dummy estimator based on mw",
          "provenance__is_consumed_by": null,
          "provenance__is_produced_by": null,
          "provenance__mass": null,
          "provenance__molecular_weight": "periodic table",
          "provenance__smiles": null,
          "provenance__state_of_matter": "dummy estimator based on mw"
        },
        {
          "identifier": "df8f92bd-de3f-4be9-9c87-303201a930af",
          "smiles": "CC(=O)N(C)C",
          "state_of_matter": "LIQUID",
          "molecular_weight": 87.12036000000005,
          "density": 1.0,
          "mass": 87.12036000000005,
          "is_produced_by": [],
          "is_consumed_by": [
            "abc7a697-836b-41c4-9d3c-7c1414feeab1"
          ],
          "provenance__density": "dummy estimator based on mw",
          "provenance__is_consumed_by": null,
          "provenance__is_produced_by": null,
          "provenance__mass": null,
          "provenance__molecular_weight": "periodic table",
          "provenance__smiles": null,
          "provenance__state_of_matter": "dummy estimator based on mw"
        },
        {
          "identifier": "81cc58ce-8c44-4a62-9aae-792a1c35e8bc",
          "smiles": "O=S(O)O[Na]",
          "state_of_matter": "SOLID",
          "molecular_weight": 104.06090999999999,
          "density": 1.4,
          "mass": 104.06090999999999,
          "is_produced_by": [],
          "is_consumed_by": [
            "abc7a697-836b-41c4-9d3c-7c1414feeab1"
          ],
          "provenance__density": "dummy estimator based on mw",
          "provenance__is_consumed_by": null,
          "provenance__is_produced_by": null,
          "provenance__mass": null,
          "provenance__molecular_weight": "periodic table",
          "provenance__smiles": null,
          "provenance__state_of_matter": "dummy estimator based on mw"
        }
      ],
      "products": [
        {
          "identifier": "9efe88ab-8dfa-4ea3-84a1-f20f20e4763d",
          "smiles": "O=c1[nH]c(-c2cccc(O)c2)nc2ccccc12",
          "state_of_matter": "SOLID",
          "molecular_weight": 238.24139999999983,
          "density": 1.4,
          "mass": 238.24139999999983,
          "is_produced_by": [
            "abc7a697-836b-41c4-9d3c-7c1414feeab1"
          ],
          "is_consumed_by": [],
          "provenance__density": "dummy estimator based on mw",
          "provenance__is_consumed_by": null,
          "provenance__is_produced_by": null,
          "provenance__mass": null,
          "provenance__molecular_weight": "periodic table",
          "provenance__smiles": null,
          "provenance__state_of_matter": "dummy estimator based on mw"
        }
      ],
      "stoichiometry": {
        "461df629-dc1e-492f-bcf1-cbac535ab4b6": 1.0,
        "06c2aba1-6e54-4112-abcc-d19b66639e34": 1.0,
        "9efe88ab-8dfa-4ea3-84a1-f20f20e4763d": -1.0
      },
      "temperature": 409.73255438804625,
      "intended_ratios": {
        "461df629-dc1e-492f-bcf1-cbac535ab4b6": 1.0,
        "06c2aba1-6e54-4112-abcc-d19b66639e34": 1.0,
        "4d0f1fde-33c2-460c-bc6a-6859ee247141": 1.0,
        "fee7d0dd-011f-4840-9b3a-d375c719b261": 1.0,
        "df8f92bd-de3f-4be9-9c87-303201a930af": 1.0,
        "81cc58ce-8c44-4a62-9aae-792a1c35e8bc": 1.0
      },
      "expected_yields": {
        "9efe88ab-8dfa-4ea3-84a1-f20f20e4763d": 1.0
      },
      "reaction_extent": 1.0
    },
    {
      "identifier": "16fd950c-bce0-4b42-9d5d-30f6bac9596e",
      "reactants": [
        {
          "identifier": "3b7795f8-c25f-4719-895e-1d5558e2aa13",
          "smiles": "Nc1ccc2[nH]ncc2c1",
          "state_of_matter": "LIQUID",
          "molecular_weight": 133.15057999999996,
          "density": 1.0,
          "mass": 133.15057999999996,
          "is_produced_by": [],
          "is_consumed_by": [
            "16fd950c-bce0-4b42-9d5d-30f6bac9596e"
          ],
          "provenance__density": "dummy estimator based on mw",
          "provenance__is_consumed_by": null,
          "provenance__is_produced_by": null,
          "provenance__mass": null,
          "provenance__molecular_weight": "periodic table",
          "provenance__smiles": null,
          "provenance__state_of_matter": "dummy estimator based on mw"
        },
        {
          "identifier": "bccee300-aca6-4c07-a0c5-5cccbb5b3a29",
          "smiles": "Oc1cccc(-c2nc(Cl)c3ccccc3n2)c1",
          "state_of_matter": "SOLID",
          "molecular_weight": 256.68705999999986,
          "density": 1.4,
          "mass": 256.68705999999986,
          "is_produced_by": [],
          "is_consumed_by": [
            "16fd950c-bce0-4b42-9d5d-30f6bac9596e"
          ],
          "provenance__density": "dummy estimator based on mw",
          "provenance__is_consumed_by": null,
          "provenance__is_produced_by": null,
          "provenance__mass": null,
          "provenance__molecular_weight": "periodic table",
          "provenance__smiles": null,
          "provenance__state_of_matter": "dummy estimator based on mw"
        }
      ],
      "reagents": [
        {
          "identifier": "2ee19f8b-6ea3-4cf2-82ba-1f5eb74d3bfd",
          "smiles": "CCO",
          "state_of_matter": "LIQUID",
          "molecular_weight": 46.06843999999999,
          "density": 1.0,
          "mass": 46.06843999999999,
          "is_produced_by": [],
          "is_consumed_by": [
            "16fd950c-bce0-4b42-9d5d-30f6bac9596e"
          ],
          "provenance__density": "dummy estimator based on mw",
          "provenance__is_consumed_by": null,
          "provenance__is_produced_by": null,
          "provenance__mass": null,
          "provenance__molecular_weight": "periodic table",
          "provenance__smiles": null,
          "provenance__state_of_matter": "dummy estimator based on mw"
        }
      ],
      "products": [
        {
          "identifier": "e65f4b71-1ee2-4abb-9b53-567a036ca75d",
          "smiles": "Oc1cccc(-c2nc(Nc3ccc4[nH]ncc4c3)c3ccccc3n2)c1",
          "state_of_matter": "SOLID",
          "molecular_weight": 353.37670000000014,
          "density": 1.4,
          "mass": 353.37670000000014,
          "is_produced_by": [
            "16fd950c-bce0-4b42-9d5d-30f6bac9596e"
          ],
          "is_consumed_by": [],
          "provenance__density": "dummy estimator based on mw",
          "provenance__is_consumed_by": null,
          "provenance__is_produced_by": null,
          "provenance__mass": null,
          "provenance__molecular_weight": "periodic table",
          "provenance__smiles": null,
          "provenance__state_of_matter": "dummy estimator based on mw"
        }
      ],
      "stoichiometry": {
        "3b7795f8-c25f-4719-895e-1d5558e2aa13": 1.0,
        "bccee300-aca6-4c07-a0c5-5cccbb5b3a29": 1.0,
        "e65f4b71-1ee2-4abb-9b53-567a036ca75d": -1.0
      },
      "temperature": 340.5299314498901,
      "intended_ratios": {
        "3b7795f8-c25f-4719-895e-1d5558e2aa13": 1.0,
        "bccee300-aca6-4c07-a0c5-5cccbb5b3a29": 1.0,
        "2ee19f8b-6ea3-4cf2-82ba-1f5eb74d3bfd": 1.0
      },
      "expected_yields": {
        "e65f4b71-1ee2-4abb-9b53-567a036ca75d": 1.0
      },
      "reaction_extent": 1.0
    },
    {
      "identifier": "abcc5fa3-d309-446d-bdfa-4045c9ecc5c0",
      "reactants": [
        {
          "identifier": "f890b5ee-bf93-4e49-96e4-9475918e4d2a",
          "smiles": "O=[N+]([O-])c1c[nH]c(Br)n1",
          "state_of_matter": "LIQUID",
          "molecular_weight": 191.97087999999997,
          "density": 1.0,
          "mass": 191.97087999999997,
          "is_produced_by": [],
          "is_consumed_by": [
            "abcc5fa3-d309-446d-bdfa-4045c9ecc5c0"
          ],
          "provenance__density": "dummy estimator based on mw",
          "provenance__is_consumed_by": null,
          "provenance__is_produced_by": null,
          "provenance__mass": null,
          "provenance__molecular_weight": "periodic table",
          "provenance__smiles": null,
          "provenance__state_of_matter": "dummy estimator based on mw"
        },
        {
          "identifier": "db8936c3-9caa-4967-85d8-19a26597d158",
          "smiles": "c1ccc(COCC2CO2)cc1",
          "state_of_matter": "LIQUID",
          "molecular_weight": 164.20107999999988,
          "density": 1.0,
          "mass": 164.20107999999988,
          "is_produced_by": [],
          "is_consumed_by": [
            "abcc5fa3-d309-446d-bdfa-4045c9ecc5c0"
          ],
          "provenance__density": "dummy estimator based on mw",
          "provenance__is_consumed_by": null,
          "provenance__is_produced_by": null,
          "provenance__mass": null,
          "provenance__molecular_weight": "periodic table",
          "provenance__smiles": null,
          "provenance__state_of_matter": "dummy estimator based on mw"
        }
      ],
      "reagents": [
        {
          "identifier": "b4de9ad7-4039-4f46-9c7c-fb8f50d078b3",
          "smiles": "CO",
          "state_of_matter": "LIQUID",
          "molecular_weight": 32.04186000000001,
          "density": 1.0,
          "mass": 32.04186000000001,
          "is_produced_by": [],
          "is_consumed_by": [
            "abcc5fa3-d309-446d-bdfa-4045c9ecc5c0"
          ],
          "provenance__density": "dummy estimator based on mw",
          "provenance__is_consumed_by": null,
          "provenance__is_produced_by": null,
          "provenance__mass": null,
          "provenance__molecular_weight": "periodic table",
          "provenance__smiles": null,
          "provenance__state_of_matter": "dummy estimator based on mw"
        }
      ],
      "products": [
        {
          "identifier": "f70d588a-da91-457e-b354-be0cf144cb37",
          "smiles": "O=[N+]([O-])c1cn(CC(O)COCc2ccccc2)c(Br)n1",
          "state_of_matter": "SOLID",
          "molecular_weight": 357.1799000000002,
          "density": 1.4,
          "mass": 357.1799000000002,
          "is_produced_by": [
            "abcc5fa3-d309-446d-bdfa-4045c9ecc5c0"
          ],
          "is_consumed_by": [],
          "provenance__density": "dummy estimator based on mw",
          "provenance__is_consumed_by": null,
          "provenance__is_produced_by": null,
          "provenance__mass": null,
          "provenance__molecular_weight": "periodic table",
          "provenance__smiles": null,
          "provenance__state_of_matter": "dummy estimator based on mw"
        }
      ],
      "stoichiometry": {
        "f890b5ee-bf93-4e49-96e4-9475918e4d2a": 1.0,
        "db8936c3-9caa-4967-85d8-19a26597d158": 1.0,
        "f70d588a-da91-457e-b354-be0cf144cb37": -1.0
      },
      "temperature": 323.39270448088644,
      "intended_ratios": {
        "f890b5ee-bf93-4e49-96e4-9475918e4d2a": 1.0,
        "db8936c3-9caa-4967-85d8-19a26597d158": 1.0,
        "b4de9ad7-4039-4f46-9c7c-fb8f50d078b3": 1.0
      },
      "expected_yields": {
        "f70d588a-da91-457e-b354-be0cf144cb37": 1.0
      },
      "reaction_extent": 1.0
    },
    {
      "identifier": "ab901ef2-5572-4821-ad8e-5a55eff78078",
      "reactants": [
        {
          "identifier": "40a4376c-48c6-4a57-b0b2-c52efa01ff5b",
          "smiles": "O=[N+]([O-])c1cn(CC(CO)OCc2ccc(OC(F)(F)F)cc2)c(Br)n1",
          "state_of_matter": "SOLID",
          "molecular_weight": 441.17726960000016,
          "density": 1.4,
          "mass": 441.17726960000016,
          "is_produced_by": [],
          "is_consumed_by": [
            "ab901ef2-5572-4821-ad8e-5a55eff78078"
          ],
          "provenance__density": "dummy estimator based on mw",
          "provenance__is_consumed_by": null,
          "provenance__is_produced_by": null,
          "provenance__mass": null,
          "provenance__molecular_weight": "periodic table",
          "provenance__smiles": null,
          "provenance__state_of_matter": "dummy estimator based on mw"
        }
      ],
      "reagents": [
        {
          "identifier": "d0b3a12b-8921-4ec6-9692-92f6e65a6670",
          "smiles": "CN(C)C=O",
          "state_of_matter": "LIQUID",
          "molecular_weight": 73.09378000000004,
          "density": 1.0,
          "mass": 73.09378000000004,
          "is_produced_by": [],
          "is_consumed_by": [
            "ab901ef2-5572-4821-ad8e-5a55eff78078"
          ],
          "provenance__density": "dummy estimator based on mw",
          "provenance__is_consumed_by": null,
          "provenance__is_produced_by": null,
          "provenance__mass": null,
          "provenance__molecular_weight": "periodic table",
          "provenance__smiles": null,
          "provenance__state_of_matter": "dummy estimator based on mw"
        },
        {
          "identifier": "278e3a26-800d-47b4-879a-d5344eb89f9b",
          "smiles": "[NaH]",
          "state_of_matter": "SOLID",
          "molecular_weight": 23.99771,
          "density": 1.4,
          "mass": 23.99771,
          "is_produced_by": [],
          "is_consumed_by": [
            "ab901ef2-5572-4821-ad8e-5a55eff78078"
          ],
          "provenance__density": "dummy estimator based on mw",
          "provenance__is_consumed_by": null,
          "provenance__is_produced_by": null,
          "provenance__mass": null,
          "provenance__molecular_weight": "periodic table",
          "provenance__smiles": null,
          "provenance__state_of_matter": "dummy estimator based on mw"
        }
      ],
      "products": [
        {
          "identifier": "0540bd83-4b99-4bbd-99d3-3ce9f0317f89",
          "smiles": "O=[N+]([O-])c1cn2c(n1)OCC(OCc1ccc(OC(F)(F)F)cc1)C2",
          "state_of_matter": "SOLID",
          "molecular_weight": 360.26532960000014,
          "density": 1.4,
          "mass": 360.26532960000014,
          "is_produced_by": [
            "ab901ef2-5572-4821-ad8e-5a55eff78078"
          ],
          "is_consumed_by": [],
          "provenance__density": "dummy estimator based on mw",
          "provenance__is_consumed_by": null,
          "provenance__is_produced_by": null,
          "provenance__mass": null,
          "provenance__molecular_weight": "periodic table",
          "provenance__smiles": null,
          "provenance__state_of_matter": "dummy estimator based on mw"
        }
      ],
      "stoichiometry": {
        "40a4376c-48c6-4a57-b0b2-c52efa01ff5b": 1.0,
        "0540bd83-4b99-4bbd-99d3-3ce9f0317f89": -1.0
      },
      "temperature": 315.6288124144077,
      "intended_ratios": {
        "40a4376c-48c6-4a57-b0b2-c52efa01ff5b": 1.0,
        "d0b3a12b-8921-4ec6-9692-92f6e65a6670": 1.0,
        "278e3a26-800d-47b4-879a-d5344eb89f9b": 1.0
      },
      "expected_yields": {
        "0540bd83-4b99-4bbd-99d3-3ce9f0317f89": 1.0
      },
      "reaction_extent": 1.0
    },
    {
      "identifier": "c467146d-778a-481e-baca-3471b6432413",
      "reactants": [
        {
          "identifier": "19277ef7-92ab-4443-a55d-c461a13fffe9",
          "smiles": "O=[N+]([O-])c1cn(CC(COCc2ccccc2)OCc2ccc(OC(F)(F)F)cc2)c(Br)n1",
          "state_of_matter": "SOLID",
          "molecular_weight": 531.2998095999991,
          "density": 1.4,
          "mass": 531.2998095999991,
          "is_produced_by": [],
          "is_consumed_by": [
            "c467146d-778a-481e-baca-3471b6432413"
          ],
          "provenance__density": "dummy estimator based on mw",
          "provenance__is_consumed_by": null,
          "provenance__is_produced_by": null,
          "provenance__mass": null,
          "provenance__molecular_weight": "periodic table",
          "provenance__smiles": null,
          "provenance__state_of_matter": "dummy estimator based on mw"
        }
      ],
      "reagents": [
        {
          "identifier": "153345a2-821e-481e-b2c8-0bbd99265826",
          "smiles": "CCO",
          "state_of_matter": "LIQUID",
          "molecular_weight": 46.06843999999999,
          "density": 1.0,
          "mass": 46.06843999999999,
          "is_produced_by": [],
          "is_consumed_by": [
            "c467146d-778a-481e-baca-3471b6432413"
          ],
          "provenance__density": "dummy estimator based on mw",
          "provenance__is_consumed_by": null,
          "provenance__is_produced_by": null,
          "provenance__mass": null,
          "provenance__molecular_weight": "periodic table",
          "provenance__smiles": null,
          "provenance__state_of_matter": "dummy estimator based on mw"
        }
      ],
      "products": [
        {
          "identifier": "54df7af2-5dd5-4860-9eda-5a7e08b43c38",
          "smiles": "O=[N+]([O-])c1cn(CC(CO)OCc2ccc(OC(F)(F)F)cc2)c(Br)n1",
          "state_of_matter": "SOLID",
          "molecular_weight": 441.17726960000016,
          "density": 1.4,
          "mass": 441.17726960000016,
          "is_produced_by": [
            "c467146d-778a-481e-baca-3471b6432413"
          ],
          "is_consumed_by": [],
          "provenance__density": "dummy estimator based on mw",
          "provenance__is_consumed_by": null,
          "provenance__is_produced_by": null,
          "provenance__mass": null,
          "provenance__molecular_weight": "periodic table",
          "provenance__smiles": null,
          "provenance__state_of_matter": "dummy estimator based on mw"
        }
      ],
      "stoichiometry": {
        "19277ef7-92ab-4443-a55d-c461a13fffe9": 1.0,
        "54df7af2-5dd5-4860-9eda-5a7e08b43c38": -1.0
      },
      "temperature": 321.5209745943546,
      "intended_ratios": {
        "19277ef7-92ab-4443-a55d-c461a13fffe9": 1.0,
        "153345a2-821e-481e-b2c8-0bbd99265826": 1.0
      },
      "expected_yields": {
        "54df7af2-5dd5-4860-9eda-5a7e08b43c38": 1.0
      },
      "reaction_extent": 1.0
    },
    {
      "identifier": "e260cecf-b3b4-47a9-a999-feff0de121e1",
      "reactants": [
        {
          "identifier": "9affd134-b1fc-4bbe-a856-97ecbfe73b63",
          "smiles": "O=c1[nH]c(-c2cccc(O)c2)nc2ccccc12",
          "state_of_matter": "SOLID",
          "molecular_weight": 238.24139999999983,
          "density": 1.4,
          "mass": 238.24139999999983,
          "is_produced_by": [],
          "is_consumed_by": [
            "e260cecf-b3b4-47a9-a999-feff0de121e1"
          ],
          "provenance__density": "dummy estimator based on mw",
          "provenance__is_consumed_by": null,
          "provenance__is_produced_by": null,
          "provenance__mass": null,
          "provenance__molecular_weight": "periodic table",
          "provenance__smiles": null,
          "provenance__state_of_matter": "dummy estimator based on mw"
        }
      ],
      "reagents": [
        {
          "identifier": "d336d623-cd54-4a89-bef5-77791b1e69f3",
          "smiles": "CN(C)C=O",
          "state_of_matter": "LIQUID",
          "molecular_weight": 73.09378000000004,
          "density": 1.0,
          "mass": 73.09378000000004,
          "is_produced_by": [],
          "is_consumed_by": [
            "e260cecf-b3b4-47a9-a999-feff0de121e1"
          ],
          "provenance__density": "dummy estimator based on mw",
          "provenance__is_consumed_by": null,
          "provenance__is_produced_by": null,
          "provenance__mass": null,
          "provenance__molecular_weight": "periodic table",
          "provenance__smiles": null,
          "provenance__state_of_matter": "dummy estimator based on mw"
        },
        {
          "identifier": "8397d754-c8bf-41e0-8a74-601fd2c09770",
          "smiles": "O=S(Cl)Cl",
          "state_of_matter": "LIQUID",
          "molecular_weight": 118.97040000000001,
          "density": 1.0,
          "mass": 118.97040000000001,
          "is_produced_by": [],
          "is_consumed_by": [
            "e260cecf-b3b4-47a9-a999-feff0de121e1"
          ],
          "provenance__density": "dummy estimator based on mw",
          "provenance__is_consumed_by": null,
          "provenance__is_produced_by": null,
          "provenance__mass": null,
          "provenance__molecular_weight": "periodic table",
          "provenance__smiles": null,
          "provenance__state_of_matter": "dummy estimator based on mw"
        }
      ],
      "products": [
        {
          "identifier": "7ba79943-347c-4828-8833-4796c8a57220",
          "smiles": "Oc1cccc(-c2nc(Cl)c3ccccc3n2)c1",
          "state_of_matter": "SOLID",
          "molecular_weight": 256.68705999999986,
          "density": 1.4,
          "mass": 256.68705999999986,
          "is_produced_by": [
            "e260cecf-b3b4-47a9-a999-feff0de121e1"
          ],
          "is_consumed_by": [],
          "provenance__density": "dummy estimator based on mw",
          "provenance__is_consumed_by": null,
          "provenance__is_produced_by": null,
          "provenance__mass": null,
          "provenance__molecular_weight": "periodic table",
          "provenance__smiles": null,
          "provenance__state_of_matter": "dummy estimator based on mw"
        }
      ],
      "stoichiometry": {
        "9affd134-b1fc-4bbe-a856-97ecbfe73b63": 1.0,
        "7ba79943-347c-4828-8833-4796c8a57220": -1.0
      },
      "temperature": 305.41619151234624,
      "intended_ratios": {
        "9affd134-b1fc-4bbe-a856-97ecbfe73b63": 1.0,
        "d336d623-cd54-4a89-bef5-77791b1e69f3": 1.0,
        "8397d754-c8bf-41e0-8a74-601fd2c09770": 1.0
      },
      "expected_yields": {
        "7ba79943-347c-4828-8833-4796c8a57220": 1.0
      },
      "reaction_extent": 1.0
    }
  ],
  "molecular_nodes": [
    "C1=C[C-](P(c2ccccc2)c2ccccc2)C=C1.C1=C[C-](P(c2ccccc2)c2ccccc2)C=C1.[Fe+2]",
    "C1COCCO1",
    "CC(=O)C1CCC2C3CCC4CC(=O)CCC4(C)C3CCC12C",
    "CC(=O)C1CCC2C3CCC4CC(O)CCC4(C)C3CCC12C",
    "CC(=O)N(C)C",
    "CC(C)(C)O[Na]",
    "CC(C)N",
    "CC(C)NC(=O)COc1cccc(-c2nc(Nc3ccc4[nH]ncc4c3)c3ccccc3n2)c1",
    "CC(C)n1nccc1-c1ncccc1CCl",
    "CC(C)n1nccc1-c1ncccc1CO",
    "CC(C)n1nccc1-c1ncccc1COc1cccc(O)c1C=O",
    "CC(C)n1nccc1B1OC(C)(C)C(C)(C)O1",
    "CCN(C(C)C)C(C)C",
    "CCN(CC)CC",
    "CCO",
    "CN(C)C=O",
    "CO",
    "COC(=O)CBr",
    "COC(=O)COc1cccc(-c2nc(Nc3ccc4[nH]ncc4c3)c3ccccc3n2)c1",
    "COc1cc(N)cc(OC)c1",
    "COc1cc(Nc2ccc3ncc(-c4cnn(C)c4)nc3c2)cc(OC)c1",
    "COc1cc(OC)cc(N(CCCl)c2ccc3ncc(-c4cnn(C)c4)nc3c2)c1",
    "COc1cc(OC)cc(N(CCNC(C)C)c2ccc3ncc(-c4cnn(C)c4)nc3c2)c1",
    "CS(=O)(=O)Cl",
    "Cc1ccc(S(=O)(=O)O)cc1",
    "Cl",
    "ClCCBr",
    "ClCCl",
    "Cl[Pd]Cl",
    "Clc1cnc2ccc(Br)cc2n1",
    "Cn1cc(-c2cnc3ccc(Br)cc3n2)cn1",
    "Cn1cc(B2OC(C)(C)C(C)(C)O2)cn1",
    "FC(F)(F)Oc1ccc(CBr)cc1",
    "F[P-](F)(F)(F)(F)F.c1ccc2c(c1)nnn2O[P+](N1CCCC1)(N1CCCC1)N1CCCC1",
    "NC(=O)c1ccccc1N",
    "Nc1ccc2[nH]ncc2c1",
    "O",
    "O=C(O)COc1cccc(-c2nc(Nc3ccc4[nH]ncc4c3)c3ccccc3n2)c1",
    "O=C(O)O[Na]",
    "O=C(O[Cs])O[Cs]",
    "O=C(O[K])O[K]",
    "O=Cc1c(O)cccc1O",
    "O=Cc1cccc(O)c1",
    "O=S(Cl)Cl",
    "O=S(O)O[Na]",
    "O=[N+]([O-])c1c[nH]c(Br)n1",
    "O=[N+]([O-])c1cn(CC(CO)OCc2ccc(OC(F)(F)F)cc2)c(Br)n1",
    "O=[N+]([O-])c1cn(CC(COCc2ccccc2)OCc2ccc(OC(F)(F)F)cc2)c(Br)n1",
    "O=[N+]([O-])c1cn(CC(O)COCc2ccccc2)c(Br)n1",
    "O=[N+]([O-])c1cn2c(n1)OCC(OCc1ccc(OC(F)(F)F)cc1)C2",
    "O=c1[nH]c(-c2cccc(O)c2)nc2ccccc12",
    "OCc1cccnc1Cl",
    "Oc1cccc(-c2nc(Cl)c3ccccc3n2)c1",
    "Oc1cccc(-c2nc(Nc3ccc4[nH]ncc4c3)c3ccccc3n2)c1",
    "[NaH]",
    "[Na]",
    "[Pd]",
    "c1ccc(COCC2CO2)cc1"
  ],
  "edges": [
    [
      "16fd950c-bce0-4b42-9d5d-30f6bac9596e",
      "Oc1cccc(-c2nc(Nc3ccc4[nH]ncc4c3)c3ccccc3n2)c1"
    ],
    [
      "360ecf90-c632-4867-9f03-e958ab732e90",
      "O=[N+]([O-])c1cn(CC(COCc2ccccc2)OCc2ccc(OC(F)(F)F)cc2)c(Br)n1"
    ],
    [
      "3eaad99c-b137-4f71-ae00-3f48229f990e",
      "CC(C)n1nccc1-c1ncccc1COc1cccc(O)c1C=O"
    ],
    [
      "52f970af-35e8-409c-b213-32a9f6ce64ce",
      "COC(=O)COc1cccc(-c2nc(Nc3ccc4[nH]ncc4c3)c3ccccc3n2)c1"
    ],
    [
      "5f8690a3-c386-4745-8098-1e6d279ce9f9",
      "CC(C)n1nccc1-c1ncccc1CCl"
    ],
    [
      "8250a4f8-7f3b-45ee-b5a2-f9e7b0ee1c58",
      "Cn1cc(-c2cnc3ccc(Br)cc3n2)cn1"
    ],
    [
      "884daa73-3645-48e6-b72e-fd52dd1e0a50",
      "COc1cc(OC)cc(N(CCNC(C)C)c2ccc3ncc(-c4cnn(C)c4)nc3c2)c1"
    ],
    [
      "9138c7ec-59fb-4a23-969f-42673d0bd58e",
      "CC(=O)C1CCC2C3CCC4CC(O)CCC4(C)C3CCC12C"
    ],
    [
      "9f3aa750-8a31-4194-9964-3722297dea18",
      "COc1cc(Nc2ccc3ncc(-c4cnn(C)c4)nc3c2)cc(OC)c1"
    ],
    [
      "C1=C[C-](P(c2ccccc2)c2ccccc2)C=C1.C1=C[C-](P(c2ccccc2)c2ccccc2)C=C1.[Fe+2]",
      "8250a4f8-7f3b-45ee-b5a2-f9e7b0ee1c58"
    ],
    [
      "C1COCCO1",
      "884daa73-3645-48e6-b72e-fd52dd1e0a50"
    ],
    [
      "C1COCCO1",
      "9f3aa750-8a31-4194-9964-3722297dea18"
    ],
    [
      "C1COCCO1",
      "bae41217-9f15-4f3b-8665-71629d862abb"
    ],
    [
      "CC(=O)C1CCC2C3CCC4CC(=O)CCC4(C)C3CCC12C",
      "9138c7ec-59fb-4a23-969f-42673d0bd58e"
    ],
    [
      "CC(=O)N(C)C",
      "abc7a697-836b-41c4-9d3c-7c1414feeab1"
    ],
    [
      "CC(C)(C)O[Na]",
      "9f3aa750-8a31-4194-9964-3722297dea18"
    ],
    [
      "CC(C)N",
      "884daa73-3645-48e6-b72e-fd52dd1e0a50"
    ],
    [
      "CC(C)N",
      "b7c7400f-0134-48f7-951c-f2852037a6ed"
    ],
    [
      "CC(C)n1nccc1-c1ncccc1CCl",
      "3eaad99c-b137-4f71-ae00-3f48229f990e"
    ],
    [
      "CC(C)n1nccc1-c1ncccc1CO",
      "5f8690a3-c386-4745-8098-1e6d279ce9f9"
    ],
    [
      "CC(C)n1nccc1B1OC(C)(C)C(C)(C)O1",
      "bae41217-9f15-4f3b-8665-71629d862abb"
    ],
    [
      "CCN(C(C)C)C(C)C",
      "b7c7400f-0134-48f7-951c-f2852037a6ed"
    ],
    [
      "CCN(C(C)C)C(C)C",
      "cf89bc50-671f-4556-bf8d-0fbc210cf51d"
    ],
    [
      "CCN(CC)CC",
      "5f8690a3-c386-4745-8098-1e6d279ce9f9"
    ],
    [
      "CCO",
      "16fd950c-bce0-4b42-9d5d-30f6bac9596e"
    ],
    [
      "CCO",
      "9138c7ec-59fb-4a23-969f-42673d0bd58e"
    ],
    [
      "CCO",
      "c467146d-778a-481e-baca-3471b6432413"
    ],
    [
      "CN(C)C=O",
      "360ecf90-c632-4867-9f03-e958ab732e90"
    ],
    [
      "CN(C)C=O",
      "3eaad99c-b137-4f71-ae00-3f48229f990e"
    ],
    [
      "CN(C)C=O",
      "52f970af-35e8-409c-b213-32a9f6ce64ce"
    ],
    [
      "CN(C)C=O",
      "8250a4f8-7f3b-45ee-b5a2-f9e7b0ee1c58"
    ],
    [
      "CN(C)C=O",
      "a490ddb6-18ef-4c42-a313-02d5544f266d"
    ],
    [
      "CN(C)C=O",
      "ab901ef2-5572-4821-ad8e-5a55eff78078"
    ],
    [
      "CN(C)C=O",
      "b7c7400f-0134-48f7-951c-f2852037a6ed"
    ],
    [
      "CN(C)C=O",
      "cf89bc50-671f-4556-bf8d-0fbc210cf51d"
    ],
    [
      "CN(C)C=O",
      "e260cecf-b3b4-47a9-a999-feff0de121e1"
    ],
    [
      "CO",
      "abcc5fa3-d309-446d-bdfa-4045c9ecc5c0"
    ],
    [
      "COC(=O)CBr",
      "52f970af-35e8-409c-b213-32a9f6ce64ce"
    ],
    [
      "COC(=O)COc1cccc(-c2nc(Nc3ccc4[nH]ncc4c3)c3ccccc3n2)c1",
      "cf89bc50-671f-4556-bf8d-0fbc210cf51d"
    ],
    [
      "COc1cc(N)cc(OC)c1",
      "9f3aa750-8a31-4194-9964-3722297dea18"
    ],
    [
      "COc1cc(Nc2ccc3ncc(-c4cnn(C)c4)nc3c2)cc(OC)c1",
      "a490ddb6-18ef-4c42-a313-02d5544f266d"
    ],
    [
      "COc1cc(OC)cc(N(CCCl)c2ccc3ncc(-c4cnn(C)c4)nc3c2)c1",
      "884daa73-3645-48e6-b72e-fd52dd1e0a50"
    ],
    [
      "CS(=O)(=O)Cl",
      "5f8690a3-c386-4745-8098-1e6d279ce9f9"
    ],
    [
      "Cc1ccc(S(=O)(=O)O)cc1",
      "abc7a697-836b-41c4-9d3c-7c1414feeab1"
    ],
    [
      "Cl",
      "3eaad99c-b137-4f71-ae00-3f48229f990e"
    ],
    [
      "ClCCBr",
      "a490ddb6-18ef-4c42-a313-02d5544f266d"
    ],
    [
      "ClCCl",
      "52f970af-35e8-409c-b213-32a9f6ce64ce"
    ],
    [
      "ClCCl",
      "5f8690a3-c386-4745-8098-1e6d279ce9f9"
    ],
    [
      "ClCCl",
      "b7c7400f-0134-48f7-951c-f2852037a6ed"
    ],
    [
      "ClCCl",
      "cf89bc50-671f-4556-bf8d-0fbc210cf51d"
    ],
    [
      "Cl[Pd]Cl",
      "8250a4f8-7f3b-45ee-b5a2-f9e7b0ee1c58"
    ],
    [
      "Clc1cnc2ccc(Br)cc2n1",
      "8250a4f8-7f3b-45ee-b5a2-f9e7b0ee1c58"
    ],
    [
      "Cn1cc(-c2cnc3ccc(Br)cc3n2)cn1",
      "9f3aa750-8a31-4194-9964-3722297dea18"
    ],
    [
      "Cn1cc(B2OC(C)(C)C(C)(C)O2)cn1",
      "8250a4f8-7f3b-45ee-b5a2-f9e7b0ee1c58"
    ],
    [
      "FC(F)(F)Oc1ccc(CBr)cc1",
      "360ecf90-c632-4867-9f03-e958ab732e90"
    ],
    [
      "F[P-](F)(F)(F)(F)F.c1ccc2c(c1)nnn2O[P+](N1CCCC1)(N1CCCC1)N1CCCC1",
      "b7c7400f-0134-48f7-951c-f2852037a6ed"
    ],
    [
      "F[P-](F)(F)(F)(F)F.c1ccc2c(c1)nnn2O[P+](N1CCCC1)(N1CCCC1)N1CCCC1",
      "cf89bc50-671f-4556-bf8d-0fbc210cf51d"
    ],
    [
      "NC(=O)c1ccccc1N",
      "abc7a697-836b-41c4-9d3c-7c1414feeab1"
    ],
    [
      "Nc1ccc2[nH]ncc2c1",
      "16fd950c-bce0-4b42-9d5d-30f6bac9596e"
    ],
    [
      "O",
      "a490ddb6-18ef-4c42-a313-02d5544f266d"
    ],
    [
      "O",
      "abc7a697-836b-41c4-9d3c-7c1414feeab1"
    ],
    [
      "O",
      "bae41217-9f15-4f3b-8665-71629d862abb"
    ],
    [
      "O=C(O)COc1cccc(-c2nc(Nc3ccc4[nH]ncc4c3)c3ccccc3n2)c1",
      "b7c7400f-0134-48f7-951c-f2852037a6ed"
    ],
    [
      "O=C(O)O[Na]",
      "bae41217-9f15-4f3b-8665-71629d862abb"
    ],
    [
      "O=C(O[Cs])O[Cs]",
      "8250a4f8-7f3b-45ee-b5a2-f9e7b0ee1c58"
    ],
    [
      "O=C(O[K])O[K]",
      "3eaad99c-b137-4f71-ae00-3f48229f990e"
    ],
    [
      "O=C(O[K])O[K]",
      "52f970af-35e8-409c-b213-32a9f6ce64ce"
    ],
    [
      "O=Cc1c(O)cccc1O",
      "3eaad99c-b137-4f71-ae00-3f48229f990e"
    ],
    [
      "O=Cc1cccc(O)c1",
      "abc7a697-836b-41c4-9d3c-7c1414feeab1"
    ],
    [
      "O=S(Cl)Cl",
      "e260cecf-b3b4-47a9-a999-feff0de121e1"
    ],
    [
      "O=S(O)O[Na]",
      "abc7a697-836b-41c4-9d3c-7c1414feeab1"
    ],
    [
      "O=[N+]([O-])c1c[nH]c(Br)n1",
      "abcc5fa3-d309-446d-bdfa-4045c9ecc5c0"
    ],
    [
      "O=[N+]([O-])c1cn(CC(CO)OCc2ccc(OC(F)(F)F)cc2)c(Br)n1",
      "ab901ef2-5572-4821-ad8e-5a55eff78078"
    ],
    [
      "O=[N+]([O-])c1cn(CC(COCc2ccccc2)OCc2ccc(OC(F)(F)F)cc2)c(Br)n1",
      "c467146d-778a-481e-baca-3471b6432413"
    ],
    [
      "O=[N+]([O-])c1cn(CC(O)COCc2ccccc2)c(Br)n1",
      "360ecf90-c632-4867-9f03-e958ab732e90"
    ],
    [
      "O=c1[nH]c(-c2cccc(O)c2)nc2ccccc12",
      "e260cecf-b3b4-47a9-a999-feff0de121e1"
    ],
    [
      "OCc1cccnc1Cl",
      "bae41217-9f15-4f3b-8665-71629d862abb"
    ],
    [
      "Oc1cccc(-c2nc(Cl)c3ccccc3n2)c1",
      "16fd950c-bce0-4b42-9d5d-30f6bac9596e"
    ],
    [
      "Oc1cccc(-c2nc(Nc3ccc4[nH]ncc4c3)c3ccccc3n2)c1",
      "52f970af-35e8-409c-b213-32a9f6ce64ce"
    ],
    [
      "[NaH]",
      "360ecf90-c632-4867-9f03-e958ab732e90"
    ],
    [
      "[NaH]",
      "a490ddb6-18ef-4c42-a313-02d5544f266d"
    ],
    [
      "[NaH]",
      "ab901ef2-5572-4821-ad8e-5a55eff78078"
    ],
    [
      "[Na]",
      "9138c7ec-59fb-4a23-969f-42673d0bd58e"
    ],
    [
      "[Pd]",
      "9f3aa750-8a31-4194-9964-3722297dea18"
    ],
    [
      "a490ddb6-18ef-4c42-a313-02d5544f266d",
      "COc1cc(OC)cc(N(CCCl)c2ccc3ncc(-c4cnn(C)c4)nc3c2)c1"
    ],
    [
      "ab901ef2-5572-4821-ad8e-5a55eff78078",
      "O=[N+]([O-])c1cn2c(n1)OCC(OCc1ccc(OC(F)(F)F)cc1)C2"
    ],
    [
      "abc7a697-836b-41c4-9d3c-7c1414feeab1",
      "O=c1[nH]c(-c2cccc(O)c2)nc2ccccc12"
    ],
    [
      "abcc5fa3-d309-446d-bdfa-4045c9ecc5c0",
      "O=[N+]([O-])c1cn(CC(O)COCc2ccccc2)c(Br)n1"
    ],
    [
      "b7c7400f-0134-48f7-951c-f2852037a6ed",
      "CC(C)NC(=O)COc1cccc(-c2nc(Nc3ccc4[nH]ncc4c3)c3ccccc3n2)c1"
    ],
    [
      "bae41217-9f15-4f3b-8665-71629d862abb",
      "CC(C)n1nccc1-c1ncccc1CO"
    ],
    [
      "c1ccc(COCC2CO2)cc1",
      "abcc5fa3-d309-446d-bdfa-4045c9ecc5c0"
    ],
    [
      "c467146d-778a-481e-baca-3471b6432413",
      "O=[N+]([O-])c1cn(CC(CO)OCc2ccc(OC(F)(F)F)cc2)c(Br)n1"
    ],
    [
      "cf89bc50-671f-4556-bf8d-0fbc210cf51d",
      "O=C(O)COc1cccc(-c2nc(Nc3ccc4[nH]ncc4c3)c3ccccc3n2)c1"
    ],
    [
      "e260cecf-b3b4-47a9-a999-feff0de121e1",
      "Oc1cccc(-c2nc(Cl)c3ccccc3n2)c1"
    ]
  ]
}