{
  "identifier": "59abc996-4b10-4a73-8113-d25fce46d890",
  "chemical_reactions": [
    {
      "identifier": "945bbc30-0838-4ba1-a9af-11e764a9823b",
      "reactants": [
        {
          "identifier": "587da12a-1fcf-4e0d-b542-d5c4e3b5120e",
          "smiles": "CC(C)(C)OC(=O)N1CCC(=C2c3ccc(Cl)cc3CCc3cccnc32)CC1",
          "state_of_matter": "SOLID",
          "molecular_weight": 410.9363800000003,
          "density": 1.4,
          "mass": 410.9363800000003,
          "is_produced_by": [],
          "is_consumed_by": [
            "945bbc30-0838-4ba1-a9af-11e764a9823b"
          ],
          "provenance__density": "dummy estimator based on mw",
          "provenance__is_consumed_by": null,
          "provenance__is_produced_by": null,
          "provenance__mass": null,
          "provenance__molecular_weight": "periodic table",
          "provenance__smiles": null,
          "provenance__state_of_matter": "dummy estimator based on mw"
        }
      ],
      "reagents": [
        {
          "identifier": "dbd16a97-dfcd-44d4-8bd2-a097b40242d8",
          "smiles": "CC(=O)O",
          "state_of_matter": "LIQUID",
          "molecular_weight": 60.051959999999994,
          "density": 1.0,
          "mass": 60.051959999999994,
          "is_produced_by": [],
          "is_consumed_by": [
            "945bbc30-0838-4ba1-a9af-11e764a9823b"
          ],
          "provenance__density": "dummy estimator based on mw",
          "provenance__is_consumed_by": null,
          "provenance__is_produced_by": null,
          "provenance__mass": null,
          "provenance__molecular_weight": "periodic table",
          "provenance__smiles": null,
          "provenance__state_of_matter": "dummy estimator based on mw"
        },
        {
          "identifier": "df0a0b5f-bb42-41d6-ad8c-83bdc0746c7f",
          "smiles": "BrBr",
          "state_of_matter": "LIQUID",
          "molecular_weight": 159.808,
          "density": 1.0,
          "mass": 159.808,
          "is_produced_by": [],
          "is_consumed_by": [
            "945bbc30-0838-4ba1-a9af-11e764a9823b"
          ],
          "provenance__density": "dummy estimator based on mw",
          "provenance__is_consumed_by": null,
          "provenance__is_produced_by": null,
          "provenance__mass": null,
          "provenance__molecular_weight": "periodic table",
          "provenance__smiles": null,
          "provenance__state_of_matter": "dummy estimator based on mw"
        }
      ],
      "products": [
        {
          "identifier": "c688a801-a1f7-4f7c-a236-bbf6ff9a0186",
          "smiles": "CC(C)(C)OC(=O)N1CCC(=C2c3ncccc3CCc3cc(Cl)cc(Br)c32)CC1",
          "state_of_matter": "SOLID",
          "molecular_weight": 489.8324400000003,
          "density": 1.4,
          "mass": 489.8324400000003,
          "is_produced_by": [
            "945bbc30-0838-4ba1-a9af-11e764a9823b"
          ],
          "is_consumed_by": [],
          "provenance__density": "dummy estimator based on mw",
          "provenance__is_consumed_by": null,
          "provenance__is_produced_by": null,
          "provenance__mass": null,
          "provenance__molecular_weight": "periodic table",
          "provenance__smiles": null,
          "provenance__state_of_matter": "dummy estimator based on mw"
        }
      ],
      "stoichiometry": {
        "587da12a-1fcf-4e0d-b542-d5c4e3b5120e": 1.0,
        "c688a801-a1f7-4f7c-a236-bbf6ff9a0186": -1.0
      },
      "temperature": 296.42936775684353,
      "intended_ratios": {
        "587da12a-1fcf-4e0d-b542-d5c4e3b5120e": 1.0,
        "dbd16a97-dfcd-44d4-8bd2-a097b40242d8": 1.0,
        "df0a0b5f-bb42-41d6-ad8c-83bdc0746c7f": 1.0
      },
      "expected_yields": {
        "c688a801-a1f7-4f7c-a236-bbf6ff9a0186": 1.0
      },
      "reaction_extent": 1.0
    },
    {
      "identifier": "9b8dca76-0225-470e-8279-1df7cab97d1c",
      "reactants": [
        {
          "identifier": "a759ce7b-9d1c-4393-a8ed-ff60d5ece241",
          "smiles": "CC(C)(C)OC(=O)N1CCC(=C2c3ncc(Br)cc3CCc3cc(Cl)cc(Br)c32)CC1",
          "state_of_matter": "SOLID",
          "molecular_weight": 568.728499999999,
          "density": 1.4,
          "mass": 568.728499999999,
          "is_produced_by": [],
          "is_consumed_by": [
            "9b8dca76-0225-470e-8279-1df7cab97d1c"
          ],
          "provenance__density": "dummy estimator based on mw",
          "provenance__is_consumed_by": null,
          "provenance__is_produced_by": null,
          "provenance__mass": null,
          "provenance__molecular_weight": "periodic table",
          "provenance__smiles": null,
          "provenance__state_of_matter": "dummy estimator based on mw"
        }
      ],
      "reagents": [
        {
          "identifier": "1115d2a8-0401-41e2-a3bf-563b358d5f3e",
          "smiles": "ClCCl",
          "state_of_matter": "LIQUID",
          "molecular_weight": 84.93258000000002,
          "density": 1.0,
          "mass": 84.93258000000002,
          "is_produced_by": [],
          "is_consumed_by": [
            "9b8dca76-0225-470e-8279-1df7cab97d1c"
          ],
          "provenance__density": "dummy estimator based on mw",
          "provenance__is_consumed_by": null,
          "provenance__is_produced_by": null,
          "provenance__mass": null,
          "provenance__molecular_weight": "periodic table",
          "provenance__smiles": null,
          "provenance__state_of_matter": "dummy estimator based on mw"
        },
        {
          "identifier": "2a3451a4-8b72-4626-9dc9-673cb28b1874",
          "smiles": "O=C(O)C(F)(F)F",
          "state_of_matter": "LIQUID",
          "molecular_weight": 114.0233496,
          "density": 1.0,
          "mass": 114.0233496,
          "is_produced_by": [],
          "is_consumed_by": [
            "9b8dca76-0225-470e-8279-1df7cab97d1c"
          ],
          "provenance__density": "dummy estimator based on mw",
          "provenance__is_consumed_by": null,
          "provenance__is_produced_by": null,
          "provenance__mass": null,
          "provenance__molecular_weight": "periodic table",
          "provenance__smiles": null,
          "provenance__state_of_matter": "dummy estimator based on mw"
        }
      ],
      "products": [
        {
          "identifier": "ff62f3de-fccd-4dce-b254-3d1bc49b7689",
          "smiles": "Clc1cc(Br)c2c(c1)CCc1cc(Br)cnc1C2=C1CCNCC1",
          "state_of_matter": "SOLID",
          "molecular_weight": 468.6126800000001,
          "density": 1.4,
          "mass": 468.6126800000001,
          "is_produced_by": [
            "9b8dca76-0225-470e-8279-1df7cab97d1c"
          ],
          "is_consumed_by": [],
          "provenance__density": "dummy estimator based on mw",
          "provenance__is_consumed_by": null,
          "provenance__is_produced_by": null,
          "provenance__mass": null,
          "provenance__molecular_weight": "periodic table",
          "provenance__smiles": null,
          "provenance__state_of_matter": "dummy estimator based on mw"
        }
      ],
      "stoichiometry": {
        "a759ce7b-9d1c-4393-a8ed-ff60d5ece241": 1.0,
        "ff62f3de-fccd-4dce-b254-3d1bc49b7689": -1.0
      },
      "temperature": 293.481430631876,
      "intended_ratios": {
        "a759ce7b-9d1c-4393-a8ed-ff60d5ece241": 1.0,
        "1115d2a8-0401-41e2-a3bf-563b358d5f3e": 1.0,
        "2a3451a4-8b72-4626-9dc9-673cb28b1874": 1.0
      },
      "expected_yields": {
        "ff62f3de-fccd-4dce-b254-3d1bc49b7689": 1.0
      },
      "reaction_extent": 1.0
    },
    {
      "identifier": "21162f60-e726-45d1-a3d6-272da5bd6555",
      "reactants": [
        {
          "identifier": "39c1ae05-1838-4059-b791-73146fbe83e1",
          "smiles": "CC(C)(C)OC(=O)N1CCC(=C2c3ncccc3CCc3cc(Cl)cc(Br)c32)CC1",
          "state_of_matter": "SOLID",
          "molecular_weight": 489.8324400000003,
          "density": 1.4,
          "mass": 489.8324400000003,
          "is_produced_by": [],
          "is_consumed_by": [
            "21162f60-e726-45d1-a3d6-272da5bd6555"
          ],
          "provenance__density": "dummy estimator based on mw",
          "provenance__is_consumed_by": null,
          "provenance__is_produced_by": null,
          "provenance__mass": null,
          "provenance__molecular_weight": "periodic table",
          "provenance__smiles": null,
          "provenance__state_of_matter": "dummy estimator based on mw"
        }
      ],
      "reagents": [
        {
          "identifier": "4e141c68-9a22-46ca-a898-7de16d18f301",
          "smiles": "CN(C)C=O",
          "state_of_matter": "LIQUID",
          "molecular_weight": 73.09378000000004,
          "density": 1.0,
          "mass": 73.09378000000004,
          "is_produced_by": [],
          "is_consumed_by": [
            "21162f60-e726-45d1-a3d6-272da5bd6555"
          ],
          "provenance__density": "dummy estimator based on mw",
          "provenance__is_consumed_by": null,
          "provenance__is_produced_by": null,
          "provenance__mass": null,
          "provenance__molecular_weight": "periodic table",
          "provenance__smiles": null,
          "provenance__state_of_matter": "dummy estimator based on mw"
        },
        {
          "identifier": "4b79670c-f352-4a88-a7e1-0ac01d8123f0",
          "smiles": "[NaH]",
          "state_of_matter": "SOLID",
          "molecular_weight": 23.99771,
          "density": 1.4,
          "mass": 23.99771,
          "is_produced_by": [],
          "is_consumed_by": [
            "21162f60-e726-45d1-a3d6-272da5bd6555"
          ],
          "provenance__density": "dummy estimator based on mw",
          "provenance__is_consumed_by": null,
          "provenance__is_produced_by": null,
          "provenance__mass": null,
          "provenance__molecular_weight": "periodic table",
          "provenance__smiles": null,
          "provenance__state_of_matter": "dummy estimator based on mw"
        }
      ],
      "products": [
        {
          "identifier": "a8ed3bb2-a0de-471f-ae6a-d8c53a2fffeb",
          "smiles": "CC(C)(C)OC(=O)N1CCC(=C2c3ncc(Br)cc3CCc3cc(Cl)cc(Br)c32)CC1",
          "state_of_matter": "SOLID",
          "molecular_weight": 568.728499999999,
          "density": 1.4,
          "mass": 568.728499999999,
          "is_produced_by": [
            "21162f60-e726-45d1-a3d6-272da5bd6555"
          ],
          "is_consumed_by": [],
          "provenance__density": "dummy estimator based on mw",
          "provenance__is_consumed_by": null,
          "provenance__is_produced_by": null,
          "provenance__mass": null,
          "provenance__molecular_weight": "periodic table",
          "provenance__smiles": null,
          "provenance__state_of_matter": "dummy estimator based on mw"
        }
      ],
      "stoichiometry": {
        "39c1ae05-1838-4059-b791-73146fbe83e1": 1.0,
        "a8ed3bb2-a0de-471f-ae6a-d8c53a2fffeb": -1.0
      },
      "temperature": 297.4380413711071,
      "intended_ratios": {
        "39c1ae05-1838-4059-b791-73146fbe83e1": 1.0,
        "4e141c68-9a22-46ca-a898-7de16d18f301": 1.0,
        "4b79670c-f352-4a88-a7e1-0ac01d8123f0": 1.0
      },
      "expected_yields": {
        "a8ed3bb2-a0de-471f-ae6a-d8c53a2fffeb": 1.0
      },
      "reaction_extent": 1.0
    },
    {
      "identifier": "4fc4ef4c-6b7b-40c4-8700-48ae5ad6793a",
      "reactants": [
        {
          "identifier": "895857a3-f365-4559-9011-0a3b44d8b84e",
          "smiles": "CC(C)(C)OC(=O)OC(=O)OC(C)(C)C",
          "state_of_matter": "SOLID",
          "molecular_weight": 218.24691999999976,
          "density": 1.4,
          "mass": 218.24691999999976,
          "is_produced_by": [],
          "is_consumed_by": [
            "4fc4ef4c-6b7b-40c4-8700-48ae5ad6793a"
          ],
          "provenance__density": "dummy estimator based on mw",
          "provenance__is_consumed_by": null,
          "provenance__is_produced_by": null,
          "provenance__mass": null,
          "provenance__molecular_weight": "periodic table",
          "provenance__smiles": null,
          "provenance__state_of_matter": "dummy estimator based on mw"
        },
        {
          "identifier": "cd326670-cffb-46be-b80b-8cbd6777a4af",
          "smiles": "Clc1ccc2c(c1)CCc1cccnc1C2=C1CCNCC1",
          "state_of_matter": "SOLID",
          "molecular_weight": 310.8205600000003,
          "density": 1.4,
          "mass": 310.8205600000003,
          "is_produced_by": [],
          "is_consumed_by": [
            "4fc4ef4c-6b7b-40c4-8700-48ae5ad6793a"
          ],
          "provenance__density": "dummy estimator based on mw",
          "provenance__is_consumed_by": null,
          "provenance__is_produced_by": null,
          "provenance__mass": null,
          "provenance__molecular_weight": "periodic table",
          "provenance__smiles": null,
          "provenance__state_of_matter": "dummy estimator based on mw"
        }
      ],
      "reagents": [
        {
          "identifier": "2ad87dc9-17f4-460b-b50c-352f45764a86",
          "smiles": "ClCCl",
          "state_of_matter": "LIQUID",
          "molecular_weight": 84.93258000000002,
          "density": 1.0,
          "mass": 84.93258000000002,
          "is_produced_by": [],
          "is_consumed_by": [
            "4fc4ef4c-6b7b-40c4-8700-48ae5ad6793a"
          ],
          "provenance__density": "dummy estimator based on mw",
          "provenance__is_consumed_by": null,
          "provenance__is_produced_by": null,
          "provenance__mass": null,
          "provenance__molecular_weight": "periodic table",
          "provenance__smiles": null,
          "provenance__state_of_matter": "dummy estimator based on mw"
        },
        {
          "identifier": "09575bb6-2e22-4cea-bdaf-916b9c4f2631",
          "smiles": "CCN(CC)CC",
          "state_of_matter": "LIQUID",
          "molecular_weight": 101.19000000000008,
          "density": 1.0,
          "mass": 101.19000000000008,
          "is_produced_by": [],
          "is_consumed_by": [
            "4fc4ef4c-6b7b-40c4-8700-48ae5ad6793a"
          ],
          "provenance__density": "dummy estimator based on mw",
          "provenance__is_consumed_by": null,
          "provenance__is_produced_by": null,
          "provenance__mass": null,
          "provenance__molecular_weight": "periodic table",
          "provenance__smiles": null,
          "provenance__state_of_matter": "dummy estimator based on mw"
        }
      ],
      "products": [
        {
          "identifier": "1acb9519-4726-4728-a91c-d91d4d487ae4",
          "smiles": "CC(C)(C)OC(=O)N1CCC(=C2c3ccc(Cl)cc3CCc3cccnc32)CC1",
          "state_of_matter": "SOLID",
          "molecular_weight": 410.9363800000003,
          "density": 1.4,
          "mass": 410.9363800000003,
          "is_produced_by": [
            "4fc4ef4c-6b7b-40c4-8700-48ae5ad6793a"
          ],
          "is_consumed_by": [],
          "provenance__density": "dummy estimator based on mw",
          "provenance__is_consumed_by": null,
          "provenance__is_produced_by": null,
          "provenance__mass": null,
          "provenance__molecular_weight": "periodic table",
          "provenance__smiles": null,
          "provenance__state_of_matter": "dummy estimator based on mw"
        }
      ],
      "stoichiometry": {
        "895857a3-f365-4559-9011-0a3b44d8b84e": 1.0,
        "cd326670-cffb-46be-b80b-8cbd6777a4af": 1.0,
        "1acb9519-4726-4728-a91c-d91d4d487ae4": -1.0
      },
      "temperature": 274.6511415660381,
      "intended_ratios": {
        "895857a3-f365-4559-9011-0a3b44d8b84e": 1.0,
        "cd326670-cffb-46be-b80b-8cbd6777a4af": 1.0,
        "2ad87dc9-17f4-460b-b50c-352f45764a86": 1.0,
        "09575bb6-2e22-4cea-bdaf-916b9c4f2631": 1.0
      },
      "expected_yields": {
        "1acb9519-4726-4728-a91c-d91d4d487ae4": 1.0
      },
      "reaction_extent": 1.0
    },
    {
      "identifier": "92e04663-df2d-4e09-a33a-864c9f32e570",
      "reactants": [
        {
          "identifier": "85475741-816f-4d64-b2a6-08f4dbb758fd",
          "smiles": "C[Si](C)(C)N=C=O",
          "state_of_matter": "LIQUID",
          "molecular_weight": 115.20586000000003,
          "density": 1.0,
          "mass": 115.20586000000003,
          "is_produced_by": [],
          "is_consumed_by": [
            "92e04663-df2d-4e09-a33a-864c9f32e570"
          ],
          "provenance__density": "dummy estimator based on mw",
          "provenance__is_consumed_by": null,
          "provenance__is_produced_by": null,
          "provenance__mass": null,
          "provenance__molecular_weight": "periodic table",
          "provenance__smiles": null,
          "provenance__state_of_matter": "dummy estimator based on mw"
        },
        {
          "identifier": "38b50831-d1d6-4aa5-be4d-cbb42971f3fa",
          "smiles": "O=C(CC1CCNCC1)N1CCC(C2c3ncc(Br)cc3CCc3cc(Cl)cc(Br)c32)CC1",
          "state_of_matter": "SOLID",
          "molecular_weight": 595.7968999999988,
          "density": 1.4,
          "mass": 595.7968999999988,
          "is_produced_by": [],
          "is_consumed_by": [
            "92e04663-df2d-4e09-a33a-864c9f32e570"
          ],
          "provenance__density": "dummy estimator based on mw",
          "provenance__is_consumed_by": null,
          "provenance__is_produced_by": null,
          "provenance__mass": null,
          "provenance__molecular_weight": "periodic table",
          "provenance__smiles": null,
          "provenance__state_of_matter": "dummy estimator based on mw"
        }
      ],
      "reagents": [
        {
          "identifier": "9d3fbe86-bf7d-4879-a1dd-0a3900e82af1",
          "smiles": "ClCCl",
          "state_of_matter": "LIQUID",
          "molecular_weight": 84.93258000000002,
          "density": 1.0,
          "mass": 84.93258000000002,
          "is_produced_by": [],
          "is_consumed_by": [
            "92e04663-df2d-4e09-a33a-864c9f32e570"
          ],
          "provenance__density": "dummy estimator based on mw",
          "provenance__is_consumed_by": null,
          "provenance__is_produced_by": null,
          "provenance__mass": null,
          "provenance__molecular_weight": "periodic table",
          "provenance__smiles": null,
          "provenance__state_of_matter": "dummy estimator based on mw"
        }
      ],
      "products": [
        {
          "identifier": "18913963-07b0-4e4d-8a70-bf987fe6403f",
          "smiles": "NC(=O)N1CCC(CC(=O)N2CCC(C3c4ncc(Br)cc4CCc4cc(Cl)cc(Br)c43)CC2)CC1",
          "state_of_matter": "SOLID",
          "molecular_weight": 638.8216399999989,
          "density": 1.4,
          "mass": 638.8216399999989,
          "is_produced_by": [
            "92e04663-df2d-4e09-a33a-864c9f32e570"
          ],
          "is_consumed_by": [],
          "provenance__density": "dummy estimator based on mw",
          "provenance__is_consumed_by": null,
          "provenance__is_produced_by": null,
          "provenance__mass": null,
          "provenance__molecular_weight": "periodic table",
          "provenance__smiles": null,
          "provenance__state_of_matter": "dummy estimator based on mw"
        }
      ],
      "stoichiometry": {
        "85475741-816f-4d64-b2a6-08f4dbb758fd": 1.0,
        "38b50831-d1d6-4aa5-be4d-cbb42971f3fa": 1.0,
        "18913963-07b0-4e4d-8a70-bf987fe6403f": -1.0
      },
      "temperature": 286.6168689250946,
      "intended_ratios": {
        "85475741-816f-4d64-b2a6-08f4dbb758fd": 1.0,
        "38b50831-d1d6-4aa5-be4d-cbb42971f3fa": 1.0,
        "9d3fbe86-bf7d-4879-a1dd-0a3900e82af1": 1.0
      },
      "expected_yields": {
        "18913963-07b0-4e4d-8a70-bf987fe6403f": 1.0
      },
      "reaction_extent": 1.0
    },
    {
      "identifier": "0faa0b2a-ca5d-47f6-961c-4aae40cace6d",
      "reactants": [
        {
          "identifier": "a0b294b6-4e69-4cd1-a2b1-7aa00f50426e",
          "smiles": "Clc1cc(Br)c2c(c1)CCc1cc(Br)cnc1C2=C1CCNCC1",
          "state_of_matter": "SOLID",
          "molecular_weight": 468.6126800000001,
          "density": 1.4,
          "mass": 468.6126800000001,
          "is_produced_by": [],
          "is_consumed_by": [
            "0faa0b2a-ca5d-47f6-961c-4aae40cace6d"
          ],
          "provenance__density": "dummy estimator based on mw",
          "provenance__is_consumed_by": null,
          "provenance__is_produced_by": null,
          "provenance__mass": null,
          "provenance__molecular_weight": "periodic table",
          "provenance__smiles": null,
          "provenance__state_of_matter": "dummy estimator based on mw"
        }
      ],
      "reagents": [
        {
          "identifier": "56d56681-9d65-421c-91db-f6669fdc2db5",
          "smiles": "ClCCl",
          "state_of_matter": "LIQUID",
          "molecular_weight": 84.93258000000002,
          "density": 1.0,
          "mass": 84.93258000000002,
          "is_produced_by": [],
          "is_consumed_by": [
            "0faa0b2a-ca5d-47f6-961c-4aae40cace6d"
          ],
          "provenance__density": "dummy estimator based on mw",
          "provenance__is_consumed_by": null,
          "provenance__is_produced_by": null,
          "provenance__mass": null,
          "provenance__molecular_weight": "periodic table",
          "provenance__smiles": null,
          "provenance__state_of_matter": "dummy estimator based on mw"
        },
        {
          "identifier": "88832630-efa1-4fb6-a4a0-ee35b4834bbf",
          "smiles": "O=C(O)C(F)(F)F",
          "state_of_matter": "LIQUID",
          "molecular_weight": 114.0233496,
          "density": 1.0,
          "mass": 114.0233496,
          "is_produced_by": [],
          "is_consumed_by": [
            "0faa0b2a-ca5d-47f6-961c-4aae40cace6d"
          ],
          "provenance__density": "dummy estimator based on mw",
          "provenance__is_consumed_by": null,
          "provenance__is_produced_by": null,
          "provenance__mass": null,
          "provenance__molecular_weight": "periodic table",
          "provenance__smiles": null,
          "provenance__state_of_matter": "dummy estimator based on mw"
        }
      ],
      "products": [
        {
          "identifier": "a07de0b8-91dd-4c63-8e32-96002b8d228c",
          "smiles": "Clc1cc(Br)c2c(c1)CCc1cc(Br)cnc1C2C1CCNCC1",
          "state_of_matter": "SOLID",
          "molecular_weight": 470.62856000000016,
          "density": 1.4,
          "mass": 470.62856000000016,
          "is_produced_by": [
            "0faa0b2a-ca5d-47f6-961c-4aae40cace6d"
          ],
          "is_consumed_by": [],
          "provenance__density": "dummy estimator based on mw",
          "provenance__is_consumed_by": null,
          "provenance__is_produced_by": null,
          "provenance__mass": null,
          "provenance__molecular_weight": "periodic table",
          "provenance__smiles": null,
          "provenance__state_of_matter": "dummy estimator based on mw"
        }
      ],
      "stoichiometry": {
        "a0b294b6-4e69-4cd1-a2b1-7aa00f50426e": 1.0,
        "a07de0b8-91dd-4c63-8e32-96002b8d228c": -1.0
      },
      "temperature": 283.66671758294103,
      "intended_ratios": {
        "a0b294b6-4e69-4cd1-a2b1-7aa00f50426e": 1.0,
        "56d56681-9d65-421c-91db-f6669fdc2db5": 1.0,
        "88832630-efa1-4fb6-a4a0-ee35b4834bbf": 1.0
      },
      "expected_yields": {
        "a07de0b8-91dd-4c63-8e32-96002b8d228c": 1.0
      },
      "reaction_extent": 1.0
    },
    {
      "identifier": "0c005805-99b6-497e-817c-ad83149fe945",
      "reactants": [
        {
          "identifier": "70357aa5-85e2-4b2d-8122-64082d8397f1",
          "smiles": "Clc1cc(Br)c2c(c1)CCc1cc(Br)cnc1C2C1CCNCC1",
          "state_of_matter": "SOLID",
          "molecular_weight": 470.62856000000016,
          "density": 1.4,
          "mass": 470.62856000000016,
          "is_produced_by": [],
          "is_consumed_by": [
            "0c005805-99b6-497e-817c-ad83149fe945"
          ],
          "provenance__density": "dummy estimator based on mw",
          "provenance__is_consumed_by": null,
          "provenance__is_produced_by": null,
          "provenance__mass": null,
          "provenance__molecular_weight": "periodic table",
          "provenance__smiles": null,
          "provenance__state_of_matter": "dummy estimator based on mw"
        },
        {
          "identifier": "343f7853-0b9a-4f46-bb29-8d088430dfc7",
          "smiles": "O=C(O)CC1CCNCC1",
          "state_of_matter": "LIQUID",
          "molecular_weight": 143.18361999999988,
          "density": 1.0,
          "mass": 143.18361999999988,
          "is_produced_by": [],
          "is_consumed_by": [
            "0c005805-99b6-497e-817c-ad83149fe945"
          ],
          "provenance__density": "dummy estimator based on mw",
          "provenance__is_consumed_by": null,
          "provenance__is_produced_by": null,
          "provenance__mass": null,
          "provenance__molecular_weight": "periodic table",
          "provenance__smiles": null,
          "provenance__state_of_matter": "dummy estimator based on mw"
        }
      ],
      "reagents": [
        {
          "identifier": "ea509e39-5d11-491c-a0f5-fbf62c985138",
          "smiles": "CN(C)C=O",
          "state_of_matter": "LIQUID",
          "molecular_weight": 73.09378000000004,
          "density": 1.0,
          "mass": 73.09378000000004,
          "is_produced_by": [],
          "is_consumed_by": [
            "0c005805-99b6-497e-817c-ad83149fe945"
          ],
          "provenance__density": "dummy estimator based on mw",
          "provenance__is_consumed_by": null,
          "provenance__is_produced_by": null,
          "provenance__mass": null,
          "provenance__molecular_weight": "periodic table",
          "provenance__smiles": null,
          "provenance__state_of_matter": "dummy estimator based on mw"
        },
        {
          "identifier": "a1f0589f-b99e-4bad-9fbb-c299e6e9298f",
          "smiles": "CN(C)C(On1nnc2cccnc21)=[N+](C)C.F[P-](F)(F)(F)(F)F",
          "state_of_matter": "SOLID",
          "molecular_weight": 381.2378202000002,
          "density": 1.4,
          "mass": 381.2378202000002,
          "is_produced_by": [],
          "is_consumed_by": [
            "0c005805-99b6-497e-817c-ad83149fe945"
          ],
          "provenance__density": "dummy estimator based on mw",
          "provenance__is_consumed_by": null,
          "provenance__is_produced_by": null,
          "provenance__mass": null,
          "provenance__molecular_weight": "periodic table",
          "provenance__smiles": null,
          "provenance__state_of_matter": "dummy estimator based on mw"
        },
        {
          "identifier": "7b6d9549-ba9e-43c6-bef6-0ce23a998841",
          "smiles": "CCN(C(C)C)C(C)C",
          "state_of_matter": "LIQUID",
          "molecular_weight": 129.24316000000007,
          "density": 1.0,
          "mass": 129.24316000000007,
          "is_produced_by": [],
          "is_consumed_by": [
            "0c005805-99b6-497e-817c-ad83149fe945"
          ],
          "provenance__density": "dummy estimator based on mw",
          "provenance__is_consumed_by": null,
          "provenance__is_produced_by": null,
          "provenance__mass": null,
          "provenance__molecular_weight": "periodic table",
          "provenance__smiles": null,
          "provenance__state_of_matter": "dummy estimator based on mw"
        }
      ],
      "products": [
        {
          "identifier": "68600bfc-af0c-4903-8f0c-b845c0f0ef60",
          "smiles": "O=C(CC1CCNCC1)N1CCC(C2c3ncc(Br)cc3CCc3cc(Cl)cc(Br)c32)CC1",
          "state_of_matter": "SOLID",
          "molecular_weight": 595.7968999999988,
          "density": 1.4,
          "mass": 595.7968999999988,
          "is_produced_by": [
            "0c005805-99b6-497e-817c-ad83149fe945"
          ],
          "is_consumed_by": [],
          "provenance__density": "dummy estimator based on mw",
          "provenance__is_consumed_by": null,
          "provenance__is_produced_by": null,
          "provenance__mass": null,
          "provenance__molecular_weight": "periodic table",
          "provenance__smiles": null,
          "provenance__state_of_matter": "dummy estimator based on mw"
        }
      ],
      "stoichiometry": {
        "70357aa5-85e2-4b2d-8122-64082d8397f1": 1.0,
        "343f7853-0b9a-4f46-bb29-8d088430dfc7": 1.0,
        "68600bfc-af0c-4903-8f0c-b845c0f0ef60": -1.0
      },
      "temperature": 280.4004216134548,
      "intended_ratios": {
        "70357aa5-85e2-4b2d-8122-64082d8397f1": 1.0,
        "343f7853-0b9a-4f46-bb29-8d088430dfc7": 1.0,
        "ea509e39-5d11-491c-a0f5-fbf62c985138": 1.0,
        "a1f0589f-b99e-4bad-9fbb-c299e6e9298f": 1.0,
        "7b6d9549-ba9e-43c6-bef6-0ce23a998841": 1.0
      },
      "expected_yields": {
        "68600bfc-af0c-4903-8f0c-b845c0f0ef60": 1.0
      },
      "reaction_extent": 1.0
    }
  ],
  "molecular_nodes": [
    "BrBr",
    "CC(=O)O",
    "CC(C)(C)OC(=O)N1CCC(=C2c3ccc(Cl)cc3CCc3cccnc32)CC1",
    "CC(C)(C)OC(=O)N1CCC(=C2c3ncc(Br)cc3CCc3cc(Cl)cc(Br)c32)CC1",
    "CC(C)(C)OC(=O)N1CCC(=C2c3ncccc3CCc3cc(Cl)cc(Br)c32)CC1",
    "CC(C)(C)OC(=O)OC(=O)OC(C)(C)C",
    "CCN(C(C)C)C(C)C",
    "CCN(CC)CC",
    "CN(C)C(On1nnc2cccnc21)=[N+](C)C.F[P-](F)(F)(F)(F)F",
    "CN(C)C=O",
    "C[Si](C)(C)N=C=O",
    "ClCCl",
    "Clc1cc(Br)c2c(c1)CCc1cc(Br)cnc1C2=C1CCNCC1",
    "Clc1cc(Br)c2c(c1)CCc1cc(Br)cnc1C2C1CCNCC1",
    "Clc1ccc2c(c1)CCc1cccnc1C2=C1CCNCC1",
    "NC(=O)N1CCC(CC(=O)N2CCC(C3c4ncc(Br)cc4CCc4cc(Cl)cc(Br)c43)CC2)CC1",
    "O=C(CC1CCNCC1)N1CCC(C2c3ncc(Br)cc3CCc3cc(Cl)cc(Br)c32)CC1",
    "O=C(O)C(F)(F)F",
    "O=C(O)CC1CCNCC1",
    "[NaH]"
  ],
  "edges": [
    [
      "0c005805-99b6-497e-817c-ad83149fe945",
      "O=C(CC1CCNCC1)N1CCC(C2c3ncc(Br)cc3CCc3cc(Cl)cc(Br)c32)CC1"
    ],
    [
      "0faa0b2a-ca5d-47f6-961c-4aae40cace6d",
      "Clc1cc(Br)c2c(c1)CCc1cc(Br)cnc1C2C1CCNCC1"
    ],
    [
      "21162f60-e726-45d1-a3d6-272da5bd6555",
      "CC(C)(C)OC(=O)N1CCC(=C2c3ncc(Br)cc3CCc3cc(Cl)cc(Br)c32)CC1"
    ],
    [
      "4fc4ef4c-6b7b-40c4-8700-48ae5ad6793a",
      "CC(C)(C)OC(=O)N1CCC(=C2c3ccc(Cl)cc3CCc3cccnc32)CC1"
    ],
    [
      "92e04663-df2d-4e09-a33a-864c9f32e570",
      "NC(=O)N1CCC(CC(=O)N2CCC(C3c4ncc(Br)cc4CCc4cc(Cl)cc(Br)c43)CC2)CC1"
    ],
    [
      "945bbc30-0838-4ba1-a9af-11e764a9823b",
      "CC(C)(C)OC(=O)N1CCC(=C2c3ncccc3CCc3cc(Cl)cc(Br)c32)CC1"
    ],
    [
      "9b8dca76-0225-470e-8279-1df7cab97d1c",
      "Clc1cc(Br)c2c(c1)CCc1cc(Br)cnc1C2=C1CCNCC1"
    ],
    [
      "BrBr",
      "945bbc30-0838-4ba1-a9af-11e764a9823b"
    ],
    [
      "CC(=O)O",
      "945bbc30-0838-4ba1-a9af-11e764a9823b"
    ],
    [
      "CC(C)(C)OC(=O)N1CCC(=C2c3ccc(Cl)cc3CCc3cccnc32)CC1",
      "945bbc30-0838-4ba1-a9af-11e764a9823b"
    ],
    [
      "CC(C)(C)OC(=O)N1CCC(=C2c3ncc(Br)cc3CCc3cc(Cl)cc(Br)c32)CC1",
      "9b8dca76-0225-470e-8279-1df7cab97d1c"
    ],
    [
      "CC(C)(C)OC(=O)N1CCC(=C2c3ncccc3CCc3cc(Cl)cc(Br)c32)CC1",
      "21162f60-e726-45d1-a3d6-272da5bd6555"
    ],
    [
      "CC(C)(C)OC(=O)OC(=O)OC(C)(C)C",
      "4fc4ef4c-6b7b-40c4-8700-48ae5ad6793a"
    ],
    [
      "CCN(C(C)C)C(C)C",
      "0c005805-99b6-497e-817c-ad83149fe945"
    ],
    [
      "CCN(CC)CC",
      "4fc4ef4c-6b7b-40c4-8700-48ae5ad6793a"
    ],
    [
      "CN(C)C(On1nnc2cccnc21)=[N+](C)C.F[P-](F)(F)(F)(F)F",
      "0c005805-99b6-497e-817c-ad83149fe945"
    ],
    [
      "CN(C)C=O",
      "0c005805-99b6-497e-817c-ad83149fe945"
    ],
    [
      "CN(C)C=O",
      "21162f60-e726-45d1-a3d6-272da5bd6555"
    ],
    [
      "C[Si](C)(C)N=C=O",
      "92e04663-df2d-4e09-a33a-864c9f32e570"
    ],
    [
      "ClCCl",
      "0faa0b2a-ca5d-47f6-961c-4aae40cace6d"
    ],
    [
      "ClCCl",
      "4fc4ef4c-6b7b-40c4-8700-48ae5ad6793a"
    ],
    [
      "ClCCl",
      "92e04663-df2d-4e09-a33a-864c9f32e570"
    ],
    [
      "ClCCl",
      "9b8dca76-0225-470e-8279-1df7cab97d1c"
    ],
    [
      "Clc1cc(Br)c2c(c1)CCc1cc(Br)cnc1C2=C1CCNCC1",
      "0faa0b2a-ca5d-47f6-961c-4aae40cace6d"
    ],
    [
      "Clc1cc(Br)c2c(c1)CCc1cc(Br)cnc1C2C1CCNCC1",
      "0c005805-99b6-497e-817c-ad83149fe945"
    ],
    [
      "Clc1ccc2c(c1)CCc1cccnc1C2=C1CCNCC1",
      "4fc4ef4c-6b7b-40c4-8700-48ae5ad6793a"
    ],
    [
      "O=C(CC1CCNCC1)N1CCC(C2c3ncc(Br)cc3CCc3cc(Cl)cc(Br)c32)CC1",
      "92e04663-df2d-4e09-a33a-864c9f32e570"
    ],
    [
      "O=C(O)C(F)(F)F",
      "0faa0b2a-ca5d-47f6-961c-4aae40cace6d"
    ],
    [
      "O=C(O)C(F)(F)F",
      "9b8dca76-0225-470e-8279-1df7cab97d1c"
    ],
    [
      "O=C(O)CC1CCNCC1",
      "0c005805-99b6-497e-817c-ad83149fe945"
    ],
    [
      "[NaH]",
      "21162f60-e726-45d1-a3d6-272da5bd6555"
    ]
  ]
}