{
  "identifier": "4c4c04cb-bef5-41a4-be74-8887d255a39f",
  "chemical_reactions": [
    {
      "identifier": "e47ec1cd-afb4-4424-abec-a9a9a0b90a0a",
      "reactants": [
        {
          "identifier": "65b5edf5-b294-4a09-a1e0-56a65b4448a9",
          "smiles": "CC(=O)C1CCC2C3CCC4CC(=O)CCC4(C)C3CCC12C",
          "state_of_matter": "SOLID",
          "molecular_weight": 316.4775800000005,
          "density": 1.4,
          "mass": 316.4775800000005,
          "is_produced_by": [],
          "is_consumed_by": [
            "e47ec1cd-afb4-4424-abec-a9a9a0b90a0a"
          ],
          "provenance__density": "dummy estimator based on mw",
          "provenance__is_consumed_by": null,
          "provenance__is_produced_by": null,
          "provenance__mass": null,
          "provenance__molecular_weight": "periodic table",
          "provenance__smiles": null,
          "provenance__state_of_matter": "dummy estimator based on mw"
        }
      ],
      "reagents": [
        {
          "identifier": "51290014-26f8-4fbe-9733-e472d924d108",
          "smiles": "CCO",
          "state_of_matter": "LIQUID",
          "molecular_weight": 46.06843999999999,
          "density": 1.0,
          "mass": 46.06843999999999,
          "is_produced_by": [],
          "is_consumed_by": [
            "e47ec1cd-afb4-4424-abec-a9a9a0b90a0a"
          ],
          "provenance__density": "dummy estimator based on mw",
          "provenance__is_consumed_by": null,
          "provenance__is_produced_by": null,
          "provenance__mass": null,
          "provenance__molecular_weight": "periodic table",
          "provenance__smiles": null,
          "provenance__state_of_matter": "dummy estimator based on mw"
        },
        {
          "identifier": "821a6b7d-5f31-430d-8447-90444c2b99f3",
          "smiles": "[Na]",
          "state_of_matter": "SOLID",
          "molecular_weight": 22.98977,
          "density": 1.4,
          "mass": 22.98977,
          "is_produced_by": [],
          "is_consumed_by": [
            "e47ec1cd-afb4-4424-abec-a9a9a0b90a0a"
          ],
          "provenance__density": "dummy estimator based on mw",
          "provenance__is_consumed_by": null,
          "provenance__is_produced_by": null,
          "provenance__mass": null,
          "provenance__molecular_weight": "periodic table",
          "provenance__smiles": null,
          "provenance__state_of_matter": "dummy estimator based on mw"
        }
      ],
      "products": [
        {
          "identifier": "7f345abb-1a9e-4fd6-b56b-ab9af516ef10",
          "smiles": "CC(=O)C1CCC2C3CCC4CC(O)CCC4(C)C3CCC12C",
          "state_of_matter": "SOLID",
          "molecular_weight": 318.49346000000054,
          "density": 1.4,
          "mass": 318.49346000000054,
          "is_produced_by": [
            "e47ec1cd-afb4-4424-abec-a9a9a0b90a0a"
          ],
          "is_consumed_by": [],
          "provenance__density": "dummy estimator based on mw",
          "provenance__is_consumed_by": null,
          "provenance__is_produced_by": null,
          "provenance__mass": null,
          "provenance__molecular_weight": "periodic table",
          "provenance__smiles": null,
          "provenance__state_of_matter": "dummy estimator based on mw"
        }
      ],
      "stoichiometry": {
        "65b5edf5-b294-4a09-a1e0-56a65b4448a9": 1.0,
        "7f345abb-1a9e-4fd6-b56b-ab9af516ef10": -1.0
      },
      "temperature": 288.2519380688667,
      "intended_ratios": {
        "65b5edf5-b294-4a09-a1e0-56a65b4448a9": 1.0,
        "51290014-26f8-4fbe-9733-e472d924d108": 1.0,
        "821a6b7d-5f31-430d-8447-90444c2b99f3": 1.0
      },
      "expected_yields": {
        "7f345abb-1a9e-4fd6-b56b-ab9af516ef10": 1.0
      },
      "reaction_extent": 1.0
    },
    {
      "identifier": "82ca59ff-9215-427f-bf1a-c4dcab352bb4",
      "reactants": [
        {
          "identifier": "367d157e-2fc2-40ce-9c24-0c5cbcfc2677",
          "smiles": "CC(C)(C)[Si](C)(C)Cl",
          "state_of_matter": "LIQUID",
          "molecular_weight": 150.72179999999986,
          "density": 1.0,
          "mass": 150.72179999999986,
          "is_produced_by": [],
          "is_consumed_by": [
            "82ca59ff-9215-427f-bf1a-c4dcab352bb4"
          ],
          "provenance__density": "dummy estimator based on mw",
          "provenance__is_consumed_by": null,
          "provenance__is_produced_by": null,
          "provenance__mass": null,
          "provenance__molecular_weight": "periodic table",
          "provenance__smiles": null,
          "provenance__state_of_matter": "dummy estimator based on mw"
        },
        {
          "identifier": "f699375f-d58c-4559-964a-2cc4367aa270",
          "smiles": "OCCc1c[nH]cn1",
          "state_of_matter": "LIQUID",
          "molecular_weight": 112.12982000000004,
          "density": 1.0,
          "mass": 112.12982000000004,
          "is_produced_by": [],
          "is_consumed_by": [
            "82ca59ff-9215-427f-bf1a-c4dcab352bb4"
          ],
          "provenance__density": "dummy estimator based on mw",
          "provenance__is_consumed_by": null,
          "provenance__is_produced_by": null,
          "provenance__mass": null,
          "provenance__molecular_weight": "periodic table",
          "provenance__smiles": null,
          "provenance__state_of_matter": "dummy estimator based on mw"
        }
      ],
      "reagents": [
        {
          "identifier": "14072ad8-bb9e-4756-a055-dc7c7bdbfcf8",
          "smiles": "CN(C)C=O",
          "state_of_matter": "LIQUID",
          "molecular_weight": 73.09378000000004,
          "density": 1.0,
          "mass": 73.09378000000004,
          "is_produced_by": [],
          "is_consumed_by": [
            "82ca59ff-9215-427f-bf1a-c4dcab352bb4"
          ],
          "provenance__density": "dummy estimator based on mw",
          "provenance__is_consumed_by": null,
          "provenance__is_produced_by": null,
          "provenance__mass": null,
          "provenance__molecular_weight": "periodic table",
          "provenance__smiles": null,
          "provenance__state_of_matter": "dummy estimator based on mw"
        },
        {
          "identifier": "2e7d8e35-dc7f-4538-8e38-b8740e0c821c",
          "smiles": "c1c[nH]cn1",
          "state_of_matter": "LIQUID",
          "molecular_weight": 68.07726000000002,
          "density": 1.0,
          "mass": 68.07726000000002,
          "is_produced_by": [],
          "is_consumed_by": [
            "82ca59ff-9215-427f-bf1a-c4dcab352bb4"
          ],
          "provenance__density": "dummy estimator based on mw",
          "provenance__is_consumed_by": null,
          "provenance__is_produced_by": null,
          "provenance__mass": null,
          "provenance__molecular_weight": "periodic table",
          "provenance__smiles": null,
          "provenance__state_of_matter": "dummy estimator based on mw"
        }
      ],
      "products": [
        {
          "identifier": "a4e7a65b-0b59-47b3-a52b-cf31d7c28e03",
          "smiles": "CC(C)(C)[Si](C)(C)OCCc1c[nH]cn1",
          "state_of_matter": "SOLID",
          "molecular_weight": 226.39067999999978,
          "density": 1.4,
          "mass": 226.39067999999978,
          "is_produced_by": [
            "82ca59ff-9215-427f-bf1a-c4dcab352bb4"
          ],
          "is_consumed_by": [],
          "provenance__density": "dummy estimator based on mw",
          "provenance__is_consumed_by": null,
          "provenance__is_produced_by": null,
          "provenance__mass": null,
          "provenance__molecular_weight": "periodic table",
          "provenance__smiles": null,
          "provenance__state_of_matter": "dummy estimator based on mw"
        }
      ],
      "stoichiometry": {
        "367d157e-2fc2-40ce-9c24-0c5cbcfc2677": 1.0,
        "f699375f-d58c-4559-964a-2cc4367aa270": 1.0,
        "a4e7a65b-0b59-47b3-a52b-cf31d7c28e03": -1.0
      },
      "temperature": 302.4676682710647,
      "intended_ratios": {
        "367d157e-2fc2-40ce-9c24-0c5cbcfc2677": 1.0,
        "f699375f-d58c-4559-964a-2cc4367aa270": 1.0,
        "14072ad8-bb9e-4756-a055-dc7c7bdbfcf8": 1.0,
        "2e7d8e35-dc7f-4538-8e38-b8740e0c821c": 1.0
      },
      "expected_yields": {
        "a4e7a65b-0b59-47b3-a52b-cf31d7c28e03": 1.0
      },
      "reaction_extent": 1.0
    },
    {
      "identifier": "fa310e57-eb69-4612-b6f7-f49028daa206",
      "reactants": [
        {
          "identifier": "caf7635c-57f0-449a-9400-bdfc2c636df5",
          "smiles": "CC(C)(C)[Si](C)(C)OCCc1c[nH]cn1",
          "state_of_matter": "SOLID",
          "molecular_weight": 226.39067999999978,
          "density": 1.4,
          "mass": 226.39067999999978,
          "is_produced_by": [],
          "is_consumed_by": [
            "fa310e57-eb69-4612-b6f7-f49028daa206"
          ],
          "provenance__density": "dummy estimator based on mw",
          "provenance__is_consumed_by": null,
          "provenance__is_produced_by": null,
          "provenance__mass": null,
          "provenance__molecular_weight": "periodic table",
          "provenance__smiles": null,
          "provenance__state_of_matter": "dummy estimator based on mw"
        },
        {
          "identifier": "70863f4e-76c9-47cd-9423-07a22cc8df88",
          "smiles": "N#Cc1ccc(CBr)c(F)c1",
          "state_of_matter": "SOLID",
          "molecular_weight": 214.0344031999999,
          "density": 1.4,
          "mass": 214.0344031999999,
          "is_produced_by": [],
          "is_consumed_by": [
            "fa310e57-eb69-4612-b6f7-f49028daa206"
          ],
          "provenance__density": "dummy estimator based on mw",
          "provenance__is_consumed_by": null,
          "provenance__is_produced_by": null,
          "provenance__mass": null,
          "provenance__molecular_weight": "periodic table",
          "provenance__smiles": null,
          "provenance__state_of_matter": "dummy estimator based on mw"
        }
      ],
      "reagents": [
        {
          "identifier": "46cf7ad0-96c2-48dc-8d97-152c6ba9fc0f",
          "smiles": "C1CCOC1",
          "state_of_matter": "LIQUID",
          "molecular_weight": 72.10572000000005,
          "density": 1.0,
          "mass": 72.10572000000005,
          "is_produced_by": [],
          "is_consumed_by": [
            "fa310e57-eb69-4612-b6f7-f49028daa206"
          ],
          "provenance__density": "dummy estimator based on mw",
          "provenance__is_consumed_by": null,
          "provenance__is_produced_by": null,
          "provenance__mass": null,
          "provenance__molecular_weight": "periodic table",
          "provenance__smiles": null,
          "provenance__state_of_matter": "dummy estimator based on mw"
        },
        {
          "identifier": "e8c17c08-34f7-4936-950e-620ce984b466",
          "smiles": "[NaH]",
          "state_of_matter": "SOLID",
          "molecular_weight": 23.99771,
          "density": 1.4,
          "mass": 23.99771,
          "is_produced_by": [],
          "is_consumed_by": [
            "fa310e57-eb69-4612-b6f7-f49028daa206"
          ],
          "provenance__density": "dummy estimator based on mw",
          "provenance__is_consumed_by": null,
          "provenance__is_produced_by": null,
          "provenance__mass": null,
          "provenance__molecular_weight": "periodic table",
          "provenance__smiles": null,
          "provenance__state_of_matter": "dummy estimator based on mw"
        }
      ],
      "products": [
        {
          "identifier": "7a42633a-96a1-4f7c-9416-3d1ede5f760e",
          "smiles": "CC(C)(C)[Si](C)(C)OCCc1cncn1Cc1ccc(C#N)cc1F",
          "state_of_matter": "SOLID",
          "molecular_weight": 360.5210832000004,
          "density": 1.4,
          "mass": 360.5210832000004,
          "is_produced_by": [
            "fa310e57-eb69-4612-b6f7-f49028daa206"
          ],
          "is_consumed_by": [],
          "provenance__density": "dummy estimator based on mw",
          "provenance__is_consumed_by": null,
          "provenance__is_produced_by": null,
          "provenance__mass": null,
          "provenance__molecular_weight": "periodic table",
          "provenance__smiles": null,
          "provenance__state_of_matter": "dummy estimator based on mw"
        }
      ],
      "stoichiometry": {
        "caf7635c-57f0-449a-9400-bdfc2c636df5": 1.0,
        "70863f4e-76c9-47cd-9423-07a22cc8df88": 1.0,
        "7a42633a-96a1-4f7c-9416-3d1ede5f760e": -1.0
      },
      "temperature": 270.7384895503521,
      "intended_ratios": {
        "caf7635c-57f0-449a-9400-bdfc2c636df5": 1.0,
        "70863f4e-76c9-47cd-9423-07a22cc8df88": 1.0,
        "46cf7ad0-96c2-48dc-8d97-152c6ba9fc0f": 1.0,
        "e8c17c08-34f7-4936-950e-620ce984b466": 1.0
      },
      "expected_yields": {
        "7a42633a-96a1-4f7c-9416-3d1ede5f760e": 1.0
      },
      "reaction_extent": 1.0
    },
    {
      "identifier": "30c226ee-e238-46aa-aa0a-f910f30c176e",
      "reactants": [
        {
          "identifier": "7de5505c-bc9f-4fce-836b-c71229eeb57d",
          "smiles": "CC(C)(C)[Si](C)(C)OCCc1cncn1Cc1ccc(C#N)cc1F",
          "state_of_matter": "SOLID",
          "molecular_weight": 360.5210832000004,
          "density": 1.4,
          "mass": 360.5210832000004,
          "is_produced_by": [],
          "is_consumed_by": [
            "30c226ee-e238-46aa-aa0a-f910f30c176e"
          ],
          "provenance__density": "dummy estimator based on mw",
          "provenance__is_consumed_by": null,
          "provenance__is_produced_by": null,
          "provenance__mass": null,
          "provenance__molecular_weight": "periodic table",
          "provenance__smiles": null,
          "provenance__state_of_matter": "dummy estimator based on mw"
        }
      ],
      "reagents": [
        {
          "identifier": "fad12ae8-4562-42f3-be61-715e150bb8b5",
          "smiles": "C1CCOC1",
          "state_of_matter": "LIQUID",
          "molecular_weight": 72.10572000000005,
          "density": 1.0,
          "mass": 72.10572000000005,
          "is_produced_by": [],
          "is_consumed_by": [
            "30c226ee-e238-46aa-aa0a-f910f30c176e"
          ],
          "provenance__density": "dummy estimator based on mw",
          "provenance__is_consumed_by": null,
          "provenance__is_produced_by": null,
          "provenance__mass": null,
          "provenance__molecular_weight": "periodic table",
          "provenance__smiles": null,
          "provenance__state_of_matter": "dummy estimator based on mw"
        },
        {
          "identifier": "11bd1839-8a2f-4c2f-bcfd-33183bcc154f",
          "smiles": "CCCC[N+](CCCC)(CCCC)CCCC.[F-]",
          "state_of_matter": "SOLID",
          "molecular_weight": 261.46214319999973,
          "density": 1.4,
          "mass": 261.46214319999973,
          "is_produced_by": [],
          "is_consumed_by": [
            "30c226ee-e238-46aa-aa0a-f910f30c176e"
          ],
          "provenance__density": "dummy estimator based on mw",
          "provenance__is_consumed_by": null,
          "provenance__is_produced_by": null,
          "provenance__mass": null,
          "provenance__molecular_weight": "periodic table",
          "provenance__smiles": null,
          "provenance__state_of_matter": "dummy estimator based on mw"
        }
      ],
      "products": [
        {
          "identifier": "412935d7-0037-4d70-a84e-4f0bd272af38",
          "smiles": "N#Cc1ccc(Cn2cncc2CCO)c(F)c1",
          "state_of_matter": "SOLID",
          "molecular_weight": 246.26022319999984,
          "density": 1.4,
          "mass": 246.26022319999984,
          "is_produced_by": [
            "30c226ee-e238-46aa-aa0a-f910f30c176e"
          ],
          "is_consumed_by": [],
          "provenance__density": "dummy estimator based on mw",
          "provenance__is_consumed_by": null,
          "provenance__is_produced_by": null,
          "provenance__mass": null,
          "provenance__molecular_weight": "periodic table",
          "provenance__smiles": null,
          "provenance__state_of_matter": "dummy estimator based on mw"
        }
      ],
      "stoichiometry": {
        "7de5505c-bc9f-4fce-836b-c71229eeb57d": 1.0,
        "412935d7-0037-4d70-a84e-4f0bd272af38": -1.0
      },
      "temperature": 281.7756132960319,
      "intended_ratios": {
        "7de5505c-bc9f-4fce-836b-c71229eeb57d": 1.0,
        "fad12ae8-4562-42f3-be61-715e150bb8b5": 1.0,
        "11bd1839-8a2f-4c2f-bcfd-33183bcc154f": 1.0
      },
      "expected_yields": {
        "412935d7-0037-4d70-a84e-4f0bd272af38": 1.0
      },
      "reaction_extent": 1.0
    },
    {
      "identifier": "7ee50f5f-c9b9-4e7f-96d0-d93195368ef5",
      "reactants": [
        {
          "identifier": "1eb4a596-f366-49df-beea-239252f8e54f",
          "smiles": "CC(N)=O",
          "state_of_matter": "LIQUID",
          "molecular_weight": 59.06719999999999,
          "density": 1.0,
          "mass": 59.06719999999999,
          "is_produced_by": [],
          "is_consumed_by": [
            "7ee50f5f-c9b9-4e7f-96d0-d93195368ef5"
          ],
          "provenance__density": "dummy estimator based on mw",
          "provenance__is_consumed_by": null,
          "provenance__is_produced_by": null,
          "provenance__mass": null,
          "provenance__molecular_weight": "periodic table",
          "provenance__smiles": null,
          "provenance__state_of_matter": "dummy estimator based on mw"
        },
        {
          "identifier": "c0e60395-0f0a-4d0c-afb0-39ae6e120936",
          "smiles": "CNC(=O)c1nnc(Cl)cc1Nc1cccc(-c2ncn(C)n2)c1OC",
          "state_of_matter": "SOLID",
          "molecular_weight": 374.80488000000025,
          "density": 1.4,
          "mass": 374.80488000000025,
          "is_produced_by": [],
          "is_consumed_by": [
            "7ee50f5f-c9b9-4e7f-96d0-d93195368ef5"
          ],
          "provenance__density": "dummy estimator based on mw",
          "provenance__is_consumed_by": null,
          "provenance__is_produced_by": null,
          "provenance__mass": null,
          "provenance__molecular_weight": "periodic table",
          "provenance__smiles": null,
          "provenance__state_of_matter": "dummy estimator based on mw"
        }
      ],
      "reagents": [
        {
          "identifier": "d4cae454-968e-4149-948f-10020285e823",
          "smiles": "C1COCCO1",
          "state_of_matter": "LIQUID",
          "molecular_weight": 88.10512000000004,
          "density": 1.0,
          "mass": 88.10512000000004,
          "is_produced_by": [],
          "is_consumed_by": [
            "7ee50f5f-c9b9-4e7f-96d0-d93195368ef5"
          ],
          "provenance__density": "dummy estimator based on mw",
          "provenance__is_consumed_by": null,
          "provenance__is_produced_by": null,
          "provenance__mass": null,
          "provenance__molecular_weight": "periodic table",
          "provenance__smiles": null,
          "provenance__state_of_matter": "dummy estimator based on mw"
        },
        {
          "identifier": "0b00c9f3-e6f0-4518-a688-0dd86ce2a3f8",
          "smiles": "[Pd]",
          "state_of_matter": "SOLID",
          "molecular_weight": 106.42,
          "density": 1.4,
          "mass": 106.42,
          "is_produced_by": [],
          "is_consumed_by": [
            "7ee50f5f-c9b9-4e7f-96d0-d93195368ef5"
          ],
          "provenance__density": "dummy estimator based on mw",
          "provenance__is_consumed_by": null,
          "provenance__is_produced_by": null,
          "provenance__mass": null,
          "provenance__molecular_weight": "periodic table",
          "provenance__smiles": null,
          "provenance__state_of_matter": "dummy estimator based on mw"
        },
        {
          "identifier": "e9ce5718-25f0-43d2-8ead-5272803a11a1",
          "smiles": "CC1(C)c2cccc(P(c3ccccc3)c3ccccc3)c2Oc2c(P(c3ccccc3)c3ccccc3)cccc21",
          "state_of_matter": "SOLID",
          "molecular_weight": 578.6183019999985,
          "density": 1.4,
          "mass": 578.6183019999985,
          "is_produced_by": [],
          "is_consumed_by": [
            "7ee50f5f-c9b9-4e7f-96d0-d93195368ef5"
          ],
          "provenance__density": "dummy estimator based on mw",
          "provenance__is_consumed_by": null,
          "provenance__is_produced_by": null,
          "provenance__mass": null,
          "provenance__molecular_weight": "periodic table",
          "provenance__smiles": null,
          "provenance__state_of_matter": "dummy estimator based on mw"
        },
        {
          "identifier": "35ef509f-40ad-4c03-a812-f2b12431ff59",
          "smiles": "O=C(O[Cs])O[Cs]",
          "state_of_matter": "SOLID",
          "molecular_weight": 325.8198,
          "density": 1.4,
          "mass": 325.8198,
          "is_produced_by": [],
          "is_consumed_by": [
            "7ee50f5f-c9b9-4e7f-96d0-d93195368ef5"
          ],
          "provenance__density": "dummy estimator based on mw",
          "provenance__is_consumed_by": null,
          "provenance__is_produced_by": null,
          "provenance__mass": null,
          "provenance__molecular_weight": "periodic table",
          "provenance__smiles": null,
          "provenance__state_of_matter": "dummy estimator based on mw"
        }
      ],
      "products": [
        {
          "identifier": "90eb0a02-736a-4854-a97e-ddb67a68c8cc",
          "smiles": "CNC(=O)c1nnc(NC(C)=O)cc1Nc1cccc(-c2ncn(C)n2)c1OC",
          "state_of_matter": "SOLID",
          "molecular_weight": 397.41114000000033,
          "density": 1.4,
          "mass": 397.41114000000033,
          "is_produced_by": [
            "7ee50f5f-c9b9-4e7f-96d0-d93195368ef5"
          ],
          "is_consumed_by": [],
          "provenance__density": "dummy estimator based on mw",
          "provenance__is_consumed_by": null,
          "provenance__is_produced_by": null,
          "provenance__mass": null,
          "provenance__molecular_weight": "periodic table",
          "provenance__smiles": null,
          "provenance__state_of_matter": "dummy estimator based on mw"
        }
      ],
      "stoichiometry": {
        "1eb4a596-f366-49df-beea-239252f8e54f": 1.0,
        "c0e60395-0f0a-4d0c-afb0-39ae6e120936": 1.0,
        "90eb0a02-736a-4854-a97e-ddb67a68c8cc": -1.0
      },
      "temperature": 361.9062446594238,
      "intended_ratios": {
        "1eb4a596-f366-49df-beea-239252f8e54f": 1.0,
        "c0e60395-0f0a-4d0c-afb0-39ae6e120936": 1.0,
        "d4cae454-968e-4149-948f-10020285e823": 1.0,
        "0b00c9f3-e6f0-4518-a688-0dd86ce2a3f8": 1.0,
        "e9ce5718-25f0-43d2-8ead-5272803a11a1": 1.0,
        "35ef509f-40ad-4c03-a812-f2b12431ff59": 1.0
      },
      "expected_yields": {
        "90eb0a02-736a-4854-a97e-ddb67a68c8cc": 1.0
      },
      "reaction_extent": 1.0
    },
    {
      "identifier": "2520651d-82f6-42be-a97a-45fc5a13660b",
      "reactants": [
        {
          "identifier": "4bb87130-67a7-4556-8de4-5436ba90aecd",
          "smiles": "CN",
          "state_of_matter": "LIQUID",
          "molecular_weight": 31.05710000000001,
          "density": 1.0,
          "mass": 31.05710000000001,
          "is_produced_by": [],
          "is_consumed_by": [
            "2520651d-82f6-42be-a97a-45fc5a13660b"
          ],
          "provenance__density": "dummy estimator based on mw",
          "provenance__is_consumed_by": null,
          "provenance__is_produced_by": null,
          "provenance__mass": null,
          "provenance__molecular_weight": "periodic table",
          "provenance__smiles": null,
          "provenance__state_of_matter": "dummy estimator based on mw"
        },
        {
          "identifier": "0d53456a-e7dc-4d27-9cdc-22b4d45b464f",
          "smiles": "COC(=O)c1nnc(Cl)cc1Nc1cccc(-c2ncn(C)n2)c1OC",
          "state_of_matter": "SOLID",
          "molecular_weight": 375.7896400000002,
          "density": 1.4,
          "mass": 375.7896400000002,
          "is_produced_by": [],
          "is_consumed_by": [
            "2520651d-82f6-42be-a97a-45fc5a13660b"
          ],
          "provenance__density": "dummy estimator based on mw",
          "provenance__is_consumed_by": null,
          "provenance__is_produced_by": null,
          "provenance__mass": null,
          "provenance__molecular_weight": "periodic table",
          "provenance__smiles": null,
          "provenance__state_of_matter": "dummy estimator based on mw"
        }
      ],
      "reagents": [
        {
          "identifier": "b52a4522-3948-456d-8431-f6c1f4f9d2b2",
          "smiles": "C1CCOC1",
          "state_of_matter": "LIQUID",
          "molecular_weight": 72.10572000000005,
          "density": 1.0,
          "mass": 72.10572000000005,
          "is_produced_by": [],
          "is_consumed_by": [
            "2520651d-82f6-42be-a97a-45fc5a13660b"
          ],
          "provenance__density": "dummy estimator based on mw",
          "provenance__is_consumed_by": null,
          "provenance__is_produced_by": null,
          "provenance__mass": null,
          "provenance__molecular_weight": "periodic table",
          "provenance__smiles": null,
          "provenance__state_of_matter": "dummy estimator based on mw"
        },
        {
          "identifier": "5eb3476f-84b7-4d98-974c-3c0da4c09335",
          "smiles": "[Li]N([Si](C)(C)C)[Si](C)(C)C",
          "state_of_matter": "SOLID",
          "molecular_weight": 167.3258199999998,
          "density": 1.4,
          "mass": 167.3258199999998,
          "is_produced_by": [],
          "is_consumed_by": [
            "2520651d-82f6-42be-a97a-45fc5a13660b"
          ],
          "provenance__density": "dummy estimator based on mw",
          "provenance__is_consumed_by": null,
          "provenance__is_produced_by": null,
          "provenance__mass": null,
          "provenance__molecular_weight": "periodic table",
          "provenance__smiles": null,
          "provenance__state_of_matter": "dummy estimator based on mw"
        }
      ],
      "products": [
        {
          "identifier": "5cc07ea1-2810-4766-b01a-f15addda668a",
          "smiles": "CNC(=O)c1nnc(Cl)cc1Nc1cccc(-c2ncn(C)n2)c1OC",
          "state_of_matter": "SOLID",
          "molecular_weight": 374.80488000000025,
          "density": 1.4,
          "mass": 374.80488000000025,
          "is_produced_by": [
            "2520651d-82f6-42be-a97a-45fc5a13660b"
          ],
          "is_consumed_by": [],
          "provenance__density": "dummy estimator based on mw",
          "provenance__is_consumed_by": null,
          "provenance__is_produced_by": null,
          "provenance__mass": null,
          "provenance__molecular_weight": "periodic table",
          "provenance__smiles": null,
          "provenance__state_of_matter": "dummy estimator based on mw"
        }
      ],
      "stoichiometry": {
        "4bb87130-67a7-4556-8de4-5436ba90aecd": 1.0,
        "0d53456a-e7dc-4d27-9cdc-22b4d45b464f": 1.0,
        "5cc07ea1-2810-4766-b01a-f15addda668a": -1.0
      },
      "temperature": 235.2590293139219,
      "intended_ratios": {
        "4bb87130-67a7-4556-8de4-5436ba90aecd": 1.0,
        "0d53456a-e7dc-4d27-9cdc-22b4d45b464f": 1.0,
        "b52a4522-3948-456d-8431-f6c1f4f9d2b2": 1.0,
        "5eb3476f-84b7-4d98-974c-3c0da4c09335": 1.0
      },
      "expected_yields": {
        "5cc07ea1-2810-4766-b01a-f15addda668a": 1.0
      },
      "reaction_extent": 1.0
    },
    {
      "identifier": "f72b57e8-ef1f-4117-a1c2-12684c1aada3",
      "reactants": [
        {
          "identifier": "64334d15-ccdc-43f8-9c74-1d15fe84e53d",
          "smiles": "CNC(=O)c1nnc(N)cc1Nc1cccc(-c2ncn(C)n2)c1OC",
          "state_of_matter": "SOLID",
          "molecular_weight": 355.3744600000003,
          "density": 1.4,
          "mass": 355.3744600000003,
          "is_produced_by": [],
          "is_consumed_by": [
            "f72b57e8-ef1f-4117-a1c2-12684c1aada3"
          ],
          "provenance__density": "dummy estimator based on mw",
          "provenance__is_consumed_by": null,
          "provenance__is_produced_by": null,
          "provenance__mass": null,
          "provenance__molecular_weight": "periodic table",
          "provenance__smiles": null,
          "provenance__state_of_matter": "dummy estimator based on mw"
        },
        {
          "identifier": "99627f76-3b2f-4270-9e4a-0f458209efc6",
          "smiles": "O=C(O)C1CC1",
          "state_of_matter": "LIQUID",
          "molecular_weight": 86.08924000000003,
          "density": 1.0,
          "mass": 86.08924000000003,
          "is_produced_by": [],
          "is_consumed_by": [
            "f72b57e8-ef1f-4117-a1c2-12684c1aada3"
          ],
          "provenance__density": "dummy estimator based on mw",
          "provenance__is_consumed_by": null,
          "provenance__is_produced_by": null,
          "provenance__mass": null,
          "provenance__molecular_weight": "periodic table",
          "provenance__smiles": null,
          "provenance__state_of_matter": "dummy estimator based on mw"
        }
      ],
      "reagents": [
        {
          "identifier": "f2092060-6f5d-4f9d-8810-29dc644954ea",
          "smiles": "CN(C)C=O",
          "state_of_matter": "LIQUID",
          "molecular_weight": 73.09378000000004,
          "density": 1.0,
          "mass": 73.09378000000004,
          "is_produced_by": [],
          "is_consumed_by": [
            "f72b57e8-ef1f-4117-a1c2-12684c1aada3"
          ],
          "provenance__density": "dummy estimator based on mw",
          "provenance__is_consumed_by": null,
          "provenance__is_produced_by": null,
          "provenance__mass": null,
          "provenance__molecular_weight": "periodic table",
          "provenance__smiles": null,
          "provenance__state_of_matter": "dummy estimator based on mw"
        },
        {
          "identifier": "42af3c69-96c9-4628-b58f-a725fd6cf34c",
          "smiles": "CN(C)C(On1nnc2cccnc21)=[N+](C)C.F[P-](F)(F)(F)(F)F",
          "state_of_matter": "SOLID",
          "molecular_weight": 381.2378202000002,
          "density": 1.4,
          "mass": 381.2378202000002,
          "is_produced_by": [],
          "is_consumed_by": [
            "f72b57e8-ef1f-4117-a1c2-12684c1aada3"
          ],
          "provenance__density": "dummy estimator based on mw",
          "provenance__is_consumed_by": null,
          "provenance__is_produced_by": null,
          "provenance__mass": null,
          "provenance__molecular_weight": "periodic table",
          "provenance__smiles": null,
          "provenance__state_of_matter": "dummy estimator based on mw"
        },
        {
          "identifier": "08a05e29-2a3a-46e3-b95e-bf08b983ff7b",
          "smiles": "CCN(C(C)C)C(C)C",
          "state_of_matter": "LIQUID",
          "molecular_weight": 129.24316000000007,
          "density": 1.0,
          "mass": 129.24316000000007,
          "is_produced_by": [],
          "is_consumed_by": [
            "f72b57e8-ef1f-4117-a1c2-12684c1aada3"
          ],
          "provenance__density": "dummy estimator based on mw",
          "provenance__is_consumed_by": null,
          "provenance__is_produced_by": null,
          "provenance__mass": null,
          "provenance__molecular_weight": "periodic table",
          "provenance__smiles": null,
          "provenance__state_of_matter": "dummy estimator based on mw"
        }
      ],
      "products": [
        {
          "identifier": "87e721f8-741d-47ee-875f-ef278594892b",
          "smiles": "CNC(=O)c1nnc(NC(=O)C2CC2)cc1Nc1cccc(-c2ncn(C)n2)c1OC",
          "state_of_matter": "SOLID",
          "molecular_weight": 423.44842000000034,
          "density": 1.4,
          "mass": 423.44842000000034,
          "is_produced_by": [
            "f72b57e8-ef1f-4117-a1c2-12684c1aada3"
          ],
          "is_consumed_by": [],
          "provenance__density": "dummy estimator based on mw",
          "provenance__is_consumed_by": null,
          "provenance__is_produced_by": null,
          "provenance__mass": null,
          "provenance__molecular_weight": "periodic table",
          "provenance__smiles": null,
          "provenance__state_of_matter": "dummy estimator based on mw"
        }
      ],
      "stoichiometry": {
        "64334d15-ccdc-43f8-9c74-1d15fe84e53d": 1.0,
        "99627f76-3b2f-4270-9e4a-0f458209efc6": 1.0,
        "87e721f8-741d-47ee-875f-ef278594892b": -1.0
      },
      "temperature": 292.6367393374443,
      "intended_ratios": {
        "64334d15-ccdc-43f8-9c74-1d15fe84e53d": 1.0,
        "99627f76-3b2f-4270-9e4a-0f458209efc6": 1.0,
        "f2092060-6f5d-4f9d-8810-29dc644954ea": 1.0,
        "42af3c69-96c9-4628-b58f-a725fd6cf34c": 1.0,
        "08a05e29-2a3a-46e3-b95e-bf08b983ff7b": 1.0
      },
      "expected_yields": {
        "87e721f8-741d-47ee-875f-ef278594892b": 1.0
      },
      "reaction_extent": 1.0
    },
    {
      "identifier": "2537fe0d-4c60-4ba5-a57c-1054aea0d3f4",
      "reactants": [
        {
          "identifier": "5117ce8d-e33a-4601-95e5-4f04c0fb8927",
          "smiles": "CNC(=O)c1nnc(NC(C)=O)cc1Nc1cccc(-c2ncn(C)n2)c1OC",
          "state_of_matter": "SOLID",
          "molecular_weight": 397.41114000000033,
          "density": 1.4,
          "mass": 397.41114000000033,
          "is_produced_by": [],
          "is_consumed_by": [
            "2537fe0d-4c60-4ba5-a57c-1054aea0d3f4"
          ],
          "provenance__density": "dummy estimator based on mw",
          "provenance__is_consumed_by": null,
          "provenance__is_produced_by": null,
          "provenance__mass": null,
          "provenance__molecular_weight": "periodic table",
          "provenance__smiles": null,
          "provenance__state_of_matter": "dummy estimator based on mw"
        }
      ],
      "reagents": [
        {
          "identifier": "038ff60f-b4f4-43e6-8275-7ddbb75e6a87",
          "smiles": "CO",
          "state_of_matter": "LIQUID",
          "molecular_weight": 32.04186000000001,
          "density": 1.0,
          "mass": 32.04186000000001,
          "is_produced_by": [],
          "is_consumed_by": [
            "2537fe0d-4c60-4ba5-a57c-1054aea0d3f4"
          ],
          "provenance__density": "dummy estimator based on mw",
          "provenance__is_consumed_by": null,
          "provenance__is_produced_by": null,
          "provenance__mass": null,
          "provenance__molecular_weight": "periodic table",
          "provenance__smiles": null,
          "provenance__state_of_matter": "dummy estimator based on mw"
        }
      ],
      "products": [
        {
          "identifier": "870f14a7-2d3c-46d7-aa6d-6356a8035e53",
          "smiles": "CNC(=O)c1nnc(N)cc1Nc1cccc(-c2ncn(C)n2)c1OC",
          "state_of_matter": "SOLID",
          "molecular_weight": 355.3744600000003,
          "density": 1.4,
          "mass": 355.3744600000003,
          "is_produced_by": [
            "2537fe0d-4c60-4ba5-a57c-1054aea0d3f4"
          ],
          "is_consumed_by": [],
          "provenance__density": "dummy estimator based on mw",
          "provenance__is_consumed_by": null,
          "provenance__is_produced_by": null,
          "provenance__mass": null,
          "provenance__molecular_weight": "periodic table",
          "provenance__smiles": null,
          "provenance__state_of_matter": "dummy estimator based on mw"
        }
      ],
      "stoichiometry": {
        "5117ce8d-e33a-4601-95e5-4f04c0fb8927": 1.0,
        "870f14a7-2d3c-46d7-aa6d-6356a8035e53": -1.0
      },
      "temperature": 300.69668526649474,
      "intended_ratios": {
        "5117ce8d-e33a-4601-95e5-4f04c0fb8927": 1.0,
        "038ff60f-b4f4-43e6-8275-7ddbb75e6a87": 1.0
      },
      "expected_yields": {
        "870f14a7-2d3c-46d7-aa6d-6356a8035e53": 1.0
      },
      "reaction_extent": 1.0
    },
    {
      "identifier": "dda23d0f-035a-4014-ac19-aa4bddd68a2a",
      "reactants": [
        {
          "identifier": "0c6c398d-464a-4c0f-a0f6-cc6c6dd796cd",
          "smiles": "COC(=O)c1nnc(Cl)cc1Cl",
          "state_of_matter": "SOLID",
          "molecular_weight": 207.01415999999992,
          "density": 1.4,
          "mass": 207.01415999999992,
          "is_produced_by": [],
          "is_consumed_by": [
            "dda23d0f-035a-4014-ac19-aa4bddd68a2a"
          ],
          "provenance__density": "dummy estimator based on mw",
          "provenance__is_consumed_by": null,
          "provenance__is_produced_by": null,
          "provenance__mass": null,
          "provenance__molecular_weight": "periodic table",
          "provenance__smiles": null,
          "provenance__state_of_matter": "dummy estimator based on mw"
        },
        {
          "identifier": "3e6db18e-33ae-48df-b7f6-36d3558138b4",
          "smiles": "COc1c(N)cccc1-c1ncn(C)n1",
          "state_of_matter": "SOLID",
          "molecular_weight": 205.2364199999999,
          "density": 1.4,
          "mass": 205.2364199999999,
          "is_produced_by": [],
          "is_consumed_by": [
            "dda23d0f-035a-4014-ac19-aa4bddd68a2a"
          ],
          "provenance__density": "dummy estimator based on mw",
          "provenance__is_consumed_by": null,
          "provenance__is_produced_by": null,
          "provenance__mass": null,
          "provenance__molecular_weight": "periodic table",
          "provenance__smiles": null,
          "provenance__state_of_matter": "dummy estimator based on mw"
        }
      ],
      "reagents": [
        {
          "identifier": "6a1096c2-9a86-42a9-adeb-572126882a43",
          "smiles": "C1CCOC1",
          "state_of_matter": "LIQUID",
          "molecular_weight": 72.10572000000005,
          "density": 1.0,
          "mass": 72.10572000000005,
          "is_produced_by": [],
          "is_consumed_by": [
            "dda23d0f-035a-4014-ac19-aa4bddd68a2a"
          ],
          "provenance__density": "dummy estimator based on mw",
          "provenance__is_consumed_by": null,
          "provenance__is_produced_by": null,
          "provenance__mass": null,
          "provenance__molecular_weight": "periodic table",
          "provenance__smiles": null,
          "provenance__state_of_matter": "dummy estimator based on mw"
        },
        {
          "identifier": "df089a8b-a386-4c6d-bef9-85b3b28284f7",
          "smiles": "[Li]N([Si](C)(C)C)[Si](C)(C)C",
          "state_of_matter": "SOLID",
          "molecular_weight": 167.3258199999998,
          "density": 1.4,
          "mass": 167.3258199999998,
          "is_produced_by": [],
          "is_consumed_by": [
            "dda23d0f-035a-4014-ac19-aa4bddd68a2a"
          ],
          "provenance__density": "dummy estimator based on mw",
          "provenance__is_consumed_by": null,
          "provenance__is_produced_by": null,
          "provenance__mass": null,
          "provenance__molecular_weight": "periodic table",
          "provenance__smiles": null,
          "provenance__state_of_matter": "dummy estimator based on mw"
        }
      ],
      "products": [
        {
          "identifier": "1d539b29-ccfe-4e7e-8352-0139423335cd",
          "smiles": "COC(=O)c1nnc(Cl)cc1Nc1cccc(-c2ncn(C)n2)c1OC",
          "state_of_matter": "SOLID",
          "molecular_weight": 375.7896400000002,
          "density": 1.4,
          "mass": 375.7896400000002,
          "is_produced_by": [
            "dda23d0f-035a-4014-ac19-aa4bddd68a2a"
          ],
          "is_consumed_by": [],
          "provenance__density": "dummy estimator based on mw",
          "provenance__is_consumed_by": null,
          "provenance__is_produced_by": null,
          "provenance__mass": null,
          "provenance__molecular_weight": "periodic table",
          "provenance__smiles": null,
          "provenance__state_of_matter": "dummy estimator based on mw"
        }
      ],
      "stoichiometry": {
        "0c6c398d-464a-4c0f-a0f6-cc6c6dd796cd": 1.0,
        "3e6db18e-33ae-48df-b7f6-36d3558138b4": 1.0,
        "1d539b29-ccfe-4e7e-8352-0139423335cd": -1.0
      },
      "temperature": 277.9126183569431,
      "intended_ratios": {
        "0c6c398d-464a-4c0f-a0f6-cc6c6dd796cd": 1.0,
        "3e6db18e-33ae-48df-b7f6-36d3558138b4": 1.0,
        "6a1096c2-9a86-42a9-adeb-572126882a43": 1.0,
        "df089a8b-a386-4c6d-bef9-85b3b28284f7": 1.0
      },
      "expected_yields": {
        "1d539b29-ccfe-4e7e-8352-0139423335cd": 1.0
      },
      "reaction_extent": 1.0
    },
    {
      "identifier": "ba5f4957-c658-48e6-9eb1-b19855846d53",
      "reactants": [
        {
          "identifier": "255fcb7c-bf2b-42c1-ad25-850c4b7e802a",
          "smiles": "N#Cc1ccc(Cn2cncc2CCCl)c(F)c1",
          "state_of_matter": "SOLID",
          "molecular_weight": 264.7058832000001,
          "density": 1.4,
          "mass": 264.7058832000001,
          "is_produced_by": [],
          "is_consumed_by": [
            "ba5f4957-c658-48e6-9eb1-b19855846d53"
          ],
          "provenance__density": "dummy estimator based on mw",
          "provenance__is_consumed_by": null,
          "provenance__is_produced_by": null,
          "provenance__mass": null,
          "provenance__molecular_weight": "periodic table",
          "provenance__smiles": null,
          "provenance__state_of_matter": "dummy estimator based on mw"
        }
      ],
      "reagents": [
        {
          "identifier": "23661f43-4194-4717-9bb7-068ae3b8d647",
          "smiles": "CN(C)C=O",
          "state_of_matter": "LIQUID",
          "molecular_weight": 73.09378000000004,
          "density": 1.0,
          "mass": 73.09378000000004,
          "is_produced_by": [],
          "is_consumed_by": [
            "ba5f4957-c658-48e6-9eb1-b19855846d53"
          ],
          "provenance__density": "dummy estimator based on mw",
          "provenance__is_consumed_by": null,
          "provenance__is_produced_by": null,
          "provenance__mass": null,
          "provenance__molecular_weight": "periodic table",
          "provenance__smiles": null,
          "provenance__state_of_matter": "dummy estimator based on mw"
        },
        {
          "identifier": "60ca2c8c-ae70-46e6-9eb5-5c35d94d8424",
          "smiles": "[NaH]",
          "state_of_matter": "SOLID",
          "molecular_weight": 23.99771,
          "density": 1.4,
          "mass": 23.99771,
          "is_produced_by": [],
          "is_consumed_by": [
            "ba5f4957-c658-48e6-9eb1-b19855846d53"
          ],
          "provenance__density": "dummy estimator based on mw",
          "provenance__is_consumed_by": null,
          "provenance__is_produced_by": null,
          "provenance__mass": null,
          "provenance__molecular_weight": "periodic table",
          "provenance__smiles": null,
          "provenance__state_of_matter": "dummy estimator based on mw"
        }
      ],
      "products": [
        {
          "identifier": "3a879e03-1a57-4250-a4dd-ef9e2d9ebc4f",
          "smiles": "N#Cc1ccc(C2CCc3cncn32)c(F)c1",
          "state_of_matter": "SOLID",
          "molecular_weight": 228.24494319999988,
          "density": 1.4,
          "mass": 228.24494319999988,
          "is_produced_by": [
            "ba5f4957-c658-48e6-9eb1-b19855846d53"
          ],
          "is_consumed_by": [],
          "provenance__density": "dummy estimator based on mw",
          "provenance__is_consumed_by": null,
          "provenance__is_produced_by": null,
          "provenance__mass": null,
          "provenance__molecular_weight": "periodic table",
          "provenance__smiles": null,
          "provenance__state_of_matter": "dummy estimator based on mw"
        }
      ],
      "stoichiometry": {
        "255fcb7c-bf2b-42c1-ad25-850c4b7e802a": 1.0,
        "3a879e03-1a57-4250-a4dd-ef9e2d9ebc4f": -1.0
      },
      "temperature": 289.2455680310726,
      "intended_ratios": {
        "255fcb7c-bf2b-42c1-ad25-850c4b7e802a": 1.0,
        "23661f43-4194-4717-9bb7-068ae3b8d647": 1.0,
        "60ca2c8c-ae70-46e6-9eb5-5c35d94d8424": 1.0
      },
      "expected_yields": {
        "3a879e03-1a57-4250-a4dd-ef9e2d9ebc4f": 1.0
      },
      "reaction_extent": 1.0
    },
    {
      "identifier": "6121fef9-aae3-433d-b5a5-2d03c2486202",
      "reactants": [
        {
          "identifier": "77d6e664-de7a-46d4-8fe3-4fdd32417648",
          "smiles": "N#Cc1ccc(Cn2cncc2CCO)c(F)c1",
          "state_of_matter": "SOLID",
          "molecular_weight": 246.26022319999984,
          "density": 1.4,
          "mass": 246.26022319999984,
          "is_produced_by": [],
          "is_consumed_by": [
            "6121fef9-aae3-433d-b5a5-2d03c2486202"
          ],
          "provenance__density": "dummy estimator based on mw",
          "provenance__is_consumed_by": null,
          "provenance__is_produced_by": null,
          "provenance__mass": null,
          "provenance__molecular_weight": "periodic table",
          "provenance__smiles": null,
          "provenance__state_of_matter": "dummy estimator based on mw"
        }
      ],
      "reagents": [
        {
          "identifier": "03d8bc00-e87f-482e-96bd-60c060bdd2ca",
          "smiles": "ClCCl",
          "state_of_matter": "LIQUID",
          "molecular_weight": 84.93258000000002,
          "density": 1.0,
          "mass": 84.93258000000002,
          "is_produced_by": [],
          "is_consumed_by": [
            "6121fef9-aae3-433d-b5a5-2d03c2486202"
          ],
          "provenance__density": "dummy estimator based on mw",
          "provenance__is_consumed_by": null,
          "provenance__is_produced_by": null,
          "provenance__mass": null,
          "provenance__molecular_weight": "periodic table",
          "provenance__smiles": null,
          "provenance__state_of_matter": "dummy estimator based on mw"
        },
        {
          "identifier": "444cfea9-c667-4b4c-a48f-bdd764791a9a",
          "smiles": "CCN(CC)CC",
          "state_of_matter": "LIQUID",
          "molecular_weight": 101.19000000000008,
          "density": 1.0,
          "mass": 101.19000000000008,
          "is_produced_by": [],
          "is_consumed_by": [
            "6121fef9-aae3-433d-b5a5-2d03c2486202"
          ],
          "provenance__density": "dummy estimator based on mw",
          "provenance__is_consumed_by": null,
          "provenance__is_produced_by": null,
          "provenance__mass": null,
          "provenance__molecular_weight": "periodic table",
          "provenance__smiles": null,
          "provenance__state_of_matter": "dummy estimator based on mw"
        },
        {
          "identifier": "06daca78-0430-4333-9b79-595c7244db6a",
          "smiles": "CS(=O)(=O)Cl",
          "state_of_matter": "LIQUID",
          "molecular_weight": 114.55132000000002,
          "density": 1.0,
          "mass": 114.55132000000002,
          "is_produced_by": [],
          "is_consumed_by": [
            "6121fef9-aae3-433d-b5a5-2d03c2486202"
          ],
          "provenance__density": "dummy estimator based on mw",
          "provenance__is_consumed_by": null,
          "provenance__is_produced_by": null,
          "provenance__mass": null,
          "provenance__molecular_weight": "periodic table",
          "provenance__smiles": null,
          "provenance__state_of_matter": "dummy estimator based on mw"
        }
      ],
      "products": [
        {
          "identifier": "92314a55-9dc6-4561-af66-b7fd7664b74d",
          "smiles": "N#Cc1ccc(Cn2cncc2CCCl)c(F)c1",
          "state_of_matter": "SOLID",
          "molecular_weight": 264.7058832000001,
          "density": 1.4,
          "mass": 264.7058832000001,
          "is_produced_by": [
            "6121fef9-aae3-433d-b5a5-2d03c2486202"
          ],
          "is_consumed_by": [],
          "provenance__density": "dummy estimator based on mw",
          "provenance__is_consumed_by": null,
          "provenance__is_produced_by": null,
          "provenance__mass": null,
          "provenance__molecular_weight": "periodic table",
          "provenance__smiles": null,
          "provenance__state_of_matter": "dummy estimator based on mw"
        }
      ],
      "stoichiometry": {
        "77d6e664-de7a-46d4-8fe3-4fdd32417648": 1.0,
        "92314a55-9dc6-4561-af66-b7fd7664b74d": -1.0
      },
      "temperature": 280.6338912785053,
      "intended_ratios": {
        "77d6e664-de7a-46d4-8fe3-4fdd32417648": 1.0,
        "03d8bc00-e87f-482e-96bd-60c060bdd2ca": 1.0,
        "444cfea9-c667-4b4c-a48f-bdd764791a9a": 1.0,
        "06daca78-0430-4333-9b79-595c7244db6a": 1.0
      },
      "expected_yields": {
        "92314a55-9dc6-4561-af66-b7fd7664b74d": 1.0
      },
      "reaction_extent": 1.0
    }
  ],
  "molecular_nodes": [
    "C1CCOC1",
    "C1COCCO1",
    "CC(=O)C1CCC2C3CCC4CC(=O)CCC4(C)C3CCC12C",
    "CC(=O)C1CCC2C3CCC4CC(O)CCC4(C)C3CCC12C",
    "CC(C)(C)[Si](C)(C)Cl",
    "CC(C)(C)[Si](C)(C)OCCc1c[nH]cn1",
    "CC(C)(C)[Si](C)(C)OCCc1cncn1Cc1ccc(C#N)cc1F",
    "CC(N)=O",
    "CC1(C)c2cccc(P(c3ccccc3)c3ccccc3)c2Oc2c(P(c3ccccc3)c3ccccc3)cccc21",
    "CCCC[N+](CCCC)(CCCC)CCCC.[F-]",
    "CCN(C(C)C)C(C)C",
    "CCN(CC)CC",
    "CCO",
    "CN",
    "CN(C)C(On1nnc2cccnc21)=[N+](C)C.F[P-](F)(F)(F)(F)F",
    "CN(C)C=O",
    "CNC(=O)c1nnc(Cl)cc1Nc1cccc(-c2ncn(C)n2)c1OC",
    "CNC(=O)c1nnc(N)cc1Nc1cccc(-c2ncn(C)n2)c1OC",
    "CNC(=O)c1nnc(NC(=O)C2CC2)cc1Nc1cccc(-c2ncn(C)n2)c1OC",
    "CNC(=O)c1nnc(NC(C)=O)cc1Nc1cccc(-c2ncn(C)n2)c1OC",
    "CO",
    "COC(=O)c1nnc(Cl)cc1Cl",
    "COC(=O)c1nnc(Cl)cc1Nc1cccc(-c2ncn(C)n2)c1OC",
    "COc1c(N)cccc1-c1ncn(C)n1",
    "CS(=O)(=O)Cl",
    "ClCCl",
    "N#Cc1ccc(C2CCc3cncn32)c(F)c1",
    "N#Cc1ccc(CBr)c(F)c1",
    "N#Cc1ccc(Cn2cncc2CCCl)c(F)c1",
    "N#Cc1ccc(Cn2cncc2CCO)c(F)c1",
    "O=C(O)C1CC1",
    "O=C(O[Cs])O[Cs]",
    "OCCc1c[nH]cn1",
    "[Li]N([Si](C)(C)C)[Si](C)(C)C",
    "[NaH]",
    "[Na]",
    "[Pd]",
    "c1c[nH]cn1"
  ],
  "edges": [
    [
      "2520651d-82f6-42be-a97a-45fc5a13660b",
      "CNC(=O)c1nnc(Cl)cc1Nc1cccc(-c2ncn(C)n2)c1OC"
    ],
    [
      "2537fe0d-4c60-4ba5-a57c-1054aea0d3f4",
      "CNC(=O)c1nnc(N)cc1Nc1cccc(-c2ncn(C)n2)c1OC"
    ],
    [
      "30c226ee-e238-46aa-aa0a-f910f30c176e",
      "N#Cc1ccc(Cn2cncc2CCO)c(F)c1"
    ],
    [
      "6121fef9-aae3-433d-b5a5-2d03c2486202",
      "N#Cc1ccc(Cn2cncc2CCCl)c(F)c1"
    ],
    [
      "7ee50f5f-c9b9-4e7f-96d0-d93195368ef5",
      "CNC(=O)c1nnc(NC(C)=O)cc1Nc1cccc(-c2ncn(C)n2)c1OC"
    ],
    [
      "82ca59ff-9215-427f-bf1a-c4dcab352bb4",
      "CC(C)(C)[Si](C)(C)OCCc1c[nH]cn1"
    ],
    [
      "C1CCOC1",
      "2520651d-82f6-42be-a97a-45fc5a13660b"
    ],
    [
      "C1CCOC1",
      "30c226ee-e238-46aa-aa0a-f910f30c176e"
    ],
    [
      "C1CCOC1",
      "dda23d0f-035a-4014-ac19-aa4bddd68a2a"
    ],
    [
      "C1CCOC1",
      "fa310e57-eb69-4612-b6f7-f49028daa206"
    ],
    [
      "C1COCCO1",
      "7ee50f5f-c9b9-4e7f-96d0-d93195368ef5"
    ],
    [
      "CC(=O)C1CCC2C3CCC4CC(=O)CCC4(C)C3CCC12C",
      "e47ec1cd-afb4-4424-abec-a9a9a0b90a0a"
    ],
    [
      "CC(C)(C)[Si](C)(C)Cl",
      "82ca59ff-9215-427f-bf1a-c4dcab352bb4"
    ],
    [
      "CC(C)(C)[Si](C)(C)OCCc1c[nH]cn1",
      "fa310e57-eb69-4612-b6f7-f49028daa206"
    ],
    [
      "CC(C)(C)[Si](C)(C)OCCc1cncn1Cc1ccc(C#N)cc1F",
      "30c226ee-e238-46aa-aa0a-f910f30c176e"
    ],
    [
      "CC(N)=O",
      "7ee50f5f-c9b9-4e7f-96d0-d93195368ef5"
    ],
    [
      "CC1(C)c2cccc(P(c3ccccc3)c3ccccc3)c2Oc2c(P(c3ccccc3)c3ccccc3)cccc21",
      "7ee50f5f-c9b9-4e7f-96d0-d93195368ef5"
    ],
    [
      "CCCC[N+](CCCC)(CCCC)CCCC.[F-]",
      "30c226ee-e238-46aa-aa0a-f910f30c176e"
    ],
    [
      "CCN(C(C)C)C(C)C",
      "f72b57e8-ef1f-4117-a1c2-12684c1aada3"
    ],
    [
      "CCN(CC)CC",
      "6121fef9-aae3-433d-b5a5-2d03c2486202"
    ],
    [
      "CCO",
      "e47ec1cd-afb4-4424-abec-a9a9a0b90a0a"
    ],
    [
      "CN",
      "2520651d-82f6-42be-a97a-45fc5a13660b"
    ],
    [
      "CN(C)C(On1nnc2cccnc21)=[N+](C)C.F[P-](F)(F)(F)(F)F",
      "f72b57e8-ef1f-4117-a1c2-12684c1aada3"
    ],
    [
      "CN(C)C=O",
      "82ca59ff-9215-427f-bf1a-c4dcab352bb4"
    ],
    [
      "CN(C)C=O",
      "ba5f4957-c658-48e6-9eb1-b19855846d53"
    ],
    [
      "CN(C)C=O",
      "f72b57e8-ef1f-4117-a1c2-12684c1aada3"
    ],
    [
      "CNC(=O)c1nnc(Cl)cc1Nc1cccc(-c2ncn(C)n2)c1OC",
      "7ee50f5f-c9b9-4e7f-96d0-d93195368ef5"
    ],
    [
      "CNC(=O)c1nnc(N)cc1Nc1cccc(-c2ncn(C)n2)c1OC",
      "f72b57e8-ef1f-4117-a1c2-12684c1aada3"
    ],
    [
      "CNC(=O)c1nnc(NC(C)=O)cc1Nc1cccc(-c2ncn(C)n2)c1OC",
      "2537fe0d-4c60-4ba5-a57c-1054aea0d3f4"
    ],
    [
      "CO",
      "2537fe0d-4c60-4ba5-a57c-1054aea0d3f4"
    ],
    [
      "COC(=O)c1nnc(Cl)cc1Cl",
      "dda23d0f-035a-4014-ac19-aa4bddd68a2a"
    ],
    [
      "COC(=O)c1nnc(Cl)cc1Nc1cccc(-c2ncn(C)n2)c1OC",
      "2520651d-82f6-42be-a97a-45fc5a13660b"
    ],
    [
      "COc1c(N)cccc1-c1ncn(C)n1",
      "dda23d0f-035a-4014-ac19-aa4bddd68a2a"
    ],
    [
      "CS(=O)(=O)Cl",
      "6121fef9-aae3-433d-b5a5-2d03c2486202"
    ],
    [
      "ClCCl",
      "6121fef9-aae3-433d-b5a5-2d03c2486202"
    ],
    [
      "N#Cc1ccc(CBr)c(F)c1",
      "fa310e57-eb69-4612-b6f7-f49028daa206"
    ],
    [
      "N#Cc1ccc(Cn2cncc2CCCl)c(F)c1",
      "ba5f4957-c658-48e6-9eb1-b19855846d53"
    ],
    [
      "N#Cc1ccc(Cn2cncc2CCO)c(F)c1",
      "6121fef9-aae3-433d-b5a5-2d03c2486202"
    ],
    [
      "O=C(O)C1CC1",
      "f72b57e8-ef1f-4117-a1c2-12684c1aada3"
    ],
    [
      "O=C(O[Cs])O[Cs]",
      "7ee50f5f-c9b9-4e7f-96d0-d93195368ef5"
    ],
    [
      "OCCc1c[nH]cn1",
      "82ca59ff-9215-427f-bf1a-c4dcab352bb4"
    ],
    [
      "[Li]N([Si](C)(C)C)[Si](C)(C)C",
      "2520651d-82f6-42be-a97a-45fc5a13660b"
    ],
    [
      "[Li]N([Si](C)(C)C)[Si](C)(C)C",
      "dda23d0f-035a-4014-ac19-aa4bddd68a2a"
    ],
    [
      "[NaH]",
      "ba5f4957-c658-48e6-9eb1-b19855846d53"
    ],
    [
      "[NaH]",
      "fa310e57-eb69-4612-b6f7-f49028daa206"
    ],
    [
      "[Na]",
      "e47ec1cd-afb4-4424-abec-a9a9a0b90a0a"
    ],
    [
      "[Pd]",
      "7ee50f5f-c9b9-4e7f-96d0-d93195368ef5"
    ],
    [
      "ba5f4957-c658-48e6-9eb1-b19855846d53",
      "N#Cc1ccc(C2CCc3cncn32)c(F)c1"
    ],
    [
      "c1c[nH]cn1",
      "82ca59ff-9215-427f-bf1a-c4dcab352bb4"
    ],
    [
      "dda23d0f-035a-4014-ac19-aa4bddd68a2a",
      "COC(=O)c1nnc(Cl)cc1Nc1cccc(-c2ncn(C)n2)c1OC"
    ],
    [
      "e47ec1cd-afb4-4424-abec-a9a9a0b90a0a",
      "CC(=O)C1CCC2C3CCC4CC(O)CCC4(C)C3CCC12C"
    ],
    [
      "f72b57e8-ef1f-4117-a1c2-12684c1aada3",
      "CNC(=O)c1nnc(NC(=O)C2CC2)cc1Nc1cccc(-c2ncn(C)n2)c1OC"
    ],
    [
      "fa310e57-eb69-4612-b6f7-f49028daa206",
      "CC(C)(C)[Si](C)(C)OCCc1cncn1Cc1ccc(C#N)cc1F"
    ]
  ]
}