{
  "identifier": "ffce75e0-ca96-44ed-8c10-58bd63a3bd52",
  "operation_graphs": [
    {
      "identifier": "5a1a8b25-3ec4-4494-b693-48af971c84c5",
      "reaction": {
        "identifier": "232cdd04-c030-4a0d-b582-5592e8318389",
        "reactants": [
          {
            "identifier": "0c034f79-fab4-43bc-9e68-6ab56ba552f3",
            "smiles": "BrCc1cccc2ccsc12",
            "state_of_matter": "SOLID",
            "molecular_weight": 228.12881999999985,
            "density": 1.4,
            "mass": 2.2812881999999983,
            "is_produced_by": [],
            "is_consumed_by": [
              "232cdd04-c030-4a0d-b582-5592e8318389"
            ],
            "provenance__density": "dummy estimator based on mw",
            "provenance__is_consumed_by": null,
            "provenance__is_produced_by": null,
            "provenance__mass": null,
            "provenance__molecular_weight": "periodic table",
            "provenance__smiles": null,
            "provenance__state_of_matter": "dummy estimator based on mw"
          },
          {
            "identifier": "700c511d-0ae3-4f8b-aa63-9423c2d33de8",
            "smiles": "CS(C)(=O)=NS(=O)(=O)c1cccc(C(=O)O)c1",
            "state_of_matter": "SOLID",
            "molecular_weight": 277.3173400000001,
            "density": 1.4,
            "mass": 2.773173400000001,
            "is_produced_by": [],
            "is_consumed_by": [
              "232cdd04-c030-4a0d-b582-5592e8318389"
            ],
            "provenance__density": "dummy estimator based on mw",
            "provenance__is_consumed_by": null,
            "provenance__is_produced_by": null,
            "provenance__mass": null,
            "provenance__molecular_weight": "periodic table",
            "provenance__smiles": null,
            "provenance__state_of_matter": "dummy estimator based on mw"
          }
        ],
        "reagents": [
          {
            "identifier": "83be7209-48e9-47b5-961e-203507095d17",
            "smiles": "CN(C)C=O",
            "state_of_matter": "LIQUID",
            "molecular_weight": 73.09378000000004,
            "density": 1.0,
            "mass": 0.7309378000000004,
            "is_produced_by": [],
            "is_consumed_by": [
              "232cdd04-c030-4a0d-b582-5592e8318389"
            ],
            "provenance__density": "dummy estimator based on mw",
            "provenance__is_consumed_by": null,
            "provenance__is_produced_by": null,
            "provenance__mass": null,
            "provenance__molecular_weight": "periodic table",
            "provenance__smiles": null,
            "provenance__state_of_matter": "dummy estimator based on mw"
          },
          {
            "identifier": "90c0f697-7395-465f-b352-ba00a8f57d25",
            "smiles": "O=C(O[Cs])O[Cs]",
            "state_of_matter": "SOLID",
            "molecular_weight": 325.8198,
            "density": 1.4,
            "mass": 3.258198,
            "is_produced_by": [],
            "is_consumed_by": [
              "232cdd04-c030-4a0d-b582-5592e8318389"
            ],
            "provenance__density": "dummy estimator based on mw",
            "provenance__is_consumed_by": null,
            "provenance__is_produced_by": null,
            "provenance__mass": null,
            "provenance__molecular_weight": "periodic table",
            "provenance__smiles": null,
            "provenance__state_of_matter": "dummy estimator based on mw"
          }
        ],
        "products": [
          {
            "identifier": "786c00c1-37d6-49ab-9183-f2e711188970",
            "smiles": "CS(C)(=O)=NS(=O)(=O)c1cccc(C(=O)OCc2cccc3ccsc23)c1",
            "state_of_matter": "SOLID",
            "molecular_weight": 424.5342200000001,
            "density": 1.4,
            "mass": 4.245342200000001,
            "is_produced_by": [
              "232cdd04-c030-4a0d-b582-5592e8318389"
            ],
            "is_consumed_by": [],
            "provenance__density": "dummy estimator based on mw",
            "provenance__is_consumed_by": null,
            "provenance__is_produced_by": null,
            "provenance__mass": null,
            "provenance__molecular_weight": "periodic table",
            "provenance__smiles": null,
            "provenance__state_of_matter": "dummy estimator based on mw"
          }
        ],
        "stoichiometry": {
          "0c034f79-fab4-43bc-9e68-6ab56ba552f3": 1.0,
          "700c511d-0ae3-4f8b-aa63-9423c2d33de8": 1.0,
          "786c00c1-37d6-49ab-9183-f2e711188970": -1.0
        },
        "temperature": 297.0511069178581,
        "intended_ratios": {
          "0c034f79-fab4-43bc-9e68-6ab56ba552f3": 1.0,
          "700c511d-0ae3-4f8b-aa63-9423c2d33de8": 1.0,
          "83be7209-48e9-47b5-961e-203507095d17": 1.0,
          "90c0f697-7395-465f-b352-ba00a8f57d25": 1.0
        },
        "expected_yields": {
          "786c00c1-37d6-49ab-9183-f2e711188970": 1.0
        },
        "reaction_extent": 0.01
      },
      "functional_modules": [],
      "make_solutions": {
        "0c034f79-fab4-43bc-9e68-6ab56ba552f3": {
          "identifier": "e7050513-395d-4aae-8fdc-3ebcbadd4bc3",
          "type": "MakeSolution",
          "process_times": {},
          "from_reaction": "232cdd04-c030-4a0d-b582-5592e8318389",
          "annotations": {
            "solid_chemical": {
              "identifier": "0c034f79-fab4-43bc-9e68-6ab56ba552f3",
              "smiles": "BrCc1cccc2ccsc12",
              "state_of_matter": "SOLID",
              "molecular_weight": 228.12881999999985,
              "density": 1.4,
              "mass": 2.2812881999999983,
              "is_produced_by": [],
              "is_consumed_by": [
                "232cdd04-c030-4a0d-b582-5592e8318389"
              ],
              "provenance__density": "dummy estimator based on mw",
              "provenance__is_consumed_by": null,
              "provenance__is_produced_by": null,
              "provenance__mass": null,
              "provenance__molecular_weight": "periodic table",
              "provenance__smiles": null,
              "provenance__state_of_matter": "dummy estimator based on mw"
            },
            "liquid_chemical": {
              "identifier": "b45d93c3-34a2-460b-a5b1-05ba6bc14d5f",
              "smiles": "CN(C)C=O",
              "state_of_matter": "LIQUID",
              "molecular_weight": 73.09378000000004,
              "density": 1.0,
              "mass": 0.20059521961827473,
              "is_produced_by": [],
              "is_consumed_by": [
                "232cdd04-c030-4a0d-b582-5592e8318389"
              ],
              "provenance__density": "dummy estimator based on mw",
              "provenance__is_consumed_by": null,
              "provenance__is_produced_by": null,
              "provenance__mass": null,
              "provenance__molecular_weight": "periodic table",
              "provenance__smiles": null,
              "provenance__state_of_matter": "dummy estimator based on mw"
            },
            "notes": "making CN(C)C=O solution for BrCc1cccc2ccsc12"
          },
          "precedents": [
            "4b065de1-8735-4966-a197-21af01ceb9cf"
          ]
        },
        "700c511d-0ae3-4f8b-aa63-9423c2d33de8": {
          "identifier": "4ca20fb9-91dd-464f-bb98-1ad469a07ea8",
          "type": "MakeSolution",
          "process_times": {},
          "from_reaction": "232cdd04-c030-4a0d-b582-5592e8318389",
          "annotations": {
            "solid_chemical": {
              "identifier": "700c511d-0ae3-4f8b-aa63-9423c2d33de8",
              "smiles": "CS(C)(=O)=NS(=O)(=O)c1cccc(C(=O)O)c1",
              "state_of_matter": "SOLID",
              "molecular_weight": 277.3173400000001,
              "density": 1.4,
              "mass": 2.773173400000001,
              "is_produced_by": [],
              "is_consumed_by": [
                "232cdd04-c030-4a0d-b582-5592e8318389"
              ],
              "provenance__density": "dummy estimator based on mw",
              "provenance__is_consumed_by": null,
              "provenance__is_produced_by": null,
              "provenance__mass": null,
              "provenance__molecular_weight": "periodic table",
              "provenance__smiles": null,
              "provenance__state_of_matter": "dummy estimator based on mw"
            },
            "liquid_chemical": {
              "identifier": "32a85cc5-9a39-4cb3-875d-a5795870a700",
              "smiles": "CN(C)C=O",
              "state_of_matter": "LIQUID",
              "molecular_weight": 73.09378000000004,
              "density": 1.0,
              "mass": 0.24384701907131168,
              "is_produced_by": [],
              "is_consumed_by": [
                "232cdd04-c030-4a0d-b582-5592e8318389"
              ],
              "provenance__density": "dummy estimator based on mw",
              "provenance__is_consumed_by": null,
              "provenance__is_produced_by": null,
              "provenance__mass": null,
              "provenance__molecular_weight": "periodic table",
              "provenance__smiles": null,
              "provenance__state_of_matter": "dummy estimator based on mw"
            },
            "notes": "making CN(C)C=O solution for CS(C)(=O)=NS(=O)(=O)c1cccc(C(=O)O)c1"
          },
          "precedents": [
            "d80bfab9-53b2-42e2-8607-33c7ea422d07"
          ]
        },
        "90c0f697-7395-465f-b352-ba00a8f57d25": {
          "identifier": "9b5b320b-3656-49cb-84be-2cc733760cb1",
          "type": "MakeSolution",
          "process_times": {},
          "from_reaction": "232cdd04-c030-4a0d-b582-5592e8318389",
          "annotations": {
            "solid_chemical": {
              "identifier": "90c0f697-7395-465f-b352-ba00a8f57d25",
              "smiles": "O=C(O[Cs])O[Cs]",
              "state_of_matter": "SOLID",
              "molecular_weight": 325.8198,
              "density": 1.4,
              "mass": 3.258198,
              "is_produced_by": [],
              "is_consumed_by": [
                "232cdd04-c030-4a0d-b582-5592e8318389"
              ],
              "provenance__density": "dummy estimator based on mw",
              "provenance__is_consumed_by": null,
              "provenance__is_produced_by": null,
              "provenance__mass": null,
              "provenance__molecular_weight": "periodic table",
              "provenance__smiles": null,
              "provenance__state_of_matter": "dummy estimator based on mw"
            },
            "liquid_chemical": {
              "identifier": "7c6b8ca6-89c8-4f0f-ae4a-f162555f04e3",
              "smiles": "CN(C)C=O",
              "state_of_matter": "LIQUID",
              "molecular_weight": 73.09378000000004,
              "density": 1.0,
              "mass": 0.286495561310414,
              "is_produced_by": [],
              "is_consumed_by": [
                "232cdd04-c030-4a0d-b582-5592e8318389"
              ],
              "provenance__density": "dummy estimator based on mw",
              "provenance__is_consumed_by": null,
              "provenance__is_produced_by": null,
              "provenance__mass": null,
              "provenance__molecular_weight": "periodic table",
              "provenance__smiles": null,
              "provenance__state_of_matter": "dummy estimator based on mw"
            },
            "notes": "making CN(C)C=O solution for O=C(O[Cs])O[Cs]"
          },
          "precedents": []
        }
      },
      "add_solutions": {
        "0c034f79-fab4-43bc-9e68-6ab56ba552f3": {
          "identifier": "9c8ced41-5479-4dec-b836-323e80b32f15",
          "type": "TransferLiquid",
          "process_times": {},
          "from_reaction": "232cdd04-c030-4a0d-b582-5592e8318389",
          "annotations": {
            "chemical": {
              "identifier": "e2e5d967-1a4b-4b62-a0d1-04d205a87986",
              "smiles": "CN(C)C=O.BrCc1cccc2ccsc12",
              "state_of_matter": "LIQUID",
              "molecular_weight": null,
              "density": 1.3561561297311957,
              "mass": 2.481883419618273,
              "is_produced_by": [],
              "is_consumed_by": [
                "232cdd04-c030-4a0d-b582-5592e8318389"
              ],
              "provenance__density": "dummy estimator based on mw",
              "provenance__is_consumed_by": null,
              "provenance__is_produced_by": null,
              "provenance__mass": null,
              "provenance__molecular_weight": "periodic table",
              "provenance__smiles": null,
              "provenance__state_of_matter": "dummy estimator based on mw"
            },
            "notes": "add solution BrCc1cccc2ccsc12 in CN(C)C=O"
          },
          "precedents": [
            "e7050513-395d-4aae-8fdc-3ebcbadd4bc3"
          ]
        },
        "700c511d-0ae3-4f8b-aa63-9423c2d33de8": {
          "identifier": "aae43340-3e76-4eec-8c11-2d5ceef10786",
          "type": "TransferLiquid",
          "process_times": {},
          "from_reaction": "232cdd04-c030-4a0d-b582-5592e8318389",
          "annotations": {
            "chemical": {
              "identifier": "e3f58fe4-3924-4140-b917-c7316ee19ea2",
              "smiles": "CN(C)C=O.CS(C)(=O)=NS(=O)(=O)c1cccc(C(=O)O)c1",
              "state_of_matter": "LIQUID",
              "molecular_weight": null,
              "density": 1.3561561297311957,
              "mass": 3.017020419071313,
              "is_produced_by": [],
              "is_consumed_by": [
                "232cdd04-c030-4a0d-b582-5592e8318389"
              ],
              "provenance__density": "dummy estimator based on mw",
              "provenance__is_consumed_by": null,
              "provenance__is_produced_by": null,
              "provenance__mass": null,
              "provenance__molecular_weight": "periodic table",
              "provenance__smiles": null,
              "provenance__state_of_matter": "dummy estimator based on mw"
            },
            "notes": "add solution CS(C)(=O)=NS(=O)(=O)c1cccc(C(=O)O)c1 in CN(C)C=O"
          },
          "precedents": [
            "4ca20fb9-91dd-464f-bb98-1ad469a07ea8"
          ]
        },
        "90c0f697-7395-465f-b352-ba00a8f57d25": {
          "identifier": "8444b2b7-bf5f-4fc1-b2e8-017613f9c09d",
          "type": "TransferLiquid",
          "process_times": {},
          "from_reaction": "232cdd04-c030-4a0d-b582-5592e8318389",
          "annotations": {
            "chemical": {
              "identifier": "5ad91357-e0b6-480c-b478-3630630baf0b",
              "smiles": "CN(C)C=O.O=C(O[Cs])O[Cs]",
              "state_of_matter": "LIQUID",
              "molecular_weight": null,
              "density": 1.3561561297311957,
              "mass": 3.5446935613104142,
              "is_produced_by": [],
              "is_consumed_by": [
                "232cdd04-c030-4a0d-b582-5592e8318389"
              ],
              "provenance__density": "dummy estimator based on mw",
              "provenance__is_consumed_by": null,
              "provenance__is_produced_by": null,
              "provenance__mass": null,
              "provenance__molecular_weight": "periodic table",
              "provenance__smiles": null,
              "provenance__state_of_matter": "dummy estimator based on mw"
            },
            "notes": "add solution O=C(O[Cs])O[Cs] in CN(C)C=O"
          },
          "precedents": [
            "9b5b320b-3656-49cb-84be-2cc733760cb1"
          ]
        }
      },
      "add_liquids": {},
      "heat": {
        "identifier": "0caacc3d-5753-490c-9a9c-344bbc2a92be",
        "type": "Heating",
        "process_times": {},
        "from_reaction": "232cdd04-c030-4a0d-b582-5592e8318389",
        "annotations": {
          "temperature": 297.0511069178581,
          "notes": "heating the reaction vessel to afford product: CS(C)(=O)=NS(=O)(=O)c1cccc(C(=O)OCc2cccc3ccsc23)c1"
        },
        "precedents": [
          "9c8ced41-5479-4dec-b836-323e80b32f15",
          "aae43340-3e76-4eec-8c11-2d5ceef10786",
          "8444b2b7-bf5f-4fc1-b2e8-017613f9c09d",
          "e7050513-395d-4aae-8fdc-3ebcbadd4bc3",
          "4ca20fb9-91dd-464f-bb98-1ad469a07ea8",
          "9b5b320b-3656-49cb-84be-2cc733760cb1"
        ]
      },
      "concentrate_and_purify": {
        "identifier": "be35dcb3-4acb-4a3f-8b83-ebfd21546b2a",
        "type": "ConcentrationAndPurification",
        "process_times": {},
        "from_reaction": "232cdd04-c030-4a0d-b582-5592e8318389",
        "annotations": {
          "chemical": {
            "identifier": "786c00c1-37d6-49ab-9183-f2e711188970",
            "smiles": "CS(C)(=O)=NS(=O)(=O)c1cccc(C(=O)OCc2cccc3ccsc23)c1",
            "state_of_matter": "SOLID",
            "molecular_weight": 424.5342200000001,
            "density": 1.4,
            "mass": 4.245342200000001,
            "is_produced_by": [
              "232cdd04-c030-4a0d-b582-5592e8318389"
            ],
            "is_consumed_by": [],
            "provenance__density": "dummy estimator based on mw",
            "provenance__is_consumed_by": null,
            "provenance__is_produced_by": null,
            "provenance__mass": null,
            "provenance__molecular_weight": "periodic table",
            "provenance__smiles": null,
            "provenance__state_of_matter": "dummy estimator based on mw"
          },
          "notes": "purify and concentrate the product: CS(C)(=O)=NS(=O)(=O)c1cccc(C(=O)OCc2cccc3ccsc23)c1"
        },
        "precedents": [
          "0caacc3d-5753-490c-9a9c-344bbc2a92be"
        ]
      },
      "lmin": {
        "0caacc3d-5753-490c-9a9c-344bbc2a92be": {
          "be35dcb3-4acb-4a3f-8b83-ebfd21546b2a": 38.195205854589815
        }
      },
      "lmax": {
        "e7050513-395d-4aae-8fdc-3ebcbadd4bc3": {
          "0caacc3d-5753-490c-9a9c-344bbc2a92be": 68.30181271430678
        },
        "4ca20fb9-91dd-464f-bb98-1ad469a07ea8": {
          "0caacc3d-5753-490c-9a9c-344bbc2a92be": 55.3943328012481
        },
        "9b5b320b-3656-49cb-84be-2cc733760cb1": {
          "0caacc3d-5753-490c-9a9c-344bbc2a92be": 61.27371869775917
        }
      }
    },
    {
      "identifier": "296ff91d-d567-4515-97aa-eb05854a7ae1",
      "reaction": {
        "identifier": "80664d43-c2bb-4050-8acb-493f5b79e45a",
        "reactants": [
          {
            "identifier": "0c1477a7-9a16-4f22-944a-9a3e17b16323",
            "smiles": "COC(=O)c1cccc(S(=O)(=O)Cl)c1",
            "state_of_matter": "SOLID",
            "molecular_weight": 234.65677999999994,
            "density": 1.4,
            "mass": 2.3465677999999994,
            "is_produced_by": [],
            "is_consumed_by": [
              "80664d43-c2bb-4050-8acb-493f5b79e45a"
            ],
            "provenance__density": "dummy estimator based on mw",
            "provenance__is_consumed_by": null,
            "provenance__is_produced_by": null,
            "provenance__mass": null,
            "provenance__molecular_weight": "periodic table",
            "provenance__smiles": null,
            "provenance__state_of_matter": "dummy estimator based on mw"
          },
          {
            "identifier": "aa362396-0de7-4abf-bfa6-09537fcc516e",
            "smiles": "CS(C)(=N)=O",
            "state_of_matter": "LIQUID",
            "molecular_weight": 93.14808000000002,
            "density": 1.0,
            "mass": 0.9314808000000002,
            "is_produced_by": [],
            "is_consumed_by": [
              "80664d43-c2bb-4050-8acb-493f5b79e45a"
            ],
            "provenance__density": "dummy estimator based on mw",
            "provenance__is_consumed_by": null,
            "provenance__is_produced_by": null,
            "provenance__mass": null,
            "provenance__molecular_weight": "periodic table",
            "provenance__smiles": null,
            "provenance__state_of_matter": "dummy estimator based on mw"
          }
        ],
        "reagents": [
          {
            "identifier": "54af698a-b5ae-46ca-beac-749bf102c3d7",
            "smiles": "ClCCl",
            "state_of_matter": "LIQUID",
            "molecular_weight": 84.93258000000002,
            "density": 1.0,
            "mass": 0.8493258000000001,
            "is_produced_by": [],
            "is_consumed_by": [
              "80664d43-c2bb-4050-8acb-493f5b79e45a"
            ],
            "provenance__density": "dummy estimator based on mw",
            "provenance__is_consumed_by": null,
            "provenance__is_produced_by": null,
            "provenance__mass": null,
            "provenance__molecular_weight": "periodic table",
            "provenance__smiles": null,
            "provenance__state_of_matter": "dummy estimator based on mw"
          },
          {
            "identifier": "2b1f9ee9-bf7d-4523-aab6-41e325716100",
            "smiles": "CCN(C(C)C)C(C)C",
            "state_of_matter": "LIQUID",
            "molecular_weight": 129.24316000000007,
            "density": 1.0,
            "mass": 1.2924316000000007,
            "is_produced_by": [],
            "is_consumed_by": [
              "80664d43-c2bb-4050-8acb-493f5b79e45a"
            ],
            "provenance__density": "dummy estimator based on mw",
            "provenance__is_consumed_by": null,
            "provenance__is_produced_by": null,
            "provenance__mass": null,
            "provenance__molecular_weight": "periodic table",
            "provenance__smiles": null,
            "provenance__state_of_matter": "dummy estimator based on mw"
          }
        ],
        "products": [
          {
            "identifier": "d8a15538-5cd9-49e1-b63e-4dfb66675ec3",
            "smiles": "COC(=O)c1cccc(S(=O)(=O)N=S(C)(C)=O)c1",
            "state_of_matter": "SOLID",
            "molecular_weight": 291.3439200000002,
            "density": 1.4,
            "mass": 2.9134392000000022,
            "is_produced_by": [
              "80664d43-c2bb-4050-8acb-493f5b79e45a"
            ],
            "is_consumed_by": [],
            "provenance__density": "dummy estimator based on mw",
            "provenance__is_consumed_by": null,
            "provenance__is_produced_by": null,
            "provenance__mass": null,
            "provenance__molecular_weight": "periodic table",
            "provenance__smiles": null,
            "provenance__state_of_matter": "dummy estimator based on mw"
          }
        ],
        "stoichiometry": {
          "0c1477a7-9a16-4f22-944a-9a3e17b16323": 1.0,
          "aa362396-0de7-4abf-bfa6-09537fcc516e": 1.0,
          "d8a15538-5cd9-49e1-b63e-4dfb66675ec3": -1.0
        },
        "temperature": 282.86497558951373,
        "intended_ratios": {
          "0c1477a7-9a16-4f22-944a-9a3e17b16323": 1.0,
          "aa362396-0de7-4abf-bfa6-09537fcc516e": 1.0,
          "54af698a-b5ae-46ca-beac-749bf102c3d7": 1.0,
          "2b1f9ee9-bf7d-4523-aab6-41e325716100": 1.0
        },
        "expected_yields": {
          "d8a15538-5cd9-49e1-b63e-4dfb66675ec3": 1.0
        },
        "reaction_extent": 0.01
      },
      "functional_modules": [],
      "make_solutions": {
        "0c1477a7-9a16-4f22-944a-9a3e17b16323": {
          "identifier": "417624b7-9b24-46ff-af84-032a023d416c",
          "type": "MakeSolution",
          "process_times": {},
          "from_reaction": "80664d43-c2bb-4050-8acb-493f5b79e45a",
          "annotations": {
            "solid_chemical": {
              "identifier": "0c1477a7-9a16-4f22-944a-9a3e17b16323",
              "smiles": "COC(=O)c1cccc(S(=O)(=O)Cl)c1",
              "state_of_matter": "SOLID",
              "molecular_weight": 234.65677999999994,
              "density": 1.4,
              "mass": 2.3465677999999994,
              "is_produced_by": [],
              "is_consumed_by": [
                "80664d43-c2bb-4050-8acb-493f5b79e45a"
              ],
              "provenance__density": "dummy estimator based on mw",
              "provenance__is_consumed_by": null,
              "provenance__is_produced_by": null,
              "provenance__mass": null,
              "provenance__molecular_weight": "periodic table",
              "provenance__smiles": null,
              "provenance__state_of_matter": "dummy estimator based on mw"
            },
            "liquid_chemical": {
              "identifier": "fe4d1f09-92df-425f-838d-1d9fd8140d28",
              "smiles": "CCN(C(C)C)C(C)C",
              "state_of_matter": "LIQUID",
              "molecular_weight": 129.24316000000007,
              "density": 1.0,
              "mass": 1.2924316000000007,
              "is_produced_by": [],
              "is_consumed_by": [
                "80664d43-c2bb-4050-8acb-493f5b79e45a"
              ],
              "provenance__density": "dummy estimator based on mw",
              "provenance__is_consumed_by": null,
              "provenance__is_produced_by": null,
              "provenance__mass": null,
              "provenance__molecular_weight": "periodic table",
              "provenance__smiles": null,
              "provenance__state_of_matter": "dummy estimator based on mw"
            },
            "notes": "making CCN(C(C)C)C(C)C solution for COC(=O)c1cccc(S(=O)(=O)Cl)c1"
          },
          "precedents": []
        }
      },
      "add_solutions": {
        "0c1477a7-9a16-4f22-944a-9a3e17b16323": {
          "identifier": "e8dc3a9b-593b-4dd0-8a25-622e8cacf892",
          "type": "TransferLiquid",
          "process_times": {},
          "from_reaction": "80664d43-c2bb-4050-8acb-493f5b79e45a",
          "annotations": {
            "chemical": {
              "identifier": "143c28f1-0c80-44b4-857c-2f9a46f27455",
              "smiles": "CCN(C(C)C)C(C)C.COC(=O)c1cccc(S(=O)(=O)Cl)c1",
              "state_of_matter": "LIQUID",
              "molecular_weight": null,
              "density": 1.225850200859388,
              "mass": 3.6389994000000003,
              "is_produced_by": [],
              "is_consumed_by": [
                "80664d43-c2bb-4050-8acb-493f5b79e45a"
              ],
              "provenance__density": "dummy estimator based on mw",
              "provenance__is_consumed_by": null,
              "provenance__is_produced_by": null,
              "provenance__mass": null,
              "provenance__molecular_weight": "periodic table",
              "provenance__smiles": null,
              "provenance__state_of_matter": "dummy estimator based on mw"
            },
            "notes": "add solution COC(=O)c1cccc(S(=O)(=O)Cl)c1 in CCN(C(C)C)C(C)C"
          },
          "precedents": [
            "417624b7-9b24-46ff-af84-032a023d416c"
          ]
        }
      },
      "add_liquids": {
        "54af698a-b5ae-46ca-beac-749bf102c3d7": {
          "identifier": "a1179a48-74cf-417a-b632-67b8cd3b7889",
          "type": "TransferLiquid",
          "process_times": {},
          "from_reaction": "80664d43-c2bb-4050-8acb-493f5b79e45a",
          "annotations": {
            "chemical": {
              "identifier": "54af698a-b5ae-46ca-beac-749bf102c3d7",
              "smiles": "ClCCl",
              "state_of_matter": "LIQUID",
              "molecular_weight": 84.93258000000002,
              "density": 1.0,
              "mass": 0.8493258000000001,
              "is_produced_by": [],
              "is_consumed_by": [
                "80664d43-c2bb-4050-8acb-493f5b79e45a"
              ],
              "provenance__density": "dummy estimator based on mw",
              "provenance__is_consumed_by": null,
              "provenance__is_produced_by": null,
              "provenance__mass": null,
              "provenance__molecular_weight": "periodic table",
              "provenance__smiles": null,
              "provenance__state_of_matter": "dummy estimator based on mw"
            },
            "notes": "add liquid ClCCl"
          },
          "precedents": []
        },
        "aa362396-0de7-4abf-bfa6-09537fcc516e": {
          "identifier": "d9d237fc-fedc-4027-96e0-beb1fd2533b2",
          "type": "TransferLiquid",
          "process_times": {},
          "from_reaction": "80664d43-c2bb-4050-8acb-493f5b79e45a",
          "annotations": {
            "chemical": {
              "identifier": "aa362396-0de7-4abf-bfa6-09537fcc516e",
              "smiles": "CS(C)(=N)=O",
              "state_of_matter": "LIQUID",
              "molecular_weight": 93.14808000000002,
              "density": 1.0,
              "mass": 0.9314808000000002,
              "is_produced_by": [],
              "is_consumed_by": [
                "80664d43-c2bb-4050-8acb-493f5b79e45a"
              ],
              "provenance__density": "dummy estimator based on mw",
              "provenance__is_consumed_by": null,
              "provenance__is_produced_by": null,
              "provenance__mass": null,
              "provenance__molecular_weight": "periodic table",
              "provenance__smiles": null,
              "provenance__state_of_matter": "dummy estimator based on mw"
            },
            "notes": "add liquid CS(C)(=N)=O"
          },
          "precedents": []
        }
      },
      "heat": {
        "identifier": "d61be7bf-8e08-42c3-b260-a28601e7baea",
        "type": "Heating",
        "process_times": {},
        "from_reaction": "80664d43-c2bb-4050-8acb-493f5b79e45a",
        "annotations": {
          "temperature": 282.86497558951373,
          "notes": "heating the reaction vessel to afford product: COC(=O)c1cccc(S(=O)(=O)N=S(C)(C)=O)c1"
        },
        "precedents": [
          "a1179a48-74cf-417a-b632-67b8cd3b7889",
          "d9d237fc-fedc-4027-96e0-beb1fd2533b2",
          "e8dc3a9b-593b-4dd0-8a25-622e8cacf892",
          "417624b7-9b24-46ff-af84-032a023d416c"
        ]
      },
      "concentrate_and_purify": {
        "identifier": "9ccbbc0c-3789-463c-a159-b1f3255ddd1a",
        "type": "ConcentrationAndPurification",
        "process_times": {},
        "from_reaction": "80664d43-c2bb-4050-8acb-493f5b79e45a",
        "annotations": {
          "chemical": {
            "identifier": "d8a15538-5cd9-49e1-b63e-4dfb66675ec3",
            "smiles": "COC(=O)c1cccc(S(=O)(=O)N=S(C)(C)=O)c1",
            "state_of_matter": "SOLID",
            "molecular_weight": 291.3439200000002,
            "density": 1.4,
            "mass": 2.9134392000000022,
            "is_produced_by": [
              "80664d43-c2bb-4050-8acb-493f5b79e45a"
            ],
            "is_consumed_by": [],
            "provenance__density": "dummy estimator based on mw",
            "provenance__is_consumed_by": null,
            "provenance__is_produced_by": null,
            "provenance__mass": null,
            "provenance__molecular_weight": "periodic table",
            "provenance__smiles": null,
            "provenance__state_of_matter": "dummy estimator based on mw"
          },
          "notes": "purify and concentrate the product: COC(=O)c1cccc(S(=O)(=O)N=S(C)(C)=O)c1"
        },
        "precedents": [
          "d61be7bf-8e08-42c3-b260-a28601e7baea"
        ]
      },
      "lmin": {
        "d61be7bf-8e08-42c3-b260-a28601e7baea": {
          "9ccbbc0c-3789-463c-a159-b1f3255ddd1a": 43.96591839084277
        }
      },
      "lmax": {
        "417624b7-9b24-46ff-af84-032a023d416c": {
          "d61be7bf-8e08-42c3-b260-a28601e7baea": 83.26691299190833
        }
      }
    },
    {
      "identifier": "2f6b1147-74d8-4114-8d19-3787270fbbf8",
      "reaction": {
        "identifier": "87f6a296-c24f-4b3e-91a6-3a77b57b2a24",
        "reactants": [
          {
            "identifier": "6e758328-e0b6-40d7-b4e4-6051d5866422",
            "smiles": "COC(=O)c1cccc(S(=O)(=O)N=S(C)(C)=O)c1",
            "state_of_matter": "SOLID",
            "molecular_weight": 291.3439200000002,
            "density": 1.4,
            "mass": 2.9134392000000022,
            "is_produced_by": [],
            "is_consumed_by": [
              "87f6a296-c24f-4b3e-91a6-3a77b57b2a24"
            ],
            "provenance__density": "dummy estimator based on mw",
            "provenance__is_consumed_by": null,
            "provenance__is_produced_by": null,
            "provenance__mass": null,
            "provenance__molecular_weight": "periodic table",
            "provenance__smiles": null,
            "provenance__state_of_matter": "dummy estimator based on mw"
          }
        ],
        "reagents": [
          {
            "identifier": "cdaebeed-8026-4fb4-9449-b4dd33efd571",
            "smiles": "O",
            "state_of_matter": "LIQUID",
            "molecular_weight": 18.01528,
            "density": 1.0,
            "mass": 0.1801528,
            "is_produced_by": [],
            "is_consumed_by": [
              "87f6a296-c24f-4b3e-91a6-3a77b57b2a24"
            ],
            "provenance__density": "dummy estimator based on mw",
            "provenance__is_consumed_by": null,
            "provenance__is_produced_by": null,
            "provenance__mass": null,
            "provenance__molecular_weight": "periodic table",
            "provenance__smiles": null,
            "provenance__state_of_matter": "dummy estimator based on mw"
          },
          {
            "identifier": "47cdb73b-37d6-4d29-8211-4d327ea3c781",
            "smiles": "C1CCOC1",
            "state_of_matter": "LIQUID",
            "molecular_weight": 72.10572000000005,
            "density": 1.0,
            "mass": 0.7210572000000005,
            "is_produced_by": [],
            "is_consumed_by": [
              "87f6a296-c24f-4b3e-91a6-3a77b57b2a24"
            ],
            "provenance__density": "dummy estimator based on mw",
            "provenance__is_consumed_by": null,
            "provenance__is_produced_by": null,
            "provenance__mass": null,
            "provenance__molecular_weight": "periodic table",
            "provenance__smiles": null,
            "provenance__state_of_matter": "dummy estimator based on mw"
          },
          {
            "identifier": "5670609d-fee4-49b6-a13b-f0420b20d47b",
            "smiles": "[Li]O",
            "state_of_matter": "SOLID",
            "molecular_weight": 23.94834,
            "density": 1.4,
            "mass": 0.2394834,
            "is_produced_by": [],
            "is_consumed_by": [
              "87f6a296-c24f-4b3e-91a6-3a77b57b2a24"
            ],
            "provenance__density": "dummy estimator based on mw",
            "provenance__is_consumed_by": null,
            "provenance__is_produced_by": null,
            "provenance__mass": null,
            "provenance__molecular_weight": "periodic table",
            "provenance__smiles": null,
            "provenance__state_of_matter": "dummy estimator based on mw"
          }
        ],
        "products": [
          {
            "identifier": "cacdf701-707d-4339-8682-9ec2c8fd1ad2",
            "smiles": "CS(C)(=O)=NS(=O)(=O)c1cccc(C(=O)O)c1",
            "state_of_matter": "SOLID",
            "molecular_weight": 277.3173400000001,
            "density": 1.4,
            "mass": 2.773173400000001,
            "is_produced_by": [
              "87f6a296-c24f-4b3e-91a6-3a77b57b2a24"
            ],
            "is_consumed_by": [],
            "provenance__density": "dummy estimator based on mw",
            "provenance__is_consumed_by": null,
            "provenance__is_produced_by": null,
            "provenance__mass": null,
            "provenance__molecular_weight": "periodic table",
            "provenance__smiles": null,
            "provenance__state_of_matter": "dummy estimator based on mw"
          }
        ],
        "stoichiometry": {
          "6e758328-e0b6-40d7-b4e4-6051d5866422": 1.0,
          "cacdf701-707d-4339-8682-9ec2c8fd1ad2": -1.0
        },
        "temperature": 288.65616295337674,
        "intended_ratios": {
          "6e758328-e0b6-40d7-b4e4-6051d5866422": 1.0,
          "cdaebeed-8026-4fb4-9449-b4dd33efd571": 1.0,
          "47cdb73b-37d6-4d29-8211-4d327ea3c781": 1.0,
          "5670609d-fee4-49b6-a13b-f0420b20d47b": 1.0
        },
        "expected_yields": {
          "cacdf701-707d-4339-8682-9ec2c8fd1ad2": 1.0
        },
        "reaction_extent": 0.01
      },
      "functional_modules": [],
      "make_solutions": {
        "5670609d-fee4-49b6-a13b-f0420b20d47b": {
          "identifier": "75d90188-01eb-42f3-b36c-c017b635e61b",
          "type": "MakeSolution",
          "process_times": {},
          "from_reaction": "87f6a296-c24f-4b3e-91a6-3a77b57b2a24",
          "annotations": {
            "solid_chemical": {
              "identifier": "5670609d-fee4-49b6-a13b-f0420b20d47b",
              "smiles": "[Li]O",
              "state_of_matter": "SOLID",
              "molecular_weight": 23.94834,
              "density": 1.4,
              "mass": 0.2394834,
              "is_produced_by": [],
              "is_consumed_by": [
                "87f6a296-c24f-4b3e-91a6-3a77b57b2a24"
              ],
              "provenance__density": "dummy estimator based on mw",
              "provenance__is_consumed_by": null,
              "provenance__is_produced_by": null,
              "provenance__mass": null,
              "provenance__molecular_weight": "periodic table",
              "provenance__smiles": null,
              "provenance__state_of_matter": "dummy estimator based on mw"
            },
            "liquid_chemical": {
              "identifier": "e52a7e39-43e9-4627-b01d-1a16367ae83c",
              "smiles": "C1CCOC1",
              "state_of_matter": "LIQUID",
              "molecular_weight": 72.10572000000005,
              "density": 1.0,
              "mass": 0.054768623197562795,
              "is_produced_by": [],
              "is_consumed_by": [
                "87f6a296-c24f-4b3e-91a6-3a77b57b2a24"
              ],
              "provenance__density": "dummy estimator based on mw",
              "provenance__is_consumed_by": null,
              "provenance__is_produced_by": null,
              "provenance__mass": null,
              "provenance__molecular_weight": "periodic table",
              "provenance__smiles": null,
              "provenance__state_of_matter": "dummy estimator based on mw"
            },
            "notes": "making C1CCOC1 solution for [Li]O"
          },
          "precedents": []
        },
        "6e758328-e0b6-40d7-b4e4-6051d5866422": {
          "identifier": "89226a6a-cd0c-48f5-b503-671b25a10f9c",
          "type": "MakeSolution",
          "process_times": {},
          "from_reaction": "87f6a296-c24f-4b3e-91a6-3a77b57b2a24",
          "annotations": {
            "solid_chemical": {
              "identifier": "6e758328-e0b6-40d7-b4e4-6051d5866422",
              "smiles": "COC(=O)c1cccc(S(=O)(=O)N=S(C)(C)=O)c1",
              "state_of_matter": "SOLID",
              "molecular_weight": 291.3439200000002,
              "density": 1.4,
              "mass": 2.9134392000000022,
              "is_produced_by": [],
              "is_consumed_by": [
                "87f6a296-c24f-4b3e-91a6-3a77b57b2a24"
              ],
              "provenance__density": "dummy estimator based on mw",
              "provenance__is_consumed_by": null,
              "provenance__is_produced_by": null,
              "provenance__mass": null,
              "provenance__molecular_weight": "periodic table",
              "provenance__smiles": null,
              "provenance__state_of_matter": "dummy estimator based on mw"
            },
            "liquid_chemical": {
              "identifier": "c1c1598e-ef8c-4114-91e3-1020e3dcdb40",
              "smiles": "C1CCOC1",
              "state_of_matter": "LIQUID",
              "molecular_weight": 72.10572000000005,
              "density": 1.0,
              "mass": 0.6662885768024377,
              "is_produced_by": [],
              "is_consumed_by": [
                "87f6a296-c24f-4b3e-91a6-3a77b57b2a24"
              ],
              "provenance__density": "dummy estimator based on mw",
              "provenance__is_consumed_by": null,
              "provenance__is_produced_by": null,
              "provenance__mass": null,
              "provenance__molecular_weight": "periodic table",
              "provenance__smiles": null,
              "provenance__state_of_matter": "dummy estimator based on mw"
            },
            "notes": "making C1CCOC1 solution for COC(=O)c1cccc(S(=O)(=O)N=S(C)(C)=O)c1"
          },
          "precedents": [
            "9ccbbc0c-3789-463c-a159-b1f3255ddd1a"
          ]
        }
      },
      "add_solutions": {
        "5670609d-fee4-49b6-a13b-f0420b20d47b": {
          "identifier": "fb9586dc-7ce6-4167-9bc5-98c6164f6b7b",
          "type": "TransferLiquid",
          "process_times": {},
          "from_reaction": "87f6a296-c24f-4b3e-91a6-3a77b57b2a24",
          "annotations": {
            "chemical": {
              "identifier": "fbf172ab-e361-4c4c-b7cc-b23cd0351261",
              "smiles": "C1CCOC1.[Li]O",
              "state_of_matter": "LIQUID",
              "molecular_weight": null,
              "density": 1.3029906371288422,
              "mass": 0.29425202319756283,
              "is_produced_by": [],
              "is_consumed_by": [
                "87f6a296-c24f-4b3e-91a6-3a77b57b2a24"
              ],
              "provenance__density": "dummy estimator based on mw",
              "provenance__is_consumed_by": null,
              "provenance__is_produced_by": null,
              "provenance__mass": null,
              "provenance__molecular_weight": "periodic table",
              "provenance__smiles": null,
              "provenance__state_of_matter": "dummy estimator based on mw"
            },
            "notes": "add solution [Li]O in C1CCOC1"
          },
          "precedents": [
            "75d90188-01eb-42f3-b36c-c017b635e61b"
          ]
        },
        "6e758328-e0b6-40d7-b4e4-6051d5866422": {
          "identifier": "bfd51d40-3663-4c5a-bec8-ea240d43207e",
          "type": "TransferLiquid",
          "process_times": {},
          "from_reaction": "87f6a296-c24f-4b3e-91a6-3a77b57b2a24",
          "annotations": {
            "chemical": {
              "identifier": "40683212-38ca-470f-bd65-ac202e3b59eb",
              "smiles": "C1CCOC1.COC(=O)c1cccc(S(=O)(=O)N=S(C)(C)=O)c1",
              "state_of_matter": "LIQUID",
              "molecular_weight": null,
              "density": 1.3029906371288422,
              "mass": 3.57972777680244,
              "is_produced_by": [],
              "is_consumed_by": [
                "87f6a296-c24f-4b3e-91a6-3a77b57b2a24"
              ],
              "provenance__density": "dummy estimator based on mw",
              "provenance__is_consumed_by": null,
              "provenance__is_produced_by": null,
              "provenance__mass": null,
              "provenance__molecular_weight": "periodic table",
              "provenance__smiles": null,
              "provenance__state_of_matter": "dummy estimator based on mw"
            },
            "notes": "add solution COC(=O)c1cccc(S(=O)(=O)N=S(C)(C)=O)c1 in C1CCOC1"
          },
          "precedents": [
            "89226a6a-cd0c-48f5-b503-671b25a10f9c"
          ]
        }
      },
      "add_liquids": {
        "cdaebeed-8026-4fb4-9449-b4dd33efd571": {
          "identifier": "9207baf7-4dd4-46e4-884d-dd99673a0bbf",
          "type": "TransferLiquid",
          "process_times": {},
          "from_reaction": "87f6a296-c24f-4b3e-91a6-3a77b57b2a24",
          "annotations": {
            "chemical": {
              "identifier": "cdaebeed-8026-4fb4-9449-b4dd33efd571",
              "smiles": "O",
              "state_of_matter": "LIQUID",
              "molecular_weight": 18.01528,
              "density": 1.0,
              "mass": 0.1801528,
              "is_produced_by": [],
              "is_consumed_by": [
                "87f6a296-c24f-4b3e-91a6-3a77b57b2a24"
              ],
              "provenance__density": "dummy estimator based on mw",
              "provenance__is_consumed_by": null,
              "provenance__is_produced_by": null,
              "provenance__mass": null,
              "provenance__molecular_weight": "periodic table",
              "provenance__smiles": null,
              "provenance__state_of_matter": "dummy estimator based on mw"
            },
            "notes": "add liquid O"
          },
          "precedents": []
        }
      },
      "heat": {
        "identifier": "84834fcc-092d-464c-9026-8618ab2b5877",
        "type": "Heating",
        "process_times": {},
        "from_reaction": "87f6a296-c24f-4b3e-91a6-3a77b57b2a24",
        "annotations": {
          "temperature": 288.65616295337674,
          "notes": "heating the reaction vessel to afford product: CS(C)(=O)=NS(=O)(=O)c1cccc(C(=O)O)c1"
        },
        "precedents": [
          "9207baf7-4dd4-46e4-884d-dd99673a0bbf",
          "fb9586dc-7ce6-4167-9bc5-98c6164f6b7b",
          "bfd51d40-3663-4c5a-bec8-ea240d43207e",
          "75d90188-01eb-42f3-b36c-c017b635e61b",
          "89226a6a-cd0c-48f5-b503-671b25a10f9c"
        ]
      },
      "concentrate_and_purify": {
        "identifier": "d80bfab9-53b2-42e2-8607-33c7ea422d07",
        "type": "ConcentrationAndPurification",
        "process_times": {},
        "from_reaction": "87f6a296-c24f-4b3e-91a6-3a77b57b2a24",
        "annotations": {
          "chemical": {
            "identifier": "cacdf701-707d-4339-8682-9ec2c8fd1ad2",
            "smiles": "CS(C)(=O)=NS(=O)(=O)c1cccc(C(=O)O)c1",
            "state_of_matter": "SOLID",
            "molecular_weight": 277.3173400000001,
            "density": 1.4,
            "mass": 2.773173400000001,
            "is_produced_by": [
              "87f6a296-c24f-4b3e-91a6-3a77b57b2a24"
            ],
            "is_consumed_by": [],
            "provenance__density": "dummy estimator based on mw",
            "provenance__is_consumed_by": null,
            "provenance__is_produced_by": null,
            "provenance__mass": null,
            "provenance__molecular_weight": "periodic table",
            "provenance__smiles": null,
            "provenance__state_of_matter": "dummy estimator based on mw"
          },
          "notes": "purify and concentrate the product: CS(C)(=O)=NS(=O)(=O)c1cccc(C(=O)O)c1"
        },
        "precedents": [
          "84834fcc-092d-464c-9026-8618ab2b5877"
        ]
      },
      "lmin": {
        "84834fcc-092d-464c-9026-8618ab2b5877": {
          "d80bfab9-53b2-42e2-8607-33c7ea422d07": 51.676674968913524
        }
      },
      "lmax": {
        "75d90188-01eb-42f3-b36c-c017b635e61b": {
          "84834fcc-092d-464c-9026-8618ab2b5877": 89.89098273157177
        },
        "89226a6a-cd0c-48f5-b503-671b25a10f9c": {
          "84834fcc-092d-464c-9026-8618ab2b5877": 68.1038875893063
        }
      }
    },
    {
      "identifier": "831eaa63-b454-4757-9d23-232acfd3a678",
      "reaction": {
        "identifier": "9872a1f5-bdc2-404e-827e-1066379c294f",
        "reactants": [
          {
            "identifier": "e0af6bbd-5fcd-40d2-aadd-8e0a209d6789",
            "smiles": "COC(CBr)OC",
            "state_of_matter": "LIQUID",
            "molecular_weight": 169.01705999999993,
            "density": 1.0,
            "mass": 1.6901705999999994,
            "is_produced_by": [],
            "is_consumed_by": [
              "9872a1f5-bdc2-404e-827e-1066379c294f"
            ],
            "provenance__density": "dummy estimator based on mw",
            "provenance__is_consumed_by": null,
            "provenance__is_produced_by": null,
            "provenance__mass": null,
            "provenance__molecular_weight": "periodic table",
            "provenance__smiles": null,
            "provenance__state_of_matter": "dummy estimator based on mw"
          },
          {
            "identifier": "e53823e0-61f5-434e-9f65-b3427d07f91b",
            "smiles": "Cc1ccccc1S",
            "state_of_matter": "LIQUID",
            "molecular_weight": 124.20342000000004,
            "density": 1.0,
            "mass": 1.2420342000000004,
            "is_produced_by": [],
            "is_consumed_by": [
              "9872a1f5-bdc2-404e-827e-1066379c294f"
            ],
            "provenance__density": "dummy estimator based on mw",
            "provenance__is_consumed_by": null,
            "provenance__is_produced_by": null,
            "provenance__mass": null,
            "provenance__molecular_weight": "periodic table",
            "provenance__smiles": null,
            "provenance__state_of_matter": "dummy estimator based on mw"
          }
        ],
        "reagents": [
          {
            "identifier": "7d0154ef-cc79-4a16-a1d4-0800a11cb49c",
            "smiles": "CO",
            "state_of_matter": "LIQUID",
            "molecular_weight": 32.04186000000001,
            "density": 1.0,
            "mass": 0.32041860000000005,
            "is_produced_by": [],
            "is_consumed_by": [
              "9872a1f5-bdc2-404e-827e-1066379c294f"
            ],
            "provenance__density": "dummy estimator based on mw",
            "provenance__is_consumed_by": null,
            "provenance__is_produced_by": null,
            "provenance__mass": null,
            "provenance__molecular_weight": "periodic table",
            "provenance__smiles": null,
            "provenance__state_of_matter": "dummy estimator based on mw"
          },
          {
            "identifier": "5fc0a93d-49fa-401e-b6de-dc7fe3fb8ce3",
            "smiles": "CO[Na]",
            "state_of_matter": "SOLID",
            "molecular_weight": 54.023689999999995,
            "density": 1.4,
            "mass": 0.5402368999999999,
            "is_produced_by": [],
            "is_consumed_by": [
              "9872a1f5-bdc2-404e-827e-1066379c294f"
            ],
            "provenance__density": "dummy estimator based on mw",
            "provenance__is_consumed_by": null,
            "provenance__is_produced_by": null,
            "provenance__mass": null,
            "provenance__molecular_weight": "periodic table",
            "provenance__smiles": null,
            "provenance__state_of_matter": "dummy estimator based on mw"
          }
        ],
        "products": [
          {
            "identifier": "a2e766c3-9d71-488f-8c33-d4906cc3604b",
            "smiles": "COC(CSc1ccccc1C)OC",
            "state_of_matter": "SOLID",
            "molecular_weight": 212.30853999999982,
            "density": 1.4,
            "mass": 2.123085399999998,
            "is_produced_by": [
              "9872a1f5-bdc2-404e-827e-1066379c294f"
            ],
            "is_consumed_by": [],
            "provenance__density": "dummy estimator based on mw",
            "provenance__is_consumed_by": null,
            "provenance__is_produced_by": null,
            "provenance__mass": null,
            "provenance__molecular_weight": "periodic table",
            "provenance__smiles": null,
            "provenance__state_of_matter": "dummy estimator based on mw"
          }
        ],
        "stoichiometry": {
          "e0af6bbd-5fcd-40d2-aadd-8e0a209d6789": 1.0,
          "e53823e0-61f5-434e-9f65-b3427d07f91b": 1.0,
          "a2e766c3-9d71-488f-8c33-d4906cc3604b": -1.0
        },
        "temperature": 292.77848179936404,
        "intended_ratios": {
          "e0af6bbd-5fcd-40d2-aadd-8e0a209d6789": 1.0,
          "e53823e0-61f5-434e-9f65-b3427d07f91b": 1.0,
          "7d0154ef-cc79-4a16-a1d4-0800a11cb49c": 1.0,
          "5fc0a93d-49fa-401e-b6de-dc7fe3fb8ce3": 1.0
        },
        "expected_yields": {
          "a2e766c3-9d71-488f-8c33-d4906cc3604b": 1.0
        },
        "reaction_extent": 0.01
      },
      "functional_modules": [],
      "make_solutions": {
        "5fc0a93d-49fa-401e-b6de-dc7fe3fb8ce3": {
          "identifier": "4f2a444c-6592-4602-8bf7-c07b393ffdf6",
          "type": "MakeSolution",
          "process_times": {},
          "from_reaction": "9872a1f5-bdc2-404e-827e-1066379c294f",
          "annotations": {
            "solid_chemical": {
              "identifier": "5fc0a93d-49fa-401e-b6de-dc7fe3fb8ce3",
              "smiles": "CO[Na]",
              "state_of_matter": "SOLID",
              "molecular_weight": 54.023689999999995,
              "density": 1.4,
              "mass": 0.5402368999999999,
              "is_produced_by": [],
              "is_consumed_by": [
                "9872a1f5-bdc2-404e-827e-1066379c294f"
              ],
              "provenance__density": "dummy estimator based on mw",
              "provenance__is_consumed_by": null,
              "provenance__is_produced_by": null,
              "provenance__mass": null,
              "provenance__molecular_weight": "periodic table",
              "provenance__smiles": null,
              "provenance__state_of_matter": "dummy estimator based on mw"
            },
            "liquid_chemical": {
              "identifier": "fca51df7-59ea-4aa4-81f4-2789d951b936",
              "smiles": "COC(CBr)OC",
              "state_of_matter": "LIQUID",
              "molecular_weight": 169.01705999999993,
              "density": 1.0,
              "mass": 1.6901705999999994,
              "is_produced_by": [],
              "is_consumed_by": [
                "9872a1f5-bdc2-404e-827e-1066379c294f"
              ],
              "provenance__density": "dummy estimator based on mw",
              "provenance__is_consumed_by": null,
              "provenance__is_produced_by": null,
              "provenance__mass": null,
              "provenance__molecular_weight": "periodic table",
              "provenance__smiles": null,
              "provenance__state_of_matter": "dummy estimator based on mw"
            },
            "notes": "making COC(CBr)OC solution for CO[Na]"
          },
          "precedents": []
        }
      },
      "add_solutions": {
        "5fc0a93d-49fa-401e-b6de-dc7fe3fb8ce3": {
          "identifier": "e0ed768e-20f6-428b-b1aa-4efd114a50b8",
          "type": "TransferLiquid",
          "process_times": {},
          "from_reaction": "9872a1f5-bdc2-404e-827e-1066379c294f",
          "annotations": {
            "chemical": {
              "identifier": "f534ed9c-34bc-4e90-a766-44d3eb663e98",
              "smiles": "COC(CBr)OC.CO[Na]",
              "state_of_matter": "LIQUID",
              "molecular_weight": null,
              "density": 1.0743494112219907,
              "mass": 2.230407499999999,
              "is_produced_by": [],
              "is_consumed_by": [
                "9872a1f5-bdc2-404e-827e-1066379c294f"
              ],
              "provenance__density": "dummy estimator based on mw",
              "provenance__is_consumed_by": null,
              "provenance__is_produced_by": null,
              "provenance__mass": null,
              "provenance__molecular_weight": "periodic table",
              "provenance__smiles": null,
              "provenance__state_of_matter": "dummy estimator based on mw"
            },
            "notes": "add solution CO[Na] in COC(CBr)OC"
          },
          "precedents": [
            "4f2a444c-6592-4602-8bf7-c07b393ffdf6"
          ]
        }
      },
      "add_liquids": {
        "7d0154ef-cc79-4a16-a1d4-0800a11cb49c": {
          "identifier": "6aafb6c8-8f91-4791-972c-f820d0ccbcb9",
          "type": "TransferLiquid",
          "process_times": {},
          "from_reaction": "9872a1f5-bdc2-404e-827e-1066379c294f",
          "annotations": {
            "chemical": {
              "identifier": "7d0154ef-cc79-4a16-a1d4-0800a11cb49c",
              "smiles": "CO",
              "state_of_matter": "LIQUID",
              "molecular_weight": 32.04186000000001,
              "density": 1.0,
              "mass": 0.32041860000000005,
              "is_produced_by": [],
              "is_consumed_by": [
                "9872a1f5-bdc2-404e-827e-1066379c294f"
              ],
              "provenance__density": "dummy estimator based on mw",
              "provenance__is_consumed_by": null,
              "provenance__is_produced_by": null,
              "provenance__mass": null,
              "provenance__molecular_weight": "periodic table",
              "provenance__smiles": null,
              "provenance__state_of_matter": "dummy estimator based on mw"
            },
            "notes": "add liquid CO"
          },
          "precedents": []
        },
        "e53823e0-61f5-434e-9f65-b3427d07f91b": {
          "identifier": "1290d7af-c7c3-426e-9f3b-d808f9476b34",
          "type": "TransferLiquid",
          "process_times": {},
          "from_reaction": "9872a1f5-bdc2-404e-827e-1066379c294f",
          "annotations": {
            "chemical": {
              "identifier": "e53823e0-61f5-434e-9f65-b3427d07f91b",
              "smiles": "Cc1ccccc1S",
              "state_of_matter": "LIQUID",
              "molecular_weight": 124.20342000000004,
              "density": 1.0,
              "mass": 1.2420342000000004,
              "is_produced_by": [],
              "is_consumed_by": [
                "9872a1f5-bdc2-404e-827e-1066379c294f"
              ],
              "provenance__density": "dummy estimator based on mw",
              "provenance__is_consumed_by": null,
              "provenance__is_produced_by": null,
              "provenance__mass": null,
              "provenance__molecular_weight": "periodic table",
              "provenance__smiles": null,
              "provenance__state_of_matter": "dummy estimator based on mw"
            },
            "notes": "add liquid Cc1ccccc1S"
          },
          "precedents": []
        }
      },
      "heat": {
        "identifier": "33b00ce0-8597-4250-9155-d836b388554b",
        "type": "Heating",
        "process_times": {},
        "from_reaction": "9872a1f5-bdc2-404e-827e-1066379c294f",
        "annotations": {
          "temperature": 292.77848179936404,
          "notes": "heating the reaction vessel to afford product: COC(CSc1ccccc1C)OC"
        },
        "precedents": [
          "6aafb6c8-8f91-4791-972c-f820d0ccbcb9",
          "1290d7af-c7c3-426e-9f3b-d808f9476b34",
          "e0ed768e-20f6-428b-b1aa-4efd114a50b8",
          "4f2a444c-6592-4602-8bf7-c07b393ffdf6"
        ]
      },
      "concentrate_and_purify": {
        "identifier": "df4594e5-890b-4574-bcdd-a6edbb4a32d6",
        "type": "ConcentrationAndPurification",
        "process_times": {},
        "from_reaction": "9872a1f5-bdc2-404e-827e-1066379c294f",
        "annotations": {
          "chemical": {
            "identifier": "a2e766c3-9d71-488f-8c33-d4906cc3604b",
            "smiles": "COC(CSc1ccccc1C)OC",
            "state_of_matter": "SOLID",
            "molecular_weight": 212.30853999999982,
            "density": 1.4,
            "mass": 2.123085399999998,
            "is_produced_by": [
              "9872a1f5-bdc2-404e-827e-1066379c294f"
            ],
            "is_consumed_by": [],
            "provenance__density": "dummy estimator based on mw",
            "provenance__is_consumed_by": null,
            "provenance__is_produced_by": null,
            "provenance__mass": null,
            "provenance__molecular_weight": "periodic table",
            "provenance__smiles": null,
            "provenance__state_of_matter": "dummy estimator based on mw"
          },
          "notes": "purify and concentrate the product: COC(CSc1ccccc1C)OC"
        },
        "precedents": [
          "33b00ce0-8597-4250-9155-d836b388554b"
        ]
      },
      "lmin": {
        "33b00ce0-8597-4250-9155-d836b388554b": {
          "df4594e5-890b-4574-bcdd-a6edbb4a32d6": 53.73495027497087
        }
      },
      "lmax": {
        "4f2a444c-6592-4602-8bf7-c07b393ffdf6": {
          "33b00ce0-8597-4250-9155-d836b388554b": 62.568544421987504
        }
      }
    },
    {
      "identifier": "8fcb1890-c94a-418a-a313-16cfb21d6160",
      "reaction": {
        "identifier": "91ff45a3-db05-4fec-8ffd-fb1ce91d9ad7",
        "reactants": [
          {
            "identifier": "39cd50ee-ac74-454c-8aa6-0fa1b1ff7e45",
            "smiles": "COC(CSc1ccccc1C)OC",
            "state_of_matter": "SOLID",
            "molecular_weight": 212.30853999999982,
            "density": 1.4,
            "mass": 2.123085399999998,
            "is_produced_by": [],
            "is_consumed_by": [
              "91ff45a3-db05-4fec-8ffd-fb1ce91d9ad7"
            ],
            "provenance__density": "dummy estimator based on mw",
            "provenance__is_consumed_by": null,
            "provenance__is_produced_by": null,
            "provenance__mass": null,
            "provenance__molecular_weight": "periodic table",
            "provenance__smiles": null,
            "provenance__state_of_matter": "dummy estimator based on mw"
          }
        ],
        "reagents": [
          {
            "identifier": "9e4a06ee-c794-4ed9-9ee3-e718f71a45c0",
            "smiles": "O=P(O)(O)O",
            "state_of_matter": "LIQUID",
            "molecular_weight": 97.995181,
            "density": 1.0,
            "mass": 0.9799518099999999,
            "is_produced_by": [],
            "is_consumed_by": [
              "91ff45a3-db05-4fec-8ffd-fb1ce91d9ad7"
            ],
            "provenance__density": "dummy estimator based on mw",
            "provenance__is_consumed_by": null,
            "provenance__is_produced_by": null,
            "provenance__mass": null,
            "provenance__molecular_weight": "periodic table",
            "provenance__smiles": null,
            "provenance__state_of_matter": "dummy estimator based on mw"
          },
          {
            "identifier": "33c3c805-2e9e-4e40-88fc-b31947156423",
            "smiles": "Clc1ccccc1",
            "state_of_matter": "LIQUID",
            "molecular_weight": 112.55690000000003,
            "density": 1.0,
            "mass": 1.125569,
            "is_produced_by": [],
            "is_consumed_by": [
              "91ff45a3-db05-4fec-8ffd-fb1ce91d9ad7"
            ],
            "provenance__density": "dummy estimator based on mw",
            "provenance__is_consumed_by": null,
            "provenance__is_produced_by": null,
            "provenance__mass": null,
            "provenance__molecular_weight": "periodic table",
            "provenance__smiles": null,
            "provenance__state_of_matter": "dummy estimator based on mw"
          }
        ],
        "products": [
          {
            "identifier": "2e0b33a0-872b-41f6-82cb-5faa72dc4f96",
            "smiles": "Cc1cccc2ccsc12",
            "state_of_matter": "LIQUID",
            "molecular_weight": 149.2327599999999,
            "density": 1.0,
            "mass": 1.4923275999999988,
            "is_produced_by": [
              "91ff45a3-db05-4fec-8ffd-fb1ce91d9ad7"
            ],
            "is_consumed_by": [],
            "provenance__density": "dummy estimator based on mw",
            "provenance__is_consumed_by": null,
            "provenance__is_produced_by": null,
            "provenance__mass": null,
            "provenance__molecular_weight": "periodic table",
            "provenance__smiles": null,
            "provenance__state_of_matter": "dummy estimator based on mw"
          }
        ],
        "stoichiometry": {
          "39cd50ee-ac74-454c-8aa6-0fa1b1ff7e45": 1.0,
          "2e0b33a0-872b-41f6-82cb-5faa72dc4f96": -1.0
        },
        "temperature": 404.21977227330206,
        "intended_ratios": {
          "39cd50ee-ac74-454c-8aa6-0fa1b1ff7e45": 1.0,
          "9e4a06ee-c794-4ed9-9ee3-e718f71a45c0": 1.0,
          "33c3c805-2e9e-4e40-88fc-b31947156423": 1.0
        },
        "expected_yields": {
          "2e0b33a0-872b-41f6-82cb-5faa72dc4f96": 1.0
        },
        "reaction_extent": 0.009999999999999998
      },
      "functional_modules": [],
      "make_solutions": {
        "39cd50ee-ac74-454c-8aa6-0fa1b1ff7e45": {
          "identifier": "7a109d40-52d6-45ef-a2bf-26a5400c0850",
          "type": "MakeSolution",
          "process_times": {},
          "from_reaction": "91ff45a3-db05-4fec-8ffd-fb1ce91d9ad7",
          "annotations": {
            "solid_chemical": {
              "identifier": "39cd50ee-ac74-454c-8aa6-0fa1b1ff7e45",
              "smiles": "COC(CSc1ccccc1C)OC",
              "state_of_matter": "SOLID",
              "molecular_weight": 212.30853999999982,
              "density": 1.4,
              "mass": 2.123085399999998,
              "is_produced_by": [],
              "is_consumed_by": [
                "91ff45a3-db05-4fec-8ffd-fb1ce91d9ad7"
              ],
              "provenance__density": "dummy estimator based on mw",
              "provenance__is_consumed_by": null,
              "provenance__is_produced_by": null,
              "provenance__mass": null,
              "provenance__molecular_weight": "periodic table",
              "provenance__smiles": null,
              "provenance__state_of_matter": "dummy estimator based on mw"
            },
            "liquid_chemical": {
              "identifier": "e4356d70-a7c8-45df-9b6c-da56d015fa9a",
              "smiles": "Clc1ccccc1",
              "state_of_matter": "LIQUID",
              "molecular_weight": 112.55690000000003,
              "density": 1.0,
              "mass": 1.125569,
              "is_produced_by": [],
              "is_consumed_by": [
                "91ff45a3-db05-4fec-8ffd-fb1ce91d9ad7"
              ],
              "provenance__density": "dummy estimator based on mw",
              "provenance__is_consumed_by": null,
              "provenance__is_produced_by": null,
              "provenance__mass": null,
              "provenance__molecular_weight": "periodic table",
              "provenance__smiles": null,
              "provenance__state_of_matter": "dummy estimator based on mw"
            },
            "notes": "making Clc1ccccc1 solution for COC(CSc1ccccc1C)OC"
          },
          "precedents": [
            "df4594e5-890b-4574-bcdd-a6edbb4a32d6"
          ]
        }
      },
      "add_solutions": {
        "39cd50ee-ac74-454c-8aa6-0fa1b1ff7e45": {
          "identifier": "eef40168-f783-4eb2-b590-b23c86dfb7f7",
          "type": "TransferLiquid",
          "process_times": {},
          "from_reaction": "91ff45a3-db05-4fec-8ffd-fb1ce91d9ad7",
          "annotations": {
            "chemical": {
              "identifier": "74c289fe-bc7d-4e24-8adc-e112c9dc54de",
              "smiles": "Clc1ccccc1.COC(CSc1ccccc1C)OC",
              "state_of_matter": "LIQUID",
              "molecular_weight": null,
              "density": 1.2295921199973396,
              "mass": 3.248654399999998,
              "is_produced_by": [],
              "is_consumed_by": [
                "91ff45a3-db05-4fec-8ffd-fb1ce91d9ad7"
              ],
              "provenance__density": "dummy estimator based on mw",
              "provenance__is_consumed_by": null,
              "provenance__is_produced_by": null,
              "provenance__mass": null,
              "provenance__molecular_weight": "periodic table",
              "provenance__smiles": null,
              "provenance__state_of_matter": "dummy estimator based on mw"
            },
            "notes": "add solution COC(CSc1ccccc1C)OC in Clc1ccccc1"
          },
          "precedents": [
            "7a109d40-52d6-45ef-a2bf-26a5400c0850"
          ]
        }
      },
      "add_liquids": {
        "9e4a06ee-c794-4ed9-9ee3-e718f71a45c0": {
          "identifier": "e8112d48-351e-4f60-88d9-8794c7174749",
          "type": "TransferLiquid",
          "process_times": {},
          "from_reaction": "91ff45a3-db05-4fec-8ffd-fb1ce91d9ad7",
          "annotations": {
            "chemical": {
              "identifier": "9e4a06ee-c794-4ed9-9ee3-e718f71a45c0",
              "smiles": "O=P(O)(O)O",
              "state_of_matter": "LIQUID",
              "molecular_weight": 97.995181,
              "density": 1.0,
              "mass": 0.9799518099999999,
              "is_produced_by": [],
              "is_consumed_by": [
                "91ff45a3-db05-4fec-8ffd-fb1ce91d9ad7"
              ],
              "provenance__density": "dummy estimator based on mw",
              "provenance__is_consumed_by": null,
              "provenance__is_produced_by": null,
              "provenance__mass": null,
              "provenance__molecular_weight": "periodic table",
              "provenance__smiles": null,
              "provenance__state_of_matter": "dummy estimator based on mw"
            },
            "notes": "add liquid O=P(O)(O)O"
          },
          "precedents": []
        }
      },
      "heat": {
        "identifier": "6b68a625-43a4-4a4a-8062-4096d4082164",
        "type": "Heating",
        "process_times": {},
        "from_reaction": "91ff45a3-db05-4fec-8ffd-fb1ce91d9ad7",
        "annotations": {
          "temperature": 404.21977227330206,
          "notes": "heating the reaction vessel to afford product: Cc1cccc2ccsc12"
        },
        "precedents": [
          "e8112d48-351e-4f60-88d9-8794c7174749",
          "eef40168-f783-4eb2-b590-b23c86dfb7f7",
          "7a109d40-52d6-45ef-a2bf-26a5400c0850"
        ]
      },
      "concentrate_and_purify": {
        "identifier": "297d94b2-30af-4908-8165-429ea481e361",
        "type": "ConcentrationAndPurification",
        "process_times": {},
        "from_reaction": "91ff45a3-db05-4fec-8ffd-fb1ce91d9ad7",
        "annotations": {
          "chemical": {
            "identifier": "2e0b33a0-872b-41f6-82cb-5faa72dc4f96",
            "smiles": "Cc1cccc2ccsc12",
            "state_of_matter": "LIQUID",
            "molecular_weight": 149.2327599999999,
            "density": 1.0,
            "mass": 1.4923275999999988,
            "is_produced_by": [
              "91ff45a3-db05-4fec-8ffd-fb1ce91d9ad7"
            ],
            "is_consumed_by": [],
            "provenance__density": "dummy estimator based on mw",
            "provenance__is_consumed_by": null,
            "provenance__is_produced_by": null,
            "provenance__mass": null,
            "provenance__molecular_weight": "periodic table",
            "provenance__smiles": null,
            "provenance__state_of_matter": "dummy estimator based on mw"
          },
          "notes": "purify and concentrate the product: Cc1cccc2ccsc12"
        },
        "precedents": [
          "6b68a625-43a4-4a4a-8062-4096d4082164"
        ]
      },
      "lmin": {
        "6b68a625-43a4-4a4a-8062-4096d4082164": {
          "297d94b2-30af-4908-8165-429ea481e361": 56.565670229037515
        }
      },
      "lmax": {
        "7a109d40-52d6-45ef-a2bf-26a5400c0850": {
          "6b68a625-43a4-4a4a-8062-4096d4082164": 30.58227956602885
        }
      }
    },
    {
      "identifier": "410f0adf-bd45-4cc5-a9b6-7b6cd7675c17",
      "reaction": {
        "identifier": "8e3a0bbf-fb1a-4b05-8189-58a1776ff2b1",
        "reactants": [
          {
            "identifier": "6b89459c-9d43-4843-968d-1cc57d018bf7",
            "smiles": "Cc1cccc2ccsc12",
            "state_of_matter": "LIQUID",
            "molecular_weight": 149.2327599999999,
            "density": 1.0,
            "mass": 1.4923275999999988,
            "is_produced_by": [],
            "is_consumed_by": [
              "8e3a0bbf-fb1a-4b05-8189-58a1776ff2b1"
            ],
            "provenance__density": "dummy estimator based on mw",
            "provenance__is_consumed_by": null,
            "provenance__is_produced_by": null,
            "provenance__mass": null,
            "provenance__molecular_weight": "periodic table",
            "provenance__smiles": null,
            "provenance__state_of_matter": "dummy estimator based on mw"
          }
        ],
        "reagents": [
          {
            "identifier": "bdd3c9b0-bd95-4405-9b96-d2f72f0aafbc",
            "smiles": "ClC(Cl)(Cl)Cl",
            "state_of_matter": "LIQUID",
            "molecular_weight": 153.8227,
            "density": 1.0,
            "mass": 1.5382269999999998,
            "is_produced_by": [],
            "is_consumed_by": [
              "8e3a0bbf-fb1a-4b05-8189-58a1776ff2b1"
            ],
            "provenance__density": "dummy estimator based on mw",
            "provenance__is_consumed_by": null,
            "provenance__is_produced_by": null,
            "provenance__mass": null,
            "provenance__molecular_weight": "periodic table",
            "provenance__smiles": null,
            "provenance__state_of_matter": "dummy estimator based on mw"
          },
          {
            "identifier": "6c089373-aaad-4886-8c8c-f9c88f940cd6",
            "smiles": "O=C(OOC(=O)c1ccccc1)c1ccccc1",
            "state_of_matter": "SOLID",
            "molecular_weight": 242.2267999999998,
            "density": 1.4,
            "mass": 2.4222679999999976,
            "is_produced_by": [],
            "is_consumed_by": [
              "8e3a0bbf-fb1a-4b05-8189-58a1776ff2b1"
            ],
            "provenance__density": "dummy estimator based on mw",
            "provenance__is_consumed_by": null,
            "provenance__is_produced_by": null,
            "provenance__mass": null,
            "provenance__molecular_weight": "periodic table",
            "provenance__smiles": null,
            "provenance__state_of_matter": "dummy estimator based on mw"
          }
        ],
        "products": [
          {
            "identifier": "2b069327-4c04-46d9-a945-0e99e89eb7ae",
            "smiles": "BrCc1cccc2ccsc12",
            "state_of_matter": "SOLID",
            "molecular_weight": 228.12881999999985,
            "density": 1.4,
            "mass": 2.2812881999999983,
            "is_produced_by": [
              "8e3a0bbf-fb1a-4b05-8189-58a1776ff2b1"
            ],
            "is_consumed_by": [],
            "provenance__density": "dummy estimator based on mw",
            "provenance__is_consumed_by": null,
            "provenance__is_produced_by": null,
            "provenance__mass": null,
            "provenance__molecular_weight": "periodic table",
            "provenance__smiles": null,
            "provenance__state_of_matter": "dummy estimator based on mw"
          }
        ],
        "stoichiometry": {
          "6b89459c-9d43-4843-968d-1cc57d018bf7": 1.0,
          "2b069327-4c04-46d9-a945-0e99e89eb7ae": -1.0
        },
        "temperature": 318.5056340932846,
        "intended_ratios": {
          "6b89459c-9d43-4843-968d-1cc57d018bf7": 1.0,
          "bdd3c9b0-bd95-4405-9b96-d2f72f0aafbc": 1.0,
          "6c089373-aaad-4886-8c8c-f9c88f940cd6": 1.0
        },
        "expected_yields": {
          "2b069327-4c04-46d9-a945-0e99e89eb7ae": 1.0
        },
        "reaction_extent": 0.009999999999999998
      },
      "functional_modules": [],
      "make_solutions": {
        "6c089373-aaad-4886-8c8c-f9c88f940cd6": {
          "identifier": "e8aa8b67-2126-43d4-aa99-86ea087fc3cd",
          "type": "MakeSolution",
          "process_times": {},
          "from_reaction": "8e3a0bbf-fb1a-4b05-8189-58a1776ff2b1",
          "annotations": {
            "solid_chemical": {
              "identifier": "6c089373-aaad-4886-8c8c-f9c88f940cd6",
              "smiles": "O=C(OOC(=O)c1ccccc1)c1ccccc1",
              "state_of_matter": "SOLID",
              "molecular_weight": 242.2267999999998,
              "density": 1.4,
              "mass": 2.4222679999999976,
              "is_produced_by": [],
              "is_consumed_by": [
                "8e3a0bbf-fb1a-4b05-8189-58a1776ff2b1"
              ],
              "provenance__density": "dummy estimator based on mw",
              "provenance__is_consumed_by": null,
              "provenance__is_produced_by": null,
              "provenance__mass": null,
              "provenance__molecular_weight": "periodic table",
              "provenance__smiles": null,
              "provenance__state_of_matter": "dummy estimator based on mw"
            },
            "liquid_chemical": {
              "identifier": "a6fc9a07-1970-4f7b-b046-6e73b2c73dc2",
              "smiles": "ClC(Cl)(Cl)Cl",
              "state_of_matter": "LIQUID",
              "molecular_weight": 153.8227,
              "density": 1.0,
              "mass": 1.5382269999999998,
              "is_produced_by": [],
              "is_consumed_by": [
                "8e3a0bbf-fb1a-4b05-8189-58a1776ff2b1"
              ],
              "provenance__density": "dummy estimator based on mw",
              "provenance__is_consumed_by": null,
              "provenance__is_produced_by": null,
              "provenance__mass": null,
              "provenance__molecular_weight": "periodic table",
              "provenance__smiles": null,
              "provenance__state_of_matter": "dummy estimator based on mw"
            },
            "notes": "making ClC(Cl)(Cl)Cl solution for O=C(OOC(=O)c1ccccc1)c1ccccc1"
          },
          "precedents": []
        }
      },
      "add_solutions": {
        "6c089373-aaad-4886-8c8c-f9c88f940cd6": {
          "identifier": "cef8937b-03aa-4bb8-b425-516ff5ffb26a",
          "type": "TransferLiquid",
          "process_times": {},
          "from_reaction": "8e3a0bbf-fb1a-4b05-8189-58a1776ff2b1",
          "annotations": {
            "chemical": {
              "identifier": "35531640-9c12-463b-8559-6af4b495d36b",
              "smiles": "ClC(Cl)(Cl)Cl.O=C(OOC(=O)c1ccccc1)c1ccccc1",
              "state_of_matter": "LIQUID",
              "molecular_weight": null,
              "density": 1.211746625027771,
              "mass": 3.960494999999997,
              "is_produced_by": [],
              "is_consumed_by": [
                "8e3a0bbf-fb1a-4b05-8189-58a1776ff2b1"
              ],
              "provenance__density": "dummy estimator based on mw",
              "provenance__is_consumed_by": null,
              "provenance__is_produced_by": null,
              "provenance__mass": null,
              "provenance__molecular_weight": "periodic table",
              "provenance__smiles": null,
              "provenance__state_of_matter": "dummy estimator based on mw"
            },
            "notes": "add solution O=C(OOC(=O)c1ccccc1)c1ccccc1 in ClC(Cl)(Cl)Cl"
          },
          "precedents": [
            "e8aa8b67-2126-43d4-aa99-86ea087fc3cd"
          ]
        }
      },
      "add_liquids": {
        "6b89459c-9d43-4843-968d-1cc57d018bf7": {
          "identifier": "56fb3540-5037-4598-b2f7-4eccda06c18f",
          "type": "TransferLiquid",
          "process_times": {},
          "from_reaction": "8e3a0bbf-fb1a-4b05-8189-58a1776ff2b1",
          "annotations": {
            "chemical": {
              "identifier": "6b89459c-9d43-4843-968d-1cc57d018bf7",
              "smiles": "Cc1cccc2ccsc12",
              "state_of_matter": "LIQUID",
              "molecular_weight": 149.2327599999999,
              "density": 1.0,
              "mass": 1.4923275999999988,
              "is_produced_by": [],
              "is_consumed_by": [
                "8e3a0bbf-fb1a-4b05-8189-58a1776ff2b1"
              ],
              "provenance__density": "dummy estimator based on mw",
              "provenance__is_consumed_by": null,
              "provenance__is_produced_by": null,
              "provenance__mass": null,
              "provenance__molecular_weight": "periodic table",
              "provenance__smiles": null,
              "provenance__state_of_matter": "dummy estimator based on mw"
            },
            "notes": "add liquid Cc1cccc2ccsc12"
          },
          "precedents": [
            "297d94b2-30af-4908-8165-429ea481e361"
          ]
        }
      },
      "heat": {
        "identifier": "9833c8a8-34e7-424c-b7e7-2de95eb4e717",
        "type": "Heating",
        "process_times": {},
        "from_reaction": "8e3a0bbf-fb1a-4b05-8189-58a1776ff2b1",
        "annotations": {
          "temperature": 318.5056340932846,
          "notes": "heating the reaction vessel to afford product: BrCc1cccc2ccsc12"
        },
        "precedents": [
          "56fb3540-5037-4598-b2f7-4eccda06c18f",
          "cef8937b-03aa-4bb8-b425-516ff5ffb26a",
          "e8aa8b67-2126-43d4-aa99-86ea087fc3cd"
        ]
      },
      "concentrate_and_purify": {
        "identifier": "4b065de1-8735-4966-a197-21af01ceb9cf",
        "type": "ConcentrationAndPurification",
        "process_times": {},
        "from_reaction": "8e3a0bbf-fb1a-4b05-8189-58a1776ff2b1",
        "annotations": {
          "chemical": {
            "identifier": "2b069327-4c04-46d9-a945-0e99e89eb7ae",
            "smiles": "BrCc1cccc2ccsc12",
            "state_of_matter": "SOLID",
            "molecular_weight": 228.12881999999985,
            "density": 1.4,
            "mass": 2.2812881999999983,
            "is_produced_by": [
              "8e3a0bbf-fb1a-4b05-8189-58a1776ff2b1"
            ],
            "is_consumed_by": [],
            "provenance__density": "dummy estimator based on mw",
            "provenance__is_consumed_by": null,
            "provenance__is_produced_by": null,
            "provenance__mass": null,
            "provenance__molecular_weight": "periodic table",
            "provenance__smiles": null,
            "provenance__state_of_matter": "dummy estimator based on mw"
          },
          "notes": "purify and concentrate the product: BrCc1cccc2ccsc12"
        },
        "precedents": [
          "9833c8a8-34e7-424c-b7e7-2de95eb4e717"
        ]
      },
      "lmin": {
        "9833c8a8-34e7-424c-b7e7-2de95eb4e717": {
          "4b065de1-8735-4966-a197-21af01ceb9cf": 45.27968673503639
        }
      },
      "lmax": {
        "e8aa8b67-2126-43d4-aa99-86ea087fc3cd": {
          "9833c8a8-34e7-424c-b7e7-2de95eb4e717": 74.82233311191561
        }
      }
    }
  ],
  "adjacency_data": {
    "directed": true,
    "multigraph": false,
    "graph": [],
    "nodes": [
      {
        "id": "4b065de1-8735-4966-a197-21af01ceb9cf"
      },
      {
        "id": "e7050513-395d-4aae-8fdc-3ebcbadd4bc3"
      },
      {
        "id": "d80bfab9-53b2-42e2-8607-33c7ea422d07"
      },
      {
        "id": "4ca20fb9-91dd-464f-bb98-1ad469a07ea8"
      },
      {
        "id": "9c8ced41-5479-4dec-b836-323e80b32f15"
      },
      {
        "id": "aae43340-3e76-4eec-8c11-2d5ceef10786"
      },
      {
        "id": "9b5b320b-3656-49cb-84be-2cc733760cb1"
      },
      {
        "id": "8444b2b7-bf5f-4fc1-b2e8-017613f9c09d"
      },
      {
        "id": "0caacc3d-5753-490c-9a9c-344bbc2a92be"
      },
      {
        "id": "be35dcb3-4acb-4a3f-8b83-ebfd21546b2a"
      },
      {
        "id": "417624b7-9b24-46ff-af84-032a023d416c"
      },
      {
        "id": "e8dc3a9b-593b-4dd0-8a25-622e8cacf892"
      },
      {
        "id": "a1179a48-74cf-417a-b632-67b8cd3b7889"
      },
      {
        "id": "d61be7bf-8e08-42c3-b260-a28601e7baea"
      },
      {
        "id": "d9d237fc-fedc-4027-96e0-beb1fd2533b2"
      },
      {
        "id": "9ccbbc0c-3789-463c-a159-b1f3255ddd1a"
      },
      {
        "id": "89226a6a-cd0c-48f5-b503-671b25a10f9c"
      },
      {
        "id": "75d90188-01eb-42f3-b36c-c017b635e61b"
      },
      {
        "id": "fb9586dc-7ce6-4167-9bc5-98c6164f6b7b"
      },
      {
        "id": "bfd51d40-3663-4c5a-bec8-ea240d43207e"
      },
      {
        "id": "9207baf7-4dd4-46e4-884d-dd99673a0bbf"
      },
      {
        "id": "84834fcc-092d-464c-9026-8618ab2b5877"
      },
      {
        "id": "4f2a444c-6592-4602-8bf7-c07b393ffdf6"
      },
      {
        "id": "e0ed768e-20f6-428b-b1aa-4efd114a50b8"
      },
      {
        "id": "6aafb6c8-8f91-4791-972c-f820d0ccbcb9"
      },
      {
        "id": "33b00ce0-8597-4250-9155-d836b388554b"
      },
      {
        "id": "1290d7af-c7c3-426e-9f3b-d808f9476b34"
      },
      {
        "id": "df4594e5-890b-4574-bcdd-a6edbb4a32d6"
      },
      {
        "id": "7a109d40-52d6-45ef-a2bf-26a5400c0850"
      },
      {
        "id": "eef40168-f783-4eb2-b590-b23c86dfb7f7"
      },
      {
        "id": "e8112d48-351e-4f60-88d9-8794c7174749"
      },
      {
        "id": "6b68a625-43a4-4a4a-8062-4096d4082164"
      },
      {
        "id": "297d94b2-30af-4908-8165-429ea481e361"
      },
      {
        "id": "e8aa8b67-2126-43d4-aa99-86ea087fc3cd"
      },
      {
        "id": "cef8937b-03aa-4bb8-b425-516ff5ffb26a"
      },
      {
        "id": "56fb3540-5037-4598-b2f7-4eccda06c18f"
      },
      {
        "id": "9833c8a8-34e7-424c-b7e7-2de95eb4e717"
      }
    ],
    "adjacency": [
      [
        {
          "lmin": 0,
          "lmax": Infinity,
          "id": "e7050513-395d-4aae-8fdc-3ebcbadd4bc3"
        }
      ],
      [
        {
          "lmin": 0,
          "lmax": Infinity,
          "id": "9c8ced41-5479-4dec-b836-323e80b32f15"
        },
        {
          "lmin": 0,
          "lmax": 68.30181271430678,
          "id": "0caacc3d-5753-490c-9a9c-344bbc2a92be"
        }
      ],
      [
        {
          "lmin": 0,
          "lmax": Infinity,
          "id": "4ca20fb9-91dd-464f-bb98-1ad469a07ea8"
        }
      ],
      [
        {
          "lmin": 0,
          "lmax": Infinity,
          "id": "aae43340-3e76-4eec-8c11-2d5ceef10786"
        },
        {
          "lmin": 0,
          "lmax": 55.3943328012481,
          "id": "0caacc3d-5753-490c-9a9c-344bbc2a92be"
        }
      ],
      [
        {
          "lmin": 0,
          "lmax": Infinity,
          "id": "0caacc3d-5753-490c-9a9c-344bbc2a92be"
        }
      ],
      [
        {
          "lmin": 0,
          "lmax": Infinity,
          "id": "0caacc3d-5753-490c-9a9c-344bbc2a92be"
        }
      ],
      [
        {
          "lmin": 0,
          "lmax": Infinity,
          "id": "8444b2b7-bf5f-4fc1-b2e8-017613f9c09d"
        },
        {
          "lmin": 0,
          "lmax": 61.27371869775917,
          "id": "0caacc3d-5753-490c-9a9c-344bbc2a92be"
        }
      ],
      [
        {
          "lmin": 0,
          "lmax": Infinity,
          "id": "0caacc3d-5753-490c-9a9c-344bbc2a92be"
        }
      ],
      [
        {
          "lmin": 38.195205854589815,
          "lmax": Infinity,
          "id": "be35dcb3-4acb-4a3f-8b83-ebfd21546b2a"
        }
      ],
      [],
      [
        {
          "lmin": 0,
          "lmax": Infinity,
          "id": "e8dc3a9b-593b-4dd0-8a25-622e8cacf892"
        },
        {
          "lmin": 0,
          "lmax": 83.26691299190833,
          "id": "d61be7bf-8e08-42c3-b260-a28601e7baea"
        }
      ],
      [
        {
          "lmin": 0,
          "lmax": Infinity,
          "id": "d61be7bf-8e08-42c3-b260-a28601e7baea"
        }
      ],
      [
        {
          "lmin": 0,
          "lmax": Infinity,
          "id": "d61be7bf-8e08-42c3-b260-a28601e7baea"
        }
      ],
      [
        {
          "lmin": 43.96591839084277,
          "lmax": Infinity,
          "id": "9ccbbc0c-3789-463c-a159-b1f3255ddd1a"
        }
      ],
      [
        {
          "lmin": 0,
          "lmax": Infinity,
          "id": "d61be7bf-8e08-42c3-b260-a28601e7baea"
        }
      ],
      [
        {
          "lmin": 0,
          "lmax": Infinity,
          "id": "89226a6a-cd0c-48f5-b503-671b25a10f9c"
        }
      ],
      [
        {
          "lmin": 0,
          "lmax": Infinity,
          "id": "bfd51d40-3663-4c5a-bec8-ea240d43207e"
        },
        {
          "lmin": 0,
          "lmax": 68.1038875893063,
          "id": "84834fcc-092d-464c-9026-8618ab2b5877"
        }
      ],
      [
        {
          "lmin": 0,
          "lmax": Infinity,
          "id": "fb9586dc-7ce6-4167-9bc5-98c6164f6b7b"
        },
        {
          "lmin": 0,
          "lmax": 89.89098273157177,
          "id": "84834fcc-092d-464c-9026-8618ab2b5877"
        }
      ],
      [
        {
          "lmin": 0,
          "lmax": Infinity,
          "id": "84834fcc-092d-464c-9026-8618ab2b5877"
        }
      ],
      [
        {
          "lmin": 0,
          "lmax": Infinity,
          "id": "84834fcc-092d-464c-9026-8618ab2b5877"
        }
      ],
      [
        {
          "lmin": 0,
          "lmax": Infinity,
          "id": "84834fcc-092d-464c-9026-8618ab2b5877"
        }
      ],
      [
        {
          "lmin": 51.676674968913524,
          "lmax": Infinity,
          "id": "d80bfab9-53b2-42e2-8607-33c7ea422d07"
        }
      ],
      [
        {
          "lmin": 0,
          "lmax": Infinity,
          "id": "e0ed768e-20f6-428b-b1aa-4efd114a50b8"
        },
        {
          "lmin": 0,
          "lmax": 62.568544421987504,
          "id": "33b00ce0-8597-4250-9155-d836b388554b"
        }
      ],
      [
        {
          "lmin": 0,
          "lmax": Infinity,
          "id": "33b00ce0-8597-4250-9155-d836b388554b"
        }
      ],
      [
        {
          "lmin": 0,
          "lmax": Infinity,
          "id": "33b00ce0-8597-4250-9155-d836b388554b"
        }
      ],
      [
        {
          "lmin": 53.73495027497087,
          "lmax": Infinity,
          "id": "df4594e5-890b-4574-bcdd-a6edbb4a32d6"
        }
      ],
      [
        {
          "lmin": 0,
          "lmax": Infinity,
          "id": "33b00ce0-8597-4250-9155-d836b388554b"
        }
      ],
      [
        {
          "lmin": 0,
          "lmax": Infinity,
          "id": "7a109d40-52d6-45ef-a2bf-26a5400c0850"
        }
      ],
      [
        {
          "lmin": 0,
          "lmax": Infinity,
          "id": "eef40168-f783-4eb2-b590-b23c86dfb7f7"
        },
        {
          "lmin": 0,
          "lmax": 30.58227956602885,
          "id": "6b68a625-43a4-4a4a-8062-4096d4082164"
        }
      ],
      [
        {
          "lmin": 0,
          "lmax": Infinity,
          "id": "6b68a625-43a4-4a4a-8062-4096d4082164"
        }
      ],
      [
        {
          "lmin": 0,
          "lmax": Infinity,
          "id": "6b68a625-43a4-4a4a-8062-4096d4082164"
        }
      ],
      [
        {
          "lmin": 56.565670229037515,
          "lmax": Infinity,
          "id": "297d94b2-30af-4908-8165-429ea481e361"
        }
      ],
      [
        {
          "lmin": 0,
          "lmax": Infinity,
          "id": "56fb3540-5037-4598-b2f7-4eccda06c18f"
        }
      ],
      [
        {
          "lmin": 0,
          "lmax": Infinity,
          "id": "cef8937b-03aa-4bb8-b425-516ff5ffb26a"
        },
        {
          "lmin": 0,
          "lmax": 74.82233311191561,
          "id": "9833c8a8-34e7-424c-b7e7-2de95eb4e717"
        }
      ],
      [
        {
          "lmin": 0,
          "lmax": Infinity,
          "id": "9833c8a8-34e7-424c-b7e7-2de95eb4e717"
        }
      ],
      [
        {
          "lmin": 0,
          "lmax": Infinity,
          "id": "9833c8a8-34e7-424c-b7e7-2de95eb4e717"
        }
      ],
      [
        {
          "lmin": 45.27968673503639,
          "lmax": Infinity,
          "id": "4b065de1-8735-4966-a197-21af01ceb9cf"
        }
      ]
    ]
  }
}