{
  "identifier": "d13712d5-afab-446f-9df5-ebcbe844cbdc",
  "chemical_reactions": [
    {
      "identifier": "1b2fa972-0c64-408b-a98e-664fa7efb286",
      "reactants": [
        {
          "identifier": "e738d6ac-7a16-4b98-8045-bf24b8bd8041",
          "smiles": "CC(C)(C)NS(=O)(=O)c1cccc(N)c1",
          "state_of_matter": "SOLID",
          "molecular_weight": 228.31123999999977,
          "density": 1.4,
          "mass": 2.2831123999999976,
          "is_produced_by": [],
          "is_consumed_by": [
            "1b2fa972-0c64-408b-a98e-664fa7efb286"
          ],
          "provenance__density": "dummy estimator based on mw",
          "provenance__is_consumed_by": null,
          "provenance__is_produced_by": null,
          "provenance__mass": null,
          "provenance__molecular_weight": "periodic table",
          "provenance__smiles": null,
          "provenance__state_of_matter": "dummy estimator based on mw"
        },
        {
          "identifier": "fbcb78c9-4b35-49e2-a1cf-11e2c6de5895",
          "smiles": "Cc1cnc(Cl)nc1Cl",
          "state_of_matter": "LIQUID",
          "molecular_weight": 163.00465999999994,
          "density": 1.0,
          "mass": 1.6300465999999996,
          "is_produced_by": [],
          "is_consumed_by": [
            "1b2fa972-0c64-408b-a98e-664fa7efb286"
          ],
          "provenance__density": "dummy estimator based on mw",
          "provenance__is_consumed_by": null,
          "provenance__is_produced_by": null,
          "provenance__mass": null,
          "provenance__molecular_weight": "periodic table",
          "provenance__smiles": null,
          "provenance__state_of_matter": "dummy estimator based on mw"
        }
      ],
      "reagents": [
        {
          "identifier": "fd6bcc5f-8148-48cc-a1ce-6832c777bd31",
          "smiles": "CO",
          "state_of_matter": "LIQUID",
          "molecular_weight": 32.04186000000001,
          "density": 1.0,
          "mass": 0.32041860000000005,
          "is_produced_by": [],
          "is_consumed_by": [
            "1b2fa972-0c64-408b-a98e-664fa7efb286"
          ],
          "provenance__density": "dummy estimator based on mw",
          "provenance__is_consumed_by": null,
          "provenance__is_produced_by": null,
          "provenance__mass": null,
          "provenance__molecular_weight": "periodic table",
          "provenance__smiles": null,
          "provenance__state_of_matter": "dummy estimator based on mw"
        }
      ],
      "products": [
        {
          "identifier": "1af4d6eb-9688-436f-8a42-82602c9ab5bc",
          "smiles": "Cc1cnc(Cl)nc1Nc1cccc(S(=O)(=O)NC(C)(C)C)c1",
          "state_of_matter": "SOLID",
          "molecular_weight": 354.8549600000003,
          "density": 1.4,
          "mass": 3.548549600000003,
          "is_produced_by": [
            "1b2fa972-0c64-408b-a98e-664fa7efb286"
          ],
          "is_consumed_by": [],
          "provenance__density": "dummy estimator based on mw",
          "provenance__is_consumed_by": null,
          "provenance__is_produced_by": null,
          "provenance__mass": null,
          "provenance__molecular_weight": "periodic table",
          "provenance__smiles": null,
          "provenance__state_of_matter": "dummy estimator based on mw"
        }
      ],
      "stoichiometry": {
        "e738d6ac-7a16-4b98-8045-bf24b8bd8041": 1.0,
        "fbcb78c9-4b35-49e2-a1cf-11e2c6de5895": 1.0,
        "1af4d6eb-9688-436f-8a42-82602c9ab5bc": -1.0
      },
      "temperature": 324.2890065729618,
      "intended_ratios": {
        "e738d6ac-7a16-4b98-8045-bf24b8bd8041": 1.0,
        "fbcb78c9-4b35-49e2-a1cf-11e2c6de5895": 1.0,
        "fd6bcc5f-8148-48cc-a1ce-6832c777bd31": 1.0
      },
      "expected_yields": {
        "1af4d6eb-9688-436f-8a42-82602c9ab5bc": 1.0
      },
      "reaction_extent": 0.01
    },
    {
      "identifier": "561cae47-d373-41ab-ab64-bb0472c112cd",
      "reactants": [
        {
          "identifier": "f17e87c6-24d5-4537-b47b-613bddb76ff5",
          "smiles": "CC(C)(C)OC(=O)NCCN(CCO)CC1CC1",
          "state_of_matter": "SOLID",
          "molecular_weight": 258.3571399999998,
          "density": 1.4,
          "mass": 2.583571399999998,
          "is_produced_by": [],
          "is_consumed_by": [
            "561cae47-d373-41ab-ab64-bb0472c112cd"
          ],
          "provenance__density": "dummy estimator based on mw",
          "provenance__is_consumed_by": null,
          "provenance__is_produced_by": null,
          "provenance__mass": null,
          "provenance__molecular_weight": "periodic table",
          "provenance__smiles": null,
          "provenance__state_of_matter": "dummy estimator based on mw"
        }
      ],
      "reagents": [
        {
          "identifier": "d01efe75-f051-4bfc-b67b-cf59b247e6de",
          "smiles": "Cl",
          "state_of_matter": "LIQUID",
          "molecular_weight": 36.46094,
          "density": 1.0,
          "mass": 0.36460940000000003,
          "is_produced_by": [],
          "is_consumed_by": [
            "561cae47-d373-41ab-ab64-bb0472c112cd"
          ],
          "provenance__density": "dummy estimator based on mw",
          "provenance__is_consumed_by": null,
          "provenance__is_produced_by": null,
          "provenance__mass": null,
          "provenance__molecular_weight": "periodic table",
          "provenance__smiles": null,
          "provenance__state_of_matter": "dummy estimator based on mw"
        },
        {
          "identifier": "b688006b-8005-4632-9643-8d0a7717bce6",
          "smiles": "C1COCCO1",
          "state_of_matter": "LIQUID",
          "molecular_weight": 88.10512000000004,
          "density": 1.0,
          "mass": 0.8810512000000005,
          "is_produced_by": [],
          "is_consumed_by": [
            "561cae47-d373-41ab-ab64-bb0472c112cd"
          ],
          "provenance__density": "dummy estimator based on mw",
          "provenance__is_consumed_by": null,
          "provenance__is_produced_by": null,
          "provenance__mass": null,
          "provenance__molecular_weight": "periodic table",
          "provenance__smiles": null,
          "provenance__state_of_matter": "dummy estimator based on mw"
        }
      ],
      "products": [
        {
          "identifier": "7f561a71-74a8-4106-99b5-2c657ad601c9",
          "smiles": "NCCN(CCO)CC1CC1",
          "state_of_matter": "LIQUID",
          "molecular_weight": 158.2413199999998,
          "density": 1.0,
          "mass": 1.582413199999998,
          "is_produced_by": [
            "561cae47-d373-41ab-ab64-bb0472c112cd"
          ],
          "is_consumed_by": [],
          "provenance__density": "dummy estimator based on mw",
          "provenance__is_consumed_by": null,
          "provenance__is_produced_by": null,
          "provenance__mass": null,
          "provenance__molecular_weight": "periodic table",
          "provenance__smiles": null,
          "provenance__state_of_matter": "dummy estimator based on mw"
        }
      ],
      "stoichiometry": {
        "f17e87c6-24d5-4537-b47b-613bddb76ff5": 1.0,
        "7f561a71-74a8-4106-99b5-2c657ad601c9": -1.0
      },
      "temperature": 295.06736369132994,
      "intended_ratios": {
        "f17e87c6-24d5-4537-b47b-613bddb76ff5": 1.0,
        "d01efe75-f051-4bfc-b67b-cf59b247e6de": 1.0,
        "b688006b-8005-4632-9643-8d0a7717bce6": 1.0
      },
      "expected_yields": {
        "7f561a71-74a8-4106-99b5-2c657ad601c9": 1.0
      },
      "reaction_extent": 0.01
    },
    {
      "identifier": "c13878a4-8712-48b4-878a-04648805304e",
      "reactants": [
        {
          "identifier": "8d60103e-bd86-41d0-bb78-281d8dc50a7d",
          "smiles": "CC(C)(C)OC(=O)NCCN",
          "state_of_matter": "LIQUID",
          "molecular_weight": 160.21413999999984,
          "density": 1.0,
          "mass": 1.6021413999999985,
          "is_produced_by": [],
          "is_consumed_by": [
            "c13878a4-8712-48b4-878a-04648805304e"
          ],
          "provenance__density": "dummy estimator based on mw",
          "provenance__is_consumed_by": null,
          "provenance__is_produced_by": null,
          "provenance__mass": null,
          "provenance__molecular_weight": "periodic table",
          "provenance__smiles": null,
          "provenance__state_of_matter": "dummy estimator based on mw"
        },
        {
          "identifier": "ad102d78-50c4-4fdc-8fba-f4849d50a6d9",
          "smiles": "O=CC1CC1",
          "state_of_matter": "LIQUID",
          "molecular_weight": 70.08984000000004,
          "density": 1.0,
          "mass": 0.7008984000000004,
          "is_produced_by": [],
          "is_consumed_by": [
            "c13878a4-8712-48b4-878a-04648805304e"
          ],
          "provenance__density": "dummy estimator based on mw",
          "provenance__is_consumed_by": null,
          "provenance__is_produced_by": null,
          "provenance__mass": null,
          "provenance__molecular_weight": "periodic table",
          "provenance__smiles": null,
          "provenance__state_of_matter": "dummy estimator based on mw"
        }
      ],
      "reagents": [
        {
          "identifier": "ede5e510-b710-4955-8e44-6ae599b2edde",
          "smiles": "O[Na]",
          "state_of_matter": "SOLID",
          "molecular_weight": 39.99711,
          "density": 1.4,
          "mass": 0.3999711,
          "is_produced_by": [],
          "is_consumed_by": [
            "c13878a4-8712-48b4-878a-04648805304e"
          ],
          "provenance__density": "dummy estimator based on mw",
          "provenance__is_consumed_by": null,
          "provenance__is_produced_by": null,
          "provenance__mass": null,
          "provenance__molecular_weight": "periodic table",
          "provenance__smiles": null,
          "provenance__state_of_matter": "dummy estimator based on mw"
        },
        {
          "identifier": "9a206526-f05b-4a12-92c2-01418425b8b4",
          "smiles": "ClCCCl",
          "state_of_matter": "LIQUID",
          "molecular_weight": 98.95916000000003,
          "density": 1.0,
          "mass": 0.9895916000000002,
          "is_produced_by": [],
          "is_consumed_by": [
            "c13878a4-8712-48b4-878a-04648805304e"
          ],
          "provenance__density": "dummy estimator based on mw",
          "provenance__is_consumed_by": null,
          "provenance__is_produced_by": null,
          "provenance__mass": null,
          "provenance__molecular_weight": "periodic table",
          "provenance__smiles": null,
          "provenance__state_of_matter": "dummy estimator based on mw"
        },
        {
          "identifier": "e8736bff-40f6-4c24-9aee-68e45714c459",
          "smiles": "CC(=O)O[BH-](OC(C)=O)OC(C)=O.[Na+]",
          "state_of_matter": "SOLID",
          "molecular_weight": 211.94076999999987,
          "density": 1.4,
          "mass": 2.1194076999999987,
          "is_produced_by": [],
          "is_consumed_by": [
            "c13878a4-8712-48b4-878a-04648805304e"
          ],
          "provenance__density": "dummy estimator based on mw",
          "provenance__is_consumed_by": null,
          "provenance__is_produced_by": null,
          "provenance__mass": null,
          "provenance__molecular_weight": "periodic table",
          "provenance__smiles": null,
          "provenance__state_of_matter": "dummy estimator based on mw"
        }
      ],
      "products": [
        {
          "identifier": "3b937c6a-8c73-4629-b5ec-58cef2a4aa40",
          "smiles": "CC(C)(C)OC(=O)NCCNCC1CC1",
          "state_of_matter": "SOLID",
          "molecular_weight": 214.30457999999976,
          "density": 1.4,
          "mass": 2.1430457999999977,
          "is_produced_by": [
            "c13878a4-8712-48b4-878a-04648805304e"
          ],
          "is_consumed_by": [],
          "provenance__density": "dummy estimator based on mw",
          "provenance__is_consumed_by": null,
          "provenance__is_produced_by": null,
          "provenance__mass": null,
          "provenance__molecular_weight": "periodic table",
          "provenance__smiles": null,
          "provenance__state_of_matter": "dummy estimator based on mw"
        }
      ],
      "stoichiometry": {
        "8d60103e-bd86-41d0-bb78-281d8dc50a7d": 1.0,
        "ad102d78-50c4-4fdc-8fba-f4849d50a6d9": 1.0,
        "3b937c6a-8c73-4629-b5ec-58cef2a4aa40": -1.0
      },
      "temperature": 317.3727363824844,
      "intended_ratios": {
        "8d60103e-bd86-41d0-bb78-281d8dc50a7d": 1.0,
        "ad102d78-50c4-4fdc-8fba-f4849d50a6d9": 1.0,
        "ede5e510-b710-4955-8e44-6ae599b2edde": 1.0,
        "9a206526-f05b-4a12-92c2-01418425b8b4": 1.0,
        "e8736bff-40f6-4c24-9aee-68e45714c459": 1.0
      },
      "expected_yields": {
        "3b937c6a-8c73-4629-b5ec-58cef2a4aa40": 1.0
      },
      "reaction_extent": 0.01
    },
    {
      "identifier": "4dbda916-d428-4c49-8867-abdd5e7f0ebb",
      "reactants": [
        {
          "identifier": "03c1babc-7000-477a-8c4b-8f14f3bc8dd6",
          "smiles": "CC(C)(C)OC(=O)NCCNCC1CC1",
          "state_of_matter": "SOLID",
          "molecular_weight": 214.30457999999976,
          "density": 1.4,
          "mass": 2.1430457999999977,
          "is_produced_by": [],
          "is_consumed_by": [
            "4dbda916-d428-4c49-8867-abdd5e7f0ebb"
          ],
          "provenance__density": "dummy estimator based on mw",
          "provenance__is_consumed_by": null,
          "provenance__is_produced_by": null,
          "provenance__mass": null,
          "provenance__molecular_weight": "periodic table",
          "provenance__smiles": null,
          "provenance__state_of_matter": "dummy estimator based on mw"
        },
        {
          "identifier": "81e46e05-2df3-42a1-b06b-e4a0ad3c7f64",
          "smiles": "OCCBr",
          "state_of_matter": "LIQUID",
          "molecular_weight": 124.96450000000003,
          "density": 1.0,
          "mass": 1.2496450000000003,
          "is_produced_by": [],
          "is_consumed_by": [
            "4dbda916-d428-4c49-8867-abdd5e7f0ebb"
          ],
          "provenance__density": "dummy estimator based on mw",
          "provenance__is_consumed_by": null,
          "provenance__is_produced_by": null,
          "provenance__mass": null,
          "provenance__molecular_weight": "periodic table",
          "provenance__smiles": null,
          "provenance__state_of_matter": "dummy estimator based on mw"
        }
      ],
      "reagents": [
        {
          "identifier": "48593a33-44e2-46a0-8200-f8b0244e0076",
          "smiles": "CC#N",
          "state_of_matter": "LIQUID",
          "molecular_weight": 41.051919999999996,
          "density": 1.0,
          "mass": 0.4105192,
          "is_produced_by": [],
          "is_consumed_by": [
            "4dbda916-d428-4c49-8867-abdd5e7f0ebb"
          ],
          "provenance__density": "dummy estimator based on mw",
          "provenance__is_consumed_by": null,
          "provenance__is_produced_by": null,
          "provenance__mass": null,
          "provenance__molecular_weight": "periodic table",
          "provenance__smiles": null,
          "provenance__state_of_matter": "dummy estimator based on mw"
        },
        {
          "identifier": "3fbc30a6-a904-4326-9a91-60b7456c794e",
          "smiles": "O=C(O[K])O[K]",
          "state_of_matter": "SOLID",
          "molecular_weight": 138.2055,
          "density": 1.4,
          "mass": 1.382055,
          "is_produced_by": [],
          "is_consumed_by": [
            "4dbda916-d428-4c49-8867-abdd5e7f0ebb"
          ],
          "provenance__density": "dummy estimator based on mw",
          "provenance__is_consumed_by": null,
          "provenance__is_produced_by": null,
          "provenance__mass": null,
          "provenance__molecular_weight": "periodic table",
          "provenance__smiles": null,
          "provenance__state_of_matter": "dummy estimator based on mw"
        }
      ],
      "products": [
        {
          "identifier": "db4f11ea-6b09-45f7-b494-bb16eb5021eb",
          "smiles": "CC(C)(C)OC(=O)NCCN(CCO)CC1CC1",
          "state_of_matter": "SOLID",
          "molecular_weight": 258.3571399999998,
          "density": 1.4,
          "mass": 2.583571399999998,
          "is_produced_by": [
            "4dbda916-d428-4c49-8867-abdd5e7f0ebb"
          ],
          "is_consumed_by": [],
          "provenance__density": "dummy estimator based on mw",
          "provenance__is_consumed_by": null,
          "provenance__is_produced_by": null,
          "provenance__mass": null,
          "provenance__molecular_weight": "periodic table",
          "provenance__smiles": null,
          "provenance__state_of_matter": "dummy estimator based on mw"
        }
      ],
      "stoichiometry": {
        "03c1babc-7000-477a-8c4b-8f14f3bc8dd6": 1.0,
        "81e46e05-2df3-42a1-b06b-e4a0ad3c7f64": 1.0,
        "db4f11ea-6b09-45f7-b494-bb16eb5021eb": -1.0
      },
      "temperature": 294.64868127107616,
      "intended_ratios": {
        "03c1babc-7000-477a-8c4b-8f14f3bc8dd6": 1.0,
        "81e46e05-2df3-42a1-b06b-e4a0ad3c7f64": 1.0,
        "48593a33-44e2-46a0-8200-f8b0244e0076": 1.0,
        "3fbc30a6-a904-4326-9a91-60b7456c794e": 1.0
      },
      "expected_yields": {
        "db4f11ea-6b09-45f7-b494-bb16eb5021eb": 1.0
      },
      "reaction_extent": 0.01
    },
    {
      "identifier": "dca95e4d-6e12-4959-acae-20a05152f7a8",
      "reactants": [
        {
          "identifier": "03dc8eef-7e9f-473f-b446-3e7fe4ccd4ad",
          "smiles": "CC(C)n1nccc1-c1ncccc1CCl",
          "state_of_matter": "SOLID",
          "molecular_weight": 236.72059999999982,
          "density": 1.4,
          "mass": 2.367205999999998,
          "is_produced_by": [],
          "is_consumed_by": [
            "dca95e4d-6e12-4959-acae-20a05152f7a8"
          ],
          "provenance__density": "dummy estimator based on mw",
          "provenance__is_consumed_by": null,
          "provenance__is_produced_by": null,
          "provenance__mass": null,
          "provenance__molecular_weight": "periodic table",
          "provenance__smiles": null,
          "provenance__state_of_matter": "dummy estimator based on mw"
        },
        {
          "identifier": "55be639d-7a1d-4165-9810-141d817664d1",
          "smiles": "O=Cc1c(O)cccc1O",
          "state_of_matter": "LIQUID",
          "molecular_weight": 138.12073999999996,
          "density": 1.0,
          "mass": 1.3812073999999996,
          "is_produced_by": [],
          "is_consumed_by": [
            "dca95e4d-6e12-4959-acae-20a05152f7a8"
          ],
          "provenance__density": "dummy estimator based on mw",
          "provenance__is_consumed_by": null,
          "provenance__is_produced_by": null,
          "provenance__mass": null,
          "provenance__molecular_weight": "periodic table",
          "provenance__smiles": null,
          "provenance__state_of_matter": "dummy estimator based on mw"
        }
      ],
      "reagents": [
        {
          "identifier": "c2de70ce-cc91-42f4-862b-316c8632c090",
          "smiles": "CN(C)C=O",
          "state_of_matter": "LIQUID",
          "molecular_weight": 73.09378000000004,
          "density": 1.0,
          "mass": 0.7309378000000004,
          "is_produced_by": [],
          "is_consumed_by": [
            "dca95e4d-6e12-4959-acae-20a05152f7a8"
          ],
          "provenance__density": "dummy estimator based on mw",
          "provenance__is_consumed_by": null,
          "provenance__is_produced_by": null,
          "provenance__mass": null,
          "provenance__molecular_weight": "periodic table",
          "provenance__smiles": null,
          "provenance__state_of_matter": "dummy estimator based on mw"
        },
        {
          "identifier": "3259de6e-4760-4b1f-98f7-ef19ae33f14c",
          "smiles": "Cl",
          "state_of_matter": "LIQUID",
          "molecular_weight": 36.46094,
          "density": 1.0,
          "mass": 0.36460940000000003,
          "is_produced_by": [],
          "is_consumed_by": [
            "dca95e4d-6e12-4959-acae-20a05152f7a8"
          ],
          "provenance__density": "dummy estimator based on mw",
          "provenance__is_consumed_by": null,
          "provenance__is_produced_by": null,
          "provenance__mass": null,
          "provenance__molecular_weight": "periodic table",
          "provenance__smiles": null,
          "provenance__state_of_matter": "dummy estimator based on mw"
        },
        {
          "identifier": "a4635773-c2d6-43c3-b7f4-3af6ff8bd1ab",
          "smiles": "O=C(O[K])O[K]",
          "state_of_matter": "SOLID",
          "molecular_weight": 138.2055,
          "density": 1.4,
          "mass": 1.382055,
          "is_produced_by": [],
          "is_consumed_by": [
            "dca95e4d-6e12-4959-acae-20a05152f7a8"
          ],
          "provenance__density": "dummy estimator based on mw",
          "provenance__is_consumed_by": null,
          "provenance__is_produced_by": null,
          "provenance__mass": null,
          "provenance__molecular_weight": "periodic table",
          "provenance__smiles": null,
          "provenance__state_of_matter": "dummy estimator based on mw"
        }
      ],
      "products": [
        {
          "identifier": "658ff99d-2560-4b2b-aa9c-b90a95a189ae",
          "smiles": "CC(C)n1nccc1-c1ncccc1COc1cccc(O)c1C=O",
          "state_of_matter": "SOLID",
          "molecular_weight": 338.38040000000024,
          "density": 1.4,
          "mass": 3.3838040000000023,
          "is_produced_by": [
            "dca95e4d-6e12-4959-acae-20a05152f7a8"
          ],
          "is_consumed_by": [],
          "provenance__density": "dummy estimator based on mw",
          "provenance__is_consumed_by": null,
          "provenance__is_produced_by": null,
          "provenance__mass": null,
          "provenance__molecular_weight": "periodic table",
          "provenance__smiles": null,
          "provenance__state_of_matter": "dummy estimator based on mw"
        }
      ],
      "stoichiometry": {
        "03dc8eef-7e9f-473f-b446-3e7fe4ccd4ad": 1.0,
        "55be639d-7a1d-4165-9810-141d817664d1": 1.0,
        "658ff99d-2560-4b2b-aa9c-b90a95a189ae": -1.0
      },
      "temperature": 305.7333455622196,
      "intended_ratios": {
        "03dc8eef-7e9f-473f-b446-3e7fe4ccd4ad": 1.0,
        "55be639d-7a1d-4165-9810-141d817664d1": 1.0,
        "c2de70ce-cc91-42f4-862b-316c8632c090": 1.0,
        "3259de6e-4760-4b1f-98f7-ef19ae33f14c": 1.0,
        "a4635773-c2d6-43c3-b7f4-3af6ff8bd1ab": 1.0
      },
      "expected_yields": {
        "658ff99d-2560-4b2b-aa9c-b90a95a189ae": 1.0
      },
      "reaction_extent": 0.01
    },
    {
      "identifier": "3f39f922-4b96-4824-b9a8-1aa671491afd",
      "reactants": [
        {
          "identifier": "f6379509-0c5a-46ec-a1e3-4f955329b6cb",
          "smiles": "CC(C)n1nccc1-c1ncccc1CO",
          "state_of_matter": "SOLID",
          "molecular_weight": 218.27493999999982,
          "density": 1.4,
          "mass": 2.1827493999999983,
          "is_produced_by": [],
          "is_consumed_by": [
            "3f39f922-4b96-4824-b9a8-1aa671491afd"
          ],
          "provenance__density": "dummy estimator based on mw",
          "provenance__is_consumed_by": null,
          "provenance__is_produced_by": null,
          "provenance__mass": null,
          "provenance__molecular_weight": "periodic table",
          "provenance__smiles": null,
          "provenance__state_of_matter": "dummy estimator based on mw"
        }
      ],
      "reagents": [
        {
          "identifier": "5d4c23de-e010-4f34-9e49-019b38bb73cb",
          "smiles": "ClCCl",
          "state_of_matter": "LIQUID",
          "molecular_weight": 84.93258000000002,
          "density": 1.0,
          "mass": 0.8493258000000001,
          "is_produced_by": [],
          "is_consumed_by": [
            "3f39f922-4b96-4824-b9a8-1aa671491afd"
          ],
          "provenance__density": "dummy estimator based on mw",
          "provenance__is_consumed_by": null,
          "provenance__is_produced_by": null,
          "provenance__mass": null,
          "provenance__molecular_weight": "periodic table",
          "provenance__smiles": null,
          "provenance__state_of_matter": "dummy estimator based on mw"
        },
        {
          "identifier": "8a186e1c-50c4-4d12-9221-231e7bf3fcd7",
          "smiles": "CCN(CC)CC",
          "state_of_matter": "LIQUID",
          "molecular_weight": 101.19000000000008,
          "density": 1.0,
          "mass": 1.011900000000001,
          "is_produced_by": [],
          "is_consumed_by": [
            "3f39f922-4b96-4824-b9a8-1aa671491afd"
          ],
          "provenance__density": "dummy estimator based on mw",
          "provenance__is_consumed_by": null,
          "provenance__is_produced_by": null,
          "provenance__mass": null,
          "provenance__molecular_weight": "periodic table",
          "provenance__smiles": null,
          "provenance__state_of_matter": "dummy estimator based on mw"
        },
        {
          "identifier": "13916d1f-b424-4e78-8b08-4a7e1a6630ab",
          "smiles": "CS(=O)(=O)Cl",
          "state_of_matter": "LIQUID",
          "molecular_weight": 114.55132000000002,
          "density": 1.0,
          "mass": 1.1455132000000001,
          "is_produced_by": [],
          "is_consumed_by": [
            "3f39f922-4b96-4824-b9a8-1aa671491afd"
          ],
          "provenance__density": "dummy estimator based on mw",
          "provenance__is_consumed_by": null,
          "provenance__is_produced_by": null,
          "provenance__mass": null,
          "provenance__molecular_weight": "periodic table",
          "provenance__smiles": null,
          "provenance__state_of_matter": "dummy estimator based on mw"
        }
      ],
      "products": [
        {
          "identifier": "369b6e7a-cbac-482e-8786-8c5167377d89",
          "smiles": "CC(C)n1nccc1-c1ncccc1CCl",
          "state_of_matter": "SOLID",
          "molecular_weight": 236.72059999999982,
          "density": 1.4,
          "mass": 2.367205999999998,
          "is_produced_by": [
            "3f39f922-4b96-4824-b9a8-1aa671491afd"
          ],
          "is_consumed_by": [],
          "provenance__density": "dummy estimator based on mw",
          "provenance__is_consumed_by": null,
          "provenance__is_produced_by": null,
          "provenance__mass": null,
          "provenance__molecular_weight": "periodic table",
          "provenance__smiles": null,
          "provenance__state_of_matter": "dummy estimator based on mw"
        }
      ],
      "stoichiometry": {
        "f6379509-0c5a-46ec-a1e3-4f955329b6cb": 1.0,
        "369b6e7a-cbac-482e-8786-8c5167377d89": -1.0
      },
      "temperature": 283.1918331205845,
      "intended_ratios": {
        "f6379509-0c5a-46ec-a1e3-4f955329b6cb": 1.0,
        "5d4c23de-e010-4f34-9e49-019b38bb73cb": 1.0,
        "8a186e1c-50c4-4d12-9221-231e7bf3fcd7": 1.0,
        "13916d1f-b424-4e78-8b08-4a7e1a6630ab": 1.0
      },
      "expected_yields": {
        "369b6e7a-cbac-482e-8786-8c5167377d89": 1.0
      },
      "reaction_extent": 0.01
    },
    {
      "identifier": "34fec58b-fd0d-47aa-9832-e2fb5f0a37e4",
      "reactants": [
        {
          "identifier": "65624162-19d8-4ab0-840b-820754ffc879",
          "smiles": "CC(C)n1nccc1B1OC(C)(C)C(C)(C)O1",
          "state_of_matter": "SOLID",
          "molecular_weight": 237.12627999999975,
          "density": 1.4,
          "mass": 2.3712627999999976,
          "is_produced_by": [],
          "is_consumed_by": [
            "34fec58b-fd0d-47aa-9832-e2fb5f0a37e4"
          ],
          "provenance__density": "dummy estimator based on mw",
          "provenance__is_consumed_by": null,
          "provenance__is_produced_by": null,
          "provenance__mass": null,
          "provenance__molecular_weight": "periodic table",
          "provenance__smiles": null,
          "provenance__state_of_matter": "dummy estimator based on mw"
        },
        {
          "identifier": "44f0e3b5-9907-4d90-b8c3-61ba34e0ae2c",
          "smiles": "OCc1cccnc1Cl",
          "state_of_matter": "LIQUID",
          "molecular_weight": 143.57093999999995,
          "density": 1.0,
          "mass": 1.4357093999999995,
          "is_produced_by": [],
          "is_consumed_by": [
            "34fec58b-fd0d-47aa-9832-e2fb5f0a37e4"
          ],
          "provenance__density": "dummy estimator based on mw",
          "provenance__is_consumed_by": null,
          "provenance__is_produced_by": null,
          "provenance__mass": null,
          "provenance__molecular_weight": "periodic table",
          "provenance__smiles": null,
          "provenance__state_of_matter": "dummy estimator based on mw"
        }
      ],
      "reagents": [
        {
          "identifier": "d246b1be-6998-4274-bb55-87ac2eb30e77",
          "smiles": "O",
          "state_of_matter": "LIQUID",
          "molecular_weight": 18.01528,
          "density": 1.0,
          "mass": 0.1801528,
          "is_produced_by": [],
          "is_consumed_by": [
            "34fec58b-fd0d-47aa-9832-e2fb5f0a37e4"
          ],
          "provenance__density": "dummy estimator based on mw",
          "provenance__is_consumed_by": null,
          "provenance__is_produced_by": null,
          "provenance__mass": null,
          "provenance__molecular_weight": "periodic table",
          "provenance__smiles": null,
          "provenance__state_of_matter": "dummy estimator based on mw"
        },
        {
          "identifier": "cc591f50-7a66-4ae9-a451-6ad100e2036d",
          "smiles": "C1COCCO1",
          "state_of_matter": "LIQUID",
          "molecular_weight": 88.10512000000004,
          "density": 1.0,
          "mass": 0.8810512000000005,
          "is_produced_by": [],
          "is_consumed_by": [
            "34fec58b-fd0d-47aa-9832-e2fb5f0a37e4"
          ],
          "provenance__density": "dummy estimator based on mw",
          "provenance__is_consumed_by": null,
          "provenance__is_produced_by": null,
          "provenance__mass": null,
          "provenance__molecular_weight": "periodic table",
          "provenance__smiles": null,
          "provenance__state_of_matter": "dummy estimator based on mw"
        },
        {
          "identifier": "1dc32f74-0bfe-4cfd-8eb0-93730f16aab0",
          "smiles": "O=C(O)O[Na]",
          "state_of_matter": "SOLID",
          "molecular_weight": 84.00661000000001,
          "density": 1.4,
          "mass": 0.8400661000000001,
          "is_produced_by": [],
          "is_consumed_by": [
            "34fec58b-fd0d-47aa-9832-e2fb5f0a37e4"
          ],
          "provenance__density": "dummy estimator based on mw",
          "provenance__is_consumed_by": null,
          "provenance__is_produced_by": null,
          "provenance__mass": null,
          "provenance__molecular_weight": "periodic table",
          "provenance__smiles": null,
          "provenance__state_of_matter": "dummy estimator based on mw"
        }
      ],
      "products": [
        {
          "identifier": "d7554ba2-0713-4ed0-bb35-98af583b7d72",
          "smiles": "CC(C)n1nccc1-c1ncccc1CO",
          "state_of_matter": "SOLID",
          "molecular_weight": 218.27493999999982,
          "density": 1.4,
          "mass": 2.1827493999999983,
          "is_produced_by": [
            "34fec58b-fd0d-47aa-9832-e2fb5f0a37e4"
          ],
          "is_consumed_by": [],
          "provenance__density": "dummy estimator based on mw",
          "provenance__is_consumed_by": null,
          "provenance__is_produced_by": null,
          "provenance__mass": null,
          "provenance__molecular_weight": "periodic table",
          "provenance__smiles": null,
          "provenance__state_of_matter": "dummy estimator based on mw"
        }
      ],
      "stoichiometry": {
        "65624162-19d8-4ab0-840b-820754ffc879": 1.0,
        "44f0e3b5-9907-4d90-b8c3-61ba34e0ae2c": 1.0,
        "d7554ba2-0713-4ed0-bb35-98af583b7d72": -1.0
      },
      "temperature": 350.5005188763141,
      "intended_ratios": {
        "65624162-19d8-4ab0-840b-820754ffc879": 1.0,
        "44f0e3b5-9907-4d90-b8c3-61ba34e0ae2c": 1.0,
        "d246b1be-6998-4274-bb55-87ac2eb30e77": 1.0,
        "cc591f50-7a66-4ae9-a451-6ad100e2036d": 1.0,
        "1dc32f74-0bfe-4cfd-8eb0-93730f16aab0": 1.0
      },
      "expected_yields": {
        "d7554ba2-0713-4ed0-bb35-98af583b7d72": 1.0
      },
      "reaction_extent": 0.01
    },
    {
      "identifier": "eaed1c1e-5e9a-4a48-8e17-e67eb90d75dd",
      "reactants": [
        {
          "identifier": "ddd1f00c-1943-47db-8937-119754532e9a",
          "smiles": "COC(=O)c1ccc(N)cc1",
          "state_of_matter": "LIQUID",
          "molecular_weight": 151.1625599999999,
          "density": 1.0,
          "mass": 1.511625599999999,
          "is_produced_by": [],
          "is_consumed_by": [
            "eaed1c1e-5e9a-4a48-8e17-e67eb90d75dd"
          ],
          "provenance__density": "dummy estimator based on mw",
          "provenance__is_consumed_by": null,
          "provenance__is_produced_by": null,
          "provenance__mass": null,
          "provenance__molecular_weight": "periodic table",
          "provenance__smiles": null,
          "provenance__state_of_matter": "dummy estimator based on mw"
        },
        {
          "identifier": "91b1b71d-cc7d-499d-80c4-c46273b9dce7",
          "smiles": "O=S(=O)(Cl)c1cccc2cccnc12",
          "state_of_matter": "SOLID",
          "molecular_weight": 227.66743999999989,
          "density": 1.4,
          "mass": 2.2766743999999988,
          "is_produced_by": [],
          "is_consumed_by": [
            "eaed1c1e-5e9a-4a48-8e17-e67eb90d75dd"
          ],
          "provenance__density": "dummy estimator based on mw",
          "provenance__is_consumed_by": null,
          "provenance__is_produced_by": null,
          "provenance__mass": null,
          "provenance__molecular_weight": "periodic table",
          "provenance__smiles": null,
          "provenance__state_of_matter": "dummy estimator based on mw"
        }
      ],
      "reagents": [
        {
          "identifier": "b22eefc8-6f15-43e8-9534-f897a790834b",
          "smiles": "c1ccncc1",
          "state_of_matter": "LIQUID",
          "molecular_weight": 79.09990000000003,
          "density": 1.0,
          "mass": 0.7909990000000003,
          "is_produced_by": [],
          "is_consumed_by": [
            "eaed1c1e-5e9a-4a48-8e17-e67eb90d75dd"
          ],
          "provenance__density": "dummy estimator based on mw",
          "provenance__is_consumed_by": null,
          "provenance__is_produced_by": null,
          "provenance__mass": null,
          "provenance__molecular_weight": "periodic table",
          "provenance__smiles": null,
          "provenance__state_of_matter": "dummy estimator based on mw"
        }
      ],
      "products": [
        {
          "identifier": "86aace60-e730-4a20-b27a-fa6d08f5e4a8",
          "smiles": "COC(=O)c1ccc(NS(=O)(=O)c2cccc3cccnc23)cc1",
          "state_of_matter": "SOLID",
          "molecular_weight": 342.36906000000016,
          "density": 1.4,
          "mass": 3.423690600000002,
          "is_produced_by": [
            "eaed1c1e-5e9a-4a48-8e17-e67eb90d75dd"
          ],
          "is_consumed_by": [],
          "provenance__density": "dummy estimator based on mw",
          "provenance__is_consumed_by": null,
          "provenance__is_produced_by": null,
          "provenance__mass": null,
          "provenance__molecular_weight": "periodic table",
          "provenance__smiles": null,
          "provenance__state_of_matter": "dummy estimator based on mw"
        }
      ],
      "stoichiometry": {
        "ddd1f00c-1943-47db-8937-119754532e9a": 1.0,
        "91b1b71d-cc7d-499d-80c4-c46273b9dce7": 1.0,
        "86aace60-e730-4a20-b27a-fa6d08f5e4a8": -1.0
      },
      "temperature": 313.1208207070827,
      "intended_ratios": {
        "ddd1f00c-1943-47db-8937-119754532e9a": 1.0,
        "91b1b71d-cc7d-499d-80c4-c46273b9dce7": 1.0,
        "b22eefc8-6f15-43e8-9534-f897a790834b": 1.0
      },
      "expected_yields": {
        "86aace60-e730-4a20-b27a-fa6d08f5e4a8": 1.0
      },
      "reaction_extent": 0.01
    },
    {
      "identifier": "352cf551-f8a9-451b-9191-9f19b3ed1f02",
      "reactants": [
        {
          "identifier": "98e7aef9-2d16-4ee6-9387-2ae52eb6d491",
          "smiles": "COC(=O)c1ccc(NS(=O)(=O)c2cccc3cccnc23)cc1",
          "state_of_matter": "SOLID",
          "molecular_weight": 342.36906000000016,
          "density": 1.4,
          "mass": 3.423690600000002,
          "is_produced_by": [],
          "is_consumed_by": [
            "352cf551-f8a9-451b-9191-9f19b3ed1f02"
          ],
          "provenance__density": "dummy estimator based on mw",
          "provenance__is_consumed_by": null,
          "provenance__is_produced_by": null,
          "provenance__mass": null,
          "provenance__molecular_weight": "periodic table",
          "provenance__smiles": null,
          "provenance__state_of_matter": "dummy estimator based on mw"
        },
        {
          "identifier": "5282344e-3d44-4648-bc45-176e3fffcbf8",
          "smiles": "NCCN(CCO)CC1CC1",
          "state_of_matter": "LIQUID",
          "molecular_weight": 158.2413199999998,
          "density": 1.0,
          "mass": 1.582413199999998,
          "is_produced_by": [],
          "is_consumed_by": [
            "352cf551-f8a9-451b-9191-9f19b3ed1f02"
          ],
          "provenance__density": "dummy estimator based on mw",
          "provenance__is_consumed_by": null,
          "provenance__is_produced_by": null,
          "provenance__mass": null,
          "provenance__molecular_weight": "periodic table",
          "provenance__smiles": null,
          "provenance__state_of_matter": "dummy estimator based on mw"
        }
      ],
      "reagents": [
        {
          "identifier": "030ff1fe-568e-4bce-962e-cfdd495bf7dd",
          "smiles": "Cc1ccccc1",
          "state_of_matter": "LIQUID",
          "molecular_weight": 92.13842000000004,
          "density": 1.0,
          "mass": 0.9213842000000004,
          "is_produced_by": [],
          "is_consumed_by": [
            "352cf551-f8a9-451b-9191-9f19b3ed1f02"
          ],
          "provenance__density": "dummy estimator based on mw",
          "provenance__is_consumed_by": null,
          "provenance__is_produced_by": null,
          "provenance__mass": null,
          "provenance__molecular_weight": "periodic table",
          "provenance__smiles": null,
          "provenance__state_of_matter": "dummy estimator based on mw"
        },
        {
          "identifier": "b01cac0a-bf2e-431f-be23-2a217e29af5f",
          "smiles": "C[Al](C)C",
          "state_of_matter": "LIQUID",
          "molecular_weight": 72.08509800000004,
          "density": 1.0,
          "mass": 0.7208509800000005,
          "is_produced_by": [],
          "is_consumed_by": [
            "352cf551-f8a9-451b-9191-9f19b3ed1f02"
          ],
          "provenance__density": "dummy estimator based on mw",
          "provenance__is_consumed_by": null,
          "provenance__is_produced_by": null,
          "provenance__mass": null,
          "provenance__molecular_weight": "periodic table",
          "provenance__smiles": null,
          "provenance__state_of_matter": "dummy estimator based on mw"
        }
      ],
      "products": [
        {
          "identifier": "1f1882c1-1a07-4ef0-aff9-d0ad2e5fec19",
          "smiles": "O=C(NCCN(CCO)CC1CC1)c1ccc(NS(=O)(=O)c2cccc3cccnc23)cc1",
          "state_of_matter": "SOLID",
          "molecular_weight": 468.5685200000002,
          "density": 1.4,
          "mass": 4.685685200000002,
          "is_produced_by": [
            "352cf551-f8a9-451b-9191-9f19b3ed1f02"
          ],
          "is_consumed_by": [],
          "provenance__density": "dummy estimator based on mw",
          "provenance__is_consumed_by": null,
          "provenance__is_produced_by": null,
          "provenance__mass": null,
          "provenance__molecular_weight": "periodic table",
          "provenance__smiles": null,
          "provenance__state_of_matter": "dummy estimator based on mw"
        }
      ],
      "stoichiometry": {
        "98e7aef9-2d16-4ee6-9387-2ae52eb6d491": 1.0,
        "5282344e-3d44-4648-bc45-176e3fffcbf8": 1.0,
        "1f1882c1-1a07-4ef0-aff9-d0ad2e5fec19": -1.0
      },
      "temperature": 324.87014089822765,
      "intended_ratios": {
        "98e7aef9-2d16-4ee6-9387-2ae52eb6d491": 1.0,
        "5282344e-3d44-4648-bc45-176e3fffcbf8": 1.0,
        "030ff1fe-568e-4bce-962e-cfdd495bf7dd": 1.0,
        "b01cac0a-bf2e-431f-be23-2a217e29af5f": 1.0
      },
      "expected_yields": {
        "1f1882c1-1a07-4ef0-aff9-d0ad2e5fec19": 1.0
      },
      "reaction_extent": 0.01
    },
    {
      "identifier": "6687c582-29e7-4ba5-ae61-3add256362ef",
      "reactants": [
        {
          "identifier": "73a7017a-7538-441c-8be2-d9c694357b61",
          "smiles": "Cc1cnc(Cl)nc1Nc1cccc(S(=O)(=O)NC(C)(C)C)c1",
          "state_of_matter": "SOLID",
          "molecular_weight": 354.8549600000003,
          "density": 1.4,
          "mass": 3.548549600000003,
          "is_produced_by": [],
          "is_consumed_by": [
            "6687c582-29e7-4ba5-ae61-3add256362ef"
          ],
          "provenance__density": "dummy estimator based on mw",
          "provenance__is_consumed_by": null,
          "provenance__is_produced_by": null,
          "provenance__mass": null,
          "provenance__molecular_weight": "periodic table",
          "provenance__smiles": null,
          "provenance__state_of_matter": "dummy estimator based on mw"
        },
        {
          "identifier": "bfe45db9-712a-49bd-a93c-4cae816e378c",
          "smiles": "Nc1ccc(OCc2ccccc2)cc1",
          "state_of_matter": "LIQUID",
          "molecular_weight": 199.2484199999998,
          "density": 1.0,
          "mass": 1.9924841999999983,
          "is_produced_by": [],
          "is_consumed_by": [
            "6687c582-29e7-4ba5-ae61-3add256362ef"
          ],
          "provenance__density": "dummy estimator based on mw",
          "provenance__is_consumed_by": null,
          "provenance__is_produced_by": null,
          "provenance__mass": null,
          "provenance__molecular_weight": "periodic table",
          "provenance__smiles": null,
          "provenance__state_of_matter": "dummy estimator based on mw"
        }
      ],
      "reagents": [
        {
          "identifier": "8d1f5f2e-c342-4d84-a4e5-03896b4f8988",
          "smiles": "Cl",
          "state_of_matter": "LIQUID",
          "molecular_weight": 36.46094,
          "density": 1.0,
          "mass": 0.36460940000000003,
          "is_produced_by": [],
          "is_consumed_by": [
            "6687c582-29e7-4ba5-ae61-3add256362ef"
          ],
          "provenance__density": "dummy estimator based on mw",
          "provenance__is_consumed_by": null,
          "provenance__is_produced_by": null,
          "provenance__mass": null,
          "provenance__molecular_weight": "periodic table",
          "provenance__smiles": null,
          "provenance__state_of_matter": "dummy estimator based on mw"
        },
        {
          "identifier": "30370197-8a02-47a4-8b98-cc55431d8aa6",
          "smiles": "C1COCCO1",
          "state_of_matter": "LIQUID",
          "molecular_weight": 88.10512000000004,
          "density": 1.0,
          "mass": 0.8810512000000005,
          "is_produced_by": [],
          "is_consumed_by": [
            "6687c582-29e7-4ba5-ae61-3add256362ef"
          ],
          "provenance__density": "dummy estimator based on mw",
          "provenance__is_consumed_by": null,
          "provenance__is_produced_by": null,
          "provenance__mass": null,
          "provenance__molecular_weight": "periodic table",
          "provenance__smiles": null,
          "provenance__state_of_matter": "dummy estimator based on mw"
        }
      ],
      "products": [
        {
          "identifier": "c703777e-824e-4b2e-abd8-b8e4eebe812a",
          "smiles": "Cc1cnc(Nc2ccc(OCc3ccccc3)cc2)nc1Nc1cccc(S(=O)(=O)NC(C)(C)C)c1",
          "state_of_matter": "SOLID",
          "molecular_weight": 517.6424400000001,
          "density": 1.4,
          "mass": 5.176424400000001,
          "is_produced_by": [
            "6687c582-29e7-4ba5-ae61-3add256362ef"
          ],
          "is_consumed_by": [],
          "provenance__density": "dummy estimator based on mw",
          "provenance__is_consumed_by": null,
          "provenance__is_produced_by": null,
          "provenance__mass": null,
          "provenance__molecular_weight": "periodic table",
          "provenance__smiles": null,
          "provenance__state_of_matter": "dummy estimator based on mw"
        }
      ],
      "stoichiometry": {
        "73a7017a-7538-441c-8be2-d9c694357b61": 1.0,
        "bfe45db9-712a-49bd-a93c-4cae816e378c": 1.0,
        "c703777e-824e-4b2e-abd8-b8e4eebe812a": -1.0
      },
      "temperature": 369.8748215675354,
      "intended_ratios": {
        "73a7017a-7538-441c-8be2-d9c694357b61": 1.0,
        "bfe45db9-712a-49bd-a93c-4cae816e378c": 1.0,
        "8d1f5f2e-c342-4d84-a4e5-03896b4f8988": 1.0,
        "30370197-8a02-47a4-8b98-cc55431d8aa6": 1.0
      },
      "expected_yields": {
        "c703777e-824e-4b2e-abd8-b8e4eebe812a": 1.0
      },
      "reaction_extent": 0.01
    },
    {
      "identifier": "df8cd055-9b15-481d-ad64-a8ddde9c987a",
      "reactants": [
        {
          "identifier": "70b5aa15-be41-4d97-8476-06c0590583b1",
          "smiles": "Cc1cnc(Nc2ccc(O)cc2)nc1Nc1cccc(S(=O)(=O)NC(C)(C)C)c1",
          "state_of_matter": "SOLID",
          "molecular_weight": 427.51990000000035,
          "density": 1.4,
          "mass": 4.275199000000003,
          "is_produced_by": [],
          "is_consumed_by": [
            "df8cd055-9b15-481d-ad64-a8ddde9c987a"
          ],
          "provenance__density": "dummy estimator based on mw",
          "provenance__is_consumed_by": null,
          "provenance__is_produced_by": null,
          "provenance__mass": null,
          "provenance__molecular_weight": "periodic table",
          "provenance__smiles": null,
          "provenance__state_of_matter": "dummy estimator based on mw"
        },
        {
          "identifier": "ba1707a2-790b-47f0-8a85-85db7aa9fe07",
          "smiles": "ClCCN1CCCC1",
          "state_of_matter": "LIQUID",
          "molecular_weight": 133.61917999999997,
          "density": 1.0,
          "mass": 1.3361917999999997,
          "is_produced_by": [],
          "is_consumed_by": [
            "df8cd055-9b15-481d-ad64-a8ddde9c987a"
          ],
          "provenance__density": "dummy estimator based on mw",
          "provenance__is_consumed_by": null,
          "provenance__is_produced_by": null,
          "provenance__mass": null,
          "provenance__molecular_weight": "periodic table",
          "provenance__smiles": null,
          "provenance__state_of_matter": "dummy estimator based on mw"
        }
      ],
      "reagents": [
        {
          "identifier": "1142bcef-c42d-4a1b-89ab-b5c91ff9c64d",
          "smiles": "O=C(O[K])O[K]",
          "state_of_matter": "SOLID",
          "molecular_weight": 138.2055,
          "density": 1.4,
          "mass": 1.382055,
          "is_produced_by": [],
          "is_consumed_by": [
            "df8cd055-9b15-481d-ad64-a8ddde9c987a"
          ],
          "provenance__density": "dummy estimator based on mw",
          "provenance__is_consumed_by": null,
          "provenance__is_produced_by": null,
          "provenance__mass": null,
          "provenance__molecular_weight": "periodic table",
          "provenance__smiles": null,
          "provenance__state_of_matter": "dummy estimator based on mw"
        },
        {
          "identifier": "0ad5882d-3b9f-4e76-b5e5-b7a3ff3b4040",
          "smiles": "CC(C)=O",
          "state_of_matter": "LIQUID",
          "molecular_weight": 58.07913999999999,
          "density": 1.0,
          "mass": 0.5807913999999998,
          "is_produced_by": [],
          "is_consumed_by": [
            "df8cd055-9b15-481d-ad64-a8ddde9c987a"
          ],
          "provenance__density": "dummy estimator based on mw",
          "provenance__is_consumed_by": null,
          "provenance__is_produced_by": null,
          "provenance__mass": null,
          "provenance__molecular_weight": "periodic table",
          "provenance__smiles": null,
          "provenance__state_of_matter": "dummy estimator based on mw"
        }
      ],
      "products": [
        {
          "identifier": "5f7a853a-b28b-4902-9497-40312d7403cb",
          "smiles": "Cc1cnc(Nc2ccc(OCCN3CCCC3)cc2)nc1Nc1cccc(S(=O)(=O)NC(C)(C)C)c1",
          "state_of_matter": "SOLID",
          "molecular_weight": 524.6781399999998,
          "density": 1.4,
          "mass": 5.246781399999998,
          "is_produced_by": [
            "df8cd055-9b15-481d-ad64-a8ddde9c987a"
          ],
          "is_consumed_by": [],
          "provenance__density": "dummy estimator based on mw",
          "provenance__is_consumed_by": null,
          "provenance__is_produced_by": null,
          "provenance__mass": null,
          "provenance__molecular_weight": "periodic table",
          "provenance__smiles": null,
          "provenance__state_of_matter": "dummy estimator based on mw"
        }
      ],
      "stoichiometry": {
        "70b5aa15-be41-4d97-8476-06c0590583b1": 1.0,
        "ba1707a2-790b-47f0-8a85-85db7aa9fe07": 1.0,
        "5f7a853a-b28b-4902-9497-40312d7403cb": -1.0
      },
      "temperature": 346.08960286974906,
      "intended_ratios": {
        "70b5aa15-be41-4d97-8476-06c0590583b1": 1.0,
        "ba1707a2-790b-47f0-8a85-85db7aa9fe07": 1.0,
        "1142bcef-c42d-4a1b-89ab-b5c91ff9c64d": 1.0,
        "0ad5882d-3b9f-4e76-b5e5-b7a3ff3b4040": 1.0
      },
      "expected_yields": {
        "5f7a853a-b28b-4902-9497-40312d7403cb": 1.0
      },
      "reaction_extent": 0.01
    },
    {
      "identifier": "f25f7bc1-d97f-48f9-b51e-e90b071ba8d3",
      "reactants": [
        {
          "identifier": "ba631479-fdc6-487e-a03e-e6189c471aa9",
          "smiles": "Cc1cnc(Nc2ccc(OCc3ccccc3)cc2)nc1Nc1cccc(S(=O)(=O)NC(C)(C)C)c1",
          "state_of_matter": "SOLID",
          "molecular_weight": 517.6424400000001,
          "density": 1.4,
          "mass": 5.176424400000001,
          "is_produced_by": [],
          "is_consumed_by": [
            "f25f7bc1-d97f-48f9-b51e-e90b071ba8d3"
          ],
          "provenance__density": "dummy estimator based on mw",
          "provenance__is_consumed_by": null,
          "provenance__is_produced_by": null,
          "provenance__mass": null,
          "provenance__molecular_weight": "periodic table",
          "provenance__smiles": null,
          "provenance__state_of_matter": "dummy estimator based on mw"
        }
      ],
      "reagents": [
        {
          "identifier": "f227869e-e623-450d-ae87-43e31813bd74",
          "smiles": "CO",
          "state_of_matter": "LIQUID",
          "molecular_weight": 32.04186000000001,
          "density": 1.0,
          "mass": 0.32041860000000005,
          "is_produced_by": [],
          "is_consumed_by": [
            "f25f7bc1-d97f-48f9-b51e-e90b071ba8d3"
          ],
          "provenance__density": "dummy estimator based on mw",
          "provenance__is_consumed_by": null,
          "provenance__is_produced_by": null,
          "provenance__mass": null,
          "provenance__molecular_weight": "periodic table",
          "provenance__smiles": null,
          "provenance__state_of_matter": "dummy estimator based on mw"
        },
        {
          "identifier": "31d6bd51-56ce-4c3e-b586-16e3617e9072",
          "smiles": "[Pd]",
          "state_of_matter": "SOLID",
          "molecular_weight": 106.42,
          "density": 1.4,
          "mass": 1.0642,
          "is_produced_by": [],
          "is_consumed_by": [
            "f25f7bc1-d97f-48f9-b51e-e90b071ba8d3"
          ],
          "provenance__density": "dummy estimator based on mw",
          "provenance__is_consumed_by": null,
          "provenance__is_produced_by": null,
          "provenance__mass": null,
          "provenance__molecular_weight": "periodic table",
          "provenance__smiles": null,
          "provenance__state_of_matter": "dummy estimator based on mw"
        }
      ],
      "products": [
        {
          "identifier": "a30054e3-2487-481a-b8eb-fc3183100df2",
          "smiles": "Cc1cnc(Nc2ccc(O)cc2)nc1Nc1cccc(S(=O)(=O)NC(C)(C)C)c1",
          "state_of_matter": "SOLID",
          "molecular_weight": 427.51990000000035,
          "density": 1.4,
          "mass": 4.275199000000003,
          "is_produced_by": [
            "f25f7bc1-d97f-48f9-b51e-e90b071ba8d3"
          ],
          "is_consumed_by": [],
          "provenance__density": "dummy estimator based on mw",
          "provenance__is_consumed_by": null,
          "provenance__is_produced_by": null,
          "provenance__mass": null,
          "provenance__molecular_weight": "periodic table",
          "provenance__smiles": null,
          "provenance__state_of_matter": "dummy estimator based on mw"
        }
      ],
      "stoichiometry": {
        "ba631479-fdc6-487e-a03e-e6189c471aa9": 1.0,
        "a30054e3-2487-481a-b8eb-fc3183100df2": -1.0
      },
      "temperature": 290.56993040442467,
      "intended_ratios": {
        "ba631479-fdc6-487e-a03e-e6189c471aa9": 1.0,
        "f227869e-e623-450d-ae87-43e31813bd74": 1.0,
        "31d6bd51-56ce-4c3e-b586-16e3617e9072": 1.0
      },
      "expected_yields": {
        "a30054e3-2487-481a-b8eb-fc3183100df2": 1.0
      },
      "reaction_extent": 0.01
    },
    {
      "identifier": "0a635d71-2c5a-4ab8-897c-52c400b61f71",
      "reactants": [
        {
          "identifier": "936ab008-3906-4a73-859d-6b9232487f0d",
          "smiles": "O=C(NCCN(CCO)CC1CC1)c1ccc(NS(=O)(=O)c2cccc3cccnc23)cc1",
          "state_of_matter": "SOLID",
          "molecular_weight": 468.5685200000002,
          "density": 1.4,
          "mass": 4.685685200000002,
          "is_produced_by": [],
          "is_consumed_by": [
            "0a635d71-2c5a-4ab8-897c-52c400b61f71"
          ],
          "provenance__density": "dummy estimator based on mw",
          "provenance__is_consumed_by": null,
          "provenance__is_produced_by": null,
          "provenance__mass": null,
          "provenance__molecular_weight": "periodic table",
          "provenance__smiles": null,
          "provenance__state_of_matter": "dummy estimator based on mw"
        }
      ],
      "reagents": [
        {
          "identifier": "2641b3ef-d1a5-4a0f-9750-1f907b1f9cf0",
          "smiles": "ClCCl",
          "state_of_matter": "LIQUID",
          "molecular_weight": 84.93258000000002,
          "density": 1.0,
          "mass": 0.8493258000000001,
          "is_produced_by": [],
          "is_consumed_by": [
            "0a635d71-2c5a-4ab8-897c-52c400b61f71"
          ],
          "provenance__density": "dummy estimator based on mw",
          "provenance__is_consumed_by": null,
          "provenance__is_produced_by": null,
          "provenance__mass": null,
          "provenance__molecular_weight": "periodic table",
          "provenance__smiles": null,
          "provenance__state_of_matter": "dummy estimator based on mw"
        },
        {
          "identifier": "8513cb08-2d2f-47de-abb0-9d15165f0d8a",
          "smiles": "O=C(O)O[Na]",
          "state_of_matter": "SOLID",
          "molecular_weight": 84.00661000000001,
          "density": 1.4,
          "mass": 0.8400661000000001,
          "is_produced_by": [],
          "is_consumed_by": [
            "0a635d71-2c5a-4ab8-897c-52c400b61f71"
          ],
          "provenance__density": "dummy estimator based on mw",
          "provenance__is_consumed_by": null,
          "provenance__is_produced_by": null,
          "provenance__mass": null,
          "provenance__molecular_weight": "periodic table",
          "provenance__smiles": null,
          "provenance__state_of_matter": "dummy estimator based on mw"
        },
        {
          "identifier": "0b9c9f52-4be6-4518-9ad2-03c9d1710107",
          "smiles": "CC(=O)OI1(OC(C)=O)(OC(C)=O)OC(=O)c2ccccc21",
          "state_of_matter": "SOLID",
          "molecular_weight": 424.1419900000001,
          "density": 1.4,
          "mass": 4.241419900000001,
          "is_produced_by": [],
          "is_consumed_by": [
            "0a635d71-2c5a-4ab8-897c-52c400b61f71"
          ],
          "provenance__density": "dummy estimator based on mw",
          "provenance__is_consumed_by": null,
          "provenance__is_produced_by": null,
          "provenance__mass": null,
          "provenance__molecular_weight": "periodic table",
          "provenance__smiles": null,
          "provenance__state_of_matter": "dummy estimator based on mw"
        }
      ],
      "products": [
        {
          "identifier": "40004549-a3aa-4a9f-952f-e1cb21a7a7c1",
          "smiles": "O=CCN(CCNC(=O)c1ccc(NS(=O)(=O)c2cccc3cccnc23)cc1)CC1CC1",
          "state_of_matter": "SOLID",
          "molecular_weight": 466.5526400000003,
          "density": 1.4,
          "mass": 4.665526400000003,
          "is_produced_by": [
            "0a635d71-2c5a-4ab8-897c-52c400b61f71"
          ],
          "is_consumed_by": [],
          "provenance__density": "dummy estimator based on mw",
          "provenance__is_consumed_by": null,
          "provenance__is_produced_by": null,
          "provenance__mass": null,
          "provenance__molecular_weight": "periodic table",
          "provenance__smiles": null,
          "provenance__state_of_matter": "dummy estimator based on mw"
        }
      ],
      "stoichiometry": {
        "936ab008-3906-4a73-859d-6b9232487f0d": 1.0,
        "40004549-a3aa-4a9f-952f-e1cb21a7a7c1": -1.0
      },
      "temperature": 299.559163749218,
      "intended_ratios": {
        "936ab008-3906-4a73-859d-6b9232487f0d": 1.0,
        "2641b3ef-d1a5-4a0f-9750-1f907b1f9cf0": 1.0,
        "8513cb08-2d2f-47de-abb0-9d15165f0d8a": 1.0,
        "0b9c9f52-4be6-4518-9ad2-03c9d1710107": 1.0
      },
      "expected_yields": {
        "40004549-a3aa-4a9f-952f-e1cb21a7a7c1": 1.0
      },
      "reaction_extent": 0.01
    }
  ],
  "molecular_nodes": [
    "C1COCCO1",
    "CC#N",
    "CC(=O)OI1(OC(C)=O)(OC(C)=O)OC(=O)c2ccccc21",
    "CC(=O)O[BH-](OC(C)=O)OC(C)=O.[Na+]",
    "CC(C)(C)NS(=O)(=O)c1cccc(N)c1",
    "CC(C)(C)OC(=O)NCCN",
    "CC(C)(C)OC(=O)NCCN(CCO)CC1CC1",
    "CC(C)(C)OC(=O)NCCNCC1CC1",
    "CC(C)=O",
    "CC(C)n1nccc1-c1ncccc1CCl",
    "CC(C)n1nccc1-c1ncccc1CO",
    "CC(C)n1nccc1-c1ncccc1COc1cccc(O)c1C=O",
    "CC(C)n1nccc1B1OC(C)(C)C(C)(C)O1",
    "CCN(CC)CC",
    "CN(C)C=O",
    "CO",
    "COC(=O)c1ccc(N)cc1",
    "COC(=O)c1ccc(NS(=O)(=O)c2cccc3cccnc23)cc1",
    "CS(=O)(=O)Cl",
    "C[Al](C)C",
    "Cc1ccccc1",
    "Cc1cnc(Cl)nc1Cl",
    "Cc1cnc(Cl)nc1Nc1cccc(S(=O)(=O)NC(C)(C)C)c1",
    "Cc1cnc(Nc2ccc(O)cc2)nc1Nc1cccc(S(=O)(=O)NC(C)(C)C)c1",
    "Cc1cnc(Nc2ccc(OCCN3CCCC3)cc2)nc1Nc1cccc(S(=O)(=O)NC(C)(C)C)c1",
    "Cc1cnc(Nc2ccc(OCc3ccccc3)cc2)nc1Nc1cccc(S(=O)(=O)NC(C)(C)C)c1",
    "Cl",
    "ClCCCl",
    "ClCCN1CCCC1",
    "ClCCl",
    "NCCN(CCO)CC1CC1",
    "Nc1ccc(OCc2ccccc2)cc1",
    "O",
    "O=C(NCCN(CCO)CC1CC1)c1ccc(NS(=O)(=O)c2cccc3cccnc23)cc1",
    "O=C(O)O[Na]",
    "O=C(O[K])O[K]",
    "O=CC1CC1",
    "O=CCN(CCNC(=O)c1ccc(NS(=O)(=O)c2cccc3cccnc23)cc1)CC1CC1",
    "O=Cc1c(O)cccc1O",
    "O=S(=O)(Cl)c1cccc2cccnc12",
    "OCCBr",
    "OCc1cccnc1Cl",
    "O[Na]",
    "[Pd]",
    "c1ccncc1"
  ],
  "edges": [
    [
      "0a635d71-2c5a-4ab8-897c-52c400b61f71",
      "O=CCN(CCNC(=O)c1ccc(NS(=O)(=O)c2cccc3cccnc23)cc1)CC1CC1"
    ],
    [
      "1b2fa972-0c64-408b-a98e-664fa7efb286",
      "Cc1cnc(Cl)nc1Nc1cccc(S(=O)(=O)NC(C)(C)C)c1"
    ],
    [
      "34fec58b-fd0d-47aa-9832-e2fb5f0a37e4",
      "CC(C)n1nccc1-c1ncccc1CO"
    ],
    [
      "352cf551-f8a9-451b-9191-9f19b3ed1f02",
      "O=C(NCCN(CCO)CC1CC1)c1ccc(NS(=O)(=O)c2cccc3cccnc23)cc1"
    ],
    [
      "3f39f922-4b96-4824-b9a8-1aa671491afd",
      "CC(C)n1nccc1-c1ncccc1CCl"
    ],
    [
      "4dbda916-d428-4c49-8867-abdd5e7f0ebb",
      "CC(C)(C)OC(=O)NCCN(CCO)CC1CC1"
    ],
    [
      "561cae47-d373-41ab-ab64-bb0472c112cd",
      "NCCN(CCO)CC1CC1"
    ],
    [
      "6687c582-29e7-4ba5-ae61-3add256362ef",
      "Cc1cnc(Nc2ccc(OCc3ccccc3)cc2)nc1Nc1cccc(S(=O)(=O)NC(C)(C)C)c1"
    ],
    [
      "C1COCCO1",
      "34fec58b-fd0d-47aa-9832-e2fb5f0a37e4"
    ],
    [
      "C1COCCO1",
      "561cae47-d373-41ab-ab64-bb0472c112cd"
    ],
    [
      "C1COCCO1",
      "6687c582-29e7-4ba5-ae61-3add256362ef"
    ],
    [
      "CC#N",
      "4dbda916-d428-4c49-8867-abdd5e7f0ebb"
    ],
    [
      "CC(=O)OI1(OC(C)=O)(OC(C)=O)OC(=O)c2ccccc21",
      "0a635d71-2c5a-4ab8-897c-52c400b61f71"
    ],
    [
      "CC(=O)O[BH-](OC(C)=O)OC(C)=O.[Na+]",
      "c13878a4-8712-48b4-878a-04648805304e"
    ],
    [
      "CC(C)(C)NS(=O)(=O)c1cccc(N)c1",
      "1b2fa972-0c64-408b-a98e-664fa7efb286"
    ],
    [
      "CC(C)(C)OC(=O)NCCN",
      "c13878a4-8712-48b4-878a-04648805304e"
    ],
    [
      "CC(C)(C)OC(=O)NCCN(CCO)CC1CC1",
      "561cae47-d373-41ab-ab64-bb0472c112cd"
    ],
    [
      "CC(C)(C)OC(=O)NCCNCC1CC1",
      "4dbda916-d428-4c49-8867-abdd5e7f0ebb"
    ],
    [
      "CC(C)=O",
      "df8cd055-9b15-481d-ad64-a8ddde9c987a"
    ],
    [
      "CC(C)n1nccc1-c1ncccc1CCl",
      "dca95e4d-6e12-4959-acae-20a05152f7a8"
    ],
    [
      "CC(C)n1nccc1-c1ncccc1CO",
      "3f39f922-4b96-4824-b9a8-1aa671491afd"
    ],
    [
      "CC(C)n1nccc1B1OC(C)(C)C(C)(C)O1",
      "34fec58b-fd0d-47aa-9832-e2fb5f0a37e4"
    ],
    [
      "CCN(CC)CC",
      "3f39f922-4b96-4824-b9a8-1aa671491afd"
    ],
    [
      "CN(C)C=O",
      "dca95e4d-6e12-4959-acae-20a05152f7a8"
    ],
    [
      "CO",
      "1b2fa972-0c64-408b-a98e-664fa7efb286"
    ],
    [
      "CO",
      "f25f7bc1-d97f-48f9-b51e-e90b071ba8d3"
    ],
    [
      "COC(=O)c1ccc(N)cc1",
      "eaed1c1e-5e9a-4a48-8e17-e67eb90d75dd"
    ],
    [
      "COC(=O)c1ccc(NS(=O)(=O)c2cccc3cccnc23)cc1",
      "352cf551-f8a9-451b-9191-9f19b3ed1f02"
    ],
    [
      "CS(=O)(=O)Cl",
      "3f39f922-4b96-4824-b9a8-1aa671491afd"
    ],
    [
      "C[Al](C)C",
      "352cf551-f8a9-451b-9191-9f19b3ed1f02"
    ],
    [
      "Cc1ccccc1",
      "352cf551-f8a9-451b-9191-9f19b3ed1f02"
    ],
    [
      "Cc1cnc(Cl)nc1Cl",
      "1b2fa972-0c64-408b-a98e-664fa7efb286"
    ],
    [
      "Cc1cnc(Cl)nc1Nc1cccc(S(=O)(=O)NC(C)(C)C)c1",
      "6687c582-29e7-4ba5-ae61-3add256362ef"
    ],
    [
      "Cc1cnc(Nc2ccc(O)cc2)nc1Nc1cccc(S(=O)(=O)NC(C)(C)C)c1",
      "df8cd055-9b15-481d-ad64-a8ddde9c987a"
    ],
    [
      "Cc1cnc(Nc2ccc(OCc3ccccc3)cc2)nc1Nc1cccc(S(=O)(=O)NC(C)(C)C)c1",
      "f25f7bc1-d97f-48f9-b51e-e90b071ba8d3"
    ],
    [
      "Cl",
      "561cae47-d373-41ab-ab64-bb0472c112cd"
    ],
    [
      "Cl",
      "6687c582-29e7-4ba5-ae61-3add256362ef"
    ],
    [
      "Cl",
      "dca95e4d-6e12-4959-acae-20a05152f7a8"
    ],
    [
      "ClCCCl",
      "c13878a4-8712-48b4-878a-04648805304e"
    ],
    [
      "ClCCN1CCCC1",
      "df8cd055-9b15-481d-ad64-a8ddde9c987a"
    ],
    [
      "ClCCl",
      "0a635d71-2c5a-4ab8-897c-52c400b61f71"
    ],
    [
      "ClCCl",
      "3f39f922-4b96-4824-b9a8-1aa671491afd"
    ],
    [
      "NCCN(CCO)CC1CC1",
      "352cf551-f8a9-451b-9191-9f19b3ed1f02"
    ],
    [
      "Nc1ccc(OCc2ccccc2)cc1",
      "6687c582-29e7-4ba5-ae61-3add256362ef"
    ],
    [
      "O",
      "34fec58b-fd0d-47aa-9832-e2fb5f0a37e4"
    ],
    [
      "O=C(NCCN(CCO)CC1CC1)c1ccc(NS(=O)(=O)c2cccc3cccnc23)cc1",
      "0a635d71-2c5a-4ab8-897c-52c400b61f71"
    ],
    [
      "O=C(O)O[Na]",
      "0a635d71-2c5a-4ab8-897c-52c400b61f71"
    ],
    [
      "O=C(O)O[Na]",
      "34fec58b-fd0d-47aa-9832-e2fb5f0a37e4"
    ],
    [
      "O=C(O[K])O[K]",
      "4dbda916-d428-4c49-8867-abdd5e7f0ebb"
    ],
    [
      "O=C(O[K])O[K]",
      "dca95e4d-6e12-4959-acae-20a05152f7a8"
    ],
    [
      "O=C(O[K])O[K]",
      "df8cd055-9b15-481d-ad64-a8ddde9c987a"
    ],
    [
      "O=CC1CC1",
      "c13878a4-8712-48b4-878a-04648805304e"
    ],
    [
      "O=Cc1c(O)cccc1O",
      "dca95e4d-6e12-4959-acae-20a05152f7a8"
    ],
    [
      "O=S(=O)(Cl)c1cccc2cccnc12",
      "eaed1c1e-5e9a-4a48-8e17-e67eb90d75dd"
    ],
    [
      "OCCBr",
      "4dbda916-d428-4c49-8867-abdd5e7f0ebb"
    ],
    [
      "OCc1cccnc1Cl",
      "34fec58b-fd0d-47aa-9832-e2fb5f0a37e4"
    ],
    [
      "O[Na]",
      "c13878a4-8712-48b4-878a-04648805304e"
    ],
    [
      "[Pd]",
      "f25f7bc1-d97f-48f9-b51e-e90b071ba8d3"
    ],
    [
      "c13878a4-8712-48b4-878a-04648805304e",
      "CC(C)(C)OC(=O)NCCNCC1CC1"
    ],
    [
      "c1ccncc1",
      "eaed1c1e-5e9a-4a48-8e17-e67eb90d75dd"
    ],
    [
      "dca95e4d-6e12-4959-acae-20a05152f7a8",
      "CC(C)n1nccc1-c1ncccc1COc1cccc(O)c1C=O"
    ],
    [
      "df8cd055-9b15-481d-ad64-a8ddde9c987a",
      "Cc1cnc(Nc2ccc(OCCN3CCCC3)cc2)nc1Nc1cccc(S(=O)(=O)NC(C)(C)C)c1"
    ],
    [
      "eaed1c1e-5e9a-4a48-8e17-e67eb90d75dd",
      "COC(=O)c1ccc(NS(=O)(=O)c2cccc3cccnc23)cc1"
    ],
    [
      "f25f7bc1-d97f-48f9-b51e-e90b071ba8d3",
      "Cc1cnc(Nc2ccc(O)cc2)nc1Nc1cccc(S(=O)(=O)NC(C)(C)C)c1"
    ]
  ]
}