{
  "identifier": "0feb2abe-e111-4c83-bfe4-8cd944b43edf",
  "chemical_reactions": [
    {
      "identifier": "99761528-7bba-4f19-adad-6e9107fdc893",
      "reactants": [
        {
          "identifier": "5521e341-01f8-466b-9dae-44e62c729211",
          "smiles": "CC(C)(C)NS(=O)(=O)c1cccc(N)c1",
          "state_of_matter": "SOLID",
          "molecular_weight": 228.31123999999977,
          "density": 1.4,
          "mass": 228.31123999999977,
          "is_produced_by": [],
          "is_consumed_by": [
            "99761528-7bba-4f19-adad-6e9107fdc893"
          ],
          "provenance__density": "dummy estimator based on mw",
          "provenance__is_consumed_by": null,
          "provenance__is_produced_by": null,
          "provenance__mass": null,
          "provenance__molecular_weight": "periodic table",
          "provenance__smiles": null,
          "provenance__state_of_matter": "dummy estimator based on mw"
        },
        {
          "identifier": "56669e61-b160-4906-a996-a68e9fd0e3a4",
          "smiles": "Cc1cnc(Cl)nc1Cl",
          "state_of_matter": "LIQUID",
          "molecular_weight": 163.00465999999994,
          "density": 1.0,
          "mass": 163.00465999999994,
          "is_produced_by": [],
          "is_consumed_by": [
            "99761528-7bba-4f19-adad-6e9107fdc893"
          ],
          "provenance__density": "dummy estimator based on mw",
          "provenance__is_consumed_by": null,
          "provenance__is_produced_by": null,
          "provenance__mass": null,
          "provenance__molecular_weight": "periodic table",
          "provenance__smiles": null,
          "provenance__state_of_matter": "dummy estimator based on mw"
        }
      ],
      "reagents": [
        {
          "identifier": "2125b5d9-f8da-4f03-b847-7e8f54bf850a",
          "smiles": "CO",
          "state_of_matter": "LIQUID",
          "molecular_weight": 32.04186000000001,
          "density": 1.0,
          "mass": 32.04186000000001,
          "is_produced_by": [],
          "is_consumed_by": [
            "99761528-7bba-4f19-adad-6e9107fdc893"
          ],
          "provenance__density": "dummy estimator based on mw",
          "provenance__is_consumed_by": null,
          "provenance__is_produced_by": null,
          "provenance__mass": null,
          "provenance__molecular_weight": "periodic table",
          "provenance__smiles": null,
          "provenance__state_of_matter": "dummy estimator based on mw"
        }
      ],
      "products": [
        {
          "identifier": "9533d4a2-c5a2-4305-bc69-83cd019950b0",
          "smiles": "Cc1cnc(Cl)nc1Nc1cccc(S(=O)(=O)NC(C)(C)C)c1",
          "state_of_matter": "SOLID",
          "molecular_weight": 354.8549600000003,
          "density": 1.4,
          "mass": 354.8549600000003,
          "is_produced_by": [
            "99761528-7bba-4f19-adad-6e9107fdc893"
          ],
          "is_consumed_by": [],
          "provenance__density": "dummy estimator based on mw",
          "provenance__is_consumed_by": null,
          "provenance__is_produced_by": null,
          "provenance__mass": null,
          "provenance__molecular_weight": "periodic table",
          "provenance__smiles": null,
          "provenance__state_of_matter": "dummy estimator based on mw"
        }
      ],
      "stoichiometry": {
        "5521e341-01f8-466b-9dae-44e62c729211": 1.0,
        "56669e61-b160-4906-a996-a68e9fd0e3a4": 1.0,
        "9533d4a2-c5a2-4305-bc69-83cd019950b0": -1.0
      },
      "temperature": 324.2890065729618,
      "intended_ratios": {
        "5521e341-01f8-466b-9dae-44e62c729211": 1.0,
        "56669e61-b160-4906-a996-a68e9fd0e3a4": 1.0,
        "2125b5d9-f8da-4f03-b847-7e8f54bf850a": 1.0
      },
      "expected_yields": {
        "9533d4a2-c5a2-4305-bc69-83cd019950b0": 1.0
      },
      "reaction_extent": 1.0
    },
    {
      "identifier": "63c8ba00-03f4-4c21-bc46-922d35c722d7",
      "reactants": [
        {
          "identifier": "9e8778c2-de11-4579-9256-140e125061ef",
          "smiles": "CC(C)(C)OC(=O)NCCN(CCO)CC1CC1",
          "state_of_matter": "SOLID",
          "molecular_weight": 258.3571399999998,
          "density": 1.4,
          "mass": 258.3571399999998,
          "is_produced_by": [],
          "is_consumed_by": [
            "63c8ba00-03f4-4c21-bc46-922d35c722d7"
          ],
          "provenance__density": "dummy estimator based on mw",
          "provenance__is_consumed_by": null,
          "provenance__is_produced_by": null,
          "provenance__mass": null,
          "provenance__molecular_weight": "periodic table",
          "provenance__smiles": null,
          "provenance__state_of_matter": "dummy estimator based on mw"
        }
      ],
      "reagents": [
        {
          "identifier": "7a39e33c-aa2d-4c15-9f5a-73dd15100d12",
          "smiles": "Cl",
          "state_of_matter": "LIQUID",
          "molecular_weight": 36.46094,
          "density": 1.0,
          "mass": 36.46094,
          "is_produced_by": [],
          "is_consumed_by": [
            "63c8ba00-03f4-4c21-bc46-922d35c722d7"
          ],
          "provenance__density": "dummy estimator based on mw",
          "provenance__is_consumed_by": null,
          "provenance__is_produced_by": null,
          "provenance__mass": null,
          "provenance__molecular_weight": "periodic table",
          "provenance__smiles": null,
          "provenance__state_of_matter": "dummy estimator based on mw"
        },
        {
          "identifier": "44866b78-ecaf-4087-8307-c8b2164cb2b2",
          "smiles": "C1COCCO1",
          "state_of_matter": "LIQUID",
          "molecular_weight": 88.10512000000004,
          "density": 1.0,
          "mass": 88.10512000000004,
          "is_produced_by": [],
          "is_consumed_by": [
            "63c8ba00-03f4-4c21-bc46-922d35c722d7"
          ],
          "provenance__density": "dummy estimator based on mw",
          "provenance__is_consumed_by": null,
          "provenance__is_produced_by": null,
          "provenance__mass": null,
          "provenance__molecular_weight": "periodic table",
          "provenance__smiles": null,
          "provenance__state_of_matter": "dummy estimator based on mw"
        }
      ],
      "products": [
        {
          "identifier": "be10fe36-f85e-400b-b202-e35be49969c2",
          "smiles": "NCCN(CCO)CC1CC1",
          "state_of_matter": "LIQUID",
          "molecular_weight": 158.2413199999998,
          "density": 1.0,
          "mass": 158.2413199999998,
          "is_produced_by": [
            "63c8ba00-03f4-4c21-bc46-922d35c722d7"
          ],
          "is_consumed_by": [],
          "provenance__density": "dummy estimator based on mw",
          "provenance__is_consumed_by": null,
          "provenance__is_produced_by": null,
          "provenance__mass": null,
          "provenance__molecular_weight": "periodic table",
          "provenance__smiles": null,
          "provenance__state_of_matter": "dummy estimator based on mw"
        }
      ],
      "stoichiometry": {
        "9e8778c2-de11-4579-9256-140e125061ef": 1.0,
        "be10fe36-f85e-400b-b202-e35be49969c2": -1.0
      },
      "temperature": 295.06736369132994,
      "intended_ratios": {
        "9e8778c2-de11-4579-9256-140e125061ef": 1.0,
        "7a39e33c-aa2d-4c15-9f5a-73dd15100d12": 1.0,
        "44866b78-ecaf-4087-8307-c8b2164cb2b2": 1.0
      },
      "expected_yields": {
        "be10fe36-f85e-400b-b202-e35be49969c2": 1.0
      },
      "reaction_extent": 1.0
    },
    {
      "identifier": "0c6e7fa1-8c5d-42dd-ad77-d97c5f662091",
      "reactants": [
        {
          "identifier": "a2c50922-27bd-4b23-8d4b-7cf7092d8ffa",
          "smiles": "CC(C)(C)OC(=O)NCCN",
          "state_of_matter": "LIQUID",
          "molecular_weight": 160.21413999999984,
          "density": 1.0,
          "mass": 160.21413999999984,
          "is_produced_by": [],
          "is_consumed_by": [
            "0c6e7fa1-8c5d-42dd-ad77-d97c5f662091"
          ],
          "provenance__density": "dummy estimator based on mw",
          "provenance__is_consumed_by": null,
          "provenance__is_produced_by": null,
          "provenance__mass": null,
          "provenance__molecular_weight": "periodic table",
          "provenance__smiles": null,
          "provenance__state_of_matter": "dummy estimator based on mw"
        },
        {
          "identifier": "e747cc08-5b85-4bf5-b97f-aab66b7f4a04",
          "smiles": "O=CC1CC1",
          "state_of_matter": "LIQUID",
          "molecular_weight": 70.08984000000004,
          "density": 1.0,
          "mass": 70.08984000000004,
          "is_produced_by": [],
          "is_consumed_by": [
            "0c6e7fa1-8c5d-42dd-ad77-d97c5f662091"
          ],
          "provenance__density": "dummy estimator based on mw",
          "provenance__is_consumed_by": null,
          "provenance__is_produced_by": null,
          "provenance__mass": null,
          "provenance__molecular_weight": "periodic table",
          "provenance__smiles": null,
          "provenance__state_of_matter": "dummy estimator based on mw"
        }
      ],
      "reagents": [
        {
          "identifier": "f023d301-5ec3-4cc5-92f4-c2ed999778df",
          "smiles": "O[Na]",
          "state_of_matter": "SOLID",
          "molecular_weight": 39.99711,
          "density": 1.4,
          "mass": 39.99711,
          "is_produced_by": [],
          "is_consumed_by": [
            "0c6e7fa1-8c5d-42dd-ad77-d97c5f662091"
          ],
          "provenance__density": "dummy estimator based on mw",
          "provenance__is_consumed_by": null,
          "provenance__is_produced_by": null,
          "provenance__mass": null,
          "provenance__molecular_weight": "periodic table",
          "provenance__smiles": null,
          "provenance__state_of_matter": "dummy estimator based on mw"
        },
        {
          "identifier": "fcf1cbca-5aed-489b-a436-befc83d143a4",
          "smiles": "ClCCCl",
          "state_of_matter": "LIQUID",
          "molecular_weight": 98.95916000000003,
          "density": 1.0,
          "mass": 98.95916000000003,
          "is_produced_by": [],
          "is_consumed_by": [
            "0c6e7fa1-8c5d-42dd-ad77-d97c5f662091"
          ],
          "provenance__density": "dummy estimator based on mw",
          "provenance__is_consumed_by": null,
          "provenance__is_produced_by": null,
          "provenance__mass": null,
          "provenance__molecular_weight": "periodic table",
          "provenance__smiles": null,
          "provenance__state_of_matter": "dummy estimator based on mw"
        },
        {
          "identifier": "d66278a3-99f3-4273-9e15-b589bd2cad86",
          "smiles": "CC(=O)O[BH-](OC(C)=O)OC(C)=O.[Na+]",
          "state_of_matter": "SOLID",
          "molecular_weight": 211.94076999999987,
          "density": 1.4,
          "mass": 211.94076999999987,
          "is_produced_by": [],
          "is_consumed_by": [
            "0c6e7fa1-8c5d-42dd-ad77-d97c5f662091"
          ],
          "provenance__density": "dummy estimator based on mw",
          "provenance__is_consumed_by": null,
          "provenance__is_produced_by": null,
          "provenance__mass": null,
          "provenance__molecular_weight": "periodic table",
          "provenance__smiles": null,
          "provenance__state_of_matter": "dummy estimator based on mw"
        }
      ],
      "products": [
        {
          "identifier": "7e16309b-862a-40ec-ba69-80b90ead7e90",
          "smiles": "CC(C)(C)OC(=O)NCCNCC1CC1",
          "state_of_matter": "SOLID",
          "molecular_weight": 214.30457999999976,
          "density": 1.4,
          "mass": 214.30457999999976,
          "is_produced_by": [
            "0c6e7fa1-8c5d-42dd-ad77-d97c5f662091"
          ],
          "is_consumed_by": [],
          "provenance__density": "dummy estimator based on mw",
          "provenance__is_consumed_by": null,
          "provenance__is_produced_by": null,
          "provenance__mass": null,
          "provenance__molecular_weight": "periodic table",
          "provenance__smiles": null,
          "provenance__state_of_matter": "dummy estimator based on mw"
        }
      ],
      "stoichiometry": {
        "a2c50922-27bd-4b23-8d4b-7cf7092d8ffa": 1.0,
        "e747cc08-5b85-4bf5-b97f-aab66b7f4a04": 1.0,
        "7e16309b-862a-40ec-ba69-80b90ead7e90": -1.0
      },
      "temperature": 317.3727363824844,
      "intended_ratios": {
        "a2c50922-27bd-4b23-8d4b-7cf7092d8ffa": 1.0,
        "e747cc08-5b85-4bf5-b97f-aab66b7f4a04": 1.0,
        "f023d301-5ec3-4cc5-92f4-c2ed999778df": 1.0,
        "fcf1cbca-5aed-489b-a436-befc83d143a4": 1.0,
        "d66278a3-99f3-4273-9e15-b589bd2cad86": 1.0
      },
      "expected_yields": {
        "7e16309b-862a-40ec-ba69-80b90ead7e90": 1.0
      },
      "reaction_extent": 1.0
    },
    {
      "identifier": "524b1c31-8d39-4ca2-9c98-cfa94ed2ab29",
      "reactants": [
        {
          "identifier": "99e38fe1-477a-46c7-8fb7-8ceaa3634d45",
          "smiles": "CC(C)(C)OC(=O)NCCNCC1CC1",
          "state_of_matter": "SOLID",
          "molecular_weight": 214.30457999999976,
          "density": 1.4,
          "mass": 214.30457999999976,
          "is_produced_by": [],
          "is_consumed_by": [
            "524b1c31-8d39-4ca2-9c98-cfa94ed2ab29"
          ],
          "provenance__density": "dummy estimator based on mw",
          "provenance__is_consumed_by": null,
          "provenance__is_produced_by": null,
          "provenance__mass": null,
          "provenance__molecular_weight": "periodic table",
          "provenance__smiles": null,
          "provenance__state_of_matter": "dummy estimator based on mw"
        },
        {
          "identifier": "46d1341d-fc0c-4a75-b7e2-43a4507aecab",
          "smiles": "OCCBr",
          "state_of_matter": "LIQUID",
          "molecular_weight": 124.96450000000003,
          "density": 1.0,
          "mass": 124.96450000000003,
          "is_produced_by": [],
          "is_consumed_by": [
            "524b1c31-8d39-4ca2-9c98-cfa94ed2ab29"
          ],
          "provenance__density": "dummy estimator based on mw",
          "provenance__is_consumed_by": null,
          "provenance__is_produced_by": null,
          "provenance__mass": null,
          "provenance__molecular_weight": "periodic table",
          "provenance__smiles": null,
          "provenance__state_of_matter": "dummy estimator based on mw"
        }
      ],
      "reagents": [
        {
          "identifier": "9ef7e535-f131-4f4d-b4b6-00a53c699a4f",
          "smiles": "CC#N",
          "state_of_matter": "LIQUID",
          "molecular_weight": 41.051919999999996,
          "density": 1.0,
          "mass": 41.051919999999996,
          "is_produced_by": [],
          "is_consumed_by": [
            "524b1c31-8d39-4ca2-9c98-cfa94ed2ab29"
          ],
          "provenance__density": "dummy estimator based on mw",
          "provenance__is_consumed_by": null,
          "provenance__is_produced_by": null,
          "provenance__mass": null,
          "provenance__molecular_weight": "periodic table",
          "provenance__smiles": null,
          "provenance__state_of_matter": "dummy estimator based on mw"
        },
        {
          "identifier": "fa394848-e539-4f00-9f6f-70894fff534d",
          "smiles": "O=C(O[K])O[K]",
          "state_of_matter": "SOLID",
          "molecular_weight": 138.2055,
          "density": 1.4,
          "mass": 138.2055,
          "is_produced_by": [],
          "is_consumed_by": [
            "524b1c31-8d39-4ca2-9c98-cfa94ed2ab29"
          ],
          "provenance__density": "dummy estimator based on mw",
          "provenance__is_consumed_by": null,
          "provenance__is_produced_by": null,
          "provenance__mass": null,
          "provenance__molecular_weight": "periodic table",
          "provenance__smiles": null,
          "provenance__state_of_matter": "dummy estimator based on mw"
        }
      ],
      "products": [
        {
          "identifier": "0437711a-7439-463d-a604-e3bd8f2653c8",
          "smiles": "CC(C)(C)OC(=O)NCCN(CCO)CC1CC1",
          "state_of_matter": "SOLID",
          "molecular_weight": 258.3571399999998,
          "density": 1.4,
          "mass": 258.3571399999998,
          "is_produced_by": [
            "524b1c31-8d39-4ca2-9c98-cfa94ed2ab29"
          ],
          "is_consumed_by": [],
          "provenance__density": "dummy estimator based on mw",
          "provenance__is_consumed_by": null,
          "provenance__is_produced_by": null,
          "provenance__mass": null,
          "provenance__molecular_weight": "periodic table",
          "provenance__smiles": null,
          "provenance__state_of_matter": "dummy estimator based on mw"
        }
      ],
      "stoichiometry": {
        "99e38fe1-477a-46c7-8fb7-8ceaa3634d45": 1.0,
        "46d1341d-fc0c-4a75-b7e2-43a4507aecab": 1.0,
        "0437711a-7439-463d-a604-e3bd8f2653c8": -1.0
      },
      "temperature": 294.64868127107616,
      "intended_ratios": {
        "99e38fe1-477a-46c7-8fb7-8ceaa3634d45": 1.0,
        "46d1341d-fc0c-4a75-b7e2-43a4507aecab": 1.0,
        "9ef7e535-f131-4f4d-b4b6-00a53c699a4f": 1.0,
        "fa394848-e539-4f00-9f6f-70894fff534d": 1.0
      },
      "expected_yields": {
        "0437711a-7439-463d-a604-e3bd8f2653c8": 1.0
      },
      "reaction_extent": 1.0
    },
    {
      "identifier": "3efbd304-a1db-4bf2-827b-ee241f17b605",
      "reactants": [
        {
          "identifier": "345c325e-d483-4723-ac43-05002cd5206b",
          "smiles": "COC(=O)c1ccc(N)cc1",
          "state_of_matter": "LIQUID",
          "molecular_weight": 151.1625599999999,
          "density": 1.0,
          "mass": 151.1625599999999,
          "is_produced_by": [],
          "is_consumed_by": [
            "3efbd304-a1db-4bf2-827b-ee241f17b605"
          ],
          "provenance__density": "dummy estimator based on mw",
          "provenance__is_consumed_by": null,
          "provenance__is_produced_by": null,
          "provenance__mass": null,
          "provenance__molecular_weight": "periodic table",
          "provenance__smiles": null,
          "provenance__state_of_matter": "dummy estimator based on mw"
        },
        {
          "identifier": "7d8acf8e-3da0-42b1-afac-f55d1a6e29cb",
          "smiles": "O=S(=O)(Cl)c1cccc2cccnc12",
          "state_of_matter": "SOLID",
          "molecular_weight": 227.66743999999989,
          "density": 1.4,
          "mass": 227.66743999999989,
          "is_produced_by": [],
          "is_consumed_by": [
            "3efbd304-a1db-4bf2-827b-ee241f17b605"
          ],
          "provenance__density": "dummy estimator based on mw",
          "provenance__is_consumed_by": null,
          "provenance__is_produced_by": null,
          "provenance__mass": null,
          "provenance__molecular_weight": "periodic table",
          "provenance__smiles": null,
          "provenance__state_of_matter": "dummy estimator based on mw"
        }
      ],
      "reagents": [
        {
          "identifier": "176d4ac0-1eae-4110-94a7-8f67ed1fa11e",
          "smiles": "c1ccncc1",
          "state_of_matter": "LIQUID",
          "molecular_weight": 79.09990000000003,
          "density": 1.0,
          "mass": 79.09990000000003,
          "is_produced_by": [],
          "is_consumed_by": [
            "3efbd304-a1db-4bf2-827b-ee241f17b605"
          ],
          "provenance__density": "dummy estimator based on mw",
          "provenance__is_consumed_by": null,
          "provenance__is_produced_by": null,
          "provenance__mass": null,
          "provenance__molecular_weight": "periodic table",
          "provenance__smiles": null,
          "provenance__state_of_matter": "dummy estimator based on mw"
        }
      ],
      "products": [
        {
          "identifier": "1351fe86-8912-4b4a-8167-7a473059a2a1",
          "smiles": "COC(=O)c1ccc(NS(=O)(=O)c2cccc3cccnc23)cc1",
          "state_of_matter": "SOLID",
          "molecular_weight": 342.36906000000016,
          "density": 1.4,
          "mass": 342.36906000000016,
          "is_produced_by": [
            "3efbd304-a1db-4bf2-827b-ee241f17b605"
          ],
          "is_consumed_by": [],
          "provenance__density": "dummy estimator based on mw",
          "provenance__is_consumed_by": null,
          "provenance__is_produced_by": null,
          "provenance__mass": null,
          "provenance__molecular_weight": "periodic table",
          "provenance__smiles": null,
          "provenance__state_of_matter": "dummy estimator based on mw"
        }
      ],
      "stoichiometry": {
        "345c325e-d483-4723-ac43-05002cd5206b": 1.0,
        "7d8acf8e-3da0-42b1-afac-f55d1a6e29cb": 1.0,
        "1351fe86-8912-4b4a-8167-7a473059a2a1": -1.0
      },
      "temperature": 313.1208207070827,
      "intended_ratios": {
        "345c325e-d483-4723-ac43-05002cd5206b": 1.0,
        "7d8acf8e-3da0-42b1-afac-f55d1a6e29cb": 1.0,
        "176d4ac0-1eae-4110-94a7-8f67ed1fa11e": 1.0
      },
      "expected_yields": {
        "1351fe86-8912-4b4a-8167-7a473059a2a1": 1.0
      },
      "reaction_extent": 1.0
    },
    {
      "identifier": "a4e5243e-34d0-486f-baab-33e826669b48",
      "reactants": [
        {
          "identifier": "8252d6ce-0b8c-401f-841a-3a58ea10304f",
          "smiles": "COC(=O)c1ccc(NS(=O)(=O)c2cccc3cccnc23)cc1",
          "state_of_matter": "SOLID",
          "molecular_weight": 342.36906000000016,
          "density": 1.4,
          "mass": 342.36906000000016,
          "is_produced_by": [],
          "is_consumed_by": [
            "a4e5243e-34d0-486f-baab-33e826669b48"
          ],
          "provenance__density": "dummy estimator based on mw",
          "provenance__is_consumed_by": null,
          "provenance__is_produced_by": null,
          "provenance__mass": null,
          "provenance__molecular_weight": "periodic table",
          "provenance__smiles": null,
          "provenance__state_of_matter": "dummy estimator based on mw"
        },
        {
          "identifier": "45e60964-645c-4f7f-9d55-72dee67088cd",
          "smiles": "NCCN(CCO)CC1CC1",
          "state_of_matter": "LIQUID",
          "molecular_weight": 158.2413199999998,
          "density": 1.0,
          "mass": 158.2413199999998,
          "is_produced_by": [],
          "is_consumed_by": [
            "a4e5243e-34d0-486f-baab-33e826669b48"
          ],
          "provenance__density": "dummy estimator based on mw",
          "provenance__is_consumed_by": null,
          "provenance__is_produced_by": null,
          "provenance__mass": null,
          "provenance__molecular_weight": "periodic table",
          "provenance__smiles": null,
          "provenance__state_of_matter": "dummy estimator based on mw"
        }
      ],
      "reagents": [
        {
          "identifier": "49db1c27-6407-4b6b-a5aa-e018cc074df6",
          "smiles": "Cc1ccccc1",
          "state_of_matter": "LIQUID",
          "molecular_weight": 92.13842000000004,
          "density": 1.0,
          "mass": 92.13842000000004,
          "is_produced_by": [],
          "is_consumed_by": [
            "a4e5243e-34d0-486f-baab-33e826669b48"
          ],
          "provenance__density": "dummy estimator based on mw",
          "provenance__is_consumed_by": null,
          "provenance__is_produced_by": null,
          "provenance__mass": null,
          "provenance__molecular_weight": "periodic table",
          "provenance__smiles": null,
          "provenance__state_of_matter": "dummy estimator based on mw"
        },
        {
          "identifier": "5afcc8a5-a772-4038-9ad5-463038d5b1cc",
          "smiles": "C[Al](C)C",
          "state_of_matter": "LIQUID",
          "molecular_weight": 72.08509800000004,
          "density": 1.0,
          "mass": 72.08509800000004,
          "is_produced_by": [],
          "is_consumed_by": [
            "a4e5243e-34d0-486f-baab-33e826669b48"
          ],
          "provenance__density": "dummy estimator based on mw",
          "provenance__is_consumed_by": null,
          "provenance__is_produced_by": null,
          "provenance__mass": null,
          "provenance__molecular_weight": "periodic table",
          "provenance__smiles": null,
          "provenance__state_of_matter": "dummy estimator based on mw"
        }
      ],
      "products": [
        {
          "identifier": "2fc278a0-16a9-49e2-8850-95a480bd9411",
          "smiles": "O=C(NCCN(CCO)CC1CC1)c1ccc(NS(=O)(=O)c2cccc3cccnc23)cc1",
          "state_of_matter": "SOLID",
          "molecular_weight": 468.5685200000002,
          "density": 1.4,
          "mass": 468.5685200000002,
          "is_produced_by": [
            "a4e5243e-34d0-486f-baab-33e826669b48"
          ],
          "is_consumed_by": [],
          "provenance__density": "dummy estimator based on mw",
          "provenance__is_consumed_by": null,
          "provenance__is_produced_by": null,
          "provenance__mass": null,
          "provenance__molecular_weight": "periodic table",
          "provenance__smiles": null,
          "provenance__state_of_matter": "dummy estimator based on mw"
        }
      ],
      "stoichiometry": {
        "8252d6ce-0b8c-401f-841a-3a58ea10304f": 1.0,
        "45e60964-645c-4f7f-9d55-72dee67088cd": 1.0,
        "2fc278a0-16a9-49e2-8850-95a480bd9411": -1.0
      },
      "temperature": 324.87014089822765,
      "intended_ratios": {
        "8252d6ce-0b8c-401f-841a-3a58ea10304f": 1.0,
        "45e60964-645c-4f7f-9d55-72dee67088cd": 1.0,
        "49db1c27-6407-4b6b-a5aa-e018cc074df6": 1.0,
        "5afcc8a5-a772-4038-9ad5-463038d5b1cc": 1.0
      },
      "expected_yields": {
        "2fc278a0-16a9-49e2-8850-95a480bd9411": 1.0
      },
      "reaction_extent": 1.0
    },
    {
      "identifier": "55ea6aea-95cd-4b41-97d4-5f25781fd5a0",
      "reactants": [
        {
          "identifier": "e5a80c45-4b17-4fe3-8354-9e285a1c042a",
          "smiles": "Cc1cnc(Cl)nc1Nc1cccc(S(=O)(=O)NC(C)(C)C)c1",
          "state_of_matter": "SOLID",
          "molecular_weight": 354.8549600000003,
          "density": 1.4,
          "mass": 354.8549600000003,
          "is_produced_by": [],
          "is_consumed_by": [
            "55ea6aea-95cd-4b41-97d4-5f25781fd5a0"
          ],
          "provenance__density": "dummy estimator based on mw",
          "provenance__is_consumed_by": null,
          "provenance__is_produced_by": null,
          "provenance__mass": null,
          "provenance__molecular_weight": "periodic table",
          "provenance__smiles": null,
          "provenance__state_of_matter": "dummy estimator based on mw"
        },
        {
          "identifier": "007551e9-0283-42fd-8175-df63c304b323",
          "smiles": "Nc1ccc(OCc2ccccc2)cc1",
          "state_of_matter": "LIQUID",
          "molecular_weight": 199.2484199999998,
          "density": 1.0,
          "mass": 199.2484199999998,
          "is_produced_by": [],
          "is_consumed_by": [
            "55ea6aea-95cd-4b41-97d4-5f25781fd5a0"
          ],
          "provenance__density": "dummy estimator based on mw",
          "provenance__is_consumed_by": null,
          "provenance__is_produced_by": null,
          "provenance__mass": null,
          "provenance__molecular_weight": "periodic table",
          "provenance__smiles": null,
          "provenance__state_of_matter": "dummy estimator based on mw"
        }
      ],
      "reagents": [
        {
          "identifier": "83e309f8-970c-4511-b2e8-33298b8d9d1f",
          "smiles": "Cl",
          "state_of_matter": "LIQUID",
          "molecular_weight": 36.46094,
          "density": 1.0,
          "mass": 36.46094,
          "is_produced_by": [],
          "is_consumed_by": [
            "55ea6aea-95cd-4b41-97d4-5f25781fd5a0"
          ],
          "provenance__density": "dummy estimator based on mw",
          "provenance__is_consumed_by": null,
          "provenance__is_produced_by": null,
          "provenance__mass": null,
          "provenance__molecular_weight": "periodic table",
          "provenance__smiles": null,
          "provenance__state_of_matter": "dummy estimator based on mw"
        },
        {
          "identifier": "185c7859-4294-404f-ba8c-08f62f532b88",
          "smiles": "C1COCCO1",
          "state_of_matter": "LIQUID",
          "molecular_weight": 88.10512000000004,
          "density": 1.0,
          "mass": 88.10512000000004,
          "is_produced_by": [],
          "is_consumed_by": [
            "55ea6aea-95cd-4b41-97d4-5f25781fd5a0"
          ],
          "provenance__density": "dummy estimator based on mw",
          "provenance__is_consumed_by": null,
          "provenance__is_produced_by": null,
          "provenance__mass": null,
          "provenance__molecular_weight": "periodic table",
          "provenance__smiles": null,
          "provenance__state_of_matter": "dummy estimator based on mw"
        }
      ],
      "products": [
        {
          "identifier": "1b4bdf2d-097a-4b3f-90fc-2411b89b6532",
          "smiles": "Cc1cnc(Nc2ccc(OCc3ccccc3)cc2)nc1Nc1cccc(S(=O)(=O)NC(C)(C)C)c1",
          "state_of_matter": "SOLID",
          "molecular_weight": 517.6424400000001,
          "density": 1.4,
          "mass": 517.6424400000001,
          "is_produced_by": [
            "55ea6aea-95cd-4b41-97d4-5f25781fd5a0"
          ],
          "is_consumed_by": [],
          "provenance__density": "dummy estimator based on mw",
          "provenance__is_consumed_by": null,
          "provenance__is_produced_by": null,
          "provenance__mass": null,
          "provenance__molecular_weight": "periodic table",
          "provenance__smiles": null,
          "provenance__state_of_matter": "dummy estimator based on mw"
        }
      ],
      "stoichiometry": {
        "e5a80c45-4b17-4fe3-8354-9e285a1c042a": 1.0,
        "007551e9-0283-42fd-8175-df63c304b323": 1.0,
        "1b4bdf2d-097a-4b3f-90fc-2411b89b6532": -1.0
      },
      "temperature": 369.8748215675354,
      "intended_ratios": {
        "e5a80c45-4b17-4fe3-8354-9e285a1c042a": 1.0,
        "007551e9-0283-42fd-8175-df63c304b323": 1.0,
        "83e309f8-970c-4511-b2e8-33298b8d9d1f": 1.0,
        "185c7859-4294-404f-ba8c-08f62f532b88": 1.0
      },
      "expected_yields": {
        "1b4bdf2d-097a-4b3f-90fc-2411b89b6532": 1.0
      },
      "reaction_extent": 1.0
    },
    {
      "identifier": "8169dfc4-b586-4647-b11c-a5ee28ee1cee",
      "reactants": [
        {
          "identifier": "016f35f6-7492-48ec-8184-dec871117314",
          "smiles": "Cc1cnc(Nc2ccc(O)cc2)nc1Nc1cccc(S(=O)(=O)NC(C)(C)C)c1",
          "state_of_matter": "SOLID",
          "molecular_weight": 427.51990000000035,
          "density": 1.4,
          "mass": 427.51990000000035,
          "is_produced_by": [],
          "is_consumed_by": [
            "8169dfc4-b586-4647-b11c-a5ee28ee1cee"
          ],
          "provenance__density": "dummy estimator based on mw",
          "provenance__is_consumed_by": null,
          "provenance__is_produced_by": null,
          "provenance__mass": null,
          "provenance__molecular_weight": "periodic table",
          "provenance__smiles": null,
          "provenance__state_of_matter": "dummy estimator based on mw"
        },
        {
          "identifier": "951e5f9b-0bbf-4ddc-859a-48012db2a6d2",
          "smiles": "ClCCN1CCCC1",
          "state_of_matter": "LIQUID",
          "molecular_weight": 133.61917999999997,
          "density": 1.0,
          "mass": 133.61917999999997,
          "is_produced_by": [],
          "is_consumed_by": [
            "8169dfc4-b586-4647-b11c-a5ee28ee1cee"
          ],
          "provenance__density": "dummy estimator based on mw",
          "provenance__is_consumed_by": null,
          "provenance__is_produced_by": null,
          "provenance__mass": null,
          "provenance__molecular_weight": "periodic table",
          "provenance__smiles": null,
          "provenance__state_of_matter": "dummy estimator based on mw"
        }
      ],
      "reagents": [
        {
          "identifier": "4c1fc223-6a0d-40f5-9a84-2ed8453b6758",
          "smiles": "O=C(O[K])O[K]",
          "state_of_matter": "SOLID",
          "molecular_weight": 138.2055,
          "density": 1.4,
          "mass": 138.2055,
          "is_produced_by": [],
          "is_consumed_by": [
            "8169dfc4-b586-4647-b11c-a5ee28ee1cee"
          ],
          "provenance__density": "dummy estimator based on mw",
          "provenance__is_consumed_by": null,
          "provenance__is_produced_by": null,
          "provenance__mass": null,
          "provenance__molecular_weight": "periodic table",
          "provenance__smiles": null,
          "provenance__state_of_matter": "dummy estimator based on mw"
        },
        {
          "identifier": "d5180cb6-e90f-4be4-9772-f80f8b475d06",
          "smiles": "CC(C)=O",
          "state_of_matter": "LIQUID",
          "molecular_weight": 58.07913999999999,
          "density": 1.0,
          "mass": 58.07913999999999,
          "is_produced_by": [],
          "is_consumed_by": [
            "8169dfc4-b586-4647-b11c-a5ee28ee1cee"
          ],
          "provenance__density": "dummy estimator based on mw",
          "provenance__is_consumed_by": null,
          "provenance__is_produced_by": null,
          "provenance__mass": null,
          "provenance__molecular_weight": "periodic table",
          "provenance__smiles": null,
          "provenance__state_of_matter": "dummy estimator based on mw"
        }
      ],
      "products": [
        {
          "identifier": "7cae7c6b-1397-45ab-9708-8a74c1020bd0",
          "smiles": "Cc1cnc(Nc2ccc(OCCN3CCCC3)cc2)nc1Nc1cccc(S(=O)(=O)NC(C)(C)C)c1",
          "state_of_matter": "SOLID",
          "molecular_weight": 524.6781399999998,
          "density": 1.4,
          "mass": 524.6781399999998,
          "is_produced_by": [
            "8169dfc4-b586-4647-b11c-a5ee28ee1cee"
          ],
          "is_consumed_by": [],
          "provenance__density": "dummy estimator based on mw",
          "provenance__is_consumed_by": null,
          "provenance__is_produced_by": null,
          "provenance__mass": null,
          "provenance__molecular_weight": "periodic table",
          "provenance__smiles": null,
          "provenance__state_of_matter": "dummy estimator based on mw"
        }
      ],
      "stoichiometry": {
        "016f35f6-7492-48ec-8184-dec871117314": 1.0,
        "951e5f9b-0bbf-4ddc-859a-48012db2a6d2": 1.0,
        "7cae7c6b-1397-45ab-9708-8a74c1020bd0": -1.0
      },
      "temperature": 346.08960286974906,
      "intended_ratios": {
        "016f35f6-7492-48ec-8184-dec871117314": 1.0,
        "951e5f9b-0bbf-4ddc-859a-48012db2a6d2": 1.0,
        "4c1fc223-6a0d-40f5-9a84-2ed8453b6758": 1.0,
        "d5180cb6-e90f-4be4-9772-f80f8b475d06": 1.0
      },
      "expected_yields": {
        "7cae7c6b-1397-45ab-9708-8a74c1020bd0": 1.0
      },
      "reaction_extent": 1.0
    },
    {
      "identifier": "6a5dda2e-cd8e-47ae-a55d-8b00bb1e266b",
      "reactants": [
        {
          "identifier": "9237235c-8aae-4570-b9e1-16e0539b01dc",
          "smiles": "Cc1cnc(Nc2ccc(OCc3ccccc3)cc2)nc1Nc1cccc(S(=O)(=O)NC(C)(C)C)c1",
          "state_of_matter": "SOLID",
          "molecular_weight": 517.6424400000001,
          "density": 1.4,
          "mass": 517.6424400000001,
          "is_produced_by": [],
          "is_consumed_by": [
            "6a5dda2e-cd8e-47ae-a55d-8b00bb1e266b"
          ],
          "provenance__density": "dummy estimator based on mw",
          "provenance__is_consumed_by": null,
          "provenance__is_produced_by": null,
          "provenance__mass": null,
          "provenance__molecular_weight": "periodic table",
          "provenance__smiles": null,
          "provenance__state_of_matter": "dummy estimator based on mw"
        }
      ],
      "reagents": [
        {
          "identifier": "76d93d0f-9f24-42e0-b423-a7e4a873ea04",
          "smiles": "CO",
          "state_of_matter": "LIQUID",
          "molecular_weight": 32.04186000000001,
          "density": 1.0,
          "mass": 32.04186000000001,
          "is_produced_by": [],
          "is_consumed_by": [
            "6a5dda2e-cd8e-47ae-a55d-8b00bb1e266b"
          ],
          "provenance__density": "dummy estimator based on mw",
          "provenance__is_consumed_by": null,
          "provenance__is_produced_by": null,
          "provenance__mass": null,
          "provenance__molecular_weight": "periodic table",
          "provenance__smiles": null,
          "provenance__state_of_matter": "dummy estimator based on mw"
        },
        {
          "identifier": "b62da8c8-b747-4ccd-8ec1-08d81092eaf0",
          "smiles": "[Pd]",
          "state_of_matter": "SOLID",
          "molecular_weight": 106.42,
          "density": 1.4,
          "mass": 106.42,
          "is_produced_by": [],
          "is_consumed_by": [
            "6a5dda2e-cd8e-47ae-a55d-8b00bb1e266b"
          ],
          "provenance__density": "dummy estimator based on mw",
          "provenance__is_consumed_by": null,
          "provenance__is_produced_by": null,
          "provenance__mass": null,
          "provenance__molecular_weight": "periodic table",
          "provenance__smiles": null,
          "provenance__state_of_matter": "dummy estimator based on mw"
        }
      ],
      "products": [
        {
          "identifier": "e497dd2c-5249-4edd-8126-7b48bbf829ac",
          "smiles": "Cc1cnc(Nc2ccc(O)cc2)nc1Nc1cccc(S(=O)(=O)NC(C)(C)C)c1",
          "state_of_matter": "SOLID",
          "molecular_weight": 427.51990000000035,
          "density": 1.4,
          "mass": 427.51990000000035,
          "is_produced_by": [
            "6a5dda2e-cd8e-47ae-a55d-8b00bb1e266b"
          ],
          "is_consumed_by": [],
          "provenance__density": "dummy estimator based on mw",
          "provenance__is_consumed_by": null,
          "provenance__is_produced_by": null,
          "provenance__mass": null,
          "provenance__molecular_weight": "periodic table",
          "provenance__smiles": null,
          "provenance__state_of_matter": "dummy estimator based on mw"
        }
      ],
      "stoichiometry": {
        "9237235c-8aae-4570-b9e1-16e0539b01dc": 1.0,
        "e497dd2c-5249-4edd-8126-7b48bbf829ac": -1.0
      },
      "temperature": 290.56993040442467,
      "intended_ratios": {
        "9237235c-8aae-4570-b9e1-16e0539b01dc": 1.0,
        "76d93d0f-9f24-42e0-b423-a7e4a873ea04": 1.0,
        "b62da8c8-b747-4ccd-8ec1-08d81092eaf0": 1.0
      },
      "expected_yields": {
        "e497dd2c-5249-4edd-8126-7b48bbf829ac": 1.0
      },
      "reaction_extent": 1.0
    },
    {
      "identifier": "4e776632-f7e9-4d9e-96b4-ac643376cb3c",
      "reactants": [
        {
          "identifier": "600a4616-7e81-4573-98bd-3891cd602295",
          "smiles": "O=C(NCCN(CCO)CC1CC1)c1ccc(NS(=O)(=O)c2cccc3cccnc23)cc1",
          "state_of_matter": "SOLID",
          "molecular_weight": 468.5685200000002,
          "density": 1.4,
          "mass": 468.5685200000002,
          "is_produced_by": [],
          "is_consumed_by": [
            "4e776632-f7e9-4d9e-96b4-ac643376cb3c"
          ],
          "provenance__density": "dummy estimator based on mw",
          "provenance__is_consumed_by": null,
          "provenance__is_produced_by": null,
          "provenance__mass": null,
          "provenance__molecular_weight": "periodic table",
          "provenance__smiles": null,
          "provenance__state_of_matter": "dummy estimator based on mw"
        }
      ],
      "reagents": [
        {
          "identifier": "e1ddeb3e-a301-46a2-b256-f4bdc023ed66",
          "smiles": "ClCCl",
          "state_of_matter": "LIQUID",
          "molecular_weight": 84.93258000000002,
          "density": 1.0,
          "mass": 84.93258000000002,
          "is_produced_by": [],
          "is_consumed_by": [
            "4e776632-f7e9-4d9e-96b4-ac643376cb3c"
          ],
          "provenance__density": "dummy estimator based on mw",
          "provenance__is_consumed_by": null,
          "provenance__is_produced_by": null,
          "provenance__mass": null,
          "provenance__molecular_weight": "periodic table",
          "provenance__smiles": null,
          "provenance__state_of_matter": "dummy estimator based on mw"
        },
        {
          "identifier": "06e76b6b-ddab-4bcc-9c4b-f27cd08e0122",
          "smiles": "O=C(O)O[Na]",
          "state_of_matter": "SOLID",
          "molecular_weight": 84.00661000000001,
          "density": 1.4,
          "mass": 84.00661000000001,
          "is_produced_by": [],
          "is_consumed_by": [
            "4e776632-f7e9-4d9e-96b4-ac643376cb3c"
          ],
          "provenance__density": "dummy estimator based on mw",
          "provenance__is_consumed_by": null,
          "provenance__is_produced_by": null,
          "provenance__mass": null,
          "provenance__molecular_weight": "periodic table",
          "provenance__smiles": null,
          "provenance__state_of_matter": "dummy estimator based on mw"
        },
        {
          "identifier": "2c14de94-8ac2-46ea-a6ce-4d2188b7fe65",
          "smiles": "CC(=O)OI1(OC(C)=O)(OC(C)=O)OC(=O)c2ccccc21",
          "state_of_matter": "SOLID",
          "molecular_weight": 424.1419900000001,
          "density": 1.4,
          "mass": 424.1419900000001,
          "is_produced_by": [],
          "is_consumed_by": [
            "4e776632-f7e9-4d9e-96b4-ac643376cb3c"
          ],
          "provenance__density": "dummy estimator based on mw",
          "provenance__is_consumed_by": null,
          "provenance__is_produced_by": null,
          "provenance__mass": null,
          "provenance__molecular_weight": "periodic table",
          "provenance__smiles": null,
          "provenance__state_of_matter": "dummy estimator based on mw"
        }
      ],
      "products": [
        {
          "identifier": "23efe9bd-0e48-497f-84b7-fa6c3b197ab6",
          "smiles": "O=CCN(CCNC(=O)c1ccc(NS(=O)(=O)c2cccc3cccnc23)cc1)CC1CC1",
          "state_of_matter": "SOLID",
          "molecular_weight": 466.5526400000003,
          "density": 1.4,
          "mass": 466.5526400000003,
          "is_produced_by": [
            "4e776632-f7e9-4d9e-96b4-ac643376cb3c"
          ],
          "is_consumed_by": [],
          "provenance__density": "dummy estimator based on mw",
          "provenance__is_consumed_by": null,
          "provenance__is_produced_by": null,
          "provenance__mass": null,
          "provenance__molecular_weight": "periodic table",
          "provenance__smiles": null,
          "provenance__state_of_matter": "dummy estimator based on mw"
        }
      ],
      "stoichiometry": {
        "600a4616-7e81-4573-98bd-3891cd602295": 1.0,
        "23efe9bd-0e48-497f-84b7-fa6c3b197ab6": -1.0
      },
      "temperature": 299.559163749218,
      "intended_ratios": {
        "600a4616-7e81-4573-98bd-3891cd602295": 1.0,
        "e1ddeb3e-a301-46a2-b256-f4bdc023ed66": 1.0,
        "06e76b6b-ddab-4bcc-9c4b-f27cd08e0122": 1.0,
        "2c14de94-8ac2-46ea-a6ce-4d2188b7fe65": 1.0
      },
      "expected_yields": {
        "23efe9bd-0e48-497f-84b7-fa6c3b197ab6": 1.0
      },
      "reaction_extent": 1.0
    }
  ],
  "molecular_nodes": [
    "C1COCCO1",
    "CC#N",
    "CC(=O)OI1(OC(C)=O)(OC(C)=O)OC(=O)c2ccccc21",
    "CC(=O)O[BH-](OC(C)=O)OC(C)=O.[Na+]",
    "CC(C)(C)NS(=O)(=O)c1cccc(N)c1",
    "CC(C)(C)OC(=O)NCCN",
    "CC(C)(C)OC(=O)NCCN(CCO)CC1CC1",
    "CC(C)(C)OC(=O)NCCNCC1CC1",
    "CC(C)=O",
    "CO",
    "COC(=O)c1ccc(N)cc1",
    "COC(=O)c1ccc(NS(=O)(=O)c2cccc3cccnc23)cc1",
    "C[Al](C)C",
    "Cc1ccccc1",
    "Cc1cnc(Cl)nc1Cl",
    "Cc1cnc(Cl)nc1Nc1cccc(S(=O)(=O)NC(C)(C)C)c1",
    "Cc1cnc(Nc2ccc(O)cc2)nc1Nc1cccc(S(=O)(=O)NC(C)(C)C)c1",
    "Cc1cnc(Nc2ccc(OCCN3CCCC3)cc2)nc1Nc1cccc(S(=O)(=O)NC(C)(C)C)c1",
    "Cc1cnc(Nc2ccc(OCc3ccccc3)cc2)nc1Nc1cccc(S(=O)(=O)NC(C)(C)C)c1",
    "Cl",
    "ClCCCl",
    "ClCCN1CCCC1",
    "ClCCl",
    "NCCN(CCO)CC1CC1",
    "Nc1ccc(OCc2ccccc2)cc1",
    "O=C(NCCN(CCO)CC1CC1)c1ccc(NS(=O)(=O)c2cccc3cccnc23)cc1",
    "O=C(O)O[Na]",
    "O=C(O[K])O[K]",
    "O=CC1CC1",
    "O=CCN(CCNC(=O)c1ccc(NS(=O)(=O)c2cccc3cccnc23)cc1)CC1CC1",
    "O=S(=O)(Cl)c1cccc2cccnc12",
    "OCCBr",
    "O[Na]",
    "[Pd]",
    "c1ccncc1"
  ],
  "edges": [
    [
      "0c6e7fa1-8c5d-42dd-ad77-d97c5f662091",
      "CC(C)(C)OC(=O)NCCNCC1CC1"
    ],
    [
      "3efbd304-a1db-4bf2-827b-ee241f17b605",
      "COC(=O)c1ccc(NS(=O)(=O)c2cccc3cccnc23)cc1"
    ],
    [
      "4e776632-f7e9-4d9e-96b4-ac643376cb3c",
      "O=CCN(CCNC(=O)c1ccc(NS(=O)(=O)c2cccc3cccnc23)cc1)CC1CC1"
    ],
    [
      "524b1c31-8d39-4ca2-9c98-cfa94ed2ab29",
      "CC(C)(C)OC(=O)NCCN(CCO)CC1CC1"
    ],
    [
      "55ea6aea-95cd-4b41-97d4-5f25781fd5a0",
      "Cc1cnc(Nc2ccc(OCc3ccccc3)cc2)nc1Nc1cccc(S(=O)(=O)NC(C)(C)C)c1"
    ],
    [
      "63c8ba00-03f4-4c21-bc46-922d35c722d7",
      "NCCN(CCO)CC1CC1"
    ],
    [
      "6a5dda2e-cd8e-47ae-a55d-8b00bb1e266b",
      "Cc1cnc(Nc2ccc(O)cc2)nc1Nc1cccc(S(=O)(=O)NC(C)(C)C)c1"
    ],
    [
      "8169dfc4-b586-4647-b11c-a5ee28ee1cee",
      "Cc1cnc(Nc2ccc(OCCN3CCCC3)cc2)nc1Nc1cccc(S(=O)(=O)NC(C)(C)C)c1"
    ],
    [
      "99761528-7bba-4f19-adad-6e9107fdc893",
      "Cc1cnc(Cl)nc1Nc1cccc(S(=O)(=O)NC(C)(C)C)c1"
    ],
    [
      "C1COCCO1",
      "55ea6aea-95cd-4b41-97d4-5f25781fd5a0"
    ],
    [
      "C1COCCO1",
      "63c8ba00-03f4-4c21-bc46-922d35c722d7"
    ],
    [
      "CC#N",
      "524b1c31-8d39-4ca2-9c98-cfa94ed2ab29"
    ],
    [
      "CC(=O)OI1(OC(C)=O)(OC(C)=O)OC(=O)c2ccccc21",
      "4e776632-f7e9-4d9e-96b4-ac643376cb3c"
    ],
    [
      "CC(=O)O[BH-](OC(C)=O)OC(C)=O.[Na+]",
      "0c6e7fa1-8c5d-42dd-ad77-d97c5f662091"
    ],
    [
      "CC(C)(C)NS(=O)(=O)c1cccc(N)c1",
      "99761528-7bba-4f19-adad-6e9107fdc893"
    ],
    [
      "CC(C)(C)OC(=O)NCCN",
      "0c6e7fa1-8c5d-42dd-ad77-d97c5f662091"
    ],
    [
      "CC(C)(C)OC(=O)NCCN(CCO)CC1CC1",
      "63c8ba00-03f4-4c21-bc46-922d35c722d7"
    ],
    [
      "CC(C)(C)OC(=O)NCCNCC1CC1",
      "524b1c31-8d39-4ca2-9c98-cfa94ed2ab29"
    ],
    [
      "CC(C)=O",
      "8169dfc4-b586-4647-b11c-a5ee28ee1cee"
    ],
    [
      "CO",
      "6a5dda2e-cd8e-47ae-a55d-8b00bb1e266b"
    ],
    [
      "CO",
      "99761528-7bba-4f19-adad-6e9107fdc893"
    ],
    [
      "COC(=O)c1ccc(N)cc1",
      "3efbd304-a1db-4bf2-827b-ee241f17b605"
    ],
    [
      "COC(=O)c1ccc(NS(=O)(=O)c2cccc3cccnc23)cc1",
      "a4e5243e-34d0-486f-baab-33e826669b48"
    ],
    [
      "C[Al](C)C",
      "a4e5243e-34d0-486f-baab-33e826669b48"
    ],
    [
      "Cc1ccccc1",
      "a4e5243e-34d0-486f-baab-33e826669b48"
    ],
    [
      "Cc1cnc(Cl)nc1Cl",
      "99761528-7bba-4f19-adad-6e9107fdc893"
    ],
    [
      "Cc1cnc(Cl)nc1Nc1cccc(S(=O)(=O)NC(C)(C)C)c1",
      "55ea6aea-95cd-4b41-97d4-5f25781fd5a0"
    ],
    [
      "Cc1cnc(Nc2ccc(O)cc2)nc1Nc1cccc(S(=O)(=O)NC(C)(C)C)c1",
      "8169dfc4-b586-4647-b11c-a5ee28ee1cee"
    ],
    [
      "Cc1cnc(Nc2ccc(OCc3ccccc3)cc2)nc1Nc1cccc(S(=O)(=O)NC(C)(C)C)c1",
      "6a5dda2e-cd8e-47ae-a55d-8b00bb1e266b"
    ],
    [
      "Cl",
      "55ea6aea-95cd-4b41-97d4-5f25781fd5a0"
    ],
    [
      "Cl",
      "63c8ba00-03f4-4c21-bc46-922d35c722d7"
    ],
    [
      "ClCCCl",
      "0c6e7fa1-8c5d-42dd-ad77-d97c5f662091"
    ],
    [
      "ClCCN1CCCC1",
      "8169dfc4-b586-4647-b11c-a5ee28ee1cee"
    ],
    [
      "ClCCl",
      "4e776632-f7e9-4d9e-96b4-ac643376cb3c"
    ],
    [
      "NCCN(CCO)CC1CC1",
      "a4e5243e-34d0-486f-baab-33e826669b48"
    ],
    [
      "Nc1ccc(OCc2ccccc2)cc1",
      "55ea6aea-95cd-4b41-97d4-5f25781fd5a0"
    ],
    [
      "O=C(NCCN(CCO)CC1CC1)c1ccc(NS(=O)(=O)c2cccc3cccnc23)cc1",
      "4e776632-f7e9-4d9e-96b4-ac643376cb3c"
    ],
    [
      "O=C(O)O[Na]",
      "4e776632-f7e9-4d9e-96b4-ac643376cb3c"
    ],
    [
      "O=C(O[K])O[K]",
      "524b1c31-8d39-4ca2-9c98-cfa94ed2ab29"
    ],
    [
      "O=C(O[K])O[K]",
      "8169dfc4-b586-4647-b11c-a5ee28ee1cee"
    ],
    [
      "O=CC1CC1",
      "0c6e7fa1-8c5d-42dd-ad77-d97c5f662091"
    ],
    [
      "O=S(=O)(Cl)c1cccc2cccnc12",
      "3efbd304-a1db-4bf2-827b-ee241f17b605"
    ],
    [
      "OCCBr",
      "524b1c31-8d39-4ca2-9c98-cfa94ed2ab29"
    ],
    [
      "O[Na]",
      "0c6e7fa1-8c5d-42dd-ad77-d97c5f662091"
    ],
    [
      "[Pd]",
      "6a5dda2e-cd8e-47ae-a55d-8b00bb1e266b"
    ],
    [
      "a4e5243e-34d0-486f-baab-33e826669b48",
      "O=C(NCCN(CCO)CC1CC1)c1ccc(NS(=O)(=O)c2cccc3cccnc23)cc1"
    ],
    [
      "c1ccncc1",
      "3efbd304-a1db-4bf2-827b-ee241f17b605"
    ]
  ]
}