Library name,Module set,Work shift,n_diff_assign,n_assign,n_diff_assign_selected_modules,n_assign_selected_modules,percentage_gap,targets,percentage_n_assign_selected_modules,percentage_n_assign,d_lev_mean,Sequence difference
FDA.01.01,LAB-1,False,1,24,0,8,0.0,1,0.0,4.2,0.89,0.10999999999999999
FDA.01.01,LAB-1,True,1,24,0,8,0.0,1,0.0,4.2,0.88,0.12
FDA.01.01,LAB-2,False,2,24,0,8,0.0,1,0.0,8.3,0.77,0.22999999999999998
FDA.01.01,LAB-2,True,1,24,0,8,0.0,1,0.0,4.2,0.88,0.12
FDA.01.02,LAB-1,False,1,34,0,10,0.8,1,0.0,2.9,0.89,0.10999999999999999
FDA.01.02,LAB-1,True,4,34,1,10,0.0,1,10.0,11.8,0.75,0.25
FDA.01.02,LAB-2,False,1,34,0,10,0.8,1,0.0,2.9,0.89,0.10999999999999999
FDA.01.02,LAB-2,True,4,34,1,10,0.0,1,10.0,11.8,0.76,0.24
FDA.01.03,LAB-1,False,4,44,0,10,1.2,1,0.0,9.1,0.82,0.18000000000000005
FDA.01.03,LAB-1,True,3,44,1,10,0.4,1,10.0,6.8,0.79,0.20999999999999996
FDA.01.03,LAB-2,False,4,44,0,10,1.2,1,0.0,9.1,0.82,0.18000000000000005
FDA.01.03,LAB-2,True,3,44,1,10,0.4,1,10.0,6.8,0.79,0.20999999999999996
FDA.01.04,LAB-1,False,2,23,0,8,0.0,1,0.0,8.7,0.86,0.14
FDA.01.04,LAB-1,True,2,23,1,8,0.0,1,12.5,8.7,0.84,0.16000000000000003
FDA.01.04,LAB-2,False,2,23,0,8,0.0,1,0.0,8.7,0.86,0.14
FDA.01.04,LAB-2,True,3,23,2,8,0.0,1,25.0,13.0,0.68,0.31999999999999995
FDA.01.05,LAB-1,False,3,64,0,16,0.2,1,0.0,4.7,0.87,0.13
FDA.01.05,LAB-1,True,8,64,1,16,19.1,1,6.2,12.5,0.78,0.21999999999999997
FDA.01.05,LAB-2,False,5,64,0,16,0.2,1,0.0,7.8,0.86,0.14
FDA.01.05,LAB-2,True,8,64,1,16,19.1,1,6.2,12.5,0.78,0.21999999999999997
FDA.01.06,LAB-1,False,2,39,0,12,1.0,1,0.0,5.1,0.86,0.14
FDA.01.06,LAB-1,True,6,39,2,12,24.5,1,16.7,15.4,0.56,0.43999999999999995
FDA.01.06,LAB-2,False,5,39,2,12,1.0,1,16.7,12.8,0.5,0.5
FDA.01.06,LAB-2,True,7,39,3,12,24.5,1,25.0,17.9,0.45,0.55
FDA.01.07,LAB-1,False,1,44,0,14,0.0,1,0.0,2.3,0.92,0.07999999999999996
FDA.01.07,LAB-1,True,2,44,1,14,0.0,1,7.1,4.5,0.85,0.15000000000000002
FDA.01.07,LAB-2,False,0,44,0,14,0.0,1,0.0,0.0,0.95,0.050000000000000044
FDA.01.07,LAB-2,True,3,44,2,14,0.0,1,14.3,6.8,0.81,0.18999999999999995
FDA.01.08,LAB-1,False,1,41,0,14,0.2,1,0.0,2.4,0.92,0.07999999999999996
FDA.01.08,LAB-1,True,4,41,1,14,0.0,1,7.1,9.8,0.8,0.19999999999999996
FDA.01.08,LAB-2,False,1,41,0,14,0.2,1,0.0,2.4,0.93,0.06999999999999995
FDA.01.08,LAB-2,True,5,41,2,14,0.0,1,14.3,12.2,0.76,0.24
FDA.01.09,LAB-1,False,2,23,0,8,0.0,1,0.0,8.7,0.86,0.14
FDA.01.09,LAB-1,True,2,23,1,8,0.0,1,12.5,8.7,0.84,0.16000000000000003
FDA.01.09,LAB-2,False,2,23,0,8,0.0,1,0.0,8.7,0.86,0.14
FDA.01.09,LAB-2,True,2,23,1,8,0.0,1,12.5,8.7,0.84,0.16000000000000003
FDA.01.10,LAB-1,False,0,41,0,14,0.2,1,0.0,0.0,0.94,0.06000000000000005
FDA.01.10,LAB-1,True,6,41,3,14,0.5,1,21.4,14.6,0.7,0.30000000000000004
FDA.01.10,LAB-2,False,0,41,0,14,0.2,1,0.0,0.0,0.93,0.06999999999999995
FDA.01.10,LAB-2,True,7,41,4,14,0.5,1,28.6,17.1,0.66,0.33999999999999997
FDA.02.01,LAB-1,False,8,88,2,24,36.0,2,8.3,9.1,0.63,0.37
FDA.02.01,LAB-1,True,8,88,2,24,41.5,2,8.3,9.1,0.64,0.36
FDA.02.01,LAB-2,False,10,88,5,24,36.0,2,20.8,11.4,0.65,0.35
FDA.02.01,LAB-2,True,10,88,5,24,41.5,2,20.8,11.4,0.64,0.36
FDA.02.02,LAB-1,False,9,63,4,20,34.2,2,20.0,14.3,0.65,0.35
FDA.02.02,LAB-1,True,6,63,3,20,45.1,2,15.0,9.5,0.71,0.29000000000000004
FDA.02.02,LAB-2,False,11,63,5,20,29.5,2,25.0,17.5,0.6,0.4
FDA.02.02,LAB-2,True,5,63,1,20,29.1,2,5.0,7.9,0.73,0.27
FDA.02.03,LAB-1,False,4,57,1,14,21.5,2,7.1,7.0,0.68,0.31999999999999995
FDA.02.03,LAB-1,True,4,57,0,14,23.1,2,0.0,7.0,0.61,0.39
FDA.02.03,LAB-2,False,7,57,2,14,18.1,2,14.3,12.3,0.61,0.39
FDA.02.03,LAB-2,True,3,57,0,14,23.1,2,0.0,5.3,0.71,0.29000000000000004
FDA.02.04,LAB-1,False,2,46,1,14,9.7,2,7.1,4.3,0.84,0.16000000000000003
FDA.02.04,LAB-1,True,5,46,3,14,10.5,2,21.4,10.9,0.66,0.33999999999999997
FDA.02.04,LAB-2,False,1,46,1,14,9.7,2,7.1,2.2,0.84,0.16000000000000003
FDA.02.04,LAB-2,True,4,46,3,14,10.5,2,21.4,8.7,0.72,0.28
FDA.02.05,LAB-1,False,5,59,2,18,15.5,2,11.1,8.5,0.69,0.31000000000000005
FDA.02.05,LAB-1,True,8,59,2,18,24.4,2,11.1,13.6,0.63,0.37
FDA.02.05,LAB-2,False,4,59,3,18,15.5,2,16.7,6.8,0.69,0.31000000000000005
FDA.02.05,LAB-2,True,8,59,2,18,24.4,2,11.1,13.6,0.63,0.37
FDA.02.06,LAB-1,False,2,41,1,10,6.0,2,10.0,4.9,0.74,0.26
FDA.02.06,LAB-1,True,7,41,1,10,0.0,2,10.0,17.1,0.7,0.30000000000000004
FDA.02.06,LAB-2,False,2,41,1,10,6.0,2,10.0,4.9,0.72,0.28
FDA.02.06,LAB-2,True,5,41,0,10,0.0,2,0.0,12.2,0.75,0.25
FDA.02.07,LAB-1,False,10,96,3,30,38.6,2,10.0,10.4,0.55,0.44999999999999996
FDA.02.07,LAB-1,True,18,96,8,30,41.9,2,26.7,18.8,0.46,0.54
FDA.02.07,LAB-2,False,13,96,5,30,38.6,2,16.7,13.5,0.54,0.45999999999999996
FDA.02.07,LAB-2,True,11,96,4,30,41.9,2,13.3,11.5,0.55,0.44999999999999996
FDA.02.08,LAB-1,False,10,98,2,28,48.1,2,7.1,10.2,0.5,0.5
FDA.02.08,LAB-1,True,10,98,2,28,48.3,2,7.1,10.2,0.48,0.52
FDA.02.08,LAB-2,False,17,98,7,28,48.1,2,25.0,17.3,0.37,0.63
FDA.02.08,LAB-2,True,11,98,3,28,48.3,2,10.7,11.2,0.52,0.48
FDA.02.09,LAB-1,False,3,57,0,14,21.1,2,0.0,5.3,0.66,0.33999999999999997
FDA.02.09,LAB-1,True,10,57,1,14,27.2,2,7.1,17.5,0.63,0.37
FDA.02.09,LAB-2,False,9,57,1,14,17.6,2,7.1,15.8,0.6,0.4
FDA.02.09,LAB-2,True,7,57,1,14,27.2,2,7.1,12.3,0.62,0.38
FDA.02.10,LAB-1,False,1,51,1,16,2.5,2,6.2,2.0,0.88,0.12
FDA.02.10,LAB-1,True,3,51,2,16,0.0,2,12.5,5.9,0.8,0.19999999999999996
FDA.02.10,LAB-2,False,2,51,1,16,2.5,2,6.2,3.9,0.85,0.15000000000000002
FDA.02.10,LAB-2,True,3,51,2,16,0.0,2,12.5,5.9,0.8,0.19999999999999996
FDA.03.01,LAB-1,False,8,92,3,26,41.8,3,11.5,8.7,0.6,0.4
FDA.03.01,LAB-1,True,9,92,4,26,48.2,3,15.4,9.8,0.59,0.41000000000000003
FDA.03.01,LAB-2,False,11,92,5,26,35.6,3,19.2,12.0,0.57,0.43000000000000005
FDA.03.01,LAB-2,True,12,92,4,26,39.3,3,15.4,13.0,0.54,0.45999999999999996
FDA.03.02,LAB-1,False,9,91,8,30,43.6,3,26.7,9.9,0.58,0.42000000000000004
FDA.03.02,LAB-1,True,11,91,6,30,40.4,3,20.0,12.1,0.52,0.48
FDA.03.02,LAB-2,False,13,91,8,30,42.8,3,26.7,14.3,0.53,0.47
FDA.03.02,LAB-2,True,12,91,6,30,40.4,3,20.0,13.2,0.49,0.51
FDA.03.03,LAB-1,False,14,93,9,28,42.9,3,32.1,15.1,0.54,0.45999999999999996
FDA.03.03,LAB-1,True,14,93,3,28,44.2,3,10.7,15.1,0.6,0.4
FDA.03.03,LAB-2,False,14,93,8,28,42.4,3,28.6,15.1,0.54,0.45999999999999996
FDA.03.03,LAB-2,True,16,93,10,28,45.3,3,35.7,17.2,0.48,0.52
FDA.03.04,LAB-1,False,9,74,6,24,38.2,3,25.0,12.2,0.55,0.44999999999999996
FDA.03.04,LAB-1,True,4,74,1,24,36.6,3,4.2,5.4,0.67,0.32999999999999996
FDA.03.04,LAB-2,False,6,74,5,24,38.2,3,20.8,8.1,0.55,0.44999999999999996
FDA.03.04,LAB-2,True,10,74,6,24,36.6,3,25.0,13.5,0.54,0.45999999999999996
FDA.03.05,LAB-1,False,15,94,5,28,48.6,3,17.9,16.0,0.46,0.54
FDA.03.05,LAB-1,True,12,94,4,28,45.3,3,14.3,12.8,0.57,0.43000000000000005
FDA.03.05,LAB-2,False,15,94,8,28,50.3,3,28.6,16.0,0.55,0.44999999999999996
FDA.03.05,LAB-2,True,16,94,5,28,45.3,3,17.9,17.0,0.5,0.5
FDA.03.06,LAB-1,False,7,76,2,22,34.4,3,9.1,9.2,0.52,0.48
FDA.03.06,LAB-1,True,13,76,5,22,38.9,3,22.7,17.1,0.58,0.42000000000000004
FDA.03.06,LAB-2,False,9,76,3,22,29.7,3,13.6,11.8,0.6,0.4
FDA.03.06,LAB-2,True,8,76,3,22,34.6,3,13.6,10.5,0.68,0.31999999999999995
FDA.03.07,LAB-1,True,18,120,7,36,59.5,3,19.4,15.0,0.41,0.5900000000000001
FDA.03.07,LAB-2,False,17,120,8,36,60.7,3,22.2,14.2,0.4,0.6
FDA.03.07,LAB-2,True,21,120,6,36,66.0,3,16.7,17.5,0.38,0.62
FDA.03.08,LAB-1,False,17,128,7,42,58.6,3,16.7,13.3,0.46,0.54
FDA.03.08,LAB-1,True,19,128,8,42,62.3,3,19.0,14.8,0.48,0.52
FDA.03.08,LAB-2,False,16,128,6,42,60.7,3,14.3,12.5,0.46,0.54
FDA.03.08,LAB-2,True,22,128,5,42,64.2,3,11.9,17.2,0.46,0.54
FDA.03.09,LAB-1,False,11,110,8,36,51.3,3,22.2,10.0,0.48,0.52
FDA.03.09,LAB-1,True,12,110,3,36,52.3,3,8.3,10.9,0.5,0.5
FDA.03.09,LAB-2,False,13,110,8,36,52.9,3,22.2,11.8,0.46,0.54
FDA.03.09,LAB-2,True,12,110,6,36,55.2,3,16.7,10.9,0.44,0.56
FDA.03.10,LAB-1,False,13,85,8,26,40.9,3,30.8,15.3,0.57,0.43000000000000005
FDA.03.10,LAB-1,True,10,85,5,26,40.9,3,19.2,11.8,0.62,0.38
FDA.03.10,LAB-2,False,12,85,5,26,41.4,3,19.2,14.1,0.51,0.49
FDA.03.10,LAB-2,True,9,85,4,26,40.9,3,15.4,10.6,0.59,0.41000000000000003
FDA.04.01,LAB-1,False,20,124,9,38,59.9,4,23.7,16.1,0.39,0.61
FDA.04.01,LAB-1,True,21,124,8,38,60.7,4,21.1,16.9,0.35,0.65
FDA.04.01,LAB-2,False,20,124,10,38,60.9,4,26.3,16.1,0.4,0.6
FDA.04.01,LAB-2,True,23,124,16,38,60.7,4,42.1,18.5,0.38,0.62
FDA.04.02,LAB-1,False,13,97,2,30,56.0,4,6.7,13.4,0.38,0.62
FDA.04.02,LAB-1,True,12,97,3,30,63.8,4,10.0,12.4,0.38,0.62
FDA.04.02,LAB-2,False,10,97,4,30,56.0,4,13.3,10.3,0.45,0.55
FDA.04.02,LAB-2,True,12,97,3,30,63.8,4,10.0,12.4,0.46,0.54
FDA.04.03,LAB-1,True,23,140,12,40,52.2,4,30.0,16.4,0.4,0.6
FDA.04.03,LAB-2,False,25,140,13,40,57.7,4,32.5,17.9,0.42,0.5800000000000001
FDA.04.03,LAB-2,True,27,140,11,40,61.4,4,27.5,19.3,0.41,0.5900000000000001
FDA.04.04,LAB-1,True,31,165,12,46,55.2,4,26.1,18.8,0.37,0.63
FDA.04.04,LAB-2,False,24,165,12,46,55.7,4,26.1,14.5,0.41,0.5900000000000001
FDA.04.04,LAB-2,True,29,165,14,46,55.2,4,30.4,17.6,0.38,0.62
FDA.04.05,LAB-2,False,36,161,13,44,56.6,4,29.5,22.4,0.35,0.65
FDA.04.05,LAB-2,True,23,161,7,44,59.0,4,15.9,14.3,0.42,0.5800000000000001
FDA.04.06,LAB-2,False,26,170,11,48,59.1,4,22.9,15.3,0.47,0.53
FDA.04.06,LAB-2,True,30,170,15,48,58.1,4,31.2,17.6,0.42,0.5800000000000001
FDA.04.07,LAB-1,True,31,179,13,50,51.3,4,26.0,17.3,0.4,0.6
FDA.04.07,LAB-2,False,31,179,13,50,53.6,4,26.0,17.3,0.44,0.56
FDA.04.07,LAB-2,True,29,179,15,50,51.3,4,30.0,16.2,0.4,0.6
FDA.04.08,LAB-1,False,11,98,5,32,45.2,4,15.6,11.2,0.53,0.47
FDA.04.08,LAB-1,True,17,98,12,32,44.2,4,37.5,17.3,0.41,0.5900000000000001
FDA.04.08,LAB-2,False,9,98,5,32,42.1,4,15.6,9.2,0.53,0.47
FDA.04.08,LAB-2,True,9,98,7,32,44.2,4,21.9,9.2,0.49,0.51
FDA.04.09,LAB-1,True,28,177,11,50,62.4,4,22.0,15.8,0.35,0.65
FDA.04.09,LAB-2,False,21,177,5,50,61.7,4,10.0,11.9,0.39,0.61
FDA.04.09,LAB-2,True,22,177,8,50,65.9,4,16.0,12.4,0.4,0.6
FDA.04.10,LAB-1,False,15,103,6,26,50.6,4,23.1,14.6,0.42,0.5800000000000001
FDA.04.10,LAB-1,True,13,103,4,26,55.1,4,15.4,12.6,0.46,0.54
FDA.04.10,LAB-2,False,14,103,5,26,50.6,4,19.2,13.6,0.44,0.56
FDA.04.10,LAB-2,True,15,103,7,26,55.1,4,26.9,14.6,0.42,0.5800000000000001
FDA.05.01,LAB-1,True,25,150,13,48,59.9,5,27.1,16.7,0.41,0.5900000000000001
FDA.05.01,LAB-2,False,30,150,14,48,62.6,5,29.2,20.0,0.39,0.61
FDA.05.01,LAB-2,True,26,150,10,48,59.9,5,20.8,17.3,0.44,0.56
FDA.05.02,LAB-2,False,41,170,20,50,65.7,5,40.0,24.1,0.29,0.71
FDA.05.02,LAB-2,True,35,170,21,50,65.2,5,42.0,20.6,0.32,0.6799999999999999
FDA.05.03,LAB-2,True,27,196,12,58,70.1,5,20.7,13.8,0.39,0.61
FDA.05.04,LAB-2,False,31,165,16,48,69.0,5,33.3,18.8,0.36,0.64
FDA.05.04,LAB-2,True,22,165,11,48,72.6,5,22.9,13.3,0.34,0.6599999999999999
FDA.05.05,LAB-2,False,32,190,12,50,59.8,5,24.0,16.8,0.43,0.5700000000000001
FDA.05.05,LAB-2,True,38,190,19,50,64.2,5,38.0,20.0,0.33,0.6699999999999999
FDA.05.06,LAB-2,False,22,164,13,54,68.8,5,24.1,13.4,0.36,0.64
FDA.05.06,LAB-2,True,30,164,18,54,70.2,5,33.3,18.3,0.31,0.69
FDA.05.07,LAB-1,False,22,129,8,34,54.5,5,23.5,17.1,0.34,0.6599999999999999
FDA.05.07,LAB-2,False,23,129,10,34,54.0,5,29.4,17.8,0.34,0.6599999999999999
FDA.05.07,LAB-2,True,21,129,5,34,62.4,5,14.7,16.3,0.37,0.63
FDA.05.08,LAB-1,False,19,128,8,36,54.3,5,22.2,14.8,0.4,0.6
FDA.05.08,LAB-1,True,26,128,13,36,54.9,5,36.1,20.3,0.38,0.62
FDA.05.08,LAB-2,False,19,128,12,36,54.8,5,33.3,14.8,0.38,0.62
FDA.05.08,LAB-2,True,25,128,14,36,54.9,5,38.9,19.5,0.4,0.6
FDA.05.09,LAB-1,False,27,124,11,34,52.5,5,32.4,21.8,0.33,0.6699999999999999
FDA.05.09,LAB-2,False,23,124,12,34,56.4,5,35.3,18.5,0.33,0.6699999999999999
FDA.05.09,LAB-2,True,23,124,11,34,64.1,5,32.4,18.5,0.3,0.7
FDA.05.10,LAB-2,False,24,177,14,56,68.3,5,25.0,13.6,0.34,0.6599999999999999
FDA.05.10,LAB-2,True,34,177,17,56,67.9,5,30.4,19.2,0.35,0.65
FDA.06.01,LAB-2,True,32,216,18,68,71.9,6,26.5,14.8,0.35,0.65
FDA.06.03,LAB-2,False,23,167,9,46,63.7,6,19.6,13.8,0.4,0.6
FDA.06.03,LAB-2,True,29,167,10,46,66.4,6,21.7,17.4,0.37,0.63
FDA.06.05,LAB-2,True,33,187,16,52,66.9,6,30.8,17.6,0.33,0.6699999999999999
FDA.06.06,LAB-1,False,31,193,11,50,49.3,6,22.0,16.1,0.43,0.5700000000000001
FDA.06.06,LAB-1,True,32,193,12,50,46.0,6,24.0,16.6,0.38,0.62
FDA.06.06,LAB-2,False,46,193,16,50,49.3,6,32.0,23.8,0.39,0.61
FDA.06.06,LAB-2,True,30,193,12,50,44.2,6,24.0,15.5,0.44,0.56
FDA.06.08,LAB-1,True,15,150,10,46,59.1,6,21.7,10.0,0.36,0.64
FDA.06.08,LAB-2,False,24,150,15,46,57.9,6,32.6,16.0,0.39,0.61
FDA.06.08,LAB-2,True,28,150,18,46,60.0,6,39.1,18.7,0.35,0.65
FDA.06.09,LAB-1,True,46,195,15,52,61.5,6,28.8,23.6,0.47,0.53
FDA.06.09,LAB-2,False,30,195,9,52,57.1,6,17.3,15.4,0.44,0.56
FDA.06.09,LAB-2,True,38,195,12,52,58.3,6,23.1,19.5,0.36,0.64
FDA.06.10,LAB-2,True,25,195,14,54,69.7,6,25.9,12.8,0.33,0.6699999999999999
FDA.07.01,LAB-2,True,45,263,15,70,69.8,7,21.4,17.1,0.32,0.6799999999999999
FDA.07.02,LAB-1,False,27,174,11,48,45.7,7,22.9,15.5,0.4,0.6
FDA.07.02,LAB-1,True,36,174,15,48,52.0,7,31.2,20.7,0.43,0.5700000000000001
FDA.07.02,LAB-2,False,30,174,12,48,44.7,7,25.0,17.2,0.45,0.55
FDA.07.02,LAB-2,True,38,174,16,48,48.9,7,33.3,21.8,0.41,0.5900000000000001
FDA.07.03,LAB-2,False,18,168,6,44,64.8,7,13.6,10.7,0.44,0.56
FDA.07.03,LAB-2,True,23,168,12,44,66.1,7,27.3,13.7,0.4,0.6
FDA.07.04,LAB-2,False,41,210,17,62,67.6,7,27.4,19.5,0.37,0.63
FDA.07.04,LAB-2,True,38,210,19,62,70.4,7,30.6,18.1,0.35,0.65
FDA.07.06,LAB-2,False,33,194,15,58,67.1,7,25.9,17.0,0.35,0.65
FDA.07.06,LAB-2,True,29,194,12,58,67.5,7,20.7,14.9,0.39,0.61
FDA.07.07,LAB-2,True,35,223,20,66,73.2,7,30.3,15.7,0.33,0.6699999999999999
FDA.07.08,LAB-2,True,32,229,18,64,68.1,7,28.1,14.0,0.33,0.6699999999999999
FDA.07.10,LAB-2,True,47,229,19,64,65.6,7,29.7,20.5,0.37,0.63
FDA.08.02,LAB-2,False,52,257,15,70,67.1,8,21.4,20.2,0.29,0.71
FDA.08.02,LAB-2,True,45,257,23,70,70.2,8,32.9,17.5,0.33,0.6699999999999999
VS.01.01,LAB-1,False,4,38,3,12,4.0,1,25.0,10.5,0.59,0.41000000000000003
VS.01.01,LAB-1,True,5,38,3,12,0.0,1,25.0,13.2,0.66,0.33999999999999997
VS.01.01,LAB-2,False,4,38,3,12,4.0,1,25.0,10.5,0.57,0.43000000000000005
VS.01.01,LAB-2,True,4,38,2,12,0.0,1,16.7,10.5,0.54,0.45999999999999996
VS.01.02,LAB-1,False,2,36,1,14,0.4,1,7.1,5.6,0.84,0.16000000000000003
VS.01.02,LAB-1,True,4,36,4,14,0.0,1,28.6,11.1,0.67,0.32999999999999996
VS.01.02,LAB-2,False,1,36,1,14,0.4,1,7.1,2.8,0.89,0.10999999999999999
VS.01.02,LAB-2,True,5,36,5,14,0.0,1,35.7,13.9,0.64,0.36
VS.01.03,LAB-1,False,4,40,3,14,1.7,1,21.4,10.0,0.76,0.24
VS.01.03,LAB-1,True,4,40,2,14,0.0,1,14.3,10.0,0.76,0.24
VS.01.03,LAB-2,False,3,40,3,14,1.7,1,21.4,7.5,0.78,0.21999999999999997
VS.01.03,LAB-2,True,5,40,3,14,0.0,1,21.4,12.5,0.72,0.28
VS.01.04,LAB-1,False,2,61,0,18,0.4,1,0.0,3.3,0.9,0.09999999999999998
VS.01.04,LAB-1,True,2,61,0,18,0.0,1,0.0,3.3,0.89,0.10999999999999999
VS.01.04,LAB-2,False,3,61,0,18,0.4,1,0.0,4.9,0.88,0.12
VS.01.04,LAB-2,True,6,61,0,18,0.0,1,0.0,9.8,0.82,0.18000000000000005
VS.01.05,LAB-1,False,2,42,1,14,4.2,1,7.1,4.8,0.86,0.14
VS.01.05,LAB-1,True,7,42,2,14,0.0,1,14.3,16.7,0.69,0.31000000000000005
VS.01.05,LAB-2,False,2,42,1,14,4.2,1,7.1,4.8,0.86,0.14
VS.01.05,LAB-2,True,5,42,2,14,0.0,1,14.3,11.9,0.71,0.29000000000000004
VS.01.06,LAB-1,False,4,42,2,14,4.3,1,14.3,9.5,0.78,0.21999999999999997
VS.01.06,LAB-1,True,7,42,2,14,0.0,1,14.3,16.7,0.69,0.31000000000000005
VS.01.06,LAB-2,False,1,42,1,14,4.3,1,7.1,2.4,0.88,0.12
VS.01.06,LAB-2,True,6,42,2,14,0.0,1,14.3,14.3,0.71,0.29000000000000004
VS.01.07,LAB-1,False,5,79,1,24,7.3,1,4.2,6.3,0.83,0.17000000000000004
VS.01.07,LAB-1,True,22,79,10,24,5.9,1,41.7,27.8,0.45,0.55
VS.01.07,LAB-2,False,9,79,3,24,7.3,1,12.5,11.4,0.77,0.22999999999999998
VS.01.07,LAB-2,True,21,79,9,24,5.9,1,37.5,26.6,0.51,0.49
VS.01.08,LAB-1,False,5,37,4,12,21.0,1,33.3,13.5,0.45,0.55
VS.01.08,LAB-1,True,6,37,1,12,0.2,1,8.3,16.2,0.58,0.42000000000000004
VS.01.08,LAB-2,False,6,37,5,12,21.0,1,41.7,16.2,0.37,0.63
VS.01.08,LAB-2,True,5,37,2,12,13.0,1,16.7,13.5,0.57,0.43000000000000005
VS.01.09,LAB-1,False,2,55,1,20,18.4,1,5.0,3.6,0.71,0.29000000000000004
VS.01.09,LAB-1,True,6,55,4,20,18.8,1,20.0,10.9,0.61,0.39
VS.01.09,LAB-2,False,1,55,1,20,13.6,1,5.0,1.8,0.79,0.20999999999999996
VS.01.09,LAB-2,True,5,55,2,20,6.8,1,10.0,9.1,0.62,0.38
VS.01.10,LAB-1,False,3,20,3,6,12.5,1,50.0,15.0,0.68,0.31999999999999995
VS.01.10,LAB-1,True,2,20,2,6,10.4,1,33.3,10.0,0.61,0.39
VS.01.10,LAB-2,False,3,20,3,6,12.5,1,50.0,15.0,0.63,0.37
VS.01.10,LAB-2,True,2,20,2,6,10.4,1,33.3,10.0,0.61,0.39
VS.02.01,LAB-1,False,13,88,4,28,23.8,2,14.3,14.8,0.56,0.43999999999999995
VS.02.01,LAB-1,True,9,88,4,28,22.0,2,14.3,10.2,0.61,0.39
VS.02.01,LAB-2,False,6,88,0,28,23.8,2,0.0,6.8,0.73,0.27
VS.02.01,LAB-2,True,14,88,6,28,22.0,2,21.4,15.9,0.51,0.49
VS.02.02,LAB-1,False,12,80,7,28,45.9,2,25.0,15.0,0.49,0.51
VS.02.02,LAB-1,True,13,80,8,28,48.0,2,28.6,16.2,0.41,0.5900000000000001
VS.02.02,LAB-2,False,11,80,5,28,46.2,2,17.9,13.8,0.51,0.49
VS.02.02,LAB-2,True,14,80,8,28,49.1,2,28.6,17.5,0.49,0.51
VS.02.03,LAB-1,False,14,107,6,36,50.7,2,16.7,13.1,0.47,0.53
VS.02.03,LAB-1,True,17,107,8,36,49.3,2,22.2,15.9,0.47,0.53
VS.02.03,LAB-2,False,17,107,8,36,50.8,2,22.2,15.9,0.44,0.56
VS.02.03,LAB-2,True,12,107,5,36,51.1,2,13.9,11.2,0.48,0.52
VS.02.04,LAB-1,False,15,116,8,36,25.5,2,22.2,12.9,0.57,0.43000000000000005
VS.02.04,LAB-1,True,8,116,3,36,30.0,2,8.3,6.9,0.56,0.43999999999999995
VS.02.04,LAB-2,False,11,116,5,36,25.5,2,13.9,9.5,0.57,0.43000000000000005
VS.02.04,LAB-2,True,15,116,4,36,30.0,2,11.1,12.9,0.57,0.43000000000000005
VS.02.05,LAB-1,False,8,63,4,22,36.6,2,18.2,12.7,0.57,0.43000000000000005
VS.02.05,LAB-1,True,10,63,4,22,37.5,2,18.2,15.9,0.54,0.45999999999999996
VS.02.05,LAB-2,False,6,63,4,22,38.1,2,18.2,9.5,0.56,0.43999999999999995
VS.02.05,LAB-2,True,11,63,6,22,37.5,2,27.3,17.5,0.53,0.47
VS.02.06,LAB-1,False,12,90,7,30,32.3,2,23.3,13.3,0.57,0.43000000000000005
VS.02.06,LAB-1,True,14,90,6,30,30.1,2,20.0,15.6,0.54,0.45999999999999996
VS.02.06,LAB-2,False,9,90,5,30,30.6,2,16.7,10.0,0.57,0.43000000000000005
VS.02.06,LAB-2,True,4,90,0,30,29.2,2,0.0,4.4,0.65,0.35
VS.02.07,LAB-1,False,10,93,8,32,33.0,2,25.0,10.8,0.54,0.45999999999999996
VS.02.07,LAB-1,True,11,93,6,32,27.4,2,18.8,11.8,0.64,0.36
VS.02.07,LAB-2,False,8,93,6,32,33.0,2,18.8,8.6,0.54,0.45999999999999996
VS.02.07,LAB-2,True,12,93,7,32,27.4,2,21.9,12.9,0.61,0.39
VS.02.08,LAB-1,False,13,104,6,34,26.3,2,17.6,12.5,0.6,0.4
VS.02.08,LAB-1,True,10,104,8,34,30.5,2,23.5,9.6,0.56,0.43999999999999995
VS.02.08,LAB-2,False,15,104,7,34,26.3,2,20.6,14.4,0.57,0.43000000000000005
VS.02.08,LAB-2,True,19,104,10,34,30.5,2,29.4,18.3,0.55,0.44999999999999996
VS.02.09,LAB-1,False,12,88,8,26,49.5,2,30.8,13.6,0.52,0.48
VS.02.09,LAB-1,True,12,88,7,26,50.4,2,26.9,13.6,0.43,0.5700000000000001
VS.02.09,LAB-2,False,11,88,6,26,51.8,2,23.1,12.5,0.55,0.44999999999999996
VS.02.09,LAB-2,True,16,88,8,26,51.3,2,30.8,18.2,0.44,0.56
VS.02.10,LAB-1,False,13,80,5,26,24.9,2,19.2,16.2,0.59,0.41000000000000003
VS.02.10,LAB-1,True,8,80,4,26,30.9,2,15.4,10.0,0.62,0.38
VS.02.10,LAB-2,False,7,80,4,26,24.9,2,15.4,8.8,0.64,0.36
VS.02.10,LAB-2,True,12,80,7,26,30.9,2,26.9,15.0,0.57,0.43000000000000005
VS.03.01,LAB-1,False,20,151,6,44,44.4,3,13.6,13.2,0.51,0.49
VS.03.01,LAB-1,True,24,151,7,44,46.0,3,15.9,15.9,0.37,0.63
VS.03.01,LAB-2,False,17,151,5,44,44.3,3,11.4,11.3,0.49,0.51
VS.03.01,LAB-2,True,26,151,9,44,46.0,3,20.5,17.2,0.42,0.5800000000000001
VS.03.02,LAB-1,False,20,121,12,40,45.4,3,30.0,16.5,0.45,0.55
VS.03.02,LAB-1,True,19,121,9,40,51.7,3,22.5,15.7,0.51,0.49
VS.03.02,LAB-2,False,13,121,10,40,41.9,3,25.0,10.7,0.51,0.49
VS.03.02,LAB-2,True,22,121,13,40,49.3,3,32.5,18.2,0.5,0.5
VS.03.03,LAB-1,False,13,122,6,40,47.6,3,15.0,10.7,0.52,0.48
VS.03.03,LAB-1,True,16,122,11,40,46.3,3,27.5,13.1,0.47,0.53
VS.03.03,LAB-2,False,16,122,7,40,46.6,3,17.5,13.1,0.5,0.5
VS.03.03,LAB-2,True,15,122,10,40,46.3,3,25.0,12.3,0.48,0.52
VS.03.04,LAB-2,True,12,125,8,38,49.0,3,21.1,9.6,0.51,0.49
VS.03.05,LAB-1,False,23,159,11,56,41.7,3,19.6,14.5,0.46,0.54
VS.03.05,LAB-1,True,31,159,14,56,51.6,3,25.0,19.5,0.45,0.55
VS.03.05,LAB-2,False,22,159,8,56,41.6,3,14.3,13.8,0.47,0.53
VS.03.05,LAB-2,True,26,159,18,56,51.6,3,32.1,16.4,0.44,0.56
VS.03.06,LAB-1,False,21,102,11,34,48.5,3,32.4,20.6,0.36,0.64
VS.03.06,LAB-1,True,16,102,9,34,53.8,3,26.5,15.7,0.41,0.5900000000000001
VS.03.06,LAB-2,False,15,102,9,34,50.3,3,26.5,14.7,0.44,0.56
VS.03.06,LAB-2,True,19,102,14,34,62.0,3,41.2,18.6,0.42,0.5800000000000001
VS.03.07,LAB-1,False,17,97,10,32,51.9,3,31.2,17.5,0.37,0.63
VS.03.07,LAB-1,True,18,97,9,32,56.3,3,28.1,18.6,0.38,0.62
VS.03.07,LAB-2,False,15,97,6,32,52.4,3,18.8,15.5,0.42,0.5800000000000001
VS.03.07,LAB-2,True,16,97,5,32,48.7,3,15.6,16.5,0.45,0.55
VS.03.08,LAB-2,False,26,159,12,52,48.8,3,23.1,16.4,0.44,0.56
VS.03.08,LAB-2,True,30,159,13,52,53.0,3,25.0,18.9,0.43,0.5700000000000001
VS.03.09,LAB-1,False,21,110,12,38,54.2,3,31.6,19.1,0.45,0.55
VS.03.09,LAB-1,True,16,110,7,38,58.2,3,18.4,14.5,0.48,0.52
VS.03.09,LAB-2,False,13,110,7,38,52.1,3,18.4,11.8,0.54,0.45999999999999996
VS.03.09,LAB-2,True,16,110,9,38,53.8,3,23.7,14.5,0.51,0.49
VS.03.10,LAB-1,False,10,80,4,26,51.8,3,15.4,12.5,0.45,0.55
VS.03.10,LAB-1,True,11,80,8,26,53.7,3,30.8,13.8,0.54,0.45999999999999996
VS.03.10,LAB-2,False,11,80,7,26,56.1,3,26.9,13.8,0.49,0.51
VS.03.10,LAB-2,True,10,80,5,26,63.4,3,19.2,12.5,0.48,0.52
VS.04.01,LAB-2,False,20,165,10,58,58.1,4,17.2,12.1,0.41,0.5900000000000001
VS.04.01,LAB-2,True,24,165,16,58,59.0,4,27.6,14.5,0.43,0.5700000000000001
VS.04.02,LAB-1,True,22,132,9,44,55.1,4,20.5,16.7,0.42,0.5800000000000001
VS.04.02,LAB-2,False,20,132,6,44,55.6,4,13.6,15.2,0.39,0.61
VS.04.02,LAB-2,True,25,132,15,44,55.1,4,34.1,18.9,0.38,0.62
VS.04.03,LAB-2,False,30,177,16,58,61.0,4,27.6,16.9,0.36,0.64
VS.04.03,LAB-2,True,36,177,17,58,63.4,4,29.3,20.3,0.38,0.62
VS.04.04,LAB-2,False,39,199,17,62,61.8,4,27.4,19.6,0.32,0.6799999999999999
VS.04.04,LAB-2,True,43,199,20,62,64.8,4,32.3,21.6,0.32,0.6799999999999999
VS.04.05,LAB-2,False,34,175,12,50,58.7,4,24.0,19.4,0.41,0.5900000000000001
VS.04.05,LAB-2,True,36,175,15,50,56.5,4,30.0,20.6,0.4,0.6
VS.04.06,LAB-1,False,21,145,11,44,38.6,4,25.0,14.5,0.45,0.55
VS.04.06,LAB-1,True,26,145,10,44,42.3,4,22.7,17.9,0.44,0.56
VS.04.06,LAB-2,False,19,145,11,44,34.8,4,25.0,13.1,0.51,0.49
VS.04.06,LAB-2,True,25,145,9,44,38.3,4,20.5,17.2,0.42,0.5800000000000001
VS.04.07,LAB-2,False,27,175,14,58,59.7,4,24.1,15.4,0.34,0.6599999999999999
VS.04.07,LAB-2,True,30,175,14,58,62.8,4,24.1,17.1,0.38,0.62
VS.04.08,LAB-2,False,26,124,11,38,61.9,4,28.9,21.0,0.37,0.63
VS.04.08,LAB-2,True,16,124,8,38,61.0,4,21.1,12.9,0.44,0.56
VS.04.09,LAB-1,True,28,193,11,58,57.3,4,19.0,14.5,0.39,0.61
VS.04.09,LAB-2,False,19,193,12,58,53.7,4,20.7,9.8,0.45,0.55
VS.04.09,LAB-2,True,34,193,15,58,54.6,4,25.9,17.6,0.36,0.64
VS.04.10,LAB-2,False,34,200,19,68,61.6,4,27.9,17.0,0.39,0.61
VS.04.10,LAB-2,True,34,200,20,68,61.6,4,29.4,17.0,0.36,0.64
VS.05.01,LAB-2,False,39,247,19,80,62.1,5,23.8,15.8,0.35,0.65
VS.05.01,LAB-2,True,48,247,24,80,63.8,5,30.0,19.4,0.32,0.6799999999999999
VS.05.02,LAB-2,True,44,225,12,70,62.6,5,17.1,19.6,0.32,0.6799999999999999
VS.05.05,LAB-2,False,38,238,16,74,60.2,5,21.6,16.0,0.35,0.65
VS.05.05,LAB-2,True,47,238,20,74,57.8,5,27.0,19.7,0.33,0.6699999999999999
VS.05.08,LAB-2,True,41,235,17,72,65.1,5,23.6,17.4,0.33,0.6699999999999999
VS.05.10,LAB-2,True,40,212,18,70,64.0,5,25.7,18.9,0.34,0.6599999999999999
VS.06.01,LAB-2,False,53,294,29,100,68.0,6,29.0,18.0,0.33,0.6699999999999999
VS.06.01,LAB-2,True,56,294,28,100,70.6,6,28.0,19.0,0.35,0.65
VS.06.03,LAB-2,False,35,222,21,74,60.3,6,28.4,15.8,0.36,0.64
VS.06.03,LAB-2,True,38,222,19,74,62.1,6,25.7,17.1,0.34,0.6599999999999999
VS.06.04,LAB-2,False,53,286,26,88,67.9,6,29.5,18.5,0.3,0.7
VS.06.04,LAB-2,True,52,286,23,88,70.2,6,26.1,18.2,0.33,0.6699999999999999
VS.06.06,LAB-2,False,51,296,23,92,70.9,6,25.0,17.2,0.32,0.6799999999999999
VS.06.06,LAB-2,True,55,296,21,92,72.3,6,22.8,18.6,0.29,0.71
VS.06.09,LAB-2,False,37,220,16,70,63.2,6,22.9,16.8,0.33,0.6699999999999999
VS.06.09,LAB-2,True,41,220,22,70,64.5,6,31.4,18.6,0.33,0.6699999999999999
VS.07.01,LAB-2,True,47,304,27,98,72.5,7,27.6,15.5,0.29,0.71
