{
  "identifier": "40d21729-2d62-4e32-87a0-b925e52d3749",
  "chemical_reactions": [
    {
      "identifier": "db6a4147-41da-4ec4-9dc8-b727a3ee2089",
      "reactants": [
        {
          "identifier": "10899d2f-d296-493a-a4ad-fefb55c7b0ea",
          "smiles": "CSc1ccc(O)cc1",
          "state_of_matter": "LIQUID",
          "molecular_weight": 140.20281999999992,
          "density": 1.0,
          "mass": 140.20281999999992,
          "is_produced_by": [],
          "is_consumed_by": [
            "db6a4147-41da-4ec4-9dc8-b727a3ee2089"
          ],
          "provenance__density": "dummy estimator based on mw",
          "provenance__is_consumed_by": null,
          "provenance__is_produced_by": null,
          "provenance__mass": null,
          "provenance__molecular_weight": "periodic table",
          "provenance__smiles": null,
          "provenance__state_of_matter": "dummy estimator based on mw"
        },
        {
          "identifier": "7823b20d-7c57-44c1-a5d3-618c9308a1e7",
          "smiles": "Cn1c([N+](=O)[O-])cnc1CO",
          "state_of_matter": "LIQUID",
          "molecular_weight": 158.13531999999992,
          "density": 1.0,
          "mass": 158.13531999999992,
          "is_produced_by": [],
          "is_consumed_by": [
            "db6a4147-41da-4ec4-9dc8-b727a3ee2089"
          ],
          "provenance__density": "dummy estimator based on mw",
          "provenance__is_consumed_by": null,
          "provenance__is_produced_by": null,
          "provenance__mass": null,
          "provenance__molecular_weight": "periodic table",
          "provenance__smiles": null,
          "provenance__state_of_matter": "dummy estimator based on mw"
        }
      ],
      "reagents": [
        {
          "identifier": "57058705-b351-4986-908e-a8bbd0b2e8bd",
          "smiles": "C1CCOC1",
          "state_of_matter": "LIQUID",
          "molecular_weight": 72.10572000000005,
          "density": 1.0,
          "mass": 72.10572000000005,
          "is_produced_by": [],
          "is_consumed_by": [
            "db6a4147-41da-4ec4-9dc8-b727a3ee2089"
          ],
          "provenance__density": "dummy estimator based on mw",
          "provenance__is_consumed_by": null,
          "provenance__is_produced_by": null,
          "provenance__mass": null,
          "provenance__molecular_weight": "periodic table",
          "provenance__smiles": null,
          "provenance__state_of_matter": "dummy estimator based on mw"
        },
        {
          "identifier": "9bdaa8aa-3a9e-4cb6-b222-33e8a14c908d",
          "smiles": "c1ccc(P(c2ccccc2)c2ccccc2)cc1",
          "state_of_matter": "SOLID",
          "molecular_weight": 262.28546099999994,
          "density": 1.4,
          "mass": 262.28546099999994,
          "is_produced_by": [],
          "is_consumed_by": [
            "db6a4147-41da-4ec4-9dc8-b727a3ee2089"
          ],
          "provenance__density": "dummy estimator based on mw",
          "provenance__is_consumed_by": null,
          "provenance__is_produced_by": null,
          "provenance__mass": null,
          "provenance__molecular_weight": "periodic table",
          "provenance__smiles": null,
          "provenance__state_of_matter": "dummy estimator based on mw"
        },
        {
          "identifier": "0a4182ec-19c6-40d1-ad56-bc8eb0a9e55c",
          "smiles": "CCOC(=O)N=NC(=O)OCC",
          "state_of_matter": "LIQUID",
          "molecular_weight": 174.1545999999999,
          "density": 1.0,
          "mass": 174.1545999999999,
          "is_produced_by": [],
          "is_consumed_by": [
            "db6a4147-41da-4ec4-9dc8-b727a3ee2089"
          ],
          "provenance__density": "dummy estimator based on mw",
          "provenance__is_consumed_by": null,
          "provenance__is_produced_by": null,
          "provenance__mass": null,
          "provenance__molecular_weight": "periodic table",
          "provenance__smiles": null,
          "provenance__state_of_matter": "dummy estimator based on mw"
        }
      ],
      "products": [
        {
          "identifier": "c31fd911-7099-4e41-a65f-ce6c5dcbaad7",
          "smiles": "CSc1ccc(OCc2ncc([N+](=O)[O-])n2C)cc1",
          "state_of_matter": "SOLID",
          "molecular_weight": 280.3228600000002,
          "density": 1.4,
          "mass": 280.3228600000002,
          "is_produced_by": [
            "db6a4147-41da-4ec4-9dc8-b727a3ee2089"
          ],
          "is_consumed_by": [],
          "provenance__density": "dummy estimator based on mw",
          "provenance__is_consumed_by": null,
          "provenance__is_produced_by": null,
          "provenance__mass": null,
          "provenance__molecular_weight": "periodic table",
          "provenance__smiles": null,
          "provenance__state_of_matter": "dummy estimator based on mw"
        }
      ],
      "stoichiometry": {
        "10899d2f-d296-493a-a4ad-fefb55c7b0ea": 1.0,
        "7823b20d-7c57-44c1-a5d3-618c9308a1e7": 1.0,
        "c31fd911-7099-4e41-a65f-ce6c5dcbaad7": -1.0
      },
      "temperature": 283.99080734252925,
      "intended_ratios": {
        "10899d2f-d296-493a-a4ad-fefb55c7b0ea": 1.0,
        "7823b20d-7c57-44c1-a5d3-618c9308a1e7": 1.0,
        "57058705-b351-4986-908e-a8bbd0b2e8bd": 1.0,
        "9bdaa8aa-3a9e-4cb6-b222-33e8a14c908d": 1.0,
        "0a4182ec-19c6-40d1-ad56-bc8eb0a9e55c": 1.0
      },
      "expected_yields": {
        "c31fd911-7099-4e41-a65f-ce6c5dcbaad7": 1.0
      },
      "reaction_extent": 1.0
    },
    {
      "identifier": "abedb7fc-518d-4581-9764-86da114d5ffb",
      "reactants": [
        {
          "identifier": "4b8ad18e-cae7-4423-8308-f2397af1492e",
          "smiles": "Cc1ccc(S(=O)(=O)Cl)cc1",
          "state_of_matter": "LIQUID",
          "molecular_weight": 190.64727999999988,
          "density": 1.0,
          "mass": 190.64727999999988,
          "is_produced_by": [],
          "is_consumed_by": [
            "abedb7fc-518d-4581-9764-86da114d5ffb"
          ],
          "provenance__density": "dummy estimator based on mw",
          "provenance__is_consumed_by": null,
          "provenance__is_produced_by": null,
          "provenance__mass": null,
          "provenance__molecular_weight": "periodic table",
          "provenance__smiles": null,
          "provenance__state_of_matter": "dummy estimator based on mw"
        },
        {
          "identifier": "a36fae56-3f60-4c83-8795-fa8d1d2344af",
          "smiles": "Clc1cnc2[nH]cc(Cc3ccc(Cl)nc3)c2c1",
          "state_of_matter": "SOLID",
          "molecular_weight": 278.13666000000006,
          "density": 1.4,
          "mass": 278.13666000000006,
          "is_produced_by": [],
          "is_consumed_by": [
            "abedb7fc-518d-4581-9764-86da114d5ffb"
          ],
          "provenance__density": "dummy estimator based on mw",
          "provenance__is_consumed_by": null,
          "provenance__is_produced_by": null,
          "provenance__mass": null,
          "provenance__molecular_weight": "periodic table",
          "provenance__smiles": null,
          "provenance__state_of_matter": "dummy estimator based on mw"
        }
      ],
      "reagents": [
        {
          "identifier": "3c87a4e1-c308-47f5-bebc-7803545a4726",
          "smiles": "CN(C)C=O",
          "state_of_matter": "LIQUID",
          "molecular_weight": 73.09378000000004,
          "density": 1.0,
          "mass": 73.09378000000004,
          "is_produced_by": [],
          "is_consumed_by": [
            "abedb7fc-518d-4581-9764-86da114d5ffb"
          ],
          "provenance__density": "dummy estimator based on mw",
          "provenance__is_consumed_by": null,
          "provenance__is_produced_by": null,
          "provenance__mass": null,
          "provenance__molecular_weight": "periodic table",
          "provenance__smiles": null,
          "provenance__state_of_matter": "dummy estimator based on mw"
        },
        {
          "identifier": "a84d892d-11d3-4ffc-8cc5-8e76a3e15520",
          "smiles": "O",
          "state_of_matter": "LIQUID",
          "molecular_weight": 18.01528,
          "density": 1.0,
          "mass": 18.01528,
          "is_produced_by": [],
          "is_consumed_by": [
            "abedb7fc-518d-4581-9764-86da114d5ffb"
          ],
          "provenance__density": "dummy estimator based on mw",
          "provenance__is_consumed_by": null,
          "provenance__is_produced_by": null,
          "provenance__mass": null,
          "provenance__molecular_weight": "periodic table",
          "provenance__smiles": null,
          "provenance__state_of_matter": "dummy estimator based on mw"
        },
        {
          "identifier": "b9897b89-2ea6-4da0-b567-dc8526cd58a5",
          "smiles": "[NaH]",
          "state_of_matter": "SOLID",
          "molecular_weight": 23.99771,
          "density": 1.4,
          "mass": 23.99771,
          "is_produced_by": [],
          "is_consumed_by": [
            "abedb7fc-518d-4581-9764-86da114d5ffb"
          ],
          "provenance__density": "dummy estimator based on mw",
          "provenance__is_consumed_by": null,
          "provenance__is_produced_by": null,
          "provenance__mass": null,
          "provenance__molecular_weight": "periodic table",
          "provenance__smiles": null,
          "provenance__state_of_matter": "dummy estimator based on mw"
        }
      ],
      "products": [
        {
          "identifier": "55ddace8-b060-46e2-9ea6-6f06a92e64bb",
          "smiles": "Cc1ccc(S(=O)(=O)n2cc(Cc3ccc(Cl)nc3)c3cc(Cl)cnc32)cc1",
          "state_of_matter": "SOLID",
          "molecular_weight": 433.33094000000017,
          "density": 1.4,
          "mass": 433.33094000000017,
          "is_produced_by": [
            "abedb7fc-518d-4581-9764-86da114d5ffb"
          ],
          "is_consumed_by": [],
          "provenance__density": "dummy estimator based on mw",
          "provenance__is_consumed_by": null,
          "provenance__is_produced_by": null,
          "provenance__mass": null,
          "provenance__molecular_weight": "periodic table",
          "provenance__smiles": null,
          "provenance__state_of_matter": "dummy estimator based on mw"
        }
      ],
      "stoichiometry": {
        "4b8ad18e-cae7-4423-8308-f2397af1492e": 1.0,
        "a36fae56-3f60-4c83-8795-fa8d1d2344af": 1.0,
        "55ddace8-b060-46e2-9ea6-6f06a92e64bb": -1.0
      },
      "temperature": 294.0366781532764,
      "intended_ratios": {
        "4b8ad18e-cae7-4423-8308-f2397af1492e": 1.0,
        "a36fae56-3f60-4c83-8795-fa8d1d2344af": 1.0,
        "3c87a4e1-c308-47f5-bebc-7803545a4726": 1.0,
        "a84d892d-11d3-4ffc-8cc5-8e76a3e15520": 1.0,
        "b9897b89-2ea6-4da0-b567-dc8526cd58a5": 1.0
      },
      "expected_yields": {
        "55ddace8-b060-46e2-9ea6-6f06a92e64bb": 1.0
      },
      "reaction_extent": 1.0
    },
    {
      "identifier": "aca778e3-66ea-4fa0-80a5-0c98e935878d",
      "reactants": [
        {
          "identifier": "f719cef6-c284-4cfa-becf-d21b24934505",
          "smiles": "Cc1ccc(S(=O)(=O)n2cc(Cc3ccc(Cl)nc3)c3cc(Cl)cnc32)cc1",
          "state_of_matter": "SOLID",
          "molecular_weight": 433.33094000000017,
          "density": 1.4,
          "mass": 433.33094000000017,
          "is_produced_by": [],
          "is_consumed_by": [
            "aca778e3-66ea-4fa0-80a5-0c98e935878d"
          ],
          "provenance__density": "dummy estimator based on mw",
          "provenance__is_consumed_by": null,
          "provenance__is_produced_by": null,
          "provenance__mass": null,
          "provenance__molecular_weight": "periodic table",
          "provenance__smiles": null,
          "provenance__state_of_matter": "dummy estimator based on mw"
        }
      ],
      "reagents": [
        {
          "identifier": "ac20bb10-a204-4f4d-96ba-b862503797db",
          "smiles": "O=C(O)C(F)(F)F",
          "state_of_matter": "LIQUID",
          "molecular_weight": 114.0233496,
          "density": 1.0,
          "mass": 114.0233496,
          "is_produced_by": [],
          "is_consumed_by": [
            "aca778e3-66ea-4fa0-80a5-0c98e935878d"
          ],
          "provenance__density": "dummy estimator based on mw",
          "provenance__is_consumed_by": null,
          "provenance__is_produced_by": null,
          "provenance__mass": null,
          "provenance__molecular_weight": "periodic table",
          "provenance__smiles": null,
          "provenance__state_of_matter": "dummy estimator based on mw"
        }
      ],
      "products": [
        {
          "identifier": "b544c066-33ae-41fd-b993-5b8bd9cf97e7",
          "smiles": "Cc1ccc(S(=O)(=O)n2cc(Cc3ccc(N)nc3)c3cc(Cl)cnc32)cc1",
          "state_of_matter": "SOLID",
          "molecular_weight": 413.90052000000014,
          "density": 1.4,
          "mass": 413.90052000000014,
          "is_produced_by": [
            "aca778e3-66ea-4fa0-80a5-0c98e935878d"
          ],
          "is_consumed_by": [],
          "provenance__density": "dummy estimator based on mw",
          "provenance__is_consumed_by": null,
          "provenance__is_produced_by": null,
          "provenance__mass": null,
          "provenance__molecular_weight": "periodic table",
          "provenance__smiles": null,
          "provenance__state_of_matter": "dummy estimator based on mw"
        }
      ],
      "stoichiometry": {
        "f719cef6-c284-4cfa-becf-d21b24934505": 1.0,
        "b544c066-33ae-41fd-b993-5b8bd9cf97e7": -1.0
      },
      "temperature": 354.8695926904678,
      "intended_ratios": {
        "f719cef6-c284-4cfa-becf-d21b24934505": 1.0,
        "ac20bb10-a204-4f4d-96ba-b862503797db": 1.0
      },
      "expected_yields": {
        "b544c066-33ae-41fd-b993-5b8bd9cf97e7": 1.0
      },
      "reaction_extent": 1.0
    },
    {
      "identifier": "fa53d3c9-5677-4e8a-8d71-92e6cb30cac7",
      "reactants": [
        {
          "identifier": "5c7e65fc-024f-4f46-947d-44ebb49dbede",
          "smiles": "Cc1ccc(S(=O)(=O)n2cc(Cc3ccc(N)nc3)c3cc(Cl)cnc32)cc1",
          "state_of_matter": "SOLID",
          "molecular_weight": 413.90052000000014,
          "density": 1.4,
          "mass": 413.90052000000014,
          "is_produced_by": [],
          "is_consumed_by": [
            "fa53d3c9-5677-4e8a-8d71-92e6cb30cac7"
          ],
          "provenance__density": "dummy estimator based on mw",
          "provenance__is_consumed_by": null,
          "provenance__is_produced_by": null,
          "provenance__mass": null,
          "provenance__molecular_weight": "periodic table",
          "provenance__smiles": null,
          "provenance__state_of_matter": "dummy estimator based on mw"
        },
        {
          "identifier": "9917fbe9-1135-480a-aadd-aa6b6e343ec4",
          "smiles": "O=C(O)c1ccc(C(F)(F)F)nc1",
          "state_of_matter": "LIQUID",
          "molecular_weight": 191.10736959999997,
          "density": 1.0,
          "mass": 191.10736959999997,
          "is_produced_by": [],
          "is_consumed_by": [
            "fa53d3c9-5677-4e8a-8d71-92e6cb30cac7"
          ],
          "provenance__density": "dummy estimator based on mw",
          "provenance__is_consumed_by": null,
          "provenance__is_produced_by": null,
          "provenance__mass": null,
          "provenance__molecular_weight": "periodic table",
          "provenance__smiles": null,
          "provenance__state_of_matter": "dummy estimator based on mw"
        }
      ],
      "reagents": [
        {
          "identifier": "e0326ec1-f951-4998-9506-25a3430be26d",
          "smiles": "c1ccncc1",
          "state_of_matter": "LIQUID",
          "molecular_weight": 79.09990000000003,
          "density": 1.0,
          "mass": 79.09990000000003,
          "is_produced_by": [],
          "is_consumed_by": [
            "fa53d3c9-5677-4e8a-8d71-92e6cb30cac7"
          ],
          "provenance__density": "dummy estimator based on mw",
          "provenance__is_consumed_by": null,
          "provenance__is_produced_by": null,
          "provenance__mass": null,
          "provenance__molecular_weight": "periodic table",
          "provenance__smiles": null,
          "provenance__state_of_matter": "dummy estimator based on mw"
        },
        {
          "identifier": "bb4e5a64-e71c-4b1e-a01a-21a4cfb470c8",
          "smiles": "O=S(Cl)Cl",
          "state_of_matter": "LIQUID",
          "molecular_weight": 118.97040000000001,
          "density": 1.0,
          "mass": 118.97040000000001,
          "is_produced_by": [],
          "is_consumed_by": [
            "fa53d3c9-5677-4e8a-8d71-92e6cb30cac7"
          ],
          "provenance__density": "dummy estimator based on mw",
          "provenance__is_consumed_by": null,
          "provenance__is_produced_by": null,
          "provenance__mass": null,
          "provenance__molecular_weight": "periodic table",
          "provenance__smiles": null,
          "provenance__state_of_matter": "dummy estimator based on mw"
        }
      ],
      "products": [
        {
          "identifier": "bd2cddb1-e99a-41a7-91fb-754f421b5884",
          "smiles": "Cc1ccc(S(=O)(=O)n2cc(Cc3ccc(NC(=O)c4ccc(C(F)(F)F)nc4)nc3)c3cc(Cl)cnc32)cc1",
          "state_of_matter": "SOLID",
          "molecular_weight": 586.9926095999992,
          "density": 1.4,
          "mass": 586.9926095999992,
          "is_produced_by": [
            "fa53d3c9-5677-4e8a-8d71-92e6cb30cac7"
          ],
          "is_consumed_by": [],
          "provenance__density": "dummy estimator based on mw",
          "provenance__is_consumed_by": null,
          "provenance__is_produced_by": null,
          "provenance__mass": null,
          "provenance__molecular_weight": "periodic table",
          "provenance__smiles": null,
          "provenance__state_of_matter": "dummy estimator based on mw"
        }
      ],
      "stoichiometry": {
        "5c7e65fc-024f-4f46-947d-44ebb49dbede": 1.0,
        "9917fbe9-1135-480a-aadd-aa6b6e343ec4": 1.0,
        "bd2cddb1-e99a-41a7-91fb-754f421b5884": -1.0
      },
      "temperature": 328.6723099887371,
      "intended_ratios": {
        "5c7e65fc-024f-4f46-947d-44ebb49dbede": 1.0,
        "9917fbe9-1135-480a-aadd-aa6b6e343ec4": 1.0,
        "e0326ec1-f951-4998-9506-25a3430be26d": 1.0,
        "bb4e5a64-e71c-4b1e-a01a-21a4cfb470c8": 1.0
      },
      "expected_yields": {
        "bd2cddb1-e99a-41a7-91fb-754f421b5884": 1.0
      },
      "reaction_extent": 1.0
    },
    {
      "identifier": "c3902eb4-3bfb-495a-9552-8390287bf183",
      "reactants": [
        {
          "identifier": "0b121d52-cad0-4492-a1ef-9a2d392b6f5e",
          "smiles": "Cc1ccc(S(=O)(=O)n2cc(Cc3ccc(NC(=O)c4ccc(C(F)(F)F)nc4)nc3)c3cc(Cl)cnc32)cc1",
          "state_of_matter": "SOLID",
          "molecular_weight": 586.9926095999992,
          "density": 1.4,
          "mass": 586.9926095999992,
          "is_produced_by": [],
          "is_consumed_by": [
            "c3902eb4-3bfb-495a-9552-8390287bf183"
          ],
          "provenance__density": "dummy estimator based on mw",
          "provenance__is_consumed_by": null,
          "provenance__is_produced_by": null,
          "provenance__mass": null,
          "provenance__molecular_weight": "periodic table",
          "provenance__smiles": null,
          "provenance__state_of_matter": "dummy estimator based on mw"
        }
      ],
      "reagents": [
        {
          "identifier": "2aaaacd8-59ba-45ba-9e5e-218e1b347657",
          "smiles": "O",
          "state_of_matter": "LIQUID",
          "molecular_weight": 18.01528,
          "density": 1.0,
          "mass": 18.01528,
          "is_produced_by": [],
          "is_consumed_by": [
            "c3902eb4-3bfb-495a-9552-8390287bf183"
          ],
          "provenance__density": "dummy estimator based on mw",
          "provenance__is_consumed_by": null,
          "provenance__is_produced_by": null,
          "provenance__mass": null,
          "provenance__molecular_weight": "periodic table",
          "provenance__smiles": null,
          "provenance__state_of_matter": "dummy estimator based on mw"
        },
        {
          "identifier": "081229c6-4c71-4587-9166-70653038ed52",
          "smiles": "C1CCOC1",
          "state_of_matter": "LIQUID",
          "molecular_weight": 72.10572000000005,
          "density": 1.0,
          "mass": 72.10572000000005,
          "is_produced_by": [],
          "is_consumed_by": [
            "c3902eb4-3bfb-495a-9552-8390287bf183"
          ],
          "provenance__density": "dummy estimator based on mw",
          "provenance__is_consumed_by": null,
          "provenance__is_produced_by": null,
          "provenance__mass": null,
          "provenance__molecular_weight": "periodic table",
          "provenance__smiles": null,
          "provenance__state_of_matter": "dummy estimator based on mw"
        },
        {
          "identifier": "f83dcc51-b8d9-4d62-b8fe-29376046a0a9",
          "smiles": "CCCC[N+](CCCC)(CCCC)CCCC.[F-]",
          "state_of_matter": "SOLID",
          "molecular_weight": 261.46214319999973,
          "density": 1.4,
          "mass": 261.46214319999973,
          "is_produced_by": [],
          "is_consumed_by": [
            "c3902eb4-3bfb-495a-9552-8390287bf183"
          ],
          "provenance__density": "dummy estimator based on mw",
          "provenance__is_consumed_by": null,
          "provenance__is_produced_by": null,
          "provenance__mass": null,
          "provenance__molecular_weight": "periodic table",
          "provenance__smiles": null,
          "provenance__state_of_matter": "dummy estimator based on mw"
        }
      ],
      "products": [
        {
          "identifier": "774b1435-50a0-476d-9695-11c2e5bedf50",
          "smiles": "O=C(Nc1ccc(Cc2c[nH]c3ncc(Cl)cc23)cn1)c1ccc(C(F)(F)F)nc1",
          "state_of_matter": "SOLID",
          "molecular_weight": 431.79832960000016,
          "density": 1.4,
          "mass": 431.79832960000016,
          "is_produced_by": [
            "c3902eb4-3bfb-495a-9552-8390287bf183"
          ],
          "is_consumed_by": [],
          "provenance__density": "dummy estimator based on mw",
          "provenance__is_consumed_by": null,
          "provenance__is_produced_by": null,
          "provenance__mass": null,
          "provenance__molecular_weight": "periodic table",
          "provenance__smiles": null,
          "provenance__state_of_matter": "dummy estimator based on mw"
        }
      ],
      "stoichiometry": {
        "0b121d52-cad0-4492-a1ef-9a2d392b6f5e": 1.0,
        "774b1435-50a0-476d-9695-11c2e5bedf50": -1.0
      },
      "temperature": 316.97248406410216,
      "intended_ratios": {
        "0b121d52-cad0-4492-a1ef-9a2d392b6f5e": 1.0,
        "2aaaacd8-59ba-45ba-9e5e-218e1b347657": 1.0,
        "081229c6-4c71-4587-9166-70653038ed52": 1.0,
        "f83dcc51-b8d9-4d62-b8fe-29376046a0a9": 1.0
      },
      "expected_yields": {
        "774b1435-50a0-476d-9695-11c2e5bedf50": 1.0
      },
      "reaction_extent": 1.0
    },
    {
      "identifier": "b71c7836-7c6c-4cb0-b367-61004fe58852",
      "reactants": [
        {
          "identifier": "0678d96d-bd5c-49ab-a948-b469676b8e30",
          "smiles": "Clc1cnc2[nH]ccc2c1",
          "state_of_matter": "LIQUID",
          "molecular_weight": 152.58099999999993,
          "density": 1.0,
          "mass": 152.58099999999993,
          "is_produced_by": [],
          "is_consumed_by": [
            "b71c7836-7c6c-4cb0-b367-61004fe58852"
          ],
          "provenance__density": "dummy estimator based on mw",
          "provenance__is_consumed_by": null,
          "provenance__is_produced_by": null,
          "provenance__mass": null,
          "provenance__molecular_weight": "periodic table",
          "provenance__smiles": null,
          "provenance__state_of_matter": "dummy estimator based on mw"
        },
        {
          "identifier": "42341760-1315-4e32-b905-f1741c8c9be4",
          "smiles": "O=Cc1ccc(Cl)nc1",
          "state_of_matter": "LIQUID",
          "molecular_weight": 141.55505999999997,
          "density": 1.0,
          "mass": 141.55505999999997,
          "is_produced_by": [],
          "is_consumed_by": [
            "b71c7836-7c6c-4cb0-b367-61004fe58852"
          ],
          "provenance__density": "dummy estimator based on mw",
          "provenance__is_consumed_by": null,
          "provenance__is_produced_by": null,
          "provenance__mass": null,
          "provenance__molecular_weight": "periodic table",
          "provenance__smiles": null,
          "provenance__state_of_matter": "dummy estimator based on mw"
        }
      ],
      "reagents": [
        {
          "identifier": "ced8ea48-cd88-447f-841d-b44cde9e5838",
          "smiles": "CO",
          "state_of_matter": "LIQUID",
          "molecular_weight": 32.04186000000001,
          "density": 1.0,
          "mass": 32.04186000000001,
          "is_produced_by": [],
          "is_consumed_by": [
            "b71c7836-7c6c-4cb0-b367-61004fe58852"
          ],
          "provenance__density": "dummy estimator based on mw",
          "provenance__is_consumed_by": null,
          "provenance__is_produced_by": null,
          "provenance__mass": null,
          "provenance__molecular_weight": "periodic table",
          "provenance__smiles": null,
          "provenance__state_of_matter": "dummy estimator based on mw"
        },
        {
          "identifier": "aa487acf-d0fc-43d8-aa98-c8fe96b4a412",
          "smiles": "O",
          "state_of_matter": "LIQUID",
          "molecular_weight": 18.01528,
          "density": 1.0,
          "mass": 18.01528,
          "is_produced_by": [],
          "is_consumed_by": [
            "b71c7836-7c6c-4cb0-b367-61004fe58852"
          ],
          "provenance__density": "dummy estimator based on mw",
          "provenance__is_consumed_by": null,
          "provenance__is_produced_by": null,
          "provenance__mass": null,
          "provenance__molecular_weight": "periodic table",
          "provenance__smiles": null,
          "provenance__state_of_matter": "dummy estimator based on mw"
        },
        {
          "identifier": "3eae6edf-4f34-428b-9bc0-de6602f84f41",
          "smiles": "O[K]",
          "state_of_matter": "SOLID",
          "molecular_weight": 56.10564,
          "density": 1.4,
          "mass": 56.10564,
          "is_produced_by": [],
          "is_consumed_by": [
            "b71c7836-7c6c-4cb0-b367-61004fe58852"
          ],
          "provenance__density": "dummy estimator based on mw",
          "provenance__is_consumed_by": null,
          "provenance__is_produced_by": null,
          "provenance__mass": null,
          "provenance__molecular_weight": "periodic table",
          "provenance__smiles": null,
          "provenance__state_of_matter": "dummy estimator based on mw"
        }
      ],
      "products": [
        {
          "identifier": "ecd40864-68fd-4636-82c0-e35f70dc69c6",
          "smiles": "OC(c1ccc(Cl)nc1)c1c[nH]c2ncc(Cl)cc12",
          "state_of_matter": "SOLID",
          "molecular_weight": 294.1360600000001,
          "density": 1.4,
          "mass": 294.1360600000001,
          "is_produced_by": [
            "b71c7836-7c6c-4cb0-b367-61004fe58852"
          ],
          "is_consumed_by": [],
          "provenance__density": "dummy estimator based on mw",
          "provenance__is_consumed_by": null,
          "provenance__is_produced_by": null,
          "provenance__mass": null,
          "provenance__molecular_weight": "periodic table",
          "provenance__smiles": null,
          "provenance__state_of_matter": "dummy estimator based on mw"
        }
      ],
      "stoichiometry": {
        "0678d96d-bd5c-49ab-a948-b469676b8e30": 1.0,
        "42341760-1315-4e32-b905-f1741c8c9be4": 1.0,
        "ecd40864-68fd-4636-82c0-e35f70dc69c6": -1.0
      },
      "temperature": 281.2925557672977,
      "intended_ratios": {
        "0678d96d-bd5c-49ab-a948-b469676b8e30": 1.0,
        "42341760-1315-4e32-b905-f1741c8c9be4": 1.0,
        "ced8ea48-cd88-447f-841d-b44cde9e5838": 1.0,
        "aa487acf-d0fc-43d8-aa98-c8fe96b4a412": 1.0,
        "3eae6edf-4f34-428b-9bc0-de6602f84f41": 1.0
      },
      "expected_yields": {
        "ecd40864-68fd-4636-82c0-e35f70dc69c6": 1.0
      },
      "reaction_extent": 1.0
    },
    {
      "identifier": "48846a00-a0b1-47d0-84e8-8f9d37a6eb51",
      "reactants": [
        {
          "identifier": "6bc94427-c748-43e4-bcc0-3ad2b0c753da",
          "smiles": "O=C(Nc1ccc(Cc2c[nH]c3ncc(Cl)cc23)cn1)c1ccc(C(F)(F)F)nc1",
          "state_of_matter": "SOLID",
          "molecular_weight": 431.79832960000016,
          "density": 1.4,
          "mass": 431.79832960000016,
          "is_produced_by": [],
          "is_consumed_by": [
            "48846a00-a0b1-47d0-84e8-8f9d37a6eb51"
          ],
          "provenance__density": "dummy estimator based on mw",
          "provenance__is_consumed_by": null,
          "provenance__is_produced_by": null,
          "provenance__mass": null,
          "provenance__molecular_weight": "periodic table",
          "provenance__smiles": null,
          "provenance__state_of_matter": "dummy estimator based on mw"
        }
      ],
      "reagents": [
        {
          "identifier": "da81b19b-faeb-4db7-b414-286d4ecd1cac",
          "smiles": "CC#N",
          "state_of_matter": "LIQUID",
          "molecular_weight": 41.051919999999996,
          "density": 1.0,
          "mass": 41.051919999999996,
          "is_produced_by": [],
          "is_consumed_by": [
            "48846a00-a0b1-47d0-84e8-8f9d37a6eb51"
          ],
          "provenance__density": "dummy estimator based on mw",
          "provenance__is_consumed_by": null,
          "provenance__is_produced_by": null,
          "provenance__mass": null,
          "provenance__molecular_weight": "periodic table",
          "provenance__smiles": null,
          "provenance__state_of_matter": "dummy estimator based on mw"
        },
        {
          "identifier": "453baeda-adca-4591-b964-8beb7b1519d8",
          "smiles": "O=C(O)C(F)(F)F",
          "state_of_matter": "LIQUID",
          "molecular_weight": 114.0233496,
          "density": 1.0,
          "mass": 114.0233496,
          "is_produced_by": [],
          "is_consumed_by": [
            "48846a00-a0b1-47d0-84e8-8f9d37a6eb51"
          ],
          "provenance__density": "dummy estimator based on mw",
          "provenance__is_consumed_by": null,
          "provenance__is_produced_by": null,
          "provenance__mass": null,
          "provenance__molecular_weight": "periodic table",
          "provenance__smiles": null,
          "provenance__state_of_matter": "dummy estimator based on mw"
        },
        {
          "identifier": "a0edf887-c9dd-4744-8290-9046f6551043",
          "smiles": "CC[SiH](CC)CC",
          "state_of_matter": "LIQUID",
          "molecular_weight": 116.27674000000007,
          "density": 1.0,
          "mass": 116.27674000000007,
          "is_produced_by": [],
          "is_consumed_by": [
            "48846a00-a0b1-47d0-84e8-8f9d37a6eb51"
          ],
          "provenance__density": "dummy estimator based on mw",
          "provenance__is_consumed_by": null,
          "provenance__is_produced_by": null,
          "provenance__mass": null,
          "provenance__molecular_weight": "periodic table",
          "provenance__smiles": null,
          "provenance__state_of_matter": "dummy estimator based on mw"
        }
      ],
      "products": [
        {
          "identifier": "05bb7419-527e-472a-8c29-a8643308a9a4",
          "smiles": "FC(F)(F)c1ccc(CNc2ccc(Cc3c[nH]c4ncc(Cl)cc34)cn2)cn1",
          "state_of_matter": "SOLID",
          "molecular_weight": 417.81480960000016,
          "density": 1.4,
          "mass": 417.81480960000016,
          "is_produced_by": [
            "48846a00-a0b1-47d0-84e8-8f9d37a6eb51"
          ],
          "is_consumed_by": [],
          "provenance__density": "dummy estimator based on mw",
          "provenance__is_consumed_by": null,
          "provenance__is_produced_by": null,
          "provenance__mass": null,
          "provenance__molecular_weight": "periodic table",
          "provenance__smiles": null,
          "provenance__state_of_matter": "dummy estimator based on mw"
        }
      ],
      "stoichiometry": {
        "6bc94427-c748-43e4-bcc0-3ad2b0c753da": 1.0,
        "05bb7419-527e-472a-8c29-a8643308a9a4": -1.0
      },
      "temperature": 327.5941164672374,
      "intended_ratios": {
        "6bc94427-c748-43e4-bcc0-3ad2b0c753da": 1.0,
        "da81b19b-faeb-4db7-b414-286d4ecd1cac": 1.0,
        "453baeda-adca-4591-b964-8beb7b1519d8": 1.0,
        "a0edf887-c9dd-4744-8290-9046f6551043": 1.0
      },
      "expected_yields": {
        "05bb7419-527e-472a-8c29-a8643308a9a4": 1.0
      },
      "reaction_extent": 1.0
    },
    {
      "identifier": "b33b8091-368c-4cd2-9c5c-6079917f7085",
      "reactants": [
        {
          "identifier": "731ed371-0377-408d-b58b-9c7dff89b6b0",
          "smiles": "OC(c1ccc(Cl)nc1)c1c[nH]c2ncc(Cl)cc12",
          "state_of_matter": "SOLID",
          "molecular_weight": 294.1360600000001,
          "density": 1.4,
          "mass": 294.1360600000001,
          "is_produced_by": [],
          "is_consumed_by": [
            "b33b8091-368c-4cd2-9c5c-6079917f7085"
          ],
          "provenance__density": "dummy estimator based on mw",
          "provenance__is_consumed_by": null,
          "provenance__is_produced_by": null,
          "provenance__mass": null,
          "provenance__molecular_weight": "periodic table",
          "provenance__smiles": null,
          "provenance__state_of_matter": "dummy estimator based on mw"
        }
      ],
      "reagents": [
        {
          "identifier": "0cac135c-28bf-4f30-ba1d-89decca0c89e",
          "smiles": "CC#N",
          "state_of_matter": "LIQUID",
          "molecular_weight": 41.051919999999996,
          "density": 1.0,
          "mass": 41.051919999999996,
          "is_produced_by": [],
          "is_consumed_by": [
            "b33b8091-368c-4cd2-9c5c-6079917f7085"
          ],
          "provenance__density": "dummy estimator based on mw",
          "provenance__is_consumed_by": null,
          "provenance__is_produced_by": null,
          "provenance__mass": null,
          "provenance__molecular_weight": "periodic table",
          "provenance__smiles": null,
          "provenance__state_of_matter": "dummy estimator based on mw"
        },
        {
          "identifier": "454fa238-a49d-422d-b746-aef020238dec",
          "smiles": "O=C(O)C(F)(F)F",
          "state_of_matter": "LIQUID",
          "molecular_weight": 114.0233496,
          "density": 1.0,
          "mass": 114.0233496,
          "is_produced_by": [],
          "is_consumed_by": [
            "b33b8091-368c-4cd2-9c5c-6079917f7085"
          ],
          "provenance__density": "dummy estimator based on mw",
          "provenance__is_consumed_by": null,
          "provenance__is_produced_by": null,
          "provenance__mass": null,
          "provenance__molecular_weight": "periodic table",
          "provenance__smiles": null,
          "provenance__state_of_matter": "dummy estimator based on mw"
        },
        {
          "identifier": "e951d81a-5128-4e11-abef-cb3bea49630e",
          "smiles": "CC[SiH](CC)CC",
          "state_of_matter": "LIQUID",
          "molecular_weight": 116.27674000000007,
          "density": 1.0,
          "mass": 116.27674000000007,
          "is_produced_by": [],
          "is_consumed_by": [
            "b33b8091-368c-4cd2-9c5c-6079917f7085"
          ],
          "provenance__density": "dummy estimator based on mw",
          "provenance__is_consumed_by": null,
          "provenance__is_produced_by": null,
          "provenance__mass": null,
          "provenance__molecular_weight": "periodic table",
          "provenance__smiles": null,
          "provenance__state_of_matter": "dummy estimator based on mw"
        }
      ],
      "products": [
        {
          "identifier": "6c65ae77-5c54-4a51-92b6-2e7688790804",
          "smiles": "Clc1cnc2[nH]cc(Cc3ccc(Cl)nc3)c2c1",
          "state_of_matter": "SOLID",
          "molecular_weight": 278.13666000000006,
          "density": 1.4,
          "mass": 278.13666000000006,
          "is_produced_by": [
            "b33b8091-368c-4cd2-9c5c-6079917f7085"
          ],
          "is_consumed_by": [],
          "provenance__density": "dummy estimator based on mw",
          "provenance__is_consumed_by": null,
          "provenance__is_produced_by": null,
          "provenance__mass": null,
          "provenance__molecular_weight": "periodic table",
          "provenance__smiles": null,
          "provenance__state_of_matter": "dummy estimator based on mw"
        }
      ],
      "stoichiometry": {
        "731ed371-0377-408d-b58b-9c7dff89b6b0": 1.0,
        "6c65ae77-5c54-4a51-92b6-2e7688790804": -1.0
      },
      "temperature": 307.97120277285575,
      "intended_ratios": {
        "731ed371-0377-408d-b58b-9c7dff89b6b0": 1.0,
        "0cac135c-28bf-4f30-ba1d-89decca0c89e": 1.0,
        "454fa238-a49d-422d-b746-aef020238dec": 1.0,
        "e951d81a-5128-4e11-abef-cb3bea49630e": 1.0
      },
      "expected_yields": {
        "6c65ae77-5c54-4a51-92b6-2e7688790804": 1.0
      },
      "reaction_extent": 1.0
    }
  ],
  "molecular_nodes": [
    "C1CCOC1",
    "CC#N",
    "CCCC[N+](CCCC)(CCCC)CCCC.[F-]",
    "CCOC(=O)N=NC(=O)OCC",
    "CC[SiH](CC)CC",
    "CN(C)C=O",
    "CO",
    "CSc1ccc(O)cc1",
    "CSc1ccc(OCc2ncc([N+](=O)[O-])n2C)cc1",
    "Cc1ccc(S(=O)(=O)Cl)cc1",
    "Cc1ccc(S(=O)(=O)n2cc(Cc3ccc(Cl)nc3)c3cc(Cl)cnc32)cc1",
    "Cc1ccc(S(=O)(=O)n2cc(Cc3ccc(N)nc3)c3cc(Cl)cnc32)cc1",
    "Cc1ccc(S(=O)(=O)n2cc(Cc3ccc(NC(=O)c4ccc(C(F)(F)F)nc4)nc3)c3cc(Cl)cnc32)cc1",
    "Clc1cnc2[nH]cc(Cc3ccc(Cl)nc3)c2c1",
    "Clc1cnc2[nH]ccc2c1",
    "Cn1c([N+](=O)[O-])cnc1CO",
    "FC(F)(F)c1ccc(CNc2ccc(Cc3c[nH]c4ncc(Cl)cc34)cn2)cn1",
    "O",
    "O=C(Nc1ccc(Cc2c[nH]c3ncc(Cl)cc23)cn1)c1ccc(C(F)(F)F)nc1",
    "O=C(O)C(F)(F)F",
    "O=C(O)c1ccc(C(F)(F)F)nc1",
    "O=Cc1ccc(Cl)nc1",
    "O=S(Cl)Cl",
    "OC(c1ccc(Cl)nc1)c1c[nH]c2ncc(Cl)cc12",
    "O[K]",
    "[NaH]",
    "c1ccc(P(c2ccccc2)c2ccccc2)cc1",
    "c1ccncc1"
  ],
  "edges": [
    [
      "48846a00-a0b1-47d0-84e8-8f9d37a6eb51",
      "FC(F)(F)c1ccc(CNc2ccc(Cc3c[nH]c4ncc(Cl)cc34)cn2)cn1"
    ],
    [
      "C1CCOC1",
      "c3902eb4-3bfb-495a-9552-8390287bf183"
    ],
    [
      "C1CCOC1",
      "db6a4147-41da-4ec4-9dc8-b727a3ee2089"
    ],
    [
      "CC#N",
      "48846a00-a0b1-47d0-84e8-8f9d37a6eb51"
    ],
    [
      "CC#N",
      "b33b8091-368c-4cd2-9c5c-6079917f7085"
    ],
    [
      "CCCC[N+](CCCC)(CCCC)CCCC.[F-]",
      "c3902eb4-3bfb-495a-9552-8390287bf183"
    ],
    [
      "CCOC(=O)N=NC(=O)OCC",
      "db6a4147-41da-4ec4-9dc8-b727a3ee2089"
    ],
    [
      "CC[SiH](CC)CC",
      "48846a00-a0b1-47d0-84e8-8f9d37a6eb51"
    ],
    [
      "CC[SiH](CC)CC",
      "b33b8091-368c-4cd2-9c5c-6079917f7085"
    ],
    [
      "CN(C)C=O",
      "abedb7fc-518d-4581-9764-86da114d5ffb"
    ],
    [
      "CO",
      "b71c7836-7c6c-4cb0-b367-61004fe58852"
    ],
    [
      "CSc1ccc(O)cc1",
      "db6a4147-41da-4ec4-9dc8-b727a3ee2089"
    ],
    [
      "Cc1ccc(S(=O)(=O)Cl)cc1",
      "abedb7fc-518d-4581-9764-86da114d5ffb"
    ],
    [
      "Cc1ccc(S(=O)(=O)n2cc(Cc3ccc(Cl)nc3)c3cc(Cl)cnc32)cc1",
      "aca778e3-66ea-4fa0-80a5-0c98e935878d"
    ],
    [
      "Cc1ccc(S(=O)(=O)n2cc(Cc3ccc(N)nc3)c3cc(Cl)cnc32)cc1",
      "fa53d3c9-5677-4e8a-8d71-92e6cb30cac7"
    ],
    [
      "Cc1ccc(S(=O)(=O)n2cc(Cc3ccc(NC(=O)c4ccc(C(F)(F)F)nc4)nc3)c3cc(Cl)cnc32)cc1",
      "c3902eb4-3bfb-495a-9552-8390287bf183"
    ],
    [
      "Clc1cnc2[nH]cc(Cc3ccc(Cl)nc3)c2c1",
      "abedb7fc-518d-4581-9764-86da114d5ffb"
    ],
    [
      "Clc1cnc2[nH]ccc2c1",
      "b71c7836-7c6c-4cb0-b367-61004fe58852"
    ],
    [
      "Cn1c([N+](=O)[O-])cnc1CO",
      "db6a4147-41da-4ec4-9dc8-b727a3ee2089"
    ],
    [
      "O",
      "abedb7fc-518d-4581-9764-86da114d5ffb"
    ],
    [
      "O",
      "b71c7836-7c6c-4cb0-b367-61004fe58852"
    ],
    [
      "O",
      "c3902eb4-3bfb-495a-9552-8390287bf183"
    ],
    [
      "O=C(Nc1ccc(Cc2c[nH]c3ncc(Cl)cc23)cn1)c1ccc(C(F)(F)F)nc1",
      "48846a00-a0b1-47d0-84e8-8f9d37a6eb51"
    ],
    [
      "O=C(O)C(F)(F)F",
      "48846a00-a0b1-47d0-84e8-8f9d37a6eb51"
    ],
    [
      "O=C(O)C(F)(F)F",
      "aca778e3-66ea-4fa0-80a5-0c98e935878d"
    ],
    [
      "O=C(O)C(F)(F)F",
      "b33b8091-368c-4cd2-9c5c-6079917f7085"
    ],
    [
      "O=C(O)c1ccc(C(F)(F)F)nc1",
      "fa53d3c9-5677-4e8a-8d71-92e6cb30cac7"
    ],
    [
      "O=Cc1ccc(Cl)nc1",
      "b71c7836-7c6c-4cb0-b367-61004fe58852"
    ],
    [
      "O=S(Cl)Cl",
      "fa53d3c9-5677-4e8a-8d71-92e6cb30cac7"
    ],
    [
      "OC(c1ccc(Cl)nc1)c1c[nH]c2ncc(Cl)cc12",
      "b33b8091-368c-4cd2-9c5c-6079917f7085"
    ],
    [
      "O[K]",
      "b71c7836-7c6c-4cb0-b367-61004fe58852"
    ],
    [
      "[NaH]",
      "abedb7fc-518d-4581-9764-86da114d5ffb"
    ],
    [
      "abedb7fc-518d-4581-9764-86da114d5ffb",
      "Cc1ccc(S(=O)(=O)n2cc(Cc3ccc(Cl)nc3)c3cc(Cl)cnc32)cc1"
    ],
    [
      "aca778e3-66ea-4fa0-80a5-0c98e935878d",
      "Cc1ccc(S(=O)(=O)n2cc(Cc3ccc(N)nc3)c3cc(Cl)cnc32)cc1"
    ],
    [
      "b33b8091-368c-4cd2-9c5c-6079917f7085",
      "Clc1cnc2[nH]cc(Cc3ccc(Cl)nc3)c2c1"
    ],
    [
      "b71c7836-7c6c-4cb0-b367-61004fe58852",
      "OC(c1ccc(Cl)nc1)c1c[nH]c2ncc(Cl)cc12"
    ],
    [
      "c1ccc(P(c2ccccc2)c2ccccc2)cc1",
      "db6a4147-41da-4ec4-9dc8-b727a3ee2089"
    ],
    [
      "c1ccncc1",
      "fa53d3c9-5677-4e8a-8d71-92e6cb30cac7"
    ],
    [
      "c3902eb4-3bfb-495a-9552-8390287bf183",
      "O=C(Nc1ccc(Cc2c[nH]c3ncc(Cl)cc23)cn1)c1ccc(C(F)(F)F)nc1"
    ],
    [
      "db6a4147-41da-4ec4-9dc8-b727a3ee2089",
      "CSc1ccc(OCc2ncc([N+](=O)[O-])n2C)cc1"
    ],
    [
      "fa53d3c9-5677-4e8a-8d71-92e6cb30cac7",
      "Cc1ccc(S(=O)(=O)n2cc(Cc3ccc(NC(=O)c4ccc(C(F)(F)F)nc4)nc3)c3cc(Cl)cnc32)cc1"
    ]
  ]
}