{
  "identifier": "c95c5f7f-db59-40ff-843c-f75f0ab78a39",
  "chemical_reactions": [
    {
      "identifier": "b038c2d0-c45c-4ee0-a2c3-4d2ba76ef1f8",
      "reactants": [
        {
          "identifier": "7342813b-bd9d-469b-82e1-0c837d95d4cc",
          "smiles": "Brc1ccc(CN2CCOCC2)cc1",
          "state_of_matter": "SOLID",
          "molecular_weight": 256.1389599999998,
          "density": 1.4,
          "mass": 256.1389599999998,
          "is_produced_by": [],
          "is_consumed_by": [
            "b038c2d0-c45c-4ee0-a2c3-4d2ba76ef1f8"
          ],
          "provenance__density": "dummy estimator based on mw",
          "provenance__is_consumed_by": null,
          "provenance__is_produced_by": null,
          "provenance__mass": null,
          "provenance__molecular_weight": "periodic table",
          "provenance__smiles": null,
          "provenance__state_of_matter": "dummy estimator based on mw"
        },
        {
          "identifier": "3a8a6f10-8733-481c-b5e1-24b2ad12c2e2",
          "smiles": "CCN(c1cc(B(O)O)cc(C(=O)NCc2c(C)cc(C)[nH]c2=O)c1C)C1CCOCC1",
          "state_of_matter": "SOLID",
          "molecular_weight": 441.32828000000035,
          "density": 1.4,
          "mass": 441.32828000000035,
          "is_produced_by": [],
          "is_consumed_by": [
            "b038c2d0-c45c-4ee0-a2c3-4d2ba76ef1f8"
          ],
          "provenance__density": "dummy estimator based on mw",
          "provenance__is_consumed_by": null,
          "provenance__is_produced_by": null,
          "provenance__mass": null,
          "provenance__molecular_weight": "periodic table",
          "provenance__smiles": null,
          "provenance__state_of_matter": "dummy estimator based on mw"
        }
      ],
      "reagents": [
        {
          "identifier": "a0699dd3-8ca8-4a67-bc74-2fa42dd61dc7",
          "smiles": "O",
          "state_of_matter": "LIQUID",
          "molecular_weight": 18.01528,
          "density": 1.0,
          "mass": 18.01528,
          "is_produced_by": [],
          "is_consumed_by": [
            "b038c2d0-c45c-4ee0-a2c3-4d2ba76ef1f8"
          ],
          "provenance__density": "dummy estimator based on mw",
          "provenance__is_consumed_by": null,
          "provenance__is_produced_by": null,
          "provenance__mass": null,
          "provenance__molecular_weight": "periodic table",
          "provenance__smiles": null,
          "provenance__state_of_matter": "dummy estimator based on mw"
        },
        {
          "identifier": "b294726e-28df-4b24-ba9e-dd31a0eebf7b",
          "smiles": "C1COCCO1",
          "state_of_matter": "LIQUID",
          "molecular_weight": 88.10512000000004,
          "density": 1.0,
          "mass": 88.10512000000004,
          "is_produced_by": [],
          "is_consumed_by": [
            "b038c2d0-c45c-4ee0-a2c3-4d2ba76ef1f8"
          ],
          "provenance__density": "dummy estimator based on mw",
          "provenance__is_consumed_by": null,
          "provenance__is_produced_by": null,
          "provenance__mass": null,
          "provenance__molecular_weight": "periodic table",
          "provenance__smiles": null,
          "provenance__state_of_matter": "dummy estimator based on mw"
        },
        {
          "identifier": "cadbebdd-47a9-48e1-9c3f-5c9c89a6ab91",
          "smiles": "O=C(O[Na])O[Na]",
          "state_of_matter": "SOLID",
          "molecular_weight": 105.98844,
          "density": 1.4,
          "mass": 105.98844,
          "is_produced_by": [],
          "is_consumed_by": [
            "b038c2d0-c45c-4ee0-a2c3-4d2ba76ef1f8"
          ],
          "provenance__density": "dummy estimator based on mw",
          "provenance__is_consumed_by": null,
          "provenance__is_produced_by": null,
          "provenance__mass": null,
          "provenance__molecular_weight": "periodic table",
          "provenance__smiles": null,
          "provenance__state_of_matter": "dummy estimator based on mw"
        },
        {
          "identifier": "ca16f230-2a58-430a-93fc-f1ba94bb90b4",
          "smiles": "c1ccc([PH](c2ccccc2)(c2ccccc2)[Pd]([PH](c2ccccc2)(c2ccccc2)c2ccccc2)([PH](c2ccccc2)(c2ccccc2)c2ccccc2)[PH](c2ccccc2)(c2ccccc2)c2ccccc2)cc1",
          "state_of_matter": "SOLID",
          "molecular_weight": 1159.593603999999,
          "density": 1.4,
          "mass": 1159.593603999999,
          "is_produced_by": [],
          "is_consumed_by": [
            "b038c2d0-c45c-4ee0-a2c3-4d2ba76ef1f8"
          ],
          "provenance__density": "dummy estimator based on mw",
          "provenance__is_consumed_by": null,
          "provenance__is_produced_by": null,
          "provenance__mass": null,
          "provenance__molecular_weight": "periodic table",
          "provenance__smiles": null,
          "provenance__state_of_matter": "dummy estimator based on mw"
        }
      ],
      "products": [
        {
          "identifier": "f258634d-0fd4-4409-9756-c98f535a3a57",
          "smiles": "CCN(c1cc(-c2ccc(CN3CCOCC3)cc2)cc(C(=O)NCc2c(C)cc(C)[nH]c2=O)c1C)C1CCOCC1",
          "state_of_matter": "SOLID",
          "molecular_weight": 572.7375599999981,
          "density": 1.4,
          "mass": 572.7375599999981,
          "is_produced_by": [
            "b038c2d0-c45c-4ee0-a2c3-4d2ba76ef1f8"
          ],
          "is_consumed_by": [],
          "provenance__density": "dummy estimator based on mw",
          "provenance__is_consumed_by": null,
          "provenance__is_produced_by": null,
          "provenance__mass": null,
          "provenance__molecular_weight": "periodic table",
          "provenance__smiles": null,
          "provenance__state_of_matter": "dummy estimator based on mw"
        }
      ],
      "stoichiometry": {
        "7342813b-bd9d-469b-82e1-0c837d95d4cc": 1.0,
        "3a8a6f10-8733-481c-b5e1-24b2ad12c2e2": 1.0,
        "f258634d-0fd4-4409-9756-c98f535a3a57": -1.0
      },
      "temperature": 383.64679659605025,
      "intended_ratios": {
        "7342813b-bd9d-469b-82e1-0c837d95d4cc": 1.0,
        "3a8a6f10-8733-481c-b5e1-24b2ad12c2e2": 1.0,
        "a0699dd3-8ca8-4a67-bc74-2fa42dd61dc7": 1.0,
        "b294726e-28df-4b24-ba9e-dd31a0eebf7b": 1.0,
        "cadbebdd-47a9-48e1-9c3f-5c9c89a6ab91": 1.0,
        "ca16f230-2a58-430a-93fc-f1ba94bb90b4": 1.0
      },
      "expected_yields": {
        "f258634d-0fd4-4409-9756-c98f535a3a57": 1.0
      },
      "reaction_extent": 1.0
    },
    {
      "identifier": "7d870ced-cf77-438b-8823-41c78d0ec1de",
      "reactants": [
        {
          "identifier": "04c998fb-101b-4f31-ba04-9d2085fc5e6b",
          "smiles": "C=Cc1ccccc1",
          "state_of_matter": "LIQUID",
          "molecular_weight": 104.14912000000004,
          "density": 1.0,
          "mass": 104.14912000000004,
          "is_produced_by": [],
          "is_consumed_by": [
            "7d870ced-cf77-438b-8823-41c78d0ec1de"
          ],
          "provenance__density": "dummy estimator based on mw",
          "provenance__is_consumed_by": null,
          "provenance__is_produced_by": null,
          "provenance__mass": null,
          "provenance__molecular_weight": "periodic table",
          "provenance__smiles": null,
          "provenance__state_of_matter": "dummy estimator based on mw"
        },
        {
          "identifier": "b4b88b6f-659e-4278-b8a4-73ba7e57edaa",
          "smiles": "CC(C)c1c(O)cc(Br)cc1O",
          "state_of_matter": "SOLID",
          "molecular_weight": 231.08643999999987,
          "density": 1.4,
          "mass": 231.08643999999987,
          "is_produced_by": [],
          "is_consumed_by": [
            "7d870ced-cf77-438b-8823-41c78d0ec1de"
          ],
          "provenance__density": "dummy estimator based on mw",
          "provenance__is_consumed_by": null,
          "provenance__is_produced_by": null,
          "provenance__mass": null,
          "provenance__molecular_weight": "periodic table",
          "provenance__smiles": null,
          "provenance__state_of_matter": "dummy estimator based on mw"
        }
      ],
      "reagents": [
        {
          "identifier": "dc0413ab-9508-43ad-a304-28b26b06a5e1",
          "smiles": "CN(C)C=O",
          "state_of_matter": "LIQUID",
          "molecular_weight": 73.09378000000004,
          "density": 1.0,
          "mass": 73.09378000000004,
          "is_produced_by": [],
          "is_consumed_by": [
            "7d870ced-cf77-438b-8823-41c78d0ec1de"
          ],
          "provenance__density": "dummy estimator based on mw",
          "provenance__is_consumed_by": null,
          "provenance__is_produced_by": null,
          "provenance__mass": null,
          "provenance__molecular_weight": "periodic table",
          "provenance__smiles": null,
          "provenance__state_of_matter": "dummy estimator based on mw"
        },
        {
          "identifier": "b788aa1e-2fc8-4bfa-ab43-e29b0b55f818",
          "smiles": "CCN(CC)CC",
          "state_of_matter": "LIQUID",
          "molecular_weight": 101.19000000000008,
          "density": 1.0,
          "mass": 101.19000000000008,
          "is_produced_by": [],
          "is_consumed_by": [
            "7d870ced-cf77-438b-8823-41c78d0ec1de"
          ],
          "provenance__density": "dummy estimator based on mw",
          "provenance__is_consumed_by": null,
          "provenance__is_produced_by": null,
          "provenance__mass": null,
          "provenance__molecular_weight": "periodic table",
          "provenance__smiles": null,
          "provenance__state_of_matter": "dummy estimator based on mw"
        },
        {
          "identifier": "c5d4c8e6-1639-4d32-9292-278b7789a33e",
          "smiles": "c1ccc(P(c2ccccc2)c2ccccc2)cc1",
          "state_of_matter": "SOLID",
          "molecular_weight": 262.28546099999994,
          "density": 1.4,
          "mass": 262.28546099999994,
          "is_produced_by": [],
          "is_consumed_by": [
            "7d870ced-cf77-438b-8823-41c78d0ec1de"
          ],
          "provenance__density": "dummy estimator based on mw",
          "provenance__is_consumed_by": null,
          "provenance__is_produced_by": null,
          "provenance__mass": null,
          "provenance__molecular_weight": "periodic table",
          "provenance__smiles": null,
          "provenance__state_of_matter": "dummy estimator based on mw"
        },
        {
          "identifier": "a42ba74c-a78d-4fef-9f9c-57807bbba12b",
          "smiles": "CC(=O)[O-].CC(=O)[O-].[Pd+2]",
          "state_of_matter": "SOLID",
          "molecular_weight": 224.50803999999994,
          "density": 1.4,
          "mass": 224.50803999999994,
          "is_produced_by": [],
          "is_consumed_by": [
            "7d870ced-cf77-438b-8823-41c78d0ec1de"
          ],
          "provenance__density": "dummy estimator based on mw",
          "provenance__is_consumed_by": null,
          "provenance__is_produced_by": null,
          "provenance__mass": null,
          "provenance__molecular_weight": "periodic table",
          "provenance__smiles": null,
          "provenance__state_of_matter": "dummy estimator based on mw"
        }
      ],
      "products": [
        {
          "identifier": "7202cf6d-14e8-4d87-a837-3e592e210bd6",
          "smiles": "CC(C)c1c(O)cc(C=Cc2ccccc2)cc1O",
          "state_of_matter": "SOLID",
          "molecular_weight": 254.32361999999975,
          "density": 1.4,
          "mass": 254.32361999999975,
          "is_produced_by": [
            "7d870ced-cf77-438b-8823-41c78d0ec1de"
          ],
          "is_consumed_by": [],
          "provenance__density": "dummy estimator based on mw",
          "provenance__is_consumed_by": null,
          "provenance__is_produced_by": null,
          "provenance__mass": null,
          "provenance__molecular_weight": "periodic table",
          "provenance__smiles": null,
          "provenance__state_of_matter": "dummy estimator based on mw"
        }
      ],
      "stoichiometry": {
        "04c998fb-101b-4f31-ba04-9d2085fc5e6b": 1.0,
        "b4b88b6f-659e-4278-b8a4-73ba7e57edaa": 1.0,
        "7202cf6d-14e8-4d87-a837-3e592e210bd6": -1.0
      },
      "temperature": 353.7789930403232,
      "intended_ratios": {
        "04c998fb-101b-4f31-ba04-9d2085fc5e6b": 1.0,
        "b4b88b6f-659e-4278-b8a4-73ba7e57edaa": 1.0,
        "dc0413ab-9508-43ad-a304-28b26b06a5e1": 1.0,
        "b788aa1e-2fc8-4bfa-ab43-e29b0b55f818": 1.0,
        "c5d4c8e6-1639-4d32-9292-278b7789a33e": 1.0,
        "a42ba74c-a78d-4fef-9f9c-57807bbba12b": 1.0
      },
      "expected_yields": {
        "7202cf6d-14e8-4d87-a837-3e592e210bd6": 1.0
      },
      "reaction_extent": 1.0
    },
    {
      "identifier": "e2abecf3-cd1b-43a8-8548-5fee404a7908",
      "reactants": [
        {
          "identifier": "d1e7320e-ac5d-4522-a48a-ecab968de8f0",
          "smiles": "CC(=O)C1CCC2C3CCC4CC(=O)CCC4(C)C3CCC12C",
          "state_of_matter": "SOLID",
          "molecular_weight": 316.4775800000005,
          "density": 1.4,
          "mass": 316.4775800000005,
          "is_produced_by": [],
          "is_consumed_by": [
            "e2abecf3-cd1b-43a8-8548-5fee404a7908"
          ],
          "provenance__density": "dummy estimator based on mw",
          "provenance__is_consumed_by": null,
          "provenance__is_produced_by": null,
          "provenance__mass": null,
          "provenance__molecular_weight": "periodic table",
          "provenance__smiles": null,
          "provenance__state_of_matter": "dummy estimator based on mw"
        }
      ],
      "reagents": [
        {
          "identifier": "cf21a4fd-02fc-436f-9c13-e1cd52bb0818",
          "smiles": "CCO",
          "state_of_matter": "LIQUID",
          "molecular_weight": 46.06843999999999,
          "density": 1.0,
          "mass": 46.06843999999999,
          "is_produced_by": [],
          "is_consumed_by": [
            "e2abecf3-cd1b-43a8-8548-5fee404a7908"
          ],
          "provenance__density": "dummy estimator based on mw",
          "provenance__is_consumed_by": null,
          "provenance__is_produced_by": null,
          "provenance__mass": null,
          "provenance__molecular_weight": "periodic table",
          "provenance__smiles": null,
          "provenance__state_of_matter": "dummy estimator based on mw"
        },
        {
          "identifier": "5e8d0705-a0f2-48ab-8d69-021d501570b1",
          "smiles": "[Na]",
          "state_of_matter": "SOLID",
          "molecular_weight": 22.98977,
          "density": 1.4,
          "mass": 22.98977,
          "is_produced_by": [],
          "is_consumed_by": [
            "e2abecf3-cd1b-43a8-8548-5fee404a7908"
          ],
          "provenance__density": "dummy estimator based on mw",
          "provenance__is_consumed_by": null,
          "provenance__is_produced_by": null,
          "provenance__mass": null,
          "provenance__molecular_weight": "periodic table",
          "provenance__smiles": null,
          "provenance__state_of_matter": "dummy estimator based on mw"
        }
      ],
      "products": [
        {
          "identifier": "cbce445d-3773-4b3b-b8b4-2c64605bf0e5",
          "smiles": "CC(=O)C1CCC2C3CCC4CC(O)CCC4(C)C3CCC12C",
          "state_of_matter": "SOLID",
          "molecular_weight": 318.49346000000054,
          "density": 1.4,
          "mass": 318.49346000000054,
          "is_produced_by": [
            "e2abecf3-cd1b-43a8-8548-5fee404a7908"
          ],
          "is_consumed_by": [],
          "provenance__density": "dummy estimator based on mw",
          "provenance__is_consumed_by": null,
          "provenance__is_produced_by": null,
          "provenance__mass": null,
          "provenance__molecular_weight": "periodic table",
          "provenance__smiles": null,
          "provenance__state_of_matter": "dummy estimator based on mw"
        }
      ],
      "stoichiometry": {
        "d1e7320e-ac5d-4522-a48a-ecab968de8f0": 1.0,
        "cbce445d-3773-4b3b-b8b4-2c64605bf0e5": -1.0
      },
      "temperature": 288.2519380688667,
      "intended_ratios": {
        "d1e7320e-ac5d-4522-a48a-ecab968de8f0": 1.0,
        "cf21a4fd-02fc-436f-9c13-e1cd52bb0818": 1.0,
        "5e8d0705-a0f2-48ab-8d69-021d501570b1": 1.0
      },
      "expected_yields": {
        "cbce445d-3773-4b3b-b8b4-2c64605bf0e5": 1.0
      },
      "reaction_extent": 1.0
    },
    {
      "identifier": "188fbcba-960b-46f5-b63f-d348749618c5",
      "reactants": [
        {
          "identifier": "a5d31692-5df2-4898-897a-8a342e4888de",
          "smiles": "CC(C)O",
          "state_of_matter": "LIQUID",
          "molecular_weight": 60.095019999999984,
          "density": 1.0,
          "mass": 60.095019999999984,
          "is_produced_by": [],
          "is_consumed_by": [
            "188fbcba-960b-46f5-b63f-d348749618c5"
          ],
          "provenance__density": "dummy estimator based on mw",
          "provenance__is_consumed_by": null,
          "provenance__is_produced_by": null,
          "provenance__mass": null,
          "provenance__molecular_weight": "periodic table",
          "provenance__smiles": null,
          "provenance__state_of_matter": "dummy estimator based on mw"
        },
        {
          "identifier": "e1d29967-f043-4188-a8ce-f2d2040511b7",
          "smiles": "Oc1cc(O)cc(Br)c1",
          "state_of_matter": "LIQUID",
          "molecular_weight": 189.00669999999994,
          "density": 1.0,
          "mass": 189.00669999999994,
          "is_produced_by": [],
          "is_consumed_by": [
            "188fbcba-960b-46f5-b63f-d348749618c5"
          ],
          "provenance__density": "dummy estimator based on mw",
          "provenance__is_consumed_by": null,
          "provenance__is_produced_by": null,
          "provenance__mass": null,
          "provenance__molecular_weight": "periodic table",
          "provenance__smiles": null,
          "provenance__state_of_matter": "dummy estimator based on mw"
        }
      ],
      "reagents": [
        {
          "identifier": "dc54d05a-5187-4c30-ab7d-c40de4c19121",
          "smiles": "O=S(=O)(O)O",
          "state_of_matter": "LIQUID",
          "molecular_weight": 98.07848,
          "density": 1.0,
          "mass": 98.07848,
          "is_produced_by": [],
          "is_consumed_by": [
            "188fbcba-960b-46f5-b63f-d348749618c5"
          ],
          "provenance__density": "dummy estimator based on mw",
          "provenance__is_consumed_by": null,
          "provenance__is_produced_by": null,
          "provenance__mass": null,
          "provenance__molecular_weight": "periodic table",
          "provenance__smiles": null,
          "provenance__state_of_matter": "dummy estimator based on mw"
        }
      ],
      "products": [
        {
          "identifier": "cee9df8c-dd4a-4bf7-8636-46b1fefb1328",
          "smiles": "CC(C)c1c(O)cc(Br)cc1O",
          "state_of_matter": "SOLID",
          "molecular_weight": 231.08643999999987,
          "density": 1.4,
          "mass": 231.08643999999987,
          "is_produced_by": [
            "188fbcba-960b-46f5-b63f-d348749618c5"
          ],
          "is_consumed_by": [],
          "provenance__density": "dummy estimator based on mw",
          "provenance__is_consumed_by": null,
          "provenance__is_produced_by": null,
          "provenance__mass": null,
          "provenance__molecular_weight": "periodic table",
          "provenance__smiles": null,
          "provenance__state_of_matter": "dummy estimator based on mw"
        }
      ],
      "stoichiometry": {
        "a5d31692-5df2-4898-897a-8a342e4888de": 1.0,
        "e1d29967-f043-4188-a8ce-f2d2040511b7": 1.0,
        "cee9df8c-dd4a-4bf7-8636-46b1fefb1328": -1.0
      },
      "temperature": 299.26102591753005,
      "intended_ratios": {
        "a5d31692-5df2-4898-897a-8a342e4888de": 1.0,
        "e1d29967-f043-4188-a8ce-f2d2040511b7": 1.0,
        "dc54d05a-5187-4c30-ab7d-c40de4c19121": 1.0
      },
      "expected_yields": {
        "cee9df8c-dd4a-4bf7-8636-46b1fefb1328": 1.0
      },
      "reaction_extent": 1.0
    },
    {
      "identifier": "cbc45a31-230b-4351-9a19-95ab98bdb51d",
      "reactants": [
        {
          "identifier": "0bb1773c-0305-4b43-9f72-fa81c13c24bf",
          "smiles": "CC(N)=O",
          "state_of_matter": "LIQUID",
          "molecular_weight": 59.06719999999999,
          "density": 1.0,
          "mass": 59.06719999999999,
          "is_produced_by": [],
          "is_consumed_by": [
            "cbc45a31-230b-4351-9a19-95ab98bdb51d"
          ],
          "provenance__density": "dummy estimator based on mw",
          "provenance__is_consumed_by": null,
          "provenance__is_produced_by": null,
          "provenance__mass": null,
          "provenance__molecular_weight": "periodic table",
          "provenance__smiles": null,
          "provenance__state_of_matter": "dummy estimator based on mw"
        },
        {
          "identifier": "653a73b3-17e7-4212-a50a-53d666ba508e",
          "smiles": "CNC(=O)c1nnc(Cl)cc1Nc1cccc(-c2ncn(C)n2)c1OC",
          "state_of_matter": "SOLID",
          "molecular_weight": 374.80488000000025,
          "density": 1.4,
          "mass": 374.80488000000025,
          "is_produced_by": [],
          "is_consumed_by": [
            "cbc45a31-230b-4351-9a19-95ab98bdb51d"
          ],
          "provenance__density": "dummy estimator based on mw",
          "provenance__is_consumed_by": null,
          "provenance__is_produced_by": null,
          "provenance__mass": null,
          "provenance__molecular_weight": "periodic table",
          "provenance__smiles": null,
          "provenance__state_of_matter": "dummy estimator based on mw"
        }
      ],
      "reagents": [
        {
          "identifier": "42e833c7-93fa-4fd2-81c6-a59d401a8f6b",
          "smiles": "C1COCCO1",
          "state_of_matter": "LIQUID",
          "molecular_weight": 88.10512000000004,
          "density": 1.0,
          "mass": 88.10512000000004,
          "is_produced_by": [],
          "is_consumed_by": [
            "cbc45a31-230b-4351-9a19-95ab98bdb51d"
          ],
          "provenance__density": "dummy estimator based on mw",
          "provenance__is_consumed_by": null,
          "provenance__is_produced_by": null,
          "provenance__mass": null,
          "provenance__molecular_weight": "periodic table",
          "provenance__smiles": null,
          "provenance__state_of_matter": "dummy estimator based on mw"
        },
        {
          "identifier": "0aaa2117-be82-4cce-a141-5822f5979d8b",
          "smiles": "[Pd]",
          "state_of_matter": "SOLID",
          "molecular_weight": 106.42,
          "density": 1.4,
          "mass": 106.42,
          "is_produced_by": [],
          "is_consumed_by": [
            "cbc45a31-230b-4351-9a19-95ab98bdb51d"
          ],
          "provenance__density": "dummy estimator based on mw",
          "provenance__is_consumed_by": null,
          "provenance__is_produced_by": null,
          "provenance__mass": null,
          "provenance__molecular_weight": "periodic table",
          "provenance__smiles": null,
          "provenance__state_of_matter": "dummy estimator based on mw"
        },
        {
          "identifier": "4b491012-9605-4d05-8341-21815968c917",
          "smiles": "CC1(C)c2cccc(P(c3ccccc3)c3ccccc3)c2Oc2c(P(c3ccccc3)c3ccccc3)cccc21",
          "state_of_matter": "SOLID",
          "molecular_weight": 578.6183019999985,
          "density": 1.4,
          "mass": 578.6183019999985,
          "is_produced_by": [],
          "is_consumed_by": [
            "cbc45a31-230b-4351-9a19-95ab98bdb51d"
          ],
          "provenance__density": "dummy estimator based on mw",
          "provenance__is_consumed_by": null,
          "provenance__is_produced_by": null,
          "provenance__mass": null,
          "provenance__molecular_weight": "periodic table",
          "provenance__smiles": null,
          "provenance__state_of_matter": "dummy estimator based on mw"
        },
        {
          "identifier": "af446ecf-ee25-41dd-a3ec-790ee6d799ca",
          "smiles": "O=C(O[Cs])O[Cs]",
          "state_of_matter": "SOLID",
          "molecular_weight": 325.8198,
          "density": 1.4,
          "mass": 325.8198,
          "is_produced_by": [],
          "is_consumed_by": [
            "cbc45a31-230b-4351-9a19-95ab98bdb51d"
          ],
          "provenance__density": "dummy estimator based on mw",
          "provenance__is_consumed_by": null,
          "provenance__is_produced_by": null,
          "provenance__mass": null,
          "provenance__molecular_weight": "periodic table",
          "provenance__smiles": null,
          "provenance__state_of_matter": "dummy estimator based on mw"
        }
      ],
      "products": [
        {
          "identifier": "f6ef68b5-7d6a-4ded-b55d-5fa651a0e632",
          "smiles": "CNC(=O)c1nnc(NC(C)=O)cc1Nc1cccc(-c2ncn(C)n2)c1OC",
          "state_of_matter": "SOLID",
          "molecular_weight": 397.41114000000033,
          "density": 1.4,
          "mass": 397.41114000000033,
          "is_produced_by": [
            "cbc45a31-230b-4351-9a19-95ab98bdb51d"
          ],
          "is_consumed_by": [],
          "provenance__density": "dummy estimator based on mw",
          "provenance__is_consumed_by": null,
          "provenance__is_produced_by": null,
          "provenance__mass": null,
          "provenance__molecular_weight": "periodic table",
          "provenance__smiles": null,
          "provenance__state_of_matter": "dummy estimator based on mw"
        }
      ],
      "stoichiometry": {
        "0bb1773c-0305-4b43-9f72-fa81c13c24bf": 1.0,
        "653a73b3-17e7-4212-a50a-53d666ba508e": 1.0,
        "f6ef68b5-7d6a-4ded-b55d-5fa651a0e632": -1.0
      },
      "temperature": 361.9062446594238,
      "intended_ratios": {
        "0bb1773c-0305-4b43-9f72-fa81c13c24bf": 1.0,
        "653a73b3-17e7-4212-a50a-53d666ba508e": 1.0,
        "42e833c7-93fa-4fd2-81c6-a59d401a8f6b": 1.0,
        "0aaa2117-be82-4cce-a141-5822f5979d8b": 1.0,
        "4b491012-9605-4d05-8341-21815968c917": 1.0,
        "af446ecf-ee25-41dd-a3ec-790ee6d799ca": 1.0
      },
      "expected_yields": {
        "f6ef68b5-7d6a-4ded-b55d-5fa651a0e632": 1.0
      },
      "reaction_extent": 1.0
    },
    {
      "identifier": "33dbd1a5-584d-48c9-bd61-36801e580afd",
      "reactants": [
        {
          "identifier": "7e148054-7bb0-4f5e-a67c-ca97450daa81",
          "smiles": "CC1(C)OB(B2OC(C)(C)C(C)(C)O2)OC1(C)C",
          "state_of_matter": "SOLID",
          "molecular_weight": 253.9385599999997,
          "density": 1.4,
          "mass": 253.9385599999997,
          "is_produced_by": [],
          "is_consumed_by": [
            "33dbd1a5-584d-48c9-bd61-36801e580afd"
          ],
          "provenance__density": "dummy estimator based on mw",
          "provenance__is_consumed_by": null,
          "provenance__is_produced_by": null,
          "provenance__mass": null,
          "provenance__molecular_weight": "periodic table",
          "provenance__smiles": null,
          "provenance__state_of_matter": "dummy estimator based on mw"
        },
        {
          "identifier": "9107ea87-c84c-4760-967d-8cffe4703f94",
          "smiles": "CCN(c1cc(Br)cc(C(=O)NCc2c(C)cc(C)[nH]c2=O)c1C)C1CCOCC1",
          "state_of_matter": "SOLID",
          "molecular_weight": 476.4066000000003,
          "density": 1.4,
          "mass": 476.4066000000003,
          "is_produced_by": [],
          "is_consumed_by": [
            "33dbd1a5-584d-48c9-bd61-36801e580afd"
          ],
          "provenance__density": "dummy estimator based on mw",
          "provenance__is_consumed_by": null,
          "provenance__is_produced_by": null,
          "provenance__mass": null,
          "provenance__molecular_weight": "periodic table",
          "provenance__smiles": null,
          "provenance__state_of_matter": "dummy estimator based on mw"
        }
      ],
      "reagents": [
        {
          "identifier": "c9053d71-ccd7-4201-83ba-6a3e4e22d3bd",
          "smiles": "O",
          "state_of_matter": "LIQUID",
          "molecular_weight": 18.01528,
          "density": 1.0,
          "mass": 18.01528,
          "is_produced_by": [],
          "is_consumed_by": [
            "33dbd1a5-584d-48c9-bd61-36801e580afd"
          ],
          "provenance__density": "dummy estimator based on mw",
          "provenance__is_consumed_by": null,
          "provenance__is_produced_by": null,
          "provenance__mass": null,
          "provenance__molecular_weight": "periodic table",
          "provenance__smiles": null,
          "provenance__state_of_matter": "dummy estimator based on mw"
        },
        {
          "identifier": "8b03fc04-8ca8-40ee-b5f8-4f8c522f545b",
          "smiles": "C1COCCO1",
          "state_of_matter": "LIQUID",
          "molecular_weight": 88.10512000000004,
          "density": 1.0,
          "mass": 88.10512000000004,
          "is_produced_by": [],
          "is_consumed_by": [
            "33dbd1a5-584d-48c9-bd61-36801e580afd"
          ],
          "provenance__density": "dummy estimator based on mw",
          "provenance__is_consumed_by": null,
          "provenance__is_produced_by": null,
          "provenance__mass": null,
          "provenance__molecular_weight": "periodic table",
          "provenance__smiles": null,
          "provenance__state_of_matter": "dummy estimator based on mw"
        },
        {
          "identifier": "f8f27ea6-3929-4a4c-b91b-77d08f0e6e62",
          "smiles": "O=C(O[Na])O[Na]",
          "state_of_matter": "SOLID",
          "molecular_weight": 105.98844,
          "density": 1.4,
          "mass": 105.98844,
          "is_produced_by": [],
          "is_consumed_by": [
            "33dbd1a5-584d-48c9-bd61-36801e580afd"
          ],
          "provenance__density": "dummy estimator based on mw",
          "provenance__is_consumed_by": null,
          "provenance__is_produced_by": null,
          "provenance__mass": null,
          "provenance__molecular_weight": "periodic table",
          "provenance__smiles": null,
          "provenance__state_of_matter": "dummy estimator based on mw"
        },
        {
          "identifier": "30444208-4718-46e1-b71d-f2d95db4fd74",
          "smiles": "c1ccc([PH](c2ccccc2)(c2ccccc2)[Pd]([PH](c2ccccc2)(c2ccccc2)c2ccccc2)([PH](c2ccccc2)(c2ccccc2)c2ccccc2)[PH](c2ccccc2)(c2ccccc2)c2ccccc2)cc1",
          "state_of_matter": "SOLID",
          "molecular_weight": 1159.593603999999,
          "density": 1.4,
          "mass": 1159.593603999999,
          "is_produced_by": [],
          "is_consumed_by": [
            "33dbd1a5-584d-48c9-bd61-36801e580afd"
          ],
          "provenance__density": "dummy estimator based on mw",
          "provenance__is_consumed_by": null,
          "provenance__is_produced_by": null,
          "provenance__mass": null,
          "provenance__molecular_weight": "periodic table",
          "provenance__smiles": null,
          "provenance__state_of_matter": "dummy estimator based on mw"
        }
      ],
      "products": [
        {
          "identifier": "3fa2650a-2fc4-4b25-b2f2-d3ae5e11b893",
          "smiles": "CCN(c1cc(B(O)O)cc(C(=O)NCc2c(C)cc(C)[nH]c2=O)c1C)C1CCOCC1",
          "state_of_matter": "SOLID",
          "molecular_weight": 441.32828000000035,
          "density": 1.4,
          "mass": 441.32828000000035,
          "is_produced_by": [
            "33dbd1a5-584d-48c9-bd61-36801e580afd"
          ],
          "is_consumed_by": [],
          "provenance__density": "dummy estimator based on mw",
          "provenance__is_consumed_by": null,
          "provenance__is_produced_by": null,
          "provenance__mass": null,
          "provenance__molecular_weight": "periodic table",
          "provenance__smiles": null,
          "provenance__state_of_matter": "dummy estimator based on mw"
        }
      ],
      "stoichiometry": {
        "7e148054-7bb0-4f5e-a67c-ca97450daa81": 1.0,
        "9107ea87-c84c-4760-967d-8cffe4703f94": 1.0,
        "3fa2650a-2fc4-4b25-b2f2-d3ae5e11b893": -1.0
      },
      "temperature": 353.3406757235527,
      "intended_ratios": {
        "7e148054-7bb0-4f5e-a67c-ca97450daa81": 1.0,
        "9107ea87-c84c-4760-967d-8cffe4703f94": 1.0,
        "c9053d71-ccd7-4201-83ba-6a3e4e22d3bd": 1.0,
        "8b03fc04-8ca8-40ee-b5f8-4f8c522f545b": 1.0,
        "f8f27ea6-3929-4a4c-b91b-77d08f0e6e62": 1.0,
        "30444208-4718-46e1-b71d-f2d95db4fd74": 1.0
      },
      "expected_yields": {
        "3fa2650a-2fc4-4b25-b2f2-d3ae5e11b893": 1.0
      },
      "reaction_extent": 1.0
    },
    {
      "identifier": "3e8f4654-744a-45fc-8d13-746d54f3f1cf",
      "reactants": [
        {
          "identifier": "8493e222-e012-4f1c-868b-7dd717c6637b",
          "smiles": "CCBr",
          "state_of_matter": "LIQUID",
          "molecular_weight": 108.96510000000002,
          "density": 1.0,
          "mass": 108.96510000000002,
          "is_produced_by": [],
          "is_consumed_by": [
            "3e8f4654-744a-45fc-8d13-746d54f3f1cf"
          ],
          "provenance__density": "dummy estimator based on mw",
          "provenance__is_consumed_by": null,
          "provenance__is_produced_by": null,
          "provenance__mass": null,
          "provenance__molecular_weight": "periodic table",
          "provenance__smiles": null,
          "provenance__state_of_matter": "dummy estimator based on mw"
        },
        {
          "identifier": "4917d096-ca5d-4d3d-b262-0233393bf1e1",
          "smiles": "COC(=O)c1cc(Br)cc(NC2CCOCC2)c1C",
          "state_of_matter": "SOLID",
          "molecular_weight": 328.2016200000002,
          "density": 1.4,
          "mass": 328.2016200000002,
          "is_produced_by": [],
          "is_consumed_by": [
            "3e8f4654-744a-45fc-8d13-746d54f3f1cf"
          ],
          "provenance__density": "dummy estimator based on mw",
          "provenance__is_consumed_by": null,
          "provenance__is_produced_by": null,
          "provenance__mass": null,
          "provenance__molecular_weight": "periodic table",
          "provenance__smiles": null,
          "provenance__state_of_matter": "dummy estimator based on mw"
        }
      ],
      "reagents": [
        {
          "identifier": "a7db1c4d-be39-4731-896f-9ec9cb8bc67c",
          "smiles": "O",
          "state_of_matter": "LIQUID",
          "molecular_weight": 18.01528,
          "density": 1.0,
          "mass": 18.01528,
          "is_produced_by": [],
          "is_consumed_by": [
            "3e8f4654-744a-45fc-8d13-746d54f3f1cf"
          ],
          "provenance__density": "dummy estimator based on mw",
          "provenance__is_consumed_by": null,
          "provenance__is_produced_by": null,
          "provenance__mass": null,
          "provenance__molecular_weight": "periodic table",
          "provenance__smiles": null,
          "provenance__state_of_matter": "dummy estimator based on mw"
        },
        {
          "identifier": "5e1f06c7-8576-4ac2-b0b9-d4701ff3d78d",
          "smiles": "CC#N",
          "state_of_matter": "LIQUID",
          "molecular_weight": 41.051919999999996,
          "density": 1.0,
          "mass": 41.051919999999996,
          "is_produced_by": [],
          "is_consumed_by": [
            "3e8f4654-744a-45fc-8d13-746d54f3f1cf"
          ],
          "provenance__density": "dummy estimator based on mw",
          "provenance__is_consumed_by": null,
          "provenance__is_produced_by": null,
          "provenance__mass": null,
          "provenance__molecular_weight": "periodic table",
          "provenance__smiles": null,
          "provenance__state_of_matter": "dummy estimator based on mw"
        },
        {
          "identifier": "50a3656a-3e8a-47b4-84b1-35ec4c1fe4ea",
          "smiles": "O=C(O[Cs])O[Cs]",
          "state_of_matter": "SOLID",
          "molecular_weight": 325.8198,
          "density": 1.4,
          "mass": 325.8198,
          "is_produced_by": [],
          "is_consumed_by": [
            "3e8f4654-744a-45fc-8d13-746d54f3f1cf"
          ],
          "provenance__density": "dummy estimator based on mw",
          "provenance__is_consumed_by": null,
          "provenance__is_produced_by": null,
          "provenance__mass": null,
          "provenance__molecular_weight": "periodic table",
          "provenance__smiles": null,
          "provenance__state_of_matter": "dummy estimator based on mw"
        }
      ],
      "products": [
        {
          "identifier": "2b66efae-2c6b-4787-9ef9-8490f400af46",
          "smiles": "CCN(c1cc(Br)cc(C(=O)OC)c1C)C1CCOCC1",
          "state_of_matter": "SOLID",
          "molecular_weight": 356.25478000000027,
          "density": 1.4,
          "mass": 356.25478000000027,
          "is_produced_by": [
            "3e8f4654-744a-45fc-8d13-746d54f3f1cf"
          ],
          "is_consumed_by": [],
          "provenance__density": "dummy estimator based on mw",
          "provenance__is_consumed_by": null,
          "provenance__is_produced_by": null,
          "provenance__mass": null,
          "provenance__molecular_weight": "periodic table",
          "provenance__smiles": null,
          "provenance__state_of_matter": "dummy estimator based on mw"
        }
      ],
      "stoichiometry": {
        "8493e222-e012-4f1c-868b-7dd717c6637b": 1.0,
        "4917d096-ca5d-4d3d-b262-0233393bf1e1": 1.0,
        "2b66efae-2c6b-4787-9ef9-8490f400af46": -1.0
      },
      "temperature": 324.8399884700775,
      "intended_ratios": {
        "8493e222-e012-4f1c-868b-7dd717c6637b": 1.0,
        "4917d096-ca5d-4d3d-b262-0233393bf1e1": 1.0,
        "a7db1c4d-be39-4731-896f-9ec9cb8bc67c": 1.0,
        "5e1f06c7-8576-4ac2-b0b9-d4701ff3d78d": 1.0,
        "50a3656a-3e8a-47b4-84b1-35ec4c1fe4ea": 1.0
      },
      "expected_yields": {
        "2b66efae-2c6b-4787-9ef9-8490f400af46": 1.0
      },
      "reaction_extent": 1.0
    },
    {
      "identifier": "9260af17-13c2-4c38-b551-99dffb47a6f6",
      "reactants": [
        {
          "identifier": "fcdaed2e-35b3-4ada-aa39-bbbed43287c5",
          "smiles": "CCN(c1cc(Br)cc(C(=O)OC)c1C)C1CCOCC1",
          "state_of_matter": "SOLID",
          "molecular_weight": 356.25478000000027,
          "density": 1.4,
          "mass": 356.25478000000027,
          "is_produced_by": [],
          "is_consumed_by": [
            "9260af17-13c2-4c38-b551-99dffb47a6f6"
          ],
          "provenance__density": "dummy estimator based on mw",
          "provenance__is_consumed_by": null,
          "provenance__is_produced_by": null,
          "provenance__mass": null,
          "provenance__molecular_weight": "periodic table",
          "provenance__smiles": null,
          "provenance__state_of_matter": "dummy estimator based on mw"
        },
        {
          "identifier": "14e2eaf4-55a1-4215-88f7-8a5cdbfd9907",
          "smiles": "Cc1cc(C)c(CN)c(=O)[nH]1",
          "state_of_matter": "LIQUID",
          "molecular_weight": 152.1936799999999,
          "density": 1.0,
          "mass": 152.1936799999999,
          "is_produced_by": [],
          "is_consumed_by": [
            "9260af17-13c2-4c38-b551-99dffb47a6f6"
          ],
          "provenance__density": "dummy estimator based on mw",
          "provenance__is_consumed_by": null,
          "provenance__is_produced_by": null,
          "provenance__mass": null,
          "provenance__molecular_weight": "periodic table",
          "provenance__smiles": null,
          "provenance__state_of_matter": "dummy estimator based on mw"
        }
      ],
      "reagents": [
        {
          "identifier": "b6d0c5f7-6914-4653-8fe8-8e49fb0532ed",
          "smiles": "CO",
          "state_of_matter": "LIQUID",
          "molecular_weight": 32.04186000000001,
          "density": 1.0,
          "mass": 32.04186000000001,
          "is_produced_by": [],
          "is_consumed_by": [
            "9260af17-13c2-4c38-b551-99dffb47a6f6"
          ],
          "provenance__density": "dummy estimator based on mw",
          "provenance__is_consumed_by": null,
          "provenance__is_produced_by": null,
          "provenance__mass": null,
          "provenance__molecular_weight": "periodic table",
          "provenance__smiles": null,
          "provenance__state_of_matter": "dummy estimator based on mw"
        },
        {
          "identifier": "7d2889b1-f17e-4b9c-912d-a2c0fdc19519",
          "smiles": "CC(=O)O",
          "state_of_matter": "LIQUID",
          "molecular_weight": 60.051959999999994,
          "density": 1.0,
          "mass": 60.051959999999994,
          "is_produced_by": [],
          "is_consumed_by": [
            "9260af17-13c2-4c38-b551-99dffb47a6f6"
          ],
          "provenance__density": "dummy estimator based on mw",
          "provenance__is_consumed_by": null,
          "provenance__is_produced_by": null,
          "provenance__mass": null,
          "provenance__molecular_weight": "periodic table",
          "provenance__smiles": null,
          "provenance__state_of_matter": "dummy estimator based on mw"
        }
      ],
      "products": [
        {
          "identifier": "b740de22-8379-4b1b-b621-b1c9d57891c7",
          "smiles": "CCN(c1cc(Br)cc(C(=O)NCc2c(C)cc(C)[nH]c2=O)c1C)C1CCOCC1",
          "state_of_matter": "SOLID",
          "molecular_weight": 476.4066000000003,
          "density": 1.4,
          "mass": 476.4066000000003,
          "is_produced_by": [
            "9260af17-13c2-4c38-b551-99dffb47a6f6"
          ],
          "is_consumed_by": [],
          "provenance__density": "dummy estimator based on mw",
          "provenance__is_consumed_by": null,
          "provenance__is_produced_by": null,
          "provenance__mass": null,
          "provenance__molecular_weight": "periodic table",
          "provenance__smiles": null,
          "provenance__state_of_matter": "dummy estimator based on mw"
        }
      ],
      "stoichiometry": {
        "fcdaed2e-35b3-4ada-aa39-bbbed43287c5": 1.0,
        "14e2eaf4-55a1-4215-88f7-8a5cdbfd9907": 1.0,
        "b740de22-8379-4b1b-b621-b1c9d57891c7": -1.0
      },
      "temperature": 288.9382477104664,
      "intended_ratios": {
        "fcdaed2e-35b3-4ada-aa39-bbbed43287c5": 1.0,
        "14e2eaf4-55a1-4215-88f7-8a5cdbfd9907": 1.0,
        "b6d0c5f7-6914-4653-8fe8-8e49fb0532ed": 1.0,
        "7d2889b1-f17e-4b9c-912d-a2c0fdc19519": 1.0
      },
      "expected_yields": {
        "b740de22-8379-4b1b-b621-b1c9d57891c7": 1.0
      },
      "reaction_extent": 1.0
    },
    {
      "identifier": "758c5791-1729-4872-be89-a7b758ca7113",
      "reactants": [
        {
          "identifier": "ae775916-d67f-47a4-adc9-18e38a272a72",
          "smiles": "CN",
          "state_of_matter": "LIQUID",
          "molecular_weight": 31.05710000000001,
          "density": 1.0,
          "mass": 31.05710000000001,
          "is_produced_by": [],
          "is_consumed_by": [
            "758c5791-1729-4872-be89-a7b758ca7113"
          ],
          "provenance__density": "dummy estimator based on mw",
          "provenance__is_consumed_by": null,
          "provenance__is_produced_by": null,
          "provenance__mass": null,
          "provenance__molecular_weight": "periodic table",
          "provenance__smiles": null,
          "provenance__state_of_matter": "dummy estimator based on mw"
        },
        {
          "identifier": "393d8c4e-3f87-4f95-b157-36b70e55d221",
          "smiles": "COC(=O)c1nnc(Cl)cc1Nc1cccc(-c2ncn(C)n2)c1OC",
          "state_of_matter": "SOLID",
          "molecular_weight": 375.7896400000002,
          "density": 1.4,
          "mass": 375.7896400000002,
          "is_produced_by": [],
          "is_consumed_by": [
            "758c5791-1729-4872-be89-a7b758ca7113"
          ],
          "provenance__density": "dummy estimator based on mw",
          "provenance__is_consumed_by": null,
          "provenance__is_produced_by": null,
          "provenance__mass": null,
          "provenance__molecular_weight": "periodic table",
          "provenance__smiles": null,
          "provenance__state_of_matter": "dummy estimator based on mw"
        }
      ],
      "reagents": [
        {
          "identifier": "5d96f674-44b0-4caf-873d-a2eb688d24c8",
          "smiles": "C1CCOC1",
          "state_of_matter": "LIQUID",
          "molecular_weight": 72.10572000000005,
          "density": 1.0,
          "mass": 72.10572000000005,
          "is_produced_by": [],
          "is_consumed_by": [
            "758c5791-1729-4872-be89-a7b758ca7113"
          ],
          "provenance__density": "dummy estimator based on mw",
          "provenance__is_consumed_by": null,
          "provenance__is_produced_by": null,
          "provenance__mass": null,
          "provenance__molecular_weight": "periodic table",
          "provenance__smiles": null,
          "provenance__state_of_matter": "dummy estimator based on mw"
        },
        {
          "identifier": "97088bcb-6d0b-47e2-976c-8a7d1a47f40b",
          "smiles": "[Li]N([Si](C)(C)C)[Si](C)(C)C",
          "state_of_matter": "SOLID",
          "molecular_weight": 167.3258199999998,
          "density": 1.4,
          "mass": 167.3258199999998,
          "is_produced_by": [],
          "is_consumed_by": [
            "758c5791-1729-4872-be89-a7b758ca7113"
          ],
          "provenance__density": "dummy estimator based on mw",
          "provenance__is_consumed_by": null,
          "provenance__is_produced_by": null,
          "provenance__mass": null,
          "provenance__molecular_weight": "periodic table",
          "provenance__smiles": null,
          "provenance__state_of_matter": "dummy estimator based on mw"
        }
      ],
      "products": [
        {
          "identifier": "0f7001fb-0668-4ac3-8f03-769f91bda9e1",
          "smiles": "CNC(=O)c1nnc(Cl)cc1Nc1cccc(-c2ncn(C)n2)c1OC",
          "state_of_matter": "SOLID",
          "molecular_weight": 374.80488000000025,
          "density": 1.4,
          "mass": 374.80488000000025,
          "is_produced_by": [
            "758c5791-1729-4872-be89-a7b758ca7113"
          ],
          "is_consumed_by": [],
          "provenance__density": "dummy estimator based on mw",
          "provenance__is_consumed_by": null,
          "provenance__is_produced_by": null,
          "provenance__mass": null,
          "provenance__molecular_weight": "periodic table",
          "provenance__smiles": null,
          "provenance__state_of_matter": "dummy estimator based on mw"
        }
      ],
      "stoichiometry": {
        "ae775916-d67f-47a4-adc9-18e38a272a72": 1.0,
        "393d8c4e-3f87-4f95-b157-36b70e55d221": 1.0,
        "0f7001fb-0668-4ac3-8f03-769f91bda9e1": -1.0
      },
      "temperature": 235.2590293139219,
      "intended_ratios": {
        "ae775916-d67f-47a4-adc9-18e38a272a72": 1.0,
        "393d8c4e-3f87-4f95-b157-36b70e55d221": 1.0,
        "5d96f674-44b0-4caf-873d-a2eb688d24c8": 1.0,
        "97088bcb-6d0b-47e2-976c-8a7d1a47f40b": 1.0
      },
      "expected_yields": {
        "0f7001fb-0668-4ac3-8f03-769f91bda9e1": 1.0
      },
      "reaction_extent": 1.0
    },
    {
      "identifier": "1a51874b-3e0d-4cf5-94f3-7056b84c6296",
      "reactants": [
        {
          "identifier": "e28ff1b1-ee7f-4d40-a91a-1f39e6bcc9ee",
          "smiles": "CNC(=O)c1nnc(N)cc1Nc1cccc(-c2ncn(C)n2)c1OC",
          "state_of_matter": "SOLID",
          "molecular_weight": 355.3744600000003,
          "density": 1.4,
          "mass": 355.3744600000003,
          "is_produced_by": [],
          "is_consumed_by": [
            "1a51874b-3e0d-4cf5-94f3-7056b84c6296"
          ],
          "provenance__density": "dummy estimator based on mw",
          "provenance__is_consumed_by": null,
          "provenance__is_produced_by": null,
          "provenance__mass": null,
          "provenance__molecular_weight": "periodic table",
          "provenance__smiles": null,
          "provenance__state_of_matter": "dummy estimator based on mw"
        },
        {
          "identifier": "6414ad27-5fea-40cc-9e13-29b79654b805",
          "smiles": "O=C(O)C1CC1",
          "state_of_matter": "LIQUID",
          "molecular_weight": 86.08924000000003,
          "density": 1.0,
          "mass": 86.08924000000003,
          "is_produced_by": [],
          "is_consumed_by": [
            "1a51874b-3e0d-4cf5-94f3-7056b84c6296"
          ],
          "provenance__density": "dummy estimator based on mw",
          "provenance__is_consumed_by": null,
          "provenance__is_produced_by": null,
          "provenance__mass": null,
          "provenance__molecular_weight": "periodic table",
          "provenance__smiles": null,
          "provenance__state_of_matter": "dummy estimator based on mw"
        }
      ],
      "reagents": [
        {
          "identifier": "ed1637cf-c85c-4038-821e-3a59a5f28342",
          "smiles": "CN(C)C=O",
          "state_of_matter": "LIQUID",
          "molecular_weight": 73.09378000000004,
          "density": 1.0,
          "mass": 73.09378000000004,
          "is_produced_by": [],
          "is_consumed_by": [
            "1a51874b-3e0d-4cf5-94f3-7056b84c6296"
          ],
          "provenance__density": "dummy estimator based on mw",
          "provenance__is_consumed_by": null,
          "provenance__is_produced_by": null,
          "provenance__mass": null,
          "provenance__molecular_weight": "periodic table",
          "provenance__smiles": null,
          "provenance__state_of_matter": "dummy estimator based on mw"
        },
        {
          "identifier": "bc910218-eaae-4cf8-b99a-e013ed888123",
          "smiles": "CN(C)C(On1nnc2cccnc21)=[N+](C)C.F[P-](F)(F)(F)(F)F",
          "state_of_matter": "SOLID",
          "molecular_weight": 381.2378202000002,
          "density": 1.4,
          "mass": 381.2378202000002,
          "is_produced_by": [],
          "is_consumed_by": [
            "1a51874b-3e0d-4cf5-94f3-7056b84c6296"
          ],
          "provenance__density": "dummy estimator based on mw",
          "provenance__is_consumed_by": null,
          "provenance__is_produced_by": null,
          "provenance__mass": null,
          "provenance__molecular_weight": "periodic table",
          "provenance__smiles": null,
          "provenance__state_of_matter": "dummy estimator based on mw"
        },
        {
          "identifier": "ffd8dfe9-05d6-44c3-87ac-cc74152f1c29",
          "smiles": "CCN(C(C)C)C(C)C",
          "state_of_matter": "LIQUID",
          "molecular_weight": 129.24316000000007,
          "density": 1.0,
          "mass": 129.24316000000007,
          "is_produced_by": [],
          "is_consumed_by": [
            "1a51874b-3e0d-4cf5-94f3-7056b84c6296"
          ],
          "provenance__density": "dummy estimator based on mw",
          "provenance__is_consumed_by": null,
          "provenance__is_produced_by": null,
          "provenance__mass": null,
          "provenance__molecular_weight": "periodic table",
          "provenance__smiles": null,
          "provenance__state_of_matter": "dummy estimator based on mw"
        }
      ],
      "products": [
        {
          "identifier": "c5b781c7-e9c2-40ef-8785-197a595e55ed",
          "smiles": "CNC(=O)c1nnc(NC(=O)C2CC2)cc1Nc1cccc(-c2ncn(C)n2)c1OC",
          "state_of_matter": "SOLID",
          "molecular_weight": 423.44842000000034,
          "density": 1.4,
          "mass": 423.44842000000034,
          "is_produced_by": [
            "1a51874b-3e0d-4cf5-94f3-7056b84c6296"
          ],
          "is_consumed_by": [],
          "provenance__density": "dummy estimator based on mw",
          "provenance__is_consumed_by": null,
          "provenance__is_produced_by": null,
          "provenance__mass": null,
          "provenance__molecular_weight": "periodic table",
          "provenance__smiles": null,
          "provenance__state_of_matter": "dummy estimator based on mw"
        }
      ],
      "stoichiometry": {
        "e28ff1b1-ee7f-4d40-a91a-1f39e6bcc9ee": 1.0,
        "6414ad27-5fea-40cc-9e13-29b79654b805": 1.0,
        "c5b781c7-e9c2-40ef-8785-197a595e55ed": -1.0
      },
      "temperature": 292.6367393374443,
      "intended_ratios": {
        "e28ff1b1-ee7f-4d40-a91a-1f39e6bcc9ee": 1.0,
        "6414ad27-5fea-40cc-9e13-29b79654b805": 1.0,
        "ed1637cf-c85c-4038-821e-3a59a5f28342": 1.0,
        "bc910218-eaae-4cf8-b99a-e013ed888123": 1.0,
        "ffd8dfe9-05d6-44c3-87ac-cc74152f1c29": 1.0
      },
      "expected_yields": {
        "c5b781c7-e9c2-40ef-8785-197a595e55ed": 1.0
      },
      "reaction_extent": 1.0
    },
    {
      "identifier": "2ba6cd34-7864-43bf-8445-c24676f8a4f5",
      "reactants": [
        {
          "identifier": "b3e8a14b-8b1f-4c47-bfc5-78ec8f1c5b61",
          "smiles": "CNC(=O)c1nnc(NC(C)=O)cc1Nc1cccc(-c2ncn(C)n2)c1OC",
          "state_of_matter": "SOLID",
          "molecular_weight": 397.41114000000033,
          "density": 1.4,
          "mass": 397.41114000000033,
          "is_produced_by": [],
          "is_consumed_by": [
            "2ba6cd34-7864-43bf-8445-c24676f8a4f5"
          ],
          "provenance__density": "dummy estimator based on mw",
          "provenance__is_consumed_by": null,
          "provenance__is_produced_by": null,
          "provenance__mass": null,
          "provenance__molecular_weight": "periodic table",
          "provenance__smiles": null,
          "provenance__state_of_matter": "dummy estimator based on mw"
        }
      ],
      "reagents": [
        {
          "identifier": "1f18f6aa-5f71-44e6-ac9d-f50dfe218400",
          "smiles": "CO",
          "state_of_matter": "LIQUID",
          "molecular_weight": 32.04186000000001,
          "density": 1.0,
          "mass": 32.04186000000001,
          "is_produced_by": [],
          "is_consumed_by": [
            "2ba6cd34-7864-43bf-8445-c24676f8a4f5"
          ],
          "provenance__density": "dummy estimator based on mw",
          "provenance__is_consumed_by": null,
          "provenance__is_produced_by": null,
          "provenance__mass": null,
          "provenance__molecular_weight": "periodic table",
          "provenance__smiles": null,
          "provenance__state_of_matter": "dummy estimator based on mw"
        }
      ],
      "products": [
        {
          "identifier": "2a868197-c090-433a-963d-95ab60cd82b5",
          "smiles": "CNC(=O)c1nnc(N)cc1Nc1cccc(-c2ncn(C)n2)c1OC",
          "state_of_matter": "SOLID",
          "molecular_weight": 355.3744600000003,
          "density": 1.4,
          "mass": 355.3744600000003,
          "is_produced_by": [
            "2ba6cd34-7864-43bf-8445-c24676f8a4f5"
          ],
          "is_consumed_by": [],
          "provenance__density": "dummy estimator based on mw",
          "provenance__is_consumed_by": null,
          "provenance__is_produced_by": null,
          "provenance__mass": null,
          "provenance__molecular_weight": "periodic table",
          "provenance__smiles": null,
          "provenance__state_of_matter": "dummy estimator based on mw"
        }
      ],
      "stoichiometry": {
        "b3e8a14b-8b1f-4c47-bfc5-78ec8f1c5b61": 1.0,
        "2a868197-c090-433a-963d-95ab60cd82b5": -1.0
      },
      "temperature": 300.69668526649474,
      "intended_ratios": {
        "b3e8a14b-8b1f-4c47-bfc5-78ec8f1c5b61": 1.0,
        "1f18f6aa-5f71-44e6-ac9d-f50dfe218400": 1.0
      },
      "expected_yields": {
        "2a868197-c090-433a-963d-95ab60cd82b5": 1.0
      },
      "reaction_extent": 1.0
    },
    {
      "identifier": "a57d9b34-57d6-4aa4-b5e5-daa72c66c529",
      "reactants": [
        {
          "identifier": "ac7fd57b-f98c-492c-81b3-861d61928e7d",
          "smiles": "COC(=O)c1cc(Br)cc(N)c1C",
          "state_of_matter": "SOLID",
          "molecular_weight": 244.08519999999987,
          "density": 1.4,
          "mass": 244.08519999999987,
          "is_produced_by": [],
          "is_consumed_by": [
            "a57d9b34-57d6-4aa4-b5e5-daa72c66c529"
          ],
          "provenance__density": "dummy estimator based on mw",
          "provenance__is_consumed_by": null,
          "provenance__is_produced_by": null,
          "provenance__mass": null,
          "provenance__molecular_weight": "periodic table",
          "provenance__smiles": null,
          "provenance__state_of_matter": "dummy estimator based on mw"
        },
        {
          "identifier": "ebafb24c-b0d9-44dd-b1d6-88226e51874a",
          "smiles": "O=C1CCOCC1",
          "state_of_matter": "LIQUID",
          "molecular_weight": 100.11582000000004,
          "density": 1.0,
          "mass": 100.11582000000004,
          "is_produced_by": [],
          "is_consumed_by": [
            "a57d9b34-57d6-4aa4-b5e5-daa72c66c529"
          ],
          "provenance__density": "dummy estimator based on mw",
          "provenance__is_consumed_by": null,
          "provenance__is_produced_by": null,
          "provenance__mass": null,
          "provenance__molecular_weight": "periodic table",
          "provenance__smiles": null,
          "provenance__state_of_matter": "dummy estimator based on mw"
        }
      ],
      "reagents": [
        {
          "identifier": "7f7ed1e2-5416-4ced-8ba4-ddd1b8daf7c5",
          "smiles": "CO",
          "state_of_matter": "LIQUID",
          "molecular_weight": 32.04186000000001,
          "density": 1.0,
          "mass": 32.04186000000001,
          "is_produced_by": [],
          "is_consumed_by": [
            "a57d9b34-57d6-4aa4-b5e5-daa72c66c529"
          ],
          "provenance__density": "dummy estimator based on mw",
          "provenance__is_consumed_by": null,
          "provenance__is_produced_by": null,
          "provenance__mass": null,
          "provenance__molecular_weight": "periodic table",
          "provenance__smiles": null,
          "provenance__state_of_matter": "dummy estimator based on mw"
        },
        {
          "identifier": "9a08fc20-4c76-4cfc-82bf-65cd6a2d6313",
          "smiles": "CC(=O)O",
          "state_of_matter": "LIQUID",
          "molecular_weight": 60.051959999999994,
          "density": 1.0,
          "mass": 60.051959999999994,
          "is_produced_by": [],
          "is_consumed_by": [
            "a57d9b34-57d6-4aa4-b5e5-daa72c66c529"
          ],
          "provenance__density": "dummy estimator based on mw",
          "provenance__is_consumed_by": null,
          "provenance__is_produced_by": null,
          "provenance__mass": null,
          "provenance__molecular_weight": "periodic table",
          "provenance__smiles": null,
          "provenance__state_of_matter": "dummy estimator based on mw"
        },
        {
          "identifier": "27998c75-cf3b-45fc-b3a8-fb994782e451",
          "smiles": "[BH3-]C#N.[Na+]",
          "state_of_matter": "SOLID",
          "molecular_weight": 62.841989999999996,
          "density": 1.4,
          "mass": 62.841989999999996,
          "is_produced_by": [],
          "is_consumed_by": [
            "a57d9b34-57d6-4aa4-b5e5-daa72c66c529"
          ],
          "provenance__density": "dummy estimator based on mw",
          "provenance__is_consumed_by": null,
          "provenance__is_produced_by": null,
          "provenance__mass": null,
          "provenance__molecular_weight": "periodic table",
          "provenance__smiles": null,
          "provenance__state_of_matter": "dummy estimator based on mw"
        }
      ],
      "products": [
        {
          "identifier": "1806792a-37af-4e77-800b-23ce6c539348",
          "smiles": "COC(=O)c1cc(Br)cc(NC2CCOCC2)c1C",
          "state_of_matter": "SOLID",
          "molecular_weight": 328.2016200000002,
          "density": 1.4,
          "mass": 328.2016200000002,
          "is_produced_by": [
            "a57d9b34-57d6-4aa4-b5e5-daa72c66c529"
          ],
          "is_consumed_by": [],
          "provenance__density": "dummy estimator based on mw",
          "provenance__is_consumed_by": null,
          "provenance__is_produced_by": null,
          "provenance__mass": null,
          "provenance__molecular_weight": "periodic table",
          "provenance__smiles": null,
          "provenance__state_of_matter": "dummy estimator based on mw"
        }
      ],
      "stoichiometry": {
        "ac7fd57b-f98c-492c-81b3-861d61928e7d": 1.0,
        "ebafb24c-b0d9-44dd-b1d6-88226e51874a": 1.0,
        "1806792a-37af-4e77-800b-23ce6c539348": -1.0
      },
      "temperature": 295.46120129227637,
      "intended_ratios": {
        "ac7fd57b-f98c-492c-81b3-861d61928e7d": 1.0,
        "ebafb24c-b0d9-44dd-b1d6-88226e51874a": 1.0,
        "7f7ed1e2-5416-4ced-8ba4-ddd1b8daf7c5": 1.0,
        "9a08fc20-4c76-4cfc-82bf-65cd6a2d6313": 1.0,
        "27998c75-cf3b-45fc-b3a8-fb994782e451": 1.0
      },
      "expected_yields": {
        "1806792a-37af-4e77-800b-23ce6c539348": 1.0
      },
      "reaction_extent": 1.0
    },
    {
      "identifier": "2b601c91-ecdd-46dd-a293-288ae4fea0d5",
      "reactants": [
        {
          "identifier": "1b6272db-1cb3-4555-8c1b-a1f4639a5cae",
          "smiles": "COC(=O)c1nnc(Cl)cc1Cl",
          "state_of_matter": "SOLID",
          "molecular_weight": 207.01415999999992,
          "density": 1.4,
          "mass": 207.01415999999992,
          "is_produced_by": [],
          "is_consumed_by": [
            "2b601c91-ecdd-46dd-a293-288ae4fea0d5"
          ],
          "provenance__density": "dummy estimator based on mw",
          "provenance__is_consumed_by": null,
          "provenance__is_produced_by": null,
          "provenance__mass": null,
          "provenance__molecular_weight": "periodic table",
          "provenance__smiles": null,
          "provenance__state_of_matter": "dummy estimator based on mw"
        },
        {
          "identifier": "5fb50f43-0afe-43e9-bd48-dcee773d230f",
          "smiles": "COc1c(N)cccc1-c1ncn(C)n1",
          "state_of_matter": "SOLID",
          "molecular_weight": 205.2364199999999,
          "density": 1.4,
          "mass": 205.2364199999999,
          "is_produced_by": [],
          "is_consumed_by": [
            "2b601c91-ecdd-46dd-a293-288ae4fea0d5"
          ],
          "provenance__density": "dummy estimator based on mw",
          "provenance__is_consumed_by": null,
          "provenance__is_produced_by": null,
          "provenance__mass": null,
          "provenance__molecular_weight": "periodic table",
          "provenance__smiles": null,
          "provenance__state_of_matter": "dummy estimator based on mw"
        }
      ],
      "reagents": [
        {
          "identifier": "769c181a-d8d7-42e4-bfce-6c60ff608ad8",
          "smiles": "C1CCOC1",
          "state_of_matter": "LIQUID",
          "molecular_weight": 72.10572000000005,
          "density": 1.0,
          "mass": 72.10572000000005,
          "is_produced_by": [],
          "is_consumed_by": [
            "2b601c91-ecdd-46dd-a293-288ae4fea0d5"
          ],
          "provenance__density": "dummy estimator based on mw",
          "provenance__is_consumed_by": null,
          "provenance__is_produced_by": null,
          "provenance__mass": null,
          "provenance__molecular_weight": "periodic table",
          "provenance__smiles": null,
          "provenance__state_of_matter": "dummy estimator based on mw"
        },
        {
          "identifier": "64a4c908-e8b8-4eda-91be-383b25a17f6f",
          "smiles": "[Li]N([Si](C)(C)C)[Si](C)(C)C",
          "state_of_matter": "SOLID",
          "molecular_weight": 167.3258199999998,
          "density": 1.4,
          "mass": 167.3258199999998,
          "is_produced_by": [],
          "is_consumed_by": [
            "2b601c91-ecdd-46dd-a293-288ae4fea0d5"
          ],
          "provenance__density": "dummy estimator based on mw",
          "provenance__is_consumed_by": null,
          "provenance__is_produced_by": null,
          "provenance__mass": null,
          "provenance__molecular_weight": "periodic table",
          "provenance__smiles": null,
          "provenance__state_of_matter": "dummy estimator based on mw"
        }
      ],
      "products": [
        {
          "identifier": "9c749b89-ab66-4509-8237-278d72e45a13",
          "smiles": "COC(=O)c1nnc(Cl)cc1Nc1cccc(-c2ncn(C)n2)c1OC",
          "state_of_matter": "SOLID",
          "molecular_weight": 375.7896400000002,
          "density": 1.4,
          "mass": 375.7896400000002,
          "is_produced_by": [
            "2b601c91-ecdd-46dd-a293-288ae4fea0d5"
          ],
          "is_consumed_by": [],
          "provenance__density": "dummy estimator based on mw",
          "provenance__is_consumed_by": null,
          "provenance__is_produced_by": null,
          "provenance__mass": null,
          "provenance__molecular_weight": "periodic table",
          "provenance__smiles": null,
          "provenance__state_of_matter": "dummy estimator based on mw"
        }
      ],
      "stoichiometry": {
        "1b6272db-1cb3-4555-8c1b-a1f4639a5cae": 1.0,
        "5fb50f43-0afe-43e9-bd48-dcee773d230f": 1.0,
        "9c749b89-ab66-4509-8237-278d72e45a13": -1.0
      },
      "temperature": 277.9126183569431,
      "intended_ratios": {
        "1b6272db-1cb3-4555-8c1b-a1f4639a5cae": 1.0,
        "5fb50f43-0afe-43e9-bd48-dcee773d230f": 1.0,
        "769c181a-d8d7-42e4-bfce-6c60ff608ad8": 1.0,
        "64a4c908-e8b8-4eda-91be-383b25a17f6f": 1.0
      },
      "expected_yields": {
        "9c749b89-ab66-4509-8237-278d72e45a13": 1.0
      },
      "reaction_extent": 1.0
    }
  ],
  "molecular_nodes": [
    "Brc1ccc(CN2CCOCC2)cc1",
    "C1CCOC1",
    "C1COCCO1",
    "C=Cc1ccccc1",
    "CC#N",
    "CC(=O)C1CCC2C3CCC4CC(=O)CCC4(C)C3CCC12C",
    "CC(=O)C1CCC2C3CCC4CC(O)CCC4(C)C3CCC12C",
    "CC(=O)O",
    "CC(=O)[O-].CC(=O)[O-].[Pd+2]",
    "CC(C)O",
    "CC(C)c1c(O)cc(Br)cc1O",
    "CC(C)c1c(O)cc(C=Cc2ccccc2)cc1O",
    "CC(N)=O",
    "CC1(C)OB(B2OC(C)(C)C(C)(C)O2)OC1(C)C",
    "CC1(C)c2cccc(P(c3ccccc3)c3ccccc3)c2Oc2c(P(c3ccccc3)c3ccccc3)cccc21",
    "CCBr",
    "CCN(C(C)C)C(C)C",
    "CCN(CC)CC",
    "CCN(c1cc(-c2ccc(CN3CCOCC3)cc2)cc(C(=O)NCc2c(C)cc(C)[nH]c2=O)c1C)C1CCOCC1",
    "CCN(c1cc(B(O)O)cc(C(=O)NCc2c(C)cc(C)[nH]c2=O)c1C)C1CCOCC1",
    "CCN(c1cc(Br)cc(C(=O)NCc2c(C)cc(C)[nH]c2=O)c1C)C1CCOCC1",
    "CCN(c1cc(Br)cc(C(=O)OC)c1C)C1CCOCC1",
    "CCO",
    "CN",
    "CN(C)C(On1nnc2cccnc21)=[N+](C)C.F[P-](F)(F)(F)(F)F",
    "CN(C)C=O",
    "CNC(=O)c1nnc(Cl)cc1Nc1cccc(-c2ncn(C)n2)c1OC",
    "CNC(=O)c1nnc(N)cc1Nc1cccc(-c2ncn(C)n2)c1OC",
    "CNC(=O)c1nnc(NC(=O)C2CC2)cc1Nc1cccc(-c2ncn(C)n2)c1OC",
    "CNC(=O)c1nnc(NC(C)=O)cc1Nc1cccc(-c2ncn(C)n2)c1OC",
    "CO",
    "COC(=O)c1cc(Br)cc(N)c1C",
    "COC(=O)c1cc(Br)cc(NC2CCOCC2)c1C",
    "COC(=O)c1nnc(Cl)cc1Cl",
    "COC(=O)c1nnc(Cl)cc1Nc1cccc(-c2ncn(C)n2)c1OC",
    "COc1c(N)cccc1-c1ncn(C)n1",
    "Cc1cc(C)c(CN)c(=O)[nH]1",
    "O",
    "O=C(O)C1CC1",
    "O=C(O[Cs])O[Cs]",
    "O=C(O[Na])O[Na]",
    "O=C1CCOCC1",
    "O=S(=O)(O)O",
    "Oc1cc(O)cc(Br)c1",
    "[BH3-]C#N.[Na+]",
    "[Li]N([Si](C)(C)C)[Si](C)(C)C",
    "[Na]",
    "[Pd]",
    "c1ccc(P(c2ccccc2)c2ccccc2)cc1",
    "c1ccc([PH](c2ccccc2)(c2ccccc2)[Pd]([PH](c2ccccc2)(c2ccccc2)c2ccccc2)([PH](c2ccccc2)(c2ccccc2)c2ccccc2)[PH](c2ccccc2)(c2ccccc2)c2ccccc2)cc1"
  ],
  "edges": [
    [
      "188fbcba-960b-46f5-b63f-d348749618c5",
      "CC(C)c1c(O)cc(Br)cc1O"
    ],
    [
      "1a51874b-3e0d-4cf5-94f3-7056b84c6296",
      "CNC(=O)c1nnc(NC(=O)C2CC2)cc1Nc1cccc(-c2ncn(C)n2)c1OC"
    ],
    [
      "2b601c91-ecdd-46dd-a293-288ae4fea0d5",
      "COC(=O)c1nnc(Cl)cc1Nc1cccc(-c2ncn(C)n2)c1OC"
    ],
    [
      "2ba6cd34-7864-43bf-8445-c24676f8a4f5",
      "CNC(=O)c1nnc(N)cc1Nc1cccc(-c2ncn(C)n2)c1OC"
    ],
    [
      "33dbd1a5-584d-48c9-bd61-36801e580afd",
      "CCN(c1cc(B(O)O)cc(C(=O)NCc2c(C)cc(C)[nH]c2=O)c1C)C1CCOCC1"
    ],
    [
      "3e8f4654-744a-45fc-8d13-746d54f3f1cf",
      "CCN(c1cc(Br)cc(C(=O)OC)c1C)C1CCOCC1"
    ],
    [
      "758c5791-1729-4872-be89-a7b758ca7113",
      "CNC(=O)c1nnc(Cl)cc1Nc1cccc(-c2ncn(C)n2)c1OC"
    ],
    [
      "7d870ced-cf77-438b-8823-41c78d0ec1de",
      "CC(C)c1c(O)cc(C=Cc2ccccc2)cc1O"
    ],
    [
      "9260af17-13c2-4c38-b551-99dffb47a6f6",
      "CCN(c1cc(Br)cc(C(=O)NCc2c(C)cc(C)[nH]c2=O)c1C)C1CCOCC1"
    ],
    [
      "Brc1ccc(CN2CCOCC2)cc1",
      "b038c2d0-c45c-4ee0-a2c3-4d2ba76ef1f8"
    ],
    [
      "C1CCOC1",
      "2b601c91-ecdd-46dd-a293-288ae4fea0d5"
    ],
    [
      "C1CCOC1",
      "758c5791-1729-4872-be89-a7b758ca7113"
    ],
    [
      "C1COCCO1",
      "33dbd1a5-584d-48c9-bd61-36801e580afd"
    ],
    [
      "C1COCCO1",
      "b038c2d0-c45c-4ee0-a2c3-4d2ba76ef1f8"
    ],
    [
      "C1COCCO1",
      "cbc45a31-230b-4351-9a19-95ab98bdb51d"
    ],
    [
      "C=Cc1ccccc1",
      "7d870ced-cf77-438b-8823-41c78d0ec1de"
    ],
    [
      "CC#N",
      "3e8f4654-744a-45fc-8d13-746d54f3f1cf"
    ],
    [
      "CC(=O)C1CCC2C3CCC4CC(=O)CCC4(C)C3CCC12C",
      "e2abecf3-cd1b-43a8-8548-5fee404a7908"
    ],
    [
      "CC(=O)O",
      "9260af17-13c2-4c38-b551-99dffb47a6f6"
    ],
    [
      "CC(=O)O",
      "a57d9b34-57d6-4aa4-b5e5-daa72c66c529"
    ],
    [
      "CC(=O)[O-].CC(=O)[O-].[Pd+2]",
      "7d870ced-cf77-438b-8823-41c78d0ec1de"
    ],
    [
      "CC(C)O",
      "188fbcba-960b-46f5-b63f-d348749618c5"
    ],
    [
      "CC(C)c1c(O)cc(Br)cc1O",
      "7d870ced-cf77-438b-8823-41c78d0ec1de"
    ],
    [
      "CC(N)=O",
      "cbc45a31-230b-4351-9a19-95ab98bdb51d"
    ],
    [
      "CC1(C)OB(B2OC(C)(C)C(C)(C)O2)OC1(C)C",
      "33dbd1a5-584d-48c9-bd61-36801e580afd"
    ],
    [
      "CC1(C)c2cccc(P(c3ccccc3)c3ccccc3)c2Oc2c(P(c3ccccc3)c3ccccc3)cccc21",
      "cbc45a31-230b-4351-9a19-95ab98bdb51d"
    ],
    [
      "CCBr",
      "3e8f4654-744a-45fc-8d13-746d54f3f1cf"
    ],
    [
      "CCN(C(C)C)C(C)C",
      "1a51874b-3e0d-4cf5-94f3-7056b84c6296"
    ],
    [
      "CCN(CC)CC",
      "7d870ced-cf77-438b-8823-41c78d0ec1de"
    ],
    [
      "CCN(c1cc(B(O)O)cc(C(=O)NCc2c(C)cc(C)[nH]c2=O)c1C)C1CCOCC1",
      "b038c2d0-c45c-4ee0-a2c3-4d2ba76ef1f8"
    ],
    [
      "CCN(c1cc(Br)cc(C(=O)NCc2c(C)cc(C)[nH]c2=O)c1C)C1CCOCC1",
      "33dbd1a5-584d-48c9-bd61-36801e580afd"
    ],
    [
      "CCN(c1cc(Br)cc(C(=O)OC)c1C)C1CCOCC1",
      "9260af17-13c2-4c38-b551-99dffb47a6f6"
    ],
    [
      "CCO",
      "e2abecf3-cd1b-43a8-8548-5fee404a7908"
    ],
    [
      "CN",
      "758c5791-1729-4872-be89-a7b758ca7113"
    ],
    [
      "CN(C)C(On1nnc2cccnc21)=[N+](C)C.F[P-](F)(F)(F)(F)F",
      "1a51874b-3e0d-4cf5-94f3-7056b84c6296"
    ],
    [
      "CN(C)C=O",
      "1a51874b-3e0d-4cf5-94f3-7056b84c6296"
    ],
    [
      "CN(C)C=O",
      "7d870ced-cf77-438b-8823-41c78d0ec1de"
    ],
    [
      "CNC(=O)c1nnc(Cl)cc1Nc1cccc(-c2ncn(C)n2)c1OC",
      "cbc45a31-230b-4351-9a19-95ab98bdb51d"
    ],
    [
      "CNC(=O)c1nnc(N)cc1Nc1cccc(-c2ncn(C)n2)c1OC",
      "1a51874b-3e0d-4cf5-94f3-7056b84c6296"
    ],
    [
      "CNC(=O)c1nnc(NC(C)=O)cc1Nc1cccc(-c2ncn(C)n2)c1OC",
      "2ba6cd34-7864-43bf-8445-c24676f8a4f5"
    ],
    [
      "CO",
      "2ba6cd34-7864-43bf-8445-c24676f8a4f5"
    ],
    [
      "CO",
      "9260af17-13c2-4c38-b551-99dffb47a6f6"
    ],
    [
      "CO",
      "a57d9b34-57d6-4aa4-b5e5-daa72c66c529"
    ],
    [
      "COC(=O)c1cc(Br)cc(N)c1C",
      "a57d9b34-57d6-4aa4-b5e5-daa72c66c529"
    ],
    [
      "COC(=O)c1cc(Br)cc(NC2CCOCC2)c1C",
      "3e8f4654-744a-45fc-8d13-746d54f3f1cf"
    ],
    [
      "COC(=O)c1nnc(Cl)cc1Cl",
      "2b601c91-ecdd-46dd-a293-288ae4fea0d5"
    ],
    [
      "COC(=O)c1nnc(Cl)cc1Nc1cccc(-c2ncn(C)n2)c1OC",
      "758c5791-1729-4872-be89-a7b758ca7113"
    ],
    [
      "COc1c(N)cccc1-c1ncn(C)n1",
      "2b601c91-ecdd-46dd-a293-288ae4fea0d5"
    ],
    [
      "Cc1cc(C)c(CN)c(=O)[nH]1",
      "9260af17-13c2-4c38-b551-99dffb47a6f6"
    ],
    [
      "O",
      "33dbd1a5-584d-48c9-bd61-36801e580afd"
    ],
    [
      "O",
      "3e8f4654-744a-45fc-8d13-746d54f3f1cf"
    ],
    [
      "O",
      "b038c2d0-c45c-4ee0-a2c3-4d2ba76ef1f8"
    ],
    [
      "O=C(O)C1CC1",
      "1a51874b-3e0d-4cf5-94f3-7056b84c6296"
    ],
    [
      "O=C(O[Cs])O[Cs]",
      "3e8f4654-744a-45fc-8d13-746d54f3f1cf"
    ],
    [
      "O=C(O[Cs])O[Cs]",
      "cbc45a31-230b-4351-9a19-95ab98bdb51d"
    ],
    [
      "O=C(O[Na])O[Na]",
      "33dbd1a5-584d-48c9-bd61-36801e580afd"
    ],
    [
      "O=C(O[Na])O[Na]",
      "b038c2d0-c45c-4ee0-a2c3-4d2ba76ef1f8"
    ],
    [
      "O=C1CCOCC1",
      "a57d9b34-57d6-4aa4-b5e5-daa72c66c529"
    ],
    [
      "O=S(=O)(O)O",
      "188fbcba-960b-46f5-b63f-d348749618c5"
    ],
    [
      "Oc1cc(O)cc(Br)c1",
      "188fbcba-960b-46f5-b63f-d348749618c5"
    ],
    [
      "[BH3-]C#N.[Na+]",
      "a57d9b34-57d6-4aa4-b5e5-daa72c66c529"
    ],
    [
      "[Li]N([Si](C)(C)C)[Si](C)(C)C",
      "2b601c91-ecdd-46dd-a293-288ae4fea0d5"
    ],
    [
      "[Li]N([Si](C)(C)C)[Si](C)(C)C",
      "758c5791-1729-4872-be89-a7b758ca7113"
    ],
    [
      "[Na]",
      "e2abecf3-cd1b-43a8-8548-5fee404a7908"
    ],
    [
      "[Pd]",
      "cbc45a31-230b-4351-9a19-95ab98bdb51d"
    ],
    [
      "a57d9b34-57d6-4aa4-b5e5-daa72c66c529",
      "COC(=O)c1cc(Br)cc(NC2CCOCC2)c1C"
    ],
    [
      "b038c2d0-c45c-4ee0-a2c3-4d2ba76ef1f8",
      "CCN(c1cc(-c2ccc(CN3CCOCC3)cc2)cc(C(=O)NCc2c(C)cc(C)[nH]c2=O)c1C)C1CCOCC1"
    ],
    [
      "c1ccc(P(c2ccccc2)c2ccccc2)cc1",
      "7d870ced-cf77-438b-8823-41c78d0ec1de"
    ],
    [
      "c1ccc([PH](c2ccccc2)(c2ccccc2)[Pd]([PH](c2ccccc2)(c2ccccc2)c2ccccc2)([PH](c2ccccc2)(c2ccccc2)c2ccccc2)[PH](c2ccccc2)(c2ccccc2)c2ccccc2)cc1",
      "33dbd1a5-584d-48c9-bd61-36801e580afd"
    ],
    [
      "c1ccc([PH](c2ccccc2)(c2ccccc2)[Pd]([PH](c2ccccc2)(c2ccccc2)c2ccccc2)([PH](c2ccccc2)(c2ccccc2)c2ccccc2)[PH](c2ccccc2)(c2ccccc2)c2ccccc2)cc1",
      "b038c2d0-c45c-4ee0-a2c3-4d2ba76ef1f8"
    ],
    [
      "cbc45a31-230b-4351-9a19-95ab98bdb51d",
      "CNC(=O)c1nnc(NC(C)=O)cc1Nc1cccc(-c2ncn(C)n2)c1OC"
    ],
    [
      "e2abecf3-cd1b-43a8-8548-5fee404a7908",
      "CC(=O)C1CCC2C3CCC4CC(O)CCC4(C)C3CCC12C"
    ]
  ]
}