{
  "identifier": "1cca517f-3f36-4d49-8aa3-e9b74ede6cf5",
  "operation_graphs": [
    {
      "identifier": "f68b9d0e-f15c-468b-ad32-2f98470192a1",
      "reaction": {
        "identifier": "fba36c62-a8af-4bcb-89d4-a388b6a0804b",
        "reactants": [
          {
            "identifier": "3ece6de1-cec2-4ecf-a6c8-156d9c4e8310",
            "smiles": "FC(F)(F)Oc1ccc(CBr)cc1",
            "state_of_matter": "SOLID",
            "molecular_weight": 255.03184959999987,
            "density": 1.4,
            "mass": 2.5503184959999987,
            "is_produced_by": [],
            "is_consumed_by": [
              "fba36c62-a8af-4bcb-89d4-a388b6a0804b"
            ],
            "provenance__density": "dummy estimator based on mw",
            "provenance__is_consumed_by": null,
            "provenance__is_produced_by": null,
            "provenance__mass": null,
            "provenance__molecular_weight": "periodic table",
            "provenance__smiles": null,
            "provenance__state_of_matter": "dummy estimator based on mw"
          },
          {
            "identifier": "4e1d67e3-513f-4f9f-9a1e-d61ad815cb1c",
            "smiles": "O=[N+]([O-])c1cn(CC(O)COCc2ccccc2)c(Br)n1",
            "state_of_matter": "SOLID",
            "molecular_weight": 357.1799000000002,
            "density": 1.4,
            "mass": 3.571799000000002,
            "is_produced_by": [],
            "is_consumed_by": [
              "fba36c62-a8af-4bcb-89d4-a388b6a0804b"
            ],
            "provenance__density": "dummy estimator based on mw",
            "provenance__is_consumed_by": null,
            "provenance__is_produced_by": null,
            "provenance__mass": null,
            "provenance__molecular_weight": "periodic table",
            "provenance__smiles": null,
            "provenance__state_of_matter": "dummy estimator based on mw"
          }
        ],
        "reagents": [
          {
            "identifier": "6dca2c1c-138e-48af-b1b7-fd6d91ac2fdf",
            "smiles": "CN(C)C=O",
            "state_of_matter": "LIQUID",
            "molecular_weight": 73.09378000000004,
            "density": 1.0,
            "mass": 0.7309378000000004,
            "is_produced_by": [],
            "is_consumed_by": [
              "fba36c62-a8af-4bcb-89d4-a388b6a0804b"
            ],
            "provenance__density": "dummy estimator based on mw",
            "provenance__is_consumed_by": null,
            "provenance__is_produced_by": null,
            "provenance__mass": null,
            "provenance__molecular_weight": "periodic table",
            "provenance__smiles": null,
            "provenance__state_of_matter": "dummy estimator based on mw"
          },
          {
            "identifier": "17c70404-6803-4cf7-a825-037b4aff13dc",
            "smiles": "[NaH]",
            "state_of_matter": "SOLID",
            "molecular_weight": 23.99771,
            "density": 1.4,
            "mass": 0.23997710000000003,
            "is_produced_by": [],
            "is_consumed_by": [
              "fba36c62-a8af-4bcb-89d4-a388b6a0804b"
            ],
            "provenance__density": "dummy estimator based on mw",
            "provenance__is_consumed_by": null,
            "provenance__is_produced_by": null,
            "provenance__mass": null,
            "provenance__molecular_weight": "periodic table",
            "provenance__smiles": null,
            "provenance__state_of_matter": "dummy estimator based on mw"
          }
        ],
        "products": [
          {
            "identifier": "5c22be8b-dc43-4eda-9dc3-7a2557356d55",
            "smiles": "O=[N+]([O-])c1cn(CC(COCc2ccccc2)OCc2ccc(OC(F)(F)F)cc2)c(Br)n1",
            "state_of_matter": "SOLID",
            "molecular_weight": 531.2998095999991,
            "density": 1.4,
            "mass": 5.312998095999991,
            "is_produced_by": [
              "fba36c62-a8af-4bcb-89d4-a388b6a0804b"
            ],
            "is_consumed_by": [],
            "provenance__density": "dummy estimator based on mw",
            "provenance__is_consumed_by": null,
            "provenance__is_produced_by": null,
            "provenance__mass": null,
            "provenance__molecular_weight": "periodic table",
            "provenance__smiles": null,
            "provenance__state_of_matter": "dummy estimator based on mw"
          }
        ],
        "stoichiometry": {
          "3ece6de1-cec2-4ecf-a6c8-156d9c4e8310": 1.0,
          "4e1d67e3-513f-4f9f-9a1e-d61ad815cb1c": 1.0,
          "5c22be8b-dc43-4eda-9dc3-7a2557356d55": -1.0
        },
        "temperature": 279.3248981773853,
        "intended_ratios": {
          "3ece6de1-cec2-4ecf-a6c8-156d9c4e8310": 1.0,
          "4e1d67e3-513f-4f9f-9a1e-d61ad815cb1c": 1.0,
          "6dca2c1c-138e-48af-b1b7-fd6d91ac2fdf": 1.0,
          "17c70404-6803-4cf7-a825-037b4aff13dc": 1.0
        },
        "expected_yields": {
          "5c22be8b-dc43-4eda-9dc3-7a2557356d55": 1.0
        },
        "reaction_extent": 0.01
      },
      "functional_modules": [],
      "make_solutions": {
        "17c70404-6803-4cf7-a825-037b4aff13dc": {
          "identifier": "d163ab25-6e89-453a-9376-891c91c960c9",
          "type": "MakeSolution",
          "process_times": {},
          "from_reaction": "fba36c62-a8af-4bcb-89d4-a388b6a0804b",
          "annotations": {
            "solid_chemical": {
              "identifier": "17c70404-6803-4cf7-a825-037b4aff13dc",
              "smiles": "[NaH]",
              "state_of_matter": "SOLID",
              "molecular_weight": 23.99771,
              "density": 1.4,
              "mass": 0.23997710000000003,
              "is_produced_by": [],
              "is_consumed_by": [
                "fba36c62-a8af-4bcb-89d4-a388b6a0804b"
              ],
              "provenance__density": "dummy estimator based on mw",
              "provenance__is_consumed_by": null,
              "provenance__is_produced_by": null,
              "provenance__mass": null,
              "provenance__molecular_weight": "periodic table",
              "provenance__smiles": null,
              "provenance__state_of_matter": "dummy estimator based on mw"
            },
            "liquid_chemical": {
              "identifier": "8ae16c67-b54f-45bf-8bae-c764547fb922",
              "smiles": "CN(C)C=O",
              "state_of_matter": "LIQUID",
              "molecular_weight": 73.09378000000004,
              "density": 1.0,
              "mass": 0.0275708464999347,
              "is_produced_by": [],
              "is_consumed_by": [
                "fba36c62-a8af-4bcb-89d4-a388b6a0804b"
              ],
              "provenance__density": "dummy estimator based on mw",
              "provenance__is_consumed_by": null,
              "provenance__is_produced_by": null,
              "provenance__mass": null,
              "provenance__molecular_weight": "periodic table",
              "provenance__smiles": null,
              "provenance__state_of_matter": "dummy estimator based on mw"
            },
            "notes": "making CN(C)C=O solution for [NaH]"
          },
          "precedents": []
        },
        "3ece6de1-cec2-4ecf-a6c8-156d9c4e8310": {
          "identifier": "751e7153-4f65-4782-953d-eb7da55dffa0",
          "type": "MakeSolution",
          "process_times": {},
          "from_reaction": "fba36c62-a8af-4bcb-89d4-a388b6a0804b",
          "annotations": {
            "solid_chemical": {
              "identifier": "3ece6de1-cec2-4ecf-a6c8-156d9c4e8310",
              "smiles": "FC(F)(F)Oc1ccc(CBr)cc1",
              "state_of_matter": "SOLID",
              "molecular_weight": 255.03184959999987,
              "density": 1.4,
              "mass": 2.5503184959999987,
              "is_produced_by": [],
              "is_consumed_by": [
                "fba36c62-a8af-4bcb-89d4-a388b6a0804b"
              ],
              "provenance__density": "dummy estimator based on mw",
              "provenance__is_consumed_by": null,
              "provenance__is_produced_by": null,
              "provenance__mass": null,
              "provenance__molecular_weight": "periodic table",
              "provenance__smiles": null,
              "provenance__state_of_matter": "dummy estimator based on mw"
            },
            "liquid_chemical": {
              "identifier": "cf3b3fef-b6da-46b0-92ef-b0040a1ec382",
              "smiles": "CN(C)C=O",
              "state_of_matter": "LIQUID",
              "molecular_weight": 73.09378000000004,
              "density": 1.0,
              "mass": 0.2930047899535426,
              "is_produced_by": [],
              "is_consumed_by": [
                "fba36c62-a8af-4bcb-89d4-a388b6a0804b"
              ],
              "provenance__density": "dummy estimator based on mw",
              "provenance__is_consumed_by": null,
              "provenance__is_produced_by": null,
              "provenance__mass": null,
              "provenance__molecular_weight": "periodic table",
              "provenance__smiles": null,
              "provenance__state_of_matter": "dummy estimator based on mw"
            },
            "notes": "making CN(C)C=O solution for FC(F)(F)Oc1ccc(CBr)cc1"
          },
          "precedents": []
        },
        "4e1d67e3-513f-4f9f-9a1e-d61ad815cb1c": {
          "identifier": "aa0f80b9-4951-410a-bb19-5d8bc16be789",
          "type": "MakeSolution",
          "process_times": {},
          "from_reaction": "fba36c62-a8af-4bcb-89d4-a388b6a0804b",
          "annotations": {
            "solid_chemical": {
              "identifier": "4e1d67e3-513f-4f9f-9a1e-d61ad815cb1c",
              "smiles": "O=[N+]([O-])c1cn(CC(O)COCc2ccccc2)c(Br)n1",
              "state_of_matter": "SOLID",
              "molecular_weight": 357.1799000000002,
              "density": 1.4,
              "mass": 3.571799000000002,
              "is_produced_by": [],
              "is_consumed_by": [
                "fba36c62-a8af-4bcb-89d4-a388b6a0804b"
              ],
              "provenance__density": "dummy estimator based on mw",
              "provenance__is_consumed_by": null,
              "provenance__is_produced_by": null,
              "provenance__mass": null,
              "provenance__molecular_weight": "periodic table",
              "provenance__smiles": null,
              "provenance__state_of_matter": "dummy estimator based on mw"
            },
            "liquid_chemical": {
              "identifier": "aa06451c-bd89-4dfb-b1c9-059587bf172d",
              "smiles": "CN(C)C=O",
              "state_of_matter": "LIQUID",
              "molecular_weight": 73.09378000000004,
              "density": 1.0,
              "mass": 0.41036216354652305,
              "is_produced_by": [],
              "is_consumed_by": [
                "fba36c62-a8af-4bcb-89d4-a388b6a0804b"
              ],
              "provenance__density": "dummy estimator based on mw",
              "provenance__is_consumed_by": null,
              "provenance__is_produced_by": null,
              "provenance__mass": null,
              "provenance__molecular_weight": "periodic table",
              "provenance__smiles": null,
              "provenance__state_of_matter": "dummy estimator based on mw"
            },
            "notes": "making CN(C)C=O solution for O=[N+]([O-])c1cn(CC(O)COCc2ccccc2)c(Br)n1"
          },
          "precedents": [
            "03fbd900-3714-47cb-80f2-b18882d7acdf"
          ]
        }
      },
      "add_solutions": {
        "17c70404-6803-4cf7-a825-037b4aff13dc": {
          "identifier": "84939a1a-b22c-4431-bf6b-caa60984e461",
          "type": "TransferLiquid",
          "process_times": {},
          "from_reaction": "fba36c62-a8af-4bcb-89d4-a388b6a0804b",
          "annotations": {
            "chemical": {
              "identifier": "4ab0d042-1535-4d6a-bcbe-f79ebdf3b2ac",
              "smiles": "CN(C)C=O.[NaH]",
              "state_of_matter": "LIQUID",
              "molecular_weight": null,
              "density": 1.3445764953236197,
              "mass": 0.26754794649993474,
              "is_produced_by": [],
              "is_consumed_by": [
                "fba36c62-a8af-4bcb-89d4-a388b6a0804b"
              ],
              "provenance__density": "dummy estimator based on mw",
              "provenance__is_consumed_by": null,
              "provenance__is_produced_by": null,
              "provenance__mass": null,
              "provenance__molecular_weight": "periodic table",
              "provenance__smiles": null,
              "provenance__state_of_matter": "dummy estimator based on mw"
            },
            "notes": "add solution [NaH] in CN(C)C=O"
          },
          "precedents": [
            "d163ab25-6e89-453a-9376-891c91c960c9"
          ]
        },
        "3ece6de1-cec2-4ecf-a6c8-156d9c4e8310": {
          "identifier": "e6133119-db4e-4f9b-91b4-bea9604db6e1",
          "type": "TransferLiquid",
          "process_times": {},
          "from_reaction": "fba36c62-a8af-4bcb-89d4-a388b6a0804b",
          "annotations": {
            "chemical": {
              "identifier": "b49d2188-5999-4ed9-84aa-f7a45880b560",
              "smiles": "CN(C)C=O.FC(F)(F)Oc1ccc(CBr)cc1",
              "state_of_matter": "LIQUID",
              "molecular_weight": null,
              "density": 1.3445764953236197,
              "mass": 2.8433232859535416,
              "is_produced_by": [],
              "is_consumed_by": [
                "fba36c62-a8af-4bcb-89d4-a388b6a0804b"
              ],
              "provenance__density": "dummy estimator based on mw",
              "provenance__is_consumed_by": null,
              "provenance__is_produced_by": null,
              "provenance__mass": null,
              "provenance__molecular_weight": "periodic table",
              "provenance__smiles": null,
              "provenance__state_of_matter": "dummy estimator based on mw"
            },
            "notes": "add solution FC(F)(F)Oc1ccc(CBr)cc1 in CN(C)C=O"
          },
          "precedents": [
            "751e7153-4f65-4782-953d-eb7da55dffa0"
          ]
        },
        "4e1d67e3-513f-4f9f-9a1e-d61ad815cb1c": {
          "identifier": "4a0b3f76-a748-40ad-be99-01d9ffdcd9bb",
          "type": "TransferLiquid",
          "process_times": {},
          "from_reaction": "fba36c62-a8af-4bcb-89d4-a388b6a0804b",
          "annotations": {
            "chemical": {
              "identifier": "e27eb0ac-e706-46bc-a57b-71ab86b30a7a",
              "smiles": "CN(C)C=O.O=[N+]([O-])c1cn(CC(O)COCc2ccccc2)c(Br)n1",
              "state_of_matter": "LIQUID",
              "molecular_weight": null,
              "density": 1.3445764953236197,
              "mass": 3.9821611635465253,
              "is_produced_by": [],
              "is_consumed_by": [
                "fba36c62-a8af-4bcb-89d4-a388b6a0804b"
              ],
              "provenance__density": "dummy estimator based on mw",
              "provenance__is_consumed_by": null,
              "provenance__is_produced_by": null,
              "provenance__mass": null,
              "provenance__molecular_weight": "periodic table",
              "provenance__smiles": null,
              "provenance__state_of_matter": "dummy estimator based on mw"
            },
            "notes": "add solution O=[N+]([O-])c1cn(CC(O)COCc2ccccc2)c(Br)n1 in CN(C)C=O"
          },
          "precedents": [
            "aa0f80b9-4951-410a-bb19-5d8bc16be789"
          ]
        }
      },
      "add_liquids": {},
      "heat": {
        "identifier": "4c1889f6-4db1-4f37-b9ee-6efa85afc76f",
        "type": "Heating",
        "process_times": {},
        "from_reaction": "fba36c62-a8af-4bcb-89d4-a388b6a0804b",
        "annotations": {
          "temperature": 279.3248981773853,
          "notes": "heating the reaction vessel to afford product: O=[N+]([O-])c1cn(CC(COCc2ccccc2)OCc2ccc(OC(F)(F)F)cc2)c(Br)n1"
        },
        "precedents": [
          "84939a1a-b22c-4431-bf6b-caa60984e461",
          "e6133119-db4e-4f9b-91b4-bea9604db6e1",
          "4a0b3f76-a748-40ad-be99-01d9ffdcd9bb",
          "d163ab25-6e89-453a-9376-891c91c960c9",
          "751e7153-4f65-4782-953d-eb7da55dffa0",
          "aa0f80b9-4951-410a-bb19-5d8bc16be789"
        ]
      },
      "concentrate_and_purify": {
        "identifier": "a7daa50e-d8e6-437c-b6c7-a5ed78c3f91c",
        "type": "ConcentrationAndPurification",
        "process_times": {},
        "from_reaction": "fba36c62-a8af-4bcb-89d4-a388b6a0804b",
        "annotations": {
          "chemical": {
            "identifier": "5c22be8b-dc43-4eda-9dc3-7a2557356d55",
            "smiles": "O=[N+]([O-])c1cn(CC(COCc2ccccc2)OCc2ccc(OC(F)(F)F)cc2)c(Br)n1",
            "state_of_matter": "SOLID",
            "molecular_weight": 531.2998095999991,
            "density": 1.4,
            "mass": 5.312998095999991,
            "is_produced_by": [
              "fba36c62-a8af-4bcb-89d4-a388b6a0804b"
            ],
            "is_consumed_by": [],
            "provenance__density": "dummy estimator based on mw",
            "provenance__is_consumed_by": null,
            "provenance__is_produced_by": null,
            "provenance__mass": null,
            "provenance__molecular_weight": "periodic table",
            "provenance__smiles": null,
            "provenance__state_of_matter": "dummy estimator based on mw"
          },
          "notes": "purify and concentrate the product: O=[N+]([O-])c1cn(CC(COCc2ccccc2)OCc2ccc(OC(F)(F)F)cc2)c(Br)n1"
        },
        "precedents": [
          "4c1889f6-4db1-4f37-b9ee-6efa85afc76f"
        ]
      },
      "lmin": {
        "4c1889f6-4db1-4f37-b9ee-6efa85afc76f": {
          "a7daa50e-d8e6-437c-b6c7-a5ed78c3f91c": 15.03037601080481
        }
      },
      "lmax": {
        "d163ab25-6e89-453a-9376-891c91c960c9": {
          "4c1889f6-4db1-4f37-b9ee-6efa85afc76f": 38.78150933473823
        },
        "751e7153-4f65-4782-953d-eb7da55dffa0": {
          "4c1889f6-4db1-4f37-b9ee-6efa85afc76f": 71.86023841147433
        },
        "aa0f80b9-4951-410a-bb19-5d8bc16be789": {
          "4c1889f6-4db1-4f37-b9ee-6efa85afc76f": 32.71404407193674
        }
      }
    },
    {
      "identifier": "2fb415c1-680e-4bac-9c4b-b90d312c5b61",
      "reaction": {
        "identifier": "1150b9e0-989d-4b5d-8201-c086fa6b8042",
        "reactants": [
          {
            "identifier": "6ff90fd5-90c2-4060-ad32-e6fd7fb6e6c9",
            "smiles": "O=[N+]([O-])c1c[nH]c(Br)n1",
            "state_of_matter": "LIQUID",
            "molecular_weight": 191.97087999999997,
            "density": 1.0,
            "mass": 1.9197087999999998,
            "is_produced_by": [],
            "is_consumed_by": [
              "1150b9e0-989d-4b5d-8201-c086fa6b8042"
            ],
            "provenance__density": "dummy estimator based on mw",
            "provenance__is_consumed_by": null,
            "provenance__is_produced_by": null,
            "provenance__mass": null,
            "provenance__molecular_weight": "periodic table",
            "provenance__smiles": null,
            "provenance__state_of_matter": "dummy estimator based on mw"
          },
          {
            "identifier": "17f8c098-e1c9-404d-bf62-2330f6f85726",
            "smiles": "c1ccc(COCC2CO2)cc1",
            "state_of_matter": "LIQUID",
            "molecular_weight": 164.20107999999988,
            "density": 1.0,
            "mass": 1.6420107999999989,
            "is_produced_by": [],
            "is_consumed_by": [
              "1150b9e0-989d-4b5d-8201-c086fa6b8042"
            ],
            "provenance__density": "dummy estimator based on mw",
            "provenance__is_consumed_by": null,
            "provenance__is_produced_by": null,
            "provenance__mass": null,
            "provenance__molecular_weight": "periodic table",
            "provenance__smiles": null,
            "provenance__state_of_matter": "dummy estimator based on mw"
          }
        ],
        "reagents": [
          {
            "identifier": "f8da4acc-9d9a-4fdc-a7f6-789d65911a8c",
            "smiles": "CO",
            "state_of_matter": "LIQUID",
            "molecular_weight": 32.04186000000001,
            "density": 1.0,
            "mass": 0.32041860000000005,
            "is_produced_by": [],
            "is_consumed_by": [
              "1150b9e0-989d-4b5d-8201-c086fa6b8042"
            ],
            "provenance__density": "dummy estimator based on mw",
            "provenance__is_consumed_by": null,
            "provenance__is_produced_by": null,
            "provenance__mass": null,
            "provenance__molecular_weight": "periodic table",
            "provenance__smiles": null,
            "provenance__state_of_matter": "dummy estimator based on mw"
          }
        ],
        "products": [
          {
            "identifier": "0c94d8e9-4714-42fd-8df3-b88e80d1e3e1",
            "smiles": "O=[N+]([O-])c1cn(CC(O)COCc2ccccc2)c(Br)n1",
            "state_of_matter": "SOLID",
            "molecular_weight": 357.1799000000002,
            "density": 1.4,
            "mass": 3.571799000000002,
            "is_produced_by": [
              "1150b9e0-989d-4b5d-8201-c086fa6b8042"
            ],
            "is_consumed_by": [],
            "provenance__density": "dummy estimator based on mw",
            "provenance__is_consumed_by": null,
            "provenance__is_produced_by": null,
            "provenance__mass": null,
            "provenance__molecular_weight": "periodic table",
            "provenance__smiles": null,
            "provenance__state_of_matter": "dummy estimator based on mw"
          }
        ],
        "stoichiometry": {
          "6ff90fd5-90c2-4060-ad32-e6fd7fb6e6c9": 1.0,
          "17f8c098-e1c9-404d-bf62-2330f6f85726": 1.0,
          "0c94d8e9-4714-42fd-8df3-b88e80d1e3e1": -1.0
        },
        "temperature": 323.39270448088644,
        "intended_ratios": {
          "6ff90fd5-90c2-4060-ad32-e6fd7fb6e6c9": 1.0,
          "17f8c098-e1c9-404d-bf62-2330f6f85726": 1.0,
          "f8da4acc-9d9a-4fdc-a7f6-789d65911a8c": 1.0
        },
        "expected_yields": {
          "0c94d8e9-4714-42fd-8df3-b88e80d1e3e1": 1.0
        },
        "reaction_extent": 0.01
      },
      "functional_modules": [],
      "make_solutions": {
        "6ff90fd5-90c2-4060-ad32-e6fd7fb6e6c9": {
          "identifier": "29384454-3fa0-4d1f-95fd-6f567bd66f39",
          "type": "TransferLiquid",
          "process_times": {},
          "from_reaction": "1150b9e0-989d-4b5d-8201-c086fa6b8042",
          "annotations": {
            "chemical": {
              "identifier": "6ff90fd5-90c2-4060-ad32-e6fd7fb6e6c9",
              "smiles": "O=[N+]([O-])c1c[nH]c(Br)n1",
              "state_of_matter": "LIQUID",
              "molecular_weight": 191.97087999999997,
              "density": 1.0,
              "mass": 1.9197087999999998,
              "is_produced_by": [],
              "is_consumed_by": [
                "1150b9e0-989d-4b5d-8201-c086fa6b8042"
              ],
              "provenance__density": "dummy estimator based on mw",
              "provenance__is_consumed_by": null,
              "provenance__is_produced_by": null,
              "provenance__mass": null,
              "provenance__molecular_weight": "periodic table",
              "provenance__smiles": null,
              "provenance__state_of_matter": "dummy estimator based on mw"
            },
            "notes": "add all solvent O=[N+]([O-])c1c[nH]c(Br)n1"
          },
          "precedents": []
        }
      },
      "add_solutions": {},
      "add_liquids": {
        "f8da4acc-9d9a-4fdc-a7f6-789d65911a8c": {
          "identifier": "e4e72093-6639-409e-af4b-d93f0e11f545",
          "type": "TransferLiquid",
          "process_times": {},
          "from_reaction": "1150b9e0-989d-4b5d-8201-c086fa6b8042",
          "annotations": {
            "chemical": {
              "identifier": "f8da4acc-9d9a-4fdc-a7f6-789d65911a8c",
              "smiles": "CO",
              "state_of_matter": "LIQUID",
              "molecular_weight": 32.04186000000001,
              "density": 1.0,
              "mass": 0.32041860000000005,
              "is_produced_by": [],
              "is_consumed_by": [
                "1150b9e0-989d-4b5d-8201-c086fa6b8042"
              ],
              "provenance__density": "dummy estimator based on mw",
              "provenance__is_consumed_by": null,
              "provenance__is_produced_by": null,
              "provenance__mass": null,
              "provenance__molecular_weight": "periodic table",
              "provenance__smiles": null,
              "provenance__state_of_matter": "dummy estimator based on mw"
            },
            "notes": "add liquid CO"
          },
          "precedents": []
        },
        "17f8c098-e1c9-404d-bf62-2330f6f85726": {
          "identifier": "387e2cff-10a9-4726-8897-d24778f6906d",
          "type": "TransferLiquid",
          "process_times": {},
          "from_reaction": "1150b9e0-989d-4b5d-8201-c086fa6b8042",
          "annotations": {
            "chemical": {
              "identifier": "17f8c098-e1c9-404d-bf62-2330f6f85726",
              "smiles": "c1ccc(COCC2CO2)cc1",
              "state_of_matter": "LIQUID",
              "molecular_weight": 164.20107999999988,
              "density": 1.0,
              "mass": 1.6420107999999989,
              "is_produced_by": [],
              "is_consumed_by": [
                "1150b9e0-989d-4b5d-8201-c086fa6b8042"
              ],
              "provenance__density": "dummy estimator based on mw",
              "provenance__is_consumed_by": null,
              "provenance__is_produced_by": null,
              "provenance__mass": null,
              "provenance__molecular_weight": "periodic table",
              "provenance__smiles": null,
              "provenance__state_of_matter": "dummy estimator based on mw"
            },
            "notes": "add liquid c1ccc(COCC2CO2)cc1"
          },
          "precedents": []
        }
      },
      "heat": {
        "identifier": "d10880c8-6332-4fec-bce9-a8674f83483c",
        "type": "Heating",
        "process_times": {},
        "from_reaction": "1150b9e0-989d-4b5d-8201-c086fa6b8042",
        "annotations": {
          "temperature": 323.39270448088644,
          "notes": "heating the reaction vessel to afford product: O=[N+]([O-])c1cn(CC(O)COCc2ccccc2)c(Br)n1"
        },
        "precedents": [
          "e4e72093-6639-409e-af4b-d93f0e11f545",
          "387e2cff-10a9-4726-8897-d24778f6906d",
          "29384454-3fa0-4d1f-95fd-6f567bd66f39"
        ]
      },
      "concentrate_and_purify": {
        "identifier": "03fbd900-3714-47cb-80f2-b18882d7acdf",
        "type": "ConcentrationAndPurification",
        "process_times": {},
        "from_reaction": "1150b9e0-989d-4b5d-8201-c086fa6b8042",
        "annotations": {
          "chemical": {
            "identifier": "0c94d8e9-4714-42fd-8df3-b88e80d1e3e1",
            "smiles": "O=[N+]([O-])c1cn(CC(O)COCc2ccccc2)c(Br)n1",
            "state_of_matter": "SOLID",
            "molecular_weight": 357.1799000000002,
            "density": 1.4,
            "mass": 3.571799000000002,
            "is_produced_by": [
              "1150b9e0-989d-4b5d-8201-c086fa6b8042"
            ],
            "is_consumed_by": [],
            "provenance__density": "dummy estimator based on mw",
            "provenance__is_consumed_by": null,
            "provenance__is_produced_by": null,
            "provenance__mass": null,
            "provenance__molecular_weight": "periodic table",
            "provenance__smiles": null,
            "provenance__state_of_matter": "dummy estimator based on mw"
          },
          "notes": "purify and concentrate the product: O=[N+]([O-])c1cn(CC(O)COCc2ccccc2)c(Br)n1"
        },
        "precedents": [
          "d10880c8-6332-4fec-bce9-a8674f83483c"
        ]
      },
      "lmin": {
        "d10880c8-6332-4fec-bce9-a8674f83483c": {
          "03fbd900-3714-47cb-80f2-b18882d7acdf": 38.69330183945834
        }
      },
      "lmax": {}
    },
    {
      "identifier": "311c3441-86c9-4923-9421-27b3f35550df",
      "reaction": {
        "identifier": "ac539326-ac81-4007-915f-0743337e561d",
        "reactants": [
          {
            "identifier": "aef74239-a93f-4fe8-b302-ce7ff673f711",
            "smiles": "O=[N+]([O-])c1cn(CC(CO)OCc2ccc(OC(F)(F)F)cc2)c(Br)n1",
            "state_of_matter": "SOLID",
            "molecular_weight": 441.17726960000016,
            "density": 1.4,
            "mass": 4.411772696000002,
            "is_produced_by": [],
            "is_consumed_by": [
              "ac539326-ac81-4007-915f-0743337e561d"
            ],
            "provenance__density": "dummy estimator based on mw",
            "provenance__is_consumed_by": null,
            "provenance__is_produced_by": null,
            "provenance__mass": null,
            "provenance__molecular_weight": "periodic table",
            "provenance__smiles": null,
            "provenance__state_of_matter": "dummy estimator based on mw"
          }
        ],
        "reagents": [
          {
            "identifier": "7d8682a7-24df-49f1-9070-95c6634efb2f",
            "smiles": "CN(C)C=O",
            "state_of_matter": "LIQUID",
            "molecular_weight": 73.09378000000004,
            "density": 1.0,
            "mass": 0.7309378000000004,
            "is_produced_by": [],
            "is_consumed_by": [
              "ac539326-ac81-4007-915f-0743337e561d"
            ],
            "provenance__density": "dummy estimator based on mw",
            "provenance__is_consumed_by": null,
            "provenance__is_produced_by": null,
            "provenance__mass": null,
            "provenance__molecular_weight": "periodic table",
            "provenance__smiles": null,
            "provenance__state_of_matter": "dummy estimator based on mw"
          },
          {
            "identifier": "1c95c7ff-63cb-48b2-a007-0419489c2e52",
            "smiles": "[NaH]",
            "state_of_matter": "SOLID",
            "molecular_weight": 23.99771,
            "density": 1.4,
            "mass": 0.23997710000000003,
            "is_produced_by": [],
            "is_consumed_by": [
              "ac539326-ac81-4007-915f-0743337e561d"
            ],
            "provenance__density": "dummy estimator based on mw",
            "provenance__is_consumed_by": null,
            "provenance__is_produced_by": null,
            "provenance__mass": null,
            "provenance__molecular_weight": "periodic table",
            "provenance__smiles": null,
            "provenance__state_of_matter": "dummy estimator based on mw"
          }
        ],
        "products": [
          {
            "identifier": "6b75106a-de9a-418f-a463-00d53847bb6b",
            "smiles": "O=[N+]([O-])c1cn2c(n1)OCC(OCc1ccc(OC(F)(F)F)cc1)C2",
            "state_of_matter": "SOLID",
            "molecular_weight": 360.26532960000014,
            "density": 1.4,
            "mass": 3.6026532960000015,
            "is_produced_by": [
              "ac539326-ac81-4007-915f-0743337e561d"
            ],
            "is_consumed_by": [],
            "provenance__density": "dummy estimator based on mw",
            "provenance__is_consumed_by": null,
            "provenance__is_produced_by": null,
            "provenance__mass": null,
            "provenance__molecular_weight": "periodic table",
            "provenance__smiles": null,
            "provenance__state_of_matter": "dummy estimator based on mw"
          }
        ],
        "stoichiometry": {
          "aef74239-a93f-4fe8-b302-ce7ff673f711": 1.0,
          "6b75106a-de9a-418f-a463-00d53847bb6b": -1.0
        },
        "temperature": 315.6288124144077,
        "intended_ratios": {
          "aef74239-a93f-4fe8-b302-ce7ff673f711": 1.0,
          "7d8682a7-24df-49f1-9070-95c6634efb2f": 1.0,
          "1c95c7ff-63cb-48b2-a007-0419489c2e52": 1.0
        },
        "expected_yields": {
          "6b75106a-de9a-418f-a463-00d53847bb6b": 1.0
        },
        "reaction_extent": 0.01
      },
      "functional_modules": [],
      "make_solutions": {
        "1c95c7ff-63cb-48b2-a007-0419489c2e52": {
          "identifier": "ac5f9779-0388-4937-b79d-d6133e8b4962",
          "type": "MakeSolution",
          "process_times": {},
          "from_reaction": "ac539326-ac81-4007-915f-0743337e561d",
          "annotations": {
            "solid_chemical": {
              "identifier": "1c95c7ff-63cb-48b2-a007-0419489c2e52",
              "smiles": "[NaH]",
              "state_of_matter": "SOLID",
              "molecular_weight": 23.99771,
              "density": 1.4,
              "mass": 0.23997710000000003,
              "is_produced_by": [],
              "is_consumed_by": [
                "ac539326-ac81-4007-915f-0743337e561d"
              ],
              "provenance__density": "dummy estimator based on mw",
              "provenance__is_consumed_by": null,
              "provenance__is_produced_by": null,
              "provenance__mass": null,
              "provenance__molecular_weight": "periodic table",
              "provenance__smiles": null,
              "provenance__state_of_matter": "dummy estimator based on mw"
            },
            "liquid_chemical": {
              "identifier": "b9392407-b064-4d46-a88e-57d5834e3324",
              "smiles": "CN(C)C=O",
              "state_of_matter": "LIQUID",
              "molecular_weight": 73.09378000000004,
              "density": 1.0,
              "mass": 0.03770803272248481,
              "is_produced_by": [],
              "is_consumed_by": [
                "ac539326-ac81-4007-915f-0743337e561d"
              ],
              "provenance__density": "dummy estimator based on mw",
              "provenance__is_consumed_by": null,
              "provenance__is_produced_by": null,
              "provenance__mass": null,
              "provenance__molecular_weight": "periodic table",
              "provenance__smiles": null,
              "provenance__state_of_matter": "dummy estimator based on mw"
            },
            "notes": "making CN(C)C=O solution for [NaH]"
          },
          "precedents": []
        },
        "aef74239-a93f-4fe8-b302-ce7ff673f711": {
          "identifier": "b5978dd0-a9c7-433b-b89c-3aa1e12e7886",
          "type": "MakeSolution",
          "process_times": {},
          "from_reaction": "ac539326-ac81-4007-915f-0743337e561d",
          "annotations": {
            "solid_chemical": {
              "identifier": "aef74239-a93f-4fe8-b302-ce7ff673f711",
              "smiles": "O=[N+]([O-])c1cn(CC(CO)OCc2ccc(OC(F)(F)F)cc2)c(Br)n1",
              "state_of_matter": "SOLID",
              "molecular_weight": 441.17726960000016,
              "density": 1.4,
              "mass": 4.411772696000002,
              "is_produced_by": [],
              "is_consumed_by": [
                "ac539326-ac81-4007-915f-0743337e561d"
              ],
              "provenance__density": "dummy estimator based on mw",
              "provenance__is_consumed_by": null,
              "provenance__is_produced_by": null,
              "provenance__mass": null,
              "provenance__molecular_weight": "periodic table",
              "provenance__smiles": null,
              "provenance__state_of_matter": "dummy estimator based on mw"
            },
            "liquid_chemical": {
              "identifier": "220cf3cd-888c-4b9b-a59f-6e252728677c",
              "smiles": "CN(C)C=O",
              "state_of_matter": "LIQUID",
              "molecular_weight": 73.09378000000004,
              "density": 1.0,
              "mass": 0.6932297672775156,
              "is_produced_by": [],
              "is_consumed_by": [
                "ac539326-ac81-4007-915f-0743337e561d"
              ],
              "provenance__density": "dummy estimator based on mw",
              "provenance__is_consumed_by": null,
              "provenance__is_produced_by": null,
              "provenance__mass": null,
              "provenance__molecular_weight": "periodic table",
              "provenance__smiles": null,
              "provenance__state_of_matter": "dummy estimator based on mw"
            },
            "notes": "making CN(C)C=O solution for O=[N+]([O-])c1cn(CC(CO)OCc2ccc(OC(F)(F)F)cc2)c(Br)n1"
          },
          "precedents": [
            "40d1f966-00b9-45ba-9cd4-02121efb7f58"
          ]
        }
      },
      "add_solutions": {
        "1c95c7ff-63cb-48b2-a007-0419489c2e52": {
          "identifier": "9f2dc9ef-3b01-469f-bae3-af621f1c2369",
          "type": "TransferLiquid",
          "process_times": {},
          "from_reaction": "ac539326-ac81-4007-915f-0743337e561d",
          "annotations": {
            "chemical": {
              "identifier": "cce7d5ea-cc24-4f73-bdac-c4483f24c7f5",
              "smiles": "CN(C)C=O.[NaH]",
              "state_of_matter": "LIQUID",
              "molecular_weight": null,
              "density": 1.3278730141878488,
              "mass": 0.27768513272248485,
              "is_produced_by": [],
              "is_consumed_by": [
                "ac539326-ac81-4007-915f-0743337e561d"
              ],
              "provenance__density": "dummy estimator based on mw",
              "provenance__is_consumed_by": null,
              "provenance__is_produced_by": null,
              "provenance__mass": null,
              "provenance__molecular_weight": "periodic table",
              "provenance__smiles": null,
              "provenance__state_of_matter": "dummy estimator based on mw"
            },
            "notes": "add solution [NaH] in CN(C)C=O"
          },
          "precedents": [
            "ac5f9779-0388-4937-b79d-d6133e8b4962"
          ]
        },
        "aef74239-a93f-4fe8-b302-ce7ff673f711": {
          "identifier": "552a2026-3136-48ea-b81d-8ce6a609a72c",
          "type": "TransferLiquid",
          "process_times": {},
          "from_reaction": "ac539326-ac81-4007-915f-0743337e561d",
          "annotations": {
            "chemical": {
              "identifier": "1d996464-6a8e-4ed5-ac64-758213e5b5d9",
              "smiles": "CN(C)C=O.O=[N+]([O-])c1cn(CC(CO)OCc2ccc(OC(F)(F)F)cc2)c(Br)n1",
              "state_of_matter": "LIQUID",
              "molecular_weight": null,
              "density": 1.3278730141878488,
              "mass": 5.1050024632775175,
              "is_produced_by": [],
              "is_consumed_by": [
                "ac539326-ac81-4007-915f-0743337e561d"
              ],
              "provenance__density": "dummy estimator based on mw",
              "provenance__is_consumed_by": null,
              "provenance__is_produced_by": null,
              "provenance__mass": null,
              "provenance__molecular_weight": "periodic table",
              "provenance__smiles": null,
              "provenance__state_of_matter": "dummy estimator based on mw"
            },
            "notes": "add solution O=[N+]([O-])c1cn(CC(CO)OCc2ccc(OC(F)(F)F)cc2)c(Br)n1 in CN(C)C=O"
          },
          "precedents": [
            "b5978dd0-a9c7-433b-b89c-3aa1e12e7886"
          ]
        }
      },
      "add_liquids": {},
      "heat": {
        "identifier": "f535720d-0a20-4fb6-9fbd-9457214fde38",
        "type": "Heating",
        "process_times": {},
        "from_reaction": "ac539326-ac81-4007-915f-0743337e561d",
        "annotations": {
          "temperature": 315.6288124144077,
          "notes": "heating the reaction vessel to afford product: O=[N+]([O-])c1cn2c(n1)OCC(OCc1ccc(OC(F)(F)F)cc1)C2"
        },
        "precedents": [
          "9f2dc9ef-3b01-469f-bae3-af621f1c2369",
          "552a2026-3136-48ea-b81d-8ce6a609a72c",
          "ac5f9779-0388-4937-b79d-d6133e8b4962",
          "b5978dd0-a9c7-433b-b89c-3aa1e12e7886"
        ]
      },
      "concentrate_and_purify": {
        "identifier": "9e3901d2-29a2-44b0-8a94-0d47c350ff9d",
        "type": "ConcentrationAndPurification",
        "process_times": {},
        "from_reaction": "ac539326-ac81-4007-915f-0743337e561d",
        "annotations": {
          "chemical": {
            "identifier": "6b75106a-de9a-418f-a463-00d53847bb6b",
            "smiles": "O=[N+]([O-])c1cn2c(n1)OCC(OCc1ccc(OC(F)(F)F)cc1)C2",
            "state_of_matter": "SOLID",
            "molecular_weight": 360.26532960000014,
            "density": 1.4,
            "mass": 3.6026532960000015,
            "is_produced_by": [
              "ac539326-ac81-4007-915f-0743337e561d"
            ],
            "is_consumed_by": [],
            "provenance__density": "dummy estimator based on mw",
            "provenance__is_consumed_by": null,
            "provenance__is_produced_by": null,
            "provenance__mass": null,
            "provenance__molecular_weight": "periodic table",
            "provenance__smiles": null,
            "provenance__state_of_matter": "dummy estimator based on mw"
          },
          "notes": "purify and concentrate the product: O=[N+]([O-])c1cn2c(n1)OCC(OCc1ccc(OC(F)(F)F)cc1)C2"
        },
        "precedents": [
          "f535720d-0a20-4fb6-9fbd-9457214fde38"
        ]
      },
      "lmin": {
        "f535720d-0a20-4fb6-9fbd-9457214fde38": {
          "9e3901d2-29a2-44b0-8a94-0d47c350ff9d": 55.50080073495199
        }
      },
      "lmax": {
        "ac5f9779-0388-4937-b79d-d6133e8b4962": {
          "f535720d-0a20-4fb6-9fbd-9457214fde38": 62.05187809564344
        },
        "b5978dd0-a9c7-433b-b89c-3aa1e12e7886": {
          "f535720d-0a20-4fb6-9fbd-9457214fde38": 70.8353479537354
        }
      }
    },
    {
      "identifier": "55f7498d-7f87-4509-8b6a-2bf8565ef550",
      "reaction": {
        "identifier": "4aea67a3-9324-435d-9e01-76cc67dcacba",
        "reactants": [
          {
            "identifier": "83e02827-a15b-4aa3-8a88-1d4c9e0ac070",
            "smiles": "O=[N+]([O-])c1cn(CC(COCc2ccccc2)OCc2ccc(OC(F)(F)F)cc2)c(Br)n1",
            "state_of_matter": "SOLID",
            "molecular_weight": 531.2998095999991,
            "density": 1.4,
            "mass": 5.312998095999991,
            "is_produced_by": [],
            "is_consumed_by": [
              "4aea67a3-9324-435d-9e01-76cc67dcacba"
            ],
            "provenance__density": "dummy estimator based on mw",
            "provenance__is_consumed_by": null,
            "provenance__is_produced_by": null,
            "provenance__mass": null,
            "provenance__molecular_weight": "periodic table",
            "provenance__smiles": null,
            "provenance__state_of_matter": "dummy estimator based on mw"
          }
        ],
        "reagents": [
          {
            "identifier": "b7adbc51-c3bb-403e-a2ef-7db155bdaaa1",
            "smiles": "CCO",
            "state_of_matter": "LIQUID",
            "molecular_weight": 46.06843999999999,
            "density": 1.0,
            "mass": 0.4606843999999999,
            "is_produced_by": [],
            "is_consumed_by": [
              "4aea67a3-9324-435d-9e01-76cc67dcacba"
            ],
            "provenance__density": "dummy estimator based on mw",
            "provenance__is_consumed_by": null,
            "provenance__is_produced_by": null,
            "provenance__mass": null,
            "provenance__molecular_weight": "periodic table",
            "provenance__smiles": null,
            "provenance__state_of_matter": "dummy estimator based on mw"
          }
        ],
        "products": [
          {
            "identifier": "796552c3-5219-469d-a436-5674f8dca186",
            "smiles": "O=[N+]([O-])c1cn(CC(CO)OCc2ccc(OC(F)(F)F)cc2)c(Br)n1",
            "state_of_matter": "SOLID",
            "molecular_weight": 441.17726960000016,
            "density": 1.4,
            "mass": 4.411772696000002,
            "is_produced_by": [
              "4aea67a3-9324-435d-9e01-76cc67dcacba"
            ],
            "is_consumed_by": [],
            "provenance__density": "dummy estimator based on mw",
            "provenance__is_consumed_by": null,
            "provenance__is_produced_by": null,
            "provenance__mass": null,
            "provenance__molecular_weight": "periodic table",
            "provenance__smiles": null,
            "provenance__state_of_matter": "dummy estimator based on mw"
          }
        ],
        "stoichiometry": {
          "83e02827-a15b-4aa3-8a88-1d4c9e0ac070": 1.0,
          "796552c3-5219-469d-a436-5674f8dca186": -1.0
        },
        "temperature": 321.5209745943546,
        "intended_ratios": {
          "83e02827-a15b-4aa3-8a88-1d4c9e0ac070": 1.0,
          "b7adbc51-c3bb-403e-a2ef-7db155bdaaa1": 1.0
        },
        "expected_yields": {
          "796552c3-5219-469d-a436-5674f8dca186": 1.0
        },
        "reaction_extent": 0.01
      },
      "functional_modules": [],
      "make_solutions": {
        "83e02827-a15b-4aa3-8a88-1d4c9e0ac070": {
          "identifier": "58b21fc9-be3e-4cd5-ac66-075d526be7cf",
          "type": "MakeSolution",
          "process_times": {},
          "from_reaction": "4aea67a3-9324-435d-9e01-76cc67dcacba",
          "annotations": {
            "solid_chemical": {
              "identifier": "83e02827-a15b-4aa3-8a88-1d4c9e0ac070",
              "smiles": "O=[N+]([O-])c1cn(CC(COCc2ccccc2)OCc2ccc(OC(F)(F)F)cc2)c(Br)n1",
              "state_of_matter": "SOLID",
              "molecular_weight": 531.2998095999991,
              "density": 1.4,
              "mass": 5.312998095999991,
              "is_produced_by": [],
              "is_consumed_by": [
                "4aea67a3-9324-435d-9e01-76cc67dcacba"
              ],
              "provenance__density": "dummy estimator based on mw",
              "provenance__is_consumed_by": null,
              "provenance__is_produced_by": null,
              "provenance__mass": null,
              "provenance__molecular_weight": "periodic table",
              "provenance__smiles": null,
              "provenance__state_of_matter": "dummy estimator based on mw"
            },
            "liquid_chemical": {
              "identifier": "d7988ec3-5694-4447-b03d-1f65306ce610",
              "smiles": "CCO",
              "state_of_matter": "LIQUID",
              "molecular_weight": 46.06843999999999,
              "density": 1.0,
              "mass": 0.4606843999999999,
              "is_produced_by": [],
              "is_consumed_by": [
                "4aea67a3-9324-435d-9e01-76cc67dcacba"
              ],
              "provenance__density": "dummy estimator based on mw",
              "provenance__is_consumed_by": null,
              "provenance__is_produced_by": null,
              "provenance__mass": null,
              "provenance__molecular_weight": "periodic table",
              "provenance__smiles": null,
              "provenance__state_of_matter": "dummy estimator based on mw"
            },
            "notes": "making CCO solution for O=[N+]([O-])c1cn(CC(COCc2ccccc2)OCc2ccc(OC(F)(F)F)cc2)c(Br)n1"
          },
          "precedents": [
            "a7daa50e-d8e6-437c-b6c7-a5ed78c3f91c"
          ]
        }
      },
      "add_solutions": {
        "83e02827-a15b-4aa3-8a88-1d4c9e0ac070": {
          "identifier": "71363ee1-2278-4a22-9d37-274c58cc093a",
          "type": "TransferLiquid",
          "process_times": {},
          "from_reaction": "4aea67a3-9324-435d-9e01-76cc67dcacba",
          "annotations": {
            "chemical": {
              "identifier": "a105001e-1bbc-49d5-af68-2a561a004691",
              "smiles": "CCO.O=[N+]([O-])c1cn(CC(COCc2ccccc2)OCc2ccc(OC(F)(F)F)cc2)c(Br)n1",
              "state_of_matter": "LIQUID",
              "molecular_weight": null,
              "density": 1.35669936922746,
              "mass": 5.773682495999991,
              "is_produced_by": [],
              "is_consumed_by": [
                "4aea67a3-9324-435d-9e01-76cc67dcacba"
              ],
              "provenance__density": "dummy estimator based on mw",
              "provenance__is_consumed_by": null,
              "provenance__is_produced_by": null,
              "provenance__mass": null,
              "provenance__molecular_weight": "periodic table",
              "provenance__smiles": null,
              "provenance__state_of_matter": "dummy estimator based on mw"
            },
            "notes": "add solution O=[N+]([O-])c1cn(CC(COCc2ccccc2)OCc2ccc(OC(F)(F)F)cc2)c(Br)n1 in CCO"
          },
          "precedents": [
            "58b21fc9-be3e-4cd5-ac66-075d526be7cf"
          ]
        }
      },
      "add_liquids": {},
      "heat": {
        "identifier": "03d2cdf6-cb8d-42a6-9678-5440f47e5ea6",
        "type": "Heating",
        "process_times": {},
        "from_reaction": "4aea67a3-9324-435d-9e01-76cc67dcacba",
        "annotations": {
          "temperature": 321.5209745943546,
          "notes": "heating the reaction vessel to afford product: O=[N+]([O-])c1cn(CC(CO)OCc2ccc(OC(F)(F)F)cc2)c(Br)n1"
        },
        "precedents": [
          "71363ee1-2278-4a22-9d37-274c58cc093a",
          "58b21fc9-be3e-4cd5-ac66-075d526be7cf"
        ]
      },
      "concentrate_and_purify": {
        "identifier": "40d1f966-00b9-45ba-9cd4-02121efb7f58",
        "type": "ConcentrationAndPurification",
        "process_times": {},
        "from_reaction": "4aea67a3-9324-435d-9e01-76cc67dcacba",
        "annotations": {
          "chemical": {
            "identifier": "796552c3-5219-469d-a436-5674f8dca186",
            "smiles": "O=[N+]([O-])c1cn(CC(CO)OCc2ccc(OC(F)(F)F)cc2)c(Br)n1",
            "state_of_matter": "SOLID",
            "molecular_weight": 441.17726960000016,
            "density": 1.4,
            "mass": 4.411772696000002,
            "is_produced_by": [
              "4aea67a3-9324-435d-9e01-76cc67dcacba"
            ],
            "is_consumed_by": [],
            "provenance__density": "dummy estimator based on mw",
            "provenance__is_consumed_by": null,
            "provenance__is_produced_by": null,
            "provenance__mass": null,
            "provenance__molecular_weight": "periodic table",
            "provenance__smiles": null,
            "provenance__state_of_matter": "dummy estimator based on mw"
          },
          "notes": "purify and concentrate the product: O=[N+]([O-])c1cn(CC(CO)OCc2ccc(OC(F)(F)F)cc2)c(Br)n1"
        },
        "precedents": [
          "03d2cdf6-cb8d-42a6-9678-5440f47e5ea6"
        ]
      },
      "lmin": {
        "03d2cdf6-cb8d-42a6-9678-5440f47e5ea6": {
          "40d1f966-00b9-45ba-9cd4-02121efb7f58": 11.334839733110261
        }
      },
      "lmax": {
        "58b21fc9-be3e-4cd5-ac66-075d526be7cf": {
          "03d2cdf6-cb8d-42a6-9678-5440f47e5ea6": 68.0999945946875
        }
      }
    }
  ],
  "adjacency_data": {
    "directed": true,
    "multigraph": false,
    "graph": [],
    "nodes": [
      {
        "id": "03fbd900-3714-47cb-80f2-b18882d7acdf"
      },
      {
        "id": "aa0f80b9-4951-410a-bb19-5d8bc16be789"
      },
      {
        "id": "d163ab25-6e89-453a-9376-891c91c960c9"
      },
      {
        "id": "84939a1a-b22c-4431-bf6b-caa60984e461"
      },
      {
        "id": "751e7153-4f65-4782-953d-eb7da55dffa0"
      },
      {
        "id": "e6133119-db4e-4f9b-91b4-bea9604db6e1"
      },
      {
        "id": "4a0b3f76-a748-40ad-be99-01d9ffdcd9bb"
      },
      {
        "id": "4c1889f6-4db1-4f37-b9ee-6efa85afc76f"
      },
      {
        "id": "a7daa50e-d8e6-437c-b6c7-a5ed78c3f91c"
      },
      {
        "id": "e4e72093-6639-409e-af4b-d93f0e11f545"
      },
      {
        "id": "d10880c8-6332-4fec-bce9-a8674f83483c"
      },
      {
        "id": "387e2cff-10a9-4726-8897-d24778f6906d"
      },
      {
        "id": "29384454-3fa0-4d1f-95fd-6f567bd66f39"
      },
      {
        "id": "40d1f966-00b9-45ba-9cd4-02121efb7f58"
      },
      {
        "id": "b5978dd0-a9c7-433b-b89c-3aa1e12e7886"
      },
      {
        "id": "ac5f9779-0388-4937-b79d-d6133e8b4962"
      },
      {
        "id": "9f2dc9ef-3b01-469f-bae3-af621f1c2369"
      },
      {
        "id": "552a2026-3136-48ea-b81d-8ce6a609a72c"
      },
      {
        "id": "f535720d-0a20-4fb6-9fbd-9457214fde38"
      },
      {
        "id": "9e3901d2-29a2-44b0-8a94-0d47c350ff9d"
      },
      {
        "id": "58b21fc9-be3e-4cd5-ac66-075d526be7cf"
      },
      {
        "id": "71363ee1-2278-4a22-9d37-274c58cc093a"
      },
      {
        "id": "03d2cdf6-cb8d-42a6-9678-5440f47e5ea6"
      }
    ],
    "adjacency": [
      [
        {
          "lmin": 0,
          "lmax": Infinity,
          "id": "aa0f80b9-4951-410a-bb19-5d8bc16be789"
        }
      ],
      [
        {
          "lmin": 0,
          "lmax": Infinity,
          "id": "4a0b3f76-a748-40ad-be99-01d9ffdcd9bb"
        },
        {
          "lmin": 0,
          "lmax": 32.71404407193674,
          "id": "4c1889f6-4db1-4f37-b9ee-6efa85afc76f"
        }
      ],
      [
        {
          "lmin": 0,
          "lmax": Infinity,
          "id": "84939a1a-b22c-4431-bf6b-caa60984e461"
        },
        {
          "lmin": 0,
          "lmax": 38.78150933473823,
          "id": "4c1889f6-4db1-4f37-b9ee-6efa85afc76f"
        }
      ],
      [
        {
          "lmin": 0,
          "lmax": Infinity,
          "id": "4c1889f6-4db1-4f37-b9ee-6efa85afc76f"
        }
      ],
      [
        {
          "lmin": 0,
          "lmax": Infinity,
          "id": "e6133119-db4e-4f9b-91b4-bea9604db6e1"
        },
        {
          "lmin": 0,
          "lmax": 71.86023841147433,
          "id": "4c1889f6-4db1-4f37-b9ee-6efa85afc76f"
        }
      ],
      [
        {
          "lmin": 0,
          "lmax": Infinity,
          "id": "4c1889f6-4db1-4f37-b9ee-6efa85afc76f"
        }
      ],
      [
        {
          "lmin": 0,
          "lmax": Infinity,
          "id": "4c1889f6-4db1-4f37-b9ee-6efa85afc76f"
        }
      ],
      [
        {
          "lmin": 15.03037601080481,
          "lmax": Infinity,
          "id": "a7daa50e-d8e6-437c-b6c7-a5ed78c3f91c"
        }
      ],
      [
        {
          "lmin": 0,
          "lmax": Infinity,
          "id": "58b21fc9-be3e-4cd5-ac66-075d526be7cf"
        }
      ],
      [
        {
          "lmin": 0,
          "lmax": Infinity,
          "id": "d10880c8-6332-4fec-bce9-a8674f83483c"
        }
      ],
      [
        {
          "lmin": 38.69330183945834,
          "lmax": Infinity,
          "id": "03fbd900-3714-47cb-80f2-b18882d7acdf"
        }
      ],
      [
        {
          "lmin": 0,
          "lmax": Infinity,
          "id": "d10880c8-6332-4fec-bce9-a8674f83483c"
        }
      ],
      [
        {
          "lmin": 0,
          "lmax": Infinity,
          "id": "d10880c8-6332-4fec-bce9-a8674f83483c"
        }
      ],
      [
        {
          "lmin": 0,
          "lmax": Infinity,
          "id": "b5978dd0-a9c7-433b-b89c-3aa1e12e7886"
        }
      ],
      [
        {
          "lmin": 0,
          "lmax": Infinity,
          "id": "552a2026-3136-48ea-b81d-8ce6a609a72c"
        },
        {
          "lmin": 0,
          "lmax": 70.8353479537354,
          "id": "f535720d-0a20-4fb6-9fbd-9457214fde38"
        }
      ],
      [
        {
          "lmin": 0,
          "lmax": Infinity,
          "id": "9f2dc9ef-3b01-469f-bae3-af621f1c2369"
        },
        {
          "lmin": 0,
          "lmax": 62.05187809564344,
          "id": "f535720d-0a20-4fb6-9fbd-9457214fde38"
        }
      ],
      [
        {
          "lmin": 0,
          "lmax": Infinity,
          "id": "f535720d-0a20-4fb6-9fbd-9457214fde38"
        }
      ],
      [
        {
          "lmin": 0,
          "lmax": Infinity,
          "id": "f535720d-0a20-4fb6-9fbd-9457214fde38"
        }
      ],
      [
        {
          "lmin": 55.50080073495199,
          "lmax": Infinity,
          "id": "9e3901d2-29a2-44b0-8a94-0d47c350ff9d"
        }
      ],
      [],
      [
        {
          "lmin": 0,
          "lmax": Infinity,
          "id": "71363ee1-2278-4a22-9d37-274c58cc093a"
        },
        {
          "lmin": 0,
          "lmax": 68.0999945946875,
          "id": "03d2cdf6-cb8d-42a6-9678-5440f47e5ea6"
        }
      ],
      [
        {
          "lmin": 0,
          "lmax": Infinity,
          "id": "03d2cdf6-cb8d-42a6-9678-5440f47e5ea6"
        }
      ],
      [
        {
          "lmin": 11.334839733110261,
          "lmax": Infinity,
          "id": "40d1f966-00b9-45ba-9cd4-02121efb7f58"
        }
      ]
    ]
  }
}