{
  "identifier": "2939f78e-69dc-4227-8303-80e262398d67",
  "chemical_reactions": [
    {
      "identifier": "fba36c62-a8af-4bcb-89d4-a388b6a0804b",
      "reactants": [
        {
          "identifier": "3ece6de1-cec2-4ecf-a6c8-156d9c4e8310",
          "smiles": "FC(F)(F)Oc1ccc(CBr)cc1",
          "state_of_matter": "SOLID",
          "molecular_weight": 255.03184959999987,
          "density": 1.4,
          "mass": 2.5503184959999987,
          "is_produced_by": [],
          "is_consumed_by": [
            "fba36c62-a8af-4bcb-89d4-a388b6a0804b"
          ],
          "provenance__density": "dummy estimator based on mw",
          "provenance__is_consumed_by": null,
          "provenance__is_produced_by": null,
          "provenance__mass": null,
          "provenance__molecular_weight": "periodic table",
          "provenance__smiles": null,
          "provenance__state_of_matter": "dummy estimator based on mw"
        },
        {
          "identifier": "4e1d67e3-513f-4f9f-9a1e-d61ad815cb1c",
          "smiles": "O=[N+]([O-])c1cn(CC(O)COCc2ccccc2)c(Br)n1",
          "state_of_matter": "SOLID",
          "molecular_weight": 357.1799000000002,
          "density": 1.4,
          "mass": 3.571799000000002,
          "is_produced_by": [],
          "is_consumed_by": [
            "fba36c62-a8af-4bcb-89d4-a388b6a0804b"
          ],
          "provenance__density": "dummy estimator based on mw",
          "provenance__is_consumed_by": null,
          "provenance__is_produced_by": null,
          "provenance__mass": null,
          "provenance__molecular_weight": "periodic table",
          "provenance__smiles": null,
          "provenance__state_of_matter": "dummy estimator based on mw"
        }
      ],
      "reagents": [
        {
          "identifier": "6dca2c1c-138e-48af-b1b7-fd6d91ac2fdf",
          "smiles": "CN(C)C=O",
          "state_of_matter": "LIQUID",
          "molecular_weight": 73.09378000000004,
          "density": 1.0,
          "mass": 0.7309378000000004,
          "is_produced_by": [],
          "is_consumed_by": [
            "fba36c62-a8af-4bcb-89d4-a388b6a0804b"
          ],
          "provenance__density": "dummy estimator based on mw",
          "provenance__is_consumed_by": null,
          "provenance__is_produced_by": null,
          "provenance__mass": null,
          "provenance__molecular_weight": "periodic table",
          "provenance__smiles": null,
          "provenance__state_of_matter": "dummy estimator based on mw"
        },
        {
          "identifier": "17c70404-6803-4cf7-a825-037b4aff13dc",
          "smiles": "[NaH]",
          "state_of_matter": "SOLID",
          "molecular_weight": 23.99771,
          "density": 1.4,
          "mass": 0.23997710000000003,
          "is_produced_by": [],
          "is_consumed_by": [
            "fba36c62-a8af-4bcb-89d4-a388b6a0804b"
          ],
          "provenance__density": "dummy estimator based on mw",
          "provenance__is_consumed_by": null,
          "provenance__is_produced_by": null,
          "provenance__mass": null,
          "provenance__molecular_weight": "periodic table",
          "provenance__smiles": null,
          "provenance__state_of_matter": "dummy estimator based on mw"
        }
      ],
      "products": [
        {
          "identifier": "5c22be8b-dc43-4eda-9dc3-7a2557356d55",
          "smiles": "O=[N+]([O-])c1cn(CC(COCc2ccccc2)OCc2ccc(OC(F)(F)F)cc2)c(Br)n1",
          "state_of_matter": "SOLID",
          "molecular_weight": 531.2998095999991,
          "density": 1.4,
          "mass": 5.312998095999991,
          "is_produced_by": [
            "fba36c62-a8af-4bcb-89d4-a388b6a0804b"
          ],
          "is_consumed_by": [],
          "provenance__density": "dummy estimator based on mw",
          "provenance__is_consumed_by": null,
          "provenance__is_produced_by": null,
          "provenance__mass": null,
          "provenance__molecular_weight": "periodic table",
          "provenance__smiles": null,
          "provenance__state_of_matter": "dummy estimator based on mw"
        }
      ],
      "stoichiometry": {
        "3ece6de1-cec2-4ecf-a6c8-156d9c4e8310": 1.0,
        "4e1d67e3-513f-4f9f-9a1e-d61ad815cb1c": 1.0,
        "5c22be8b-dc43-4eda-9dc3-7a2557356d55": -1.0
      },
      "temperature": 279.3248981773853,
      "intended_ratios": {
        "3ece6de1-cec2-4ecf-a6c8-156d9c4e8310": 1.0,
        "4e1d67e3-513f-4f9f-9a1e-d61ad815cb1c": 1.0,
        "6dca2c1c-138e-48af-b1b7-fd6d91ac2fdf": 1.0,
        "17c70404-6803-4cf7-a825-037b4aff13dc": 1.0
      },
      "expected_yields": {
        "5c22be8b-dc43-4eda-9dc3-7a2557356d55": 1.0
      },
      "reaction_extent": 0.01
    },
    {
      "identifier": "1150b9e0-989d-4b5d-8201-c086fa6b8042",
      "reactants": [
        {
          "identifier": "6ff90fd5-90c2-4060-ad32-e6fd7fb6e6c9",
          "smiles": "O=[N+]([O-])c1c[nH]c(Br)n1",
          "state_of_matter": "LIQUID",
          "molecular_weight": 191.97087999999997,
          "density": 1.0,
          "mass": 1.9197087999999998,
          "is_produced_by": [],
          "is_consumed_by": [
            "1150b9e0-989d-4b5d-8201-c086fa6b8042"
          ],
          "provenance__density": "dummy estimator based on mw",
          "provenance__is_consumed_by": null,
          "provenance__is_produced_by": null,
          "provenance__mass": null,
          "provenance__molecular_weight": "periodic table",
          "provenance__smiles": null,
          "provenance__state_of_matter": "dummy estimator based on mw"
        },
        {
          "identifier": "17f8c098-e1c9-404d-bf62-2330f6f85726",
          "smiles": "c1ccc(COCC2CO2)cc1",
          "state_of_matter": "LIQUID",
          "molecular_weight": 164.20107999999988,
          "density": 1.0,
          "mass": 1.6420107999999989,
          "is_produced_by": [],
          "is_consumed_by": [
            "1150b9e0-989d-4b5d-8201-c086fa6b8042"
          ],
          "provenance__density": "dummy estimator based on mw",
          "provenance__is_consumed_by": null,
          "provenance__is_produced_by": null,
          "provenance__mass": null,
          "provenance__molecular_weight": "periodic table",
          "provenance__smiles": null,
          "provenance__state_of_matter": "dummy estimator based on mw"
        }
      ],
      "reagents": [
        {
          "identifier": "f8da4acc-9d9a-4fdc-a7f6-789d65911a8c",
          "smiles": "CO",
          "state_of_matter": "LIQUID",
          "molecular_weight": 32.04186000000001,
          "density": 1.0,
          "mass": 0.32041860000000005,
          "is_produced_by": [],
          "is_consumed_by": [
            "1150b9e0-989d-4b5d-8201-c086fa6b8042"
          ],
          "provenance__density": "dummy estimator based on mw",
          "provenance__is_consumed_by": null,
          "provenance__is_produced_by": null,
          "provenance__mass": null,
          "provenance__molecular_weight": "periodic table",
          "provenance__smiles": null,
          "provenance__state_of_matter": "dummy estimator based on mw"
        }
      ],
      "products": [
        {
          "identifier": "0c94d8e9-4714-42fd-8df3-b88e80d1e3e1",
          "smiles": "O=[N+]([O-])c1cn(CC(O)COCc2ccccc2)c(Br)n1",
          "state_of_matter": "SOLID",
          "molecular_weight": 357.1799000000002,
          "density": 1.4,
          "mass": 3.571799000000002,
          "is_produced_by": [
            "1150b9e0-989d-4b5d-8201-c086fa6b8042"
          ],
          "is_consumed_by": [],
          "provenance__density": "dummy estimator based on mw",
          "provenance__is_consumed_by": null,
          "provenance__is_produced_by": null,
          "provenance__mass": null,
          "provenance__molecular_weight": "periodic table",
          "provenance__smiles": null,
          "provenance__state_of_matter": "dummy estimator based on mw"
        }
      ],
      "stoichiometry": {
        "6ff90fd5-90c2-4060-ad32-e6fd7fb6e6c9": 1.0,
        "17f8c098-e1c9-404d-bf62-2330f6f85726": 1.0,
        "0c94d8e9-4714-42fd-8df3-b88e80d1e3e1": -1.0
      },
      "temperature": 323.39270448088644,
      "intended_ratios": {
        "6ff90fd5-90c2-4060-ad32-e6fd7fb6e6c9": 1.0,
        "17f8c098-e1c9-404d-bf62-2330f6f85726": 1.0,
        "f8da4acc-9d9a-4fdc-a7f6-789d65911a8c": 1.0
      },
      "expected_yields": {
        "0c94d8e9-4714-42fd-8df3-b88e80d1e3e1": 1.0
      },
      "reaction_extent": 0.01
    },
    {
      "identifier": "ac539326-ac81-4007-915f-0743337e561d",
      "reactants": [
        {
          "identifier": "aef74239-a93f-4fe8-b302-ce7ff673f711",
          "smiles": "O=[N+]([O-])c1cn(CC(CO)OCc2ccc(OC(F)(F)F)cc2)c(Br)n1",
          "state_of_matter": "SOLID",
          "molecular_weight": 441.17726960000016,
          "density": 1.4,
          "mass": 4.411772696000002,
          "is_produced_by": [],
          "is_consumed_by": [
            "ac539326-ac81-4007-915f-0743337e561d"
          ],
          "provenance__density": "dummy estimator based on mw",
          "provenance__is_consumed_by": null,
          "provenance__is_produced_by": null,
          "provenance__mass": null,
          "provenance__molecular_weight": "periodic table",
          "provenance__smiles": null,
          "provenance__state_of_matter": "dummy estimator based on mw"
        }
      ],
      "reagents": [
        {
          "identifier": "7d8682a7-24df-49f1-9070-95c6634efb2f",
          "smiles": "CN(C)C=O",
          "state_of_matter": "LIQUID",
          "molecular_weight": 73.09378000000004,
          "density": 1.0,
          "mass": 0.7309378000000004,
          "is_produced_by": [],
          "is_consumed_by": [
            "ac539326-ac81-4007-915f-0743337e561d"
          ],
          "provenance__density": "dummy estimator based on mw",
          "provenance__is_consumed_by": null,
          "provenance__is_produced_by": null,
          "provenance__mass": null,
          "provenance__molecular_weight": "periodic table",
          "provenance__smiles": null,
          "provenance__state_of_matter": "dummy estimator based on mw"
        },
        {
          "identifier": "1c95c7ff-63cb-48b2-a007-0419489c2e52",
          "smiles": "[NaH]",
          "state_of_matter": "SOLID",
          "molecular_weight": 23.99771,
          "density": 1.4,
          "mass": 0.23997710000000003,
          "is_produced_by": [],
          "is_consumed_by": [
            "ac539326-ac81-4007-915f-0743337e561d"
          ],
          "provenance__density": "dummy estimator based on mw",
          "provenance__is_consumed_by": null,
          "provenance__is_produced_by": null,
          "provenance__mass": null,
          "provenance__molecular_weight": "periodic table",
          "provenance__smiles": null,
          "provenance__state_of_matter": "dummy estimator based on mw"
        }
      ],
      "products": [
        {
          "identifier": "6b75106a-de9a-418f-a463-00d53847bb6b",
          "smiles": "O=[N+]([O-])c1cn2c(n1)OCC(OCc1ccc(OC(F)(F)F)cc1)C2",
          "state_of_matter": "SOLID",
          "molecular_weight": 360.26532960000014,
          "density": 1.4,
          "mass": 3.6026532960000015,
          "is_produced_by": [
            "ac539326-ac81-4007-915f-0743337e561d"
          ],
          "is_consumed_by": [],
          "provenance__density": "dummy estimator based on mw",
          "provenance__is_consumed_by": null,
          "provenance__is_produced_by": null,
          "provenance__mass": null,
          "provenance__molecular_weight": "periodic table",
          "provenance__smiles": null,
          "provenance__state_of_matter": "dummy estimator based on mw"
        }
      ],
      "stoichiometry": {
        "aef74239-a93f-4fe8-b302-ce7ff673f711": 1.0,
        "6b75106a-de9a-418f-a463-00d53847bb6b": -1.0
      },
      "temperature": 315.6288124144077,
      "intended_ratios": {
        "aef74239-a93f-4fe8-b302-ce7ff673f711": 1.0,
        "7d8682a7-24df-49f1-9070-95c6634efb2f": 1.0,
        "1c95c7ff-63cb-48b2-a007-0419489c2e52": 1.0
      },
      "expected_yields": {
        "6b75106a-de9a-418f-a463-00d53847bb6b": 1.0
      },
      "reaction_extent": 0.01
    },
    {
      "identifier": "4aea67a3-9324-435d-9e01-76cc67dcacba",
      "reactants": [
        {
          "identifier": "83e02827-a15b-4aa3-8a88-1d4c9e0ac070",
          "smiles": "O=[N+]([O-])c1cn(CC(COCc2ccccc2)OCc2ccc(OC(F)(F)F)cc2)c(Br)n1",
          "state_of_matter": "SOLID",
          "molecular_weight": 531.2998095999991,
          "density": 1.4,
          "mass": 5.312998095999991,
          "is_produced_by": [],
          "is_consumed_by": [
            "4aea67a3-9324-435d-9e01-76cc67dcacba"
          ],
          "provenance__density": "dummy estimator based on mw",
          "provenance__is_consumed_by": null,
          "provenance__is_produced_by": null,
          "provenance__mass": null,
          "provenance__molecular_weight": "periodic table",
          "provenance__smiles": null,
          "provenance__state_of_matter": "dummy estimator based on mw"
        }
      ],
      "reagents": [
        {
          "identifier": "b7adbc51-c3bb-403e-a2ef-7db155bdaaa1",
          "smiles": "CCO",
          "state_of_matter": "LIQUID",
          "molecular_weight": 46.06843999999999,
          "density": 1.0,
          "mass": 0.4606843999999999,
          "is_produced_by": [],
          "is_consumed_by": [
            "4aea67a3-9324-435d-9e01-76cc67dcacba"
          ],
          "provenance__density": "dummy estimator based on mw",
          "provenance__is_consumed_by": null,
          "provenance__is_produced_by": null,
          "provenance__mass": null,
          "provenance__molecular_weight": "periodic table",
          "provenance__smiles": null,
          "provenance__state_of_matter": "dummy estimator based on mw"
        }
      ],
      "products": [
        {
          "identifier": "796552c3-5219-469d-a436-5674f8dca186",
          "smiles": "O=[N+]([O-])c1cn(CC(CO)OCc2ccc(OC(F)(F)F)cc2)c(Br)n1",
          "state_of_matter": "SOLID",
          "molecular_weight": 441.17726960000016,
          "density": 1.4,
          "mass": 4.411772696000002,
          "is_produced_by": [
            "4aea67a3-9324-435d-9e01-76cc67dcacba"
          ],
          "is_consumed_by": [],
          "provenance__density": "dummy estimator based on mw",
          "provenance__is_consumed_by": null,
          "provenance__is_produced_by": null,
          "provenance__mass": null,
          "provenance__molecular_weight": "periodic table",
          "provenance__smiles": null,
          "provenance__state_of_matter": "dummy estimator based on mw"
        }
      ],
      "stoichiometry": {
        "83e02827-a15b-4aa3-8a88-1d4c9e0ac070": 1.0,
        "796552c3-5219-469d-a436-5674f8dca186": -1.0
      },
      "temperature": 321.5209745943546,
      "intended_ratios": {
        "83e02827-a15b-4aa3-8a88-1d4c9e0ac070": 1.0,
        "b7adbc51-c3bb-403e-a2ef-7db155bdaaa1": 1.0
      },
      "expected_yields": {
        "796552c3-5219-469d-a436-5674f8dca186": 1.0
      },
      "reaction_extent": 0.01
    }
  ],
  "molecular_nodes": [
    "CCO",
    "CN(C)C=O",
    "CO",
    "FC(F)(F)Oc1ccc(CBr)cc1",
    "O=[N+]([O-])c1c[nH]c(Br)n1",
    "O=[N+]([O-])c1cn(CC(CO)OCc2ccc(OC(F)(F)F)cc2)c(Br)n1",
    "O=[N+]([O-])c1cn(CC(COCc2ccccc2)OCc2ccc(OC(F)(F)F)cc2)c(Br)n1",
    "O=[N+]([O-])c1cn(CC(O)COCc2ccccc2)c(Br)n1",
    "O=[N+]([O-])c1cn2c(n1)OCC(OCc1ccc(OC(F)(F)F)cc1)C2",
    "[NaH]",
    "c1ccc(COCC2CO2)cc1"
  ],
  "edges": [
    [
      "1150b9e0-989d-4b5d-8201-c086fa6b8042",
      "O=[N+]([O-])c1cn(CC(O)COCc2ccccc2)c(Br)n1"
    ],
    [
      "4aea67a3-9324-435d-9e01-76cc67dcacba",
      "O=[N+]([O-])c1cn(CC(CO)OCc2ccc(OC(F)(F)F)cc2)c(Br)n1"
    ],
    [
      "CCO",
      "4aea67a3-9324-435d-9e01-76cc67dcacba"
    ],
    [
      "CN(C)C=O",
      "ac539326-ac81-4007-915f-0743337e561d"
    ],
    [
      "CN(C)C=O",
      "fba36c62-a8af-4bcb-89d4-a388b6a0804b"
    ],
    [
      "CO",
      "1150b9e0-989d-4b5d-8201-c086fa6b8042"
    ],
    [
      "FC(F)(F)Oc1ccc(CBr)cc1",
      "fba36c62-a8af-4bcb-89d4-a388b6a0804b"
    ],
    [
      "O=[N+]([O-])c1c[nH]c(Br)n1",
      "1150b9e0-989d-4b5d-8201-c086fa6b8042"
    ],
    [
      "O=[N+]([O-])c1cn(CC(CO)OCc2ccc(OC(F)(F)F)cc2)c(Br)n1",
      "ac539326-ac81-4007-915f-0743337e561d"
    ],
    [
      "O=[N+]([O-])c1cn(CC(COCc2ccccc2)OCc2ccc(OC(F)(F)F)cc2)c(Br)n1",
      "4aea67a3-9324-435d-9e01-76cc67dcacba"
    ],
    [
      "O=[N+]([O-])c1cn(CC(O)COCc2ccccc2)c(Br)n1",
      "fba36c62-a8af-4bcb-89d4-a388b6a0804b"
    ],
    [
      "[NaH]",
      "ac539326-ac81-4007-915f-0743337e561d"
    ],
    [
      "[NaH]",
      "fba36c62-a8af-4bcb-89d4-a388b6a0804b"
    ],
    [
      "ac539326-ac81-4007-915f-0743337e561d",
      "O=[N+]([O-])c1cn2c(n1)OCC(OCc1ccc(OC(F)(F)F)cc1)C2"
    ],
    [
      "c1ccc(COCC2CO2)cc1",
      "1150b9e0-989d-4b5d-8201-c086fa6b8042"
    ],
    [
      "fba36c62-a8af-4bcb-89d4-a388b6a0804b",
      "O=[N+]([O-])c1cn(CC(COCc2ccccc2)OCc2ccc(OC(F)(F)F)cc2)c(Br)n1"
    ]
  ]
}