{
  "identifier": "3a8b92ae-7aba-4924-a367-7b50197627d5",
  "chemical_reactions": [
    {
      "identifier": "357f5a53-fc7d-4a01-935a-dd1aa7476008",
      "reactants": [
        {
          "identifier": "6618b2ff-aafc-404e-8631-4125030bfd27",
          "smiles": "Brc1ccc(CN2CCOCC2)cc1",
          "state_of_matter": "SOLID",
          "molecular_weight": 256.1389599999998,
          "density": 1.4,
          "mass": 256.1389599999998,
          "is_produced_by": [],
          "is_consumed_by": [
            "357f5a53-fc7d-4a01-935a-dd1aa7476008"
          ],
          "provenance__density": "dummy estimator based on mw",
          "provenance__is_consumed_by": null,
          "provenance__is_produced_by": null,
          "provenance__mass": null,
          "provenance__molecular_weight": "periodic table",
          "provenance__smiles": null,
          "provenance__state_of_matter": "dummy estimator based on mw"
        },
        {
          "identifier": "3e7dc58d-b794-47cd-a2dd-02bc7460a550",
          "smiles": "CCN(c1cc(B(O)O)cc(C(=O)NCc2c(C)cc(C)[nH]c2=O)c1C)C1CCOCC1",
          "state_of_matter": "SOLID",
          "molecular_weight": 441.32828000000035,
          "density": 1.4,
          "mass": 441.32828000000035,
          "is_produced_by": [],
          "is_consumed_by": [
            "357f5a53-fc7d-4a01-935a-dd1aa7476008"
          ],
          "provenance__density": "dummy estimator based on mw",
          "provenance__is_consumed_by": null,
          "provenance__is_produced_by": null,
          "provenance__mass": null,
          "provenance__molecular_weight": "periodic table",
          "provenance__smiles": null,
          "provenance__state_of_matter": "dummy estimator based on mw"
        }
      ],
      "reagents": [
        {
          "identifier": "bd9e7c33-02b7-4966-92a5-9bdc18948a23",
          "smiles": "O",
          "state_of_matter": "LIQUID",
          "molecular_weight": 18.01528,
          "density": 1.0,
          "mass": 18.01528,
          "is_produced_by": [],
          "is_consumed_by": [
            "357f5a53-fc7d-4a01-935a-dd1aa7476008"
          ],
          "provenance__density": "dummy estimator based on mw",
          "provenance__is_consumed_by": null,
          "provenance__is_produced_by": null,
          "provenance__mass": null,
          "provenance__molecular_weight": "periodic table",
          "provenance__smiles": null,
          "provenance__state_of_matter": "dummy estimator based on mw"
        },
        {
          "identifier": "8758cfeb-5307-4348-a121-d7751c374506",
          "smiles": "C1COCCO1",
          "state_of_matter": "LIQUID",
          "molecular_weight": 88.10512000000004,
          "density": 1.0,
          "mass": 88.10512000000004,
          "is_produced_by": [],
          "is_consumed_by": [
            "357f5a53-fc7d-4a01-935a-dd1aa7476008"
          ],
          "provenance__density": "dummy estimator based on mw",
          "provenance__is_consumed_by": null,
          "provenance__is_produced_by": null,
          "provenance__mass": null,
          "provenance__molecular_weight": "periodic table",
          "provenance__smiles": null,
          "provenance__state_of_matter": "dummy estimator based on mw"
        },
        {
          "identifier": "ee2c0eef-d69e-476a-98d3-9c4483d80de9",
          "smiles": "O=C(O[Na])O[Na]",
          "state_of_matter": "SOLID",
          "molecular_weight": 105.98844,
          "density": 1.4,
          "mass": 105.98844,
          "is_produced_by": [],
          "is_consumed_by": [
            "357f5a53-fc7d-4a01-935a-dd1aa7476008"
          ],
          "provenance__density": "dummy estimator based on mw",
          "provenance__is_consumed_by": null,
          "provenance__is_produced_by": null,
          "provenance__mass": null,
          "provenance__molecular_weight": "periodic table",
          "provenance__smiles": null,
          "provenance__state_of_matter": "dummy estimator based on mw"
        },
        {
          "identifier": "2ec1a504-0ee7-4f09-b36c-60dc10752824",
          "smiles": "c1ccc([PH](c2ccccc2)(c2ccccc2)[Pd]([PH](c2ccccc2)(c2ccccc2)c2ccccc2)([PH](c2ccccc2)(c2ccccc2)c2ccccc2)[PH](c2ccccc2)(c2ccccc2)c2ccccc2)cc1",
          "state_of_matter": "SOLID",
          "molecular_weight": 1159.593603999999,
          "density": 1.4,
          "mass": 1159.593603999999,
          "is_produced_by": [],
          "is_consumed_by": [
            "357f5a53-fc7d-4a01-935a-dd1aa7476008"
          ],
          "provenance__density": "dummy estimator based on mw",
          "provenance__is_consumed_by": null,
          "provenance__is_produced_by": null,
          "provenance__mass": null,
          "provenance__molecular_weight": "periodic table",
          "provenance__smiles": null,
          "provenance__state_of_matter": "dummy estimator based on mw"
        }
      ],
      "products": [
        {
          "identifier": "c2ac97d9-e20b-48bb-892e-26fd3949e4a6",
          "smiles": "CCN(c1cc(-c2ccc(CN3CCOCC3)cc2)cc(C(=O)NCc2c(C)cc(C)[nH]c2=O)c1C)C1CCOCC1",
          "state_of_matter": "SOLID",
          "molecular_weight": 572.7375599999981,
          "density": 1.4,
          "mass": 572.7375599999981,
          "is_produced_by": [
            "357f5a53-fc7d-4a01-935a-dd1aa7476008"
          ],
          "is_consumed_by": [],
          "provenance__density": "dummy estimator based on mw",
          "provenance__is_consumed_by": null,
          "provenance__is_produced_by": null,
          "provenance__mass": null,
          "provenance__molecular_weight": "periodic table",
          "provenance__smiles": null,
          "provenance__state_of_matter": "dummy estimator based on mw"
        }
      ],
      "stoichiometry": {
        "6618b2ff-aafc-404e-8631-4125030bfd27": 1.0,
        "3e7dc58d-b794-47cd-a2dd-02bc7460a550": 1.0,
        "c2ac97d9-e20b-48bb-892e-26fd3949e4a6": -1.0
      },
      "temperature": 383.64679659605025,
      "intended_ratios": {
        "6618b2ff-aafc-404e-8631-4125030bfd27": 1.0,
        "3e7dc58d-b794-47cd-a2dd-02bc7460a550": 1.0,
        "bd9e7c33-02b7-4966-92a5-9bdc18948a23": 1.0,
        "8758cfeb-5307-4348-a121-d7751c374506": 1.0,
        "ee2c0eef-d69e-476a-98d3-9c4483d80de9": 1.0,
        "2ec1a504-0ee7-4f09-b36c-60dc10752824": 1.0
      },
      "expected_yields": {
        "c2ac97d9-e20b-48bb-892e-26fd3949e4a6": 1.0
      },
      "reaction_extent": 1.0
    },
    {
      "identifier": "403272c3-9bb2-4376-b574-e271d81b252c",
      "reactants": [
        {
          "identifier": "4afd6011-9fd0-41bf-bb09-ddb1d0d9ced7",
          "smiles": "CC1(C)OB(B2OC(C)(C)C(C)(C)O2)OC1(C)C",
          "state_of_matter": "SOLID",
          "molecular_weight": 253.9385599999997,
          "density": 1.4,
          "mass": 253.9385599999997,
          "is_produced_by": [],
          "is_consumed_by": [
            "403272c3-9bb2-4376-b574-e271d81b252c"
          ],
          "provenance__density": "dummy estimator based on mw",
          "provenance__is_consumed_by": null,
          "provenance__is_produced_by": null,
          "provenance__mass": null,
          "provenance__molecular_weight": "periodic table",
          "provenance__smiles": null,
          "provenance__state_of_matter": "dummy estimator based on mw"
        },
        {
          "identifier": "f2bde697-ebd8-42fa-864c-5793928f749d",
          "smiles": "CCN(c1cc(Br)cc(C(=O)NCc2c(C)cc(C)[nH]c2=O)c1C)C1CCOCC1",
          "state_of_matter": "SOLID",
          "molecular_weight": 476.4066000000003,
          "density": 1.4,
          "mass": 476.4066000000003,
          "is_produced_by": [],
          "is_consumed_by": [
            "403272c3-9bb2-4376-b574-e271d81b252c"
          ],
          "provenance__density": "dummy estimator based on mw",
          "provenance__is_consumed_by": null,
          "provenance__is_produced_by": null,
          "provenance__mass": null,
          "provenance__molecular_weight": "periodic table",
          "provenance__smiles": null,
          "provenance__state_of_matter": "dummy estimator based on mw"
        }
      ],
      "reagents": [
        {
          "identifier": "0d8f031e-1499-4c96-bb7b-aa0ab9b5da89",
          "smiles": "O",
          "state_of_matter": "LIQUID",
          "molecular_weight": 18.01528,
          "density": 1.0,
          "mass": 18.01528,
          "is_produced_by": [],
          "is_consumed_by": [
            "403272c3-9bb2-4376-b574-e271d81b252c"
          ],
          "provenance__density": "dummy estimator based on mw",
          "provenance__is_consumed_by": null,
          "provenance__is_produced_by": null,
          "provenance__mass": null,
          "provenance__molecular_weight": "periodic table",
          "provenance__smiles": null,
          "provenance__state_of_matter": "dummy estimator based on mw"
        },
        {
          "identifier": "9d3c42f2-4b98-4698-bcd2-2d42a31fe646",
          "smiles": "C1COCCO1",
          "state_of_matter": "LIQUID",
          "molecular_weight": 88.10512000000004,
          "density": 1.0,
          "mass": 88.10512000000004,
          "is_produced_by": [],
          "is_consumed_by": [
            "403272c3-9bb2-4376-b574-e271d81b252c"
          ],
          "provenance__density": "dummy estimator based on mw",
          "provenance__is_consumed_by": null,
          "provenance__is_produced_by": null,
          "provenance__mass": null,
          "provenance__molecular_weight": "periodic table",
          "provenance__smiles": null,
          "provenance__state_of_matter": "dummy estimator based on mw"
        },
        {
          "identifier": "24b06104-7f08-4adc-a00b-12018901b043",
          "smiles": "O=C(O[Na])O[Na]",
          "state_of_matter": "SOLID",
          "molecular_weight": 105.98844,
          "density": 1.4,
          "mass": 105.98844,
          "is_produced_by": [],
          "is_consumed_by": [
            "403272c3-9bb2-4376-b574-e271d81b252c"
          ],
          "provenance__density": "dummy estimator based on mw",
          "provenance__is_consumed_by": null,
          "provenance__is_produced_by": null,
          "provenance__mass": null,
          "provenance__molecular_weight": "periodic table",
          "provenance__smiles": null,
          "provenance__state_of_matter": "dummy estimator based on mw"
        },
        {
          "identifier": "ccad5fcd-b5cc-4a2c-9862-3617fd6ce087",
          "smiles": "c1ccc([PH](c2ccccc2)(c2ccccc2)[Pd]([PH](c2ccccc2)(c2ccccc2)c2ccccc2)([PH](c2ccccc2)(c2ccccc2)c2ccccc2)[PH](c2ccccc2)(c2ccccc2)c2ccccc2)cc1",
          "state_of_matter": "SOLID",
          "molecular_weight": 1159.593603999999,
          "density": 1.4,
          "mass": 1159.593603999999,
          "is_produced_by": [],
          "is_consumed_by": [
            "403272c3-9bb2-4376-b574-e271d81b252c"
          ],
          "provenance__density": "dummy estimator based on mw",
          "provenance__is_consumed_by": null,
          "provenance__is_produced_by": null,
          "provenance__mass": null,
          "provenance__molecular_weight": "periodic table",
          "provenance__smiles": null,
          "provenance__state_of_matter": "dummy estimator based on mw"
        }
      ],
      "products": [
        {
          "identifier": "78dfce84-0cd2-4db9-9795-fbb311098366",
          "smiles": "CCN(c1cc(B(O)O)cc(C(=O)NCc2c(C)cc(C)[nH]c2=O)c1C)C1CCOCC1",
          "state_of_matter": "SOLID",
          "molecular_weight": 441.32828000000035,
          "density": 1.4,
          "mass": 441.32828000000035,
          "is_produced_by": [
            "403272c3-9bb2-4376-b574-e271d81b252c"
          ],
          "is_consumed_by": [],
          "provenance__density": "dummy estimator based on mw",
          "provenance__is_consumed_by": null,
          "provenance__is_produced_by": null,
          "provenance__mass": null,
          "provenance__molecular_weight": "periodic table",
          "provenance__smiles": null,
          "provenance__state_of_matter": "dummy estimator based on mw"
        }
      ],
      "stoichiometry": {
        "4afd6011-9fd0-41bf-bb09-ddb1d0d9ced7": 1.0,
        "f2bde697-ebd8-42fa-864c-5793928f749d": 1.0,
        "78dfce84-0cd2-4db9-9795-fbb311098366": -1.0
      },
      "temperature": 353.3406757235527,
      "intended_ratios": {
        "4afd6011-9fd0-41bf-bb09-ddb1d0d9ced7": 1.0,
        "f2bde697-ebd8-42fa-864c-5793928f749d": 1.0,
        "0d8f031e-1499-4c96-bb7b-aa0ab9b5da89": 1.0,
        "9d3c42f2-4b98-4698-bcd2-2d42a31fe646": 1.0,
        "24b06104-7f08-4adc-a00b-12018901b043": 1.0,
        "ccad5fcd-b5cc-4a2c-9862-3617fd6ce087": 1.0
      },
      "expected_yields": {
        "78dfce84-0cd2-4db9-9795-fbb311098366": 1.0
      },
      "reaction_extent": 1.0
    },
    {
      "identifier": "241ee8b4-62b3-4ee2-a609-b1a9dbcb723b",
      "reactants": [
        {
          "identifier": "a87c7c32-2b71-42ca-a3ec-be527df993b9",
          "smiles": "CCBr",
          "state_of_matter": "LIQUID",
          "molecular_weight": 108.96510000000002,
          "density": 1.0,
          "mass": 108.96510000000002,
          "is_produced_by": [],
          "is_consumed_by": [
            "241ee8b4-62b3-4ee2-a609-b1a9dbcb723b"
          ],
          "provenance__density": "dummy estimator based on mw",
          "provenance__is_consumed_by": null,
          "provenance__is_produced_by": null,
          "provenance__mass": null,
          "provenance__molecular_weight": "periodic table",
          "provenance__smiles": null,
          "provenance__state_of_matter": "dummy estimator based on mw"
        },
        {
          "identifier": "ae2cd14b-b73d-4dcb-97da-8e0e54d0c981",
          "smiles": "COC(=O)c1cc(Br)cc(NC2CCOCC2)c1C",
          "state_of_matter": "SOLID",
          "molecular_weight": 328.2016200000002,
          "density": 1.4,
          "mass": 328.2016200000002,
          "is_produced_by": [],
          "is_consumed_by": [
            "241ee8b4-62b3-4ee2-a609-b1a9dbcb723b"
          ],
          "provenance__density": "dummy estimator based on mw",
          "provenance__is_consumed_by": null,
          "provenance__is_produced_by": null,
          "provenance__mass": null,
          "provenance__molecular_weight": "periodic table",
          "provenance__smiles": null,
          "provenance__state_of_matter": "dummy estimator based on mw"
        }
      ],
      "reagents": [
        {
          "identifier": "942d3611-bae3-49f9-be67-29b7345698f1",
          "smiles": "O",
          "state_of_matter": "LIQUID",
          "molecular_weight": 18.01528,
          "density": 1.0,
          "mass": 18.01528,
          "is_produced_by": [],
          "is_consumed_by": [
            "241ee8b4-62b3-4ee2-a609-b1a9dbcb723b"
          ],
          "provenance__density": "dummy estimator based on mw",
          "provenance__is_consumed_by": null,
          "provenance__is_produced_by": null,
          "provenance__mass": null,
          "provenance__molecular_weight": "periodic table",
          "provenance__smiles": null,
          "provenance__state_of_matter": "dummy estimator based on mw"
        },
        {
          "identifier": "1b184832-77b8-444a-b2a4-abab3e8323ac",
          "smiles": "CC#N",
          "state_of_matter": "LIQUID",
          "molecular_weight": 41.051919999999996,
          "density": 1.0,
          "mass": 41.051919999999996,
          "is_produced_by": [],
          "is_consumed_by": [
            "241ee8b4-62b3-4ee2-a609-b1a9dbcb723b"
          ],
          "provenance__density": "dummy estimator based on mw",
          "provenance__is_consumed_by": null,
          "provenance__is_produced_by": null,
          "provenance__mass": null,
          "provenance__molecular_weight": "periodic table",
          "provenance__smiles": null,
          "provenance__state_of_matter": "dummy estimator based on mw"
        },
        {
          "identifier": "2d067f42-9650-4ac1-be75-e3cb0782eca5",
          "smiles": "O=C(O[Cs])O[Cs]",
          "state_of_matter": "SOLID",
          "molecular_weight": 325.8198,
          "density": 1.4,
          "mass": 325.8198,
          "is_produced_by": [],
          "is_consumed_by": [
            "241ee8b4-62b3-4ee2-a609-b1a9dbcb723b"
          ],
          "provenance__density": "dummy estimator based on mw",
          "provenance__is_consumed_by": null,
          "provenance__is_produced_by": null,
          "provenance__mass": null,
          "provenance__molecular_weight": "periodic table",
          "provenance__smiles": null,
          "provenance__state_of_matter": "dummy estimator based on mw"
        }
      ],
      "products": [
        {
          "identifier": "844b4888-086b-453b-a087-be8b043b315a",
          "smiles": "CCN(c1cc(Br)cc(C(=O)OC)c1C)C1CCOCC1",
          "state_of_matter": "SOLID",
          "molecular_weight": 356.25478000000027,
          "density": 1.4,
          "mass": 356.25478000000027,
          "is_produced_by": [
            "241ee8b4-62b3-4ee2-a609-b1a9dbcb723b"
          ],
          "is_consumed_by": [],
          "provenance__density": "dummy estimator based on mw",
          "provenance__is_consumed_by": null,
          "provenance__is_produced_by": null,
          "provenance__mass": null,
          "provenance__molecular_weight": "periodic table",
          "provenance__smiles": null,
          "provenance__state_of_matter": "dummy estimator based on mw"
        }
      ],
      "stoichiometry": {
        "a87c7c32-2b71-42ca-a3ec-be527df993b9": 1.0,
        "ae2cd14b-b73d-4dcb-97da-8e0e54d0c981": 1.0,
        "844b4888-086b-453b-a087-be8b043b315a": -1.0
      },
      "temperature": 324.8399884700775,
      "intended_ratios": {
        "a87c7c32-2b71-42ca-a3ec-be527df993b9": 1.0,
        "ae2cd14b-b73d-4dcb-97da-8e0e54d0c981": 1.0,
        "942d3611-bae3-49f9-be67-29b7345698f1": 1.0,
        "1b184832-77b8-444a-b2a4-abab3e8323ac": 1.0,
        "2d067f42-9650-4ac1-be75-e3cb0782eca5": 1.0
      },
      "expected_yields": {
        "844b4888-086b-453b-a087-be8b043b315a": 1.0
      },
      "reaction_extent": 1.0
    },
    {
      "identifier": "18c4c879-0136-44f6-8630-1015a803b83c",
      "reactants": [
        {
          "identifier": "65d42564-f72d-43b6-b744-68135edf035f",
          "smiles": "CCN(c1cc(Br)cc(C(=O)OC)c1C)C1CCOCC1",
          "state_of_matter": "SOLID",
          "molecular_weight": 356.25478000000027,
          "density": 1.4,
          "mass": 356.25478000000027,
          "is_produced_by": [],
          "is_consumed_by": [
            "18c4c879-0136-44f6-8630-1015a803b83c"
          ],
          "provenance__density": "dummy estimator based on mw",
          "provenance__is_consumed_by": null,
          "provenance__is_produced_by": null,
          "provenance__mass": null,
          "provenance__molecular_weight": "periodic table",
          "provenance__smiles": null,
          "provenance__state_of_matter": "dummy estimator based on mw"
        },
        {
          "identifier": "a4be64cd-cf9a-4004-b3ea-ff3cbf7f4ffc",
          "smiles": "Cc1cc(C)c(CN)c(=O)[nH]1",
          "state_of_matter": "LIQUID",
          "molecular_weight": 152.1936799999999,
          "density": 1.0,
          "mass": 152.1936799999999,
          "is_produced_by": [],
          "is_consumed_by": [
            "18c4c879-0136-44f6-8630-1015a803b83c"
          ],
          "provenance__density": "dummy estimator based on mw",
          "provenance__is_consumed_by": null,
          "provenance__is_produced_by": null,
          "provenance__mass": null,
          "provenance__molecular_weight": "periodic table",
          "provenance__smiles": null,
          "provenance__state_of_matter": "dummy estimator based on mw"
        }
      ],
      "reagents": [
        {
          "identifier": "3b77e3a3-fe5c-463c-ab43-db730473e267",
          "smiles": "CO",
          "state_of_matter": "LIQUID",
          "molecular_weight": 32.04186000000001,
          "density": 1.0,
          "mass": 32.04186000000001,
          "is_produced_by": [],
          "is_consumed_by": [
            "18c4c879-0136-44f6-8630-1015a803b83c"
          ],
          "provenance__density": "dummy estimator based on mw",
          "provenance__is_consumed_by": null,
          "provenance__is_produced_by": null,
          "provenance__mass": null,
          "provenance__molecular_weight": "periodic table",
          "provenance__smiles": null,
          "provenance__state_of_matter": "dummy estimator based on mw"
        },
        {
          "identifier": "5274595a-3b05-409b-bcf1-9f4783a5c2b2",
          "smiles": "CC(=O)O",
          "state_of_matter": "LIQUID",
          "molecular_weight": 60.051959999999994,
          "density": 1.0,
          "mass": 60.051959999999994,
          "is_produced_by": [],
          "is_consumed_by": [
            "18c4c879-0136-44f6-8630-1015a803b83c"
          ],
          "provenance__density": "dummy estimator based on mw",
          "provenance__is_consumed_by": null,
          "provenance__is_produced_by": null,
          "provenance__mass": null,
          "provenance__molecular_weight": "periodic table",
          "provenance__smiles": null,
          "provenance__state_of_matter": "dummy estimator based on mw"
        }
      ],
      "products": [
        {
          "identifier": "ebd06c6e-d77a-4357-9472-80d667e97013",
          "smiles": "CCN(c1cc(Br)cc(C(=O)NCc2c(C)cc(C)[nH]c2=O)c1C)C1CCOCC1",
          "state_of_matter": "SOLID",
          "molecular_weight": 476.4066000000003,
          "density": 1.4,
          "mass": 476.4066000000003,
          "is_produced_by": [
            "18c4c879-0136-44f6-8630-1015a803b83c"
          ],
          "is_consumed_by": [],
          "provenance__density": "dummy estimator based on mw",
          "provenance__is_consumed_by": null,
          "provenance__is_produced_by": null,
          "provenance__mass": null,
          "provenance__molecular_weight": "periodic table",
          "provenance__smiles": null,
          "provenance__state_of_matter": "dummy estimator based on mw"
        }
      ],
      "stoichiometry": {
        "65d42564-f72d-43b6-b744-68135edf035f": 1.0,
        "a4be64cd-cf9a-4004-b3ea-ff3cbf7f4ffc": 1.0,
        "ebd06c6e-d77a-4357-9472-80d667e97013": -1.0
      },
      "temperature": 288.9382477104664,
      "intended_ratios": {
        "65d42564-f72d-43b6-b744-68135edf035f": 1.0,
        "a4be64cd-cf9a-4004-b3ea-ff3cbf7f4ffc": 1.0,
        "3b77e3a3-fe5c-463c-ab43-db730473e267": 1.0,
        "5274595a-3b05-409b-bcf1-9f4783a5c2b2": 1.0
      },
      "expected_yields": {
        "ebd06c6e-d77a-4357-9472-80d667e97013": 1.0
      },
      "reaction_extent": 1.0
    },
    {
      "identifier": "361d02bf-c642-4e99-a8e4-c4a8b673d25b",
      "reactants": [
        {
          "identifier": "2f8e4eed-8114-4abf-a13b-7eb81548ef49",
          "smiles": "COC(=O)c1cc(Br)cc(N)c1C",
          "state_of_matter": "SOLID",
          "molecular_weight": 244.08519999999987,
          "density": 1.4,
          "mass": 244.08519999999987,
          "is_produced_by": [],
          "is_consumed_by": [
            "361d02bf-c642-4e99-a8e4-c4a8b673d25b"
          ],
          "provenance__density": "dummy estimator based on mw",
          "provenance__is_consumed_by": null,
          "provenance__is_produced_by": null,
          "provenance__mass": null,
          "provenance__molecular_weight": "periodic table",
          "provenance__smiles": null,
          "provenance__state_of_matter": "dummy estimator based on mw"
        },
        {
          "identifier": "a5e9fa89-79c1-4f82-8490-4dee1a537a33",
          "smiles": "O=C1CCOCC1",
          "state_of_matter": "LIQUID",
          "molecular_weight": 100.11582000000004,
          "density": 1.0,
          "mass": 100.11582000000004,
          "is_produced_by": [],
          "is_consumed_by": [
            "361d02bf-c642-4e99-a8e4-c4a8b673d25b"
          ],
          "provenance__density": "dummy estimator based on mw",
          "provenance__is_consumed_by": null,
          "provenance__is_produced_by": null,
          "provenance__mass": null,
          "provenance__molecular_weight": "periodic table",
          "provenance__smiles": null,
          "provenance__state_of_matter": "dummy estimator based on mw"
        }
      ],
      "reagents": [
        {
          "identifier": "019b02a0-7e56-45f3-8e24-d954fae342c1",
          "smiles": "CO",
          "state_of_matter": "LIQUID",
          "molecular_weight": 32.04186000000001,
          "density": 1.0,
          "mass": 32.04186000000001,
          "is_produced_by": [],
          "is_consumed_by": [
            "361d02bf-c642-4e99-a8e4-c4a8b673d25b"
          ],
          "provenance__density": "dummy estimator based on mw",
          "provenance__is_consumed_by": null,
          "provenance__is_produced_by": null,
          "provenance__mass": null,
          "provenance__molecular_weight": "periodic table",
          "provenance__smiles": null,
          "provenance__state_of_matter": "dummy estimator based on mw"
        },
        {
          "identifier": "7649e8e9-fca3-4c76-a0e9-f8f5669acd10",
          "smiles": "CC(=O)O",
          "state_of_matter": "LIQUID",
          "molecular_weight": 60.051959999999994,
          "density": 1.0,
          "mass": 60.051959999999994,
          "is_produced_by": [],
          "is_consumed_by": [
            "361d02bf-c642-4e99-a8e4-c4a8b673d25b"
          ],
          "provenance__density": "dummy estimator based on mw",
          "provenance__is_consumed_by": null,
          "provenance__is_produced_by": null,
          "provenance__mass": null,
          "provenance__molecular_weight": "periodic table",
          "provenance__smiles": null,
          "provenance__state_of_matter": "dummy estimator based on mw"
        },
        {
          "identifier": "187fc723-8003-433e-9e17-b109a3e59008",
          "smiles": "[BH3-]C#N.[Na+]",
          "state_of_matter": "SOLID",
          "molecular_weight": 62.841989999999996,
          "density": 1.4,
          "mass": 62.841989999999996,
          "is_produced_by": [],
          "is_consumed_by": [
            "361d02bf-c642-4e99-a8e4-c4a8b673d25b"
          ],
          "provenance__density": "dummy estimator based on mw",
          "provenance__is_consumed_by": null,
          "provenance__is_produced_by": null,
          "provenance__mass": null,
          "provenance__molecular_weight": "periodic table",
          "provenance__smiles": null,
          "provenance__state_of_matter": "dummy estimator based on mw"
        }
      ],
      "products": [
        {
          "identifier": "044f12d8-b2d8-4324-bd8c-e4e40b4b6f22",
          "smiles": "COC(=O)c1cc(Br)cc(NC2CCOCC2)c1C",
          "state_of_matter": "SOLID",
          "molecular_weight": 328.2016200000002,
          "density": 1.4,
          "mass": 328.2016200000002,
          "is_produced_by": [
            "361d02bf-c642-4e99-a8e4-c4a8b673d25b"
          ],
          "is_consumed_by": [],
          "provenance__density": "dummy estimator based on mw",
          "provenance__is_consumed_by": null,
          "provenance__is_produced_by": null,
          "provenance__mass": null,
          "provenance__molecular_weight": "periodic table",
          "provenance__smiles": null,
          "provenance__state_of_matter": "dummy estimator based on mw"
        }
      ],
      "stoichiometry": {
        "2f8e4eed-8114-4abf-a13b-7eb81548ef49": 1.0,
        "a5e9fa89-79c1-4f82-8490-4dee1a537a33": 1.0,
        "044f12d8-b2d8-4324-bd8c-e4e40b4b6f22": -1.0
      },
      "temperature": 295.46120129227637,
      "intended_ratios": {
        "2f8e4eed-8114-4abf-a13b-7eb81548ef49": 1.0,
        "a5e9fa89-79c1-4f82-8490-4dee1a537a33": 1.0,
        "019b02a0-7e56-45f3-8e24-d954fae342c1": 1.0,
        "7649e8e9-fca3-4c76-a0e9-f8f5669acd10": 1.0,
        "187fc723-8003-433e-9e17-b109a3e59008": 1.0
      },
      "expected_yields": {
        "044f12d8-b2d8-4324-bd8c-e4e40b4b6f22": 1.0
      },
      "reaction_extent": 1.0
    }
  ],
  "molecular_nodes": [
    "Brc1ccc(CN2CCOCC2)cc1",
    "C1COCCO1",
    "CC#N",
    "CC(=O)O",
    "CC1(C)OB(B2OC(C)(C)C(C)(C)O2)OC1(C)C",
    "CCBr",
    "CCN(c1cc(-c2ccc(CN3CCOCC3)cc2)cc(C(=O)NCc2c(C)cc(C)[nH]c2=O)c1C)C1CCOCC1",
    "CCN(c1cc(B(O)O)cc(C(=O)NCc2c(C)cc(C)[nH]c2=O)c1C)C1CCOCC1",
    "CCN(c1cc(Br)cc(C(=O)NCc2c(C)cc(C)[nH]c2=O)c1C)C1CCOCC1",
    "CCN(c1cc(Br)cc(C(=O)OC)c1C)C1CCOCC1",
    "CO",
    "COC(=O)c1cc(Br)cc(N)c1C",
    "COC(=O)c1cc(Br)cc(NC2CCOCC2)c1C",
    "Cc1cc(C)c(CN)c(=O)[nH]1",
    "O",
    "O=C(O[Cs])O[Cs]",
    "O=C(O[Na])O[Na]",
    "O=C1CCOCC1",
    "[BH3-]C#N.[Na+]",
    "c1ccc([PH](c2ccccc2)(c2ccccc2)[Pd]([PH](c2ccccc2)(c2ccccc2)c2ccccc2)([PH](c2ccccc2)(c2ccccc2)c2ccccc2)[PH](c2ccccc2)(c2ccccc2)c2ccccc2)cc1"
  ],
  "edges": [
    [
      "18c4c879-0136-44f6-8630-1015a803b83c",
      "CCN(c1cc(Br)cc(C(=O)NCc2c(C)cc(C)[nH]c2=O)c1C)C1CCOCC1"
    ],
    [
      "241ee8b4-62b3-4ee2-a609-b1a9dbcb723b",
      "CCN(c1cc(Br)cc(C(=O)OC)c1C)C1CCOCC1"
    ],
    [
      "357f5a53-fc7d-4a01-935a-dd1aa7476008",
      "CCN(c1cc(-c2ccc(CN3CCOCC3)cc2)cc(C(=O)NCc2c(C)cc(C)[nH]c2=O)c1C)C1CCOCC1"
    ],
    [
      "361d02bf-c642-4e99-a8e4-c4a8b673d25b",
      "COC(=O)c1cc(Br)cc(NC2CCOCC2)c1C"
    ],
    [
      "403272c3-9bb2-4376-b574-e271d81b252c",
      "CCN(c1cc(B(O)O)cc(C(=O)NCc2c(C)cc(C)[nH]c2=O)c1C)C1CCOCC1"
    ],
    [
      "Brc1ccc(CN2CCOCC2)cc1",
      "357f5a53-fc7d-4a01-935a-dd1aa7476008"
    ],
    [
      "C1COCCO1",
      "357f5a53-fc7d-4a01-935a-dd1aa7476008"
    ],
    [
      "C1COCCO1",
      "403272c3-9bb2-4376-b574-e271d81b252c"
    ],
    [
      "CC#N",
      "241ee8b4-62b3-4ee2-a609-b1a9dbcb723b"
    ],
    [
      "CC(=O)O",
      "18c4c879-0136-44f6-8630-1015a803b83c"
    ],
    [
      "CC(=O)O",
      "361d02bf-c642-4e99-a8e4-c4a8b673d25b"
    ],
    [
      "CC1(C)OB(B2OC(C)(C)C(C)(C)O2)OC1(C)C",
      "403272c3-9bb2-4376-b574-e271d81b252c"
    ],
    [
      "CCBr",
      "241ee8b4-62b3-4ee2-a609-b1a9dbcb723b"
    ],
    [
      "CCN(c1cc(B(O)O)cc(C(=O)NCc2c(C)cc(C)[nH]c2=O)c1C)C1CCOCC1",
      "357f5a53-fc7d-4a01-935a-dd1aa7476008"
    ],
    [
      "CCN(c1cc(Br)cc(C(=O)NCc2c(C)cc(C)[nH]c2=O)c1C)C1CCOCC1",
      "403272c3-9bb2-4376-b574-e271d81b252c"
    ],
    [
      "CCN(c1cc(Br)cc(C(=O)OC)c1C)C1CCOCC1",
      "18c4c879-0136-44f6-8630-1015a803b83c"
    ],
    [
      "CO",
      "18c4c879-0136-44f6-8630-1015a803b83c"
    ],
    [
      "CO",
      "361d02bf-c642-4e99-a8e4-c4a8b673d25b"
    ],
    [
      "COC(=O)c1cc(Br)cc(N)c1C",
      "361d02bf-c642-4e99-a8e4-c4a8b673d25b"
    ],
    [
      "COC(=O)c1cc(Br)cc(NC2CCOCC2)c1C",
      "241ee8b4-62b3-4ee2-a609-b1a9dbcb723b"
    ],
    [
      "Cc1cc(C)c(CN)c(=O)[nH]1",
      "18c4c879-0136-44f6-8630-1015a803b83c"
    ],
    [
      "O",
      "241ee8b4-62b3-4ee2-a609-b1a9dbcb723b"
    ],
    [
      "O",
      "357f5a53-fc7d-4a01-935a-dd1aa7476008"
    ],
    [
      "O",
      "403272c3-9bb2-4376-b574-e271d81b252c"
    ],
    [
      "O=C(O[Cs])O[Cs]",
      "241ee8b4-62b3-4ee2-a609-b1a9dbcb723b"
    ],
    [
      "O=C(O[Na])O[Na]",
      "357f5a53-fc7d-4a01-935a-dd1aa7476008"
    ],
    [
      "O=C(O[Na])O[Na]",
      "403272c3-9bb2-4376-b574-e271d81b252c"
    ],
    [
      "O=C1CCOCC1",
      "361d02bf-c642-4e99-a8e4-c4a8b673d25b"
    ],
    [
      "[BH3-]C#N.[Na+]",
      "361d02bf-c642-4e99-a8e4-c4a8b673d25b"
    ],
    [
      "c1ccc([PH](c2ccccc2)(c2ccccc2)[Pd]([PH](c2ccccc2)(c2ccccc2)c2ccccc2)([PH](c2ccccc2)(c2ccccc2)c2ccccc2)[PH](c2ccccc2)(c2ccccc2)c2ccccc2)cc1",
      "357f5a53-fc7d-4a01-935a-dd1aa7476008"
    ],
    [
      "c1ccc([PH](c2ccccc2)(c2ccccc2)[Pd]([PH](c2ccccc2)(c2ccccc2)c2ccccc2)([PH](c2ccccc2)(c2ccccc2)c2ccccc2)[PH](c2ccccc2)(c2ccccc2)c2ccccc2)cc1",
      "403272c3-9bb2-4376-b574-e271d81b252c"
    ]
  ]
}