{
  "identifier": "fc012f13-8bc1-4988-b273-cc1e9c33d28d",
  "chemical_reactions": [
    {
      "identifier": "5ac8f05f-fe25-491e-9f00-5cb643fe0695",
      "reactants": [
        {
          "identifier": "8d1005e2-91a8-4daa-9a87-ecca9f015dc2",
          "smiles": "Brc1ccc(CN2CCOCC2)cc1",
          "state_of_matter": "SOLID",
          "molecular_weight": 256.1389599999998,
          "density": 1.4,
          "mass": 2.5613895999999983,
          "is_produced_by": [],
          "is_consumed_by": [
            "5ac8f05f-fe25-491e-9f00-5cb643fe0695"
          ],
          "provenance__density": "dummy estimator based on mw",
          "provenance__is_consumed_by": null,
          "provenance__is_produced_by": null,
          "provenance__mass": null,
          "provenance__molecular_weight": "periodic table",
          "provenance__smiles": null,
          "provenance__state_of_matter": "dummy estimator based on mw"
        },
        {
          "identifier": "721bd67b-7340-416d-b3d5-1518e7fbb3e4",
          "smiles": "CCN(c1cc(B(O)O)cc(C(=O)NCc2c(C)cc(C)[nH]c2=O)c1C)C1CCOCC1",
          "state_of_matter": "SOLID",
          "molecular_weight": 441.32828000000035,
          "density": 1.4,
          "mass": 4.413282800000004,
          "is_produced_by": [],
          "is_consumed_by": [
            "5ac8f05f-fe25-491e-9f00-5cb643fe0695"
          ],
          "provenance__density": "dummy estimator based on mw",
          "provenance__is_consumed_by": null,
          "provenance__is_produced_by": null,
          "provenance__mass": null,
          "provenance__molecular_weight": "periodic table",
          "provenance__smiles": null,
          "provenance__state_of_matter": "dummy estimator based on mw"
        }
      ],
      "reagents": [
        {
          "identifier": "520bd99b-1a07-43b5-8f18-2af09043fdff",
          "smiles": "O",
          "state_of_matter": "LIQUID",
          "molecular_weight": 18.01528,
          "density": 1.0,
          "mass": 0.1801528,
          "is_produced_by": [],
          "is_consumed_by": [
            "5ac8f05f-fe25-491e-9f00-5cb643fe0695"
          ],
          "provenance__density": "dummy estimator based on mw",
          "provenance__is_consumed_by": null,
          "provenance__is_produced_by": null,
          "provenance__mass": null,
          "provenance__molecular_weight": "periodic table",
          "provenance__smiles": null,
          "provenance__state_of_matter": "dummy estimator based on mw"
        },
        {
          "identifier": "b34ed40c-0956-4af2-a368-5a9db8d608c7",
          "smiles": "C1COCCO1",
          "state_of_matter": "LIQUID",
          "molecular_weight": 88.10512000000004,
          "density": 1.0,
          "mass": 0.8810512000000005,
          "is_produced_by": [],
          "is_consumed_by": [
            "5ac8f05f-fe25-491e-9f00-5cb643fe0695"
          ],
          "provenance__density": "dummy estimator based on mw",
          "provenance__is_consumed_by": null,
          "provenance__is_produced_by": null,
          "provenance__mass": null,
          "provenance__molecular_weight": "periodic table",
          "provenance__smiles": null,
          "provenance__state_of_matter": "dummy estimator based on mw"
        },
        {
          "identifier": "c6766d5c-5a8c-417e-bea6-adf6466d9d7a",
          "smiles": "O=C(O[Na])O[Na]",
          "state_of_matter": "SOLID",
          "molecular_weight": 105.98844,
          "density": 1.4,
          "mass": 1.0598844,
          "is_produced_by": [],
          "is_consumed_by": [
            "5ac8f05f-fe25-491e-9f00-5cb643fe0695"
          ],
          "provenance__density": "dummy estimator based on mw",
          "provenance__is_consumed_by": null,
          "provenance__is_produced_by": null,
          "provenance__mass": null,
          "provenance__molecular_weight": "periodic table",
          "provenance__smiles": null,
          "provenance__state_of_matter": "dummy estimator based on mw"
        },
        {
          "identifier": "6f23a79e-1b00-4e1a-b3b0-5791f4885190",
          "smiles": "c1ccc([PH](c2ccccc2)(c2ccccc2)[Pd]([PH](c2ccccc2)(c2ccccc2)c2ccccc2)([PH](c2ccccc2)(c2ccccc2)c2ccccc2)[PH](c2ccccc2)(c2ccccc2)c2ccccc2)cc1",
          "state_of_matter": "SOLID",
          "molecular_weight": 1159.593603999999,
          "density": 1.4,
          "mass": 11.595936039999991,
          "is_produced_by": [],
          "is_consumed_by": [
            "5ac8f05f-fe25-491e-9f00-5cb643fe0695"
          ],
          "provenance__density": "dummy estimator based on mw",
          "provenance__is_consumed_by": null,
          "provenance__is_produced_by": null,
          "provenance__mass": null,
          "provenance__molecular_weight": "periodic table",
          "provenance__smiles": null,
          "provenance__state_of_matter": "dummy estimator based on mw"
        }
      ],
      "products": [
        {
          "identifier": "7fb1c03f-ea8c-4acb-8af1-38d326e9e093",
          "smiles": "CCN(c1cc(-c2ccc(CN3CCOCC3)cc2)cc(C(=O)NCc2c(C)cc(C)[nH]c2=O)c1C)C1CCOCC1",
          "state_of_matter": "SOLID",
          "molecular_weight": 572.7375599999981,
          "density": 1.4,
          "mass": 5.727375599999981,
          "is_produced_by": [
            "5ac8f05f-fe25-491e-9f00-5cb643fe0695"
          ],
          "is_consumed_by": [],
          "provenance__density": "dummy estimator based on mw",
          "provenance__is_consumed_by": null,
          "provenance__is_produced_by": null,
          "provenance__mass": null,
          "provenance__molecular_weight": "periodic table",
          "provenance__smiles": null,
          "provenance__state_of_matter": "dummy estimator based on mw"
        }
      ],
      "stoichiometry": {
        "8d1005e2-91a8-4daa-9a87-ecca9f015dc2": 1.0,
        "721bd67b-7340-416d-b3d5-1518e7fbb3e4": 1.0,
        "7fb1c03f-ea8c-4acb-8af1-38d326e9e093": -1.0
      },
      "temperature": 383.64679659605025,
      "intended_ratios": {
        "8d1005e2-91a8-4daa-9a87-ecca9f015dc2": 1.0,
        "721bd67b-7340-416d-b3d5-1518e7fbb3e4": 1.0,
        "520bd99b-1a07-43b5-8f18-2af09043fdff": 1.0,
        "b34ed40c-0956-4af2-a368-5a9db8d608c7": 1.0,
        "c6766d5c-5a8c-417e-bea6-adf6466d9d7a": 1.0,
        "6f23a79e-1b00-4e1a-b3b0-5791f4885190": 1.0
      },
      "expected_yields": {
        "7fb1c03f-ea8c-4acb-8af1-38d326e9e093": 1.0
      },
      "reaction_extent": 0.01
    },
    {
      "identifier": "c2f601d2-3e4f-426f-b546-b6fe4d009992",
      "reactants": [
        {
          "identifier": "46da1075-6e1f-42dc-9708-2710d5496e2c",
          "smiles": "C=Cc1ccccc1",
          "state_of_matter": "LIQUID",
          "molecular_weight": 104.14912000000004,
          "density": 1.0,
          "mass": 1.0414912000000005,
          "is_produced_by": [],
          "is_consumed_by": [
            "c2f601d2-3e4f-426f-b546-b6fe4d009992"
          ],
          "provenance__density": "dummy estimator based on mw",
          "provenance__is_consumed_by": null,
          "provenance__is_produced_by": null,
          "provenance__mass": null,
          "provenance__molecular_weight": "periodic table",
          "provenance__smiles": null,
          "provenance__state_of_matter": "dummy estimator based on mw"
        },
        {
          "identifier": "b2f7a026-3ca2-42b3-9470-e436cf4281a0",
          "smiles": "CC(C)c1c(O)cc(Br)cc1O",
          "state_of_matter": "SOLID",
          "molecular_weight": 231.08643999999987,
          "density": 1.4,
          "mass": 2.310864399999999,
          "is_produced_by": [],
          "is_consumed_by": [
            "c2f601d2-3e4f-426f-b546-b6fe4d009992"
          ],
          "provenance__density": "dummy estimator based on mw",
          "provenance__is_consumed_by": null,
          "provenance__is_produced_by": null,
          "provenance__mass": null,
          "provenance__molecular_weight": "periodic table",
          "provenance__smiles": null,
          "provenance__state_of_matter": "dummy estimator based on mw"
        }
      ],
      "reagents": [
        {
          "identifier": "8213f92e-e87d-4f1b-afc6-f8cbbf3f7d05",
          "smiles": "CN(C)C=O",
          "state_of_matter": "LIQUID",
          "molecular_weight": 73.09378000000004,
          "density": 1.0,
          "mass": 0.7309378000000004,
          "is_produced_by": [],
          "is_consumed_by": [
            "c2f601d2-3e4f-426f-b546-b6fe4d009992"
          ],
          "provenance__density": "dummy estimator based on mw",
          "provenance__is_consumed_by": null,
          "provenance__is_produced_by": null,
          "provenance__mass": null,
          "provenance__molecular_weight": "periodic table",
          "provenance__smiles": null,
          "provenance__state_of_matter": "dummy estimator based on mw"
        },
        {
          "identifier": "45b43a39-652f-4769-b7b4-a668e9edeb65",
          "smiles": "CCN(CC)CC",
          "state_of_matter": "LIQUID",
          "molecular_weight": 101.19000000000008,
          "density": 1.0,
          "mass": 1.011900000000001,
          "is_produced_by": [],
          "is_consumed_by": [
            "c2f601d2-3e4f-426f-b546-b6fe4d009992"
          ],
          "provenance__density": "dummy estimator based on mw",
          "provenance__is_consumed_by": null,
          "provenance__is_produced_by": null,
          "provenance__mass": null,
          "provenance__molecular_weight": "periodic table",
          "provenance__smiles": null,
          "provenance__state_of_matter": "dummy estimator based on mw"
        },
        {
          "identifier": "3fbfbf0d-15d3-4d3e-b93c-6ae49b8869eb",
          "smiles": "c1ccc(P(c2ccccc2)c2ccccc2)cc1",
          "state_of_matter": "SOLID",
          "molecular_weight": 262.28546099999994,
          "density": 1.4,
          "mass": 2.6228546099999996,
          "is_produced_by": [],
          "is_consumed_by": [
            "c2f601d2-3e4f-426f-b546-b6fe4d009992"
          ],
          "provenance__density": "dummy estimator based on mw",
          "provenance__is_consumed_by": null,
          "provenance__is_produced_by": null,
          "provenance__mass": null,
          "provenance__molecular_weight": "periodic table",
          "provenance__smiles": null,
          "provenance__state_of_matter": "dummy estimator based on mw"
        },
        {
          "identifier": "71876071-29e9-4be2-8693-ca9339eed421",
          "smiles": "CC(=O)[O-].CC(=O)[O-].[Pd+2]",
          "state_of_matter": "SOLID",
          "molecular_weight": 224.50803999999994,
          "density": 1.4,
          "mass": 2.2450803999999995,
          "is_produced_by": [],
          "is_consumed_by": [
            "c2f601d2-3e4f-426f-b546-b6fe4d009992"
          ],
          "provenance__density": "dummy estimator based on mw",
          "provenance__is_consumed_by": null,
          "provenance__is_produced_by": null,
          "provenance__mass": null,
          "provenance__molecular_weight": "periodic table",
          "provenance__smiles": null,
          "provenance__state_of_matter": "dummy estimator based on mw"
        }
      ],
      "products": [
        {
          "identifier": "fe33da62-2509-4132-986f-4e5fb86d2edd",
          "smiles": "CC(C)c1c(O)cc(C=Cc2ccccc2)cc1O",
          "state_of_matter": "SOLID",
          "molecular_weight": 254.32361999999975,
          "density": 1.4,
          "mass": 2.5432361999999977,
          "is_produced_by": [
            "c2f601d2-3e4f-426f-b546-b6fe4d009992"
          ],
          "is_consumed_by": [],
          "provenance__density": "dummy estimator based on mw",
          "provenance__is_consumed_by": null,
          "provenance__is_produced_by": null,
          "provenance__mass": null,
          "provenance__molecular_weight": "periodic table",
          "provenance__smiles": null,
          "provenance__state_of_matter": "dummy estimator based on mw"
        }
      ],
      "stoichiometry": {
        "46da1075-6e1f-42dc-9708-2710d5496e2c": 1.0,
        "b2f7a026-3ca2-42b3-9470-e436cf4281a0": 1.0,
        "fe33da62-2509-4132-986f-4e5fb86d2edd": -1.0
      },
      "temperature": 353.7789930403232,
      "intended_ratios": {
        "46da1075-6e1f-42dc-9708-2710d5496e2c": 1.0,
        "b2f7a026-3ca2-42b3-9470-e436cf4281a0": 1.0,
        "8213f92e-e87d-4f1b-afc6-f8cbbf3f7d05": 1.0,
        "45b43a39-652f-4769-b7b4-a668e9edeb65": 1.0,
        "3fbfbf0d-15d3-4d3e-b93c-6ae49b8869eb": 1.0,
        "71876071-29e9-4be2-8693-ca9339eed421": 1.0
      },
      "expected_yields": {
        "fe33da62-2509-4132-986f-4e5fb86d2edd": 1.0
      },
      "reaction_extent": 0.01
    },
    {
      "identifier": "29b78bde-e470-42e6-8ea1-5cbb42a16319",
      "reactants": [
        {
          "identifier": "170f458e-c8e6-407a-bd94-adfb4c920350",
          "smiles": "CC(=O)C1CCC2C3CCC4CC(=O)CCC4(C)C3CCC12C",
          "state_of_matter": "SOLID",
          "molecular_weight": 316.4775800000005,
          "density": 1.4,
          "mass": 3.164775800000005,
          "is_produced_by": [],
          "is_consumed_by": [
            "29b78bde-e470-42e6-8ea1-5cbb42a16319"
          ],
          "provenance__density": "dummy estimator based on mw",
          "provenance__is_consumed_by": null,
          "provenance__is_produced_by": null,
          "provenance__mass": null,
          "provenance__molecular_weight": "periodic table",
          "provenance__smiles": null,
          "provenance__state_of_matter": "dummy estimator based on mw"
        }
      ],
      "reagents": [
        {
          "identifier": "b1639ca0-ee9d-4509-950f-25955990af5a",
          "smiles": "CCO",
          "state_of_matter": "LIQUID",
          "molecular_weight": 46.06843999999999,
          "density": 1.0,
          "mass": 0.4606843999999999,
          "is_produced_by": [],
          "is_consumed_by": [
            "29b78bde-e470-42e6-8ea1-5cbb42a16319"
          ],
          "provenance__density": "dummy estimator based on mw",
          "provenance__is_consumed_by": null,
          "provenance__is_produced_by": null,
          "provenance__mass": null,
          "provenance__molecular_weight": "periodic table",
          "provenance__smiles": null,
          "provenance__state_of_matter": "dummy estimator based on mw"
        },
        {
          "identifier": "97c0ad83-7c95-42be-9c7d-b9aa6a5c1604",
          "smiles": "[Na]",
          "state_of_matter": "SOLID",
          "molecular_weight": 22.98977,
          "density": 1.4,
          "mass": 0.2298977,
          "is_produced_by": [],
          "is_consumed_by": [
            "29b78bde-e470-42e6-8ea1-5cbb42a16319"
          ],
          "provenance__density": "dummy estimator based on mw",
          "provenance__is_consumed_by": null,
          "provenance__is_produced_by": null,
          "provenance__mass": null,
          "provenance__molecular_weight": "periodic table",
          "provenance__smiles": null,
          "provenance__state_of_matter": "dummy estimator based on mw"
        }
      ],
      "products": [
        {
          "identifier": "3bf9daab-41d4-4dce-95cc-7dab2a84f5b8",
          "smiles": "CC(=O)C1CCC2C3CCC4CC(O)CCC4(C)C3CCC12C",
          "state_of_matter": "SOLID",
          "molecular_weight": 318.49346000000054,
          "density": 1.4,
          "mass": 3.1849346000000054,
          "is_produced_by": [
            "29b78bde-e470-42e6-8ea1-5cbb42a16319"
          ],
          "is_consumed_by": [],
          "provenance__density": "dummy estimator based on mw",
          "provenance__is_consumed_by": null,
          "provenance__is_produced_by": null,
          "provenance__mass": null,
          "provenance__molecular_weight": "periodic table",
          "provenance__smiles": null,
          "provenance__state_of_matter": "dummy estimator based on mw"
        }
      ],
      "stoichiometry": {
        "170f458e-c8e6-407a-bd94-adfb4c920350": 1.0,
        "3bf9daab-41d4-4dce-95cc-7dab2a84f5b8": -1.0
      },
      "temperature": 288.2519380688667,
      "intended_ratios": {
        "170f458e-c8e6-407a-bd94-adfb4c920350": 1.0,
        "b1639ca0-ee9d-4509-950f-25955990af5a": 1.0,
        "97c0ad83-7c95-42be-9c7d-b9aa6a5c1604": 1.0
      },
      "expected_yields": {
        "3bf9daab-41d4-4dce-95cc-7dab2a84f5b8": 1.0
      },
      "reaction_extent": 0.01
    },
    {
      "identifier": "3d2ec5c2-76cb-4f55-8020-70bd85c261ea",
      "reactants": [
        {
          "identifier": "b116ba64-fb9e-4f96-b849-41a2aa2ab6b3",
          "smiles": "CC(C)O",
          "state_of_matter": "LIQUID",
          "molecular_weight": 60.095019999999984,
          "density": 1.0,
          "mass": 0.6009502,
          "is_produced_by": [],
          "is_consumed_by": [
            "3d2ec5c2-76cb-4f55-8020-70bd85c261ea"
          ],
          "provenance__density": "dummy estimator based on mw",
          "provenance__is_consumed_by": null,
          "provenance__is_produced_by": null,
          "provenance__mass": null,
          "provenance__molecular_weight": "periodic table",
          "provenance__smiles": null,
          "provenance__state_of_matter": "dummy estimator based on mw"
        },
        {
          "identifier": "4e67baa7-fff5-4552-b506-06a819581246",
          "smiles": "Oc1cc(O)cc(Br)c1",
          "state_of_matter": "LIQUID",
          "molecular_weight": 189.00669999999994,
          "density": 1.0,
          "mass": 1.8900669999999997,
          "is_produced_by": [],
          "is_consumed_by": [
            "3d2ec5c2-76cb-4f55-8020-70bd85c261ea"
          ],
          "provenance__density": "dummy estimator based on mw",
          "provenance__is_consumed_by": null,
          "provenance__is_produced_by": null,
          "provenance__mass": null,
          "provenance__molecular_weight": "periodic table",
          "provenance__smiles": null,
          "provenance__state_of_matter": "dummy estimator based on mw"
        }
      ],
      "reagents": [
        {
          "identifier": "632aa4f8-21ea-4590-bedb-889fbc4c8104",
          "smiles": "O=S(=O)(O)O",
          "state_of_matter": "LIQUID",
          "molecular_weight": 98.07848,
          "density": 1.0,
          "mass": 0.9807848000000002,
          "is_produced_by": [],
          "is_consumed_by": [
            "3d2ec5c2-76cb-4f55-8020-70bd85c261ea"
          ],
          "provenance__density": "dummy estimator based on mw",
          "provenance__is_consumed_by": null,
          "provenance__is_produced_by": null,
          "provenance__mass": null,
          "provenance__molecular_weight": "periodic table",
          "provenance__smiles": null,
          "provenance__state_of_matter": "dummy estimator based on mw"
        }
      ],
      "products": [
        {
          "identifier": "ac293e08-cb1c-46ad-90d5-3dc965dec806",
          "smiles": "CC(C)c1c(O)cc(Br)cc1O",
          "state_of_matter": "SOLID",
          "molecular_weight": 231.08643999999987,
          "density": 1.4,
          "mass": 2.310864399999999,
          "is_produced_by": [
            "3d2ec5c2-76cb-4f55-8020-70bd85c261ea"
          ],
          "is_consumed_by": [],
          "provenance__density": "dummy estimator based on mw",
          "provenance__is_consumed_by": null,
          "provenance__is_produced_by": null,
          "provenance__mass": null,
          "provenance__molecular_weight": "periodic table",
          "provenance__smiles": null,
          "provenance__state_of_matter": "dummy estimator based on mw"
        }
      ],
      "stoichiometry": {
        "b116ba64-fb9e-4f96-b849-41a2aa2ab6b3": 1.0,
        "4e67baa7-fff5-4552-b506-06a819581246": 1.0,
        "ac293e08-cb1c-46ad-90d5-3dc965dec806": -1.0
      },
      "temperature": 299.26102591753005,
      "intended_ratios": {
        "b116ba64-fb9e-4f96-b849-41a2aa2ab6b3": 1.0,
        "4e67baa7-fff5-4552-b506-06a819581246": 1.0,
        "632aa4f8-21ea-4590-bedb-889fbc4c8104": 1.0
      },
      "expected_yields": {
        "ac293e08-cb1c-46ad-90d5-3dc965dec806": 1.0
      },
      "reaction_extent": 0.010000000000000002
    },
    {
      "identifier": "a4f202f2-bac2-4757-9823-a73abe74d43e",
      "reactants": [
        {
          "identifier": "951b492a-6db9-4493-8ed3-1016e189a40c",
          "smiles": "CC(N)=O",
          "state_of_matter": "LIQUID",
          "molecular_weight": 59.06719999999999,
          "density": 1.0,
          "mass": 0.590672,
          "is_produced_by": [],
          "is_consumed_by": [
            "a4f202f2-bac2-4757-9823-a73abe74d43e"
          ],
          "provenance__density": "dummy estimator based on mw",
          "provenance__is_consumed_by": null,
          "provenance__is_produced_by": null,
          "provenance__mass": null,
          "provenance__molecular_weight": "periodic table",
          "provenance__smiles": null,
          "provenance__state_of_matter": "dummy estimator based on mw"
        },
        {
          "identifier": "09b5b696-8b86-4aa7-aa56-14c0d6b2a911",
          "smiles": "CNC(=O)c1nnc(Cl)cc1Nc1cccc(-c2ncn(C)n2)c1OC",
          "state_of_matter": "SOLID",
          "molecular_weight": 374.80488000000025,
          "density": 1.4,
          "mass": 3.7480488000000025,
          "is_produced_by": [],
          "is_consumed_by": [
            "a4f202f2-bac2-4757-9823-a73abe74d43e"
          ],
          "provenance__density": "dummy estimator based on mw",
          "provenance__is_consumed_by": null,
          "provenance__is_produced_by": null,
          "provenance__mass": null,
          "provenance__molecular_weight": "periodic table",
          "provenance__smiles": null,
          "provenance__state_of_matter": "dummy estimator based on mw"
        }
      ],
      "reagents": [
        {
          "identifier": "eea31ab8-1092-4e29-ba9d-5f1f11a4f453",
          "smiles": "C1COCCO1",
          "state_of_matter": "LIQUID",
          "molecular_weight": 88.10512000000004,
          "density": 1.0,
          "mass": 0.8810512000000005,
          "is_produced_by": [],
          "is_consumed_by": [
            "a4f202f2-bac2-4757-9823-a73abe74d43e"
          ],
          "provenance__density": "dummy estimator based on mw",
          "provenance__is_consumed_by": null,
          "provenance__is_produced_by": null,
          "provenance__mass": null,
          "provenance__molecular_weight": "periodic table",
          "provenance__smiles": null,
          "provenance__state_of_matter": "dummy estimator based on mw"
        },
        {
          "identifier": "566fc68e-2015-49c8-bd8a-10c62ed6672c",
          "smiles": "[Pd]",
          "state_of_matter": "SOLID",
          "molecular_weight": 106.42,
          "density": 1.4,
          "mass": 1.0642,
          "is_produced_by": [],
          "is_consumed_by": [
            "a4f202f2-bac2-4757-9823-a73abe74d43e"
          ],
          "provenance__density": "dummy estimator based on mw",
          "provenance__is_consumed_by": null,
          "provenance__is_produced_by": null,
          "provenance__mass": null,
          "provenance__molecular_weight": "periodic table",
          "provenance__smiles": null,
          "provenance__state_of_matter": "dummy estimator based on mw"
        },
        {
          "identifier": "d9c56354-e55e-4254-ba4b-c1eafd18720d",
          "smiles": "CC1(C)c2cccc(P(c3ccccc3)c3ccccc3)c2Oc2c(P(c3ccccc3)c3ccccc3)cccc21",
          "state_of_matter": "SOLID",
          "molecular_weight": 578.6183019999985,
          "density": 1.4,
          "mass": 5.786183019999985,
          "is_produced_by": [],
          "is_consumed_by": [
            "a4f202f2-bac2-4757-9823-a73abe74d43e"
          ],
          "provenance__density": "dummy estimator based on mw",
          "provenance__is_consumed_by": null,
          "provenance__is_produced_by": null,
          "provenance__mass": null,
          "provenance__molecular_weight": "periodic table",
          "provenance__smiles": null,
          "provenance__state_of_matter": "dummy estimator based on mw"
        },
        {
          "identifier": "1c953483-f67f-49fb-9a6f-0fa77b43945f",
          "smiles": "O=C(O[Cs])O[Cs]",
          "state_of_matter": "SOLID",
          "molecular_weight": 325.8198,
          "density": 1.4,
          "mass": 3.258198,
          "is_produced_by": [],
          "is_consumed_by": [
            "a4f202f2-bac2-4757-9823-a73abe74d43e"
          ],
          "provenance__density": "dummy estimator based on mw",
          "provenance__is_consumed_by": null,
          "provenance__is_produced_by": null,
          "provenance__mass": null,
          "provenance__molecular_weight": "periodic table",
          "provenance__smiles": null,
          "provenance__state_of_matter": "dummy estimator based on mw"
        }
      ],
      "products": [
        {
          "identifier": "9d670502-b9e8-4cad-ba1a-c9fa5fab4949",
          "smiles": "CNC(=O)c1nnc(NC(C)=O)cc1Nc1cccc(-c2ncn(C)n2)c1OC",
          "state_of_matter": "SOLID",
          "molecular_weight": 397.41114000000033,
          "density": 1.4,
          "mass": 3.9741114000000035,
          "is_produced_by": [
            "a4f202f2-bac2-4757-9823-a73abe74d43e"
          ],
          "is_consumed_by": [],
          "provenance__density": "dummy estimator based on mw",
          "provenance__is_consumed_by": null,
          "provenance__is_produced_by": null,
          "provenance__mass": null,
          "provenance__molecular_weight": "periodic table",
          "provenance__smiles": null,
          "provenance__state_of_matter": "dummy estimator based on mw"
        }
      ],
      "stoichiometry": {
        "951b492a-6db9-4493-8ed3-1016e189a40c": 1.0,
        "09b5b696-8b86-4aa7-aa56-14c0d6b2a911": 1.0,
        "9d670502-b9e8-4cad-ba1a-c9fa5fab4949": -1.0
      },
      "temperature": 361.9062446594238,
      "intended_ratios": {
        "951b492a-6db9-4493-8ed3-1016e189a40c": 1.0,
        "09b5b696-8b86-4aa7-aa56-14c0d6b2a911": 1.0,
        "eea31ab8-1092-4e29-ba9d-5f1f11a4f453": 1.0,
        "566fc68e-2015-49c8-bd8a-10c62ed6672c": 1.0,
        "d9c56354-e55e-4254-ba4b-c1eafd18720d": 1.0,
        "1c953483-f67f-49fb-9a6f-0fa77b43945f": 1.0
      },
      "expected_yields": {
        "9d670502-b9e8-4cad-ba1a-c9fa5fab4949": 1.0
      },
      "reaction_extent": 0.01
    },
    {
      "identifier": "e2906c36-fe1f-475b-94f5-de534c0aae31",
      "reactants": [
        {
          "identifier": "11466dbf-1cb0-41e1-99ff-f40b68461f16",
          "smiles": "CC1(C)OB(B2OC(C)(C)C(C)(C)O2)OC1(C)C",
          "state_of_matter": "SOLID",
          "molecular_weight": 253.9385599999997,
          "density": 1.4,
          "mass": 2.539385599999997,
          "is_produced_by": [],
          "is_consumed_by": [
            "e2906c36-fe1f-475b-94f5-de534c0aae31"
          ],
          "provenance__density": "dummy estimator based on mw",
          "provenance__is_consumed_by": null,
          "provenance__is_produced_by": null,
          "provenance__mass": null,
          "provenance__molecular_weight": "periodic table",
          "provenance__smiles": null,
          "provenance__state_of_matter": "dummy estimator based on mw"
        },
        {
          "identifier": "9cc38919-3c5f-4d56-99c0-b1f0ccf9e6f4",
          "smiles": "CCN(c1cc(Br)cc(C(=O)NCc2c(C)cc(C)[nH]c2=O)c1C)C1CCOCC1",
          "state_of_matter": "SOLID",
          "molecular_weight": 476.4066000000003,
          "density": 1.4,
          "mass": 4.764066000000003,
          "is_produced_by": [],
          "is_consumed_by": [
            "e2906c36-fe1f-475b-94f5-de534c0aae31"
          ],
          "provenance__density": "dummy estimator based on mw",
          "provenance__is_consumed_by": null,
          "provenance__is_produced_by": null,
          "provenance__mass": null,
          "provenance__molecular_weight": "periodic table",
          "provenance__smiles": null,
          "provenance__state_of_matter": "dummy estimator based on mw"
        }
      ],
      "reagents": [
        {
          "identifier": "beacdced-f3c0-49b2-9722-f17886ee261a",
          "smiles": "O",
          "state_of_matter": "LIQUID",
          "molecular_weight": 18.01528,
          "density": 1.0,
          "mass": 0.1801528,
          "is_produced_by": [],
          "is_consumed_by": [
            "e2906c36-fe1f-475b-94f5-de534c0aae31"
          ],
          "provenance__density": "dummy estimator based on mw",
          "provenance__is_consumed_by": null,
          "provenance__is_produced_by": null,
          "provenance__mass": null,
          "provenance__molecular_weight": "periodic table",
          "provenance__smiles": null,
          "provenance__state_of_matter": "dummy estimator based on mw"
        },
        {
          "identifier": "fbbab568-6ea4-4999-a28a-08c2bbad66e1",
          "smiles": "C1COCCO1",
          "state_of_matter": "LIQUID",
          "molecular_weight": 88.10512000000004,
          "density": 1.0,
          "mass": 0.8810512000000005,
          "is_produced_by": [],
          "is_consumed_by": [
            "e2906c36-fe1f-475b-94f5-de534c0aae31"
          ],
          "provenance__density": "dummy estimator based on mw",
          "provenance__is_consumed_by": null,
          "provenance__is_produced_by": null,
          "provenance__mass": null,
          "provenance__molecular_weight": "periodic table",
          "provenance__smiles": null,
          "provenance__state_of_matter": "dummy estimator based on mw"
        },
        {
          "identifier": "2aedecf6-be06-4f83-b640-5a31aea69dab",
          "smiles": "O=C(O[Na])O[Na]",
          "state_of_matter": "SOLID",
          "molecular_weight": 105.98844,
          "density": 1.4,
          "mass": 1.0598844,
          "is_produced_by": [],
          "is_consumed_by": [
            "e2906c36-fe1f-475b-94f5-de534c0aae31"
          ],
          "provenance__density": "dummy estimator based on mw",
          "provenance__is_consumed_by": null,
          "provenance__is_produced_by": null,
          "provenance__mass": null,
          "provenance__molecular_weight": "periodic table",
          "provenance__smiles": null,
          "provenance__state_of_matter": "dummy estimator based on mw"
        },
        {
          "identifier": "34140432-7ff4-493b-943b-b9cab2e76035",
          "smiles": "c1ccc([PH](c2ccccc2)(c2ccccc2)[Pd]([PH](c2ccccc2)(c2ccccc2)c2ccccc2)([PH](c2ccccc2)(c2ccccc2)c2ccccc2)[PH](c2ccccc2)(c2ccccc2)c2ccccc2)cc1",
          "state_of_matter": "SOLID",
          "molecular_weight": 1159.593603999999,
          "density": 1.4,
          "mass": 11.595936039999991,
          "is_produced_by": [],
          "is_consumed_by": [
            "e2906c36-fe1f-475b-94f5-de534c0aae31"
          ],
          "provenance__density": "dummy estimator based on mw",
          "provenance__is_consumed_by": null,
          "provenance__is_produced_by": null,
          "provenance__mass": null,
          "provenance__molecular_weight": "periodic table",
          "provenance__smiles": null,
          "provenance__state_of_matter": "dummy estimator based on mw"
        }
      ],
      "products": [
        {
          "identifier": "a7b74578-de90-416e-b826-9d26aef749f3",
          "smiles": "CCN(c1cc(B(O)O)cc(C(=O)NCc2c(C)cc(C)[nH]c2=O)c1C)C1CCOCC1",
          "state_of_matter": "SOLID",
          "molecular_weight": 441.32828000000035,
          "density": 1.4,
          "mass": 4.413282800000004,
          "is_produced_by": [
            "e2906c36-fe1f-475b-94f5-de534c0aae31"
          ],
          "is_consumed_by": [],
          "provenance__density": "dummy estimator based on mw",
          "provenance__is_consumed_by": null,
          "provenance__is_produced_by": null,
          "provenance__mass": null,
          "provenance__molecular_weight": "periodic table",
          "provenance__smiles": null,
          "provenance__state_of_matter": "dummy estimator based on mw"
        }
      ],
      "stoichiometry": {
        "11466dbf-1cb0-41e1-99ff-f40b68461f16": 1.0,
        "9cc38919-3c5f-4d56-99c0-b1f0ccf9e6f4": 1.0,
        "a7b74578-de90-416e-b826-9d26aef749f3": -1.0
      },
      "temperature": 353.3406757235527,
      "intended_ratios": {
        "11466dbf-1cb0-41e1-99ff-f40b68461f16": 1.0,
        "9cc38919-3c5f-4d56-99c0-b1f0ccf9e6f4": 1.0,
        "beacdced-f3c0-49b2-9722-f17886ee261a": 1.0,
        "fbbab568-6ea4-4999-a28a-08c2bbad66e1": 1.0,
        "2aedecf6-be06-4f83-b640-5a31aea69dab": 1.0,
        "34140432-7ff4-493b-943b-b9cab2e76035": 1.0
      },
      "expected_yields": {
        "a7b74578-de90-416e-b826-9d26aef749f3": 1.0
      },
      "reaction_extent": 0.01
    },
    {
      "identifier": "e0c447a0-b7f9-4f66-9e1f-c7bacf0adaf1",
      "reactants": [
        {
          "identifier": "5f4bd49e-5235-40c5-afe1-2716634ed24b",
          "smiles": "CCBr",
          "state_of_matter": "LIQUID",
          "molecular_weight": 108.96510000000002,
          "density": 1.0,
          "mass": 1.0896510000000001,
          "is_produced_by": [],
          "is_consumed_by": [
            "e0c447a0-b7f9-4f66-9e1f-c7bacf0adaf1"
          ],
          "provenance__density": "dummy estimator based on mw",
          "provenance__is_consumed_by": null,
          "provenance__is_produced_by": null,
          "provenance__mass": null,
          "provenance__molecular_weight": "periodic table",
          "provenance__smiles": null,
          "provenance__state_of_matter": "dummy estimator based on mw"
        },
        {
          "identifier": "643798e8-8a2e-4791-a9fe-d90440a26dfb",
          "smiles": "COC(=O)c1cc(Br)cc(NC2CCOCC2)c1C",
          "state_of_matter": "SOLID",
          "molecular_weight": 328.2016200000002,
          "density": 1.4,
          "mass": 3.2820162000000024,
          "is_produced_by": [],
          "is_consumed_by": [
            "e0c447a0-b7f9-4f66-9e1f-c7bacf0adaf1"
          ],
          "provenance__density": "dummy estimator based on mw",
          "provenance__is_consumed_by": null,
          "provenance__is_produced_by": null,
          "provenance__mass": null,
          "provenance__molecular_weight": "periodic table",
          "provenance__smiles": null,
          "provenance__state_of_matter": "dummy estimator based on mw"
        }
      ],
      "reagents": [
        {
          "identifier": "bfb0f720-09bb-4441-a577-ae7e365f2065",
          "smiles": "O",
          "state_of_matter": "LIQUID",
          "molecular_weight": 18.01528,
          "density": 1.0,
          "mass": 0.1801528,
          "is_produced_by": [],
          "is_consumed_by": [
            "e0c447a0-b7f9-4f66-9e1f-c7bacf0adaf1"
          ],
          "provenance__density": "dummy estimator based on mw",
          "provenance__is_consumed_by": null,
          "provenance__is_produced_by": null,
          "provenance__mass": null,
          "provenance__molecular_weight": "periodic table",
          "provenance__smiles": null,
          "provenance__state_of_matter": "dummy estimator based on mw"
        },
        {
          "identifier": "e5e0fbe2-5475-4cd3-a5fe-129a403739c6",
          "smiles": "CC#N",
          "state_of_matter": "LIQUID",
          "molecular_weight": 41.051919999999996,
          "density": 1.0,
          "mass": 0.4105192,
          "is_produced_by": [],
          "is_consumed_by": [
            "e0c447a0-b7f9-4f66-9e1f-c7bacf0adaf1"
          ],
          "provenance__density": "dummy estimator based on mw",
          "provenance__is_consumed_by": null,
          "provenance__is_produced_by": null,
          "provenance__mass": null,
          "provenance__molecular_weight": "periodic table",
          "provenance__smiles": null,
          "provenance__state_of_matter": "dummy estimator based on mw"
        },
        {
          "identifier": "4a79dc6c-6aec-4caa-9aff-1facd152737b",
          "smiles": "O=C(O[Cs])O[Cs]",
          "state_of_matter": "SOLID",
          "molecular_weight": 325.8198,
          "density": 1.4,
          "mass": 3.258198,
          "is_produced_by": [],
          "is_consumed_by": [
            "e0c447a0-b7f9-4f66-9e1f-c7bacf0adaf1"
          ],
          "provenance__density": "dummy estimator based on mw",
          "provenance__is_consumed_by": null,
          "provenance__is_produced_by": null,
          "provenance__mass": null,
          "provenance__molecular_weight": "periodic table",
          "provenance__smiles": null,
          "provenance__state_of_matter": "dummy estimator based on mw"
        }
      ],
      "products": [
        {
          "identifier": "44a730bc-3c6c-4121-87b7-22f0e15b89f9",
          "smiles": "CCN(c1cc(Br)cc(C(=O)OC)c1C)C1CCOCC1",
          "state_of_matter": "SOLID",
          "molecular_weight": 356.25478000000027,
          "density": 1.4,
          "mass": 3.5625478000000026,
          "is_produced_by": [
            "e0c447a0-b7f9-4f66-9e1f-c7bacf0adaf1"
          ],
          "is_consumed_by": [],
          "provenance__density": "dummy estimator based on mw",
          "provenance__is_consumed_by": null,
          "provenance__is_produced_by": null,
          "provenance__mass": null,
          "provenance__molecular_weight": "periodic table",
          "provenance__smiles": null,
          "provenance__state_of_matter": "dummy estimator based on mw"
        }
      ],
      "stoichiometry": {
        "5f4bd49e-5235-40c5-afe1-2716634ed24b": 1.0,
        "643798e8-8a2e-4791-a9fe-d90440a26dfb": 1.0,
        "44a730bc-3c6c-4121-87b7-22f0e15b89f9": -1.0
      },
      "temperature": 324.8399884700775,
      "intended_ratios": {
        "5f4bd49e-5235-40c5-afe1-2716634ed24b": 1.0,
        "643798e8-8a2e-4791-a9fe-d90440a26dfb": 1.0,
        "bfb0f720-09bb-4441-a577-ae7e365f2065": 1.0,
        "e5e0fbe2-5475-4cd3-a5fe-129a403739c6": 1.0,
        "4a79dc6c-6aec-4caa-9aff-1facd152737b": 1.0
      },
      "expected_yields": {
        "44a730bc-3c6c-4121-87b7-22f0e15b89f9": 1.0
      },
      "reaction_extent": 0.01
    },
    {
      "identifier": "1d47b581-4449-4f20-86de-f2818e79db69",
      "reactants": [
        {
          "identifier": "7d6f4a98-3ad9-42f4-a9cd-e2532aa900ff",
          "smiles": "CCN(c1cc(Br)cc(C(=O)OC)c1C)C1CCOCC1",
          "state_of_matter": "SOLID",
          "molecular_weight": 356.25478000000027,
          "density": 1.4,
          "mass": 3.5625478000000026,
          "is_produced_by": [],
          "is_consumed_by": [
            "1d47b581-4449-4f20-86de-f2818e79db69"
          ],
          "provenance__density": "dummy estimator based on mw",
          "provenance__is_consumed_by": null,
          "provenance__is_produced_by": null,
          "provenance__mass": null,
          "provenance__molecular_weight": "periodic table",
          "provenance__smiles": null,
          "provenance__state_of_matter": "dummy estimator based on mw"
        },
        {
          "identifier": "122331a7-344b-4996-b349-aec2044b05c1",
          "smiles": "Cc1cc(C)c(CN)c(=O)[nH]1",
          "state_of_matter": "LIQUID",
          "molecular_weight": 152.1936799999999,
          "density": 1.0,
          "mass": 1.5219367999999989,
          "is_produced_by": [],
          "is_consumed_by": [
            "1d47b581-4449-4f20-86de-f2818e79db69"
          ],
          "provenance__density": "dummy estimator based on mw",
          "provenance__is_consumed_by": null,
          "provenance__is_produced_by": null,
          "provenance__mass": null,
          "provenance__molecular_weight": "periodic table",
          "provenance__smiles": null,
          "provenance__state_of_matter": "dummy estimator based on mw"
        }
      ],
      "reagents": [
        {
          "identifier": "0e6f4242-8950-42c7-9048-8f2a41eb6c1b",
          "smiles": "CO",
          "state_of_matter": "LIQUID",
          "molecular_weight": 32.04186000000001,
          "density": 1.0,
          "mass": 0.32041860000000005,
          "is_produced_by": [],
          "is_consumed_by": [
            "1d47b581-4449-4f20-86de-f2818e79db69"
          ],
          "provenance__density": "dummy estimator based on mw",
          "provenance__is_consumed_by": null,
          "provenance__is_produced_by": null,
          "provenance__mass": null,
          "provenance__molecular_weight": "periodic table",
          "provenance__smiles": null,
          "provenance__state_of_matter": "dummy estimator based on mw"
        },
        {
          "identifier": "9beb9d3f-9237-45a4-ab10-9c37ab2b58f4",
          "smiles": "CC(=O)O",
          "state_of_matter": "LIQUID",
          "molecular_weight": 60.051959999999994,
          "density": 1.0,
          "mass": 0.6005195999999999,
          "is_produced_by": [],
          "is_consumed_by": [
            "1d47b581-4449-4f20-86de-f2818e79db69"
          ],
          "provenance__density": "dummy estimator based on mw",
          "provenance__is_consumed_by": null,
          "provenance__is_produced_by": null,
          "provenance__mass": null,
          "provenance__molecular_weight": "periodic table",
          "provenance__smiles": null,
          "provenance__state_of_matter": "dummy estimator based on mw"
        }
      ],
      "products": [
        {
          "identifier": "4d72682f-80db-40f1-9d29-56fd24f9adbf",
          "smiles": "CCN(c1cc(Br)cc(C(=O)NCc2c(C)cc(C)[nH]c2=O)c1C)C1CCOCC1",
          "state_of_matter": "SOLID",
          "molecular_weight": 476.4066000000003,
          "density": 1.4,
          "mass": 4.764066000000003,
          "is_produced_by": [
            "1d47b581-4449-4f20-86de-f2818e79db69"
          ],
          "is_consumed_by": [],
          "provenance__density": "dummy estimator based on mw",
          "provenance__is_consumed_by": null,
          "provenance__is_produced_by": null,
          "provenance__mass": null,
          "provenance__molecular_weight": "periodic table",
          "provenance__smiles": null,
          "provenance__state_of_matter": "dummy estimator based on mw"
        }
      ],
      "stoichiometry": {
        "7d6f4a98-3ad9-42f4-a9cd-e2532aa900ff": 1.0,
        "122331a7-344b-4996-b349-aec2044b05c1": 1.0,
        "4d72682f-80db-40f1-9d29-56fd24f9adbf": -1.0
      },
      "temperature": 288.9382477104664,
      "intended_ratios": {
        "7d6f4a98-3ad9-42f4-a9cd-e2532aa900ff": 1.0,
        "122331a7-344b-4996-b349-aec2044b05c1": 1.0,
        "0e6f4242-8950-42c7-9048-8f2a41eb6c1b": 1.0,
        "9beb9d3f-9237-45a4-ab10-9c37ab2b58f4": 1.0
      },
      "expected_yields": {
        "4d72682f-80db-40f1-9d29-56fd24f9adbf": 1.0
      },
      "reaction_extent": 0.01
    },
    {
      "identifier": "ddb1340a-d1a2-4ad0-8c27-bd91542e2bb7",
      "reactants": [
        {
          "identifier": "677f132b-6995-4a8c-96ae-67eb592e7804",
          "smiles": "CN",
          "state_of_matter": "LIQUID",
          "molecular_weight": 31.05710000000001,
          "density": 1.0,
          "mass": 0.3105710000000001,
          "is_produced_by": [],
          "is_consumed_by": [
            "ddb1340a-d1a2-4ad0-8c27-bd91542e2bb7"
          ],
          "provenance__density": "dummy estimator based on mw",
          "provenance__is_consumed_by": null,
          "provenance__is_produced_by": null,
          "provenance__mass": null,
          "provenance__molecular_weight": "periodic table",
          "provenance__smiles": null,
          "provenance__state_of_matter": "dummy estimator based on mw"
        },
        {
          "identifier": "16adfba1-aba7-4514-9b95-c89df045f717",
          "smiles": "COC(=O)c1nnc(Cl)cc1Nc1cccc(-c2ncn(C)n2)c1OC",
          "state_of_matter": "SOLID",
          "molecular_weight": 375.7896400000002,
          "density": 1.4,
          "mass": 3.757896400000002,
          "is_produced_by": [],
          "is_consumed_by": [
            "ddb1340a-d1a2-4ad0-8c27-bd91542e2bb7"
          ],
          "provenance__density": "dummy estimator based on mw",
          "provenance__is_consumed_by": null,
          "provenance__is_produced_by": null,
          "provenance__mass": null,
          "provenance__molecular_weight": "periodic table",
          "provenance__smiles": null,
          "provenance__state_of_matter": "dummy estimator based on mw"
        }
      ],
      "reagents": [
        {
          "identifier": "e16710a6-8f8c-4fa9-aa1c-8720ea07b0fa",
          "smiles": "C1CCOC1",
          "state_of_matter": "LIQUID",
          "molecular_weight": 72.10572000000005,
          "density": 1.0,
          "mass": 0.7210572000000005,
          "is_produced_by": [],
          "is_consumed_by": [
            "ddb1340a-d1a2-4ad0-8c27-bd91542e2bb7"
          ],
          "provenance__density": "dummy estimator based on mw",
          "provenance__is_consumed_by": null,
          "provenance__is_produced_by": null,
          "provenance__mass": null,
          "provenance__molecular_weight": "periodic table",
          "provenance__smiles": null,
          "provenance__state_of_matter": "dummy estimator based on mw"
        },
        {
          "identifier": "6314cf89-6979-4f73-915a-9ae58666ac7b",
          "smiles": "[Li]N([Si](C)(C)C)[Si](C)(C)C",
          "state_of_matter": "SOLID",
          "molecular_weight": 167.3258199999998,
          "density": 1.4,
          "mass": 1.673258199999998,
          "is_produced_by": [],
          "is_consumed_by": [
            "ddb1340a-d1a2-4ad0-8c27-bd91542e2bb7"
          ],
          "provenance__density": "dummy estimator based on mw",
          "provenance__is_consumed_by": null,
          "provenance__is_produced_by": null,
          "provenance__mass": null,
          "provenance__molecular_weight": "periodic table",
          "provenance__smiles": null,
          "provenance__state_of_matter": "dummy estimator based on mw"
        }
      ],
      "products": [
        {
          "identifier": "10b2846e-edea-465b-9871-47956e7cc73c",
          "smiles": "CNC(=O)c1nnc(Cl)cc1Nc1cccc(-c2ncn(C)n2)c1OC",
          "state_of_matter": "SOLID",
          "molecular_weight": 374.80488000000025,
          "density": 1.4,
          "mass": 3.7480488000000025,
          "is_produced_by": [
            "ddb1340a-d1a2-4ad0-8c27-bd91542e2bb7"
          ],
          "is_consumed_by": [],
          "provenance__density": "dummy estimator based on mw",
          "provenance__is_consumed_by": null,
          "provenance__is_produced_by": null,
          "provenance__mass": null,
          "provenance__molecular_weight": "periodic table",
          "provenance__smiles": null,
          "provenance__state_of_matter": "dummy estimator based on mw"
        }
      ],
      "stoichiometry": {
        "677f132b-6995-4a8c-96ae-67eb592e7804": 1.0,
        "16adfba1-aba7-4514-9b95-c89df045f717": 1.0,
        "10b2846e-edea-465b-9871-47956e7cc73c": -1.0
      },
      "temperature": 235.2590293139219,
      "intended_ratios": {
        "677f132b-6995-4a8c-96ae-67eb592e7804": 1.0,
        "16adfba1-aba7-4514-9b95-c89df045f717": 1.0,
        "e16710a6-8f8c-4fa9-aa1c-8720ea07b0fa": 1.0,
        "6314cf89-6979-4f73-915a-9ae58666ac7b": 1.0
      },
      "expected_yields": {
        "10b2846e-edea-465b-9871-47956e7cc73c": 1.0
      },
      "reaction_extent": 0.01
    },
    {
      "identifier": "9720198d-08da-4f82-85c8-1a35662110ac",
      "reactants": [
        {
          "identifier": "dadaa6b0-8f62-4876-ac22-63edfff6b462",
          "smiles": "CNC(=O)c1nnc(N)cc1Nc1cccc(-c2ncn(C)n2)c1OC",
          "state_of_matter": "SOLID",
          "molecular_weight": 355.3744600000003,
          "density": 1.4,
          "mass": 3.553744600000003,
          "is_produced_by": [],
          "is_consumed_by": [
            "9720198d-08da-4f82-85c8-1a35662110ac"
          ],
          "provenance__density": "dummy estimator based on mw",
          "provenance__is_consumed_by": null,
          "provenance__is_produced_by": null,
          "provenance__mass": null,
          "provenance__molecular_weight": "periodic table",
          "provenance__smiles": null,
          "provenance__state_of_matter": "dummy estimator based on mw"
        },
        {
          "identifier": "0c864a7d-d917-4d8c-b1da-92c855251a9b",
          "smiles": "O=C(O)C1CC1",
          "state_of_matter": "LIQUID",
          "molecular_weight": 86.08924000000003,
          "density": 1.0,
          "mass": 0.8608924000000003,
          "is_produced_by": [],
          "is_consumed_by": [
            "9720198d-08da-4f82-85c8-1a35662110ac"
          ],
          "provenance__density": "dummy estimator based on mw",
          "provenance__is_consumed_by": null,
          "provenance__is_produced_by": null,
          "provenance__mass": null,
          "provenance__molecular_weight": "periodic table",
          "provenance__smiles": null,
          "provenance__state_of_matter": "dummy estimator based on mw"
        }
      ],
      "reagents": [
        {
          "identifier": "d2acf49f-1236-4294-88fa-6226830ccf16",
          "smiles": "CN(C)C=O",
          "state_of_matter": "LIQUID",
          "molecular_weight": 73.09378000000004,
          "density": 1.0,
          "mass": 0.7309378000000004,
          "is_produced_by": [],
          "is_consumed_by": [
            "9720198d-08da-4f82-85c8-1a35662110ac"
          ],
          "provenance__density": "dummy estimator based on mw",
          "provenance__is_consumed_by": null,
          "provenance__is_produced_by": null,
          "provenance__mass": null,
          "provenance__molecular_weight": "periodic table",
          "provenance__smiles": null,
          "provenance__state_of_matter": "dummy estimator based on mw"
        },
        {
          "identifier": "99c00356-b1ec-46ec-a964-75e84af7b491",
          "smiles": "CN(C)C(On1nnc2cccnc21)=[N+](C)C.F[P-](F)(F)(F)(F)F",
          "state_of_matter": "SOLID",
          "molecular_weight": 381.2378202000002,
          "density": 1.4,
          "mass": 3.8123782020000023,
          "is_produced_by": [],
          "is_consumed_by": [
            "9720198d-08da-4f82-85c8-1a35662110ac"
          ],
          "provenance__density": "dummy estimator based on mw",
          "provenance__is_consumed_by": null,
          "provenance__is_produced_by": null,
          "provenance__mass": null,
          "provenance__molecular_weight": "periodic table",
          "provenance__smiles": null,
          "provenance__state_of_matter": "dummy estimator based on mw"
        },
        {
          "identifier": "2cdaa5d9-945d-4887-a9b9-fe7303358b99",
          "smiles": "CCN(C(C)C)C(C)C",
          "state_of_matter": "LIQUID",
          "molecular_weight": 129.24316000000007,
          "density": 1.0,
          "mass": 1.2924316000000007,
          "is_produced_by": [],
          "is_consumed_by": [
            "9720198d-08da-4f82-85c8-1a35662110ac"
          ],
          "provenance__density": "dummy estimator based on mw",
          "provenance__is_consumed_by": null,
          "provenance__is_produced_by": null,
          "provenance__mass": null,
          "provenance__molecular_weight": "periodic table",
          "provenance__smiles": null,
          "provenance__state_of_matter": "dummy estimator based on mw"
        }
      ],
      "products": [
        {
          "identifier": "6057d9f0-67d4-4a1a-8855-1f8696c44090",
          "smiles": "CNC(=O)c1nnc(NC(=O)C2CC2)cc1Nc1cccc(-c2ncn(C)n2)c1OC",
          "state_of_matter": "SOLID",
          "molecular_weight": 423.44842000000034,
          "density": 1.4,
          "mass": 4.234484200000003,
          "is_produced_by": [
            "9720198d-08da-4f82-85c8-1a35662110ac"
          ],
          "is_consumed_by": [],
          "provenance__density": "dummy estimator based on mw",
          "provenance__is_consumed_by": null,
          "provenance__is_produced_by": null,
          "provenance__mass": null,
          "provenance__molecular_weight": "periodic table",
          "provenance__smiles": null,
          "provenance__state_of_matter": "dummy estimator based on mw"
        }
      ],
      "stoichiometry": {
        "dadaa6b0-8f62-4876-ac22-63edfff6b462": 1.0,
        "0c864a7d-d917-4d8c-b1da-92c855251a9b": 1.0,
        "6057d9f0-67d4-4a1a-8855-1f8696c44090": -1.0
      },
      "temperature": 292.6367393374443,
      "intended_ratios": {
        "dadaa6b0-8f62-4876-ac22-63edfff6b462": 1.0,
        "0c864a7d-d917-4d8c-b1da-92c855251a9b": 1.0,
        "d2acf49f-1236-4294-88fa-6226830ccf16": 1.0,
        "99c00356-b1ec-46ec-a964-75e84af7b491": 1.0,
        "2cdaa5d9-945d-4887-a9b9-fe7303358b99": 1.0
      },
      "expected_yields": {
        "6057d9f0-67d4-4a1a-8855-1f8696c44090": 1.0
      },
      "reaction_extent": 0.01
    },
    {
      "identifier": "98272422-9440-4a1c-8969-72644de7b6b1",
      "reactants": [
        {
          "identifier": "96e1a875-398d-418a-b2f7-f3b64f59c901",
          "smiles": "CNC(=O)c1nnc(NC(C)=O)cc1Nc1cccc(-c2ncn(C)n2)c1OC",
          "state_of_matter": "SOLID",
          "molecular_weight": 397.41114000000033,
          "density": 1.4,
          "mass": 3.9741114000000035,
          "is_produced_by": [],
          "is_consumed_by": [
            "98272422-9440-4a1c-8969-72644de7b6b1"
          ],
          "provenance__density": "dummy estimator based on mw",
          "provenance__is_consumed_by": null,
          "provenance__is_produced_by": null,
          "provenance__mass": null,
          "provenance__molecular_weight": "periodic table",
          "provenance__smiles": null,
          "provenance__state_of_matter": "dummy estimator based on mw"
        }
      ],
      "reagents": [
        {
          "identifier": "9af9c283-d519-421d-9118-20dbfd38fb81",
          "smiles": "CO",
          "state_of_matter": "LIQUID",
          "molecular_weight": 32.04186000000001,
          "density": 1.0,
          "mass": 0.32041860000000005,
          "is_produced_by": [],
          "is_consumed_by": [
            "98272422-9440-4a1c-8969-72644de7b6b1"
          ],
          "provenance__density": "dummy estimator based on mw",
          "provenance__is_consumed_by": null,
          "provenance__is_produced_by": null,
          "provenance__mass": null,
          "provenance__molecular_weight": "periodic table",
          "provenance__smiles": null,
          "provenance__state_of_matter": "dummy estimator based on mw"
        }
      ],
      "products": [
        {
          "identifier": "0b740586-9487-407d-ab15-b33f81dc93be",
          "smiles": "CNC(=O)c1nnc(N)cc1Nc1cccc(-c2ncn(C)n2)c1OC",
          "state_of_matter": "SOLID",
          "molecular_weight": 355.3744600000003,
          "density": 1.4,
          "mass": 3.553744600000003,
          "is_produced_by": [
            "98272422-9440-4a1c-8969-72644de7b6b1"
          ],
          "is_consumed_by": [],
          "provenance__density": "dummy estimator based on mw",
          "provenance__is_consumed_by": null,
          "provenance__is_produced_by": null,
          "provenance__mass": null,
          "provenance__molecular_weight": "periodic table",
          "provenance__smiles": null,
          "provenance__state_of_matter": "dummy estimator based on mw"
        }
      ],
      "stoichiometry": {
        "96e1a875-398d-418a-b2f7-f3b64f59c901": 1.0,
        "0b740586-9487-407d-ab15-b33f81dc93be": -1.0
      },
      "temperature": 300.69668526649474,
      "intended_ratios": {
        "96e1a875-398d-418a-b2f7-f3b64f59c901": 1.0,
        "9af9c283-d519-421d-9118-20dbfd38fb81": 1.0
      },
      "expected_yields": {
        "0b740586-9487-407d-ab15-b33f81dc93be": 1.0
      },
      "reaction_extent": 0.01
    },
    {
      "identifier": "6e26a693-a749-42d7-97da-6933c118593b",
      "reactants": [
        {
          "identifier": "e4237b6c-3d2e-428a-8372-cf92afdd7f17",
          "smiles": "COC(=O)c1cc(Br)cc(N)c1C",
          "state_of_matter": "SOLID",
          "molecular_weight": 244.08519999999987,
          "density": 1.4,
          "mass": 2.4408519999999987,
          "is_produced_by": [],
          "is_consumed_by": [
            "6e26a693-a749-42d7-97da-6933c118593b"
          ],
          "provenance__density": "dummy estimator based on mw",
          "provenance__is_consumed_by": null,
          "provenance__is_produced_by": null,
          "provenance__mass": null,
          "provenance__molecular_weight": "periodic table",
          "provenance__smiles": null,
          "provenance__state_of_matter": "dummy estimator based on mw"
        },
        {
          "identifier": "689ba88d-96f9-42d6-831a-be5c61ffa199",
          "smiles": "O=C1CCOCC1",
          "state_of_matter": "LIQUID",
          "molecular_weight": 100.11582000000004,
          "density": 1.0,
          "mass": 1.0011582000000003,
          "is_produced_by": [],
          "is_consumed_by": [
            "6e26a693-a749-42d7-97da-6933c118593b"
          ],
          "provenance__density": "dummy estimator based on mw",
          "provenance__is_consumed_by": null,
          "provenance__is_produced_by": null,
          "provenance__mass": null,
          "provenance__molecular_weight": "periodic table",
          "provenance__smiles": null,
          "provenance__state_of_matter": "dummy estimator based on mw"
        }
      ],
      "reagents": [
        {
          "identifier": "24a1b72a-1169-423d-b127-dcd6b51f0f51",
          "smiles": "CO",
          "state_of_matter": "LIQUID",
          "molecular_weight": 32.04186000000001,
          "density": 1.0,
          "mass": 0.32041860000000005,
          "is_produced_by": [],
          "is_consumed_by": [
            "6e26a693-a749-42d7-97da-6933c118593b"
          ],
          "provenance__density": "dummy estimator based on mw",
          "provenance__is_consumed_by": null,
          "provenance__is_produced_by": null,
          "provenance__mass": null,
          "provenance__molecular_weight": "periodic table",
          "provenance__smiles": null,
          "provenance__state_of_matter": "dummy estimator based on mw"
        },
        {
          "identifier": "aaa3ffca-4b42-4869-80d8-3bca245800fd",
          "smiles": "CC(=O)O",
          "state_of_matter": "LIQUID",
          "molecular_weight": 60.051959999999994,
          "density": 1.0,
          "mass": 0.6005195999999999,
          "is_produced_by": [],
          "is_consumed_by": [
            "6e26a693-a749-42d7-97da-6933c118593b"
          ],
          "provenance__density": "dummy estimator based on mw",
          "provenance__is_consumed_by": null,
          "provenance__is_produced_by": null,
          "provenance__mass": null,
          "provenance__molecular_weight": "periodic table",
          "provenance__smiles": null,
          "provenance__state_of_matter": "dummy estimator based on mw"
        },
        {
          "identifier": "abb8aa46-d51f-41e3-83b5-741725c63fc5",
          "smiles": "[BH3-]C#N.[Na+]",
          "state_of_matter": "SOLID",
          "molecular_weight": 62.841989999999996,
          "density": 1.4,
          "mass": 0.6284198999999999,
          "is_produced_by": [],
          "is_consumed_by": [
            "6e26a693-a749-42d7-97da-6933c118593b"
          ],
          "provenance__density": "dummy estimator based on mw",
          "provenance__is_consumed_by": null,
          "provenance__is_produced_by": null,
          "provenance__mass": null,
          "provenance__molecular_weight": "periodic table",
          "provenance__smiles": null,
          "provenance__state_of_matter": "dummy estimator based on mw"
        }
      ],
      "products": [
        {
          "identifier": "10e3077b-f683-4587-be7b-d1bc9a0bb54c",
          "smiles": "COC(=O)c1cc(Br)cc(NC2CCOCC2)c1C",
          "state_of_matter": "SOLID",
          "molecular_weight": 328.2016200000002,
          "density": 1.4,
          "mass": 3.2820162000000024,
          "is_produced_by": [
            "6e26a693-a749-42d7-97da-6933c118593b"
          ],
          "is_consumed_by": [],
          "provenance__density": "dummy estimator based on mw",
          "provenance__is_consumed_by": null,
          "provenance__is_produced_by": null,
          "provenance__mass": null,
          "provenance__molecular_weight": "periodic table",
          "provenance__smiles": null,
          "provenance__state_of_matter": "dummy estimator based on mw"
        }
      ],
      "stoichiometry": {
        "e4237b6c-3d2e-428a-8372-cf92afdd7f17": 1.0,
        "689ba88d-96f9-42d6-831a-be5c61ffa199": 1.0,
        "10e3077b-f683-4587-be7b-d1bc9a0bb54c": -1.0
      },
      "temperature": 295.46120129227637,
      "intended_ratios": {
        "e4237b6c-3d2e-428a-8372-cf92afdd7f17": 1.0,
        "689ba88d-96f9-42d6-831a-be5c61ffa199": 1.0,
        "24a1b72a-1169-423d-b127-dcd6b51f0f51": 1.0,
        "aaa3ffca-4b42-4869-80d8-3bca245800fd": 1.0,
        "abb8aa46-d51f-41e3-83b5-741725c63fc5": 1.0
      },
      "expected_yields": {
        "10e3077b-f683-4587-be7b-d1bc9a0bb54c": 1.0
      },
      "reaction_extent": 0.01
    },
    {
      "identifier": "4243b459-ffdf-4565-bd8a-99e780d9e087",
      "reactants": [
        {
          "identifier": "f55a837f-3094-4382-b5da-db2795d07f34",
          "smiles": "COC(=O)c1nnc(Cl)cc1Cl",
          "state_of_matter": "SOLID",
          "molecular_weight": 207.01415999999992,
          "density": 1.4,
          "mass": 2.070141599999999,
          "is_produced_by": [],
          "is_consumed_by": [
            "4243b459-ffdf-4565-bd8a-99e780d9e087"
          ],
          "provenance__density": "dummy estimator based on mw",
          "provenance__is_consumed_by": null,
          "provenance__is_produced_by": null,
          "provenance__mass": null,
          "provenance__molecular_weight": "periodic table",
          "provenance__smiles": null,
          "provenance__state_of_matter": "dummy estimator based on mw"
        },
        {
          "identifier": "cf6fef11-5d18-4382-a187-776edb1336de",
          "smiles": "COc1c(N)cccc1-c1ncn(C)n1",
          "state_of_matter": "SOLID",
          "molecular_weight": 205.2364199999999,
          "density": 1.4,
          "mass": 2.052364199999999,
          "is_produced_by": [],
          "is_consumed_by": [
            "4243b459-ffdf-4565-bd8a-99e780d9e087"
          ],
          "provenance__density": "dummy estimator based on mw",
          "provenance__is_consumed_by": null,
          "provenance__is_produced_by": null,
          "provenance__mass": null,
          "provenance__molecular_weight": "periodic table",
          "provenance__smiles": null,
          "provenance__state_of_matter": "dummy estimator based on mw"
        }
      ],
      "reagents": [
        {
          "identifier": "adc3b280-5800-4e0b-a251-e7cfae958ab7",
          "smiles": "C1CCOC1",
          "state_of_matter": "LIQUID",
          "molecular_weight": 72.10572000000005,
          "density": 1.0,
          "mass": 0.7210572000000005,
          "is_produced_by": [],
          "is_consumed_by": [
            "4243b459-ffdf-4565-bd8a-99e780d9e087"
          ],
          "provenance__density": "dummy estimator based on mw",
          "provenance__is_consumed_by": null,
          "provenance__is_produced_by": null,
          "provenance__mass": null,
          "provenance__molecular_weight": "periodic table",
          "provenance__smiles": null,
          "provenance__state_of_matter": "dummy estimator based on mw"
        },
        {
          "identifier": "64b1e776-7988-4cf1-9902-1365e883eb7a",
          "smiles": "[Li]N([Si](C)(C)C)[Si](C)(C)C",
          "state_of_matter": "SOLID",
          "molecular_weight": 167.3258199999998,
          "density": 1.4,
          "mass": 1.673258199999998,
          "is_produced_by": [],
          "is_consumed_by": [
            "4243b459-ffdf-4565-bd8a-99e780d9e087"
          ],
          "provenance__density": "dummy estimator based on mw",
          "provenance__is_consumed_by": null,
          "provenance__is_produced_by": null,
          "provenance__mass": null,
          "provenance__molecular_weight": "periodic table",
          "provenance__smiles": null,
          "provenance__state_of_matter": "dummy estimator based on mw"
        }
      ],
      "products": [
        {
          "identifier": "8eb5bae9-d699-4022-a648-60c37a8024ab",
          "smiles": "COC(=O)c1nnc(Cl)cc1Nc1cccc(-c2ncn(C)n2)c1OC",
          "state_of_matter": "SOLID",
          "molecular_weight": 375.7896400000002,
          "density": 1.4,
          "mass": 3.757896400000002,
          "is_produced_by": [
            "4243b459-ffdf-4565-bd8a-99e780d9e087"
          ],
          "is_consumed_by": [],
          "provenance__density": "dummy estimator based on mw",
          "provenance__is_consumed_by": null,
          "provenance__is_produced_by": null,
          "provenance__mass": null,
          "provenance__molecular_weight": "periodic table",
          "provenance__smiles": null,
          "provenance__state_of_matter": "dummy estimator based on mw"
        }
      ],
      "stoichiometry": {
        "f55a837f-3094-4382-b5da-db2795d07f34": 1.0,
        "cf6fef11-5d18-4382-a187-776edb1336de": 1.0,
        "8eb5bae9-d699-4022-a648-60c37a8024ab": -1.0
      },
      "temperature": 277.9126183569431,
      "intended_ratios": {
        "f55a837f-3094-4382-b5da-db2795d07f34": 1.0,
        "cf6fef11-5d18-4382-a187-776edb1336de": 1.0,
        "adc3b280-5800-4e0b-a251-e7cfae958ab7": 1.0,
        "64b1e776-7988-4cf1-9902-1365e883eb7a": 1.0
      },
      "expected_yields": {
        "8eb5bae9-d699-4022-a648-60c37a8024ab": 1.0
      },
      "reaction_extent": 0.01
    }
  ],
  "molecular_nodes": [
    "Brc1ccc(CN2CCOCC2)cc1",
    "C1CCOC1",
    "C1COCCO1",
    "C=Cc1ccccc1",
    "CC#N",
    "CC(=O)C1CCC2C3CCC4CC(=O)CCC4(C)C3CCC12C",
    "CC(=O)C1CCC2C3CCC4CC(O)CCC4(C)C3CCC12C",
    "CC(=O)O",
    "CC(=O)[O-].CC(=O)[O-].[Pd+2]",
    "CC(C)O",
    "CC(C)c1c(O)cc(Br)cc1O",
    "CC(C)c1c(O)cc(C=Cc2ccccc2)cc1O",
    "CC(N)=O",
    "CC1(C)OB(B2OC(C)(C)C(C)(C)O2)OC1(C)C",
    "CC1(C)c2cccc(P(c3ccccc3)c3ccccc3)c2Oc2c(P(c3ccccc3)c3ccccc3)cccc21",
    "CCBr",
    "CCN(C(C)C)C(C)C",
    "CCN(CC)CC",
    "CCN(c1cc(-c2ccc(CN3CCOCC3)cc2)cc(C(=O)NCc2c(C)cc(C)[nH]c2=O)c1C)C1CCOCC1",
    "CCN(c1cc(B(O)O)cc(C(=O)NCc2c(C)cc(C)[nH]c2=O)c1C)C1CCOCC1",
    "CCN(c1cc(Br)cc(C(=O)NCc2c(C)cc(C)[nH]c2=O)c1C)C1CCOCC1",
    "CCN(c1cc(Br)cc(C(=O)OC)c1C)C1CCOCC1",
    "CCO",
    "CN",
    "CN(C)C(On1nnc2cccnc21)=[N+](C)C.F[P-](F)(F)(F)(F)F",
    "CN(C)C=O",
    "CNC(=O)c1nnc(Cl)cc1Nc1cccc(-c2ncn(C)n2)c1OC",
    "CNC(=O)c1nnc(N)cc1Nc1cccc(-c2ncn(C)n2)c1OC",
    "CNC(=O)c1nnc(NC(=O)C2CC2)cc1Nc1cccc(-c2ncn(C)n2)c1OC",
    "CNC(=O)c1nnc(NC(C)=O)cc1Nc1cccc(-c2ncn(C)n2)c1OC",
    "CO",
    "COC(=O)c1cc(Br)cc(N)c1C",
    "COC(=O)c1cc(Br)cc(NC2CCOCC2)c1C",
    "COC(=O)c1nnc(Cl)cc1Cl",
    "COC(=O)c1nnc(Cl)cc1Nc1cccc(-c2ncn(C)n2)c1OC",
    "COc1c(N)cccc1-c1ncn(C)n1",
    "Cc1cc(C)c(CN)c(=O)[nH]1",
    "O",
    "O=C(O)C1CC1",
    "O=C(O[Cs])O[Cs]",
    "O=C(O[Na])O[Na]",
    "O=C1CCOCC1",
    "O=S(=O)(O)O",
    "Oc1cc(O)cc(Br)c1",
    "[BH3-]C#N.[Na+]",
    "[Li]N([Si](C)(C)C)[Si](C)(C)C",
    "[Na]",
    "[Pd]",
    "c1ccc(P(c2ccccc2)c2ccccc2)cc1",
    "c1ccc([PH](c2ccccc2)(c2ccccc2)[Pd]([PH](c2ccccc2)(c2ccccc2)c2ccccc2)([PH](c2ccccc2)(c2ccccc2)c2ccccc2)[PH](c2ccccc2)(c2ccccc2)c2ccccc2)cc1"
  ],
  "edges": [
    [
      "1d47b581-4449-4f20-86de-f2818e79db69",
      "CCN(c1cc(Br)cc(C(=O)NCc2c(C)cc(C)[nH]c2=O)c1C)C1CCOCC1"
    ],
    [
      "29b78bde-e470-42e6-8ea1-5cbb42a16319",
      "CC(=O)C1CCC2C3CCC4CC(O)CCC4(C)C3CCC12C"
    ],
    [
      "3d2ec5c2-76cb-4f55-8020-70bd85c261ea",
      "CC(C)c1c(O)cc(Br)cc1O"
    ],
    [
      "4243b459-ffdf-4565-bd8a-99e780d9e087",
      "COC(=O)c1nnc(Cl)cc1Nc1cccc(-c2ncn(C)n2)c1OC"
    ],
    [
      "5ac8f05f-fe25-491e-9f00-5cb643fe0695",
      "CCN(c1cc(-c2ccc(CN3CCOCC3)cc2)cc(C(=O)NCc2c(C)cc(C)[nH]c2=O)c1C)C1CCOCC1"
    ],
    [
      "6e26a693-a749-42d7-97da-6933c118593b",
      "COC(=O)c1cc(Br)cc(NC2CCOCC2)c1C"
    ],
    [
      "9720198d-08da-4f82-85c8-1a35662110ac",
      "CNC(=O)c1nnc(NC(=O)C2CC2)cc1Nc1cccc(-c2ncn(C)n2)c1OC"
    ],
    [
      "98272422-9440-4a1c-8969-72644de7b6b1",
      "CNC(=O)c1nnc(N)cc1Nc1cccc(-c2ncn(C)n2)c1OC"
    ],
    [
      "Brc1ccc(CN2CCOCC2)cc1",
      "5ac8f05f-fe25-491e-9f00-5cb643fe0695"
    ],
    [
      "C1CCOC1",
      "4243b459-ffdf-4565-bd8a-99e780d9e087"
    ],
    [
      "C1CCOC1",
      "ddb1340a-d1a2-4ad0-8c27-bd91542e2bb7"
    ],
    [
      "C1COCCO1",
      "5ac8f05f-fe25-491e-9f00-5cb643fe0695"
    ],
    [
      "C1COCCO1",
      "a4f202f2-bac2-4757-9823-a73abe74d43e"
    ],
    [
      "C1COCCO1",
      "e2906c36-fe1f-475b-94f5-de534c0aae31"
    ],
    [
      "C=Cc1ccccc1",
      "c2f601d2-3e4f-426f-b546-b6fe4d009992"
    ],
    [
      "CC#N",
      "e0c447a0-b7f9-4f66-9e1f-c7bacf0adaf1"
    ],
    [
      "CC(=O)C1CCC2C3CCC4CC(=O)CCC4(C)C3CCC12C",
      "29b78bde-e470-42e6-8ea1-5cbb42a16319"
    ],
    [
      "CC(=O)O",
      "1d47b581-4449-4f20-86de-f2818e79db69"
    ],
    [
      "CC(=O)O",
      "6e26a693-a749-42d7-97da-6933c118593b"
    ],
    [
      "CC(=O)[O-].CC(=O)[O-].[Pd+2]",
      "c2f601d2-3e4f-426f-b546-b6fe4d009992"
    ],
    [
      "CC(C)O",
      "3d2ec5c2-76cb-4f55-8020-70bd85c261ea"
    ],
    [
      "CC(C)c1c(O)cc(Br)cc1O",
      "c2f601d2-3e4f-426f-b546-b6fe4d009992"
    ],
    [
      "CC(N)=O",
      "a4f202f2-bac2-4757-9823-a73abe74d43e"
    ],
    [
      "CC1(C)OB(B2OC(C)(C)C(C)(C)O2)OC1(C)C",
      "e2906c36-fe1f-475b-94f5-de534c0aae31"
    ],
    [
      "CC1(C)c2cccc(P(c3ccccc3)c3ccccc3)c2Oc2c(P(c3ccccc3)c3ccccc3)cccc21",
      "a4f202f2-bac2-4757-9823-a73abe74d43e"
    ],
    [
      "CCBr",
      "e0c447a0-b7f9-4f66-9e1f-c7bacf0adaf1"
    ],
    [
      "CCN(C(C)C)C(C)C",
      "9720198d-08da-4f82-85c8-1a35662110ac"
    ],
    [
      "CCN(CC)CC",
      "c2f601d2-3e4f-426f-b546-b6fe4d009992"
    ],
    [
      "CCN(c1cc(B(O)O)cc(C(=O)NCc2c(C)cc(C)[nH]c2=O)c1C)C1CCOCC1",
      "5ac8f05f-fe25-491e-9f00-5cb643fe0695"
    ],
    [
      "CCN(c1cc(Br)cc(C(=O)NCc2c(C)cc(C)[nH]c2=O)c1C)C1CCOCC1",
      "e2906c36-fe1f-475b-94f5-de534c0aae31"
    ],
    [
      "CCN(c1cc(Br)cc(C(=O)OC)c1C)C1CCOCC1",
      "1d47b581-4449-4f20-86de-f2818e79db69"
    ],
    [
      "CCO",
      "29b78bde-e470-42e6-8ea1-5cbb42a16319"
    ],
    [
      "CN",
      "ddb1340a-d1a2-4ad0-8c27-bd91542e2bb7"
    ],
    [
      "CN(C)C(On1nnc2cccnc21)=[N+](C)C.F[P-](F)(F)(F)(F)F",
      "9720198d-08da-4f82-85c8-1a35662110ac"
    ],
    [
      "CN(C)C=O",
      "9720198d-08da-4f82-85c8-1a35662110ac"
    ],
    [
      "CN(C)C=O",
      "c2f601d2-3e4f-426f-b546-b6fe4d009992"
    ],
    [
      "CNC(=O)c1nnc(Cl)cc1Nc1cccc(-c2ncn(C)n2)c1OC",
      "a4f202f2-bac2-4757-9823-a73abe74d43e"
    ],
    [
      "CNC(=O)c1nnc(N)cc1Nc1cccc(-c2ncn(C)n2)c1OC",
      "9720198d-08da-4f82-85c8-1a35662110ac"
    ],
    [
      "CNC(=O)c1nnc(NC(C)=O)cc1Nc1cccc(-c2ncn(C)n2)c1OC",
      "98272422-9440-4a1c-8969-72644de7b6b1"
    ],
    [
      "CO",
      "1d47b581-4449-4f20-86de-f2818e79db69"
    ],
    [
      "CO",
      "6e26a693-a749-42d7-97da-6933c118593b"
    ],
    [
      "CO",
      "98272422-9440-4a1c-8969-72644de7b6b1"
    ],
    [
      "COC(=O)c1cc(Br)cc(N)c1C",
      "6e26a693-a749-42d7-97da-6933c118593b"
    ],
    [
      "COC(=O)c1cc(Br)cc(NC2CCOCC2)c1C",
      "e0c447a0-b7f9-4f66-9e1f-c7bacf0adaf1"
    ],
    [
      "COC(=O)c1nnc(Cl)cc1Cl",
      "4243b459-ffdf-4565-bd8a-99e780d9e087"
    ],
    [
      "COC(=O)c1nnc(Cl)cc1Nc1cccc(-c2ncn(C)n2)c1OC",
      "ddb1340a-d1a2-4ad0-8c27-bd91542e2bb7"
    ],
    [
      "COc1c(N)cccc1-c1ncn(C)n1",
      "4243b459-ffdf-4565-bd8a-99e780d9e087"
    ],
    [
      "Cc1cc(C)c(CN)c(=O)[nH]1",
      "1d47b581-4449-4f20-86de-f2818e79db69"
    ],
    [
      "O",
      "5ac8f05f-fe25-491e-9f00-5cb643fe0695"
    ],
    [
      "O",
      "e0c447a0-b7f9-4f66-9e1f-c7bacf0adaf1"
    ],
    [
      "O",
      "e2906c36-fe1f-475b-94f5-de534c0aae31"
    ],
    [
      "O=C(O)C1CC1",
      "9720198d-08da-4f82-85c8-1a35662110ac"
    ],
    [
      "O=C(O[Cs])O[Cs]",
      "a4f202f2-bac2-4757-9823-a73abe74d43e"
    ],
    [
      "O=C(O[Cs])O[Cs]",
      "e0c447a0-b7f9-4f66-9e1f-c7bacf0adaf1"
    ],
    [
      "O=C(O[Na])O[Na]",
      "5ac8f05f-fe25-491e-9f00-5cb643fe0695"
    ],
    [
      "O=C(O[Na])O[Na]",
      "e2906c36-fe1f-475b-94f5-de534c0aae31"
    ],
    [
      "O=C1CCOCC1",
      "6e26a693-a749-42d7-97da-6933c118593b"
    ],
    [
      "O=S(=O)(O)O",
      "3d2ec5c2-76cb-4f55-8020-70bd85c261ea"
    ],
    [
      "Oc1cc(O)cc(Br)c1",
      "3d2ec5c2-76cb-4f55-8020-70bd85c261ea"
    ],
    [
      "[BH3-]C#N.[Na+]",
      "6e26a693-a749-42d7-97da-6933c118593b"
    ],
    [
      "[Li]N([Si](C)(C)C)[Si](C)(C)C",
      "4243b459-ffdf-4565-bd8a-99e780d9e087"
    ],
    [
      "[Li]N([Si](C)(C)C)[Si](C)(C)C",
      "ddb1340a-d1a2-4ad0-8c27-bd91542e2bb7"
    ],
    [
      "[Na]",
      "29b78bde-e470-42e6-8ea1-5cbb42a16319"
    ],
    [
      "[Pd]",
      "a4f202f2-bac2-4757-9823-a73abe74d43e"
    ],
    [
      "a4f202f2-bac2-4757-9823-a73abe74d43e",
      "CNC(=O)c1nnc(NC(C)=O)cc1Nc1cccc(-c2ncn(C)n2)c1OC"
    ],
    [
      "c1ccc(P(c2ccccc2)c2ccccc2)cc1",
      "c2f601d2-3e4f-426f-b546-b6fe4d009992"
    ],
    [
      "c1ccc([PH](c2ccccc2)(c2ccccc2)[Pd]([PH](c2ccccc2)(c2ccccc2)c2ccccc2)([PH](c2ccccc2)(c2ccccc2)c2ccccc2)[PH](c2ccccc2)(c2ccccc2)c2ccccc2)cc1",
      "5ac8f05f-fe25-491e-9f00-5cb643fe0695"
    ],
    [
      "c1ccc([PH](c2ccccc2)(c2ccccc2)[Pd]([PH](c2ccccc2)(c2ccccc2)c2ccccc2)([PH](c2ccccc2)(c2ccccc2)c2ccccc2)[PH](c2ccccc2)(c2ccccc2)c2ccccc2)cc1",
      "e2906c36-fe1f-475b-94f5-de534c0aae31"
    ],
    [
      "c2f601d2-3e4f-426f-b546-b6fe4d009992",
      "CC(C)c1c(O)cc(C=Cc2ccccc2)cc1O"
    ],
    [
      "ddb1340a-d1a2-4ad0-8c27-bd91542e2bb7",
      "CNC(=O)c1nnc(Cl)cc1Nc1cccc(-c2ncn(C)n2)c1OC"
    ],
    [
      "e0c447a0-b7f9-4f66-9e1f-c7bacf0adaf1",
      "CCN(c1cc(Br)cc(C(=O)OC)c1C)C1CCOCC1"
    ],
    [
      "e2906c36-fe1f-475b-94f5-de534c0aae31",
      "CCN(c1cc(B(O)O)cc(C(=O)NCc2c(C)cc(C)[nH]c2=O)c1C)C1CCOCC1"
    ]
  ]
}