{
  "identifier": "b4328e15-4790-46ea-8080-79ba21873a82",
  "chemical_reactions": [
    {
      "identifier": "a71f49b9-7289-4a2b-9064-171a2c5b7a9c",
      "reactants": [
        {
          "identifier": "100d402b-9f92-4a06-8ca6-941f0b085967",
          "smiles": "Brc1ccc(CN2CCOCC2)cc1",
          "state_of_matter": "SOLID",
          "molecular_weight": 256.1389599999998,
          "density": 1.4,
          "mass": 2.5613895999999983,
          "is_produced_by": [],
          "is_consumed_by": [
            "a71f49b9-7289-4a2b-9064-171a2c5b7a9c"
          ],
          "provenance__density": "dummy estimator based on mw",
          "provenance__is_consumed_by": null,
          "provenance__is_produced_by": null,
          "provenance__mass": null,
          "provenance__molecular_weight": "periodic table",
          "provenance__smiles": null,
          "provenance__state_of_matter": "dummy estimator based on mw"
        },
        {
          "identifier": "15af3278-edd5-49da-bb7c-ddaf9b6db742",
          "smiles": "CCN(c1cc(B(O)O)cc(C(=O)NCc2c(C)cc(C)[nH]c2=O)c1C)C1CCOCC1",
          "state_of_matter": "SOLID",
          "molecular_weight": 441.32828000000035,
          "density": 1.4,
          "mass": 4.413282800000004,
          "is_produced_by": [],
          "is_consumed_by": [
            "a71f49b9-7289-4a2b-9064-171a2c5b7a9c"
          ],
          "provenance__density": "dummy estimator based on mw",
          "provenance__is_consumed_by": null,
          "provenance__is_produced_by": null,
          "provenance__mass": null,
          "provenance__molecular_weight": "periodic table",
          "provenance__smiles": null,
          "provenance__state_of_matter": "dummy estimator based on mw"
        }
      ],
      "reagents": [
        {
          "identifier": "e0151e62-b94e-4055-a2b8-c5c4a3bbfc6d",
          "smiles": "O",
          "state_of_matter": "LIQUID",
          "molecular_weight": 18.01528,
          "density": 1.0,
          "mass": 0.1801528,
          "is_produced_by": [],
          "is_consumed_by": [
            "a71f49b9-7289-4a2b-9064-171a2c5b7a9c"
          ],
          "provenance__density": "dummy estimator based on mw",
          "provenance__is_consumed_by": null,
          "provenance__is_produced_by": null,
          "provenance__mass": null,
          "provenance__molecular_weight": "periodic table",
          "provenance__smiles": null,
          "provenance__state_of_matter": "dummy estimator based on mw"
        },
        {
          "identifier": "b77fbdfb-75ae-4ab2-bcfb-ba85bb7213c2",
          "smiles": "C1COCCO1",
          "state_of_matter": "LIQUID",
          "molecular_weight": 88.10512000000004,
          "density": 1.0,
          "mass": 0.8810512000000005,
          "is_produced_by": [],
          "is_consumed_by": [
            "a71f49b9-7289-4a2b-9064-171a2c5b7a9c"
          ],
          "provenance__density": "dummy estimator based on mw",
          "provenance__is_consumed_by": null,
          "provenance__is_produced_by": null,
          "provenance__mass": null,
          "provenance__molecular_weight": "periodic table",
          "provenance__smiles": null,
          "provenance__state_of_matter": "dummy estimator based on mw"
        },
        {
          "identifier": "8d8c9e6d-d138-4b0e-ae92-4261ad031eaa",
          "smiles": "O=C(O[Na])O[Na]",
          "state_of_matter": "SOLID",
          "molecular_weight": 105.98844,
          "density": 1.4,
          "mass": 1.0598844,
          "is_produced_by": [],
          "is_consumed_by": [
            "a71f49b9-7289-4a2b-9064-171a2c5b7a9c"
          ],
          "provenance__density": "dummy estimator based on mw",
          "provenance__is_consumed_by": null,
          "provenance__is_produced_by": null,
          "provenance__mass": null,
          "provenance__molecular_weight": "periodic table",
          "provenance__smiles": null,
          "provenance__state_of_matter": "dummy estimator based on mw"
        },
        {
          "identifier": "882a66d9-9718-48cb-9ea6-b97965b9624a",
          "smiles": "c1ccc([PH](c2ccccc2)(c2ccccc2)[Pd]([PH](c2ccccc2)(c2ccccc2)c2ccccc2)([PH](c2ccccc2)(c2ccccc2)c2ccccc2)[PH](c2ccccc2)(c2ccccc2)c2ccccc2)cc1",
          "state_of_matter": "SOLID",
          "molecular_weight": 1159.593603999999,
          "density": 1.4,
          "mass": 11.595936039999991,
          "is_produced_by": [],
          "is_consumed_by": [
            "a71f49b9-7289-4a2b-9064-171a2c5b7a9c"
          ],
          "provenance__density": "dummy estimator based on mw",
          "provenance__is_consumed_by": null,
          "provenance__is_produced_by": null,
          "provenance__mass": null,
          "provenance__molecular_weight": "periodic table",
          "provenance__smiles": null,
          "provenance__state_of_matter": "dummy estimator based on mw"
        }
      ],
      "products": [
        {
          "identifier": "9e7db648-b385-4b64-8afa-bdb283642748",
          "smiles": "CCN(c1cc(-c2ccc(CN3CCOCC3)cc2)cc(C(=O)NCc2c(C)cc(C)[nH]c2=O)c1C)C1CCOCC1",
          "state_of_matter": "SOLID",
          "molecular_weight": 572.7375599999981,
          "density": 1.4,
          "mass": 5.727375599999981,
          "is_produced_by": [
            "a71f49b9-7289-4a2b-9064-171a2c5b7a9c"
          ],
          "is_consumed_by": [],
          "provenance__density": "dummy estimator based on mw",
          "provenance__is_consumed_by": null,
          "provenance__is_produced_by": null,
          "provenance__mass": null,
          "provenance__molecular_weight": "periodic table",
          "provenance__smiles": null,
          "provenance__state_of_matter": "dummy estimator based on mw"
        }
      ],
      "stoichiometry": {
        "100d402b-9f92-4a06-8ca6-941f0b085967": 1.0,
        "15af3278-edd5-49da-bb7c-ddaf9b6db742": 1.0,
        "9e7db648-b385-4b64-8afa-bdb283642748": -1.0
      },
      "temperature": 383.64679659605025,
      "intended_ratios": {
        "100d402b-9f92-4a06-8ca6-941f0b085967": 1.0,
        "15af3278-edd5-49da-bb7c-ddaf9b6db742": 1.0,
        "e0151e62-b94e-4055-a2b8-c5c4a3bbfc6d": 1.0,
        "b77fbdfb-75ae-4ab2-bcfb-ba85bb7213c2": 1.0,
        "8d8c9e6d-d138-4b0e-ae92-4261ad031eaa": 1.0,
        "882a66d9-9718-48cb-9ea6-b97965b9624a": 1.0
      },
      "expected_yields": {
        "9e7db648-b385-4b64-8afa-bdb283642748": 1.0
      },
      "reaction_extent": 0.01
    },
    {
      "identifier": "30d9b90f-d58e-4db3-b937-28f098f43fd8",
      "reactants": [
        {
          "identifier": "09669025-8dd5-44ce-923a-d97adc28edbd",
          "smiles": "CC(C)(C)OC(=O)N1CCC(=C2c3ccc(Cl)cc3CCc3cccnc32)CC1",
          "state_of_matter": "SOLID",
          "molecular_weight": 410.9363800000003,
          "density": 1.4,
          "mass": 4.109363800000003,
          "is_produced_by": [],
          "is_consumed_by": [
            "30d9b90f-d58e-4db3-b937-28f098f43fd8"
          ],
          "provenance__density": "dummy estimator based on mw",
          "provenance__is_consumed_by": null,
          "provenance__is_produced_by": null,
          "provenance__mass": null,
          "provenance__molecular_weight": "periodic table",
          "provenance__smiles": null,
          "provenance__state_of_matter": "dummy estimator based on mw"
        }
      ],
      "reagents": [
        {
          "identifier": "4cfd1b88-28f8-4fbb-a775-e9b733ca7825",
          "smiles": "CC(=O)O",
          "state_of_matter": "LIQUID",
          "molecular_weight": 60.051959999999994,
          "density": 1.0,
          "mass": 0.6005195999999999,
          "is_produced_by": [],
          "is_consumed_by": [
            "30d9b90f-d58e-4db3-b937-28f098f43fd8"
          ],
          "provenance__density": "dummy estimator based on mw",
          "provenance__is_consumed_by": null,
          "provenance__is_produced_by": null,
          "provenance__mass": null,
          "provenance__molecular_weight": "periodic table",
          "provenance__smiles": null,
          "provenance__state_of_matter": "dummy estimator based on mw"
        },
        {
          "identifier": "c49cc3a5-762e-4b12-a164-16a9b4dac262",
          "smiles": "BrBr",
          "state_of_matter": "LIQUID",
          "molecular_weight": 159.808,
          "density": 1.0,
          "mass": 1.59808,
          "is_produced_by": [],
          "is_consumed_by": [
            "30d9b90f-d58e-4db3-b937-28f098f43fd8"
          ],
          "provenance__density": "dummy estimator based on mw",
          "provenance__is_consumed_by": null,
          "provenance__is_produced_by": null,
          "provenance__mass": null,
          "provenance__molecular_weight": "periodic table",
          "provenance__smiles": null,
          "provenance__state_of_matter": "dummy estimator based on mw"
        }
      ],
      "products": [
        {
          "identifier": "36fe492e-df92-4982-91f7-c2d0a76b9d97",
          "smiles": "CC(C)(C)OC(=O)N1CCC(=C2c3ncccc3CCc3cc(Cl)cc(Br)c32)CC1",
          "state_of_matter": "SOLID",
          "molecular_weight": 489.8324400000003,
          "density": 1.4,
          "mass": 4.8983244000000035,
          "is_produced_by": [
            "30d9b90f-d58e-4db3-b937-28f098f43fd8"
          ],
          "is_consumed_by": [],
          "provenance__density": "dummy estimator based on mw",
          "provenance__is_consumed_by": null,
          "provenance__is_produced_by": null,
          "provenance__mass": null,
          "provenance__molecular_weight": "periodic table",
          "provenance__smiles": null,
          "provenance__state_of_matter": "dummy estimator based on mw"
        }
      ],
      "stoichiometry": {
        "09669025-8dd5-44ce-923a-d97adc28edbd": 1.0,
        "36fe492e-df92-4982-91f7-c2d0a76b9d97": -1.0
      },
      "temperature": 296.42936775684353,
      "intended_ratios": {
        "09669025-8dd5-44ce-923a-d97adc28edbd": 1.0,
        "4cfd1b88-28f8-4fbb-a775-e9b733ca7825": 1.0,
        "c49cc3a5-762e-4b12-a164-16a9b4dac262": 1.0
      },
      "expected_yields": {
        "36fe492e-df92-4982-91f7-c2d0a76b9d97": 1.0
      },
      "reaction_extent": 0.01
    },
    {
      "identifier": "fb7f3b0d-1366-4462-8b11-33ce94bc02d2",
      "reactants": [
        {
          "identifier": "c4a91583-890a-4eed-8d9e-09475da72f92",
          "smiles": "CC(C)(C)OC(=O)N1CCC(=C2c3ncc(Br)cc3CCc3cc(Cl)cc(Br)c32)CC1",
          "state_of_matter": "SOLID",
          "molecular_weight": 568.728499999999,
          "density": 1.4,
          "mass": 5.68728499999999,
          "is_produced_by": [],
          "is_consumed_by": [
            "fb7f3b0d-1366-4462-8b11-33ce94bc02d2"
          ],
          "provenance__density": "dummy estimator based on mw",
          "provenance__is_consumed_by": null,
          "provenance__is_produced_by": null,
          "provenance__mass": null,
          "provenance__molecular_weight": "periodic table",
          "provenance__smiles": null,
          "provenance__state_of_matter": "dummy estimator based on mw"
        }
      ],
      "reagents": [
        {
          "identifier": "aff242a5-b950-4b6a-8cf5-6d4c955d57c1",
          "smiles": "ClCCl",
          "state_of_matter": "LIQUID",
          "molecular_weight": 84.93258000000002,
          "density": 1.0,
          "mass": 0.8493258000000001,
          "is_produced_by": [],
          "is_consumed_by": [
            "fb7f3b0d-1366-4462-8b11-33ce94bc02d2"
          ],
          "provenance__density": "dummy estimator based on mw",
          "provenance__is_consumed_by": null,
          "provenance__is_produced_by": null,
          "provenance__mass": null,
          "provenance__molecular_weight": "periodic table",
          "provenance__smiles": null,
          "provenance__state_of_matter": "dummy estimator based on mw"
        },
        {
          "identifier": "66289df9-5230-46b9-bafc-bf5d8a9aa31e",
          "smiles": "O=C(O)C(F)(F)F",
          "state_of_matter": "LIQUID",
          "molecular_weight": 114.0233496,
          "density": 1.0,
          "mass": 1.140233496,
          "is_produced_by": [],
          "is_consumed_by": [
            "fb7f3b0d-1366-4462-8b11-33ce94bc02d2"
          ],
          "provenance__density": "dummy estimator based on mw",
          "provenance__is_consumed_by": null,
          "provenance__is_produced_by": null,
          "provenance__mass": null,
          "provenance__molecular_weight": "periodic table",
          "provenance__smiles": null,
          "provenance__state_of_matter": "dummy estimator based on mw"
        }
      ],
      "products": [
        {
          "identifier": "34cf55ad-25d5-48a0-b5b0-8ed7097eeac3",
          "smiles": "Clc1cc(Br)c2c(c1)CCc1cc(Br)cnc1C2=C1CCNCC1",
          "state_of_matter": "SOLID",
          "molecular_weight": 468.6126800000001,
          "density": 1.4,
          "mass": 4.686126800000001,
          "is_produced_by": [
            "fb7f3b0d-1366-4462-8b11-33ce94bc02d2"
          ],
          "is_consumed_by": [],
          "provenance__density": "dummy estimator based on mw",
          "provenance__is_consumed_by": null,
          "provenance__is_produced_by": null,
          "provenance__mass": null,
          "provenance__molecular_weight": "periodic table",
          "provenance__smiles": null,
          "provenance__state_of_matter": "dummy estimator based on mw"
        }
      ],
      "stoichiometry": {
        "c4a91583-890a-4eed-8d9e-09475da72f92": 1.0,
        "34cf55ad-25d5-48a0-b5b0-8ed7097eeac3": -1.0
      },
      "temperature": 293.481430631876,
      "intended_ratios": {
        "c4a91583-890a-4eed-8d9e-09475da72f92": 1.0,
        "aff242a5-b950-4b6a-8cf5-6d4c955d57c1": 1.0,
        "66289df9-5230-46b9-bafc-bf5d8a9aa31e": 1.0
      },
      "expected_yields": {
        "34cf55ad-25d5-48a0-b5b0-8ed7097eeac3": 1.0
      },
      "reaction_extent": 0.01
    },
    {
      "identifier": "bbcce961-60bd-4cd0-88b5-a6e7a74d09e2",
      "reactants": [
        {
          "identifier": "0c50b374-8a20-493f-b53f-a4694e60d3d4",
          "smiles": "CC(C)(C)OC(=O)N1CCC(=C2c3ncccc3CCc3cc(Cl)cc(Br)c32)CC1",
          "state_of_matter": "SOLID",
          "molecular_weight": 489.8324400000003,
          "density": 1.4,
          "mass": 4.8983244000000035,
          "is_produced_by": [],
          "is_consumed_by": [
            "bbcce961-60bd-4cd0-88b5-a6e7a74d09e2"
          ],
          "provenance__density": "dummy estimator based on mw",
          "provenance__is_consumed_by": null,
          "provenance__is_produced_by": null,
          "provenance__mass": null,
          "provenance__molecular_weight": "periodic table",
          "provenance__smiles": null,
          "provenance__state_of_matter": "dummy estimator based on mw"
        }
      ],
      "reagents": [
        {
          "identifier": "b5b85d38-bff4-465a-b1ab-2acf20383297",
          "smiles": "CN(C)C=O",
          "state_of_matter": "LIQUID",
          "molecular_weight": 73.09378000000004,
          "density": 1.0,
          "mass": 0.7309378000000004,
          "is_produced_by": [],
          "is_consumed_by": [
            "bbcce961-60bd-4cd0-88b5-a6e7a74d09e2"
          ],
          "provenance__density": "dummy estimator based on mw",
          "provenance__is_consumed_by": null,
          "provenance__is_produced_by": null,
          "provenance__mass": null,
          "provenance__molecular_weight": "periodic table",
          "provenance__smiles": null,
          "provenance__state_of_matter": "dummy estimator based on mw"
        },
        {
          "identifier": "5e1aa54f-1b89-4d58-bec0-b627af682d9b",
          "smiles": "[NaH]",
          "state_of_matter": "SOLID",
          "molecular_weight": 23.99771,
          "density": 1.4,
          "mass": 0.23997710000000003,
          "is_produced_by": [],
          "is_consumed_by": [
            "bbcce961-60bd-4cd0-88b5-a6e7a74d09e2"
          ],
          "provenance__density": "dummy estimator based on mw",
          "provenance__is_consumed_by": null,
          "provenance__is_produced_by": null,
          "provenance__mass": null,
          "provenance__molecular_weight": "periodic table",
          "provenance__smiles": null,
          "provenance__state_of_matter": "dummy estimator based on mw"
        }
      ],
      "products": [
        {
          "identifier": "647d5323-deec-4fb8-a3bf-f4ea1fe85219",
          "smiles": "CC(C)(C)OC(=O)N1CCC(=C2c3ncc(Br)cc3CCc3cc(Cl)cc(Br)c32)CC1",
          "state_of_matter": "SOLID",
          "molecular_weight": 568.728499999999,
          "density": 1.4,
          "mass": 5.68728499999999,
          "is_produced_by": [
            "bbcce961-60bd-4cd0-88b5-a6e7a74d09e2"
          ],
          "is_consumed_by": [],
          "provenance__density": "dummy estimator based on mw",
          "provenance__is_consumed_by": null,
          "provenance__is_produced_by": null,
          "provenance__mass": null,
          "provenance__molecular_weight": "periodic table",
          "provenance__smiles": null,
          "provenance__state_of_matter": "dummy estimator based on mw"
        }
      ],
      "stoichiometry": {
        "0c50b374-8a20-493f-b53f-a4694e60d3d4": 1.0,
        "647d5323-deec-4fb8-a3bf-f4ea1fe85219": -1.0
      },
      "temperature": 297.4380413711071,
      "intended_ratios": {
        "0c50b374-8a20-493f-b53f-a4694e60d3d4": 1.0,
        "b5b85d38-bff4-465a-b1ab-2acf20383297": 1.0,
        "5e1aa54f-1b89-4d58-bec0-b627af682d9b": 1.0
      },
      "expected_yields": {
        "647d5323-deec-4fb8-a3bf-f4ea1fe85219": 1.0
      },
      "reaction_extent": 0.01
    },
    {
      "identifier": "5959bf87-a606-484b-832d-e45fdc92fc97",
      "reactants": [
        {
          "identifier": "0d7bf071-2d6f-4cae-9793-cd0a5912a9b1",
          "smiles": "CC(C)(C)OC(=O)OC(=O)OC(C)(C)C",
          "state_of_matter": "SOLID",
          "molecular_weight": 218.24691999999976,
          "density": 1.4,
          "mass": 2.1824691999999977,
          "is_produced_by": [],
          "is_consumed_by": [
            "5959bf87-a606-484b-832d-e45fdc92fc97"
          ],
          "provenance__density": "dummy estimator based on mw",
          "provenance__is_consumed_by": null,
          "provenance__is_produced_by": null,
          "provenance__mass": null,
          "provenance__molecular_weight": "periodic table",
          "provenance__smiles": null,
          "provenance__state_of_matter": "dummy estimator based on mw"
        },
        {
          "identifier": "570109f4-e347-4268-815a-65fd72f166b2",
          "smiles": "Clc1ccc2c(c1)CCc1cccnc1C2=C1CCNCC1",
          "state_of_matter": "SOLID",
          "molecular_weight": 310.8205600000003,
          "density": 1.4,
          "mass": 3.108205600000003,
          "is_produced_by": [],
          "is_consumed_by": [
            "5959bf87-a606-484b-832d-e45fdc92fc97"
          ],
          "provenance__density": "dummy estimator based on mw",
          "provenance__is_consumed_by": null,
          "provenance__is_produced_by": null,
          "provenance__mass": null,
          "provenance__molecular_weight": "periodic table",
          "provenance__smiles": null,
          "provenance__state_of_matter": "dummy estimator based on mw"
        }
      ],
      "reagents": [
        {
          "identifier": "a9d560f0-50c7-42eb-bf69-95a162b3e088",
          "smiles": "ClCCl",
          "state_of_matter": "LIQUID",
          "molecular_weight": 84.93258000000002,
          "density": 1.0,
          "mass": 0.8493258000000001,
          "is_produced_by": [],
          "is_consumed_by": [
            "5959bf87-a606-484b-832d-e45fdc92fc97"
          ],
          "provenance__density": "dummy estimator based on mw",
          "provenance__is_consumed_by": null,
          "provenance__is_produced_by": null,
          "provenance__mass": null,
          "provenance__molecular_weight": "periodic table",
          "provenance__smiles": null,
          "provenance__state_of_matter": "dummy estimator based on mw"
        },
        {
          "identifier": "12efa486-3736-414a-b351-c5c609403a57",
          "smiles": "CCN(CC)CC",
          "state_of_matter": "LIQUID",
          "molecular_weight": 101.19000000000008,
          "density": 1.0,
          "mass": 1.011900000000001,
          "is_produced_by": [],
          "is_consumed_by": [
            "5959bf87-a606-484b-832d-e45fdc92fc97"
          ],
          "provenance__density": "dummy estimator based on mw",
          "provenance__is_consumed_by": null,
          "provenance__is_produced_by": null,
          "provenance__mass": null,
          "provenance__molecular_weight": "periodic table",
          "provenance__smiles": null,
          "provenance__state_of_matter": "dummy estimator based on mw"
        }
      ],
      "products": [
        {
          "identifier": "cdbc598d-c328-46d1-99ca-02d69dce1ee2",
          "smiles": "CC(C)(C)OC(=O)N1CCC(=C2c3ccc(Cl)cc3CCc3cccnc32)CC1",
          "state_of_matter": "SOLID",
          "molecular_weight": 410.9363800000003,
          "density": 1.4,
          "mass": 4.109363800000003,
          "is_produced_by": [
            "5959bf87-a606-484b-832d-e45fdc92fc97"
          ],
          "is_consumed_by": [],
          "provenance__density": "dummy estimator based on mw",
          "provenance__is_consumed_by": null,
          "provenance__is_produced_by": null,
          "provenance__mass": null,
          "provenance__molecular_weight": "periodic table",
          "provenance__smiles": null,
          "provenance__state_of_matter": "dummy estimator based on mw"
        }
      ],
      "stoichiometry": {
        "0d7bf071-2d6f-4cae-9793-cd0a5912a9b1": 1.0,
        "570109f4-e347-4268-815a-65fd72f166b2": 1.0,
        "cdbc598d-c328-46d1-99ca-02d69dce1ee2": -1.0
      },
      "temperature": 274.6511415660381,
      "intended_ratios": {
        "0d7bf071-2d6f-4cae-9793-cd0a5912a9b1": 1.0,
        "570109f4-e347-4268-815a-65fd72f166b2": 1.0,
        "a9d560f0-50c7-42eb-bf69-95a162b3e088": 1.0,
        "12efa486-3736-414a-b351-c5c609403a57": 1.0
      },
      "expected_yields": {
        "cdbc598d-c328-46d1-99ca-02d69dce1ee2": 1.0
      },
      "reaction_extent": 0.01
    },
    {
      "identifier": "51cb9f15-9bca-4e18-adab-5139f5f74760",
      "reactants": [
        {
          "identifier": "7d999db0-a9dc-4cc8-a8fd-c6ebc22b934a",
          "smiles": "CC1(C)OB(B2OC(C)(C)C(C)(C)O2)OC1(C)C",
          "state_of_matter": "SOLID",
          "molecular_weight": 253.9385599999997,
          "density": 1.4,
          "mass": 2.539385599999997,
          "is_produced_by": [],
          "is_consumed_by": [
            "51cb9f15-9bca-4e18-adab-5139f5f74760"
          ],
          "provenance__density": "dummy estimator based on mw",
          "provenance__is_consumed_by": null,
          "provenance__is_produced_by": null,
          "provenance__mass": null,
          "provenance__molecular_weight": "periodic table",
          "provenance__smiles": null,
          "provenance__state_of_matter": "dummy estimator based on mw"
        },
        {
          "identifier": "f5cce173-dc10-4436-b9bd-fdad3eed48e9",
          "smiles": "CCN(c1cc(Br)cc(C(=O)NCc2c(C)cc(C)[nH]c2=O)c1C)C1CCOCC1",
          "state_of_matter": "SOLID",
          "molecular_weight": 476.4066000000003,
          "density": 1.4,
          "mass": 4.764066000000003,
          "is_produced_by": [],
          "is_consumed_by": [
            "51cb9f15-9bca-4e18-adab-5139f5f74760"
          ],
          "provenance__density": "dummy estimator based on mw",
          "provenance__is_consumed_by": null,
          "provenance__is_produced_by": null,
          "provenance__mass": null,
          "provenance__molecular_weight": "periodic table",
          "provenance__smiles": null,
          "provenance__state_of_matter": "dummy estimator based on mw"
        }
      ],
      "reagents": [
        {
          "identifier": "d9f65092-e4a5-4dbb-8d91-909128948bd9",
          "smiles": "O",
          "state_of_matter": "LIQUID",
          "molecular_weight": 18.01528,
          "density": 1.0,
          "mass": 0.1801528,
          "is_produced_by": [],
          "is_consumed_by": [
            "51cb9f15-9bca-4e18-adab-5139f5f74760"
          ],
          "provenance__density": "dummy estimator based on mw",
          "provenance__is_consumed_by": null,
          "provenance__is_produced_by": null,
          "provenance__mass": null,
          "provenance__molecular_weight": "periodic table",
          "provenance__smiles": null,
          "provenance__state_of_matter": "dummy estimator based on mw"
        },
        {
          "identifier": "49310209-c8ff-4464-a85a-aa28fb359302",
          "smiles": "C1COCCO1",
          "state_of_matter": "LIQUID",
          "molecular_weight": 88.10512000000004,
          "density": 1.0,
          "mass": 0.8810512000000005,
          "is_produced_by": [],
          "is_consumed_by": [
            "51cb9f15-9bca-4e18-adab-5139f5f74760"
          ],
          "provenance__density": "dummy estimator based on mw",
          "provenance__is_consumed_by": null,
          "provenance__is_produced_by": null,
          "provenance__mass": null,
          "provenance__molecular_weight": "periodic table",
          "provenance__smiles": null,
          "provenance__state_of_matter": "dummy estimator based on mw"
        },
        {
          "identifier": "1887b3b3-db9e-4393-84c4-7621336690ca",
          "smiles": "O=C(O[Na])O[Na]",
          "state_of_matter": "SOLID",
          "molecular_weight": 105.98844,
          "density": 1.4,
          "mass": 1.0598844,
          "is_produced_by": [],
          "is_consumed_by": [
            "51cb9f15-9bca-4e18-adab-5139f5f74760"
          ],
          "provenance__density": "dummy estimator based on mw",
          "provenance__is_consumed_by": null,
          "provenance__is_produced_by": null,
          "provenance__mass": null,
          "provenance__molecular_weight": "periodic table",
          "provenance__smiles": null,
          "provenance__state_of_matter": "dummy estimator based on mw"
        },
        {
          "identifier": "c78d66f3-694d-4e65-84ce-2be81b93ec6c",
          "smiles": "c1ccc([PH](c2ccccc2)(c2ccccc2)[Pd]([PH](c2ccccc2)(c2ccccc2)c2ccccc2)([PH](c2ccccc2)(c2ccccc2)c2ccccc2)[PH](c2ccccc2)(c2ccccc2)c2ccccc2)cc1",
          "state_of_matter": "SOLID",
          "molecular_weight": 1159.593603999999,
          "density": 1.4,
          "mass": 11.595936039999991,
          "is_produced_by": [],
          "is_consumed_by": [
            "51cb9f15-9bca-4e18-adab-5139f5f74760"
          ],
          "provenance__density": "dummy estimator based on mw",
          "provenance__is_consumed_by": null,
          "provenance__is_produced_by": null,
          "provenance__mass": null,
          "provenance__molecular_weight": "periodic table",
          "provenance__smiles": null,
          "provenance__state_of_matter": "dummy estimator based on mw"
        }
      ],
      "products": [
        {
          "identifier": "b27ee11b-211c-4f6e-b2bb-f952a2f944fe",
          "smiles": "CCN(c1cc(B(O)O)cc(C(=O)NCc2c(C)cc(C)[nH]c2=O)c1C)C1CCOCC1",
          "state_of_matter": "SOLID",
          "molecular_weight": 441.32828000000035,
          "density": 1.4,
          "mass": 4.413282800000004,
          "is_produced_by": [
            "51cb9f15-9bca-4e18-adab-5139f5f74760"
          ],
          "is_consumed_by": [],
          "provenance__density": "dummy estimator based on mw",
          "provenance__is_consumed_by": null,
          "provenance__is_produced_by": null,
          "provenance__mass": null,
          "provenance__molecular_weight": "periodic table",
          "provenance__smiles": null,
          "provenance__state_of_matter": "dummy estimator based on mw"
        }
      ],
      "stoichiometry": {
        "7d999db0-a9dc-4cc8-a8fd-c6ebc22b934a": 1.0,
        "f5cce173-dc10-4436-b9bd-fdad3eed48e9": 1.0,
        "b27ee11b-211c-4f6e-b2bb-f952a2f944fe": -1.0
      },
      "temperature": 353.3406757235527,
      "intended_ratios": {
        "7d999db0-a9dc-4cc8-a8fd-c6ebc22b934a": 1.0,
        "f5cce173-dc10-4436-b9bd-fdad3eed48e9": 1.0,
        "d9f65092-e4a5-4dbb-8d91-909128948bd9": 1.0,
        "49310209-c8ff-4464-a85a-aa28fb359302": 1.0,
        "1887b3b3-db9e-4393-84c4-7621336690ca": 1.0,
        "c78d66f3-694d-4e65-84ce-2be81b93ec6c": 1.0
      },
      "expected_yields": {
        "b27ee11b-211c-4f6e-b2bb-f952a2f944fe": 1.0
      },
      "reaction_extent": 0.01
    },
    {
      "identifier": "40f6d14e-1fc2-4960-aa82-d5832da86272",
      "reactants": [
        {
          "identifier": "178dff3c-af31-4ec5-ba34-aea8fc25ce15",
          "smiles": "CCBr",
          "state_of_matter": "LIQUID",
          "molecular_weight": 108.96510000000002,
          "density": 1.0,
          "mass": 1.0896510000000001,
          "is_produced_by": [],
          "is_consumed_by": [
            "40f6d14e-1fc2-4960-aa82-d5832da86272"
          ],
          "provenance__density": "dummy estimator based on mw",
          "provenance__is_consumed_by": null,
          "provenance__is_produced_by": null,
          "provenance__mass": null,
          "provenance__molecular_weight": "periodic table",
          "provenance__smiles": null,
          "provenance__state_of_matter": "dummy estimator based on mw"
        },
        {
          "identifier": "43ef57c4-1dc9-491c-a11a-bbb31ad4c982",
          "smiles": "COC(=O)c1cc(Br)cc(NC2CCOCC2)c1C",
          "state_of_matter": "SOLID",
          "molecular_weight": 328.2016200000002,
          "density": 1.4,
          "mass": 3.2820162000000024,
          "is_produced_by": [],
          "is_consumed_by": [
            "40f6d14e-1fc2-4960-aa82-d5832da86272"
          ],
          "provenance__density": "dummy estimator based on mw",
          "provenance__is_consumed_by": null,
          "provenance__is_produced_by": null,
          "provenance__mass": null,
          "provenance__molecular_weight": "periodic table",
          "provenance__smiles": null,
          "provenance__state_of_matter": "dummy estimator based on mw"
        }
      ],
      "reagents": [
        {
          "identifier": "a8a9b4b5-b9d7-4f3e-a9fd-8e59f467fcae",
          "smiles": "O",
          "state_of_matter": "LIQUID",
          "molecular_weight": 18.01528,
          "density": 1.0,
          "mass": 0.1801528,
          "is_produced_by": [],
          "is_consumed_by": [
            "40f6d14e-1fc2-4960-aa82-d5832da86272"
          ],
          "provenance__density": "dummy estimator based on mw",
          "provenance__is_consumed_by": null,
          "provenance__is_produced_by": null,
          "provenance__mass": null,
          "provenance__molecular_weight": "periodic table",
          "provenance__smiles": null,
          "provenance__state_of_matter": "dummy estimator based on mw"
        },
        {
          "identifier": "c4b61df3-be05-4740-8590-94797cd287b9",
          "smiles": "CC#N",
          "state_of_matter": "LIQUID",
          "molecular_weight": 41.051919999999996,
          "density": 1.0,
          "mass": 0.4105192,
          "is_produced_by": [],
          "is_consumed_by": [
            "40f6d14e-1fc2-4960-aa82-d5832da86272"
          ],
          "provenance__density": "dummy estimator based on mw",
          "provenance__is_consumed_by": null,
          "provenance__is_produced_by": null,
          "provenance__mass": null,
          "provenance__molecular_weight": "periodic table",
          "provenance__smiles": null,
          "provenance__state_of_matter": "dummy estimator based on mw"
        },
        {
          "identifier": "1e57e62c-52b9-42d6-be5e-75edc0b4a42e",
          "smiles": "O=C(O[Cs])O[Cs]",
          "state_of_matter": "SOLID",
          "molecular_weight": 325.8198,
          "density": 1.4,
          "mass": 3.258198,
          "is_produced_by": [],
          "is_consumed_by": [
            "40f6d14e-1fc2-4960-aa82-d5832da86272"
          ],
          "provenance__density": "dummy estimator based on mw",
          "provenance__is_consumed_by": null,
          "provenance__is_produced_by": null,
          "provenance__mass": null,
          "provenance__molecular_weight": "periodic table",
          "provenance__smiles": null,
          "provenance__state_of_matter": "dummy estimator based on mw"
        }
      ],
      "products": [
        {
          "identifier": "82bc84e9-294b-4585-a000-f3c9c17d4660",
          "smiles": "CCN(c1cc(Br)cc(C(=O)OC)c1C)C1CCOCC1",
          "state_of_matter": "SOLID",
          "molecular_weight": 356.25478000000027,
          "density": 1.4,
          "mass": 3.5625478000000026,
          "is_produced_by": [
            "40f6d14e-1fc2-4960-aa82-d5832da86272"
          ],
          "is_consumed_by": [],
          "provenance__density": "dummy estimator based on mw",
          "provenance__is_consumed_by": null,
          "provenance__is_produced_by": null,
          "provenance__mass": null,
          "provenance__molecular_weight": "periodic table",
          "provenance__smiles": null,
          "provenance__state_of_matter": "dummy estimator based on mw"
        }
      ],
      "stoichiometry": {
        "178dff3c-af31-4ec5-ba34-aea8fc25ce15": 1.0,
        "43ef57c4-1dc9-491c-a11a-bbb31ad4c982": 1.0,
        "82bc84e9-294b-4585-a000-f3c9c17d4660": -1.0
      },
      "temperature": 324.8399884700775,
      "intended_ratios": {
        "178dff3c-af31-4ec5-ba34-aea8fc25ce15": 1.0,
        "43ef57c4-1dc9-491c-a11a-bbb31ad4c982": 1.0,
        "a8a9b4b5-b9d7-4f3e-a9fd-8e59f467fcae": 1.0,
        "c4b61df3-be05-4740-8590-94797cd287b9": 1.0,
        "1e57e62c-52b9-42d6-be5e-75edc0b4a42e": 1.0
      },
      "expected_yields": {
        "82bc84e9-294b-4585-a000-f3c9c17d4660": 1.0
      },
      "reaction_extent": 0.01
    },
    {
      "identifier": "c892e13c-2e17-4519-b3fc-4366912d2f4b",
      "reactants": [
        {
          "identifier": "c2b46da4-25a8-4610-8ab6-1e911825ac42",
          "smiles": "CCN(c1cc(Br)cc(C(=O)OC)c1C)C1CCOCC1",
          "state_of_matter": "SOLID",
          "molecular_weight": 356.25478000000027,
          "density": 1.4,
          "mass": 3.5625478000000026,
          "is_produced_by": [],
          "is_consumed_by": [
            "c892e13c-2e17-4519-b3fc-4366912d2f4b"
          ],
          "provenance__density": "dummy estimator based on mw",
          "provenance__is_consumed_by": null,
          "provenance__is_produced_by": null,
          "provenance__mass": null,
          "provenance__molecular_weight": "periodic table",
          "provenance__smiles": null,
          "provenance__state_of_matter": "dummy estimator based on mw"
        },
        {
          "identifier": "0f8cecf1-5882-4d4d-a540-d669ffc8058d",
          "smiles": "Cc1cc(C)c(CN)c(=O)[nH]1",
          "state_of_matter": "LIQUID",
          "molecular_weight": 152.1936799999999,
          "density": 1.0,
          "mass": 1.5219367999999989,
          "is_produced_by": [],
          "is_consumed_by": [
            "c892e13c-2e17-4519-b3fc-4366912d2f4b"
          ],
          "provenance__density": "dummy estimator based on mw",
          "provenance__is_consumed_by": null,
          "provenance__is_produced_by": null,
          "provenance__mass": null,
          "provenance__molecular_weight": "periodic table",
          "provenance__smiles": null,
          "provenance__state_of_matter": "dummy estimator based on mw"
        }
      ],
      "reagents": [
        {
          "identifier": "eb52c49b-7ca7-4c83-b39a-4f1b53be0793",
          "smiles": "CO",
          "state_of_matter": "LIQUID",
          "molecular_weight": 32.04186000000001,
          "density": 1.0,
          "mass": 0.32041860000000005,
          "is_produced_by": [],
          "is_consumed_by": [
            "c892e13c-2e17-4519-b3fc-4366912d2f4b"
          ],
          "provenance__density": "dummy estimator based on mw",
          "provenance__is_consumed_by": null,
          "provenance__is_produced_by": null,
          "provenance__mass": null,
          "provenance__molecular_weight": "periodic table",
          "provenance__smiles": null,
          "provenance__state_of_matter": "dummy estimator based on mw"
        },
        {
          "identifier": "404ba9cb-2053-481f-99e6-18920ea36432",
          "smiles": "CC(=O)O",
          "state_of_matter": "LIQUID",
          "molecular_weight": 60.051959999999994,
          "density": 1.0,
          "mass": 0.6005195999999999,
          "is_produced_by": [],
          "is_consumed_by": [
            "c892e13c-2e17-4519-b3fc-4366912d2f4b"
          ],
          "provenance__density": "dummy estimator based on mw",
          "provenance__is_consumed_by": null,
          "provenance__is_produced_by": null,
          "provenance__mass": null,
          "provenance__molecular_weight": "periodic table",
          "provenance__smiles": null,
          "provenance__state_of_matter": "dummy estimator based on mw"
        }
      ],
      "products": [
        {
          "identifier": "8599e8cf-6db7-406e-8913-9fc2cc66f1fc",
          "smiles": "CCN(c1cc(Br)cc(C(=O)NCc2c(C)cc(C)[nH]c2=O)c1C)C1CCOCC1",
          "state_of_matter": "SOLID",
          "molecular_weight": 476.4066000000003,
          "density": 1.4,
          "mass": 4.764066000000003,
          "is_produced_by": [
            "c892e13c-2e17-4519-b3fc-4366912d2f4b"
          ],
          "is_consumed_by": [],
          "provenance__density": "dummy estimator based on mw",
          "provenance__is_consumed_by": null,
          "provenance__is_produced_by": null,
          "provenance__mass": null,
          "provenance__molecular_weight": "periodic table",
          "provenance__smiles": null,
          "provenance__state_of_matter": "dummy estimator based on mw"
        }
      ],
      "stoichiometry": {
        "c2b46da4-25a8-4610-8ab6-1e911825ac42": 1.0,
        "0f8cecf1-5882-4d4d-a540-d669ffc8058d": 1.0,
        "8599e8cf-6db7-406e-8913-9fc2cc66f1fc": -1.0
      },
      "temperature": 288.9382477104664,
      "intended_ratios": {
        "c2b46da4-25a8-4610-8ab6-1e911825ac42": 1.0,
        "0f8cecf1-5882-4d4d-a540-d669ffc8058d": 1.0,
        "eb52c49b-7ca7-4c83-b39a-4f1b53be0793": 1.0,
        "404ba9cb-2053-481f-99e6-18920ea36432": 1.0
      },
      "expected_yields": {
        "8599e8cf-6db7-406e-8913-9fc2cc66f1fc": 1.0
      },
      "reaction_extent": 0.01
    },
    {
      "identifier": "980fbe79-8f29-42ed-8ede-011239722e0f",
      "reactants": [
        {
          "identifier": "ea6aacc9-4031-4c6c-88f1-f1c1d287c56b",
          "smiles": "COC(=O)c1cc(Br)cc(N)c1C",
          "state_of_matter": "SOLID",
          "molecular_weight": 244.08519999999987,
          "density": 1.4,
          "mass": 2.4408519999999987,
          "is_produced_by": [],
          "is_consumed_by": [
            "980fbe79-8f29-42ed-8ede-011239722e0f"
          ],
          "provenance__density": "dummy estimator based on mw",
          "provenance__is_consumed_by": null,
          "provenance__is_produced_by": null,
          "provenance__mass": null,
          "provenance__molecular_weight": "periodic table",
          "provenance__smiles": null,
          "provenance__state_of_matter": "dummy estimator based on mw"
        },
        {
          "identifier": "ced421fa-2358-4338-a896-d35d87e415b2",
          "smiles": "O=C1CCOCC1",
          "state_of_matter": "LIQUID",
          "molecular_weight": 100.11582000000004,
          "density": 1.0,
          "mass": 1.0011582000000003,
          "is_produced_by": [],
          "is_consumed_by": [
            "980fbe79-8f29-42ed-8ede-011239722e0f"
          ],
          "provenance__density": "dummy estimator based on mw",
          "provenance__is_consumed_by": null,
          "provenance__is_produced_by": null,
          "provenance__mass": null,
          "provenance__molecular_weight": "periodic table",
          "provenance__smiles": null,
          "provenance__state_of_matter": "dummy estimator based on mw"
        }
      ],
      "reagents": [
        {
          "identifier": "1612184c-1136-4b15-b4b1-8b80d5153f1a",
          "smiles": "CO",
          "state_of_matter": "LIQUID",
          "molecular_weight": 32.04186000000001,
          "density": 1.0,
          "mass": 0.32041860000000005,
          "is_produced_by": [],
          "is_consumed_by": [
            "980fbe79-8f29-42ed-8ede-011239722e0f"
          ],
          "provenance__density": "dummy estimator based on mw",
          "provenance__is_consumed_by": null,
          "provenance__is_produced_by": null,
          "provenance__mass": null,
          "provenance__molecular_weight": "periodic table",
          "provenance__smiles": null,
          "provenance__state_of_matter": "dummy estimator based on mw"
        },
        {
          "identifier": "e67cc21e-858f-4693-96c8-d46d6458cd00",
          "smiles": "CC(=O)O",
          "state_of_matter": "LIQUID",
          "molecular_weight": 60.051959999999994,
          "density": 1.0,
          "mass": 0.6005195999999999,
          "is_produced_by": [],
          "is_consumed_by": [
            "980fbe79-8f29-42ed-8ede-011239722e0f"
          ],
          "provenance__density": "dummy estimator based on mw",
          "provenance__is_consumed_by": null,
          "provenance__is_produced_by": null,
          "provenance__mass": null,
          "provenance__molecular_weight": "periodic table",
          "provenance__smiles": null,
          "provenance__state_of_matter": "dummy estimator based on mw"
        },
        {
          "identifier": "61d2e27c-c953-4a69-955a-098f7c8c53e3",
          "smiles": "[BH3-]C#N.[Na+]",
          "state_of_matter": "SOLID",
          "molecular_weight": 62.841989999999996,
          "density": 1.4,
          "mass": 0.6284198999999999,
          "is_produced_by": [],
          "is_consumed_by": [
            "980fbe79-8f29-42ed-8ede-011239722e0f"
          ],
          "provenance__density": "dummy estimator based on mw",
          "provenance__is_consumed_by": null,
          "provenance__is_produced_by": null,
          "provenance__mass": null,
          "provenance__molecular_weight": "periodic table",
          "provenance__smiles": null,
          "provenance__state_of_matter": "dummy estimator based on mw"
        }
      ],
      "products": [
        {
          "identifier": "ba7aaa9d-2baa-4c50-ac15-2ed010ed2b81",
          "smiles": "COC(=O)c1cc(Br)cc(NC2CCOCC2)c1C",
          "state_of_matter": "SOLID",
          "molecular_weight": 328.2016200000002,
          "density": 1.4,
          "mass": 3.2820162000000024,
          "is_produced_by": [
            "980fbe79-8f29-42ed-8ede-011239722e0f"
          ],
          "is_consumed_by": [],
          "provenance__density": "dummy estimator based on mw",
          "provenance__is_consumed_by": null,
          "provenance__is_produced_by": null,
          "provenance__mass": null,
          "provenance__molecular_weight": "periodic table",
          "provenance__smiles": null,
          "provenance__state_of_matter": "dummy estimator based on mw"
        }
      ],
      "stoichiometry": {
        "ea6aacc9-4031-4c6c-88f1-f1c1d287c56b": 1.0,
        "ced421fa-2358-4338-a896-d35d87e415b2": 1.0,
        "ba7aaa9d-2baa-4c50-ac15-2ed010ed2b81": -1.0
      },
      "temperature": 295.46120129227637,
      "intended_ratios": {
        "ea6aacc9-4031-4c6c-88f1-f1c1d287c56b": 1.0,
        "ced421fa-2358-4338-a896-d35d87e415b2": 1.0,
        "1612184c-1136-4b15-b4b1-8b80d5153f1a": 1.0,
        "e67cc21e-858f-4693-96c8-d46d6458cd00": 1.0,
        "61d2e27c-c953-4a69-955a-098f7c8c53e3": 1.0
      },
      "expected_yields": {
        "ba7aaa9d-2baa-4c50-ac15-2ed010ed2b81": 1.0
      },
      "reaction_extent": 0.01
    },
    {
      "identifier": "04141de8-8941-4695-b631-fe81bf2bd636",
      "reactants": [
        {
          "identifier": "43a4e3b7-64a7-4467-b504-9fb63702cf0d",
          "smiles": "CSc1ccc(O)cc1",
          "state_of_matter": "LIQUID",
          "molecular_weight": 140.20281999999992,
          "density": 1.0,
          "mass": 1.4020281999999993,
          "is_produced_by": [],
          "is_consumed_by": [
            "04141de8-8941-4695-b631-fe81bf2bd636"
          ],
          "provenance__density": "dummy estimator based on mw",
          "provenance__is_consumed_by": null,
          "provenance__is_produced_by": null,
          "provenance__mass": null,
          "provenance__molecular_weight": "periodic table",
          "provenance__smiles": null,
          "provenance__state_of_matter": "dummy estimator based on mw"
        },
        {
          "identifier": "fb07b947-9bd8-4637-ac3b-70af59b19d96",
          "smiles": "Cn1c([N+](=O)[O-])cnc1CO",
          "state_of_matter": "LIQUID",
          "molecular_weight": 158.13531999999992,
          "density": 1.0,
          "mass": 1.5813531999999992,
          "is_produced_by": [],
          "is_consumed_by": [
            "04141de8-8941-4695-b631-fe81bf2bd636"
          ],
          "provenance__density": "dummy estimator based on mw",
          "provenance__is_consumed_by": null,
          "provenance__is_produced_by": null,
          "provenance__mass": null,
          "provenance__molecular_weight": "periodic table",
          "provenance__smiles": null,
          "provenance__state_of_matter": "dummy estimator based on mw"
        }
      ],
      "reagents": [
        {
          "identifier": "9e9c2087-38f7-4f13-9eb9-4a86c5172285",
          "smiles": "C1CCOC1",
          "state_of_matter": "LIQUID",
          "molecular_weight": 72.10572000000005,
          "density": 1.0,
          "mass": 0.7210572000000005,
          "is_produced_by": [],
          "is_consumed_by": [
            "04141de8-8941-4695-b631-fe81bf2bd636"
          ],
          "provenance__density": "dummy estimator based on mw",
          "provenance__is_consumed_by": null,
          "provenance__is_produced_by": null,
          "provenance__mass": null,
          "provenance__molecular_weight": "periodic table",
          "provenance__smiles": null,
          "provenance__state_of_matter": "dummy estimator based on mw"
        },
        {
          "identifier": "e2c12d48-36b5-4812-ad3c-03c1141133e8",
          "smiles": "c1ccc(P(c2ccccc2)c2ccccc2)cc1",
          "state_of_matter": "SOLID",
          "molecular_weight": 262.28546099999994,
          "density": 1.4,
          "mass": 2.6228546099999996,
          "is_produced_by": [],
          "is_consumed_by": [
            "04141de8-8941-4695-b631-fe81bf2bd636"
          ],
          "provenance__density": "dummy estimator based on mw",
          "provenance__is_consumed_by": null,
          "provenance__is_produced_by": null,
          "provenance__mass": null,
          "provenance__molecular_weight": "periodic table",
          "provenance__smiles": null,
          "provenance__state_of_matter": "dummy estimator based on mw"
        },
        {
          "identifier": "5b415e72-d969-498c-9ce4-7e61b8548947",
          "smiles": "CCOC(=O)N=NC(=O)OCC",
          "state_of_matter": "LIQUID",
          "molecular_weight": 174.1545999999999,
          "density": 1.0,
          "mass": 1.7415459999999992,
          "is_produced_by": [],
          "is_consumed_by": [
            "04141de8-8941-4695-b631-fe81bf2bd636"
          ],
          "provenance__density": "dummy estimator based on mw",
          "provenance__is_consumed_by": null,
          "provenance__is_produced_by": null,
          "provenance__mass": null,
          "provenance__molecular_weight": "periodic table",
          "provenance__smiles": null,
          "provenance__state_of_matter": "dummy estimator based on mw"
        }
      ],
      "products": [
        {
          "identifier": "16af45ae-d5d6-4e79-95bd-f5737c3a0d31",
          "smiles": "CSc1ccc(OCc2ncc([N+](=O)[O-])n2C)cc1",
          "state_of_matter": "SOLID",
          "molecular_weight": 280.3228600000002,
          "density": 1.4,
          "mass": 2.8032286000000024,
          "is_produced_by": [
            "04141de8-8941-4695-b631-fe81bf2bd636"
          ],
          "is_consumed_by": [],
          "provenance__density": "dummy estimator based on mw",
          "provenance__is_consumed_by": null,
          "provenance__is_produced_by": null,
          "provenance__mass": null,
          "provenance__molecular_weight": "periodic table",
          "provenance__smiles": null,
          "provenance__state_of_matter": "dummy estimator based on mw"
        }
      ],
      "stoichiometry": {
        "43a4e3b7-64a7-4467-b504-9fb63702cf0d": 1.0,
        "fb07b947-9bd8-4637-ac3b-70af59b19d96": 1.0,
        "16af45ae-d5d6-4e79-95bd-f5737c3a0d31": -1.0
      },
      "temperature": 283.99080734252925,
      "intended_ratios": {
        "43a4e3b7-64a7-4467-b504-9fb63702cf0d": 1.0,
        "fb07b947-9bd8-4637-ac3b-70af59b19d96": 1.0,
        "9e9c2087-38f7-4f13-9eb9-4a86c5172285": 1.0,
        "e2c12d48-36b5-4812-ad3c-03c1141133e8": 1.0,
        "5b415e72-d969-498c-9ce4-7e61b8548947": 1.0
      },
      "expected_yields": {
        "16af45ae-d5d6-4e79-95bd-f5737c3a0d31": 1.0
      },
      "reaction_extent": 0.01
    },
    {
      "identifier": "747d416b-02cd-4420-811c-ba70dd913937",
      "reactants": [
        {
          "identifier": "ec248cc7-5ea1-414a-b9d0-f8e33059707e",
          "smiles": "C[Si](C)(C)N=C=O",
          "state_of_matter": "LIQUID",
          "molecular_weight": 115.20586000000003,
          "density": 1.0,
          "mass": 1.1520586000000004,
          "is_produced_by": [],
          "is_consumed_by": [
            "747d416b-02cd-4420-811c-ba70dd913937"
          ],
          "provenance__density": "dummy estimator based on mw",
          "provenance__is_consumed_by": null,
          "provenance__is_produced_by": null,
          "provenance__mass": null,
          "provenance__molecular_weight": "periodic table",
          "provenance__smiles": null,
          "provenance__state_of_matter": "dummy estimator based on mw"
        },
        {
          "identifier": "89715410-65c6-4420-8174-4e5c131d31e5",
          "smiles": "O=C(CC1CCNCC1)N1CCC(C2c3ncc(Br)cc3CCc3cc(Cl)cc(Br)c32)CC1",
          "state_of_matter": "SOLID",
          "molecular_weight": 595.7968999999988,
          "density": 1.4,
          "mass": 5.957968999999988,
          "is_produced_by": [],
          "is_consumed_by": [
            "747d416b-02cd-4420-811c-ba70dd913937"
          ],
          "provenance__density": "dummy estimator based on mw",
          "provenance__is_consumed_by": null,
          "provenance__is_produced_by": null,
          "provenance__mass": null,
          "provenance__molecular_weight": "periodic table",
          "provenance__smiles": null,
          "provenance__state_of_matter": "dummy estimator based on mw"
        }
      ],
      "reagents": [
        {
          "identifier": "c0a0aafb-ebf8-458d-9d65-c79167f588d5",
          "smiles": "ClCCl",
          "state_of_matter": "LIQUID",
          "molecular_weight": 84.93258000000002,
          "density": 1.0,
          "mass": 0.8493258000000001,
          "is_produced_by": [],
          "is_consumed_by": [
            "747d416b-02cd-4420-811c-ba70dd913937"
          ],
          "provenance__density": "dummy estimator based on mw",
          "provenance__is_consumed_by": null,
          "provenance__is_produced_by": null,
          "provenance__mass": null,
          "provenance__molecular_weight": "periodic table",
          "provenance__smiles": null,
          "provenance__state_of_matter": "dummy estimator based on mw"
        }
      ],
      "products": [
        {
          "identifier": "d67d8080-0dea-41ee-bab6-ba73d419e6a2",
          "smiles": "NC(=O)N1CCC(CC(=O)N2CCC(C3c4ncc(Br)cc4CCc4cc(Cl)cc(Br)c43)CC2)CC1",
          "state_of_matter": "SOLID",
          "molecular_weight": 638.8216399999989,
          "density": 1.4,
          "mass": 6.388216399999989,
          "is_produced_by": [
            "747d416b-02cd-4420-811c-ba70dd913937"
          ],
          "is_consumed_by": [],
          "provenance__density": "dummy estimator based on mw",
          "provenance__is_consumed_by": null,
          "provenance__is_produced_by": null,
          "provenance__mass": null,
          "provenance__molecular_weight": "periodic table",
          "provenance__smiles": null,
          "provenance__state_of_matter": "dummy estimator based on mw"
        }
      ],
      "stoichiometry": {
        "ec248cc7-5ea1-414a-b9d0-f8e33059707e": 1.0,
        "89715410-65c6-4420-8174-4e5c131d31e5": 1.0,
        "d67d8080-0dea-41ee-bab6-ba73d419e6a2": -1.0
      },
      "temperature": 286.6168689250946,
      "intended_ratios": {
        "ec248cc7-5ea1-414a-b9d0-f8e33059707e": 1.0,
        "89715410-65c6-4420-8174-4e5c131d31e5": 1.0,
        "c0a0aafb-ebf8-458d-9d65-c79167f588d5": 1.0
      },
      "expected_yields": {
        "d67d8080-0dea-41ee-bab6-ba73d419e6a2": 1.0
      },
      "reaction_extent": 0.01
    },
    {
      "identifier": "0c6863d9-2e04-4a89-a92c-cf06e3ef6fa1",
      "reactants": [
        {
          "identifier": "2615850a-57d9-4a4c-afb7-8cc2022adb00",
          "smiles": "Clc1cc(Br)c2c(c1)CCc1cc(Br)cnc1C2=C1CCNCC1",
          "state_of_matter": "SOLID",
          "molecular_weight": 468.6126800000001,
          "density": 1.4,
          "mass": 4.686126800000001,
          "is_produced_by": [],
          "is_consumed_by": [
            "0c6863d9-2e04-4a89-a92c-cf06e3ef6fa1"
          ],
          "provenance__density": "dummy estimator based on mw",
          "provenance__is_consumed_by": null,
          "provenance__is_produced_by": null,
          "provenance__mass": null,
          "provenance__molecular_weight": "periodic table",
          "provenance__smiles": null,
          "provenance__state_of_matter": "dummy estimator based on mw"
        }
      ],
      "reagents": [
        {
          "identifier": "466c346b-3640-4428-abad-52639a0f1355",
          "smiles": "ClCCl",
          "state_of_matter": "LIQUID",
          "molecular_weight": 84.93258000000002,
          "density": 1.0,
          "mass": 0.8493258000000001,
          "is_produced_by": [],
          "is_consumed_by": [
            "0c6863d9-2e04-4a89-a92c-cf06e3ef6fa1"
          ],
          "provenance__density": "dummy estimator based on mw",
          "provenance__is_consumed_by": null,
          "provenance__is_produced_by": null,
          "provenance__mass": null,
          "provenance__molecular_weight": "periodic table",
          "provenance__smiles": null,
          "provenance__state_of_matter": "dummy estimator based on mw"
        },
        {
          "identifier": "f6d53b2d-927b-411b-b6b9-2225a9f724d9",
          "smiles": "O=C(O)C(F)(F)F",
          "state_of_matter": "LIQUID",
          "molecular_weight": 114.0233496,
          "density": 1.0,
          "mass": 1.140233496,
          "is_produced_by": [],
          "is_consumed_by": [
            "0c6863d9-2e04-4a89-a92c-cf06e3ef6fa1"
          ],
          "provenance__density": "dummy estimator based on mw",
          "provenance__is_consumed_by": null,
          "provenance__is_produced_by": null,
          "provenance__mass": null,
          "provenance__molecular_weight": "periodic table",
          "provenance__smiles": null,
          "provenance__state_of_matter": "dummy estimator based on mw"
        }
      ],
      "products": [
        {
          "identifier": "eab32cb4-cfe5-4ffc-b972-579b72eb15e2",
          "smiles": "Clc1cc(Br)c2c(c1)CCc1cc(Br)cnc1C2C1CCNCC1",
          "state_of_matter": "SOLID",
          "molecular_weight": 470.62856000000016,
          "density": 1.4,
          "mass": 4.706285600000002,
          "is_produced_by": [
            "0c6863d9-2e04-4a89-a92c-cf06e3ef6fa1"
          ],
          "is_consumed_by": [],
          "provenance__density": "dummy estimator based on mw",
          "provenance__is_consumed_by": null,
          "provenance__is_produced_by": null,
          "provenance__mass": null,
          "provenance__molecular_weight": "periodic table",
          "provenance__smiles": null,
          "provenance__state_of_matter": "dummy estimator based on mw"
        }
      ],
      "stoichiometry": {
        "2615850a-57d9-4a4c-afb7-8cc2022adb00": 1.0,
        "eab32cb4-cfe5-4ffc-b972-579b72eb15e2": -1.0
      },
      "temperature": 283.66671758294103,
      "intended_ratios": {
        "2615850a-57d9-4a4c-afb7-8cc2022adb00": 1.0,
        "466c346b-3640-4428-abad-52639a0f1355": 1.0,
        "f6d53b2d-927b-411b-b6b9-2225a9f724d9": 1.0
      },
      "expected_yields": {
        "eab32cb4-cfe5-4ffc-b972-579b72eb15e2": 1.0
      },
      "reaction_extent": 0.01
    },
    {
      "identifier": "073394f7-fe42-435f-990f-0b6a5864e30a",
      "reactants": [
        {
          "identifier": "99b991f6-73d3-439a-a43d-2809114cfb7c",
          "smiles": "Clc1cc(Br)c2c(c1)CCc1cc(Br)cnc1C2C1CCNCC1",
          "state_of_matter": "SOLID",
          "molecular_weight": 470.62856000000016,
          "density": 1.4,
          "mass": 4.706285600000002,
          "is_produced_by": [],
          "is_consumed_by": [
            "073394f7-fe42-435f-990f-0b6a5864e30a"
          ],
          "provenance__density": "dummy estimator based on mw",
          "provenance__is_consumed_by": null,
          "provenance__is_produced_by": null,
          "provenance__mass": null,
          "provenance__molecular_weight": "periodic table",
          "provenance__smiles": null,
          "provenance__state_of_matter": "dummy estimator based on mw"
        },
        {
          "identifier": "d39d369c-4c5e-45fe-99a2-cfbba2c3042c",
          "smiles": "O=C(O)CC1CCNCC1",
          "state_of_matter": "LIQUID",
          "molecular_weight": 143.18361999999988,
          "density": 1.0,
          "mass": 1.431836199999999,
          "is_produced_by": [],
          "is_consumed_by": [
            "073394f7-fe42-435f-990f-0b6a5864e30a"
          ],
          "provenance__density": "dummy estimator based on mw",
          "provenance__is_consumed_by": null,
          "provenance__is_produced_by": null,
          "provenance__mass": null,
          "provenance__molecular_weight": "periodic table",
          "provenance__smiles": null,
          "provenance__state_of_matter": "dummy estimator based on mw"
        }
      ],
      "reagents": [
        {
          "identifier": "962ee380-3001-4c4e-84f9-b38b39a3095b",
          "smiles": "CN(C)C=O",
          "state_of_matter": "LIQUID",
          "molecular_weight": 73.09378000000004,
          "density": 1.0,
          "mass": 0.7309378000000004,
          "is_produced_by": [],
          "is_consumed_by": [
            "073394f7-fe42-435f-990f-0b6a5864e30a"
          ],
          "provenance__density": "dummy estimator based on mw",
          "provenance__is_consumed_by": null,
          "provenance__is_produced_by": null,
          "provenance__mass": null,
          "provenance__molecular_weight": "periodic table",
          "provenance__smiles": null,
          "provenance__state_of_matter": "dummy estimator based on mw"
        },
        {
          "identifier": "720f3ca6-68e6-406d-8109-5952fd176043",
          "smiles": "CN(C)C(On1nnc2cccnc21)=[N+](C)C.F[P-](F)(F)(F)(F)F",
          "state_of_matter": "SOLID",
          "molecular_weight": 381.2378202000002,
          "density": 1.4,
          "mass": 3.8123782020000023,
          "is_produced_by": [],
          "is_consumed_by": [
            "073394f7-fe42-435f-990f-0b6a5864e30a"
          ],
          "provenance__density": "dummy estimator based on mw",
          "provenance__is_consumed_by": null,
          "provenance__is_produced_by": null,
          "provenance__mass": null,
          "provenance__molecular_weight": "periodic table",
          "provenance__smiles": null,
          "provenance__state_of_matter": "dummy estimator based on mw"
        },
        {
          "identifier": "8f753c6d-3b11-41cb-9f2a-da71253bf83e",
          "smiles": "CCN(C(C)C)C(C)C",
          "state_of_matter": "LIQUID",
          "molecular_weight": 129.24316000000007,
          "density": 1.0,
          "mass": 1.2924316000000007,
          "is_produced_by": [],
          "is_consumed_by": [
            "073394f7-fe42-435f-990f-0b6a5864e30a"
          ],
          "provenance__density": "dummy estimator based on mw",
          "provenance__is_consumed_by": null,
          "provenance__is_produced_by": null,
          "provenance__mass": null,
          "provenance__molecular_weight": "periodic table",
          "provenance__smiles": null,
          "provenance__state_of_matter": "dummy estimator based on mw"
        }
      ],
      "products": [
        {
          "identifier": "c06d98a5-7192-48f2-8f91-af94d072caa2",
          "smiles": "O=C(CC1CCNCC1)N1CCC(C2c3ncc(Br)cc3CCc3cc(Cl)cc(Br)c32)CC1",
          "state_of_matter": "SOLID",
          "molecular_weight": 595.7968999999988,
          "density": 1.4,
          "mass": 5.957968999999988,
          "is_produced_by": [
            "073394f7-fe42-435f-990f-0b6a5864e30a"
          ],
          "is_consumed_by": [],
          "provenance__density": "dummy estimator based on mw",
          "provenance__is_consumed_by": null,
          "provenance__is_produced_by": null,
          "provenance__mass": null,
          "provenance__molecular_weight": "periodic table",
          "provenance__smiles": null,
          "provenance__state_of_matter": "dummy estimator based on mw"
        }
      ],
      "stoichiometry": {
        "99b991f6-73d3-439a-a43d-2809114cfb7c": 1.0,
        "d39d369c-4c5e-45fe-99a2-cfbba2c3042c": 1.0,
        "c06d98a5-7192-48f2-8f91-af94d072caa2": -1.0
      },
      "temperature": 280.4004216134548,
      "intended_ratios": {
        "99b991f6-73d3-439a-a43d-2809114cfb7c": 1.0,
        "d39d369c-4c5e-45fe-99a2-cfbba2c3042c": 1.0,
        "962ee380-3001-4c4e-84f9-b38b39a3095b": 1.0,
        "720f3ca6-68e6-406d-8109-5952fd176043": 1.0,
        "8f753c6d-3b11-41cb-9f2a-da71253bf83e": 1.0
      },
      "expected_yields": {
        "c06d98a5-7192-48f2-8f91-af94d072caa2": 1.0
      },
      "reaction_extent": 0.01
    }
  ],
  "molecular_nodes": [
    "BrBr",
    "Brc1ccc(CN2CCOCC2)cc1",
    "C1CCOC1",
    "C1COCCO1",
    "CC#N",
    "CC(=O)O",
    "CC(C)(C)OC(=O)N1CCC(=C2c3ccc(Cl)cc3CCc3cccnc32)CC1",
    "CC(C)(C)OC(=O)N1CCC(=C2c3ncc(Br)cc3CCc3cc(Cl)cc(Br)c32)CC1",
    "CC(C)(C)OC(=O)N1CCC(=C2c3ncccc3CCc3cc(Cl)cc(Br)c32)CC1",
    "CC(C)(C)OC(=O)OC(=O)OC(C)(C)C",
    "CC1(C)OB(B2OC(C)(C)C(C)(C)O2)OC1(C)C",
    "CCBr",
    "CCN(C(C)C)C(C)C",
    "CCN(CC)CC",
    "CCN(c1cc(-c2ccc(CN3CCOCC3)cc2)cc(C(=O)NCc2c(C)cc(C)[nH]c2=O)c1C)C1CCOCC1",
    "CCN(c1cc(B(O)O)cc(C(=O)NCc2c(C)cc(C)[nH]c2=O)c1C)C1CCOCC1",
    "CCN(c1cc(Br)cc(C(=O)NCc2c(C)cc(C)[nH]c2=O)c1C)C1CCOCC1",
    "CCN(c1cc(Br)cc(C(=O)OC)c1C)C1CCOCC1",
    "CCOC(=O)N=NC(=O)OCC",
    "CN(C)C(On1nnc2cccnc21)=[N+](C)C.F[P-](F)(F)(F)(F)F",
    "CN(C)C=O",
    "CO",
    "COC(=O)c1cc(Br)cc(N)c1C",
    "COC(=O)c1cc(Br)cc(NC2CCOCC2)c1C",
    "CSc1ccc(O)cc1",
    "CSc1ccc(OCc2ncc([N+](=O)[O-])n2C)cc1",
    "C[Si](C)(C)N=C=O",
    "Cc1cc(C)c(CN)c(=O)[nH]1",
    "ClCCl",
    "Clc1cc(Br)c2c(c1)CCc1cc(Br)cnc1C2=C1CCNCC1",
    "Clc1cc(Br)c2c(c1)CCc1cc(Br)cnc1C2C1CCNCC1",
    "Clc1ccc2c(c1)CCc1cccnc1C2=C1CCNCC1",
    "Cn1c([N+](=O)[O-])cnc1CO",
    "NC(=O)N1CCC(CC(=O)N2CCC(C3c4ncc(Br)cc4CCc4cc(Cl)cc(Br)c43)CC2)CC1",
    "O",
    "O=C(CC1CCNCC1)N1CCC(C2c3ncc(Br)cc3CCc3cc(Cl)cc(Br)c32)CC1",
    "O=C(O)C(F)(F)F",
    "O=C(O)CC1CCNCC1",
    "O=C(O[Cs])O[Cs]",
    "O=C(O[Na])O[Na]",
    "O=C1CCOCC1",
    "[BH3-]C#N.[Na+]",
    "[NaH]",
    "c1ccc(P(c2ccccc2)c2ccccc2)cc1",
    "c1ccc([PH](c2ccccc2)(c2ccccc2)[Pd]([PH](c2ccccc2)(c2ccccc2)c2ccccc2)([PH](c2ccccc2)(c2ccccc2)c2ccccc2)[PH](c2ccccc2)(c2ccccc2)c2ccccc2)cc1"
  ],
  "edges": [
    [
      "04141de8-8941-4695-b631-fe81bf2bd636",
      "CSc1ccc(OCc2ncc([N+](=O)[O-])n2C)cc1"
    ],
    [
      "073394f7-fe42-435f-990f-0b6a5864e30a",
      "O=C(CC1CCNCC1)N1CCC(C2c3ncc(Br)cc3CCc3cc(Cl)cc(Br)c32)CC1"
    ],
    [
      "0c6863d9-2e04-4a89-a92c-cf06e3ef6fa1",
      "Clc1cc(Br)c2c(c1)CCc1cc(Br)cnc1C2C1CCNCC1"
    ],
    [
      "30d9b90f-d58e-4db3-b937-28f098f43fd8",
      "CC(C)(C)OC(=O)N1CCC(=C2c3ncccc3CCc3cc(Cl)cc(Br)c32)CC1"
    ],
    [
      "40f6d14e-1fc2-4960-aa82-d5832da86272",
      "CCN(c1cc(Br)cc(C(=O)OC)c1C)C1CCOCC1"
    ],
    [
      "51cb9f15-9bca-4e18-adab-5139f5f74760",
      "CCN(c1cc(B(O)O)cc(C(=O)NCc2c(C)cc(C)[nH]c2=O)c1C)C1CCOCC1"
    ],
    [
      "5959bf87-a606-484b-832d-e45fdc92fc97",
      "CC(C)(C)OC(=O)N1CCC(=C2c3ccc(Cl)cc3CCc3cccnc32)CC1"
    ],
    [
      "747d416b-02cd-4420-811c-ba70dd913937",
      "NC(=O)N1CCC(CC(=O)N2CCC(C3c4ncc(Br)cc4CCc4cc(Cl)cc(Br)c43)CC2)CC1"
    ],
    [
      "980fbe79-8f29-42ed-8ede-011239722e0f",
      "COC(=O)c1cc(Br)cc(NC2CCOCC2)c1C"
    ],
    [
      "BrBr",
      "30d9b90f-d58e-4db3-b937-28f098f43fd8"
    ],
    [
      "Brc1ccc(CN2CCOCC2)cc1",
      "a71f49b9-7289-4a2b-9064-171a2c5b7a9c"
    ],
    [
      "C1CCOC1",
      "04141de8-8941-4695-b631-fe81bf2bd636"
    ],
    [
      "C1COCCO1",
      "51cb9f15-9bca-4e18-adab-5139f5f74760"
    ],
    [
      "C1COCCO1",
      "a71f49b9-7289-4a2b-9064-171a2c5b7a9c"
    ],
    [
      "CC#N",
      "40f6d14e-1fc2-4960-aa82-d5832da86272"
    ],
    [
      "CC(=O)O",
      "30d9b90f-d58e-4db3-b937-28f098f43fd8"
    ],
    [
      "CC(=O)O",
      "980fbe79-8f29-42ed-8ede-011239722e0f"
    ],
    [
      "CC(=O)O",
      "c892e13c-2e17-4519-b3fc-4366912d2f4b"
    ],
    [
      "CC(C)(C)OC(=O)N1CCC(=C2c3ccc(Cl)cc3CCc3cccnc32)CC1",
      "30d9b90f-d58e-4db3-b937-28f098f43fd8"
    ],
    [
      "CC(C)(C)OC(=O)N1CCC(=C2c3ncc(Br)cc3CCc3cc(Cl)cc(Br)c32)CC1",
      "fb7f3b0d-1366-4462-8b11-33ce94bc02d2"
    ],
    [
      "CC(C)(C)OC(=O)N1CCC(=C2c3ncccc3CCc3cc(Cl)cc(Br)c32)CC1",
      "bbcce961-60bd-4cd0-88b5-a6e7a74d09e2"
    ],
    [
      "CC(C)(C)OC(=O)OC(=O)OC(C)(C)C",
      "5959bf87-a606-484b-832d-e45fdc92fc97"
    ],
    [
      "CC1(C)OB(B2OC(C)(C)C(C)(C)O2)OC1(C)C",
      "51cb9f15-9bca-4e18-adab-5139f5f74760"
    ],
    [
      "CCBr",
      "40f6d14e-1fc2-4960-aa82-d5832da86272"
    ],
    [
      "CCN(C(C)C)C(C)C",
      "073394f7-fe42-435f-990f-0b6a5864e30a"
    ],
    [
      "CCN(CC)CC",
      "5959bf87-a606-484b-832d-e45fdc92fc97"
    ],
    [
      "CCN(c1cc(B(O)O)cc(C(=O)NCc2c(C)cc(C)[nH]c2=O)c1C)C1CCOCC1",
      "a71f49b9-7289-4a2b-9064-171a2c5b7a9c"
    ],
    [
      "CCN(c1cc(Br)cc(C(=O)NCc2c(C)cc(C)[nH]c2=O)c1C)C1CCOCC1",
      "51cb9f15-9bca-4e18-adab-5139f5f74760"
    ],
    [
      "CCN(c1cc(Br)cc(C(=O)OC)c1C)C1CCOCC1",
      "c892e13c-2e17-4519-b3fc-4366912d2f4b"
    ],
    [
      "CCOC(=O)N=NC(=O)OCC",
      "04141de8-8941-4695-b631-fe81bf2bd636"
    ],
    [
      "CN(C)C(On1nnc2cccnc21)=[N+](C)C.F[P-](F)(F)(F)(F)F",
      "073394f7-fe42-435f-990f-0b6a5864e30a"
    ],
    [
      "CN(C)C=O",
      "073394f7-fe42-435f-990f-0b6a5864e30a"
    ],
    [
      "CN(C)C=O",
      "bbcce961-60bd-4cd0-88b5-a6e7a74d09e2"
    ],
    [
      "CO",
      "980fbe79-8f29-42ed-8ede-011239722e0f"
    ],
    [
      "CO",
      "c892e13c-2e17-4519-b3fc-4366912d2f4b"
    ],
    [
      "COC(=O)c1cc(Br)cc(N)c1C",
      "980fbe79-8f29-42ed-8ede-011239722e0f"
    ],
    [
      "COC(=O)c1cc(Br)cc(NC2CCOCC2)c1C",
      "40f6d14e-1fc2-4960-aa82-d5832da86272"
    ],
    [
      "CSc1ccc(O)cc1",
      "04141de8-8941-4695-b631-fe81bf2bd636"
    ],
    [
      "C[Si](C)(C)N=C=O",
      "747d416b-02cd-4420-811c-ba70dd913937"
    ],
    [
      "Cc1cc(C)c(CN)c(=O)[nH]1",
      "c892e13c-2e17-4519-b3fc-4366912d2f4b"
    ],
    [
      "ClCCl",
      "0c6863d9-2e04-4a89-a92c-cf06e3ef6fa1"
    ],
    [
      "ClCCl",
      "5959bf87-a606-484b-832d-e45fdc92fc97"
    ],
    [
      "ClCCl",
      "747d416b-02cd-4420-811c-ba70dd913937"
    ],
    [
      "ClCCl",
      "fb7f3b0d-1366-4462-8b11-33ce94bc02d2"
    ],
    [
      "Clc1cc(Br)c2c(c1)CCc1cc(Br)cnc1C2=C1CCNCC1",
      "0c6863d9-2e04-4a89-a92c-cf06e3ef6fa1"
    ],
    [
      "Clc1cc(Br)c2c(c1)CCc1cc(Br)cnc1C2C1CCNCC1",
      "073394f7-fe42-435f-990f-0b6a5864e30a"
    ],
    [
      "Clc1ccc2c(c1)CCc1cccnc1C2=C1CCNCC1",
      "5959bf87-a606-484b-832d-e45fdc92fc97"
    ],
    [
      "Cn1c([N+](=O)[O-])cnc1CO",
      "04141de8-8941-4695-b631-fe81bf2bd636"
    ],
    [
      "O",
      "40f6d14e-1fc2-4960-aa82-d5832da86272"
    ],
    [
      "O",
      "51cb9f15-9bca-4e18-adab-5139f5f74760"
    ],
    [
      "O",
      "a71f49b9-7289-4a2b-9064-171a2c5b7a9c"
    ],
    [
      "O=C(CC1CCNCC1)N1CCC(C2c3ncc(Br)cc3CCc3cc(Cl)cc(Br)c32)CC1",
      "747d416b-02cd-4420-811c-ba70dd913937"
    ],
    [
      "O=C(O)C(F)(F)F",
      "0c6863d9-2e04-4a89-a92c-cf06e3ef6fa1"
    ],
    [
      "O=C(O)C(F)(F)F",
      "fb7f3b0d-1366-4462-8b11-33ce94bc02d2"
    ],
    [
      "O=C(O)CC1CCNCC1",
      "073394f7-fe42-435f-990f-0b6a5864e30a"
    ],
    [
      "O=C(O[Cs])O[Cs]",
      "40f6d14e-1fc2-4960-aa82-d5832da86272"
    ],
    [
      "O=C(O[Na])O[Na]",
      "51cb9f15-9bca-4e18-adab-5139f5f74760"
    ],
    [
      "O=C(O[Na])O[Na]",
      "a71f49b9-7289-4a2b-9064-171a2c5b7a9c"
    ],
    [
      "O=C1CCOCC1",
      "980fbe79-8f29-42ed-8ede-011239722e0f"
    ],
    [
      "[BH3-]C#N.[Na+]",
      "980fbe79-8f29-42ed-8ede-011239722e0f"
    ],
    [
      "[NaH]",
      "bbcce961-60bd-4cd0-88b5-a6e7a74d09e2"
    ],
    [
      "a71f49b9-7289-4a2b-9064-171a2c5b7a9c",
      "CCN(c1cc(-c2ccc(CN3CCOCC3)cc2)cc(C(=O)NCc2c(C)cc(C)[nH]c2=O)c1C)C1CCOCC1"
    ],
    [
      "bbcce961-60bd-4cd0-88b5-a6e7a74d09e2",
      "CC(C)(C)OC(=O)N1CCC(=C2c3ncc(Br)cc3CCc3cc(Cl)cc(Br)c32)CC1"
    ],
    [
      "c1ccc(P(c2ccccc2)c2ccccc2)cc1",
      "04141de8-8941-4695-b631-fe81bf2bd636"
    ],
    [
      "c1ccc([PH](c2ccccc2)(c2ccccc2)[Pd]([PH](c2ccccc2)(c2ccccc2)c2ccccc2)([PH](c2ccccc2)(c2ccccc2)c2ccccc2)[PH](c2ccccc2)(c2ccccc2)c2ccccc2)cc1",
      "51cb9f15-9bca-4e18-adab-5139f5f74760"
    ],
    [
      "c1ccc([PH](c2ccccc2)(c2ccccc2)[Pd]([PH](c2ccccc2)(c2ccccc2)c2ccccc2)([PH](c2ccccc2)(c2ccccc2)c2ccccc2)[PH](c2ccccc2)(c2ccccc2)c2ccccc2)cc1",
      "a71f49b9-7289-4a2b-9064-171a2c5b7a9c"
    ],
    [
      "c892e13c-2e17-4519-b3fc-4366912d2f4b",
      "CCN(c1cc(Br)cc(C(=O)NCc2c(C)cc(C)[nH]c2=O)c1C)C1CCOCC1"
    ],
    [
      "fb7f3b0d-1366-4462-8b11-33ce94bc02d2",
      "Clc1cc(Br)c2c(c1)CCc1cc(Br)cnc1C2=C1CCNCC1"
    ]
  ]
}