{
  "identifier": "7b360685-cc63-4c33-b365-98070bab708d",
  "chemical_reactions": [
    {
      "identifier": "962eec74-1730-4381-8d72-ec0dc7784926",
      "reactants": [
        {
          "identifier": "386199a5-59c9-4219-84c5-d0e03b693816",
          "smiles": "CC(N)=O",
          "state_of_matter": "LIQUID",
          "molecular_weight": 59.06719999999999,
          "density": 1.0,
          "mass": 0.590672,
          "is_produced_by": [],
          "is_consumed_by": [
            "962eec74-1730-4381-8d72-ec0dc7784926"
          ],
          "provenance__density": "dummy estimator based on mw",
          "provenance__is_consumed_by": null,
          "provenance__is_produced_by": null,
          "provenance__mass": null,
          "provenance__molecular_weight": "periodic table",
          "provenance__smiles": null,
          "provenance__state_of_matter": "dummy estimator based on mw"
        },
        {
          "identifier": "880f9509-d3c1-4e25-969f-540595a252a2",
          "smiles": "CNC(=O)c1nnc(Cl)cc1Nc1cccc(-c2ncn(C)n2)c1OC",
          "state_of_matter": "SOLID",
          "molecular_weight": 374.80488000000025,
          "density": 1.4,
          "mass": 3.7480488000000025,
          "is_produced_by": [],
          "is_consumed_by": [
            "962eec74-1730-4381-8d72-ec0dc7784926"
          ],
          "provenance__density": "dummy estimator based on mw",
          "provenance__is_consumed_by": null,
          "provenance__is_produced_by": null,
          "provenance__mass": null,
          "provenance__molecular_weight": "periodic table",
          "provenance__smiles": null,
          "provenance__state_of_matter": "dummy estimator based on mw"
        }
      ],
      "reagents": [
        {
          "identifier": "05920d08-eb02-449e-8756-2e7ecc94dbfb",
          "smiles": "C1COCCO1",
          "state_of_matter": "LIQUID",
          "molecular_weight": 88.10512000000004,
          "density": 1.0,
          "mass": 0.8810512000000005,
          "is_produced_by": [],
          "is_consumed_by": [
            "962eec74-1730-4381-8d72-ec0dc7784926"
          ],
          "provenance__density": "dummy estimator based on mw",
          "provenance__is_consumed_by": null,
          "provenance__is_produced_by": null,
          "provenance__mass": null,
          "provenance__molecular_weight": "periodic table",
          "provenance__smiles": null,
          "provenance__state_of_matter": "dummy estimator based on mw"
        },
        {
          "identifier": "868717d0-0549-4238-bad9-56300ca51bdc",
          "smiles": "[Pd]",
          "state_of_matter": "SOLID",
          "molecular_weight": 106.42,
          "density": 1.4,
          "mass": 1.0642,
          "is_produced_by": [],
          "is_consumed_by": [
            "962eec74-1730-4381-8d72-ec0dc7784926"
          ],
          "provenance__density": "dummy estimator based on mw",
          "provenance__is_consumed_by": null,
          "provenance__is_produced_by": null,
          "provenance__mass": null,
          "provenance__molecular_weight": "periodic table",
          "provenance__smiles": null,
          "provenance__state_of_matter": "dummy estimator based on mw"
        },
        {
          "identifier": "6d6e7ee7-e1fd-40bb-a4b3-5f8d2ed7993d",
          "smiles": "CC1(C)c2cccc(P(c3ccccc3)c3ccccc3)c2Oc2c(P(c3ccccc3)c3ccccc3)cccc21",
          "state_of_matter": "SOLID",
          "molecular_weight": 578.6183019999985,
          "density": 1.4,
          "mass": 5.786183019999985,
          "is_produced_by": [],
          "is_consumed_by": [
            "962eec74-1730-4381-8d72-ec0dc7784926"
          ],
          "provenance__density": "dummy estimator based on mw",
          "provenance__is_consumed_by": null,
          "provenance__is_produced_by": null,
          "provenance__mass": null,
          "provenance__molecular_weight": "periodic table",
          "provenance__smiles": null,
          "provenance__state_of_matter": "dummy estimator based on mw"
        },
        {
          "identifier": "f3381d14-8b9f-4f55-ac53-0a75fffbb6cd",
          "smiles": "O=C(O[Cs])O[Cs]",
          "state_of_matter": "SOLID",
          "molecular_weight": 325.8198,
          "density": 1.4,
          "mass": 3.258198,
          "is_produced_by": [],
          "is_consumed_by": [
            "962eec74-1730-4381-8d72-ec0dc7784926"
          ],
          "provenance__density": "dummy estimator based on mw",
          "provenance__is_consumed_by": null,
          "provenance__is_produced_by": null,
          "provenance__mass": null,
          "provenance__molecular_weight": "periodic table",
          "provenance__smiles": null,
          "provenance__state_of_matter": "dummy estimator based on mw"
        }
      ],
      "products": [
        {
          "identifier": "298e5b6c-2860-409a-a706-5651eff59634",
          "smiles": "CNC(=O)c1nnc(NC(C)=O)cc1Nc1cccc(-c2ncn(C)n2)c1OC",
          "state_of_matter": "SOLID",
          "molecular_weight": 397.41114000000033,
          "density": 1.4,
          "mass": 3.9741114000000035,
          "is_produced_by": [
            "962eec74-1730-4381-8d72-ec0dc7784926"
          ],
          "is_consumed_by": [],
          "provenance__density": "dummy estimator based on mw",
          "provenance__is_consumed_by": null,
          "provenance__is_produced_by": null,
          "provenance__mass": null,
          "provenance__molecular_weight": "periodic table",
          "provenance__smiles": null,
          "provenance__state_of_matter": "dummy estimator based on mw"
        }
      ],
      "stoichiometry": {
        "386199a5-59c9-4219-84c5-d0e03b693816": 1.0,
        "880f9509-d3c1-4e25-969f-540595a252a2": 1.0,
        "298e5b6c-2860-409a-a706-5651eff59634": -1.0
      },
      "temperature": 361.9062446594238,
      "intended_ratios": {
        "386199a5-59c9-4219-84c5-d0e03b693816": 1.0,
        "880f9509-d3c1-4e25-969f-540595a252a2": 1.0,
        "05920d08-eb02-449e-8756-2e7ecc94dbfb": 1.0,
        "868717d0-0549-4238-bad9-56300ca51bdc": 1.0,
        "6d6e7ee7-e1fd-40bb-a4b3-5f8d2ed7993d": 1.0,
        "f3381d14-8b9f-4f55-ac53-0a75fffbb6cd": 1.0
      },
      "expected_yields": {
        "298e5b6c-2860-409a-a706-5651eff59634": 1.0
      },
      "reaction_extent": 0.01
    },
    {
      "identifier": "b13c4533-3c5d-42fd-886f-6692073e9da5",
      "reactants": [
        {
          "identifier": "30877f08-bfc9-4984-8281-7bda2b64d671",
          "smiles": "CN",
          "state_of_matter": "LIQUID",
          "molecular_weight": 31.05710000000001,
          "density": 1.0,
          "mass": 0.3105710000000001,
          "is_produced_by": [],
          "is_consumed_by": [
            "b13c4533-3c5d-42fd-886f-6692073e9da5"
          ],
          "provenance__density": "dummy estimator based on mw",
          "provenance__is_consumed_by": null,
          "provenance__is_produced_by": null,
          "provenance__mass": null,
          "provenance__molecular_weight": "periodic table",
          "provenance__smiles": null,
          "provenance__state_of_matter": "dummy estimator based on mw"
        },
        {
          "identifier": "88c781ca-5079-4d2d-9aeb-c4f8195bec97",
          "smiles": "COC(=O)c1nnc(Cl)cc1Nc1cccc(-c2ncn(C)n2)c1OC",
          "state_of_matter": "SOLID",
          "molecular_weight": 375.7896400000002,
          "density": 1.4,
          "mass": 3.757896400000002,
          "is_produced_by": [],
          "is_consumed_by": [
            "b13c4533-3c5d-42fd-886f-6692073e9da5"
          ],
          "provenance__density": "dummy estimator based on mw",
          "provenance__is_consumed_by": null,
          "provenance__is_produced_by": null,
          "provenance__mass": null,
          "provenance__molecular_weight": "periodic table",
          "provenance__smiles": null,
          "provenance__state_of_matter": "dummy estimator based on mw"
        }
      ],
      "reagents": [
        {
          "identifier": "12323ef2-c918-4418-a0db-9621dbc7c68d",
          "smiles": "C1CCOC1",
          "state_of_matter": "LIQUID",
          "molecular_weight": 72.10572000000005,
          "density": 1.0,
          "mass": 0.7210572000000005,
          "is_produced_by": [],
          "is_consumed_by": [
            "b13c4533-3c5d-42fd-886f-6692073e9da5"
          ],
          "provenance__density": "dummy estimator based on mw",
          "provenance__is_consumed_by": null,
          "provenance__is_produced_by": null,
          "provenance__mass": null,
          "provenance__molecular_weight": "periodic table",
          "provenance__smiles": null,
          "provenance__state_of_matter": "dummy estimator based on mw"
        },
        {
          "identifier": "ee78e6e8-2cfa-4951-bb6b-8aaf22b0f5b9",
          "smiles": "[Li]N([Si](C)(C)C)[Si](C)(C)C",
          "state_of_matter": "SOLID",
          "molecular_weight": 167.3258199999998,
          "density": 1.4,
          "mass": 1.673258199999998,
          "is_produced_by": [],
          "is_consumed_by": [
            "b13c4533-3c5d-42fd-886f-6692073e9da5"
          ],
          "provenance__density": "dummy estimator based on mw",
          "provenance__is_consumed_by": null,
          "provenance__is_produced_by": null,
          "provenance__mass": null,
          "provenance__molecular_weight": "periodic table",
          "provenance__smiles": null,
          "provenance__state_of_matter": "dummy estimator based on mw"
        }
      ],
      "products": [
        {
          "identifier": "777a431a-5dc1-4e82-9b68-613152e0754d",
          "smiles": "CNC(=O)c1nnc(Cl)cc1Nc1cccc(-c2ncn(C)n2)c1OC",
          "state_of_matter": "SOLID",
          "molecular_weight": 374.80488000000025,
          "density": 1.4,
          "mass": 3.7480488000000025,
          "is_produced_by": [
            "b13c4533-3c5d-42fd-886f-6692073e9da5"
          ],
          "is_consumed_by": [],
          "provenance__density": "dummy estimator based on mw",
          "provenance__is_consumed_by": null,
          "provenance__is_produced_by": null,
          "provenance__mass": null,
          "provenance__molecular_weight": "periodic table",
          "provenance__smiles": null,
          "provenance__state_of_matter": "dummy estimator based on mw"
        }
      ],
      "stoichiometry": {
        "30877f08-bfc9-4984-8281-7bda2b64d671": 1.0,
        "88c781ca-5079-4d2d-9aeb-c4f8195bec97": 1.0,
        "777a431a-5dc1-4e82-9b68-613152e0754d": -1.0
      },
      "temperature": 235.2590293139219,
      "intended_ratios": {
        "30877f08-bfc9-4984-8281-7bda2b64d671": 1.0,
        "88c781ca-5079-4d2d-9aeb-c4f8195bec97": 1.0,
        "12323ef2-c918-4418-a0db-9621dbc7c68d": 1.0,
        "ee78e6e8-2cfa-4951-bb6b-8aaf22b0f5b9": 1.0
      },
      "expected_yields": {
        "777a431a-5dc1-4e82-9b68-613152e0754d": 1.0
      },
      "reaction_extent": 0.01
    },
    {
      "identifier": "3659554c-adfd-49b1-b2a6-c9d3083b1789",
      "reactants": [
        {
          "identifier": "f8ef4a7c-db92-4f95-a1e1-7092cd47b157",
          "smiles": "CN",
          "state_of_matter": "LIQUID",
          "molecular_weight": 31.05710000000001,
          "density": 1.0,
          "mass": 0.3105710000000001,
          "is_produced_by": [],
          "is_consumed_by": [
            "3659554c-adfd-49b1-b2a6-c9d3083b1789"
          ],
          "provenance__density": "dummy estimator based on mw",
          "provenance__is_consumed_by": null,
          "provenance__is_produced_by": null,
          "provenance__mass": null,
          "provenance__molecular_weight": "periodic table",
          "provenance__smiles": null,
          "provenance__state_of_matter": "dummy estimator based on mw"
        },
        {
          "identifier": "afba435a-0623-4194-8392-5d24f24aed9f",
          "smiles": "O=Cc1cc(-c2ccccc2F)n(S(=O)(=O)c2cccnc2)c1",
          "state_of_matter": "SOLID",
          "molecular_weight": 331.3414832000002,
          "density": 1.4,
          "mass": 3.313414832000002,
          "is_produced_by": [],
          "is_consumed_by": [
            "3659554c-adfd-49b1-b2a6-c9d3083b1789"
          ],
          "provenance__density": "dummy estimator based on mw",
          "provenance__is_consumed_by": null,
          "provenance__is_produced_by": null,
          "provenance__mass": null,
          "provenance__molecular_weight": "periodic table",
          "provenance__smiles": null,
          "provenance__state_of_matter": "dummy estimator based on mw"
        }
      ],
      "reagents": [
        {
          "identifier": "c255fa7c-7993-4182-8f6d-fd00ac5b5268",
          "smiles": "CO",
          "state_of_matter": "LIQUID",
          "molecular_weight": 32.04186000000001,
          "density": 1.0,
          "mass": 0.32041860000000005,
          "is_produced_by": [],
          "is_consumed_by": [
            "3659554c-adfd-49b1-b2a6-c9d3083b1789"
          ],
          "provenance__density": "dummy estimator based on mw",
          "provenance__is_consumed_by": null,
          "provenance__is_produced_by": null,
          "provenance__mass": null,
          "provenance__molecular_weight": "periodic table",
          "provenance__smiles": null,
          "provenance__state_of_matter": "dummy estimator based on mw"
        },
        {
          "identifier": "6e1d9075-a2c4-480f-a8e3-8d80a5375692",
          "smiles": "[BH4][Na]",
          "state_of_matter": "SOLID",
          "molecular_weight": 37.83252999999999,
          "density": 1.4,
          "mass": 0.3783252999999999,
          "is_produced_by": [],
          "is_consumed_by": [
            "3659554c-adfd-49b1-b2a6-c9d3083b1789"
          ],
          "provenance__density": "dummy estimator based on mw",
          "provenance__is_consumed_by": null,
          "provenance__is_produced_by": null,
          "provenance__mass": null,
          "provenance__molecular_weight": "periodic table",
          "provenance__smiles": null,
          "provenance__state_of_matter": "dummy estimator based on mw"
        },
        {
          "identifier": "78e33e68-c57f-4543-9b0f-8c30f2106635",
          "smiles": "O=C(O)O[Na]",
          "state_of_matter": "SOLID",
          "molecular_weight": 84.00661000000001,
          "density": 1.4,
          "mass": 0.8400661000000001,
          "is_produced_by": [],
          "is_consumed_by": [
            "3659554c-adfd-49b1-b2a6-c9d3083b1789"
          ],
          "provenance__density": "dummy estimator based on mw",
          "provenance__is_consumed_by": null,
          "provenance__is_produced_by": null,
          "provenance__mass": null,
          "provenance__molecular_weight": "periodic table",
          "provenance__smiles": null,
          "provenance__state_of_matter": "dummy estimator based on mw"
        }
      ],
      "products": [
        {
          "identifier": "e754f444-213a-4ca4-be49-749dad438d70",
          "smiles": "CNCc1cc(-c2ccccc2F)n(S(=O)(=O)c2cccnc2)c1",
          "state_of_matter": "SOLID",
          "molecular_weight": 346.39918320000027,
          "density": 1.4,
          "mass": 3.4639918320000027,
          "is_produced_by": [
            "3659554c-adfd-49b1-b2a6-c9d3083b1789"
          ],
          "is_consumed_by": [],
          "provenance__density": "dummy estimator based on mw",
          "provenance__is_consumed_by": null,
          "provenance__is_produced_by": null,
          "provenance__mass": null,
          "provenance__molecular_weight": "periodic table",
          "provenance__smiles": null,
          "provenance__state_of_matter": "dummy estimator based on mw"
        }
      ],
      "stoichiometry": {
        "f8ef4a7c-db92-4f95-a1e1-7092cd47b157": 1.0,
        "afba435a-0623-4194-8392-5d24f24aed9f": 1.0,
        "e754f444-213a-4ca4-be49-749dad438d70": -1.0
      },
      "temperature": 294.2666636824608,
      "intended_ratios": {
        "f8ef4a7c-db92-4f95-a1e1-7092cd47b157": 1.0,
        "afba435a-0623-4194-8392-5d24f24aed9f": 1.0,
        "c255fa7c-7993-4182-8f6d-fd00ac5b5268": 1.0,
        "6e1d9075-a2c4-480f-a8e3-8d80a5375692": 1.0,
        "78e33e68-c57f-4543-9b0f-8c30f2106635": 1.0
      },
      "expected_yields": {
        "e754f444-213a-4ca4-be49-749dad438d70": 1.0
      },
      "reaction_extent": 0.01
    },
    {
      "identifier": "664dd04c-8a82-4d24-9a4a-df0dc3724d40",
      "reactants": [
        {
          "identifier": "08116c4e-9c24-4ef1-8870-515922429b07",
          "smiles": "CNC(=O)c1nnc(N)cc1Nc1cccc(-c2ncn(C)n2)c1OC",
          "state_of_matter": "SOLID",
          "molecular_weight": 355.3744600000003,
          "density": 1.4,
          "mass": 3.553744600000003,
          "is_produced_by": [],
          "is_consumed_by": [
            "664dd04c-8a82-4d24-9a4a-df0dc3724d40"
          ],
          "provenance__density": "dummy estimator based on mw",
          "provenance__is_consumed_by": null,
          "provenance__is_produced_by": null,
          "provenance__mass": null,
          "provenance__molecular_weight": "periodic table",
          "provenance__smiles": null,
          "provenance__state_of_matter": "dummy estimator based on mw"
        },
        {
          "identifier": "593013f4-3481-4b13-b9b1-eea468b86687",
          "smiles": "O=C(O)C1CC1",
          "state_of_matter": "LIQUID",
          "molecular_weight": 86.08924000000003,
          "density": 1.0,
          "mass": 0.8608924000000003,
          "is_produced_by": [],
          "is_consumed_by": [
            "664dd04c-8a82-4d24-9a4a-df0dc3724d40"
          ],
          "provenance__density": "dummy estimator based on mw",
          "provenance__is_consumed_by": null,
          "provenance__is_produced_by": null,
          "provenance__mass": null,
          "provenance__molecular_weight": "periodic table",
          "provenance__smiles": null,
          "provenance__state_of_matter": "dummy estimator based on mw"
        }
      ],
      "reagents": [
        {
          "identifier": "8365dd9d-65aa-4f94-98bc-31bd74aa9d8d",
          "smiles": "CN(C)C=O",
          "state_of_matter": "LIQUID",
          "molecular_weight": 73.09378000000004,
          "density": 1.0,
          "mass": 0.7309378000000004,
          "is_produced_by": [],
          "is_consumed_by": [
            "664dd04c-8a82-4d24-9a4a-df0dc3724d40"
          ],
          "provenance__density": "dummy estimator based on mw",
          "provenance__is_consumed_by": null,
          "provenance__is_produced_by": null,
          "provenance__mass": null,
          "provenance__molecular_weight": "periodic table",
          "provenance__smiles": null,
          "provenance__state_of_matter": "dummy estimator based on mw"
        },
        {
          "identifier": "2c6f5e3f-7635-4646-b82c-0d3fff264f72",
          "smiles": "CN(C)C(On1nnc2cccnc21)=[N+](C)C.F[P-](F)(F)(F)(F)F",
          "state_of_matter": "SOLID",
          "molecular_weight": 381.2378202000002,
          "density": 1.4,
          "mass": 3.8123782020000023,
          "is_produced_by": [],
          "is_consumed_by": [
            "664dd04c-8a82-4d24-9a4a-df0dc3724d40"
          ],
          "provenance__density": "dummy estimator based on mw",
          "provenance__is_consumed_by": null,
          "provenance__is_produced_by": null,
          "provenance__mass": null,
          "provenance__molecular_weight": "periodic table",
          "provenance__smiles": null,
          "provenance__state_of_matter": "dummy estimator based on mw"
        },
        {
          "identifier": "9f3232c1-dc26-4324-8cf6-81ae00bf2882",
          "smiles": "CCN(C(C)C)C(C)C",
          "state_of_matter": "LIQUID",
          "molecular_weight": 129.24316000000007,
          "density": 1.0,
          "mass": 1.2924316000000007,
          "is_produced_by": [],
          "is_consumed_by": [
            "664dd04c-8a82-4d24-9a4a-df0dc3724d40"
          ],
          "provenance__density": "dummy estimator based on mw",
          "provenance__is_consumed_by": null,
          "provenance__is_produced_by": null,
          "provenance__mass": null,
          "provenance__molecular_weight": "periodic table",
          "provenance__smiles": null,
          "provenance__state_of_matter": "dummy estimator based on mw"
        }
      ],
      "products": [
        {
          "identifier": "1e053160-315a-4673-a6ef-f54293dcac8b",
          "smiles": "CNC(=O)c1nnc(NC(=O)C2CC2)cc1Nc1cccc(-c2ncn(C)n2)c1OC",
          "state_of_matter": "SOLID",
          "molecular_weight": 423.44842000000034,
          "density": 1.4,
          "mass": 4.234484200000003,
          "is_produced_by": [
            "664dd04c-8a82-4d24-9a4a-df0dc3724d40"
          ],
          "is_consumed_by": [],
          "provenance__density": "dummy estimator based on mw",
          "provenance__is_consumed_by": null,
          "provenance__is_produced_by": null,
          "provenance__mass": null,
          "provenance__molecular_weight": "periodic table",
          "provenance__smiles": null,
          "provenance__state_of_matter": "dummy estimator based on mw"
        }
      ],
      "stoichiometry": {
        "08116c4e-9c24-4ef1-8870-515922429b07": 1.0,
        "593013f4-3481-4b13-b9b1-eea468b86687": 1.0,
        "1e053160-315a-4673-a6ef-f54293dcac8b": -1.0
      },
      "temperature": 292.6367393374443,
      "intended_ratios": {
        "08116c4e-9c24-4ef1-8870-515922429b07": 1.0,
        "593013f4-3481-4b13-b9b1-eea468b86687": 1.0,
        "8365dd9d-65aa-4f94-98bc-31bd74aa9d8d": 1.0,
        "2c6f5e3f-7635-4646-b82c-0d3fff264f72": 1.0,
        "9f3232c1-dc26-4324-8cf6-81ae00bf2882": 1.0
      },
      "expected_yields": {
        "1e053160-315a-4673-a6ef-f54293dcac8b": 1.0
      },
      "reaction_extent": 0.01
    },
    {
      "identifier": "28913a3f-1d7c-4ace-8d2f-5afa8554b108",
      "reactants": [
        {
          "identifier": "515ceece-25e8-4fbb-9776-47eaecbbc631",
          "smiles": "CNC(=O)c1nnc(NC(C)=O)cc1Nc1cccc(-c2ncn(C)n2)c1OC",
          "state_of_matter": "SOLID",
          "molecular_weight": 397.41114000000033,
          "density": 1.4,
          "mass": 3.9741114000000035,
          "is_produced_by": [],
          "is_consumed_by": [
            "28913a3f-1d7c-4ace-8d2f-5afa8554b108"
          ],
          "provenance__density": "dummy estimator based on mw",
          "provenance__is_consumed_by": null,
          "provenance__is_produced_by": null,
          "provenance__mass": null,
          "provenance__molecular_weight": "periodic table",
          "provenance__smiles": null,
          "provenance__state_of_matter": "dummy estimator based on mw"
        }
      ],
      "reagents": [
        {
          "identifier": "4c9a0075-cfbc-4545-9a7d-590882f182e9",
          "smiles": "CO",
          "state_of_matter": "LIQUID",
          "molecular_weight": 32.04186000000001,
          "density": 1.0,
          "mass": 0.32041860000000005,
          "is_produced_by": [],
          "is_consumed_by": [
            "28913a3f-1d7c-4ace-8d2f-5afa8554b108"
          ],
          "provenance__density": "dummy estimator based on mw",
          "provenance__is_consumed_by": null,
          "provenance__is_produced_by": null,
          "provenance__mass": null,
          "provenance__molecular_weight": "periodic table",
          "provenance__smiles": null,
          "provenance__state_of_matter": "dummy estimator based on mw"
        }
      ],
      "products": [
        {
          "identifier": "8ebdc656-5197-4d4f-90e3-5da0e69fdd52",
          "smiles": "CNC(=O)c1nnc(N)cc1Nc1cccc(-c2ncn(C)n2)c1OC",
          "state_of_matter": "SOLID",
          "molecular_weight": 355.3744600000003,
          "density": 1.4,
          "mass": 3.553744600000003,
          "is_produced_by": [
            "28913a3f-1d7c-4ace-8d2f-5afa8554b108"
          ],
          "is_consumed_by": [],
          "provenance__density": "dummy estimator based on mw",
          "provenance__is_consumed_by": null,
          "provenance__is_produced_by": null,
          "provenance__mass": null,
          "provenance__molecular_weight": "periodic table",
          "provenance__smiles": null,
          "provenance__state_of_matter": "dummy estimator based on mw"
        }
      ],
      "stoichiometry": {
        "515ceece-25e8-4fbb-9776-47eaecbbc631": 1.0,
        "8ebdc656-5197-4d4f-90e3-5da0e69fdd52": -1.0
      },
      "temperature": 300.69668526649474,
      "intended_ratios": {
        "515ceece-25e8-4fbb-9776-47eaecbbc631": 1.0,
        "4c9a0075-cfbc-4545-9a7d-590882f182e9": 1.0
      },
      "expected_yields": {
        "8ebdc656-5197-4d4f-90e3-5da0e69fdd52": 1.0
      },
      "reaction_extent": 0.01
    },
    {
      "identifier": "0e47ed76-d576-48fd-8bb7-1c51fcb0f29f",
      "reactants": [
        {
          "identifier": "77319966-6c4e-4a63-9c28-4923821673d8",
          "smiles": "COC(=O)c1nnc(Cl)cc1Cl",
          "state_of_matter": "SOLID",
          "molecular_weight": 207.01415999999992,
          "density": 1.4,
          "mass": 2.070141599999999,
          "is_produced_by": [],
          "is_consumed_by": [
            "0e47ed76-d576-48fd-8bb7-1c51fcb0f29f"
          ],
          "provenance__density": "dummy estimator based on mw",
          "provenance__is_consumed_by": null,
          "provenance__is_produced_by": null,
          "provenance__mass": null,
          "provenance__molecular_weight": "periodic table",
          "provenance__smiles": null,
          "provenance__state_of_matter": "dummy estimator based on mw"
        },
        {
          "identifier": "664791fc-9c0e-49b9-85fa-0880be619c63",
          "smiles": "COc1c(N)cccc1-c1ncn(C)n1",
          "state_of_matter": "SOLID",
          "molecular_weight": 205.2364199999999,
          "density": 1.4,
          "mass": 2.052364199999999,
          "is_produced_by": [],
          "is_consumed_by": [
            "0e47ed76-d576-48fd-8bb7-1c51fcb0f29f"
          ],
          "provenance__density": "dummy estimator based on mw",
          "provenance__is_consumed_by": null,
          "provenance__is_produced_by": null,
          "provenance__mass": null,
          "provenance__molecular_weight": "periodic table",
          "provenance__smiles": null,
          "provenance__state_of_matter": "dummy estimator based on mw"
        }
      ],
      "reagents": [
        {
          "identifier": "d4f31be6-6a85-471d-942e-162950e76a46",
          "smiles": "C1CCOC1",
          "state_of_matter": "LIQUID",
          "molecular_weight": 72.10572000000005,
          "density": 1.0,
          "mass": 0.7210572000000005,
          "is_produced_by": [],
          "is_consumed_by": [
            "0e47ed76-d576-48fd-8bb7-1c51fcb0f29f"
          ],
          "provenance__density": "dummy estimator based on mw",
          "provenance__is_consumed_by": null,
          "provenance__is_produced_by": null,
          "provenance__mass": null,
          "provenance__molecular_weight": "periodic table",
          "provenance__smiles": null,
          "provenance__state_of_matter": "dummy estimator based on mw"
        },
        {
          "identifier": "53112baa-1b9f-4de4-8433-d44c6fc3cc0c",
          "smiles": "[Li]N([Si](C)(C)C)[Si](C)(C)C",
          "state_of_matter": "SOLID",
          "molecular_weight": 167.3258199999998,
          "density": 1.4,
          "mass": 1.673258199999998,
          "is_produced_by": [],
          "is_consumed_by": [
            "0e47ed76-d576-48fd-8bb7-1c51fcb0f29f"
          ],
          "provenance__density": "dummy estimator based on mw",
          "provenance__is_consumed_by": null,
          "provenance__is_produced_by": null,
          "provenance__mass": null,
          "provenance__molecular_weight": "periodic table",
          "provenance__smiles": null,
          "provenance__state_of_matter": "dummy estimator based on mw"
        }
      ],
      "products": [
        {
          "identifier": "88175a2b-90bb-4fb7-919f-382937c172b3",
          "smiles": "COC(=O)c1nnc(Cl)cc1Nc1cccc(-c2ncn(C)n2)c1OC",
          "state_of_matter": "SOLID",
          "molecular_weight": 375.7896400000002,
          "density": 1.4,
          "mass": 3.757896400000002,
          "is_produced_by": [
            "0e47ed76-d576-48fd-8bb7-1c51fcb0f29f"
          ],
          "is_consumed_by": [],
          "provenance__density": "dummy estimator based on mw",
          "provenance__is_consumed_by": null,
          "provenance__is_produced_by": null,
          "provenance__mass": null,
          "provenance__molecular_weight": "periodic table",
          "provenance__smiles": null,
          "provenance__state_of_matter": "dummy estimator based on mw"
        }
      ],
      "stoichiometry": {
        "77319966-6c4e-4a63-9c28-4923821673d8": 1.0,
        "664791fc-9c0e-49b9-85fa-0880be619c63": 1.0,
        "88175a2b-90bb-4fb7-919f-382937c172b3": -1.0
      },
      "temperature": 277.9126183569431,
      "intended_ratios": {
        "77319966-6c4e-4a63-9c28-4923821673d8": 1.0,
        "664791fc-9c0e-49b9-85fa-0880be619c63": 1.0,
        "d4f31be6-6a85-471d-942e-162950e76a46": 1.0,
        "53112baa-1b9f-4de4-8433-d44c6fc3cc0c": 1.0
      },
      "expected_yields": {
        "88175a2b-90bb-4fb7-919f-382937c172b3": 1.0
      },
      "reaction_extent": 0.01
    },
    {
      "identifier": "2a7a8b90-f848-49d2-bfcd-8d0cd3a02685",
      "reactants": [
        {
          "identifier": "78adc147-987c-4238-8f0f-443ac68559d1",
          "smiles": "O=Cc1c[nH]c(-c2ccccc2F)c1",
          "state_of_matter": "LIQUID",
          "molecular_weight": 189.18572319999987,
          "density": 1.0,
          "mass": 1.8918572319999987,
          "is_produced_by": [],
          "is_consumed_by": [
            "2a7a8b90-f848-49d2-bfcd-8d0cd3a02685"
          ],
          "provenance__density": "dummy estimator based on mw",
          "provenance__is_consumed_by": null,
          "provenance__is_produced_by": null,
          "provenance__mass": null,
          "provenance__molecular_weight": "periodic table",
          "provenance__smiles": null,
          "provenance__state_of_matter": "dummy estimator based on mw"
        },
        {
          "identifier": "3b412b97-4d53-41f6-904d-20ce078df754",
          "smiles": "O=S(=O)(Cl)c1cccnc1",
          "state_of_matter": "LIQUID",
          "molecular_weight": 177.60875999999996,
          "density": 1.0,
          "mass": 1.7760875999999997,
          "is_produced_by": [],
          "is_consumed_by": [
            "2a7a8b90-f848-49d2-bfcd-8d0cd3a02685"
          ],
          "provenance__density": "dummy estimator based on mw",
          "provenance__is_consumed_by": null,
          "provenance__is_produced_by": null,
          "provenance__mass": null,
          "provenance__molecular_weight": "periodic table",
          "provenance__smiles": null,
          "provenance__state_of_matter": "dummy estimator based on mw"
        }
      ],
      "reagents": [
        {
          "identifier": "f6823477-95a5-4c43-acd6-b3840a07ae69",
          "smiles": "C1CCOC1",
          "state_of_matter": "LIQUID",
          "molecular_weight": 72.10572000000005,
          "density": 1.0,
          "mass": 0.7210572000000005,
          "is_produced_by": [],
          "is_consumed_by": [
            "2a7a8b90-f848-49d2-bfcd-8d0cd3a02685"
          ],
          "provenance__density": "dummy estimator based on mw",
          "provenance__is_consumed_by": null,
          "provenance__is_produced_by": null,
          "provenance__mass": null,
          "provenance__molecular_weight": "periodic table",
          "provenance__smiles": null,
          "provenance__state_of_matter": "dummy estimator based on mw"
        },
        {
          "identifier": "3998278f-9306-414a-89ba-2b37dfda9b29",
          "smiles": "[Na]Cl",
          "state_of_matter": "SOLID",
          "molecular_weight": 58.44277,
          "density": 1.4,
          "mass": 0.5844277,
          "is_produced_by": [],
          "is_consumed_by": [
            "2a7a8b90-f848-49d2-bfcd-8d0cd3a02685"
          ],
          "provenance__density": "dummy estimator based on mw",
          "provenance__is_consumed_by": null,
          "provenance__is_produced_by": null,
          "provenance__mass": null,
          "provenance__molecular_weight": "periodic table",
          "provenance__smiles": null,
          "provenance__state_of_matter": "dummy estimator based on mw"
        },
        {
          "identifier": "cf0fccf1-6e8f-4ad8-8b48-e095745bc6c4",
          "smiles": "[NaH]",
          "state_of_matter": "SOLID",
          "molecular_weight": 23.99771,
          "density": 1.4,
          "mass": 0.23997710000000003,
          "is_produced_by": [],
          "is_consumed_by": [
            "2a7a8b90-f848-49d2-bfcd-8d0cd3a02685"
          ],
          "provenance__density": "dummy estimator based on mw",
          "provenance__is_consumed_by": null,
          "provenance__is_produced_by": null,
          "provenance__mass": null,
          "provenance__molecular_weight": "periodic table",
          "provenance__smiles": null,
          "provenance__state_of_matter": "dummy estimator based on mw"
        },
        {
          "identifier": "f7f77fe9-ffbd-4d3d-8170-a12d162f50cf",
          "smiles": "C1COCCOCCOCCOCCO1",
          "state_of_matter": "SOLID",
          "molecular_weight": 220.26279999999983,
          "density": 1.4,
          "mass": 2.2026279999999985,
          "is_produced_by": [],
          "is_consumed_by": [
            "2a7a8b90-f848-49d2-bfcd-8d0cd3a02685"
          ],
          "provenance__density": "dummy estimator based on mw",
          "provenance__is_consumed_by": null,
          "provenance__is_produced_by": null,
          "provenance__mass": null,
          "provenance__molecular_weight": "periodic table",
          "provenance__smiles": null,
          "provenance__state_of_matter": "dummy estimator based on mw"
        }
      ],
      "products": [
        {
          "identifier": "afa4c373-507f-434b-b9d8-ebf84d5db4bb",
          "smiles": "O=Cc1cc(-c2ccccc2F)n(S(=O)(=O)c2cccnc2)c1",
          "state_of_matter": "SOLID",
          "molecular_weight": 331.3414832000002,
          "density": 1.4,
          "mass": 3.313414832000002,
          "is_produced_by": [
            "2a7a8b90-f848-49d2-bfcd-8d0cd3a02685"
          ],
          "is_consumed_by": [],
          "provenance__density": "dummy estimator based on mw",
          "provenance__is_consumed_by": null,
          "provenance__is_produced_by": null,
          "provenance__mass": null,
          "provenance__molecular_weight": "periodic table",
          "provenance__smiles": null,
          "provenance__state_of_matter": "dummy estimator based on mw"
        }
      ],
      "stoichiometry": {
        "78adc147-987c-4238-8f0f-443ac68559d1": 1.0,
        "3b412b97-4d53-41f6-904d-20ce078df754": 1.0,
        "afa4c373-507f-434b-b9d8-ebf84d5db4bb": -1.0
      },
      "temperature": 289.642726957798,
      "intended_ratios": {
        "78adc147-987c-4238-8f0f-443ac68559d1": 1.0,
        "3b412b97-4d53-41f6-904d-20ce078df754": 1.0,
        "f6823477-95a5-4c43-acd6-b3840a07ae69": 1.0,
        "3998278f-9306-414a-89ba-2b37dfda9b29": 1.0,
        "cf0fccf1-6e8f-4ad8-8b48-e095745bc6c4": 1.0,
        "f7f77fe9-ffbd-4d3d-8170-a12d162f50cf": 1.0
      },
      "expected_yields": {
        "afa4c373-507f-434b-b9d8-ebf84d5db4bb": 1.0
      },
      "reaction_extent": 0.01
    }
  ],
  "molecular_nodes": [
    "C1CCOC1",
    "C1COCCO1",
    "C1COCCOCCOCCOCCO1",
    "CC(N)=O",
    "CC1(C)c2cccc(P(c3ccccc3)c3ccccc3)c2Oc2c(P(c3ccccc3)c3ccccc3)cccc21",
    "CCN(C(C)C)C(C)C",
    "CN",
    "CN(C)C(On1nnc2cccnc21)=[N+](C)C.F[P-](F)(F)(F)(F)F",
    "CN(C)C=O",
    "CNC(=O)c1nnc(Cl)cc1Nc1cccc(-c2ncn(C)n2)c1OC",
    "CNC(=O)c1nnc(N)cc1Nc1cccc(-c2ncn(C)n2)c1OC",
    "CNC(=O)c1nnc(NC(=O)C2CC2)cc1Nc1cccc(-c2ncn(C)n2)c1OC",
    "CNC(=O)c1nnc(NC(C)=O)cc1Nc1cccc(-c2ncn(C)n2)c1OC",
    "CNCc1cc(-c2ccccc2F)n(S(=O)(=O)c2cccnc2)c1",
    "CO",
    "COC(=O)c1nnc(Cl)cc1Cl",
    "COC(=O)c1nnc(Cl)cc1Nc1cccc(-c2ncn(C)n2)c1OC",
    "COc1c(N)cccc1-c1ncn(C)n1",
    "O=C(O)C1CC1",
    "O=C(O)O[Na]",
    "O=C(O[Cs])O[Cs]",
    "O=Cc1c[nH]c(-c2ccccc2F)c1",
    "O=Cc1cc(-c2ccccc2F)n(S(=O)(=O)c2cccnc2)c1",
    "O=S(=O)(Cl)c1cccnc1",
    "[BH4][Na]",
    "[Li]N([Si](C)(C)C)[Si](C)(C)C",
    "[NaH]",
    "[Na]Cl",
    "[Pd]"
  ],
  "edges": [
    [
      "0e47ed76-d576-48fd-8bb7-1c51fcb0f29f",
      "COC(=O)c1nnc(Cl)cc1Nc1cccc(-c2ncn(C)n2)c1OC"
    ],
    [
      "28913a3f-1d7c-4ace-8d2f-5afa8554b108",
      "CNC(=O)c1nnc(N)cc1Nc1cccc(-c2ncn(C)n2)c1OC"
    ],
    [
      "2a7a8b90-f848-49d2-bfcd-8d0cd3a02685",
      "O=Cc1cc(-c2ccccc2F)n(S(=O)(=O)c2cccnc2)c1"
    ],
    [
      "3659554c-adfd-49b1-b2a6-c9d3083b1789",
      "CNCc1cc(-c2ccccc2F)n(S(=O)(=O)c2cccnc2)c1"
    ],
    [
      "664dd04c-8a82-4d24-9a4a-df0dc3724d40",
      "CNC(=O)c1nnc(NC(=O)C2CC2)cc1Nc1cccc(-c2ncn(C)n2)c1OC"
    ],
    [
      "962eec74-1730-4381-8d72-ec0dc7784926",
      "CNC(=O)c1nnc(NC(C)=O)cc1Nc1cccc(-c2ncn(C)n2)c1OC"
    ],
    [
      "C1CCOC1",
      "0e47ed76-d576-48fd-8bb7-1c51fcb0f29f"
    ],
    [
      "C1CCOC1",
      "2a7a8b90-f848-49d2-bfcd-8d0cd3a02685"
    ],
    [
      "C1CCOC1",
      "b13c4533-3c5d-42fd-886f-6692073e9da5"
    ],
    [
      "C1COCCO1",
      "962eec74-1730-4381-8d72-ec0dc7784926"
    ],
    [
      "C1COCCOCCOCCOCCO1",
      "2a7a8b90-f848-49d2-bfcd-8d0cd3a02685"
    ],
    [
      "CC(N)=O",
      "962eec74-1730-4381-8d72-ec0dc7784926"
    ],
    [
      "CC1(C)c2cccc(P(c3ccccc3)c3ccccc3)c2Oc2c(P(c3ccccc3)c3ccccc3)cccc21",
      "962eec74-1730-4381-8d72-ec0dc7784926"
    ],
    [
      "CCN(C(C)C)C(C)C",
      "664dd04c-8a82-4d24-9a4a-df0dc3724d40"
    ],
    [
      "CN",
      "3659554c-adfd-49b1-b2a6-c9d3083b1789"
    ],
    [
      "CN",
      "b13c4533-3c5d-42fd-886f-6692073e9da5"
    ],
    [
      "CN(C)C(On1nnc2cccnc21)=[N+](C)C.F[P-](F)(F)(F)(F)F",
      "664dd04c-8a82-4d24-9a4a-df0dc3724d40"
    ],
    [
      "CN(C)C=O",
      "664dd04c-8a82-4d24-9a4a-df0dc3724d40"
    ],
    [
      "CNC(=O)c1nnc(Cl)cc1Nc1cccc(-c2ncn(C)n2)c1OC",
      "962eec74-1730-4381-8d72-ec0dc7784926"
    ],
    [
      "CNC(=O)c1nnc(N)cc1Nc1cccc(-c2ncn(C)n2)c1OC",
      "664dd04c-8a82-4d24-9a4a-df0dc3724d40"
    ],
    [
      "CNC(=O)c1nnc(NC(C)=O)cc1Nc1cccc(-c2ncn(C)n2)c1OC",
      "28913a3f-1d7c-4ace-8d2f-5afa8554b108"
    ],
    [
      "CO",
      "28913a3f-1d7c-4ace-8d2f-5afa8554b108"
    ],
    [
      "CO",
      "3659554c-adfd-49b1-b2a6-c9d3083b1789"
    ],
    [
      "COC(=O)c1nnc(Cl)cc1Cl",
      "0e47ed76-d576-48fd-8bb7-1c51fcb0f29f"
    ],
    [
      "COC(=O)c1nnc(Cl)cc1Nc1cccc(-c2ncn(C)n2)c1OC",
      "b13c4533-3c5d-42fd-886f-6692073e9da5"
    ],
    [
      "COc1c(N)cccc1-c1ncn(C)n1",
      "0e47ed76-d576-48fd-8bb7-1c51fcb0f29f"
    ],
    [
      "O=C(O)C1CC1",
      "664dd04c-8a82-4d24-9a4a-df0dc3724d40"
    ],
    [
      "O=C(O)O[Na]",
      "3659554c-adfd-49b1-b2a6-c9d3083b1789"
    ],
    [
      "O=C(O[Cs])O[Cs]",
      "962eec74-1730-4381-8d72-ec0dc7784926"
    ],
    [
      "O=Cc1c[nH]c(-c2ccccc2F)c1",
      "2a7a8b90-f848-49d2-bfcd-8d0cd3a02685"
    ],
    [
      "O=Cc1cc(-c2ccccc2F)n(S(=O)(=O)c2cccnc2)c1",
      "3659554c-adfd-49b1-b2a6-c9d3083b1789"
    ],
    [
      "O=S(=O)(Cl)c1cccnc1",
      "2a7a8b90-f848-49d2-bfcd-8d0cd3a02685"
    ],
    [
      "[BH4][Na]",
      "3659554c-adfd-49b1-b2a6-c9d3083b1789"
    ],
    [
      "[Li]N([Si](C)(C)C)[Si](C)(C)C",
      "0e47ed76-d576-48fd-8bb7-1c51fcb0f29f"
    ],
    [
      "[Li]N([Si](C)(C)C)[Si](C)(C)C",
      "b13c4533-3c5d-42fd-886f-6692073e9da5"
    ],
    [
      "[NaH]",
      "2a7a8b90-f848-49d2-bfcd-8d0cd3a02685"
    ],
    [
      "[Na]Cl",
      "2a7a8b90-f848-49d2-bfcd-8d0cd3a02685"
    ],
    [
      "[Pd]",
      "962eec74-1730-4381-8d72-ec0dc7784926"
    ],
    [
      "b13c4533-3c5d-42fd-886f-6692073e9da5",
      "CNC(=O)c1nnc(Cl)cc1Nc1cccc(-c2ncn(C)n2)c1OC"
    ]
  ]
}